method,query_kind,adapters,predicted_score,heldout_score,feasible,predicted_weights,heldout_weights,coefficient_regret,margins,obstructing_tasks,certificate_type,grid_points,primal_upper,dual_lower,certificate_gap,dual_weights,certificate_message,psd_projected,quadratic_min_eigenvalue,quadratic_psd_adjustment,error,source_run,slice_id
dare_ties,pair,brainstorming+company,14.773530888555804,5.49166507720944,0,"[0.7640001334740761, 0.23599986652592386]","[0.8, 0.2]",0.0,"{""brainstorming"": 0.48420124053958347, ""company"": -5.49166507720944}",company,continuous_primal_dual_psd,4,14.773530888555804,14.773530888555804,0.0,"[1.0, 0.0]",primal=Optimization terminated successfully; dual=outer=Optimization terminated successfully; inner=Optimization terminated successfully,0,180.92095851898193,0.0,,tiny12_dare_ties_20260503_contcert1,tiny12
dare_ties,pair,brainstorming+creative,10.854569149017292,7.7436358451842935,0,"[0.8, 0.19999999999999996]","[0.8, 0.2]",0.0,"{""brainstorming"": -3.8636238098144204, ""creative"": -7.7436358451842935}",creative,continuous_primal_dual_psd,4,10.854569149017292,10.854569149017292,0.0,"[1.0, 0.0]",primal=Optimization terminated successfully; dual=outer=Optimization terminated successfully; inner=Optimization terminated successfully,0,32.07206726074213,0.0,,tiny12_dare_ties_20260503_contcert1,tiny12
dare_ties,pair,brainstorming+docker,70.15535872536404,22.902372550964323,0,"[0.2674937654050634, 0.7325062345949366]","[0.8, 0.2]",43.82164478302001,"{""brainstorming"": -17.287519645690885, ""docker"": -22.902372550964323}",docker,continuous_primal_dual_psd,4,70.15535872536404,70.15535872529576,6.828315690654563e-11,"[0.24912228407592868, 0.7508777159240714]",primal=Positive directional derivative for linesearch; dual=outer=Optimization terminated successfully; inner=Optimization terminated successfully,1,-253.3704042434692,253.3704042434692,,tiny12_dare_ties_20260503_contcert1,tiny12
dare_ties,pair,brainstorming+gsm8k,6.0973604868417866,9.65590782165524,0,"[0.525756457610026, 0.474243542389974]","[0.4, 0.6]",13.197970390319824,"{""brainstorming"": -9.65590782165524, ""gsm8k"": 27.39715270996097}",brainstorming,continuous_primal_dual_psd,4,6.0973604868417866,6.0973604868417866,0.0,"[1.0, 0.0]",primal=Optimization terminated successfully; dual=outer=Optimization terminated successfully; inner=Optimization terminated successfully,0,154.2468369007111,0.0,,tiny12_dare_ties_20260503_contcert1,tiny12
dare_ties,pair,brainstorming+textsql,7.085356753809459,4.721716117858854,0,"[0.49636425936295897, 0.5036357406370411]","[0.8, 0.2]",17.740273475646973,"{""brainstorming"": -4.721716117858854, ""textsql"": -0.7061909184506767}",brainstorming,continuous_primal_dual_psd,4,7.085356753809459,7.085356753809459,0.0,"[1.0, 0.0]",primal=Optimization terminated successfully; dual=outer=Optimization terminated successfully; inner=Optimization terminated successfully,0,0.8522823340172653,0.0,,tiny12_dare_ties_20260503_contcert1,tiny12
dare_ties,pair,colorist+brainstorming,23.52234907150266,15.310958099365202,0,"[0.2, 0.8]","[0.2, 0.8]",0.0,"{""brainstorming"": -15.310958099365202, ""colorist"": -12.314453792571989}",brainstorming,continuous_primal_dual_psd,4,23.52234907150266,23.52234907150266,0.0,"[0.0, 1.0]",primal=Optimization terminated successfully; dual=outer=Optimization terminated successfully; inner=Optimization terminated successfully,1,-264.2114460468292,264.2114460468292,,tiny12_dare_ties_20260503_contcert1,tiny12
dare_ties,pair,colorist+company,15.892539009001148,8.916798305511442,0,"[0.44614175157329294, 0.5538582484267071]","[0.4, 0.6]",0.0,"{""colorist"": -8.916798305511442, ""company"": -7.528892230987516}",colorist,continuous_primal_dual_psd,4,15.892539009001148,15.892539009001148,0.0,"[0.0, 1.0]",primal=Optimization terminated successfully; dual=outer=Optimization terminated successfully; inner=Optimization terminated successfully,0,175.17894506454454,0.0,,tiny12_dare_ties_20260503_contcert1,tiny12
dare_ties,pair,colorist+creative,7.211787266700456,5.644503307342497,0,"[0.25238971778701735, 0.7476102822129826]","[0.4, 0.6]",7.506084442138672,"{""colorist"": -5.644503307342497, ""creative"": 0.5391805648804038}",colorist,continuous_primal_dual_psd,4,7.211787266700456,7.211787266700456,0.0,"[1.0, 0.0]",primal=Optimization terminated successfully; dual=outer=Optimization terminated successfully; inner=Optimization terminated successfully,0,140.4017210006713,0.0,,tiny12_dare_ties_20260503_contcert1,tiny12
dare_ties,pair,colorist+docker,42.66976532426675,39.564386081695524,0,"[0.5016233011661403, 0.4983766988338597]","[0.6, 0.4]",0.0,"{""colorist"": -39.564386081695524, ""docker"": -27.783337306976286}",colorist,continuous_primal_dual_psd,4,42.66976532426675,42.669765324263096,3.652189661806915e-12,"[0.0, 1.0]",primal=Optimization terminated successfully; dual=outer=Optimization terminated successfully; inner=Optimization terminated successfully,0,551.1641502380368,0.0,,tiny12_dare_ties_20260503_contcert1,tiny12
dare_ties,pair,colorist+empathy,-0.3292235949147223,-0.3755300521850913,1,"[0.36971578794962895, 0.6302842120503711]","[0.4, 0.6]",0.0,"{""colorist"": 0.3755300521850913, ""empathy"": 0.40046173832879506}",colorist,continuous_primal_dual_psd,4,-0.3292235949147223,-0.3292235949147223,0.0,"[0.0, 1.0]",primal=Optimization terminated successfully; dual=outer=Optimization terminated successfully; inner=Optimization terminated successfully,0,9.0030745013529,0.0,,tiny12_dare_ties_20260503_contcert1,tiny12
dare_ties,pair,colorist+energy,21.993126417856736,22.59756631851193,0,"[0.4639746043295619, 0.5360253956704382]","[0.6, 0.4]",4.649317264556885,"{""colorist"": -6.480637264251676, ""energy"": -22.59756631851193}",energy,continuous_primal_dual_psd,4,21.993126417856736,21.993126417856736,0.0,"[0.0, 1.0]",primal=Optimization terminated successfully; dual=outer=Optimization terminated successfully; inner=Optimization terminated successfully,0,35.119056701660064,0.0,,tiny12_dare_ties_20260503_contcert1,tiny12
dare_ties,pair,colorist+flex,43.04897705652027,14.032259654998747,0,"[0.6762215983921238, 0.3237784016078762]","[0.6, 0.4]",0.0,"{""colorist"": -5.944791507720915, ""flex"": -14.032259654998747}",flex,continuous_primal_dual_psd,4,43.04897705652027,43.04897705652027,0.0,"[0.0, 1.0]",primal=Optimization terminated successfully; dual=outer=Optimization terminated successfully; inner=Optimization terminated successfully,0,79.19728755950929,0.0,,tiny12_dare_ties_20260503_contcert1,tiny12
dare_ties,pair,colorist+gsm8k,3.885661330634729,3.907683563232389,0,"[0.4053716358077049, 0.5946283641922951]","[0.6, 0.4]",4.469430446624756,"{""colorist"": -3.907683563232389, ""gsm8k"": 5.127498435974154}",colorist,continuous_primal_dual_psd,4,3.885661330634729,3.885661330634729,0.0,"[1.0, 0.0]",primal=Optimization terminated successfully; dual=outer=Optimization terminated successfully; inner=Optimization terminated successfully,0,72.33798503875738,0.0,,tiny12_dare_ties_20260503_contcert1,tiny12
dare_ties,pair,colorist+physics,28.49431223869323,26.234856319427458,0,"[0.7999999999999996, 0.2000000000000004]","[0.4, 0.6]",0.10350942611694336,"{""colorist"": -10.516801548004118, ""physics"": -26.234856319427458}",physics,continuous_primal_dual_psd,4,28.49431223869323,28.49431223869323,0.0,"[0.0, 1.0]",primal=Optimization terminated successfully; dual=outer=Optimization terminated successfully; inner=Optimization terminated successfully,0,20.86251974105825,0.0,,tiny12_dare_ties_20260503_contcert1,tiny12
dare_ties,pair,colorist+textsql,0.1551891517101457,-0.09488003003975183,1,"[0.2703568014441788, 0.7296431985558212]","[0.4, 0.6]",19.090704557780196,"{""colorist"": 8.729156780242953, ""textsql"": 0.09488003003975183}",textsql,continuous_primal_dual_psd,4,0.1551891517101457,0.1551891517101457,0.0,"[0.0, 1.0]",primal=Optimization terminated successfully; dual=outer=Optimization terminated successfully; inner=Optimization terminated successfully,0,10.60606718365145,0.0,,tiny12_dare_ties_20260503_contcert1,tiny12
dare_ties,pair,company+docker,30.581542853977297,25.68763799667355,0,"[0.5825314786519299, 0.4174685213480701]","[0.8, 0.2]",0.9577035903930664,"{""company"": -25.68763799667355, ""docker"": -11.77143163681027}",company,continuous_primal_dual_psd,4,30.581542853977297,30.581542853973602,3.694822225952521e-12,"[0.011179315146392532, 0.9888206848536075]",primal=Optimization terminated successfully; dual=outer=Optimization terminated successfully; inner=Optimization terminated successfully,0,301.67460441589316,0.0,,tiny12_dare_ties_20260503_contcert1,tiny12
dare_ties,pair,company+gsm8k,44.483032894134524,25.177112293243376,0,"[0.2, 0.8]","[0.6, 0.4]",22.76102304458618,"{""company"": -25.177112293243376, ""gsm8k"": 34.35245447158817}",company,continuous_primal_dual_psd,4,44.483032894134524,44.483032894134524,0.0,"[1.0, 0.0]",primal=Optimization terminated successfully; dual=outer=Optimization terminated successfully; inner=Optimization terminated successfully,1,-205.4396271705627,205.4396271705627,,tiny12_dare_ties_20260503_contcert1,tiny12
dare_ties,pair,company+textsql,12.008882236480687,9.64268751144406,0,"[0.2, 0.8]","[0.4, 0.6]",7.803022861480713,"{""company"": -9.64268751144406, ""textsql"": -0.31738124801440926}",company,continuous_primal_dual_psd,4,12.008882236480687,12.008882236480687,0.0,"[1.0, 0.0]",primal=Optimization terminated successfully; dual=outer=Optimization terminated successfully; inner=Optimization terminated successfully,1,-13.303756713867203,13.303756713867203,,tiny12_dare_ties_20260503_contcert1,tiny12
dare_ties,pair,conversation+brainstorming,12.075000476837138,11.103299331665006,0,"[0.2, 0.8]","[0.2, 0.8]",0.0,"{""brainstorming"": -11.103299331665006, ""conversation"": -3.676191043853727}",brainstorming,continuous_primal_dual_psd,4,12.075000476837138,12.075000476837138,0.0,"[0.0, 1.0]",primal=Optimization terminated successfully; dual=outer=Optimization terminated successfully; inner=Optimization terminated successfully,0,40.1948392391205,0.0,,tiny12_dare_ties_20260503_contcert1,tiny12
dare_ties,pair,conversation+colorist,10.614414806341689,-7.633337306976351,1,"[0.7411556999520299, 0.2588443000479701]","[0.6, 0.4]",7.03355073928833,"{""colorist"": 10.553404617309603, ""conversation"": 7.633337306976351}",conversation,continuous_primal_dual_psd,4,10.614414806341689,10.614414806341689,0.0,"[0.0, 1.0]",primal=Optimization terminated successfully; dual=outer=Optimization terminated successfully; inner=Optimization terminated successfully,0,47.00884222984322,0.0,,tiny12_dare_ties_20260503_contcert1,tiny12
dare_ties,pair,conversation+company,10.94799882824462,3.1546980857848794,0,"[0.5239930956651763, 0.47600690433482373]","[0.8, 0.2]",3.3143997192382812,"{""company"": -3.1546980857848794, ""conversation"": 14.627382087707552}",company,continuous_primal_dual_psd,4,10.94799882824462,10.94799882824462,0.0,"[0.0, 1.0]",primal=Optimization terminated successfully; dual=outer=Optimization terminated successfully; inner=Optimization terminated successfully,0,77.00726389884946,0.0,,tiny12_dare_ties_20260503_contcert1,tiny12
dare_ties,pair,conversation+creative,-6.348575442751642,-3.9482801437378257,1,"[0.24874181166145165, 0.7512581883385483]","[0.2, 0.8]",0.0,"{""conversation"": 14.627382087707552, ""creative"": 3.9482801437378257}",creative,continuous_primal_dual_psd,4,-6.348575442751642,-6.3485754427516525,1.0658141036401503e-14,"[0.8881662413698149, 0.11183375863018509]",primal=Optimization terminated successfully; dual=outer=Optimization terminated successfully; inner=Optimization terminated successfully,1,-60.57247519493102,60.57247519493102,,tiny12_dare_ties_20260503_contcert1,tiny12
dare_ties,pair,conversation+docker,48.46080131557743,30.164292526245085,0,"[0.3007182086645036, 0.6992817913354964]","[0.4, 0.6]",0.0,"{""conversation"": -30.164292526245085, ""docker"": -5.46192235946652}",conversation,continuous_primal_dual_psd,4,48.46080131557743,48.460801280513024,3.50644029367686e-08,"[0.2681387194067988, 0.7318612805932012]",primal=Positive directional derivative for linesearch; dual=outer=Optimization terminated successfully; inner=Optimization terminated successfully,1,-65.2572512626648,65.2572512626648,,tiny12_dare_ties_20260503_contcert1,tiny12
dare_ties,pair,conversation+empathy,-0.5184704219345768,-0.6920719865463558,1,"[0.6618616973001152, 0.33813830269988476]","[0.8, 0.2]",0.0461578925462115,"{""conversation"": 15.817853736877474, ""empathy"": 0.6920719865463558}",empathy,continuous_primal_dual_psd,4,-0.5184704219345768,-0.5184704219345768,0.0,"[0.0, 1.0]",primal=Optimization terminated successfully; dual=outer=Optimization terminated successfully; inner=Optimization terminated successfully,0,7.9333781123327505,0.0,,tiny12_dare_ties_20260503_contcert1,tiny12
dare_ties,pair,conversation+energy,34.087855291366566,20.014575195312467,0,"[0.2, 0.8]","[0.8, 0.2]",1.3463258743286133,"{""conversation"": 4.2107074737549155, ""energy"": -20.014575195312467}",energy,continuous_primal_dual_psd,4,34.087855291366566,34.087855291366566,0.0,"[1.0, 0.0]",primal=Optimization terminated successfully; dual=outer=Optimization terminated successfully; inner=Optimization terminated successfully,1,-132.4734091758729,132.4734091758729,,tiny12_dare_ties_20260503_contcert1,tiny12
dare_ties,pair,conversation+flex,25.467357746826053,8.973422718048063,0,"[0.7183542477896838, 0.2816457522103162]","[0.8, 0.2]",0.0,"{""conversation"": 11.055955219268832, ""flex"": -8.973422718048063}",flex,continuous_primal_dual_psd,4,25.467357746826053,25.467357746826053,0.0,"[0.0, 1.0]",primal=Optimization terminated successfully; dual=outer=Optimization terminated successfully; inner=Optimization terminated successfully,0,283.0819785594937,0.0,,tiny12_dare_ties_20260503_contcert1,tiny12
dare_ties,pair,conversation+gsm8k,50.32468028068543,-4.596182632446322,1,"[0.2, 0.8]","[0.8, 0.2]",44.58189010620117,"{""conversation"": 18.050000000000033, ""gsm8k"": 4.596182632446322}",gsm8k,continuous_primal_dual_psd,4,50.32468028068543,50.32468028068543,0.0,"[1.0, 0.0]",primal=Optimization terminated successfully; dual=outer=Optimization terminated successfully; inner=Optimization terminated successfully,1,-282.70155191421514,282.70155191421514,,tiny12_dare_ties_20260503_contcert1,tiny12
dare_ties,pair,conversation+physics,29.756759930091086,40.80524749755856,0,"[0.718004315312571, 0.28199568468742897]","[0.6, 0.4]",6.9185614585876465,"{""conversation"": -29.122605991363493, ""physics"": -40.80524749755856}",physics,continuous_primal_dual_psd,4,29.756759930091086,29.756759930083685,7.400302592941443e-12,"[0.13373536524184354, 0.8662646347581564]",primal=Optimization terminated successfully; dual=outer=Optimization terminated successfully; inner=Optimization terminated successfully,0,128.10811400413525,0.0,,tiny12_dare_ties_20260503_contcert1,tiny12
dare_ties,pair,conversation+textsql,5.407723665677921,1.012142674920067,0,"[0.6587206922198021, 0.3412793077801979]","[0.6, 0.4]",0.0,"{""conversation"": 4.8059552192688315, ""textsql"": -1.012142674920067}",textsql,continuous_primal_dual_psd,4,5.407723665677921,5.4077236656778425,7.815970093361102e-14,"[0.24664734712872738, 0.7533526528712727]",primal=Optimization terminated successfully; dual=outer=Optimization terminated successfully; inner=Optimization terminated successfully,1,-50.18904805183413,50.18904805183413,,tiny12_dare_ties_20260503_contcert1,tiny12
dare_ties,pair,creative+company,8.443513124926252,7.456865978240934,0,"[0.7743699162344778, 0.22563008376552218]","[0.8, 0.2]",0.0,"{""company"": -6.90470046997067, ""creative"": -7.456865978240934}",creative,continuous_primal_dual_psd,4,8.443513124926252,8.443513124926252,0.0,"[1.0, 0.0]",primal=Optimization terminated successfully; dual=outer=Optimization terminated successfully; inner=Optimization terminated successfully,0,77.38113403320301,0.0,,tiny12_dare_ties_20260503_contcert1,tiny12
dare_ties,pair,creative+docker,15.621545548572264,19.696512889862028,0,"[0.5781259010150849, 0.4218740989849151]","[0.6, 0.4]",0.0,"{""creative"": -19.696512889862028, ""docker"": -10.461905670165983}",creative,continuous_primal_dual_psd,4,15.621545548572264,15.621545548572236,2.842170943040401e-14,"[0.2985959022181897, 0.7014040977818102]",primal=Optimization terminated successfully; dual=outer=Optimization terminated successfully; inner=Optimization terminated successfully,0,143.06008815765375,0.0,,tiny12_dare_ties_20260503_contcert1,tiny12
dare_ties,pair,creative+gsm8k,7.094363641738845,11.303654384613004,0,"[0.8, 0.19999999999999996]","[0.8, 0.2]",0.0,"{""creative"": -11.303654384613004, ""gsm8k"": 1.8006771087646811}",creative,continuous_primal_dual_psd,4,7.094363641738845,7.094363641738845,0.0,"[1.0, 0.0]",primal=Optimization terminated successfully; dual=outer=Optimization terminated successfully; inner=Optimization terminated successfully,0,76.94154977798459,0.0,,tiny12_dare_ties_20260503_contcert1,tiny12
dare_ties,pair,creative+textsql,22.532764148712136,8.406832885742155,0,"[0.2, 0.8]","[0.8, 0.2]",22.34426736831665,"{""creative"": -8.406832885742155, ""textsql"": -0.9676189106156554}",creative,continuous_primal_dual_psd,4,22.532764148712136,22.532764148712136,0.0,"[1.0, 0.0]",primal=Optimization terminated successfully; dual=outer=Optimization terminated successfully; inner=Optimization terminated successfully,1,-69.568157196045,69.568157196045,,tiny12_dare_ties_20260503_contcert1,tiny12
dare_ties,pair,docker+gsm8k,44.67387027740479,9.271434020996061,0,"[0.2, 0.8]","[0.6, 0.4]",44.166672229766846,"{""docker"": -9.271434020996061, ""gsm8k"": 3.079315948486361}",docker,continuous_primal_dual_psd,4,44.67387027740479,44.67387027740479,0.0,"[1.0, 0.0]",primal=Optimization terminated successfully; dual=outer=Optimization terminated successfully; inner=Optimization terminated successfully,1,-53.411126136779814,53.411126136779814,,tiny12_dare_ties_20260503_contcert1,tiny12
dare_ties,pair,docker+textsql,17.25338390597672,0.5402386665339692,0,"[0.4557580803450083, 0.5442419196549917]","[0.6, 0.4]",9.921678924560968,"{""docker"": 14.240464496612582, ""textsql"": -0.5402386665339692}",textsql,continuous_primal_dual_psd,4,17.25338390597672,17.253383905974452,2.2666313270747196e-12,"[1.0, 0.0]",primal=Optimization terminated successfully; dual=outer=Optimization terminated successfully; inner=Optimization terminated successfully,0,38.02087665023098,0.0,,tiny12_dare_ties_20260503_contcert1,tiny12
dare_ties,pair,empathy+brainstorming,5.12029999184027,1.3950616836547525,0,"[0.48702723482914245, 0.5129727651708575]","[0.6, 0.4]",3.6527633666992188,"{""brainstorming"": -1.3950616836547525, ""empathy"": 0.2538421074537859}",brainstorming,continuous_primal_dual_psd,4,5.12029999184027,5.12029999184027,0.0,"[0.0, 1.0]",primal=Optimization terminated successfully; dual=outer=Optimization terminated successfully; inner=Optimization terminated successfully,0,0.8784409015861928,0.0,,tiny12_dare_ties_20260503_contcert1,tiny12
dare_ties,pair,empathy+company,5.887866124846678,8.66936750411984,0,"[0.49671953146604103, 0.5032804685339589]","[0.4, 0.6]",0.0,"{""company"": -8.66936750411984, ""empathy"": 0.4677976923710423}",company,continuous_primal_dual_psd,4,5.887866124846678,5.887866124846678,0.0,"[0.0, 1.0]",primal=Optimization terminated successfully; dual=outer=Optimization terminated successfully; inner=Optimization terminated successfully,0,0.3347221845998351,0.0,,tiny12_dare_ties_20260503_contcert1,tiny12
dare_ties,pair,empathy+creative,-0.04393021838107125,-0.15582411081719627,1,"[0.5157010525556552, 0.48429894744434476]","[0.6, 0.4]",0.0,"{""creative"": 6.545087623596224, ""empathy"": 0.15582411081719627}",empathy,continuous_primal_dual_psd,4,-0.04393021838107125,-0.04393021838107125,0.0,"[1.0, 0.0]",primal=Optimization terminated successfully; dual=outer=Optimization terminated successfully; inner=Optimization terminated successfully,0,4.927035981380765,0.0,,tiny12_dare_ties_20260503_contcert1,tiny12
dare_ties,pair,empathy+docker,20.434123945236287,4.152384471893278,0,"[0.799999999999998, 0.20000000000000195]","[0.2, 0.8]",3.9285778999328613,"{""docker"": -4.152384471893278, ""empathy"": -3.762995312656362}",docker,continuous_primal_dual_psd,4,20.434123945236287,20.434123945236287,0.0,"[0.0, 1.0]",primal=Optimization terminated successfully; dual=outer=Optimization terminated successfully; inner=Optimization terminated successfully,1,-31.965076923370404,31.965076923370404,,tiny12_dare_ties_20260503_contcert1,tiny12
dare_ties,pair,empathy+gsm8k,0.3355132245193615,-0.2997285715424283,1,"[0.7999999999999975, 0.2000000000000025]","[0.6, 0.4]",0.695900057650873,"{""empathy"": 0.2997285715424283, ""gsm8k"": 22.17125587463382}",empathy,continuous_primal_dual_psd,4,0.3355132245193615,0.3355132245193615,0.0,"[1.0, 0.0]",primal=Optimization terminated successfully; dual=outer=Optimization terminated successfully; inner=Optimization terminated successfully,0,7.592456594635678,0.0,,tiny12_dare_ties_20260503_contcert1,tiny12
dare_ties,pair,empathy+textsql,0.38348004608702724,0.05428611908728303,0,"[0.7623729527005378, 0.23762704729946216]","[0.4, 0.6]",0.6782134865105777,"{""empathy"": -0.03559627031617916, ""textsql"": -0.05428611908728303}",textsql,continuous_primal_dual_psd,4,0.38348004608702724,0.3834800460870224,4.829470157119431e-15,"[0.6750064488282975, 0.32499355117170253]",primal=Optimization terminated successfully; dual=outer=Optimization terminated successfully; inner=Optimization terminated successfully,1,-0.09468407415700751,0.09468407415700751,,tiny12_dare_ties_20260503_contcert1,tiny12
dare_ties,pair,energy+brainstorming,15.676963996887181,12.446752262115446,0,"[0.2, 0.8]","[0.2, 0.8]",0.0,"{""brainstorming"": -2.7108699798583658, ""energy"": -12.446752262115446}",energy,continuous_primal_dual_psd,4,15.676963996887181,15.676963996887181,0.0,"[0.0, 1.0]",primal=Optimization terminated successfully; dual=outer=Optimization terminated successfully; inner=Optimization terminated successfully,0,48.519968986511245,0.0,,tiny12_dare_ties_20260503_contcert1,tiny12
dare_ties,pair,energy+company,33.754646792547085,26.660969924926725,0,"[0.4394734925225734, 0.5605265074774266]","[0.4, 0.6]",0.0,"{""company"": -26.660969924926725, ""energy"": -19.710102748870817}",company,continuous_primal_dual_psd,4,33.754646792547085,33.754646792547085,0.0,"[0.30853190327976887, 0.6914680967202312]",primal=Optimization terminated successfully; dual=outer=Optimization terminated successfully; inner=Optimization terminated successfully,0,164.2638444900511,0.0,,tiny12_dare_ties_20260503_contcert1,tiny12
dare_ties,pair,energy+creative,19.138746333122373,15.964058113098112,0,"[0.2000000000000105, 0.7999999999999895]","[0.2, 0.8]",0.0,"{""creative"": -9.181824398040739, ""energy"": -15.964058113098112}",energy,continuous_primal_dual_psd,4,19.138746333122373,19.138746333122373,0.0,"[1.0, 0.0]",primal=Optimization terminated successfully; dual=outer=Optimization terminated successfully; inner=Optimization terminated successfully,1,-41.12571477890015,41.12571477890015,,tiny12_dare_ties_20260503_contcert1,tiny12
dare_ties,pair,energy+docker,49.86610020202671,26.92439861297604,0,"[0.4030766279982947, 0.5969233720017053]","[0.6, 0.4]",13.335490226745605,"{""docker"": -16.771426868438688, ""energy"": -26.92439861297604}",energy,continuous_primal_dual_psd,4,49.86610020202671,49.866100202026686,2.1316282072803006e-14,"[0.052564622310534055, 0.947435377689466]",primal=Optimization terminated successfully; dual=outer=Optimization terminated successfully; inner=Optimization terminated successfully,1,-185.83223223686213,185.83223223686213,,tiny12_dare_ties_20260503_contcert1,tiny12
dare_ties,pair,energy+empathy,8.091677310316303,10.450366210937467,0,"[0.3840826999579736, 0.6159173000420264]","[0.4, 0.6]",0.0,"{""empathy"": -0.1303557971008102, ""energy"": -10.450366210937467}",energy,continuous_primal_dual_psd,4,8.091677310316303,8.091677310316303,0.0,"[1.0, 0.0]",primal=Optimization terminated successfully; dual=outer=Optimization terminated successfully; inner=Optimization terminated successfully,0,3.5323407043111206,0.0,,tiny12_dare_ties_20260503_contcert1,tiny12
dare_ties,pair,energy+gsm8k,25.902507068703358,30.111268234252897,0,"[0.5009193807057855, 0.49908061929421454]","[0.6, 0.4]",0.0,"{""energy"": -30.111268234252897, ""gsm8k"": 11.325237083435091}",energy,continuous_primal_dual_psd,4,25.902507068703358,25.902507068703358,0.0,"[1.0, 0.0]",primal=Optimization terminated successfully; dual=outer=Optimization terminated successfully; inner=Optimization terminated successfully,0,137.99846172332758,0.0,,tiny12_dare_ties_20260503_contcert1,tiny12
dare_ties,pair,energy+physics,36.87531145462897,34.66309614181515,0,"[0.5616863323368864, 0.43831366766311364]","[0.6, 0.4]",0.0,"{""energy"": -18.539825153350797, ""physics"": -34.66309614181515}",physics,continuous_primal_dual_psd,4,36.87531145462897,36.87531145462897,0.0,"[1.0, 0.0]",primal=Optimization terminated successfully; dual=outer=Optimization terminated successfully; inner=Optimization terminated successfully,0,492.13707447052,0.0,,tiny12_dare_ties_20260503_contcert1,tiny12
dare_ties,pair,energy+textsql,22.653827537839778,28.352955055236784,0,"[0.4439531025887579, 0.556046897411242]","[0.6, 0.4]",1.1363744735717773,"{""energy"": -28.352955055236784, ""textsql"": -0.30571476750265564}",energy,continuous_primal_dual_psd,4,22.653827537839778,22.653827537839778,0.0,"[1.0, 0.0]",primal=Optimization terminated successfully; dual=outer=Optimization terminated successfully; inner=Optimization terminated successfully,0,15.814399564965054,0.0,,tiny12_dare_ties_20260503_contcert1,tiny12
dare_ties,pair,flex+brainstorming,29.842487245445994,20.908787918090788,0,"[0.34782403887800645, 0.6521759611219935]","[0.2, 0.8]",0.5549430847167969,"{""brainstorming"": -20.908787918090788, ""flex"": -17.121496868133512}",brainstorming,continuous_primal_dual_psd,4,29.842487245445994,29.842487245445994,0.0,"[1.0, 0.0]",primal=Optimization terminated successfully; dual=outer=Optimization terminated successfully; inner=Optimization terminated successfully,0,387.3360157012938,0.0,,tiny12_dare_ties_20260503_contcert1,tiny12
dare_ties,pair,flex+company,59.91692560807605,47.50169820785519,0,"[0.41792183425902285, 0.5820781657409771]","[0.4, 0.6]",0.0,"{""company"": -47.50169820785519, ""flex"": -32.524123859405485}",company,continuous_primal_dual_psd,4,59.91692560807605,59.91692560807605,0.0,"[1.0, 0.0]",primal=Optimization terminated successfully; dual=outer=Optimization terminated successfully; inner=Optimization terminated successfully,0,397.98349142074545,0.0,,tiny12_dare_ties_20260503_contcert1,tiny12
dare_ties,pair,flex+creative,20.10949417867348,5.254891586303678,0,"[0.38988072440010646, 0.6101192755998935]","[0.2, 0.8]",9.620177745819092,"{""creative"": -5.003145408630338, ""flex"": -5.254891586303678}",flex,continuous_primal_dual_psd,4,20.10949417867348,20.10949417867348,0.0,"[1.0, 0.0]",primal=Optimization terminated successfully; dual=outer=Optimization terminated successfully; inner=Optimization terminated successfully,0,242.18693375587463,0.0,,tiny12_dare_ties_20260503_contcert1,tiny12
dare_ties,pair,flex+docker,98.36055723656878,70.47773904800411,0,"[0.4947768864671146, 0.5052231135328854]","[0.6, 0.4]",7.164621353149414,"{""docker"": -30.223801803588835, ""flex"": -70.47773904800411}",flex,continuous_primal_dual_psd,4,98.36055723656878,98.36055723656878,0.0,"[1.0, 0.0]",primal=Optimization terminated successfully; dual=outer=Optimization terminated successfully; inner=Optimization terminated successfully,0,269.607901573181,0.0,,tiny12_dare_ties_20260503_contcert1,tiny12
dare_ties,pair,flex+empathy,24.26888240426941,11.022010517120329,0,"[0.3577414222758547, 0.6422585777241453]","[0.2, 0.8]",1.3157844543457031,"{""empathy"": -0.08148229161777823, ""flex"": -11.022010517120329}",flex,continuous_primal_dual_psd,4,24.26888240426941,24.26888240426941,0.0,"[1.0, 0.0]",primal=Optimization terminated successfully; dual=outer=Optimization terminated successfully; inner=Optimization terminated successfully,0,5.988768965444584,0.0,,tiny12_dare_ties_20260503_contcert1,tiny12
dare_ties,pair,flex+energy,53.00022907257077,35.96753187179562,0,"[0.2, 0.8]","[0.2, 0.8]",0.0,"{""energy"": -32.40344829559323, ""flex"": -35.96753187179562}",flex,continuous_primal_dual_psd,4,53.00022907257077,53.00022907257077,0.0,"[1.0, 0.0]",primal=Optimization terminated successfully; dual=outer=Optimization terminated successfully; inner=Optimization terminated successfully,1,-440.8694803714754,440.8694803714754,,tiny12_dare_ties_20260503_contcert1,tiny12
dare_ties,pair,flex+gsm8k,85.91405696868895,43.679753017425504,0,"[0.2, 0.8]","[0.8, 0.2]",17.966127395629883,"{""flex"": -43.679753017425504, ""gsm8k"": -9.964028072357145}",flex,continuous_primal_dual_psd,4,85.91405696868895,85.91405696868895,0.0,"[1.0, 0.0]",primal=Optimization terminated successfully; dual=outer=Optimization terminated successfully; inner=Optimization terminated successfully,1,-98.65149855613734,98.65149855613734,,tiny12_dare_ties_20260503_contcert1,tiny12
dare_ties,pair,flex+physics,50.814346742629986,30.306652259826627,0,"[0.2, 0.8]","[0.8, 0.2]",16.528642177581787,"{""flex"": -21.77988595962521, ""physics"": -30.306652259826627}",physics,continuous_primal_dual_psd,4,50.814346742629986,50.814346742629986,0.0,"[1.0, 0.0]",primal=Optimization terminated successfully; dual=outer=Optimization terminated successfully; inner=Optimization terminated successfully,1,-476.545840501785,476.545840501785,,tiny12_dare_ties_20260503_contcert1,tiny12
dare_ties,pair,flex+textsql,34.27310175895687,33.48304338455197,0,"[0.2, 0.8]","[0.2, 0.8]",0.0,"{""flex"": -33.48304338455197, ""textsql"": 0.025475683749891682}",flex,continuous_primal_dual_psd,4,34.27310175895687,34.27310175895687,0.0,"[1.0, 0.0]",primal=Optimization terminated successfully; dual=outer=Optimization terminated successfully; inner=Optimization terminated successfully,1,-110.54962873458881,110.54962873458881,,tiny12_dare_ties_20260503_contcert1,tiny12
dare_ties,pair,gsm8k+textsql,-0.496211540306994,0.05428655369019287,0,"[0.2, 0.8]","[0.2, 0.8]",0.0,"{""gsm8k"": 11.51718788146976, ""textsql"": -0.05428655369019287}",textsql,continuous_primal_dual_psd,4,-0.496211540306994,-0.496211540306994,0.0,"[0.0, 1.0]",primal=Optimization terminated successfully; dual=outer=Optimization terminated successfully; inner=Optimization terminated successfully,1,-48.29943180084221,48.29943180084221,,tiny12_dare_ties_20260503_contcert1,tiny12
dare_ties,pair,physics+brainstorming,7.584858608245803,7.825604152679411,0,"[0.2, 0.8]","[0.2, 0.8]",0.0,"{""brainstorming"": -4.655912590026823, ""physics"": -7.825604152679411}",physics,continuous_primal_dual_psd,4,7.584858608245803,7.584858608245803,0.0,"[0.0, 1.0]",primal=Optimization terminated successfully; dual=outer=Optimization terminated successfully; inner=Optimization terminated successfully,1,-72.7809965610504,72.7809965610504,,tiny12_dare_ties_20260503_contcert1,tiny12
dare_ties,pair,physics+company,15.971400213241523,26.13133497238156,0,"[0.2, 0.8]","[0.2, 0.8]",0.0,"{""company"": -9.786799621581999, ""physics"": -26.13133497238156}",physics,continuous_primal_dual_psd,4,15.971400213241523,15.971400213241523,0.0,"[1.0, 0.0]",primal=Optimization terminated successfully; dual=outer=Optimization terminated successfully; inner=Optimization terminated successfully,1,-435.7236623764036,435.7236623764036,,tiny12_dare_ties_20260503_contcert1,tiny12
dare_ties,pair,physics+creative,7.3869223117827865,24.466398429870573,0,"[0.2, 0.8]","[0.2, 0.8]",0.0,"{""creative"": -6.307247352600065, ""physics"": -24.466398429870573}",physics,continuous_primal_dual_psd,4,7.3869223117827865,7.3869223117827865,0.0,"[1.0, 0.0]",primal=Optimization terminated successfully; dual=outer=Optimization terminated successfully; inner=Optimization terminated successfully,1,-119.25056576728836,119.25056576728836,,tiny12_dare_ties_20260503_contcert1,tiny12
dare_ties,pair,physics+docker,24.92305822372487,26.44191093444821,0,"[0.20000000000000367, 0.7999999999999963]","[0.4, 0.6]",23.731887340545654,"{""docker"": 11.621424484252962, ""physics"": -26.44191093444821}",physics,continuous_primal_dual_psd,4,24.92305822372487,24.92305822372487,0.0,"[0.0, 1.0]",primal=Optimization terminated successfully; dual=outer=Optimization terminated successfully; inner=Optimization terminated successfully,1,-129.08488512039213,129.08488512039213,,tiny12_dare_ties_20260503_contcert1,tiny12
dare_ties,pair,physics+empathy,0.5344437120620054,18.117204380035368,0,"[0.2, 0.8]","[0.2, 0.8]",0.0,"{""empathy"": -0.19443372407814216, ""physics"": -18.117204380035368}",physics,continuous_primal_dual_psd,4,0.5344437120620054,0.5344437120620054,0.0,"[0.0, 1.0]",primal=Optimization terminated successfully; dual=outer=Optimization terminated successfully; inner=Optimization terminated successfully,1,-148.26402068138123,148.26402068138123,,tiny12_dare_ties_20260503_contcert1,tiny12
dare_ties,pair,physics+gsm8k,53.93680162429807,54.07303876876828,0,"[0.2, 0.8]","[0.2, 0.8]",0.0,"{""gsm8k"": 9.29931097030643, ""physics"": -54.07303876876828}",physics,continuous_primal_dual_psd,4,53.93680162429807,53.93680162429807,0.0,"[1.0, 0.0]",primal=Optimization terminated successfully; dual=outer=Optimization terminated successfully; inner=Optimization terminated successfully,1,-586.1420929431913,586.1420929431913,,tiny12_dare_ties_20260503_contcert1,tiny12
dare_ties,pair,physics+textsql,0.6541680642316283,21.007123661041227,0,"[0.2000000000000001, 0.7999999999999999]","[0.4, 0.6]",0.8798956871032715,"{""physics"": -21.007123661041227, ""textsql"": -0.4397623852050752}",physics,continuous_primal_dual_psd,4,0.6541680642316283,0.6541680642316283,0.0,"[0.0, 1.0]",primal=Optimization terminated successfully; dual=outer=Optimization terminated successfully; inner=Optimization terminated successfully,1,-141.57161116600034,141.57161116600034,,tiny12_dare_ties_20260503_contcert1,tiny12
dare_ties,triple,brainstorming+company+docker,54.0881545066957,6.62389106750485,0,"[0.2, 0.2000000000000488, 0.5999999999999512]","[0.6, 0.2, 0.2]",20.795178413391113,"{""brainstorming"": -6.62389106750485, ""company"": -4.332247447967497, ""docker"": -3.1404883384704263}",brainstorming,continuous_primal_dual_psd,6,54.0881545066957,54.0881545066957,0.0,"[1.0, 0.0, 0.0]",primal=Optimization terminated successfully; dual=outer=Optimization terminated successfully; inner=Optimization terminated successfully,1,-897.529439533028,897.5294395330279,,tiny12_dare_ties_20260503_contcert1,tiny12
dare_ties,triple,brainstorming+company+gsm8k,19.411898853121283,9.255459976196256,0,"[0.24034886058088803, 0.38829087873950296, 0.37136026067960903]","[0.4, 0.4, 0.2]",11.307859420776367,"{""brainstorming"": -9.255459976196256, ""company"": -8.82500715255734, ""gsm8k"": 28.18729572296146}",brainstorming,continuous_primal_dual_psd,6,19.411898853121283,19.411898853120718,5.648814749292796e-13,"[0.49142129469953977, 0.5085787053004271, 3.3246949504984857e-14]",primal=Optimization terminated successfully; dual=outer=Optimization terminated successfully; inner=Optimization terminated successfully,1,-321.16913784930205,321.16913784930205,,tiny12_dare_ties_20260503_contcert1,tiny12
dare_ties,triple,brainstorming+company+textsql,1.3247383983111298,0.5369455337524087,0,"[0.45349332701719497, 0.2, 0.346506672982805]","[0.6, 0.2, 0.2]",4.673933982849121,"{""brainstorming"": -0.5369455337524087, ""company"": 1.383337306976351, ""textsql"": -0.46309534622858245}",brainstorming,continuous_primal_dual_psd,6,1.3247383983111298,1.3172680897614402,0.007470308549689664,"[0.5009129768686895, 0.4990870231313104, 6.734282842710661e-19]",primal=Optimization terminated successfully; dual=outer=Optimization terminated successfully; inner=Optimization terminated successfully,1,-300.5615042284981,300.56150422849805,,tiny12_dare_ties_20260503_contcert1,tiny12
dare_ties,triple,brainstorming+creative+company,20.00918693542478,2.4604589462279947,0,"[0.2, 0.2, 0.6]","[0.6, 0.2, 0.2]",10.35231351852417,"{""brainstorming"": -0.5369693756103189, ""company"": 2.4513452529907553, ""creative"": -2.4604589462279947}",creative,continuous_primal_dual_psd,6,20.00918693542478,20.00918693542478,0.0,"[1.0, 0.0, 0.0]",primal=Optimization terminated successfully; dual=outer=Optimization terminated successfully; inner=Optimization terminated successfully,1,-206.97471032745187,216.02463554407953,,tiny12_dare_ties_20260503_contcert1,tiny12
dare_ties,triple,brainstorming+creative+docker,37.24375244296241,5.70000715255734,0,"[0.2, 0.2, 0.6]","[0.6, 0.2, 0.2]",9.879839420318604,"{""brainstorming"": 1.2365072250366538, ""creative"": -2.676275444030729, ""docker"": -5.70000715255734}",docker,continuous_primal_dual_psd,6,37.24375244296241,37.24375244296241,0.0,"[0.0, 0.0, 1.0]",primal=Optimization terminated successfully; dual=outer=Optimization terminated successfully; inner=Optimization terminated successfully,1,-746.7376978126874,746.7376978126874,,tiny12_dare_ties_20260503_contcert1,tiny12
dare_ties,triple,brainstorming+creative+gsm8k,-3.559375332192829,3.732016754150358,0,"[0.42536695163012594, 0.20000000000001422, 0.3746330483698599]","[0.4, 0.2, 0.4]",0.0,"{""brainstorming"": -3.732016754150358, ""creative"": -0.6735355377196939, ""gsm8k"": 18.981549072265658}",brainstorming,continuous_primal_dual_psd,6,-3.559375332192829,-3.5593753321932327,4.036770917537069e-13,"[0.7939311888481311, 0.20606881115186887, 0.0]",primal=Optimization terminated successfully; dual=outer=Optimization terminated successfully; inner=Optimization terminated successfully,1,-170.88701362075312,170.88701362075315,,tiny12_dare_ties_20260503_contcert1,tiny12
dare_ties,triple,brainstorming+creative+textsql,1.086144322475704,1.6367465972900064,0,"[0.2, 0.44361344571658823, 0.3563865542834117]","[0.2, 0.4, 0.4]",0.0,"{""brainstorming"": -1.558092308044401, ""creative"": -1.6367465972900064, ""textsql"": -0.4085718035716549}",creative,continuous_primal_dual_psd,6,1.086144322475704,1.086144322475704,0.0,"[1.0, 0.0, 0.0]",primal=Optimization terminated successfully; dual=outer=Optimization terminated successfully; inner=Optimization terminated successfully,1,-280.08413355127186,280.08413355127186,,tiny12_dare_ties_20260503_contcert1,tiny12
dare_ties,triple,brainstorming+docker+gsm8k,15.087249946594255,13.080957603454557,0,"[0.6, 0.2, 0.19999999999999996]","[0.6, 0.2, 0.2]",0.0,"{""brainstorming"": -10.808685493469206, ""docker"": -13.080957603454557, ""gsm8k"": 3.6671965599060385}",docker,continuous_primal_dual_psd,6,15.087249946594255,15.087249946594255,0.0,"[0.0, 1.0, 0.0]",primal=Optimization terminated successfully; dual=outer=Optimization terminated successfully; inner=Optimization terminated successfully,1,-239.8062224456071,239.80622244560712,,tiny12_dare_ties_20260503_contcert1,tiny12
dare_ties,triple,brainstorming+docker+textsql,15.368011137211404,9.88476581573483,0,"[0.2, 0.3265911426959106, 0.4734088573040893]","[0.6, 0.2, 0.2]",16.42448902130127,"{""brainstorming"": -9.88476581573483, ""docker"": -4.390493106842008, ""textsql"": -0.5822621602980693}",brainstorming,continuous_primal_dual_psd,6,15.368011137211404,15.368011137211404,0.0,"[0.0, 1.0, 0.0]",primal=Optimization terminated successfully; dual=outer=Optimization terminated successfully; inner=Optimization terminated successfully,1,-79.73155010441192,79.73155010441195,,tiny12_dare_ties_20260503_contcert1,tiny12
dare_ties,triple,brainstorming+gsm8k+textsql,13.413676691055308,0.6999999999999673,0,"[0.2, 0.2, 0.6]","[0.6, 0.2, 0.2]",15.403294563293457,"{""brainstorming"": -0.6999999999999673, ""gsm8k"": 15.54332666397098, ""textsql"": -0.6402377538678585}",brainstorming,continuous_primal_dual_psd,6,13.413676691055308,13.413676691055308,0.0,"[0.0, 1.0, 0.0]",primal=Optimization terminated successfully; dual=outer=Optimization terminated successfully; inner=Optimization terminated successfully,1,-658.1694398786109,661.8927040907095,,tiny12_dare_ties_20260503_contcert1,tiny12
dare_ties,triple,colorist+brainstorming+company,6.667623906002859,4.9076349258422525,0,"[0.20000000000000337, 0.4416666307156049, 0.35833336928439175]","[0.2, 0.4, 0.4]",0.0,"{""brainstorming"": -4.9076349258422525, ""colorist"": 0.3869622230530112, ""company"": -1.6733319282531411}",brainstorming,continuous_primal_dual_psd,6,6.667623906002859,6.667623906002824,3.552713678800501e-14,"[0.0, 0.9999999999999909, 9.048317650694944e-15]",primal=Optimization terminated successfully; dual=outer=Optimization terminated successfully; inner=Optimization terminated successfully,0,0.6489970292270115,0.0,,tiny12_dare_ties_20260503_contcert1,tiny12
dare_ties,triple,colorist+brainstorming+creative,19.87260885238647,1.7869503021239908,0,"[0.2, 0.2, 0.6]","[0.2, 0.6, 0.2]",9.805488586425781,"{""brainstorming"": -1.7869503021239908, ""colorist"": 4.233094978332552, ""creative"": 4.00237731933597}",brainstorming,continuous_primal_dual_psd,6,19.87260885238647,19.87260885238647,0.0,"[1.0, 0.0, 0.0]",primal=Optimization terminated successfully; dual=outer=Optimization terminated successfully; inner=Optimization terminated successfully,1,-458.3886128009541,485.82608615718937,,tiny12_dare_ties_20260503_contcert1,tiny12
dare_ties,triple,colorist+brainstorming+docker,30.365017127990694,11.615184020996061,0,"[0.2, 0.2, 0.6]","[0.2, 0.6, 0.2]",18.99898052215576,"{""brainstorming"": -9.418514442443815, ""colorist"": -11.615184020996061, ""docker"": -10.580959987640348}",colorist,continuous_primal_dual_psd,6,30.365017127990694,30.36501712799055,1.4210854715202004e-13,"[0.0, 1.9095836023552326e-14, 0.9999999999999809]",primal=Optimization terminated successfully; dual=outer=Optimization terminated successfully; inner=Optimization terminated successfully,1,-205.2569979765752,223.82877985043447,,tiny12_dare_ties_20260503_contcert1,tiny12
dare_ties,triple,colorist+brainstorming+gsm8k,5.219041970294015,4.581573677062956,0,"[0.36592445810704066, 0.21970171878840597, 0.4143738231045534]","[0.4, 0.4, 0.2]",4.60810661315918,"{""brainstorming"": -4.581573677062956, ""colorist"": 9.816107082366976, ""gsm8k"": 7.016286182403597}",brainstorming,continuous_primal_dual_psd,6,5.219041970294015,5.219041970291864,2.1511681325137033e-12,"[0.5571565216504739, 0.44284347834952614, 0.0]",primal=Optimization terminated successfully; dual=outer=Optimization terminated successfully; inner=Optimization terminated successfully,1,-176.4229988622828,176.4229988622828,,tiny12_dare_ties_20260503_contcert1,tiny12
dare_ties,triple,colorist+brainstorming+textsql,23.39745412110105,7.547810745239225,0,"[0.20000000000000712, 0.2, 0.5999999999999929]","[0.4, 0.4, 0.2]",2.565789222717285,"{""brainstorming"": -7.547810745239225, ""colorist"": 3.271600532531771, ""textsql"": -0.4879763628169409}",brainstorming,continuous_primal_dual_psd,6,23.39745412110105,23.39745412110105,0.0,"[0.0, 1.0, 0.0]",primal=Optimization terminated successfully; dual=outer=Optimization terminated successfully; inner=Optimization terminated successfully,1,-553.6024235402197,553.6024235402197,,tiny12_dare_ties_20260503_contcert1,tiny12
dare_ties,triple,colorist+company+docker,15.841274068911453,16.696527671813932,0,"[0.2, 0.6000000000112571, 0.19999999998874296]","[0.2, 0.6, 0.2]",0.0,"{""colorist"": -16.696527671813932, ""company"": -13.036122989654508, ""docker"": -1.9500047683715493}",colorist,continuous_primal_dual_psd,6,15.841274068911453,15.841274068911288,1.652011860642233e-13,"[0.0, 0.9999999999999747, 2.542410726391544e-14]",primal=Positive directional derivative for linesearch; dual=outer=Optimization terminated successfully; inner=Optimization terminated successfully,1,-444.37465137038856,444.3746513703885,,tiny12_dare_ties_20260503_contcert1,tiny12
dare_ties,triple,colorist+company+gsm8k,46.36091399678152,9.314122867584196,0,"[0.2, 0.2, 0.6]","[0.2, 0.2, 0.6]",0.0,"{""colorist"": 0.5123703956604331, ""company"": -9.314122867584196, ""gsm8k"": 26.954945850372347}",company,continuous_primal_dual_psd,6,46.36091399678152,46.36091399678152,0.0,"[0.0, 1.0, 0.0]",primal=Optimization terminated successfully; dual=outer=Optimization terminated successfully; inner=Optimization terminated successfully,1,-1044.5874607476158,1044.5874607476158,,tiny12_dare_ties_20260503_contcert1,tiny12
dare_ties,triple,colorist+company+textsql,3.874119615682103,5.196049880981413,0,"[0.28722530551240977, 0.20000000000020277, 0.5127746944873874]","[0.4, 0.2, 0.4]",3.101933002471924,"{""colorist"": 0.3869741439819663, ""company"": -5.196049880981413, ""textsql"": -0.5573811437097109}",company,continuous_primal_dual_psd,6,3.874119615682103,3.8741196156820865,1.6431300764452317e-14,"[0.0, 0.9999999999999956, 4.496403249731864e-15]",primal=Optimization terminated successfully; dual=outer=Optimization terminated successfully; inner=Optimization terminated successfully,1,-64.81099453208363,64.81099453208363,,tiny12_dare_ties_20260503_contcert1,tiny12
dare_ties,triple,colorist+creative+company,34.04286402894886,4.241660308837858,0,"[0.2, 0.2, 0.6]","[0.2, 0.6, 0.2]",8.961641788482666,"{""colorist"": 0.3869503021240561, ""company"": -4.241660308837858, ""creative"": 2.866026687622103}",company,continuous_primal_dual_psd,6,34.04286402894886,34.04286402894886,0.0,"[0.0, 0.0, 1.0]",primal=Positive directional derivative for linesearch; dual=outer=Optimization terminated successfully; inner=Optimization terminated successfully,1,-596.4457918899409,596.4457918899409,,tiny12_dare_ties_20260503_contcert1,tiny12
dare_ties,triple,colorist+creative+docker,51.36009759902957,15.521422100067106,0,"[0.2000000000000002, 0.2, 0.5999999999999998]","[0.2, 0.6, 0.2]",10.554826259613037,"{""colorist"": -12.92637891769406, ""creative"": -11.508670520782438, ""docker"": -15.521422100067106}",docker,continuous_primal_dual_psd,6,51.36009759902957,51.360097599026865,2.7071678232459817e-12,"[0.0, 0.9999999999988229, 1.1771139618574367e-12]",primal=Optimization terminated successfully; dual=outer=Optimization terminated successfully; inner=Optimization terminated successfully,1,-1017.803329877969,1020.0169269001202,,tiny12_dare_ties_20260503_contcert1,tiny12
dare_ties,triple,colorist+creative+gsm8k,14.42514149377158,3.017297458648649,0,"[0.3706162619895194, 0.4293837380104782, 0.2000000000000024]","[0.6, 0.2, 0.2]",6.699049472808838,"{""colorist"": 2.2606342315674155, ""creative"": -0.500372123718229, ""gsm8k"": -3.017297458648649}",gsm8k,continuous_primal_dual_psd,6,14.42514149377158,14.425141493771036,5.435651928564766e-13,"[0.6149223467022886, 0.385077653297676, 3.541343881434124e-14]",primal=Optimization terminated successfully; dual=outer=Optimization terminated successfully; inner=Optimization terminated successfully,1,-217.54895423683195,217.54895423683195,,tiny12_dare_ties_20260503_contcert1,tiny12
dare_ties,triple,colorist+creative+textsql,2.619465266554535,1.0990530967712075,0,"[0.20000000000008802, 0.5098292619677619, 0.2901707380321501]","[0.6, 0.2, 0.2]",4.271817207336426,"{""colorist"": -1.0990530967712075, ""creative"": 3.4732668876648276, ""textsql"": -0.5339291014889074}",colorist,continuous_primal_dual_psd,6,2.619465266554535,2.619465266554535,0.0,"[0.0, 1.0, 0.0]",primal=Optimization terminated successfully; dual=outer=Optimization terminated successfully; inner=Optimization terminated successfully,1,-61.58348536956607,61.58348536956608,,tiny12_dare_ties_20260503_contcert1,tiny12
dare_ties,triple,colorist+docker+gsm8k,22.670581402192465,11.83096475601193,0,"[0.2, 0.2, 0.6]","[0.2, 0.2, 0.6]",0.0,"{""colorist"": -0.4985839843749673, ""docker"": -11.83096475601193, ""gsm8k"": 23.631557750701937}",docker,continuous_primal_dual_psd,6,22.670581402192465,22.670581402192465,0.0,"[0.0, 1.0, 0.0]",primal=Optimization terminated successfully; dual=outer=Optimization terminated successfully; inner=Optimization terminated successfully,1,-661.7285490480328,661.728549048033,,tiny12_dare_ties_20260503_contcert1,tiny12
dare_ties,triple,colorist+docker+textsql,53.300872522524976,17.684629631042448,0,"[0.2, 0.2, 0.6]","[0.4, 0.4, 0.2]",1.0375738143920898,"{""colorist"": -17.684629631042448, ""docker"": -4.390481185913053, ""textsql"": -0.7076194582153218}",colorist,continuous_primal_dual_psd,6,53.300872522524976,53.300872522524976,0.0,"[0.0, 1.0, 0.0]",primal=Optimization terminated successfully; dual=outer=Optimization terminated successfully; inner=Optimization terminated successfully,1,-887.8399056251064,887.8399056251064,,tiny12_dare_ties_20260503_contcert1,tiny12
dare_ties,triple,colorist+empathy+brainstorming,18.330059190323027,4.123881530761686,0,"[0.2, 0.2, 0.6]","[0.2, 0.6, 0.2]",6.218552589416504,"{""brainstorming"": -4.123881530761686, ""colorist"": -3.1969458580016763, ""empathy"": -1.0453707942979682}",brainstorming,continuous_primal_dual_psd,6,18.330059190323027,18.330059190323027,0.0,"[1.0, 0.0, 0.0]",primal=Optimization terminated successfully; dual=outer=Optimization terminated successfully; inner=Optimization terminated successfully,1,-562.9598579127012,562.9598579127012,,tiny12_dare_ties_20260503_contcert1,tiny12
dare_ties,triple,colorist+empathy+company,0.572065116073972,3.1316668510436685,0,"[0.28095352995344847, 0.36721707093969586, 0.35182939910685573]","[0.6, 0.2, 0.2]",1.249992847442627,"{""colorist"": 0.11331729888919284, ""company"": -3.1316668510436685, ""empathy"": -0.055688175194895356}",company,continuous_primal_dual_psd,6,0.572065116073972,0.5720651160739672,4.884981308350689e-15,"[0.17053742852358328, 0.8294625714764167, 0.0]",primal=Optimization terminated successfully; dual=outer=Optimization terminated successfully; inner=Optimization terminated successfully,1,-59.13165272256524,59.13165272256522,,tiny12_dare_ties_20260503_contcert1,tiny12
dare_ties,triple,colorist+empathy+creative,0.19299672314910787,0.140672735210694,0,"[0.2, 0.49222452317617194, 0.3077754768238281]","[0.2, 0.4, 0.4]",0.0,"{""colorist"": 6.407007503509554, ""creative"": 6.124219226837191, ""empathy"": -0.140672735210694}",empathy,continuous_primal_dual_psd,6,0.19299672314910787,0.19299672314910787,0.0,"[0.0, 1.0, 0.0]",primal=Optimization terminated successfully; dual=outer=Optimization terminated successfully; inner=Optimization terminated successfully,1,-124.29226995837854,124.29226995837854,,tiny12_dare_ties_20260503_contcert1,tiny12
dare_ties,triple,colorist+empathy+docker,11.613806637095365,9.167638492584196,0,"[0.2, 0.47592005001284865, 0.3240799499871514]","[0.2, 0.4, 0.4]",0.0,"{""colorist"": -9.167638492584196, ""docker"": 10.43095283508304, ""empathy"": -0.4040451253131638}",colorist,continuous_primal_dual_psd,6,11.613806637095365,11.613806637095365,0.0,"[0.0, 0.0, 1.0]",primal=Optimization terminated successfully; dual=outer=Optimization terminated successfully; inner=Optimization terminated successfully,1,-143.41596345019155,143.41596345019155,,tiny12_dare_ties_20260503_contcert1,tiny12
dare_ties,triple,colorist+empathy+gsm8k,35.74592906407866,0.501521150608702,0,"[0.2, 0.2, 0.6]","[0.4, 0.4, 0.2]",15.309460313777251,"{""colorist"": 8.580943870544466, ""empathy"": -0.501521150608702, ""gsm8k"": 6.812342929840121}",empathy,continuous_primal_dual_psd,6,35.74592906407866,35.74592906407866,0.0,"[1.0, 0.0, 0.0]",primal=Optimization terminated successfully; dual=outer=Optimization terminated successfully; inner=Optimization terminated successfully,1,-663.5330065680189,663.5330065680189,,tiny12_dare_ties_20260503_contcert1,tiny12
dare_ties,triple,colorist+empathy+textsql,0.817770675673332,0.6516665065879295,0,"[0.20000000000000046, 0.20993418303809355, 0.590065816961906]","[0.2, 0.6, 0.2]",5.855590192020436,"{""colorist"": 2.1352260589599936, ""empathy"": -0.04021099688189628, ""textsql"": -0.6516665065879295}",textsql,continuous_primal_dual_psd,6,0.817770675673332,0.8177706756733314,5.551115123125783e-16,"[0.0, 0.6363152579757989, 0.3636847420242011]",primal=Optimization terminated successfully; dual=outer=Optimization terminated successfully; inner=Optimization terminated successfully,1,-168.13168663545437,168.13168663545437,,tiny12_dare_ties_20260503_contcert1,tiny12
dare_ties,triple,colorist+energy+brainstorming,21.962371540075452,10.037663650512663,0,"[0.2, 0.2000000000000463, 0.5999999999999537]","[0.2, 0.4, 0.4]",2.1904706954956055,"{""brainstorming"": -5.602720451354948, ""colorist"": -4.283931922912565, ""energy"": -10.037663650512663}",energy,continuous_primal_dual_psd,6,21.962371540075452,21.962371540075452,0.0,"[0.0, 1.0, 0.0]",primal=Optimization terminated successfully; dual=outer=Optimization terminated successfully; inner=Optimization terminated successfully,1,-383.21744903671316,393.08211587327855,,tiny12_dare_ties_20260503_contcert1,tiny12
dare_ties,triple,colorist+energy+company,26.195959245000807,14.815452766418424,0,"[0.2, 0.20000000000012402, 0.599999999999876]","[0.6, 0.2, 0.2]",0.5922079086303711,"{""colorist"": -6.081584167480436, ""company"": -8.733585548400846, ""energy"": -14.815452766418424}",energy,continuous_primal_dual_psd,6,26.195959245000807,26.195959245000793,1.4210854715202004e-14,"[0.9999999999999931, 6.827871601444665e-15, 0.0]",primal=Optimization terminated successfully; dual=outer=Optimization terminated successfully; inner=Optimization terminated successfully,1,-658.3738373004755,658.3738373004755,,tiny12_dare_ties_20260503_contcert1,tiny12
dare_ties,triple,colorist+energy+creative,16.759529781342337,9.839251708984342,0,"[0.200000000000004, 0.2000000000000053, 0.5999999999999907]","[0.2, 0.4, 0.4]",2.136361598968506,"{""colorist"": -6.381836605071989, ""creative"": -0.500372123718229, ""energy"": -9.839251708984342}",energy,continuous_primal_dual_psd,6,16.759529781342337,16.759529781342337,0.0,"[1.0, 0.0, 0.0]",primal=Optimization terminated successfully; dual=outer=Optimization terminated successfully; inner=Optimization terminated successfully,1,-274.50106287409983,276.9976410984909,,tiny12_dare_ties_20260503_contcert1,tiny12
dare_ties,triple,colorist+energy+docker,47.28904075622559,13.777199459075895,0,"[0.2, 0.2, 0.6]","[0.6, 0.2, 0.2]",4.792988300323486,"{""colorist"": -1.0230571746825845, ""docker"": -10.580959987640348, ""energy"": -13.777199459075895}",energy,continuous_primal_dual_psd,6,47.28904075622559,47.28904075622559,0.0,"[0.0, 0.0, 1.0]",primal=Optimization terminated successfully; dual=outer=Optimization terminated successfully; inner=Optimization terminated successfully,1,-892.4394561179535,892.4394561179535,,tiny12_dare_ties_20260503_contcert1,tiny12
dare_ties,triple,colorist+energy+empathy,3.136421319478675,2.7425915718078286,0,"[0.3607065338859406, 0.20000000000000015, 0.4392934661140593]","[0.4, 0.2, 0.4]",0.0,"{""colorist"": 1.861557292938265, ""empathy"": -0.2978833893754161, ""energy"": -2.7425915718078286}",energy,continuous_primal_dual_psd,6,3.136421319478675,3.136421319478675,0.0,"[0.0, 1.0, 0.0]",primal=Optimization terminated successfully; dual=outer=Optimization terminated successfully; inner=Optimization terminated successfully,1,-44.73588863234781,44.73588863234781,,tiny12_dare_ties_20260503_contcert1,tiny12
dare_ties,triple,colorist+energy+gsm8k,24.969494815228423,13.889768791198698,0,"[0.2000000000000729, 0.2, 0.599999999999927]","[0.6, 0.2, 0.2]",11.820340156555176,"{""colorist"": -4.08250398635861, ""energy"": -13.889768791198698, ""gsm8k"": 0.9419887542724936}",energy,continuous_primal_dual_psd,6,24.969494815228423,24.96949481522699,1.4317436125566019e-12,"[0.9999999999998159, 1.841304886340483e-13, 0.0]",primal=Optimization terminated successfully; dual=outer=Optimization terminated successfully; inner=Optimization terminated successfully,1,-257.0474807837966,257.04748078379663,,tiny12_dare_ties_20260503_contcert1,tiny12
dare_ties,triple,colorist+energy+physics,17.64041909304934,12.484005165100065,0,"[0.20000000000000348, 0.43780983781200383, 0.3621901621879927]","[0.2, 0.4, 0.4]",0.0,"{""colorist"": -9.692087841033903, ""energy"": -2.7425915718078286, ""physics"": -12.484005165100065}",physics,continuous_primal_dual_psd,6,17.64041909304934,17.640419070711612,2.2337726335308616e-08,"[0.47701367800547323, 0.5229863219944332, 9.369567628152432e-14]",primal=Optimization terminated successfully; dual=outer=Optimization terminated successfully; inner=Optimization terminated successfully,1,-269.82562478562744,275.05656837127066,,tiny12_dare_ties_20260503_contcert1,tiny12
dare_ties,triple,colorist+energy+textsql,11.930148907446481,11.73103160858151,0,"[0.2000000000000181, 0.6000000000000011, 0.19999999999998086]","[0.6, 0.2, 0.2]",2.1161556243896484,"{""colorist"": 3.3969967842102378, ""energy"": -11.73103160858151, ""textsql"": -0.7490484151987604}",energy,continuous_primal_dual_psd,6,11.930148907446481,11.930148907446481,0.0,"[0.0, 1.0, 0.0]",primal=Optimization terminated successfully; dual=outer=Optimization terminated successfully; inner=Optimization terminated successfully,1,-163.11467728289495,163.11467728289492,,tiny12_dare_ties_20260503_contcert1,tiny12
dare_ties,triple,colorist+flex+brainstorming,26.347428778959014,2.0815879821777017,0,"[0.2, 0.20000000000003806, 0.5999999999999619]","[0.2, 0.2, 0.6]",0.0,"{""brainstorming"": -2.0815879821777017, ""colorist"": 3.1955569267273276, ""flex"": 2.6643722534180014}",brainstorming,continuous_primal_dual_psd,6,26.347428778959014,26.34742877895375,5.265121671982342e-12,"[0.0, 5.273992905274194e-13, 0.9999999999994726]",primal=Optimization terminated successfully; dual=outer=Optimization terminated successfully; inner=Optimization terminated successfully,1,-464.07840251865883,464.0784025186589,,tiny12_dare_ties_20260503_contcert1,tiny12
dare_ties,triple,colorist+flex+company,21.535842117451395,14.320698451995817,0,"[0.3992383454596456, 0.30377475872852244, 0.296986895811832]","[0.4, 0.2, 0.4]",12.056171894073486,"{""colorist"": -7.043126296997038, ""company"": -14.320698451995817, ""flex"": -13.19592304229733}",company,continuous_primal_dual_psd,6,21.535842117451395,21.535842117451374,2.1316282072803006e-14,"[4.642140617782357e-15, 0.995448327112023, 0.004551672887972422]",primal=Optimization terminated successfully; dual=outer=Optimization terminated successfully; inner=Optimization terminated successfully,1,-293.17451036629996,293.1745103662999,,tiny12_dare_ties_20260503_contcert1,tiny12
dare_ties,triple,colorist+flex+creative,20.41681348838581,2.8521568298339517,0,"[0.31422605210086413, 0.20000000000044077, 0.4857739478986951]","[0.4, 0.2, 0.4]",0.0,"{""colorist"": 2.1352260589599936, ""creative"": 1.2973397254944175, ""flex"": -2.8521568298339517}",flex,continuous_primal_dual_psd,6,20.41681348838581,20.41681348838559,2.2026824808563106e-13,"[0.0, 0.9999999999999776, 2.2370993946196403e-14]",primal=Optimization terminated successfully; dual=outer=Optimization terminated successfully; inner=Optimization terminated successfully,1,-389.1488059876873,389.1488059876873,,tiny12_dare_ties_20260503_contcert1,tiny12
dare_ties,triple,colorist+flex+docker,58.07861216702403,18.437281322479215,0,"[0.2, 0.2, 0.6]","[0.4, 0.4, 0.2]",13.239634037017822,"{""colorist"": -3.983667564392057, ""docker"": 1.7999976158142417, ""flex"": -18.437281322479215}",flex,continuous_primal_dual_psd,6,58.07861216702403,58.07861216702403,0.0,"[0.0, 1.0, 0.0]",primal=Optimization terminated successfully; dual=outer=Optimization terminated successfully; inner=Optimization terminated successfully,1,-636.0524419133699,636.0524419133698,,tiny12_dare_ties_20260503_contcert1,tiny12
dare_ties,triple,colorist+flex+empathy,16.265164363455916,0.08636977500219443,0,"[0.3406732516569009, 0.2, 0.45932674834309917]","[0.4, 0.2, 0.4]",0.0,"{""colorist"": 9.816095161438021, ""empathy"": -0.08636977500219443, ""flex"": 4.437836933136019}",empathy,continuous_primal_dual_psd,6,16.265164363455916,16.265164363455916,0.0,"[0.0, 1.0, 0.0]",primal=Optimization terminated successfully; dual=outer=Optimization terminated successfully; inner=Optimization terminated successfully,1,-397.8012577481351,397.801257748135,,tiny12_dare_ties_20260503_contcert1,tiny12
dare_ties,triple,colorist+flex+energy,31.468762094587905,10.847190093994108,0,"[0.2, 0.2, 0.6]","[0.6, 0.2, 0.2]",1.7194509506225586,"{""colorist"": 8.554336357116732, ""energy"": -10.847190093994108, ""flex"": -4.1679293632507}",energy,continuous_primal_dual_psd,6,31.468762094587905,31.468762094587905,0.0,"[0.0, 1.0, 0.0]",primal=Optimization terminated successfully; dual=outer=Optimization terminated successfully; inner=Optimization terminated successfully,1,-493.7932797898297,493.7932797898297,,tiny12_dare_ties_20260503_contcert1,tiny12
dare_ties,triple,colorist+flex+gsm8k,51.73116299309403,14.489904117584196,0,"[0.2, 0.42451334219125236, 0.3754866578087477]","[0.2, 0.4, 0.4]",0.0,"{""colorist"": -7.343366813659635, ""flex"": -14.489904117584196, ""gsm8k"": -2.724197578430143}",flex,continuous_primal_dual_psd,6,51.73116299309403,51.73116299309403,0.0,"[0.0, 1.0, 0.0]",primal=Optimization terminated successfully; dual=outer=Optimization terminated successfully; inner=Optimization terminated successfully,1,-803.4802232834082,803.4802232834082,,tiny12_dare_ties_20260503_contcert1,tiny12
dare_ties,triple,colorist+flex+physics,6.400320527240638,18.626156520843473,0,"[0.2, 0.35276696783356937, 0.4472330321664306]","[0.2, 0.4, 0.4]",0.0,"{""colorist"": -2.486267757415739, ""flex"": -0.9288460731506021, ""physics"": -18.626156520843473}",physics,continuous_primal_dual_psd,6,6.400320527240638,6.400320527240638,0.0,"[0.0, 1.0, 0.0]",primal=Optimization terminated successfully; dual=outer=Optimization terminated successfully; inner=Optimization terminated successfully,1,-107.18743767240501,107.18743767240501,,tiny12_dare_ties_20260503_contcert1,tiny12
dare_ties,triple,colorist+flex+textsql,18.63408845907252,10.289207172393766,0,"[0.2, 0.26963664910176216, 0.5303633508982378]","[0.2, 0.4, 0.4]",7.358050346374512,"{""colorist"": -8.380916786193815, ""flex"": -10.289207172393766, ""textsql"": -0.36166641532131844}",flex,continuous_primal_dual_psd,6,18.63408845907252,18.63408845644044,2.6320776669308543e-09,"[0.6114880676639112, 0.388511932336089, 0.0]",primal=Optimization terminated successfully; dual=outer=Optimization terminated successfully; inner=Optimization terminated successfully,1,-455.7076474494447,455.7076474494448,,tiny12_dare_ties_20260503_contcert1,tiny12
dare_ties,triple,colorist+gsm8k+textsql,0.016384464225638773,0.5539286581939393,0,"[0.4175193753238779, 0.2, 0.3824806246761221]","[0.4, 0.2, 0.4]",0.0,"{""colorist"": 6.680676269531283, ""gsm8k"": 2.4005859375000327, ""textsql"": -0.5539286581939393}",textsql,continuous_primal_dual_psd,6,0.016384464225638773,0.016384464225638773,0.0,"[0.0, 0.0, 1.0]",primal=Optimization terminated successfully; dual=outer=Optimization terminated successfully; inner=Optimization terminated successfully,0,6.382982678834386,0.0,,tiny12_dare_ties_20260503_contcert1,tiny12
dare_ties,triple,colorist+physics+brainstorming,14.10888195779828,14.95056457519528,0,"[0.24666011691824957, 0.27614735925200107, 0.4771925238297494]","[0.4, 0.2, 0.4]",0.0657796859741211,"{""brainstorming"": -14.95056457519528, ""colorist"": -3.3223897933959634, ""physics"": -13.674476814269987}",brainstorming,continuous_primal_dual_psd,6,14.10888195779828,14.10888195779828,0.0,"[0.0, 0.0, 1.0]",primal=Optimization terminated successfully; dual=outer=Optimization terminated successfully; inner=Optimization terminated successfully,0,173.02874796142672,0.0,,tiny12_dare_ties_20260503_contcert1,tiny12
dare_ties,triple,colorist+physics+company,15.064325713831465,19.713106822967497,0,"[0.20000000000002066, 0.33891585734218566, 0.4610841426577936]","[0.4, 0.2, 0.4]",10.291612148284912,"{""colorist"": -7.468798828124967, ""company"": 0.36060504913333347, ""physics"": -19.713106822967497}",physics,continuous_primal_dual_psd,6,15.064325713831465,15.064325713831414,5.1514348342607263e-14,"[0.02733177518532036, 0.9726682248146789, 7.658312867328196e-16]",primal=Optimization terminated successfully; dual=outer=Optimization terminated successfully; inner=Optimization terminated successfully,1,-477.95679335499295,477.9567933549929,,tiny12_dare_ties_20260503_contcert1,tiny12
dare_ties,triple,colorist+physics+creative,44.093778449324404,23.077502918243376,0,"[0.2, 0.2, 0.6]","[0.2, 0.6, 0.2]",6.1421990394592285,"{""colorist"": -9.916320514678922, ""creative"": -10.126403045654264, ""physics"": -23.077502918243376}",physics,continuous_primal_dual_psd,6,44.093778449324404,44.093778449324404,0.0,"[1.0, 0.0, 0.0]",primal=Optimization terminated successfully; dual=outer=Optimization terminated successfully; inner=Optimization terminated successfully,1,-898.2046820396217,898.2046820396218,,tiny12_dare_ties_20260503_contcert1,tiny12
dare_ties,triple,colorist+physics+docker,42.352088376049295,18.02230186462399,0,"[0.23391667138072572, 0.2, 0.5660833286192742]","[0.6, 0.2, 0.2]",7.237756252288818,"{""colorist"": -13.637068939208952, ""docker"": -6.950011920928922, ""physics"": -18.02230186462399}",physics,continuous_primal_dual_psd,6,42.352088376049295,42.352088375644676,4.0461856087858905e-10,"[6.558654538644041e-15, 0.16649773008679217, 0.8335022699132012]",primal=Optimization terminated successfully; dual=outer=Optimization terminated successfully; inner=Optimization terminated successfully,1,-650.0599808140583,655.7825982629321,,tiny12_dare_ties_20260503_contcert1,tiny12
dare_ties,triple,colorist+physics+empathy,31.113663387298644,15.26177234649655,0,"[0.2, 0.2, 0.6]","[0.6, 0.2, 0.2]",0.483095645904541,"{""colorist"": 5.194637107849154, ""empathy"": -0.6948410881580174, ""physics"": -15.26177234649655}",physics,continuous_primal_dual_psd,6,31.113663387298644,31.113663387298644,0.0,"[1.0, 0.0, 0.0]",primal=Optimization terminated successfully; dual=outer=Optimization terminated successfully; inner=Optimization terminated successfully,1,-802.6850935143436,814.0016390579225,,tiny12_dare_ties_20260503_contcert1,tiny12
dare_ties,triple,colorist+physics+gsm8k,100.8572054092867,34.45606536865231,0,"[0.20000000000005894, 0.2, 0.599999999999941]","[0.6, 0.2, 0.2]",1.8892168998718262,"{""colorist"": -4.409328174591032, ""gsm8k"": -6.488099765777555, ""physics"": -34.45606536865231}",physics,continuous_primal_dual_psd,6,100.8572054092867,100.8572054092867,0.0,"[1.0, 0.0, 0.0]",primal=Optimization terminated successfully; dual=outer=Optimization terminated successfully; inner=Optimization terminated successfully,1,-2209.2735589360445,2209.273558936045,,tiny12_dare_ties_20260503_contcert1,tiny12
dare_ties,triple,colorist+physics+textsql,6.237782266282117,17.92743511199948,0,"[0.2, 0.3963919208418097, 0.4036080791581903]","[0.2, 0.4, 0.4]",0.0,"{""colorist"": 8.254095840454134, ""physics"": -17.92743511199948, ""textsql"": -1.050475955376713}",physics,continuous_primal_dual_psd,6,6.237782266282117,6.2377822662630384,1.907896063357839e-11,"[7.448460444410642e-13, 0.4088874815852796, 0.5911125184139756]",primal=Optimization terminated successfully; dual=outer=Optimization terminated successfully; inner=Optimization terminated successfully,1,-128.1593365012812,128.1593365012812,,tiny12_dare_ties_20260503_contcert1,tiny12
dare_ties,triple,company+docker+gsm8k,28.832625687024034,16.39254398345944,0,"[0.2, 0.4222939101677629, 0.3777060898322371]","[0.2, 0.4, 0.4]",0.0,"{""company"": -16.39254398345944, ""docker"": -10.580959987640348, ""gsm8k"": 11.878856945037874}",company,continuous_primal_dual_psd,6,28.832625687024034,28.83262568701813,5.9046101341664325e-12,"[2.4175106361206937e-13, 0.9999999999997582, 0.0]",primal=Optimization terminated successfully; dual=outer=Optimization terminated successfully; inner=Optimization terminated successfully,1,-449.89961505961077,449.89961505961077,,tiny12_dare_ties_20260503_contcert1,tiny12
dare_ties,triple,company+docker+textsql,5.572660885350032,10.767534446716276,0,"[0.3895232631069014, 0.2474557047876522, 0.36302103210544645]","[0.4, 0.2, 0.4]",0.0,"{""company"": -10.767534446716276, ""docker"": 6.740471649169955, ""textsql"": -0.24083333369550372}",company,continuous_primal_dual_psd,6,5.572660885350032,5.572660885347576,2.4567015088905464e-12,"[0.405985727135274, 0.594014272864726, 0.0]",primal=Optimization terminated successfully; dual=outer=Optimization terminated successfully; inner=Optimization terminated successfully,1,-12.605505672043964,12.605505672043963,,tiny12_dare_ties_20260503_contcert1,tiny12
dare_ties,triple,company+gsm8k+textsql,0.8883406487909582,6.446054649352995,0,"[0.355434311576915, 0.2, 0.44456568842308497]","[0.4, 0.2, 0.4]",0.0,"{""company"": -6.446054649352995, ""gsm8k"": 22.60145835876468, ""textsql"": -0.5363094216261028}",company,continuous_primal_dual_psd,6,0.8883406487909582,0.8883406487909582,0.0,"[1.0, 0.0, 0.0]",primal=Optimization terminated successfully; dual=outer=Optimization terminated successfully; inner=Optimization terminated successfully,1,-72.54626769429473,72.54626769429473,,tiny12_dare_ties_20260503_contcert1,tiny12
dare_ties,triple,conversation+brainstorming+company,11.66713766865934,3.036955070495573,0,"[0.5682185582867365, 0.2000000000000029, 0.23178144171326065]","[0.2, 0.6, 0.2]",7.534289360046387,"{""brainstorming"": -3.036955070495573, ""company"": 0.3869622230530112, ""conversation"": 14.627370166778597}",brainstorming,continuous_primal_dual_psd,6,11.66713766865934,11.667137668658471,8.686384944667225e-13,"[4.255589941421188e-14, 0.5741290090062302, 0.4258709909937273]",primal=Optimization terminated successfully; dual=outer=Optimization terminated successfully; inner=Optimization terminated successfully,1,-235.03559979050323,235.04037908328218,,tiny12_dare_ties_20260503_contcert1,tiny12
dare_ties,triple,conversation+brainstorming+creative,25.235065873839368,-2.8119056701660483,1,"[0.20000000000008528, 0.20000000000003731, 0.5999999999998774]","[0.2, 0.6, 0.2]",6.935787200927734,"{""brainstorming"": 5.844637680053744, ""conversation"": 19.09167461395267, ""creative"": 2.8119056701660483}",creative,continuous_primal_dual_psd,6,25.235065873839368,25.23506587383936,7.105427357601002e-15,"[1.7763568394002473e-15, 0.9999999999999982, 0.0]",primal=Optimization terminated successfully; dual=outer=Optimization terminated successfully; inner=Optimization terminated successfully,1,-1031.171516391942,1031.1715163919423,,tiny12_dare_ties_20260503_contcert1,tiny12
dare_ties,triple,conversation+brainstorming+docker,39.97938517371962,10.521438789367643,0,"[0.2, 0.2, 0.6]","[0.4, 0.4, 0.2]",17.821550369262695,"{""brainstorming"": -8.634784889221159, ""conversation"": 10.014304447174105, ""docker"": -10.521438789367643}",docker,continuous_primal_dual_psd,6,39.97938517371962,39.97938517371962,0.0,"[0.0, 1.0, 0.0]",primal=Optimization terminated successfully; dual=outer=Optimization terminated successfully; inner=Optimization terminated successfully,1,-569.0218023865327,569.0218023865327,,tiny12_dare_ties_20260503_contcert1,tiny12
dare_ties,triple,conversation+brainstorming+gsm8k,25.44309802055357,1.3292819976806314,0,"[0.2, 0.2, 0.6]","[0.4, 0.4, 0.2]",5.434775352478027,"{""brainstorming"": -1.3292819976806314, ""conversation"": 6.442865657806429, ""gsm8k"": 21.900424289703402}",brainstorming,continuous_primal_dual_psd,6,25.44309802055357,25.44309802055357,0.0,"[1.0, 0.0, 0.0]",primal=Optimization terminated successfully; dual=outer=Optimization terminated successfully; inner=Optimization terminated successfully,1,-555.5930354080466,574.7470489302129,,tiny12_dare_ties_20260503_contcert1,tiny12
dare_ties,triple,conversation+brainstorming+textsql,20.173659992218003,0.6551194267066108,0,"[0.2, 0.2, 0.6]","[0.2, 0.6, 0.2]",25.156436626454976,"{""brainstorming"": -0.3739149093627603, ""conversation"": 9.71665077209476, ""textsql"": -0.6551194267066108}",textsql,continuous_primal_dual_psd,6,20.173659992218003,20.173659992218003,0.0,"[0.0, 1.0, 0.0]",primal=Optimization terminated successfully; dual=outer=Optimization terminated successfully; inner=Optimization terminated successfully,1,-225.3501853597823,245.34731746461628,,tiny12_dare_ties_20260503_contcert1,tiny12
dare_ties,triple,conversation+colorist+brainstorming,6.635230287695333,6.134775352477995,0,"[0.2934514607203302, 0.5065485392796659, 0.20000000000000395]","[0.4, 0.4, 0.2]",3.1206846237182617,"{""brainstorming"": -6.134775352477995, ""colorist"": 9.341046142578158, ""conversation"": 9.716662693023714}",brainstorming,continuous_primal_dual_psd,6,6.635230287695333,6.635230287694781,5.524469770534779e-13,"[1.311547470723805e-16, 0.49729717936061485, 0.502702820639385]",primal=Optimization terminated successfully; dual=outer=Optimization terminated successfully; inner=Optimization terminated successfully,1,-89.88525535719597,89.88525535719599,,tiny12_dare_ties_20260503_contcert1,tiny12
dare_ties,triple,conversation+colorist+company,27.744098493674908,0.7304818153381021,0,"[0.2, 0.2, 0.6]","[0.2, 0.2, 0.6]",0.0,"{""colorist"": 0.6111829757690757, ""company"": -0.7304818153381021, ""conversation"": 12.990471649169955}",company,continuous_primal_dual_psd,6,27.744098493674908,27.744098493674908,0.0,"[0.0, 0.0, 1.0]",primal=Optimization terminated successfully; dual=outer=Optimization terminated successfully; inner=Optimization terminated successfully,1,-683.10355075579,683.10355075579,,tiny12_dare_ties_20260503_contcert1,tiny12
dare_ties,triple,conversation+colorist+creative,1.543939765577818,-0.9494512557983725,1,"[0.32417041260502144, 0.3047375113268958, 0.3710920760680827]","[0.4, 0.2, 0.4]",0.0,"{""colorist"": 0.9494512557983725, ""conversation"": 11.055955219268832, ""creative"": 2.817317771911654}",colorist,continuous_primal_dual_psd,6,1.543939765577818,1.5439397642950476,1.2827703343987196e-09,"[0.25501358664273893, 0.7449864133572487, 1.2407181486769276e-14]",primal=Positive directional derivative for linesearch; dual=outer=Optimization terminated successfully; inner=Optimization terminated successfully,1,-176.872622093263,176.87262209326303,,tiny12_dare_ties_20260503_contcert1,tiny12
dare_ties,triple,conversation+colorist+docker,10.92623339577969,5.31308956146237,0,"[0.5528689995206365, 0.2, 0.24713100047936343]","[0.2, 0.4, 0.4]",4.0178656578063965,"{""colorist"": -2.6230842590331704, ""conversation"": -5.31308956146237, ""docker"": -3.1404883384704263}",conversation,continuous_primal_dual_psd,6,10.92623339577969,10.926233395756,2.368949481024174e-11,"[0.0, 0.0, 1.0]",primal=Optimization terminated successfully; dual=outer=Optimization terminated successfully; inner=Optimization terminated successfully,1,-230.99116268667603,230.991162686676,,tiny12_dare_ties_20260503_contcert1,tiny12
dare_ties,triple,conversation+colorist+empathy,5.577482302153404,0.04509936584039916,0,"[0.2, 0.34596037930689333, 0.45403962069310666]","[0.2, 0.2, 0.6]",0.2579424925899588,"{""colorist"": 2.2606342315674155, ""conversation"": 5.252382087707552, ""empathy"": -0.04509936584039916}",empathy,continuous_primal_dual_psd,6,5.577482302153404,5.577482302153404,0.0,"[0.0, 1.0, 0.0]",primal=Optimization terminated successfully; dual=outer=Optimization terminated successfully; inner=Optimization terminated successfully,1,-227.35400830217117,227.35400830217117,,tiny12_dare_ties_20260503_contcert1,tiny12
dare_ties,triple,conversation+colorist+energy,37.358166606326876,6.847193908691374,0,"[0.2, 0.2, 0.6]","[0.4, 0.4, 0.2]",12.4314546585083,"{""colorist"": 4.1836946487427085, ""conversation"": 3.91310148239139, ""energy"": -6.847193908691374}",energy,continuous_primal_dual_psd,6,37.358166606326876,37.358166606326854,2.1316282072803006e-14,"[0.9999999999999967, 3.386180225106716e-15, 0.0]",primal=Optimization terminated successfully; dual=outer=Optimization terminated successfully; inner=Optimization terminated successfully,1,-672.4011911049733,672.4011911049733,,tiny12_dare_ties_20260503_contcert1,tiny12
dare_ties,triple,conversation+colorist+flex,25.110936318452957,2.6345164299010904,0,"[0.26197446930403484, 0.20000000000005438, 0.5380255306959107]","[0.4, 0.4, 0.2]",20.089280605316162,"{""colorist"": -0.137510967254606, ""conversation"": -2.6345164299010904, ""flex"": -0.8035451889037759}",conversation,continuous_primal_dual_psd,6,25.110936318452957,25.110936318452957,0.0,"[0.0, 0.0, 1.0]",primal=Optimization terminated successfully; dual=outer=Optimization terminated successfully; inner=Optimization terminated successfully,1,-446.7568693270877,446.7568693270877,,tiny12_dare_ties_20260503_contcert1,tiny12
dare_ties,triple,conversation+colorist+gsm8k,2.7648862112075854,-6.308206844329867,1,"[0.4644157419391308, 0.2, 0.3355842580608692]","[0.4, 0.2, 0.4]",0.0,"{""colorist"": 6.308206844329867, ""conversation"": 10.907134342193636, ""gsm8k"": 35.41682653427127}",colorist,continuous_primal_dual_psd,6,2.7648862112075854,2.7648862112075854,0.0,"[0.0, 1.0, 0.0]",primal=Optimization terminated successfully; dual=outer=Optimization terminated successfully; inner=Optimization terminated successfully,1,-343.2054181589077,343.2054181589077,,tiny12_dare_ties_20260503_contcert1,tiny12
dare_ties,triple,conversation+colorist+physics,76.45137156228034,9.119620990753141,0,"[0.2, 0.2, 0.6]","[0.4, 0.4, 0.2]",20.893704891204834,"{""colorist"": -1.323285770416227, ""conversation"": -0.40238208770748685, ""physics"": -9.119620990753141}",physics,continuous_primal_dual_psd,6,76.45137156228034,76.45137156228034,0.0,"[1.0, 0.0, 0.0]",primal=Optimization terminated successfully; dual=outer=Optimization terminated successfully; inner=Optimization terminated successfully,1,-975.2287685702426,975.2287685702424,,tiny12_dare_ties_20260503_contcert1,tiny12
dare_ties,triple,conversation+colorist+textsql,5.680357981948379,0.8239283235496988,0,"[0.306549570395203, 0.3686194541453475, 0.3248309754594495]","[0.4, 0.4, 0.2]",5.828441843228833,"{""colorist"": -0.18692321777340482, ""conversation"": 7.484528350830111, ""textsql"": -0.8239283235496988}",textsql,continuous_primal_dual_psd,6,5.680357981948379,5.680357981948076,3.0375701953744283e-13,"[0.5515017090859983, 0.44849829091400145, 3.2093116426688637e-16]",primal=Optimization terminated successfully; dual=outer=Optimization terminated successfully; inner=Optimization terminated successfully,1,-96.89349754956302,96.89349754956301,,tiny12_dare_ties_20260503_contcert1,tiny12
dare_ties,triple,conversation+company+docker,23.714711167979893,13.203302097320524,0,"[0.516787355129482, 0.28321264487199027, 0.1999999999985277]","[0.4, 0.4, 0.2]",3.2649755477905273,"{""company"": -13.203302097320524, ""conversation"": -1.8904597282409341, ""docker"": -6.890478801727262}",company,continuous_primal_dual_psd,6,23.714711167979893,23.714711167747488,2.3240431801241357e-10,"[0.0, 0.66494834704207, 0.33505165295793016]",primal=Optimization terminated successfully; dual=outer=Optimization terminated successfully; inner=Optimization terminated successfully,1,-293.7607914713579,293.7607914713579,,tiny12_dare_ties_20260503_contcert1,tiny12
dare_ties,triple,conversation+company+gsm8k,22.421102154590145,4.128041934967008,0,"[0.5698123282368708, 0.2, 0.23018767176312926]","[0.6, 0.2, 0.2]",0.0,"{""company"": -4.128041934967008, ""conversation"": 1.8297641754150717, ""gsm8k"": 16.00780181884769}",company,continuous_primal_dual_psd,6,22.421102154590145,22.421102154590145,0.0,"[1.0, 0.0, 0.0]",primal=Optimization terminated successfully; dual=outer=Optimization terminated successfully; inner=Optimization terminated successfully,1,-954.3798920547898,954.3798920547897,,tiny12_dare_ties_20260503_contcert1,tiny12
dare_ties,triple,conversation+company+textsql,17.82509393692158,1.7910749435424478,0,"[0.20000000000000853, 0.20000000000000237, 0.5999999999999891]","[0.6, 0.2, 0.2]",6.787717342376709,"{""company"": -1.7910749435424478, ""conversation"": 12.097617912292513, ""textsql"": -0.9082143426783112}",company,continuous_primal_dual_psd,6,17.82509393692158,17.825093936921274,3.055333763768431e-13,"[1.448285935623307e-13, 0.9999999999998552, 0.0]",primal=Optimization terminated successfully; dual=outer=Optimization terminated successfully; inner=Optimization terminated successfully,1,-376.163047409309,376.1882678157037,,tiny12_dare_ties_20260503_contcert1,tiny12
dare_ties,triple,conversation+creative+company,0.6873145411853727,-2.7577846527099936,1,"[0.42049005743930395, 0.20000000000003612, 0.37950994256065995]","[0.2, 0.6, 0.2]",3.9682388305664062,"{""company"": 4.625257778167757, ""conversation"": 23.55595521926883, ""creative"": 2.7577846527099936}",creative,continuous_primal_dual_psd,6,0.6873145411853727,0.6873145411853727,0.0,"[0.0, 0.0, 1.0]",primal=Optimization terminated successfully; dual=outer=Optimization terminated successfully; inner=Optimization terminated successfully,1,-519.623825549128,519.623825549128,,tiny12_dare_ties_20260503_contcert1,tiny12
dare_ties,triple,conversation+creative+docker,45.86920160379697,4.330948066711393,0,"[0.2, 0.2, 0.6]","[0.4, 0.4, 0.2]",11.365413665771484,"{""conversation"": 12.097605991363558, ""creative"": -1.8044979095458658, ""docker"": -4.330948066711393}",docker,continuous_primal_dual_psd,6,45.86920160379697,45.86920160379697,0.0,"[0.0, 0.0, 1.0]",primal=Optimization terminated successfully; dual=outer=Optimization terminated successfully; inner=Optimization terminated successfully,1,-816.5042516988925,816.5042516988925,,tiny12_dare_ties_20260503_contcert1,tiny12
dare_ties,triple,conversation+creative+gsm8k,55.808166437920015,-6.294056701660189,1,"[0.2, 0.2, 0.6]","[0.2, 0.6, 0.2]",23.214280605316162,"{""conversation"": 6.294056701660189, ""creative"": 8.769699859619173, ""gsm8k"": 26.433893966674837}",conversation,continuous_primal_dual_psd,6,55.808166437920015,55.808166437920015,0.0,"[1.0, 0.0, 0.0]",primal=Optimization terminated successfully; dual=outer=Optimization terminated successfully; inner=Optimization terminated successfully,1,-1192.3928614526988,1192.3928614526988,,tiny12_dare_ties_20260503_contcert1,tiny12
dare_ties,triple,conversation+creative+textsql,36.28421359264289,0.6751194180145527,0,"[0.20000000000029308, 0.2, 0.5999999999997069]","[0.4, 0.4, 0.2]",9.907616788040102,"{""conversation"": 6.294044780731234, ""creative"": 3.8514941215515464, ""textsql"": -0.6751194180145527}",textsql,continuous_primal_dual_psd,6,36.28421359264289,36.28421359264289,0.0,"[0.0, 1.0, 0.0]",primal=Optimization terminated successfully; dual=outer=Optimization terminated successfully; inner=Optimization terminated successfully,1,-688.1134115530275,688.1134115530275,,tiny12_dare_ties_20260503_contcert1,tiny12
dare_ties,triple,conversation+docker+gsm8k,17.512315642943943,3.080955219268766,0,"[0.2, 0.358170222795399, 0.4418297772046009]","[0.4, 0.4, 0.2]",6.696414947509766,"{""conversation"": 5.252382087707552, ""docker"": -3.080955219268766, ""gsm8k"": 5.862805175781283}",docker,continuous_primal_dual_psd,6,17.512315642943943,17.512315642943943,0.0,"[0.0, 1.0, 0.0]",primal=Optimization terminated successfully; dual=outer=Optimization terminated successfully; inner=Optimization terminated successfully,1,-438.2127013190942,438.21270131909415,,tiny12_dare_ties_20260503_contcert1,tiny12
dare_ties,triple,conversation+docker+textsql,40.856710888576266,5.58096475601193,0,"[0.20000000000008528, 0.20000000000001825, 0.5999999999998965]","[0.2, 0.2, 0.6]",0.0,"{""conversation"": 1.5321343421936362, ""docker"": -5.58096475601193, ""textsql"": 0.0022613693207708552}",docker,continuous_primal_dual_psd,6,40.856710888576266,40.856710888576266,0.0,"[0.0, 1.0, 0.0]",primal=Optimization terminated successfully; dual=outer=Optimization terminated successfully; inner=Optimization terminated successfully,1,-799.7074704910997,799.7074704910997,,tiny12_dare_ties_20260503_contcert1,tiny12
dare_ties,triple,conversation+empathy+brainstorming,17.913022708913047,0.14505691528317044,0,"[0.20000000000011342, 0.2, 0.5999999999998866]","[0.6, 0.2, 0.2]",1.6418933868408203,"{""brainstorming"": -0.14505691528317044, ""conversation"": 23.70476417541507, ""empathy"": 0.8959825045983408}",brainstorming,continuous_primal_dual_psd,6,17.913022708913047,17.91302270891287,1.7763568394002505e-13,"[0.9999999999999769, 0.0, 2.314815006343398e-14]",primal=Optimization terminated successfully; dual=outer=Optimization terminated successfully; inner=Optimization terminated successfully,1,-600.6354777517636,603.9782659323732,,tiny12_dare_ties_20260503_contcert1,tiny12
dare_ties,triple,conversation+empathy+company,-0.1995736075928427,0.8630425453185708,0,"[0.3733994615414807, 0.4266005384582911, 0.20000000000022822]","[0.4, 0.4, 0.2]",0.0,"{""company"": -0.8630425453185708, ""conversation"": 13.288089561462435, ""empathy"": 0.7048339947095777}",company,continuous_primal_dual_psd,6,-0.1995736075928427,-0.1995736075928427,0.0,"[0.0, 1.0, 0.0]",primal=Optimization terminated successfully; dual=outer=Optimization terminated successfully; inner=Optimization terminated successfully,0,7.45393754410647,0.0,,tiny12_dare_ties_20260503_contcert1,tiny12
dare_ties,triple,conversation+empathy+creative,-0.1679357992063838,-0.5916102482175581,1,"[0.2, 0.2, 0.6]","[0.6, 0.2, 0.2]",0.09557425494438154,"{""conversation"": 23.704776096344027, ""creative"": 6.599184799194369, ""empathy"": 0.5916102482175581}",empathy,continuous_primal_dual_psd,6,-0.1679357992063838,-0.1679357992063838,0.0,"[0.0, 1.0, 0.0]",primal=Optimization terminated successfully; dual=outer=Optimization terminated successfully; inner=Optimization terminated successfully,1,-111.37140470087806,111.37140470087806,,tiny12_dare_ties_20260503_contcert1,tiny12
dare_ties,triple,conversation+empathy+docker,57.261465263404446,6.830957603454557,0,"[0.2, 0.2, 0.6]","[0.4, 0.4, 0.2]",19.76189613342285,"{""conversation"": 2.8714387893677085, ""docker"": -6.830957603454557, ""empathy"": -0.44993336054997957}",docker,continuous_primal_dual_psd,6,57.261465263404446,57.26146526340089,3.552713678800501e-12,"[1.493805079632925e-13, 0.0, 0.9999999999998506]",primal=Optimization terminated successfully; dual=outer=Optimization terminated successfully; inner=Optimization terminated successfully,1,-943.1695536409418,943.1695536409417,,tiny12_dare_ties_20260503_contcert1,tiny12
dare_ties,triple,conversation+empathy+gsm8k,0.6094608554925287,-0.5421943286064315,1,"[0.2454107198994736, 0.46678986975560327, 0.28779941034492307]","[0.4, 0.4, 0.2]",9.129092846215041,"{""conversation"": 9.86548357009891, ""empathy"": 0.5421943286064315, ""gsm8k"": 13.076898384094271}",empathy,continuous_primal_dual_psd,6,0.6094608554925287,0.6094608554423361,5.0192627831791015e-11,"[0.0010228301582219073, 0.9989771698417781, 0.0]",primal=Optimization terminated successfully; dual=outer=Optimization terminated successfully; inner=Optimization terminated successfully,1,-33.40459229680607,33.404592296806065,,tiny12_dare_ties_20260503_contcert1,tiny12
dare_ties,triple,conversation+empathy+textsql,17.336741207084092,0.22142874837404317,0,"[0.2, 0.2, 0.6]","[0.2, 0.2, 0.6]",0.0,"{""conversation"": 4.954752254486117, ""empathy"": 0.16614193450116677, ""textsql"": -0.22142874837404317}",textsql,continuous_primal_dual_psd,6,17.336741207084092,17.336741207084092,0.0,"[1.0, 0.0, 0.0]",primal=Optimization terminated successfully; dual=outer=Optimization terminated successfully; inner=Optimization terminated successfully,1,-443.16080777167576,443.1608077716758,,tiny12_dare_ties_20260503_contcert1,tiny12
dare_ties,triple,conversation+energy+brainstorming,9.060053383094797,5.113604736328092,0,"[0.2, 0.26071220208052015, 0.5392877979194799]","[0.2, 0.2, 0.6]",0.0,"{""brainstorming"": -5.113604736328092, ""conversation"": -2.6345283508300454, ""energy"": -4.46622676849362}",brainstorming,continuous_primal_dual_psd,6,9.060053383094797,9.060053383094797,0.0,"[0.0, 0.0, 1.0]",primal=Optimization terminated successfully; dual=outer=Optimization terminated successfully; inner=Optimization terminated successfully,1,-131.5855182964356,131.5855182964356,,tiny12_dare_ties_20260503_contcert1,tiny12
dare_ties,triple,conversation+energy+company,25.34934566464503,12.508824539184538,0,"[0.2000000000000409, 0.438384761487425, 0.3616152385125341]","[0.2, 0.4, 0.4]",0.0,"{""company"": -9.85102958679196, ""conversation"": -4.271414947509733, ""energy"": -12.508824539184538}",energy,continuous_primal_dual_psd,6,25.34934566464503,25.349345664636477,8.551381824872806e-12,"[0.0, 1.0, 0.0]",primal=Optimization terminated successfully; dual=outer=Optimization terminated successfully; inner=Optimization terminated successfully,1,-246.36990298566104,246.369902985661,,tiny12_dare_ties_20260503_contcert1,tiny12
dare_ties,triple,conversation+energy+creative,12.006425143206744,9.847191047668424,0,"[0.2, 0.2, 0.6]","[0.4, 0.4, 0.2]",1.1363625526428223,"{""conversation"": 1.6809552192688315, ""creative"": 0.3173082351684897, ""energy"": -9.847191047668424}",energy,continuous_primal_dual_psd,6,12.006425143206744,12.006425143206744,0.0,"[1.0, 0.0, 0.0]",primal=Optimization terminated successfully; dual=outer=Optimization terminated successfully; inner=Optimization terminated successfully,1,-503.710103583961,503.710103583961,,tiny12_dare_ties_20260503_contcert1,tiny12
dare_ties,triple,conversation+energy+docker,29.32808155493072,12.310388755798307,0,"[0.48200290328766104, 0.317997096712283, 0.2000000000000559]","[0.4, 0.4, 0.2]",0.0,"{""conversation"": 3.0202358245849936, ""docker"": -8.08096237182614, ""energy"": -12.310388755798307}",energy,continuous_primal_dual_psd,6,29.32808155493072,29.328081553797865,1.1328538107591157e-09,"[0.0, 0.43626812737657084, 0.5637318726234292]",primal=Optimization terminated successfully; dual=outer=Optimization terminated successfully; inner=Optimization terminated successfully,1,-240.70277592886316,240.70277592886316,,tiny12_dare_ties_20260503_contcert1,tiny12
dare_ties,triple,conversation+energy+empathy,12.074318599700963,2.2173316001891763,0,"[0.2000000000000004, 0.20000000000000007, 0.5999999999999995]","[0.2, 0.4, 0.4]",5.042564868927002,"{""conversation"": 1.6809671401977866, ""empathy"": -0.19714933701496265, ""energy"": -2.2173316001891763}",energy,continuous_primal_dual_psd,6,12.074318599700963,12.074318599700963,0.0,"[1.0, 0.0, 0.0]",primal=Optimization terminated successfully; dual=outer=Optimization terminated successfully; inner=Optimization terminated successfully,1,-330.37393026728347,336.68468316560126,,tiny12_dare_ties_20260503_contcert1,tiny12
dare_ties,triple,conversation+energy+gsm8k,10.56951735277616,7.404199314117399,0,"[0.2831637303947566, 0.37346265405597806, 0.34337361554926527]","[0.2, 0.4, 0.4]",0.0,"{""conversation"": -5.164268684387174, ""energy"": -7.404199314117399, ""gsm8k"": 17.08075695037845}",energy,continuous_primal_dual_psd,6,10.56951735277616,10.569517352707182,6.897771243075113e-11,"[0.35494859033267795, 0.6450514096673222, 0.0]",primal=Optimization terminated successfully; dual=outer=Optimization terminated successfully; inner=Optimization terminated successfully,1,-327.75636043435486,327.75636043435486,,tiny12_dare_ties_20260503_contcert1,tiny12
dare_ties,triple,conversation+energy+physics,62.36008710861205,17.23727293014523,0,"[0.2, 0.2, 0.6]","[0.6, 0.2, 0.2]",10.602128505706787,"{""conversation"": -3.9738089561462075, ""energy"": -7.983556461334196, ""physics"": -17.23727293014523}",physics,continuous_primal_dual_psd,6,62.36008710861205,62.36008710861205,0.0,"[1.0, 0.0, 0.0]",primal=Optimization terminated successfully; dual=outer=Optimization terminated successfully; inner=Optimization terminated successfully,1,-691.8602779773875,811.0600918016058,,tiny12_dare_ties_20260503_contcert1,tiny12
dare_ties,triple,conversation+energy+textsql,33.24392870426223,14.065805149078336,0,"[0.3747608874192784, 0.2, 0.42523911258072156]","[0.4, 0.2, 0.4]",0.0,"{""conversation"": -3.2297522544860513, ""energy"": -14.065805149078336, ""textsql"": -0.803928332241757}",energy,continuous_primal_dual_psd,6,33.24392870426223,33.24392870426223,0.0,"[1.0, 0.0, 0.0]",primal=Optimization terminated successfully; dual=outer=Optimization terminated successfully; inner=Optimization terminated successfully,1,-525.3852598871465,525.3852598871465,,tiny12_dare_ties_20260503_contcert1,tiny12
dare_ties,triple,conversation+flex+brainstorming,11.483538522808189,6.363609504699674,0,"[0.2, 0.28037691413162935, 0.5196230858683706]","[0.2, 0.2, 0.6]",0.0,"{""brainstorming"": -6.363609504699674, ""conversation"": 1.6809552192688315, ""flex"": 0.3869503021240561}",brainstorming,continuous_primal_dual_psd,6,11.483538522808189,11.48353852280802,1.687538997430238e-13,"[0.3124718831124573, 0.6875281168875409, 1.763107550039299e-15]",primal=Optimization terminated successfully; dual=outer=Optimization terminated successfully; inner=Optimization terminated successfully,1,-308.57422523252046,308.5742252325205,,tiny12_dare_ties_20260503_contcert1,tiny12
dare_ties,triple,conversation+flex+company,57.590756455897484,13.968280029296842,0,"[0.2, 0.2, 0.6]","[0.4, 0.4, 0.2]",4.867434501647949,"{""company"": -13.968280029296842, ""conversation"": -6.354752254486051, ""flex"": -7.761147689819303}",company,continuous_primal_dual_psd,6,57.590756455897484,57.590756455897484,0.0,"[0.0, 1.0, 0.0]",primal=Optimization terminated successfully; dual=outer=Optimization terminated successfully; inner=Optimization terminated successfully,1,-754.5478157740467,754.5478157740469,,tiny12_dare_ties_20260503_contcert1,tiny12
dare_ties,triple,conversation+flex+creative,31.97248986728973,-0.3869622230530112,1,"[0.2, 0.2, 0.6]","[0.2, 0.2, 0.6]",0.0,"{""conversation"": 12.246438789367708, ""creative"": 4.06191043853763, ""flex"": 0.3869622230530112}",flex,continuous_primal_dual_psd,6,31.97248986728973,31.97248986728781,1.922018100231071e-12,"[0.0, 0.9999999999998765, 1.2345680033830216e-13]",primal=Optimization terminated successfully; dual=outer=Optimization terminated successfully; inner=Optimization terminated successfully,1,-589.1171209684638,593.5999793790475,,tiny12_dare_ties_20260503_contcert1,tiny12
dare_ties,triple,conversation+flex+docker,75.90619630814003,3.1999976158141763,0,"[0.2000000000000022, 0.2000000000000169, 0.5999999999999809]","[0.6, 0.2, 0.2]",42.14285612106323,"{""conversation"": 11.204764175415072, ""docker"": -3.1999976158141763, ""flex"": 4.334315586090121}",docker,continuous_primal_dual_psd,6,75.90619630814003,75.90619630814003,0.0,"[0.0, 1.0, 0.0]",primal=Optimization terminated successfully; dual=outer=Optimization terminated successfully; inner=Optimization terminated successfully,1,-895.6009627068544,903.0216455020025,,tiny12_dare_ties_20260503_contcert1,tiny12
dare_ties,triple,conversation+flex+empathy,37.05363269771393,0.14040219232721163,0,"[0.2, 0.2, 0.6]","[0.6, 0.2, 0.2]",3.8334067638189957,"{""conversation"": 3.0202358245849936, ""empathy"": -0.14040219232721163, ""flex"": 2.7896850585937827}",empathy,continuous_primal_dual_psd,6,37.05363269771393,37.05363269771393,0.0,"[0.0, 1.0, 0.0]",primal=Optimization terminated successfully; dual=outer=Optimization terminated successfully; inner=Optimization terminated successfully,1,-577.9969506967759,577.996950696776,,tiny12_dare_ties_20260503_contcert1,tiny12
dare_ties,triple,conversation+flex+energy,24.37017435066129,14.835658740997282,0,"[0.2, 0.5040958274360957, 0.2959041725639042]","[0.6, 0.2, 0.2]",4.167914390563965,"{""conversation"": 6.294044780731234, ""energy"": -14.835658740997282, ""flex"": -5.7125360488891275}",energy,continuous_primal_dual_psd,6,24.37017435066129,24.370174350661227,6.394884621840902e-14,"[0.0, 0.9999999999999618, 3.808064974464142e-14]",primal=Optimization terminated successfully; dual=outer=Optimization terminated successfully; inner=Optimization terminated successfully,1,-361.18384793247185,361.18384793247185,,tiny12_dare_ties_20260503_contcert1,tiny12
dare_ties,triple,conversation+flex+gsm8k,51.24754041175079,8.973398876190153,0,"[0.2, 0.2, 0.6]","[0.4, 0.4, 0.2]",7.061159610748291,"{""conversation"": -6.503573131561247, ""flex"": -8.973398876190153, ""gsm8k"": 5.022951889038119}",flex,continuous_primal_dual_psd,6,51.24754041175079,51.24754041162445,1.2634160384550341e-10,"[0.9999999999799858, 2.001425763807693e-11, 0.0]",primal=Optimization terminated successfully; dual=outer=Optimization terminated successfully; inner=Optimization terminated successfully,1,-925.3073171361721,925.3073171361721,,tiny12_dare_ties_20260503_contcert1,tiny12
dare_ties,triple,conversation+flex+physics,115.84841902391463,10.074999999999967,0,"[0.2, 0.2, 0.6]","[0.4, 0.4, 0.2]",17.96283721923828,"{""conversation"": -10.074999999999967, ""flex"": 1.4739125251770346, ""physics"": -9.223130416870085}",conversation,continuous_primal_dual_psd,6,115.84841902391463,115.84841902390403,1.0601297617540695e-11,"[0.9999999999997782, 2.2182798417149973e-13, 0.0]",primal=Optimization terminated successfully; dual=outer=Optimization terminated successfully; inner=Optimization terminated successfully,1,-2509.2041157712792,2509.2041157712792,,tiny12_dare_ties_20260503_contcert1,tiny12
dare_ties,triple,conversation+flex+textsql,21.34783782880789,7.761135768890348,0,"[0.4409706131556767, 0.20239245623287896, 0.3566369306114443]","[0.4, 0.2, 0.4]",0.0,"{""conversation"": -2.0392806053161294, ""flex"": -7.761135768890348, ""textsql"": -0.5788096747822978}",flex,continuous_primal_dual_psd,6,21.34783782880789,21.34783782876993,3.796074565798335e-11,"[0.20566333920796268, 0.7943366607902413, 1.7961718177567492e-12]",primal=Optimization terminated successfully; dual=outer=Optimization terminated successfully; inner=Optimization terminated successfully,1,-222.622303720951,222.622303720951,,tiny12_dare_ties_20260503_contcert1,tiny12
dare_ties,triple,conversation+gsm8k+textsql,22.77007318753069,0.5408340725204505,0,"[0.2, 0.20000000000019572, 0.5999999999998042]","[0.4, 0.2, 0.4]",3.7305808749892826,"{""conversation"": 2.573797035217318, ""gsm8k"": 2.9096215248108237, ""textsql"": -0.5408340725204505}",textsql,continuous_primal_dual_psd,6,22.77007318753069,22.77007318753069,0.0,"[1.0, 0.0, 0.0]",primal=Optimization terminated successfully; dual=outer=Optimization terminated successfully; inner=Optimization terminated successfully,1,-507.69091722368273,507.69091722368273,,tiny12_dare_ties_20260503_contcert1,tiny12
dare_ties,triple,conversation+physics+brainstorming,9.3994958940333,15.016344261169401,0,"[0.2000000000000171, 0.30216950824678174, 0.49783049175320115]","[0.2, 0.4, 0.4]",0.0,"{""brainstorming"": -15.016344261169401, ""conversation"": 4.210719394683871, ""physics"": -13.674476814269987}",brainstorming,continuous_primal_dual_psd,6,9.3994958940333,9.3994958940333,0.0,"[0.0, 0.0, 1.0]",primal=Optimization terminated successfully; dual=outer=Optimization terminated successfully; inner=Optimization terminated successfully,1,-160.98069029203762,160.98069029203765,,tiny12_dare_ties_20260503_contcert1,tiny12
dare_ties,triple,conversation+physics+company,23.28701617594102,18.125811290740934,0,"[0.2, 0.3190078355522851, 0.48099216444771487]","[0.2, 0.2, 0.6]",2.6634693145751953,"{""company"": -8.836522769927946, ""conversation"": -16.771426868438688, ""physics"": -18.125811290740934}",physics,continuous_primal_dual_psd,6,23.28701617594102,23.28701617594102,0.0,"[1.0, 0.0, 0.0]",primal=Optimization terminated successfully; dual=outer=Optimization terminated successfully; inner=Optimization terminated successfully,1,-396.5205637302605,396.5205637302605,,tiny12_dare_ties_20260503_contcert1,tiny12
dare_ties,triple,conversation+physics+creative,43.44902094441735,15.943291854858366,0,"[0.25771825447822894, 0.2, 0.542281745521771]","[0.4, 0.2, 0.4]",3.674948215484619,"{""conversation"": -10.819056701660124, ""creative"": -5.040434074401823, ""physics"": -15.943291854858366}",physics,continuous_primal_dual_psd,6,43.44902094441735,43.44902094441735,0.0,"[1.0, 4.911435841359335e-17, 0.0]",primal=Optimization terminated successfully; dual=outer=Optimization terminated successfully; inner=Optimization terminated successfully,1,-725.668990992835,725.6689909928351,,tiny12_dare_ties_20260503_contcert1,tiny12
dare_ties,triple,conversation+physics+docker,9.984999491480949,12.182083797454801,0,"[0.40088657760202656, 0.2000000000000163, 0.3991134223979571]","[0.4, 0.2, 0.4]",0.0,"{""conversation"": 10.014304447174105, ""docker"": 6.740471649169955, ""physics"": -12.182083797454801}",physics,continuous_primal_dual_psd,6,9.984999491480949,9.984999491480949,0.0,"[0.0, 0.0, 1.0]",primal=Optimization terminated successfully; dual=outer=Optimization terminated successfully; inner=Optimization terminated successfully,1,-129.08211790963887,129.08211790963887,,tiny12_dare_ties_20260503_contcert1,tiny12
dare_ties,triple,conversation+physics+empathy,14.876034230494795,10.111680698394743,0,"[0.2371723728374894, 0.2, 0.5628276271625106]","[0.4, 0.2, 0.4]",10.59352159500122,"{""conversation"": -2.7833253860473306, ""empathy"": -0.34132522619776373, ""physics"": -10.111680698394743}",physics,continuous_primal_dual_psd,6,14.876034230494795,14.876034230494795,0.0,"[1.0, 0.0, 0.0]",primal=Optimization terminated successfully; dual=outer=Optimization terminated successfully; inner=Optimization terminated successfully,1,-381.46331680522974,381.46331680522974,,tiny12_dare_ties_20260503_contcert1,tiny12
dare_ties,triple,conversation+physics+gsm8k,100.06208741683204,33.86944837570187,0,"[0.20000000000020748, 0.20000000000003937, 0.5999999999997532]","[0.6, 0.2, 0.2]",15.193629264831543,"{""conversation"": -31.50356121063229, ""gsm8k"": 7.593902873992953, ""physics"": -33.86944837570187}",physics,continuous_primal_dual_psd,6,100.06208741683204,100.06208741683204,0.0,"[1.0, 0.0, 0.0]",primal=Optimization terminated successfully; dual=outer=Optimization terminated successfully; inner=Optimization terminated successfully,1,-1353.3591224076465,1353.3591224076465,,tiny12_dare_ties_20260503_contcert1,tiny12
dare_ties,triple,conversation+physics+textsql,6.530660079648555,13.646426868438688,0,"[0.5999999999999992, 0.20000000000000004, 0.20000000000000073]","[0.4, 0.4, 0.2]",0.22646188735961914,"{""conversation"": -13.646426868438688, ""physics"": -11.698976230621305, ""textsql"": -0.7245242075993809}",conversation,continuous_primal_dual_psd,6,6.530660079648555,6.530660079648536,1.9539925233402755e-14,"[0.9999999999999951, 0.0, 4.940492459581935e-15]",primal=Optimization terminated successfully; dual=outer=Optimization terminated successfully; inner=Optimization terminated successfully,1,-50.414071526459544,50.414071526459544,,tiny12_dare_ties_20260503_contcert1,tiny12
dare_ties,triple,creative+company+docker,7.377484785517339,10.607412528991667,0,"[0.5508905409380808, 0.2000000000016431, 0.24910945906027615]","[0.4, 0.2, 0.4]",3.131282329559326,"{""company"": -6.525102329254118, ""creative"": -10.607412528991667, ""docker"": 10.430940914154085}",creative,continuous_primal_dual_psd,6,7.377484785517339,7.377484785517339,0.0,"[0.0, 0.0, 1.0]",primal=Optimization terminated successfully; dual=outer=Optimization terminated successfully; inner=Optimization terminated successfully,1,-184.8472480494081,184.8472480494081,,tiny12_dare_ties_20260503_contcert1,tiny12
dare_ties,triple,creative+company+gsm8k,3.0038805746428636,13.630500507354704,0,"[0.2000000000000622, 0.4101968541309562, 0.38980314586898157]","[0.2, 0.4, 0.4]",0.0,"{""company"": -11.370292377471891, ""creative"": -13.630500507354704, ""gsm8k"": 32.700177955627474}",creative,continuous_primal_dual_psd,6,3.0038805746428636,3.003880574637237,5.626610288800293e-12,"[0.16730224042536374, 0.8326977595744105, 2.2581047275094246e-13]",primal=Optimization terminated successfully; dual=outer=Optimization terminated successfully; inner=Optimization terminated successfully,0,58.14901380936337,0.0,,tiny12_dare_ties_20260503_contcert1,tiny12
dare_ties,triple,creative+company+textsql,22.712357710151718,0.47833382805631364,0,"[0.2, 0.2, 0.6]","[0.4, 0.4, 0.2]",7.891210391914357,"{""company"": 0.45528106689456393, ""creative"": 2.493247318267855, ""textsql"": -0.47833382805631364}",textsql,continuous_primal_dual_psd,6,22.712357710151718,22.712357710151718,0.0,"[1.0, 0.0, 0.0]",primal=Optimization terminated successfully; dual=outer=Optimization terminated successfully; inner=Optimization terminated successfully,1,-264.5969305732084,264.5969305732084,,tiny12_dare_ties_20260503_contcert1,tiny12
dare_ties,triple,creative+docker+gsm8k,48.53492684364317,9.468641948699918,0,"[0.2, 0.2, 0.6]","[0.2, 0.6, 0.2]",17.064690589904785,"{""creative"": -9.468641948699918, ""docker"": 19.657131958007845, ""gsm8k"": -3.0635745048522622}",creative,continuous_primal_dual_psd,6,48.53492684364317,48.534926843588124,5.504574573933496e-11,"[4.71533923016573e-12, 0.9999999999952847, 0.0]",primal=Optimization terminated successfully; dual=outer=Optimization terminated successfully; inner=Optimization terminated successfully,1,-881.2277140088495,881.2277140088495,,tiny12_dare_ties_20260503_contcert1,tiny12
dare_ties,triple,creative+docker+textsql,24.676493041426255,6.890490722656217,0,"[0.5265858460886289, 0.2734141539113694, 0.20000000000000173]","[0.6, 0.2, 0.2]",0.0,"{""creative"": -5.80219335556027, ""docker"": -6.890490722656217, ""textsql"": -0.5028571664498735}",docker,continuous_primal_dual_psd,6,24.676493041426255,24.676493041426255,0.0,"[1.0, 0.0, 0.0]",primal=Optimization terminated successfully; dual=outer=Optimization terminated successfully; inner=Optimization terminated successfully,1,-85.43294970312057,85.43294970312057,,tiny12_dare_ties_20260503_contcert1,tiny12
dare_ties,triple,creative+gsm8k+textsql,12.083122514328872,3.9040596008300454,0,"[0.2472954587154139, 0.2, 0.5527045412845861]","[0.4, 0.2, 0.4]",11.300528049468994,"{""creative"": -3.9040596008300454, ""gsm8k"": 11.51718788146976, ""textsql"": -0.4665482663472638}",creative,continuous_primal_dual_psd,6,12.083122514328872,12.083122514328714,1.580957587066223e-13,"[0.5164451682718862, 0.48355483172811375, 0.0]",primal=Optimization terminated successfully; dual=outer=Optimization terminated successfully; inner=Optimization terminated successfully,1,-491.22397273068117,491.22397273068117,,tiny12_dare_ties_20260503_contcert1,tiny12
dare_ties,triple,docker+gsm8k+textsql,15.65151740487411,0.1900000043460304,0,"[0.2, 0.2713761548820687, 0.5286238451179313]","[0.2, 0.4, 0.4]",1.6409623674801088,"{""docker"": 9.121426868438753, ""gsm8k"": 14.729174900054964, ""textsql"": -0.1900000043460304}",textsql,continuous_primal_dual_psd,6,15.65151740487411,15.65151740487411,0.0,"[1.0, 0.0, 0.0]",primal=Optimization terminated successfully; dual=outer=Optimization terminated successfully; inner=Optimization terminated successfully,1,-479.1177313721878,479.11773137218773,,tiny12_dare_ties_20260503_contcert1,tiny12
dare_ties,triple,empathy+brainstorming+company,8.844297794208444,5.668523979186979,0,"[0.46739903432368374, 0.20000000000008697, 0.3326009656762293]","[0.4, 0.2, 0.4]",0.0,"{""brainstorming"": -5.668523979186979, ""company"": -3.0822546005248697, ""empathy"": 0.5063542597441905}",brainstorming,continuous_primal_dual_psd,6,8.844297794208444,8.844297794208444,0.0,"[0.0, 1.0, 0.0]",primal=Optimization terminated successfully; dual=outer=Optimization terminated successfully; inner=Optimization terminated successfully,1,-163.8085940259791,163.80859402597906,,tiny12_dare_ties_20260503_contcert1,tiny12
dare_ties,triple,empathy+brainstorming+creative,17.90398664474489,-0.2538421074537859,1,"[0.2, 0.2, 0.6]","[0.2, 0.2, 0.6]",0.0,"{""brainstorming"": 4.75768737792972, ""creative"": 7.7896564483642905, ""empathy"": 0.2538421074537859}",empathy,continuous_primal_dual_psd,6,17.90398664474489,17.90398664474489,0.0,"[0.0, 1.0, 0.0]",primal=Optimization terminated successfully; dual=outer=Optimization terminated successfully; inner=Optimization terminated successfully,1,-665.3984195935955,665.5431566610224,,tiny12_dare_ties_20260503_contcert1,tiny12
dare_ties,triple,empathy+brainstorming+docker,7.632193768714323,5.536940765380827,0,"[0.5020615663216905, 0.2979384336783246, 0.19999999999998486]","[0.4, 0.4, 0.2]",3.6527395248413086,"{""brainstorming"": -5.536940765380827, ""docker"": -4.390481185913053, ""empathy"": -0.49147475538230057}",brainstorming,continuous_primal_dual_psd,6,7.632193768714323,7.632193768714314,8.881784197001252e-15,"[0.0, 0.9999999999999918, 8.160139230994834e-15]",primal=Optimization terminated successfully; dual=outer=Optimization terminated successfully; inner=Optimization terminated successfully,0,7.1672808725544845,0.0,,tiny12_dare_ties_20260503_contcert1,tiny12
dare_ties,triple,empathy+brainstorming+gsm8k,12.069185489518384,0.19742120825957504,0,"[0.20000000000002843, 0.27182798194642327, 0.5281720180535483]","[0.6, 0.2, 0.2]",18.774883326652503,"{""brainstorming"": 5.386945533752474, ""empathy"": -0.19742120825957504, ""gsm8k"": 12.602147388458285}",empathy,continuous_primal_dual_psd,6,12.069185489518384,12.069185489417428,1.0095568825363443e-10,"[2.5574838167948504e-14, 0.8406229258688954, 0.15937707413107913]",primal=Optimization terminated successfully; dual=outer=Optimization terminated successfully; inner=Optimization terminated successfully,1,-688.9652958228722,688.9729765815428,,tiny12_dare_ties_20260503_contcert1,tiny12
dare_ties,triple,empathy+brainstorming+textsql,20.802697972044466,0.38059511045650385,0,"[0.2, 0.20000000000003207, 0.5999999999999679]","[0.2, 0.6, 0.2]",12.135739613969733,"{""brainstorming"": 2.0288675308227866, ""empathy"": -0.14827627431897403, ""textsql"": -0.38059511045650385}",textsql,continuous_primal_dual_psd,6,20.802697972044466,20.802697972044466,0.0,"[0.0, 1.0, 0.0]",primal=Optimization terminated successfully; dual=outer=Optimization terminated successfully; inner=Optimization terminated successfully,1,-404.2526283842395,404.2526283842395,,tiny12_dare_ties_20260503_contcert1,tiny12
dare_ties,triple,empathy+company+docker,15.334738114939555,10.521426868438688,0,"[0.5209302521886078, 0.20000000000009724, 0.279069747811295]","[0.6, 0.2, 0.2]",0.0,"{""company"": -9.869960021972624, ""docker"": -10.521426868438688, ""empathy"": -0.1895466834807693}",docker,continuous_primal_dual_psd,6,15.334738114939555,15.334738114939555,0.0,"[0.0, 0.0, 1.0]",primal=Optimization terminated successfully; dual=outer=Optimization terminated successfully; inner=Optimization terminated successfully,1,-584.9594726274515,584.9594726274515,,tiny12_dare_ties_20260503_contcert1,tiny12
dare_ties,triple,empathy+company+gsm8k,40.118697357177744,-0.10667917687659527,1,"[0.2, 0.2, 0.6]","[0.6, 0.2, 0.2]",13.74969665963413,"{""company"": 2.1936147689819663, ""empathy"": 0.10667917687659527, ""gsm8k"": 23.753246593475374}",empathy,continuous_primal_dual_psd,6,40.118697357177744,40.11869735717744,3.055333763768431e-13,"[0.0, 0.9999999999999842, 1.5765166949676974e-14]",primal=Optimization terminated successfully; dual=outer=Optimization terminated successfully; inner=Optimization terminated successfully,1,-1261.4981633481575,1261.4981633481577,,tiny12_dare_ties_20260503_contcert1,tiny12
dare_ties,triple,empathy+company+textsql,11.677440480310846,2.347722721099821,0,"[0.30816883546408913, 0.2, 0.4918311645359108]","[0.4, 0.4, 0.2]",3.9542317390441895,"{""company"": -2.347722721099821, ""empathy"": 0.6065445696154191, ""textsql"": -0.5822621602980693}",company,continuous_primal_dual_psd,6,11.677440480310846,11.677440480310846,0.0,"[0.0, 1.0, 0.0]",primal=Optimization terminated successfully; dual=outer=Optimization terminated successfully; inner=Optimization terminated successfully,1,-136.89582901904583,136.89582901904586,,tiny12_dare_ties_20260503_contcert1,tiny12
dare_ties,triple,empathy+creative+company,9.348821461527953,-0.15853928096697342,1,"[0.20000000000001608, 0.36207810817893893, 0.437921891821045]","[0.4, 0.4, 0.2]",3.2449185229103,"{""company"": 3.511962223053011, ""creative"": 2.9682128906250327, ""empathy"": 0.15853928096697342}",empathy,continuous_primal_dual_psd,6,9.348821461527953,9.348821461527953,0.0,"[0.0, 0.0, 1.0]",primal=Optimization terminated successfully; dual=outer=Optimization terminated successfully; inner=Optimization terminated successfully,1,-198.1198469527102,198.11984695271025,,tiny12_dare_ties_20260503_contcert1,tiny12
dare_ties,triple,empathy+creative+docker,37.10102353256065,1.5345365524291665,0,"[0.2, 0.20000000000005794, 0.599999999999942]","[0.4, 0.4, 0.2]",16.45381450653076,"{""creative"": -1.5345365524291665, ""docker"": 1.6809432983398764, ""empathy"": -0.5400768324077635}",creative,continuous_primal_dual_psd,6,37.10102353256065,37.10102353254877,1.1880274541908875e-11,"[0.0, 0.9999999999983065, 1.6935499303443555e-12]",primal=Optimization terminated successfully; dual=outer=Optimization terminated successfully; inner=Optimization terminated successfully,1,-610.1138743551052,610.1138743551052,,tiny12_dare_ties_20260503_contcert1,tiny12
dare_ties,triple,empathy+creative+gsm8k,14.174500140130899,-0.01137723596386948,1,"[0.2, 0.2605788770157384, 0.5394211229842616]","[0.6, 0.2, 0.2]",6.601806255891815,"{""creative"": 4.928311634063753, ""empathy"": 0.01137723596386948, ""gsm8k"": 12.274762916564974}",empathy,continuous_primal_dual_psd,6,14.174500140130899,14.174500140130696,2.0250467969162855e-13,"[1.6153745008295766e-14, 0.9999999999999838, 0.0]",primal=Optimization terminated successfully; dual=outer=Optimization terminated successfully; inner=Optimization terminated successfully,1,-432.70286269305626,432.7028626930563,,tiny12_dare_ties_20260503_contcert1,tiny12
dare_ties,triple,empathy+creative+textsql,1.3044265881067254,0.3705957667068977,0,"[0.2, 0.3832378535707027, 0.4167621464292972]","[0.2, 0.6, 0.2]",0.18392121632529618,"{""creative"": 3.9482801437378257, ""empathy"": 0.16342764992547631, ""textsql"": -0.3705957667068977}",textsql,continuous_primal_dual_psd,6,1.3044265881067254,1.3044265880465842,6.014122533315458e-11,"[0.9379408088122103, 0.06205919118778974, 0.0]",primal=Optimization terminated successfully; dual=outer=Optimization terminated successfully; inner=Optimization terminated successfully,1,-11.106225699810093,11.106225699810093,,tiny12_dare_ties_20260503_contcert1,tiny12
dare_ties,triple,empathy+docker+gsm8k,17.268600286956982,0.7909590855916236,0,"[0.36258802564744114, 0.20000000000003204, 0.4374119743525269]","[0.2, 0.4, 0.4]",9.790000902048725,"{""docker"": 0.4904597282409995, ""empathy"": -0.7909590855916236, ""gsm8k"": 5.74795894622806}",empathy,continuous_primal_dual_psd,6,17.268600286956982,17.268600286956982,0.0,"[0.0, 1.0, 0.0]",primal=Optimization terminated successfully; dual=outer=Optimization terminated successfully; inner=Optimization terminated successfully,1,-208.1331939708548,208.13319397085476,,tiny12_dare_ties_20260503_contcert1,tiny12
dare_ties,triple,empathy+docker+textsql,12.79293111749395,1.8904835700988443,0,"[0.2, 0.3661692599254808, 0.43383074007451916]","[0.2, 0.4, 0.4]",0.0,"{""docker"": -1.8904835700988443, ""empathy"": -1.5791766994830931, ""textsql"": -0.7619048384776569}",docker,continuous_primal_dual_psd,6,12.79293111749395,12.79293111749395,0.0,"[0.0, 1.0, 0.0]",primal=Optimization terminated successfully; dual=outer=Optimization terminated successfully; inner=Optimization terminated successfully,1,-153.2273616441279,153.2273616441279,,tiny12_dare_ties_20260503_contcert1,tiny12
dare_ties,triple,empathy+gsm8k+textsql,0.2453945346345794,0.46654783174435394,0,"[0.5318219693298714, 0.2632023368903497, 0.20497569377977887]","[0.4, 0.2, 0.4]",0.5973808221035564,"{""empathy"": -0.04564177996849391, ""gsm8k"": 7.194551753997835, ""textsql"": -0.46654783174435394}",textsql,continuous_primal_dual_psd,6,0.2453945346345794,0.2453945345961646,3.8414799119479426e-11,"[0.8996099844061768, 0.0, 0.10039001559382321]",primal=Optimization terminated successfully; dual=outer=Optimization terminated successfully; inner=Optimization terminated successfully,0,4.496622537127297,0.0,,tiny12_dare_ties_20260503_contcert1,tiny12
dare_ties,triple,energy+brainstorming+company,41.373271180087976,5.267837715148893,0,"[0.2, 0.2, 0.6]","[0.2, 0.6, 0.2]",10.090422630310059,"{""brainstorming"": -4.352739524841276, ""company"": -3.036955070495573, ""energy"": -5.267837715148893}",energy,continuous_primal_dual_psd,6,41.373271180087976,41.373271180087976,0.0,"[0.0, 1.0, 0.0]",primal=Optimization terminated successfully; dual=outer=Optimization terminated successfully; inner=Optimization terminated successfully,1,-429.92635128719047,429.92635128719047,,tiny12_dare_ties_20260503_contcert1,tiny12
dare_ties,triple,energy+brainstorming+creative,16.733797125106214,3.960874748229948,0,"[0.2, 0.2, 0.6]","[0.2, 0.2, 0.6]",0.0,"{""brainstorming"": -3.960874748229948, ""creative"": -0.5545169830321939, ""energy"": -3.6805421829223306}",brainstorming,continuous_primal_dual_psd,6,16.733797125106214,16.733797125106214,0.0,"[1.0, 0.0, 0.0]",primal=Optimization terminated successfully; dual=outer=Optimization terminated successfully; inner=Optimization terminated successfully,1,-350.13418865266385,350.1341886526638,,tiny12_dare_ties_20260503_contcert1,tiny12
dare_ties,triple,energy+brainstorming+docker,18.54334480837514,8.080950450897184,0,"[0.20000000000002843, 0.27542458565650146, 0.5245754143434701]","[0.2, 0.6, 0.2]",11.772358417510986,"{""brainstorming"": -4.916217994689909, ""docker"": -8.080950450897184, ""energy"": -6.81690282821652}",docker,continuous_primal_dual_psd,6,18.54334480837514,18.54334480837293,2.2097879082139116e-12,"[0.6677194894391633, 2.8649643142576567e-19, 0.33228051056083663]",primal=Optimization terminated successfully; dual=outer=Optimization terminated successfully; inner=Optimization terminated successfully,1,-292.62804722349324,293.41515451559656,,tiny12_dare_ties_20260503_contcert1,tiny12
dare_ties,triple,energy+brainstorming+gsm8k,10.574453721330851,11.037662696838346,0,"[0.45391118452753565, 0.2, 0.3460888154724644]","[0.6, 0.2, 0.2]",9.871125221252441,"{""brainstorming"": -10.63702411651608, ""energy"": -11.037662696838346, ""gsm8k"": 10.555669593811068}",energy,continuous_primal_dual_psd,6,10.574453721330851,10.574453721308366,2.248512487312837e-11,"[0.596278982908307, 0.40372101709085834, 8.3469095003502e-13]",primal=Optimization terminated successfully; dual=outer=Optimization terminated successfully; inner=Optimization terminated successfully,1,-165.2632501836967,165.2632501836967,,tiny12_dare_ties_20260503_contcert1,tiny12
dare_ties,triple,energy+brainstorming+textsql,25.469004138267213,11.458304595947233,0,"[0.2, 0.2, 0.6]","[0.6, 0.2, 0.2]",8.134698867797852,"{""brainstorming"": -10.11359996795651, ""energy"": -11.458304595947233, ""textsql"": -0.8139289798000926}",energy,continuous_primal_dual_psd,6,25.469004138267213,25.469004138267213,0.0,"[1.0, 0.0, 0.0]",primal=Optimization terminated successfully; dual=outer=Optimization terminated successfully; inner=Optimization terminated successfully,1,-238.06906102368873,238.06906102368873,,tiny12_dare_ties_20260503_contcert1,tiny12
dare_ties,triple,energy+company+docker,38.85443374046588,25.490012836456266,0,"[0.4002348287263905, 0.2, 0.39976517127360944]","[0.4, 0.2, 0.4]",0.0,"{""company"": -25.490012836456266, ""docker"": -3.140476417541471, ""energy"": -19.43880624771115}",company,continuous_primal_dual_psd,6,38.85443374046588,38.85443374046588,0.0,"[0.0, 1.0, 0.0]",primal=Optimization terminated successfully; dual=outer=Optimization terminated successfully; inner=Optimization terminated successfully,1,-455.78448329993205,455.78448329993205,,tiny12_dare_ties_20260503_contcert1,tiny12
dare_ties,triple,energy+company+gsm8k,24.052575065566913,21.25995464324948,0,"[0.3467770786649456, 0.3188233802269891, 0.33439954110806536]","[0.4, 0.2, 0.4]",0.0,"{""company"": -21.25995464324948, ""energy"": -15.749791336059538, ""gsm8k"": 24.185165691375765}",company,continuous_primal_dual_psd,6,24.052575065566913,24.052575065566913,0.0,"[0.0, 1.0, 0.0]",primal=Optimization terminated successfully; dual=outer=Optimization terminated successfully; inner=Optimization terminated successfully,0,30.1425712068162,0.0,,tiny12_dare_ties_20260503_contcert1,tiny12
dare_ties,triple,energy+company+textsql,16.446099087278313,11.934354972839323,0,"[0.2, 0.355564904952477, 0.444435095047523]","[0.2, 0.4, 0.4]",0.0,"{""company"": -11.934354972839323, ""energy"": -11.656716537475553, ""textsql"": -0.4779765844644249}",company,continuous_primal_dual_psd,6,16.446099087278313,16.446099087278313,0.0,"[1.0, 0.0, 0.0]",primal=Optimization terminated successfully; dual=outer=Optimization terminated successfully; inner=Optimization terminated successfully,1,-216.70531472130855,216.70531472130858,,tiny12_dare_ties_20260503_contcert1,tiny12
dare_ties,triple,energy+creative+company,37.42569394111631,13.316932392120329,0,"[0.2, 0.2, 0.6]","[0.2, 0.6, 0.2]",8.61501693725586,"{""company"": -13.316932392120329, ""creative"": -11.562767696380583, ""energy"": -11.310389709472624}",company,continuous_primal_dual_psd,6,37.42569394111631,37.42569394111631,0.0,"[0.0, 0.0, 1.0]",primal=Optimization terminated successfully; dual=outer=Optimization terminated successfully; inner=Optimization terminated successfully,1,-598.7110611618918,600.599828636008,,tiny12_dare_ties_20260503_contcert1,tiny12
dare_ties,triple,energy+creative+docker,28.93251073360887,6.830957603454557,0,"[0.2565249127839974, 0.20000000000001408, 0.5434750872159885]","[0.2, 0.6, 0.2]",18.005621433258057,"{""creative"": -0.9699494361877115, ""docker"": -6.830957603454557, ""energy"": 2.4558275222778647}",docker,continuous_primal_dual_psd,6,28.93251073360887,28.9325107336075,1.3677947663381929e-12,"[8.967683593956588e-14, 0.26906994698389664, 0.7309300530160137]",primal=Optimization terminated successfully; dual=outer=Optimization terminated successfully; inner=Optimization terminated successfully,1,-517.8902921660574,517.8902921660574,,tiny12_dare_ties_20260503_contcert1,tiny12
dare_ties,triple,energy+creative+gsm8k,21.66569264156254,10.839250755310026,0,"[0.35962464753966933, 0.2, 0.44037535246033066]","[0.2, 0.6, 0.2]",16.197705268859863,"{""creative"": -6.909099292755094, ""energy"": -10.839250755310026, ""gsm8k"": 3.6226361274719565}",energy,continuous_primal_dual_psd,6,21.66569264156254,21.66569264156254,0.0,"[1.0, 0.0, 0.0]",primal=Optimization terminated successfully; dual=outer=Optimization terminated successfully; inner=Optimization terminated successfully,1,-420.06767535772724,420.0676753577272,,tiny12_dare_ties_20260503_contcert1,tiny12
dare_ties,triple,energy+creative+textsql,13.166680664042985,0.29773806569544636,0,"[0.35593548945854425, 0.2, 0.4440645105414558]","[0.2, 0.6, 0.2]",13.930394372964189,"{""creative"": 7.050141620636019, ""energy"": 1.782664585113558, ""textsql"": -0.29773806569544636}",textsql,continuous_primal_dual_psd,6,13.166680664042985,13.166680664042985,0.0,"[1.0, 0.0, 0.0]",primal=Optimization terminated successfully; dual=outer=Optimization terminated successfully; inner=Optimization terminated successfully,1,-280.97214128676296,280.97214128676296,,tiny12_dare_ties_20260503_contcert1,tiny12
dare_ties,triple,energy+docker+gsm8k,15.247650711497478,9.081664752960172,0,"[0.32850215727013354, 0.4714978427298745, 0.19999999999999196]","[0.2, 0.6, 0.2]",2.559173107147217,"{""docker"": 5.4904668807983725, ""energy"": -9.081664752960172, ""gsm8k"": -5.756214332580534}",energy,continuous_primal_dual_psd,6,15.247650711497478,15.247650711497478,0.0,"[0.0, 1.0, 0.0]",primal=Optimization terminated successfully; dual=outer=Optimization terminated successfully; inner=Optimization terminated successfully,1,-166.1170082057069,166.1170082057069,,tiny12_dare_ties_20260503_contcert1,tiny12
dare_ties,triple,energy+docker+textsql,23.475456792554436,18.500855636596647,0,"[0.20000000000009036, 0.3370520509351383, 0.4629479490647713]","[0.6, 0.2, 0.2]",10.062789916992188,"{""docker"": -8.08096237182614, ""energy"": -18.500855636596647, ""textsql"": -0.8796431127824986}",energy,continuous_primal_dual_psd,6,23.475456792554436,23.475456792554198,2.3803181647963356e-13,"[0.9999999999997842, 2.158828671383151e-13, 0.0]",primal=Optimization terminated successfully; dual=outer=Optimization terminated successfully; inner=Optimization terminated successfully,1,-604.3554593389791,604.3554593389792,,tiny12_dare_ties_20260503_contcert1,tiny12
dare_ties,triple,energy+empathy+brainstorming,15.977927579849062,0.3739149093627603,0,"[0.2, 0.2, 0.6]","[0.2, 0.6, 0.2]",4.505038261413574,"{""brainstorming"": -0.3739149093627603, ""empathy"": 0.30543122587363836, ""energy"": 0.8367865562439292}",brainstorming,continuous_primal_dual_psd,6,15.977927579849062,15.977927579848972,9.059419880941277e-14,"[2.5812685322534224e-14, 0.0, 0.9999999999999742]",primal=Optimization terminated successfully; dual=outer=Optimization terminated successfully; inner=Optimization terminated successfully,1,-342.2015720418974,342.2015720418974,,tiny12_dare_ties_20260503_contcert1,tiny12
dare_ties,triple,energy+empathy+company,6.960451308101419,7.4152619361877115,0,"[0.20000000000008447, 0.43140739449020454, 0.36859260550971096]","[0.2, 0.4, 0.4]",0.0,"{""company"": -7.4152619361877115, ""empathy"": 0.3105892521415369, ""energy"": -3.267839622497526}",company,continuous_primal_dual_psd,6,6.960451308101419,6.960451308101419,0.0,"[0.0, 0.0, 1.0]",primal=Optimization terminated successfully; dual=outer=Optimization terminated successfully; inner=Optimization terminated successfully,1,-91.06082900213961,91.06082900213963,,tiny12_dare_ties_20260503_contcert1,tiny12
dare_ties,triple,energy+empathy+creative,0.6167466408202316,0.2875646801173589,0,"[0.37750372945671573, 0.20000000000001955, 0.42249627054326466]","[0.2, 0.6, 0.2]",0.004887483384416191,"{""creative"": 3.9482801437378257, ""empathy"": -0.2875646801173589, ""energy"": 3.1715720176697104}",empathy,continuous_primal_dual_psd,6,0.6167466408202316,0.6167466408190292,1.2023715356690445e-12,"[0.08860760398155768, 0.9113923960184422, 0.0]",primal=Optimization terminated successfully; dual=outer=Optimization terminated successfully; inner=Optimization terminated successfully,1,-192.41173149356482,192.4117314935648,,tiny12_dare_ties_20260503_contcert1,tiny12
dare_ties,triple,energy+empathy+docker,4.709854821818695,4.8710138320922525,0,"[0.43255137328857224, 0.2, 0.36744862671142775]","[0.4, 0.2, 0.4]",0.0,"{""docker"": 14.180943298339876, ""empathy"": -0.5970958483401269, ""energy"": -4.8710138320922525}",energy,continuous_primal_dual_psd,6,4.709854821818695,4.709854821818695,0.0,"[0.0, 0.0, 1.0]",primal=Optimization terminated successfully; dual=outer=Optimization terminated successfully; inner=Optimization terminated successfully,1,-251.43541981041383,251.43541981041383,,tiny12_dare_ties_20260503_contcert1,tiny12
dare_ties,triple,energy+empathy+gsm8k,2.841274535101102,2.7425915718078286,0,"[0.2, 0.2, 0.6]","[0.2, 0.6, 0.2]",13.676011562347412,"{""empathy"": -0.3470269949548871, ""energy"": -2.7425915718078286, ""gsm8k"": 18.710741329193148}",energy,continuous_primal_dual_psd,6,2.841274535101102,2.841274535098532,2.5699442574023124e-12,"[0.9999999999985056, 1.4944157022944588e-12, 0.0]",primal=Optimization terminated successfully; dual=outer=Optimization terminated successfully; inner=Optimization terminated successfully,1,-181.37634744213756,181.37634744213756,,tiny12_dare_ties_20260503_contcert1,tiny12
dare_ties,triple,energy+empathy+textsql,4.955603434302446,4.237523746490446,0,"[0.29337511886082634, 0.40457858706363514, 0.3020462940755385]","[0.4, 0.4, 0.2]",4.641425609588623,"{""empathy"": -0.3394243414206937, ""energy"": -4.237523746490446, ""textsql"": -0.6716664978958713}",energy,continuous_primal_dual_psd,6,4.955603434302446,4.955603434302446,0.0,"[1.0, 0.0, 0.0]",primal=Optimization terminated successfully; dual=outer=Optimization terminated successfully; inner=Optimization terminated successfully,1,-9.099161884498248,9.099161884498248,,tiny12_dare_ties_20260503_contcert1,tiny12
dare_ties,triple,energy+gsm8k+textsql,10.409224879919961,11.921504211425749,0,"[0.2, 0.3122573263834638, 0.4877426736165362]","[0.4, 0.4, 0.2]",9.43145751953125,"{""energy"": -11.921504211425749, ""gsm8k"": 17.953166294097933, ""textsql"": -0.8139285451971828}",energy,continuous_primal_dual_psd,6,10.409224879919961,10.409224879919575,3.8546943414985435e-13,"[0.9999999999999607, 0.0, 3.9246383920497744e-14]",primal=Optimization terminated successfully; dual=outer=Optimization terminated successfully; inner=Optimization terminated successfully,1,-47.32051948099179,47.3205194809918,,tiny12_dare_ties_20260503_contcert1,tiny12
dare_ties,triple,energy+physics+brainstorming,23.919591379170896,1.0019452095031411,0,"[0.2, 0.2000000000000302, 0.5999999999999698]","[0.2, 0.2, 0.6]",0.0,"{""brainstorming"": 4.202744293212923, ""energy"": 3.3541052818298667, ""physics"": -1.0019452095031411}",physics,continuous_primal_dual_psd,6,23.919591379170896,23.919591379170896,0.0,"[0.0, 1.0, 0.0]",primal=Optimization terminated successfully; dual=outer=Optimization terminated successfully; inner=Optimization terminated successfully,1,-756.5569433417295,756.6839694545698,,tiny12_dare_ties_20260503_contcert1,tiny12
dare_ties,triple,energy+physics+company,86.44551275995565,21.585097980499235,0,"[0.20000000000005685, 0.2, 0.5999999999999431]","[0.2, 0.2, 0.6]",0.0,"{""company"": -8.510437679290739, ""energy"": 4.479643630981478, ""physics"": -21.585097980499235}",physics,continuous_primal_dual_psd,6,86.44551275995565,86.44551275995565,0.0,"[1.0, 0.0, 0.0]",primal=Optimization terminated successfully; dual=outer=Optimization terminated successfully; inner=Optimization terminated successfully,1,-1910.6683116616823,1910.668311661682,,tiny12_dare_ties_20260503_contcert1,tiny12
dare_ties,triple,energy+physics+creative,34.50544185638427,14.657917690277067,0,"[0.2, 0.2, 0.6]","[0.2, 0.2, 0.6]",0.0,"{""creative"": -6.512263488769499, ""energy"": -8.839252662658659, ""physics"": -14.657917690277067}",physics,continuous_primal_dual_psd,6,34.50544185638427,34.50544185638397,3.055333763768431e-13,"[0.0, 3.069766663088464e-14, 0.9999999999999694]",primal=Optimization terminated successfully; dual=outer=Optimization terminated successfully; inner=Optimization terminated successfully,1,-723.0054938738283,731.9876099498241,,tiny12_dare_ties_20260503_contcert1,tiny12
dare_ties,triple,energy+physics+docker,25.06359394019835,18.02230186462399,0,"[0.20000000000005685, 0.2364565985645222, 0.5635434014354209]","[0.2, 0.4, 0.4]",12.180817127227783,"{""docker"": 2.9309361457825034, ""energy"": -5.991497707366911, ""physics"": -18.02230186462399}",physics,continuous_primal_dual_psd,6,25.06359394019835,25.06359394019486,3.488764832582092e-12,"[0.03444292389435495, 0.9655570761051846, 4.603418815303343e-13]",primal=Optimization terminated successfully; dual=outer=Optimization terminated successfully; inner=Optimization terminated successfully,1,-812.3477307444432,812.3477307444432,,tiny12_dare_ties_20260503_contcert1,tiny12
dare_ties,triple,energy+physics+empathy,26.950845307210148,13.769367408752409,0,"[0.2, 0.2, 0.6]","[0.6, 0.2, 0.2]",0.8885502815246582,"{""empathy"": -0.9397510297012719, ""energy"": -10.847190093994108, ""physics"": -13.769367408752409}",physics,continuous_primal_dual_psd,6,26.950845307210148,26.950845307210148,0.0,"[0.0, 1.0, 0.0]",primal=Optimization terminated successfully; dual=outer=Optimization terminated successfully; inner=Optimization terminated successfully,1,-669.7794580157022,669.7794580157022,,tiny12_dare_ties_20260503_contcert1,tiny12
dare_ties,triple,energy+physics+gsm8k,36.64147759458118,41.5816576004028,0,"[0.41592741780416737, 0.2000000000000334, 0.3840725821957992]","[0.4, 0.2, 0.4]",0.0,"{""energy"": -33.15309591293332, ""gsm8k"": -4.318204593658415, ""physics"": -41.5816576004028}",physics,continuous_primal_dual_psd,6,36.64147759458118,36.64147759458005,1.1297629498585593e-12,"[5.826168164075457e-15, 0.9999999999999942, 0.0]",primal=Optimization terminated successfully; dual=outer=Optimization terminated successfully; inner=Optimization terminated successfully,1,-330.33160958059415,330.331609580594,,tiny12_dare_ties_20260503_contcert1,tiny12
dare_ties,triple,energy+physics+textsql,28.123392394705096,13.967791271209684,0,"[0.2, 0.24084152094815559, 0.5591584790518445]","[0.6, 0.2, 0.2]",16.847825050354004,"{""energy"": -8.82481641769406, ""physics"": -13.967791271209684, ""textsql"": -1.0059521910723015}",physics,continuous_primal_dual_psd,6,28.123392394705096,28.123392394705096,0.0,"[1.0, 0.0, 0.0]",primal=Optimization terminated successfully; dual=outer=Optimization terminated successfully; inner=Optimization terminated successfully,1,-335.24647901326534,335.24647901326534,,tiny12_dare_ties_20260503_contcert1,tiny12
dare_ties,triple,flex+brainstorming+company,44.56829722863133,10.866347026824918,0,"[0.2, 0.36870144546687744, 0.4312985545331225]","[0.2, 0.6, 0.2]",4.514968395233154,"{""brainstorming"": -8.397343826293913, ""company"": -10.866347026824918, ""flex"": -8.64105529785153}",company,continuous_primal_dual_psd,6,44.56829722863133,44.56829722863133,0.0,"[1.0, 0.0, 0.0]",primal=Optimization terminated successfully; dual=outer=Optimization terminated successfully; inner=Optimization terminated successfully,1,-575.0737416214098,575.0737416214098,,tiny12_dare_ties_20260503_contcert1,tiny12
dare_ties,triple,flex+brainstorming+creative,11.402278999177781,4.189685058593717,0,"[0.2954449980374543, 0.41419123959052, 0.29036376237202566]","[0.2, 0.4, 0.4]",7.468533515930176,"{""brainstorming"": -4.189685058593717, ""creative"": -2.3522169113158853, ""flex"": -0.7000119209289224}",brainstorming,continuous_primal_dual_psd,6,11.402278999177781,11.40227899917688,9.00612917575927e-13,"[0.8384188278259618, 0.16158117217403825, 0.0]",primal=Optimization terminated successfully; dual=outer=Optimization terminated successfully; inner=Optimization terminated successfully,0,13.399719518043103,0.0,,tiny12_dare_ties_20260503_contcert1,tiny12
dare_ties,triple,flex+brainstorming+docker,85.63307667938919,13.440278244018522,0,"[0.2, 0.2, 0.6]","[0.2, 0.6, 0.2]",34.576404094696045,"{""brainstorming"": -13.440278244018522, ""docker"": -11.890485954284635, ""flex"": -10.518053245544401}",brainstorming,continuous_primal_dual_psd,6,85.63307667938919,85.63307667938919,0.0,"[1.0, 0.0, 0.0]",primal=Optimization terminated successfully; dual=outer=Optimization terminated successfully; inner=Optimization terminated successfully,1,-1167.7251872449672,1184.9576584136723,,tiny12_dare_ties_20260503_contcert1,tiny12
dare_ties,triple,flex+brainstorming+gsm8k,43.936175144167294,18.96372146606442,0,"[0.20000000000002913, 0.2715901384026339, 0.5284098615973369]","[0.4, 0.4, 0.2]",18.034887313842773,"{""brainstorming"": -18.96372146606442, ""flex"": -13.757112693786588, ""gsm8k"": 12.523302364349398}",brainstorming,continuous_primal_dual_psd,6,43.936175144167294,43.936175135874905,8.29238899768825e-09,"[0.2577818294873911, 0.7422181705103312, 2.2778429290148637e-12]",primal=Optimization terminated successfully; dual=outer=Optimization terminated successfully; inner=Optimization terminated successfully,1,-824.0636840837396,824.0636840837396,,tiny12_dare_ties_20260503_contcert1,tiny12
dare_ties,triple,flex+brainstorming+textsql,31.725138883379916,0.7657796859740884,0,"[0.20000000000001608, 0.20000000000003534, 0.5999999999999486]","[0.4, 0.4, 0.2]",25.27461051940918,"{""brainstorming"": -0.7657796859740884, ""flex"": 0.3869503021240561, ""textsql"": -0.2911907728587019}",brainstorming,continuous_primal_dual_psd,6,31.725138883379916,31.725138883377948,1.9682033780554775e-12,"[0.9999999999998308, 1.6923917962297206e-13, 0.0]",primal=Optimization terminated successfully; dual=outer=Optimization terminated successfully; inner=Optimization terminated successfully,1,-313.86791763624416,313.86791763624416,,tiny12_dare_ties_20260503_contcert1,tiny12
dare_ties,triple,flex+company+docker,104.02777628296441,38.702622127532926,0,"[0.3329695088975436, 0.2000000000000003, 0.4670304911024561]","[0.2, 0.6, 0.2]",19.028544425964355,"{""company"": -19.062987041473356, ""docker"": -4.330959987640348, ""flex"": -38.702622127532926}",flex,continuous_primal_dual_psd,6,104.02777628296441,104.02777628296441,0.0,"[1.0, 0.0, 0.0]",primal=Optimization terminated successfully; dual=outer=Optimization terminated successfully; inner=Optimization terminated successfully,1,-1383.0783307392385,1383.0783307392385,,tiny12_dare_ties_20260503_contcert1,tiny12
dare_ties,triple,flex+company+gsm8k,46.95169303764611,31.149593067169157,0,"[0.20000000000000004, 0.3974514606853886, 0.4025485393146113]","[0.2, 0.4, 0.4]",0.0,"{""company"": -31.149593067169157, ""flex"": -25.187864971160856, ""gsm8k"": 18.155404853820833}",company,continuous_primal_dual_psd,6,46.95169303764611,46.95169303741949,2.2662050014332635e-10,"[0.8970943263092637, 0.0, 0.10290567369073642]",primal=Positive directional derivative for linesearch; dual=outer=Optimization terminated successfully; inner=Optimization terminated successfully,1,-576.3223783229746,576.3223783229747,,tiny12_dare_ties_20260503_contcert1,tiny12
dare_ties,triple,flex+company+textsql,13.208490484924042,14.86586637496945,0,"[0.23735979212604977, 0.32114071069564215, 0.44149949717830805]","[0.2, 0.2, 0.6]",7.061111927032471,"{""company"": -14.157667827606168, ""flex"": -14.86586637496945, ""textsql"": -0.3422622646027677}",flex,continuous_primal_dual_psd,6,13.208490484924042,13.208490484924042,0.0,"[1.0, 0.0, 0.0]",primal=Optimization terminated successfully; dual=outer=Optimization terminated successfully; inner=Optimization terminated successfully,1,-4.785180755035128,4.785180755035126,,tiny12_dare_ties_20260503_contcert1,tiny12
dare_ties,triple,flex+creative+company,14.950522858038028,6.396642398834196,0,"[0.20000000000002865, 0.43451605778602426, 0.3654839422139471]","[0.2, 0.4, 0.4]",0.0,"{""company"": -6.396642398834196, ""creative"": -2.4436265945434243, ""flex"": -2.623322677612272}",company,continuous_primal_dual_psd,6,14.950522858038028,14.950522858038028,0.0,"[1.0, 0.0, 0.0]",primal=Optimization terminated successfully; dual=outer=Optimization terminated successfully; inner=Optimization terminated successfully,1,-243.66123552141937,243.66123552141937,,tiny12_dare_ties_20260503_contcert1,tiny12
dare_ties,triple,flex+creative+docker,76.34668059353652,10.580959987640348,0,"[0.20000000000009044, 0.20000000000002258, 0.599999999999887]","[0.2, 0.6, 0.2]",41.38307571411133,"{""creative"": -4.829981994628874, ""docker"": -10.580959987640348, ""flex"": -6.570676040649381}",docker,continuous_primal_dual_psd,6,76.34668059353652,76.34668059353652,0.0,"[0.0, 1.0, 0.0]",primal=Optimization terminated successfully; dual=outer=Optimization terminated successfully; inner=Optimization terminated successfully,1,-1444.8514772561498,1446.2657191034425,,tiny12_dare_ties_20260503_contcert1,tiny12
dare_ties,triple,flex+creative+gsm8k,22.41739086489755,17.24682159423825,0,"[0.3540497147199583, 0.4459502852800371, 0.20000000000000462]","[0.4, 0.4, 0.2]",0.0,"{""creative"": -16.028276157379118, ""flex"": -17.24682159423825, ""gsm8k"": 3.406676578521761}",flex,continuous_primal_dual_psd,6,22.41739086489755,22.41739086489755,0.0,"[1.0, 0.0, 0.0]",primal=Optimization terminated successfully; dual=outer=Optimization terminated successfully; inner=Optimization terminated successfully,1,-54.3099589244389,54.3099589244389,,tiny12_dare_ties_20260503_contcert1,tiny12
dare_ties,triple,flex+creative+textsql,8.133733245312285,2.9949695587157876,0,"[0.27658601417211137, 0.5234139858278565, 0.20000000000003215]","[0.2, 0.6, 0.2]",0.0,"{""creative"": -2.9949695587157876, ""flex"": 4.105481433868441, ""textsql"": -0.5128569448023895}",creative,continuous_primal_dual_psd,6,8.133733245312285,8.133733245306109,6.176392730594671e-12,"[1.0, 0.0, 0.0]",primal=Optimization terminated successfully; dual=outer=Optimization terminated successfully; inner=Optimization terminated successfully,0,4.787351218589482,0.0,,tiny12_dare_ties_20260503_contcert1,tiny12
dare_ties,triple,flex+docker+gsm8k,29.0256936535973,15.702167224884,0,"[0.4260443935580502, 0.2, 0.3739556064419498]","[0.2, 0.4, 0.4]",4.8192620277404785,"{""docker"": -1.9500047683715493, ""flex"": -15.702167224884, ""gsm8k"": -2.92816467285153}",flex,continuous_primal_dual_psd,6,29.0256936535973,29.02569365357499,2.2311041902867146e-11,"[1.0, 0.0, 0.0]",primal=Optimization terminated successfully; dual=outer=Optimization terminated successfully; inner=Optimization terminated successfully,1,-114.186143675189,114.18614367518903,,tiny12_dare_ties_20260503_contcert1,tiny12
dare_ties,triple,flex+docker+textsql,57.60465018812881,37.65923089981076,0,"[0.2, 0.2, 0.6]","[0.2, 0.2, 0.6]",0.0,"{""docker"": -1.9500166893005044, ""flex"": -37.65923089981076, ""textsql"": -0.2508339812538394}",flex,continuous_primal_dual_psd,6,57.60465018812881,57.60465018812881,0.0,"[1.0, 0.0, 0.0]",primal=Optimization terminated successfully; dual=outer=Optimization terminated successfully; inner=Optimization terminated successfully,1,-603.5880565775851,603.5880565775851,,tiny12_dare_ties_20260503_contcert1,tiny12
dare_ties,triple,flex+empathy+brainstorming,22.003894510604912,4.418519210815397,0,"[0.2, 0.2, 0.6]","[0.2, 0.6, 0.2]",1.190507411956787,"{""brainstorming"": -4.418519210815397, ""empathy"": -0.5427920025575406, ""flex"": 1.8062441825867026}",brainstorming,continuous_primal_dual_psd,6,22.003894510604912,22.003894510604862,4.973799150320701e-14,"[9.936496070395052e-15, 0.0, 0.99999999999999]",primal=Optimization terminated successfully; dual=outer=Optimization terminated successfully; inner=Optimization terminated successfully,1,-314.36937633579487,314.36937633579487,,tiny12_dare_ties_20260503_contcert1,tiny12
dare_ties,triple,flex+empathy+company,17.23015348492528,16.627219390869108,0,"[0.4222571004587282, 0.2, 0.3777428995412717]","[0.2, 0.6, 0.2]",2.2084951400756836,"{""company"": -16.627219390869108, ""empathy"": -0.7333972127441222, ""flex"": -8.493951034545866}",company,continuous_primal_dual_psd,6,17.23015348492528,17.23015348492528,0.0,"[1.0, 0.0, 0.0]",primal=Optimization terminated successfully; dual=outer=Optimization terminated successfully; inner=Optimization terminated successfully,1,-167.00692794356226,167.00692794356226,,tiny12_dare_ties_20260503_contcert1,tiny12
dare_ties,triple,flex+empathy+creative,17.904174107266673,0.29299457762986986,0,"[0.2729994363675798, 0.20000000000000132, 0.5270005636324189]","[0.2, 0.6, 0.2]",0.004888811745546229,"{""creative"": 7.638761329650912, ""empathy"": -0.29299457762986986, ""flex"": 0.5122273445129721}",empathy,continuous_primal_dual_psd,6,17.904174107266673,17.90417410725101,1.566391460983141e-11,"[0.6803415170888906, 0.0, 0.31965848291110943]",primal=Optimization terminated successfully; dual=outer=Optimization terminated successfully; inner=Optimization terminated successfully,1,-543.5200128301075,543.5200128301075,,tiny12_dare_ties_20260503_contcert1,tiny12
dare_ties,triple,flex+empathy+docker,57.83217258453344,19.170108509063688,0,"[0.2, 0.6, 0.19999999999999996]","[0.2, 0.6, 0.2]",0.0,"{""docker"": -10.580959987640348, ""empathy"": -1.2853936952438498, ""flex"": -19.170108509063688}",flex,continuous_primal_dual_psd,6,57.83217258453344,57.83217258453344,0.0,"[1.0, 0.0, 0.0]",primal=Optimization terminated successfully; dual=outer=Optimization terminated successfully; inner=Optimization terminated successfully,1,-138.76612105498015,153.96715423017025,,tiny12_dare_ties_20260503_contcert1,tiny12
dare_ties,triple,flex+empathy+gsm8k,45.69474841975022,0.3472984234124561,0,"[0.28269628605629066, 0.2, 0.5173037139437093]","[0.2, 0.6, 0.2]",8.522591026660754,"{""empathy"": -0.3472984234124561, ""flex"": 0.8446066856384604, ""gsm8k"": 7.194551753997835}",empathy,continuous_primal_dual_psd,6,45.69474841975022,45.69474841972543,2.4790836050669895e-11,"[0.9999999999992675, 0.0, 7.324601917820876e-13]",primal=Optimization terminated successfully; dual=outer=Optimization terminated successfully; inner=Optimization terminated successfully,1,-652.6117129418938,652.6117129418938,,tiny12_dare_ties_20260503_contcert1,tiny12
dare_ties,triple,flex+empathy+textsql,42.01908288678084,5.151382160186735,0,"[0.2, 0.2, 0.6]","[0.2, 0.4, 0.4]",7.311749458312988,"{""empathy"": -0.5327451645440958, ""flex"": -5.151382160186735, ""textsql"": -0.43964286940486913}",flex,continuous_primal_dual_psd,6,42.01908288678084,42.01908288678084,0.0,"[1.0, 0.0, 0.0]",primal=Optimization terminated successfully; dual=outer=Optimization terminated successfully; inner=Optimization terminated successfully,1,-659.3717973564419,659.3717973564419,,tiny12_dare_ties_20260503_contcert1,tiny12
dare_ties,triple,flex+energy+brainstorming,24.189359930525505,5.606213283538786,0,"[0.2, 0.2, 0.6]","[0.2, 0.2, 0.6]",0.0,"{""brainstorming"": 1.8000095367431967, ""energy"": -5.606213283538786, ""flex"": 0.15811614990237643}",energy,continuous_primal_dual_psd,6,24.189359930525505,24.189359930525505,0.0,"[0.0, 0.0, 1.0]",primal=Optimization terminated successfully; dual=outer=Optimization terminated successfully; inner=Optimization terminated successfully,1,-449.523234340249,449.523234340249,,tiny12_dare_ties_20260503_contcert1,tiny12
dare_ties,triple,flex+energy+company,52.17060155868526,31.412676048278776,0,"[0.2, 0.2, 0.6]","[0.2, 0.6, 0.2]",3.135526180267334,"{""company"": -26.774588298797575, ""energy"": -28.383246135711637, ""flex"": -31.412676048278776}",flex,continuous_primal_dual_psd,6,52.17060155868526,52.17060155868503,2.3447910280083306e-13,"[0.9999999999999309, 6.905587213167997e-14, 0.0]",primal=Optimization terminated successfully; dual=outer=Optimization terminated successfully; inner=Optimization terminated successfully,1,-390.47525884744397,390.85641561674913,,tiny12_dare_ties_20260503_contcert1,tiny12
dare_ties,triple,flex+energy+creative,18.501675191290254,7.458308410644499,0,"[0.2, 0.30308498627412944, 0.49691501372587055]","[0.2, 0.2, 0.6]",4.190468788146973,"{""creative"": -4.943636131286588, ""energy"": -7.458308410644499, ""flex"": -5.483713817596403}",energy,continuous_primal_dual_psd,6,18.501675191290254,18.501675191290254,0.0,"[1.0, 0.0, 0.0]",primal=Optimization terminated successfully; dual=outer=Optimization terminated successfully; inner=Optimization terminated successfully,1,-136.38901153616501,136.38901153616504,,tiny12_dare_ties_20260503_contcert1,tiny12
dare_ties,triple,flex+energy+docker,91.87233753204453,18.437281322479215,0,"[0.20000000000000362, 0.2, 0.5999999999999963]","[0.2, 0.6, 0.2]",20.11551856994629,"{""docker"": -10.580948066711393, ""energy"": -18.302443695068327, ""flex"": -18.437281322479215}",flex,continuous_primal_dual_psd,6,91.87233753204453,91.87233753204453,0.0,"[1.0, 0.0, 0.0]",primal=Optimization terminated successfully; dual=outer=Optimization terminated successfully; inner=Optimization terminated successfully,1,-1310.0782727301387,1316.6009706744671,,tiny12_dare_ties_20260503_contcert1,tiny12
dare_ties,triple,flex+energy+empathy,38.33766816019161,2.977469635009733,0,"[0.2, 0.2, 0.6]","[0.2, 0.2, 0.6]",0.0,"{""empathy"": -0.2875646801173589, ""energy"": -0.35370893478390286, ""flex"": -2.977469635009733}",flex,continuous_primal_dual_psd,6,38.33766816019161,38.33766816019161,0.0,"[1.0, 0.0, 0.0]",primal=Optimization terminated successfully; dual=outer=Optimization terminated successfully; inner=Optimization terminated successfully,1,-739.434792566524,739.434792566524,,tiny12_dare_ties_20260503_contcert1,tiny12
dare_ties,triple,flex+energy+gsm8k,79.25340589456346,23.117485713958708,0,"[0.2, 0.2, 0.6]","[0.4, 0.4, 0.2]",25.9507417678833,"{""energy"": -22.332754802703825, ""flex"": -23.117485713958708, ""gsm8k"": -0.9930879592895181}",flex,continuous_primal_dual_psd,6,79.25340589456346,79.25340589456346,0.0,"[1.0, 0.0, 0.0]",primal=Optimization terminated successfully; dual=outer=Optimization terminated successfully; inner=Optimization terminated successfully,1,-576.1949163662931,576.1949163662931,,tiny12_dare_ties_20260503_contcert1,tiny12
dare_ties,triple,flex+energy+physics,45.855076559694126,17.43568487167355,0,"[0.40198977266038166, 0.2, 0.3980102273396183]","[0.2, 0.6, 0.2]",0.10350942611694336,"{""energy"": -16.181984615325895, ""flex"": -12.463131618499723, ""physics"": -17.43568487167355}",physics,continuous_primal_dual_psd,6,45.855076559694126,45.855038519796786,3.803989734052493e-05,"[6.130856075784312e-20, 0.9419469721077958, 0.058053027892204234]",primal=Optimization terminated successfully; dual=outer=Optimization terminated successfully; inner=Optimization terminated successfully,1,-1304.9598911237672,1304.9598911237672,,tiny12_dare_ties_20260503_contcert1,tiny12
dare_ties,triple,flex+energy+textsql,66.9295421465503,23.0139405250549,0,"[0.2, 0.2, 0.6]","[0.4, 0.4, 0.2]",0.09802579879760742,"{""energy"": -21.56292505264279, ""flex"": -23.0139405250549, ""textsql"": -0.9890478762911522}",flex,continuous_primal_dual_psd,6,66.9295421465503,66.92954214646296,8.733991307963151e-11,"[0.999999999993908, 6.091960269534815e-12, 0.0]",primal=Optimization terminated successfully; dual=outer=Optimization terminated successfully; inner=Optimization terminated successfully,1,-1151.347396809863,1151.347396809863,,tiny12_dare_ties_20260503_contcert1,tiny12
dare_ties,triple,flex+gsm8k+textsql,38.92715878486631,12.691953849792448,0,"[0.2, 0.2, 0.6]","[0.2, 0.6, 0.2]",1.9450902938842773,"{""flex"": -12.691953849792448, ""gsm8k"": 20.385274219512972, ""textsql"": -0.8519050166648499}",flex,continuous_primal_dual_psd,6,38.92715878486631,38.92715878486631,0.0,"[1.0, 0.0, 0.0]",primal=Optimization terminated successfully; dual=outer=Optimization terminated successfully; inner=Optimization terminated successfully,1,-655.1758163263797,802.782738871218,,tiny12_dare_ties_20260503_contcert1,tiny12
dare_ties,triple,flex+physics+brainstorming,12.02767227315519,14.7217304229736,0,"[0.3486603710786932, 0.2000000000000861, 0.4513396289212207]","[0.2, 0.6, 0.2]",0.23810863494873047,"{""brainstorming"": -14.7217304229736, ""flex"": -1.912263107299772, ""physics"": -7.929149341583219}",brainstorming,continuous_primal_dual_psd,6,12.02767227315519,12.02767227315519,0.0,"[0.0, 0.0, 1.0]",primal=Optimization terminated successfully; dual=outer=Optimization terminated successfully; inner=Optimization terminated successfully,1,-466.19556848617714,466.1955684861772,,tiny12_dare_ties_20260503_contcert1,tiny12
dare_ties,triple,flex+physics+company,26.67284672360216,24.466398429870573,0,"[0.4861687904503288, 0.3138312095497055, 0.19999999999996576]","[0.4, 0.2, 0.4]",3.8733720779418945,"{""company"": -15.343430709838835, ""flex"": -14.511707496643034, ""physics"": -24.466398429870573}",physics,continuous_primal_dual_psd,6,26.67284672360216,26.67284672360216,0.0,"[1.0, 0.0, 0.0]",primal=Optimization terminated successfully; dual=outer=Optimization terminated successfully; inner=Optimization terminated successfully,1,-109.11232888026456,109.11232888026456,,tiny12_dare_ties_20260503_contcert1,tiny12
dare_ties,triple,flex+physics+creative,33.39526759543439,17.841151428222624,0,"[0.2, 0.2, 0.6]","[0.6, 0.2, 0.2]",0.888526439666748,"{""creative"": -4.312315654754606, ""flex"": -11.523273658752409, ""physics"": -17.841151428222624}",physics,continuous_primal_dual_psd,6,33.39526759543439,33.39526759543439,0.0,"[1.0, 0.0, 0.0]",primal=Positive directional derivative for linesearch; dual=outer=Optimization terminated successfully; inner=Optimization terminated successfully,1,-502.57388962637117,502.57388962637117,,tiny12_dare_ties_20260503_contcert1,tiny12
dare_ties,triple,flex+physics+docker,70.32427696038873,14.459505748748747,0,"[0.2000000000001137, 0.20000000000007934, 0.5999999999998069]","[0.2, 0.6, 0.2]",13.141989707946777,"{""docker"": 1.7404644966125815, ""flex"": -1.5118271827697427, ""physics"": -14.459505748748747}",physics,continuous_primal_dual_psd,6,70.32427696038873,70.32427696038873,0.0,"[1.0, 0.0, 0.0]",primal=Optimization terminated successfully; dual=outer=Optimization terminated successfully; inner=Optimization terminated successfully,1,-1159.881578889554,1159.881578889554,,tiny12_dare_ties_20260503_contcert1,tiny12
dare_ties,triple,flex+physics+empathy,11.181528681252573,8.239689540863004,0,"[0.3946186258933736, 0.2, 0.40538137410662634]","[0.4, 0.2, 0.4]",0.0,"{""empathy"": -1.0839278044581597, ""flex"": -2.0157963752746255, ""physics"": -8.239689540863004}",physics,continuous_primal_dual_psd,6,11.181528681252573,11.18152868125201,5.631051180898794e-13,"[0.9999999999999409, 0.0, 5.906386491005484e-14]",primal=Optimization terminated successfully; dual=outer=Optimization terminated successfully; inner=Optimization terminated successfully,1,-300.8526545378021,300.852654537802,,tiny12_dare_ties_20260503_contcert1,tiny12
dare_ties,triple,flex+physics+gsm8k,65.58224635982745,36.06062240600583,0,"[0.2, 0.2, 0.6]","[0.2, 0.4, 0.4]",0.18976926803588867,"{""flex"": -7.028356266021696, ""gsm8k"": 16.84422187805179, ""physics"": -36.06062240600583}",physics,continuous_primal_dual_psd,6,65.58224635982745,65.58224635982745,0.0,"[1.0, 0.0, 0.0]",primal=Optimization terminated successfully; dual=outer=Optimization terminated successfully; inner=Optimization terminated successfully,1,-954.2333623878739,954.2333623878739,,tiny12_dare_ties_20260503_contcert1,tiny12
dare_ties,triple,flex+physics+textsql,17.006424115979605,23.482993316650358,0,"[0.4250211071085966, 0.2, 0.3749788928914034]","[0.2, 0.4, 0.4]",9.808456897735596,"{""flex"": -11.833837699890104, ""physics"": -23.482993316650358, ""textsql"": -0.3302381058962155}",physics,continuous_primal_dual_psd,6,17.006424115979605,17.006424115979605,0.0,"[1.0, 0.0, 0.0]",primal=Optimization terminated successfully; dual=outer=Optimization terminated successfully; inner=Optimization terminated successfully,1,-66.22390259364391,66.22390259364391,,tiny12_dare_ties_20260503_contcert1,tiny12
dare_ties,triple,physics+brainstorming+company,-3.341362228733658,4.366353225707975,0,"[0.20000000000000487, 0.5340700967065775, 0.2659299032934177]","[0.2, 0.6, 0.2]",0.0,"{""brainstorming"": 8.084341812133822, ""company"": 8.185872364044222, ""physics"": -4.366353225707975}",physics,continuous_primal_dual_psd,6,-3.341362228733658,-3.341362228733658,0.0,"[0.0, 1.0, 0.0]",primal=Optimization terminated successfully; dual=outer=Optimization terminated successfully; inner=Optimization terminated successfully,1,-308.28336882000906,308.2833688200091,,tiny12_dare_ties_20260503_contcert1,tiny12
dare_ties,triple,physics+brainstorming+creative,24.91052455904112,6.764057350158659,0,"[0.20000000000006646, 0.2, 0.5999999999999335]","[0.2, 0.2, 0.6]",0.0,"{""brainstorming"": -6.764057350158659, ""creative"": 5.973276424407992, ""physics"": -3.175857734680143}",brainstorming,continuous_primal_dual_psd,6,24.91052455904112,24.91052455904107,4.973799150320701e-14,"[9.99200722162631e-15, 0.99999999999999, 0.0]",primal=Optimization terminated successfully; dual=outer=Optimization terminated successfully; inner=Optimization terminated successfully,1,-784.5177639619064,814.9466618432725,,tiny12_dare_ties_20260503_contcert1,tiny12
dare_ties,triple,physics+brainstorming+docker,20.52602929605647,16.348722648620573,0,"[0.2000000000001933, 0.2278236074451074, 0.5721763925546993]","[0.2, 0.6, 0.2]",10.291588306427002,"{""brainstorming"": -13.929393959045377, ""docker"": -5.640485954284635, ""physics"": -16.348722648620573}",physics,continuous_primal_dual_psd,6,20.52602929605647,20.52602929605647,0.0,"[0.0, 0.0, 1.0]",primal=Optimization terminated successfully; dual=outer=Optimization terminated successfully; inner=Optimization terminated successfully,1,-211.07350087321007,211.07350087321007,,tiny12_dare_ties_20260503_contcert1,tiny12
dare_ties,triple,physics+brainstorming+gsm8k,29.560830208723523,20.998504829406706,0,"[0.35270217356293393, 0.2, 0.44729782643706606]","[0.2, 0.6, 0.2]",13.703179359436035,"{""brainstorming"": -10.474017333984342, ""gsm8k"": -0.8662611961364419, ""physics"": -20.998504829406706}",physics,continuous_primal_dual_psd,6,29.560830208723523,29.560830208723434,8.881784197001252e-14,"[2.1260770921571293e-14, 0.9999999999999787, 0.0]",primal=Optimization terminated successfully; dual=outer=Optimization terminated successfully; inner=Optimization terminated successfully,1,-481.03996350611914,481.03996350611914,,tiny12_dare_ties_20260503_contcert1,tiny12
dare_ties,triple,physics+brainstorming+textsql,13.070028594908141,6.842199039459196,0,"[0.2, 0.2, 0.6]","[0.2, 0.6, 0.2]",9.308111667633057,"{""brainstorming"": 0.9419172286987632, ""physics"": -6.842199039459196, ""textsql"": -0.49595263002124035}",physics,continuous_primal_dual_psd,6,13.070028594908141,13.070028594908141,0.0,"[0.0, 1.0, 0.0]",primal=Positive directional derivative for linesearch; dual=outer=Optimization terminated successfully; inner=Optimization terminated successfully,1,-341.5688093199895,341.5688093199895,,tiny12_dare_ties_20260503_contcert1,tiny12
dare_ties,triple,physics+company+docker,55.51207370758056,20.903590393066374,0,"[0.2, 0.2, 0.6]","[0.2, 0.6, 0.2]",9.592831134796143,"{""company"": -2.836027812957731, ""docker"": 6.740471649169955, ""physics"": -20.903590393066374}",physics,continuous_primal_dual_psd,6,55.51207370758056,55.51207370758034,2.2026824808563106e-13,"[0.0, 1.2723155862202676e-13, 0.9999999999998728]",primal=Optimization terminated successfully; dual=outer=Optimization terminated successfully; inner=Optimization terminated successfully,1,-1128.9544152447052,1136.1404821026879,,tiny12_dare_ties_20260503_contcert1,tiny12
dare_ties,triple,physics+company+gsm8k,26.56259592225571,36.82838983535763,0,"[0.20000000000000118, 0.3773445653811761, 0.4226554346188227]","[0.2, 0.4, 0.4]",0.0,"{""company"": -21.915415000915495, ""gsm8k"": 21.13257341384891, ""physics"": -36.82838983535763}",physics,continuous_primal_dual_psd,6,26.56259592225571,26.56259592225571,0.0,"[0.0, 1.0, 0.0]",primal=Optimization terminated successfully; dual=outer=Optimization terminated successfully; inner=Optimization terminated successfully,1,-330.8186237728073,330.81862377280737,,tiny12_dare_ties_20260503_contcert1,tiny12
dare_ties,triple,physics+company+textsql,12.30944849069683,23.37944812774655,0,"[0.20625541215211232, 0.2581285385833596, 0.5356160492645281]","[0.2, 0.6, 0.2]",0.8885383605957031,"{""company"": -7.499244880676237, ""physics"": -23.37944812774655, ""textsql"": -0.9110718568105114}",physics,continuous_primal_dual_psd,6,12.30944849069683,12.309448490696273,5.577760475716786e-13,"[0.4416493458394793, 0.5583506541605076, 1.3097099033608094e-14]",primal=Optimization terminated successfully; dual=outer=Optimization terminated successfully; inner=Optimization terminated successfully,1,-840.0392513483635,840.0392513483633,,tiny12_dare_ties_20260503_contcert1,tiny12
dare_ties,triple,physics+creative+company,-1.1284760464363615,18.22071380615231,0,"[0.3618625264481216, 0.2932782872005185, 0.3448591863513599]","[0.2, 0.4, 0.4]",2.5879979133605957,"{""company"": -4.17332954406735, ""creative"": -6.512263488769499, ""physics"": -18.22071380615231}",physics,continuous_primal_dual_psd,6,-1.1284760464363615,-1.1284760464363615,0.0,"[1.0, 0.0, 0.0]",primal=Optimization terminated successfully; dual=outer=Optimization terminated successfully; inner=Optimization terminated successfully,0,92.18636322007956,0.0,,tiny12_dare_ties_20260503_contcert1,tiny12
dare_ties,triple,physics+creative+docker,1.2058372159955582,13.881531429290739,0,"[0.2, 0.4763296168626629, 0.3236703831373371]","[0.2, 0.6, 0.2]",2.2687911987304688,"{""creative"": -6.452754211425749, ""docker"": -2.0690590858459146, ""physics"": -13.881531429290739}",physics,continuous_primal_dual_psd,6,1.2058372159955582,1.2058372159955582,0.0,"[0.0, 1.0, 0.0]",primal=Optimization terminated successfully; dual=outer=Optimization terminated successfully; inner=Optimization terminated successfully,1,-106.20181966754434,106.20181966754431,,tiny12_dare_ties_20260503_contcert1,tiny12
dare_ties,triple,physics+creative+gsm8k,26.443393272599977,25.958827209472624,0,"[0.2, 0.23130002954765141, 0.5686999704523485]","[0.2, 0.4, 0.4]",10.188055038452148,"{""creative"": -12.005904388427702, ""gsm8k"": 2.705654430389437, ""physics"": -25.958827209472624}",physics,continuous_primal_dual_psd,6,26.443393272599977,26.443393272436992,1.6298429272865178e-10,"[0.7236411667574807, 0.0, 0.27635883324251925]",primal=Optimization terminated successfully; dual=outer=Optimization terminated successfully; inner=Optimization terminated successfully,1,-687.049309023678,687.049309023678,,tiny12_dare_ties_20260503_contcert1,tiny12
dare_ties,triple,physics+creative+textsql,59.68903305839995,13.872888755798307,0,"[0.2, 0.2, 0.6]","[0.2, 0.6, 0.2]",10.593509674072266,"{""creative"": -3.9040596008300454, ""physics"": -13.872888755798307, ""textsql"": -0.44833362379294606}",physics,continuous_primal_dual_psd,6,59.68903305839995,59.68903305839995,0.0,"[1.0, 0.0, 0.0]",primal=Optimization terminated successfully; dual=outer=Optimization terminated successfully; inner=Optimization terminated successfully,1,-1085.6816609791315,1085.6816609791315,,tiny12_dare_ties_20260503_contcert1,tiny12
dare_ties,triple,physics+docker+gsm8k,77.06016607284539,35.84494895935055,0,"[0.2, 0.2, 0.6]","[0.2, 0.2, 0.6]",0.0,"{""docker"": -29.033353996276823, ""gsm8k"": 3.271266746521029, ""physics"": -35.84494895935055}",physics,continuous_primal_dual_psd,6,77.06016607284539,77.06016607284283,2.5579538487363607e-12,"[3.6587399776508645e-13, 0.9999999999996341, 0.0]",primal=Optimization terminated successfully; dual=outer=Optimization terminated successfully; inner=Optimization terminated successfully,1,-1279.5722245326583,1285.025580586969,,tiny12_dare_ties_20260503_contcert1,tiny12
dare_ties,triple,physics+docker+textsql,110.76537675857554,12.182083797454801,0,"[0.2, 0.2, 0.6]","[0.6, 0.2, 0.2]",16.045522689819336,"{""docker"": -1.9500047683715493, ""physics"": -12.182083797454801, ""textsql"": -0.22285685353577847}",physics,continuous_primal_dual_psd,6,110.76537675857554,110.76537675819178,3.837641315840301e-10,"[1.2366415728677562e-11, 0.9999999999876337, 0.0]",primal=Optimization terminated successfully; dual=outer=Optimization terminated successfully; inner=Optimization terminated successfully,1,-2192.4215858719654,2221.3640750751115,,tiny12_dare_ties_20260503_contcert1,tiny12
dare_ties,triple,physics+empathy+brainstorming,0.5734635973586745,6.842187118530241,0,"[0.29433565513397975, 0.2000000000000003, 0.50566434486602]","[0.2, 0.2, 0.6]",0.0,"{""brainstorming"": -6.232002449035612, ""empathy"": -0.2872923660857032, ""physics"": -6.842187118530241}",physics,continuous_primal_dual_psd,6,0.5734635973586745,0.5734635973586744,1.1102230246251565e-16,"[0.0, 0.9905375431903988, 0.009462456809601193]",primal=Optimization terminated successfully; dual=outer=Optimization terminated successfully; inner=Optimization terminated successfully,1,-321.9418302823839,321.94183028238393,,tiny12_dare_ties_20260503_contcert1,tiny12
dare_ties,triple,physics+empathy+company,31.59702725412452,21.68860740661618,0,"[0.2, 0.20000000000007373, 0.5999999999999263]","[0.2, 0.6, 0.2]",1.8719911575317383,"{""company"": -5.051949691772428, ""empathy"": -0.42386693009544096, ""physics"": -21.68860740661618}",physics,continuous_primal_dual_psd,6,31.59702725412452,31.597027254123475,1.0444978215673473e-12,"[7.449596495234245e-14, 0.0, 0.9999999999999254]",primal=Optimization terminated successfully; dual=outer=Optimization terminated successfully; inner=Optimization terminated successfully,1,-850.2786120827977,850.367716687591,,tiny12_dare_ties_20260503_contcert1,tiny12
dare_ties,triple,physics+empathy+creative,0.2917282033451054,2.770391178131071,0,"[0.2, 0.41494586924105276, 0.38505413075894723]","[0.2, 0.2, 0.6]",2.4844884872436523,"{""creative"": 2.493247318267855, ""empathy"": -0.5427920025575406, ""physics"": -2.770391178131071}",physics,continuous_primal_dual_psd,6,0.2917282033451054,0.2917282033451054,0.0,"[0.0, 1.0, 0.0]",primal=Optimization terminated successfully; dual=outer=Optimization terminated successfully; inner=Optimization terminated successfully,1,-50.909930414279195,50.9099304142792,,tiny12_dare_ties_20260503_contcert1,tiny12
dare_ties,triple,physics+empathy+docker,84.24171514511109,9.128239822387663,0,"[0.2, 0.2, 0.6]","[0.4, 0.4, 0.2]",24.646306037902832,"{""docker"": -1.9500166893005044, ""empathy"": -1.4550918296049216, ""physics"": -9.128239822387663}",physics,continuous_primal_dual_psd,6,84.24171514511109,84.24171514506223,4.885691851086449e-11,"[1.7660298417252616e-12, 0.0, 0.9999999999982341]",primal=Optimization terminated successfully; dual=outer=Optimization terminated successfully; inner=Optimization terminated successfully,1,-1531.0417861819315,1531.7193019399554,,tiny12_dare_ties_20260503_contcert1,tiny12
dare_ties,triple,physics+empathy+gsm8k,41.022613716125505,5.453315448760954,0,"[0.2, 0.2, 0.6]","[0.2, 0.6, 0.2]",18.918192386627197,"{""empathy"": -0.8468915021196242, ""gsm8k"": 8.461198139190707, ""physics"": -5.453315448760954}",physics,continuous_primal_dual_psd,6,41.022613716125505,41.022613716125505,0.0,"[1.0, 0.0, 0.0]",primal=Optimization terminated successfully; dual=outer=Optimization terminated successfully; inner=Optimization terminated successfully,1,-1130.000614484688,1134.9926865853777,,tiny12_dare_ties_20260503_contcert1,tiny12
dare_ties,triple,physics+empathy+textsql,0.4132418158925175,1.5885622024535806,0,"[0.2, 0.48267410418143525, 0.31732589581856474]","[0.2, 0.4, 0.4]",0.0,"{""empathy"": 0.055362815275441894, ""physics"": -1.5885622024535806, ""textsql"": -0.3640480392672434}",physics,continuous_primal_dual_psd,6,0.4132418158925175,0.4132418158925175,0.0,"[0.0, 1.0, 0.0]",primal=Optimization terminated successfully; dual=outer=Optimization terminated successfully; inner=Optimization terminated successfully,1,-11.38915580384776,11.389155803847759,,tiny12_dare_ties_20260503_contcert1,tiny12
dare_ties,triple,physics+gsm8k+textsql,12.518700387460214,27.149298858642545,0,"[0.2, 0.22393609382024623, 0.5760639061797538]","[0.4, 0.2, 0.4]",3.467893600463867,"{""gsm8k"": -6.354406547546354, ""physics"": -27.149298858642545, ""textsql"": -0.8002381189343029}",physics,continuous_primal_dual_psd,6,12.518700387460214,12.518700387445413,1.4800605185882887e-11,"[0.4532970818342696, 0.546702918165661, 6.954799107425943e-14]",primal=Optimization terminated successfully; dual=outer=Optimization terminated successfully; inner=Optimization terminated successfully,1,-344.80916761568,344.80916761568005,,tiny12_dare_ties_20260503_contcert1,tiny12
linear,pair,brainstorming+company,14.993268365884333,9.173324775695768,0,"[0.6555132970105236, 0.34448670298947637]","[0.6, 0.4]",0.0,"{""brainstorming"": -5.408242416381803, ""company"": -9.173324775695768}",company,continuous_primal_dual_psd,4,14.993268365884333,14.993268365884333,0.0,"[1.0, 0.0]",primal=Optimization terminated successfully; dual=outer=Optimization terminated successfully; inner=Optimization terminated successfully,0,407.10434317588783,0.0,,tiny12_linear_20260503_contcert1,tiny12
linear,pair,brainstorming+creative,37.081583213806155,25.814226341247526,0,"[0.20000000000000007, 0.7999999999999999]","[0.8, 0.2]",4.726433753967285,"{""brainstorming"": -22.919657897949186, ""creative"": -25.814226341247526}",creative,continuous_primal_dual_psd,4,37.081583213806155,37.081583213806155,0.0,"[1.0, 0.0]",primal=Optimization terminated successfully; dual=outer=Optimization terminated successfully; inner=Optimization terminated successfully,1,-16.740858554840166,16.740858554840166,,tiny12_linear_20260503_contcert1,tiny12
linear,pair,brainstorming+docker,39.579489898681615,41.57243080139157,0,"[0.8, 0.19999999999999996]","[0.6, 0.4]",1.0323405265808105,"{""brainstorming"": -41.57243080139157, ""docker"": -28.973820877075163}",brainstorming,continuous_primal_dual_psd,4,39.579489898681615,39.579489898681615,0.0,"[0.0, 1.0]",primal=Optimization terminated successfully; dual=outer=Optimization terminated successfully; inner=Optimization terminated successfully,0,94.05553340911852,0.0,,tiny12_linear_20260503_contcert1,tiny12
linear,pair,brainstorming+gsm8k,21.277579762374785,19.266894531249967,0,"[0.7096507433437084, 0.29034925665629163]","[0.8, 0.2]",0.0,"{""brainstorming"": -19.266894531249967, ""gsm8k"": 5.874785709381136}",brainstorming,continuous_primal_dual_psd,4,21.277579762374785,21.277579762374785,0.0,"[1.0, 0.0]",primal=Optimization terminated successfully; dual=outer=Optimization terminated successfully; inner=Optimization terminated successfully,0,123.30859899520874,0.0,,tiny12_linear_20260503_contcert1,tiny12
linear,pair,brainstorming+textsql,8.765509724966357,14.298394393920866,0,"[0.37128163432187455, 0.6287183656781254]","[0.8, 0.2]",9.021735191345215,"{""brainstorming"": -14.298394393920866, ""textsql"": -1.0815470212099272}",brainstorming,continuous_primal_dual_psd,4,8.765509724966357,8.765509724966357,0.0,"[1.0, 0.0]",primal=Optimization terminated successfully; dual=outer=Optimization terminated successfully; inner=Optimization terminated successfully,0,11.647751938692974,0.0,,tiny12_linear_20260503_contcert1,tiny12
linear,pair,colorist+brainstorming,29.72469107884161,20.908787918090788,0,"[0.23497681501638107, 0.7650231849836189]","[0.2, 0.8]",0.0,"{""brainstorming"": -20.908787918090788, ""colorist"": -15.974417400360075}",brainstorming,continuous_primal_dual_psd,4,29.72469107884161,29.72469107884161,0.0,"[0.0, 1.0]",primal=Optimization terminated successfully; dual=outer=Optimization terminated successfully; inner=Optimization terminated successfully,0,146.20482921600336,0.0,,tiny12_linear_20260503_contcert1,tiny12
linear,pair,colorist+company,24.602056261095584,17.02493734359738,0,"[0.5714642949218448, 0.4285357050781552]","[0.6, 0.4]",0.0,"{""colorist"": -8.578553867340055, ""company"": -17.02493734359738}",company,continuous_primal_dual_psd,4,24.602056261095584,24.602056261095584,0.0,"[0.0, 1.0]",primal=Optimization terminated successfully; dual=outer=Optimization terminated successfully; inner=Optimization terminated successfully,0,426.9906878471375,0.0,,tiny12_linear_20260503_contcert1,tiny12
linear,pair,colorist+creative,17.489333197277613,16.734495830535856,0,"[0.3538320634649242, 0.6461679365350759]","[0.4, 0.6]",0.0,"{""colorist"": -16.734495830535856, ""creative"": -12.343207073211637}",colorist,continuous_primal_dual_psd,4,17.489333197277613,17.489333197277613,0.0,"[1.0, 0.0]",primal=Optimization terminated successfully; dual=outer=Optimization terminated successfully; inner=Optimization terminated successfully,0,166.96393489837632,0.0,,tiny12_linear_20260503_contcert1,tiny12
linear,pair,colorist+docker,64.75429678879706,44.497504901885954,0,"[0.4809564776382426, 0.5190435223617573]","[0.6, 0.4]",19.64502334594726,"{""colorist"": -44.497504901885954, ""docker"": -35.04524536132809}",colorist,continuous_primal_dual_psd,4,64.75429678879706,64.75429678879706,0.0,"[0.0, 1.0]",primal=Optimization terminated successfully; dual=outer=Optimization terminated successfully; inner=Optimization terminated successfully,0,281.8626165390011,0.0,,tiny12_linear_20260503_contcert1,tiny12
linear,pair,colorist+empathy,4.4684223794153795,-0.5394791584566543,1,"[0.40450200443820145, 0.5954979955617985]","[0.4, 0.6]",0.0,"{""colorist"": 2.648278999328646, ""empathy"": 0.5394791584566543}",empathy,continuous_primal_dual_psd,4,4.4684223794153795,4.4684223794153795,0.0,"[1.0, 0.0]",primal=Optimization terminated successfully; dual=outer=Optimization terminated successfully; inner=Optimization terminated successfully,0,8.235347920117475,0.0,,tiny12_linear_20260503_contcert1,tiny12
linear,pair,colorist+energy,30.704147327178358,36.94312877655026,0,"[0.5326698061938294, 0.4673301938061706]","[0.2, 0.8]",3.3809423446655273,"{""colorist"": -28.949466419219938, ""energy"": -36.94312877655026}",energy,continuous_primal_dual_psd,4,30.704147327178358,30.704147327178358,0.0,"[0.0, 1.0]",primal=Optimization terminated successfully; dual=outer=Optimization terminated successfully; inner=Optimization terminated successfully,0,181.32418394088742,0.0,,tiny12_linear_20260503_contcert1,tiny12
linear,pair,colorist+flex,60.1925466091714,27.111175727844206,0,"[0.5362555022470789, 0.46374449775292115]","[0.6, 0.4]",0.0,"{""colorist"": -13.450852108001676, ""flex"": -27.111175727844206}",flex,continuous_primal_dual_psd,4,60.1925466091714,60.1925466091714,0.0,"[0.0, 1.0]",primal=Optimization terminated successfully; dual=outer=Optimization terminated successfully; inner=Optimization terminated successfully,0,473.95825386047375,0.0,,tiny12_linear_20260503_contcert1,tiny12
linear,pair,colorist+gsm8k,28.998638347360256,18.88183660507199,0,"[0.553693988321237, 0.44630601167876305]","[0.6, 0.4]",0.0,"{""colorist"": -18.88183660507199, ""gsm8k"": -7.415345382690397}",colorist,continuous_primal_dual_psd,4,28.998638347360256,28.998638347360256,0.0,"[1.0, 0.0]",primal=Optimization terminated successfully; dual=outer=Optimization terminated successfully; inner=Optimization terminated successfully,0,310.7890486717221,0.0,,tiny12_linear_20260503_contcert1,tiny12
linear,pair,colorist+physics,66.4029619461748,72.98261232376095,0,"[0.5757827952665179, 0.4242172047334821]","[0.8, 0.2]",1.9755244255065918,"{""colorist"": -34.2702300071716, ""physics"": -72.98261232376095}",physics,continuous_primal_dual_psd,4,66.4029619461748,66.4029619461748,0.0,"[0.0, 1.0]",primal=Optimization terminated successfully; dual=outer=Optimization terminated successfully; inner=Optimization terminated successfully,0,140.9226655960083,0.0,,tiny12_linear_20260503_contcert1,tiny12
linear,pair,colorist+textsql,-0.3159087980332037,4.234507751464811,0,"[0.2, 0.8]","[0.4, 0.6]",14.711940288543701,"{""colorist"": -4.234507751464811, ""textsql"": -0.1267861419039358}",colorist,continuous_primal_dual_psd,4,-0.3159087980332037,-0.3159087980332037,0.0,"[0.0, 1.0]",primal=Optimization terminated successfully; dual=outer=Optimization terminated successfully; inner=Optimization terminated successfully,0,16.856107168480076,0.0,,tiny12_linear_20260503_contcert1,tiny12
linear,pair,company+docker,66.95383260475502,52.966132831573454,0,"[0.5671269261101708, 0.4328730738898292]","[0.6, 0.4]",0.0,"{""company"": -52.966132831573454, ""docker"": -23.85477132797238}",company,continuous_primal_dual_psd,4,66.95383260475502,66.95383260474597,9.052314453583676e-12,"[0.4310823431036188, 0.5689176568963812]",primal=Optimization terminated successfully; dual=outer=Optimization terminated successfully; inner=Optimization terminated successfully,0,466.5026068687438,0.0,,tiny12_linear_20260503_contcert1,tiny12
linear,pair,company+gsm8k,35.546434569430815,41.07796258926388,0,"[0.44945928544229785, 0.5505407145577021]","[0.4, 0.6]",0.0,"{""company"": -41.07796258926388, ""gsm8k"": 18.890699672699007}",company,continuous_primal_dual_psd,4,35.546434569430815,35.546434569430815,0.0,"[1.0, 0.0]",primal=Optimization terminated successfully; dual=outer=Optimization terminated successfully; inner=Optimization terminated successfully,0,450.05366206169117,0.0,,tiny12_linear_20260503_contcert1,tiny12
linear,pair,company+textsql,8.208485573623378,20.85067338943478,0,"[0.3981300371039059, 0.6018699628960942]","[0.4, 0.6]",0.0,"{""company"": -20.85067338943478, ""textsql"": 0.0848806862901457}",company,continuous_primal_dual_psd,4,8.208485573623378,8.208485573623378,0.0,"[1.0, 0.0]",primal=Optimization terminated successfully; dual=outer=Optimization terminated successfully; inner=Optimization terminated successfully,0,30.587171496072326,0.0,,tiny12_linear_20260503_contcert1,tiny12
linear,pair,conversation+brainstorming,13.097308712895934,7.9825908660888345,0,"[0.3684058207877656, 0.6315941792122344]","[0.2, 0.8]",2.108120918273926,"{""brainstorming"": -7.9825908660888345, ""conversation"": 5.996426868438753}",brainstorming,continuous_primal_dual_psd,4,13.097308712895934,13.097308712895934,0.0,"[0.0, 1.0]",primal=Optimization terminated successfully; dual=outer=Optimization terminated successfully; inner=Optimization terminated successfully,0,97.81584143638612,0.0,,tiny12_linear_20260503_contcert1,tiny12
linear,pair,conversation+colorist,29.592797010979865,16.324999999999967,0,"[0.5833797500765183, 0.4166202499234817]","[0.6, 0.4]",0.0,"{""colorist"": -14.76201124191281, ""conversation"": -16.324999999999967}",conversation,continuous_primal_dual_psd,4,29.592797010979865,29.592797010979865,0.0,"[0.0, 1.0]",primal=Optimization terminated successfully; dual=outer=Optimization terminated successfully; inner=Optimization terminated successfully,0,166.44328832626346,0.0,,tiny12_linear_20260503_contcert1,tiny12
linear,pair,conversation+company,22.73177090181109,10.98410196304318,0,"[0.6052451677299865, 0.3947548322700135]","[0.6, 0.4]",0.0,"{""company"": -10.98410196304318, ""conversation"": 28.615471649169955}",company,continuous_primal_dual_psd,4,22.73177090181109,22.73177090181109,0.0,"[0.0, 1.0]",primal=Optimization terminated successfully; dual=outer=Optimization terminated successfully; inner=Optimization terminated successfully,0,412.33390569686895,0.0,,tiny12_linear_20260503_contcert1,tiny12
linear,pair,conversation+creative,5.105943682237367,18.751934242248502,0,"[0.397939440955451, 0.602060559044549]","[0.4, 0.6]",0.0,"{""conversation"": 7.9309552192688315, ""creative"": -18.751934242248502}",creative,continuous_primal_dual_psd,4,5.105943682237367,5.105943682237367,0.0,"[0.0, 1.0]",primal=Optimization terminated successfully; dual=outer=Optimization terminated successfully; inner=Optimization terminated successfully,0,110.27082800865178,0.0,,tiny12_linear_20260503_contcert1,tiny12
linear,pair,conversation+docker,59.22394974420631,41.32498807907101,0,"[0.5124652355925255, 0.48753476440747445]","[0.4, 0.6]",1.220250129699707,"{""conversation"": -41.32498807907101, ""docker"": -26.414290142059293}",conversation,continuous_primal_dual_psd,4,59.22394974420631,59.22394974420631,0.0,"[0.0, 1.0]",primal=Optimization terminated successfully; dual=outer=Optimization terminated successfully; inner=Optimization terminated successfully,0,175.6536960601803,0.0,,tiny12_linear_20260503_contcert1,tiny12
linear,pair,conversation+empathy,-0.7887078514209226,-1.1457790439519249,1,"[0.5197397210813841, 0.4802602789186159]","[0.4, 0.6]",0.05403153175093056,"{""conversation"": 18.198808956146273, ""empathy"": 1.1457790439519249}",empathy,continuous_primal_dual_psd,4,-0.7887078514209226,-0.7887078514209226,0.0,"[0.0, 1.0]",primal=Optimization terminated successfully; dual=outer=Optimization terminated successfully; inner=Optimization terminated successfully,0,5.374236558190461,0.0,,tiny12_linear_20260503_contcert1,tiny12
linear,pair,conversation+energy,27.824846485991085,23.866680335998502,0,"[0.4406037841619668, 0.5593962158380332]","[0.4, 0.6]",0.0,"{""conversation"": -23.467865657806364, ""energy"": -23.866680335998502}",energy,continuous_primal_dual_psd,4,27.824846485991085,27.824846485991085,0.0,"[0.0, 1.0]",primal=Optimization terminated successfully; dual=outer=Optimization terminated successfully; inner=Optimization terminated successfully,0,105.67948222160324,0.0,,tiny12_linear_20260503_contcert1,tiny12
linear,pair,conversation+flex,43.98454417479384,23.346307945251432,0,"[0.63337546257086, 0.36662453742914003]","[0.6, 0.4]",0.0,"{""conversation"": -9.479752254486051, ""flex"": -23.346307945251432}",flex,continuous_primal_dual_psd,4,43.98454417479384,43.98454417479384,0.0,"[0.0, 1.0]",primal=Optimization terminated successfully; dual=outer=Optimization terminated successfully; inner=Optimization terminated successfully,0,359.21990871429443,0.0,,tiny12_linear_20260503_contcert1,tiny12
linear,pair,conversation+gsm8k,57.64772303104398,12.753585052490202,0,"[0.8, 0.19999999999999996]","[0.8, 0.2]",0.0,"{""conversation"": -12.753585052490202, ""gsm8k"": -2.1088988304137857}",conversation,continuous_primal_dual_psd,4,57.64772303104398,57.64772303104398,0.0,"[1.0, 0.0]",primal=Optimization terminated successfully; dual=outer=Optimization terminated successfully; inner=Optimization terminated successfully,1,-131.48471713066087,131.48471713066087,,tiny12_linear_20260503_contcert1,tiny12
linear,pair,conversation+physics,35.63072202638415,55.1599890708923,0,"[0.743294284684428, 0.25670571531557196]","[0.8, 0.2]",0.0,"{""conversation"": -22.723797035217252, ""physics"": -55.1599890708923}",physics,continuous_primal_dual_psd,4,35.63072202638415,35.63072202638415,0.0,"[0.0, 1.0]",primal=Optimization terminated successfully; dual=outer=Optimization terminated successfully; inner=Optimization terminated successfully,0,168.31368207931473,0.0,,tiny12_linear_20260503_contcert1,tiny12
linear,pair,conversation+textsql,0.20265821252124283,0.14511943105263997,0,"[0.4756453298476394, 0.5243546701523606]","[0.4, 0.6]",0.0,"{""conversation"": 0.49047164916995456, ""textsql"": -0.14511943105263997}",textsql,continuous_primal_dual_psd,4,0.20265821252124283,0.20265821252120916,3.366751322175787e-14,"[0.05176696513809038, 0.9482330348619097]",primal=Optimization terminated successfully; dual=outer=Optimization terminated successfully; inner=Optimization terminated successfully,0,17.94512253636334,0.0,,tiny12_linear_20260503_contcert1,tiny12
linear,pair,creative+company,11.582848095683318,16.311457824707,0,"[0.6313297904284108, 0.36867020957158925]","[0.6, 0.4]",0.0,"{""company"": -13.711372089385954, ""creative"": -16.311457824707}",creative,continuous_primal_dual_psd,4,11.582848095683318,11.582848095683318,0.0,"[0.0, 1.0]",primal=Optimization terminated successfully; dual=outer=Optimization terminated successfully; inner=Optimization terminated successfully,0,429.9238324165346,0.0,,tiny12_linear_20260503_contcert1,tiny12
linear,pair,creative+docker,40.42794890403747,50.0452429771423,0,"[0.8, 0.19999999999999996]","[0.8, 0.2]",0.0,"{""creative"": -33.73389549255368, ""docker"": -50.0452429771423}",docker,continuous_primal_dual_psd,4,40.42794890403747,40.42794890403747,0.0,"[0.0, 1.0]",primal=Optimization terminated successfully; dual=outer=Optimization terminated successfully; inner=Optimization terminated successfully,0,93.34117174148534,0.0,,tiny12_linear_20260503_contcert1,tiny12
linear,pair,creative+gsm8k,16.04170866012587,33.372560214996305,0,"[0.7999999999999942, 0.20000000000000584]","[0.8, 0.2]",0.0,"{""creative"": -33.372560214996305, ""gsm8k"": -5.1871807098388345}",creative,continuous_primal_dual_psd,4,16.04170866012587,16.04170866012587,0.0,"[1.0, 0.0]",primal=Optimization terminated successfully; dual=outer=Optimization terminated successfully; inner=Optimization terminated successfully,0,68.33136081695554,0.0,,tiny12_linear_20260503_contcert1,tiny12
linear,pair,creative+textsql,5.644334379677787,16.635540199279752,0,"[0.7684547028138283, 0.23154529718617167]","[0.8, 0.2]",0.0,"{""creative"": -16.635540199279752, ""textsql"": -0.9955956037308065}",creative,continuous_primal_dual_psd,4,5.644334379677787,5.644334379677787,0.0,"[1.0, 0.0]",primal=Optimization terminated successfully; dual=outer=Optimization terminated successfully; inner=Optimization terminated successfully,0,13.731052903355529,0.0,,tiny12_linear_20260503_contcert1,tiny12
linear,pair,docker+gsm8k,64.41668188504777,28.264108371734586,0,"[0.6349540940380711, 0.3650459059619289]","[0.6, 0.4]",0.0,"{""docker"": -17.90238924026486, ""gsm8k"": -28.264108371734586}",gsm8k,continuous_primal_dual_psd,4,64.41668188504777,64.41668188504777,0.0,"[1.0, 0.0]",primal=Optimization terminated successfully; dual=outer=Optimization terminated successfully; inner=Optimization terminated successfully,0,365.50164222717245,0.0,,tiny12_linear_20260503_contcert1,tiny12
linear,pair,docker+textsql,27.836447429657,15.402391624450651,0,"[0.20000000000000356, 0.7999999999999965]","[0.4, 0.6]",6.190478801727295,"{""docker"": -15.402391624450651, ""textsql"": -0.5798809709550542}",docker,continuous_primal_dual_psd,4,27.836447429657,27.836447429657,0.0,"[1.0, 0.0]",primal=Optimization terminated successfully; dual=outer=Optimization terminated successfully; inner=Optimization terminated successfully,0,29.640170815187815,0.0,,tiny12_linear_20260503_contcert1,tiny12
linear,pair,empathy+brainstorming,18.30220016028717,7.05869503021237,0,"[0.38853934231295645, 0.6114606576870436]","[0.4, 0.6]",0.0,"{""brainstorming"": -7.05869503021237, ""empathy"": -0.09424429978100017}",brainstorming,continuous_primal_dual_psd,4,18.30220016028717,18.30220016028717,0.0,"[0.0, 1.0]",primal=Optimization terminated successfully; dual=outer=Optimization terminated successfully; inner=Optimization terminated successfully,0,0.39848794796138554,0.0,,tiny12_linear_20260503_contcert1,tiny12
linear,pair,empathy+company,7.428425790543244,11.34723730087277,0,"[0.6970632864146867, 0.30293671358531327]","[0.6, 0.4]",0.0,"{""company"": -11.34723730087277, ""empathy"": 0.8492817551369912}",company,continuous_primal_dual_psd,4,7.428425790543244,7.428425790543244,0.0,"[0.0, 1.0]",primal=Optimization terminated successfully; dual=outer=Optimization terminated successfully; inner=Optimization terminated successfully,0,9.38384648595213,0.0,,tiny12_linear_20260503_contcert1,tiny12
linear,pair,empathy+creative,4.205840588293045,7.155016136169401,0,"[0.4274988322469518, 0.5725011677530483]","[0.4, 0.6]",0.0,"{""creative"": -7.155016136169401, ""empathy"": 0.25628540635895064}",creative,continuous_primal_dual_psd,4,4.205840588293045,4.205840588293045,0.0,"[0.0, 1.0]",primal=Optimization terminated successfully; dual=outer=Optimization terminated successfully; inner=Optimization terminated successfully,0,4.71272215182656,0.0,,tiny12_linear_20260503_contcert1,tiny12
linear,pair,empathy+docker,20.25884337425228,3.080955219268766,0,"[0.8, 0.19999999999999996]","[0.6, 0.4]",18.57142448425293,"{""docker"": -3.080955219268766, ""empathy"": -0.4912033269247315}",docker,continuous_primal_dual_psd,4,20.25884337425228,20.25884337425228,0.0,"[0.0, 1.0]",primal=Optimization terminated successfully; dual=outer=Optimization terminated successfully; inner=Optimization terminated successfully,0,16.042101623247074,0.0,,tiny12_linear_20260503_contcert1,tiny12
linear,pair,empathy+gsm8k,-0.13731573809602526,0.09967464008055446,0,"[0.7999999999999976, 0.2000000000000024]","[0.8, 0.2]",0.0,"{""empathy"": -0.09967464008055446, ""gsm8k"": 7.921275424957308}",empathy,continuous_primal_dual_psd,4,-0.13731573809602526,-0.13731573809602526,0.0,"[1.0, 0.0]",primal=Optimization terminated successfully; dual=outer=Optimization terminated successfully; inner=Optimization terminated successfully,0,7.056709643135788,0.0,,tiny12_linear_20260503_contcert1,tiny12
linear,pair,empathy+textsql,0.24314049016129768,0.12302501481122924,0,"[0.632140265082491, 0.367859734917509]","[0.4, 0.6]",0.4937611314387356,"{""empathy"": -0.12302501481122924, ""textsql"": 0.0285713602766843}",empathy,continuous_primal_dual_psd,4,0.24314049016129768,0.24314049016054717,7.505107646466058e-13,"[0.8618493347643357, 0.13815066523566438]",primal=Optimization terminated successfully; dual=outer=Optimization terminated successfully; inner=Optimization terminated successfully,0,6.600676166235426,0.0,,tiny12_linear_20260503_contcert1,tiny12
linear,pair,energy+brainstorming,30.13119728612181,22.341445159912077,0,"[0.22662373801218566, 0.7733762619878144]","[0.2, 0.8]",0.0,"{""brainstorming"": -18.245747756957975, ""energy"": -22.341445159912077}",energy,continuous_primal_dual_psd,4,30.13119728612181,30.13119728612181,0.0,"[0.0, 1.0]",primal=Optimization terminated successfully; dual=outer=Optimization terminated successfully; inner=Optimization terminated successfully,0,129.1117072105406,0.0,,tiny12_linear_20260503_contcert1,tiny12
linear,pair,energy+company,52.547897707820496,40.15651054382321,0,"[0.6956257385023366, 0.30437426149766345]","[0.8, 0.2]",0.21246671676635742,"{""company"": -40.15651054382321, ""energy"": -39.63506526947018}",company,continuous_primal_dual_psd,4,52.547897707820496,52.547897707820496,0.0,"[0.0, 1.0]",primal=Optimization terminated successfully; dual=outer=Optimization terminated successfully; inner=Optimization terminated successfully,0,262.57723569869995,0.0,,tiny12_linear_20260503_contcert1,tiny12
linear,pair,energy+creative,25.84917432130296,24.586013031005827,0,"[0.41622670975791803, 0.583773290242082]","[0.2, 0.8]",0.0,"{""creative"": -23.254707527160612, ""energy"": -24.586013031005827}",energy,continuous_primal_dual_psd,4,25.84917432130296,25.84917432130296,0.0,"[1.0, 0.0]",primal=Optimization terminated successfully; dual=outer=Optimization terminated successfully; inner=Optimization terminated successfully,0,101.02123022079458,0.0,,tiny12_linear_20260503_contcert1,tiny12
linear,pair,energy+docker,63.01617093086242,48.31257171630856,0,"[0.8, 0.19999999999999996]","[0.8, 0.2]",0.0,"{""docker"": -37.72380657196042, ""energy"": -48.31257171630856}",energy,continuous_primal_dual_psd,4,63.01617093086242,63.01617093086242,0.0,"[0.0, 1.0]",primal=Optimization terminated successfully; dual=outer=Optimization terminated successfully; inner=Optimization terminated successfully,0,60.049593448638646,0.0,,tiny12_linear_20260503_contcert1,tiny12
linear,pair,energy+empathy,14.787170506858056,15.384700965881315,0,"[0.39516821106503036, 0.6048317889349697]","[0.6, 0.4]",0.32684803009033203,"{""empathy"": 0.011647336060308499, ""energy"": -15.384700965881315}",energy,continuous_primal_dual_psd,4,14.787170506858056,14.787170506858056,0.0,"[1.0, 0.0]",primal=Optimization terminated successfully; dual=outer=Optimization terminated successfully; inner=Optimization terminated successfully,0,4.060985385458896,0.0,,tiny12_linear_20260503_contcert1,tiny12
linear,pair,energy+gsm8k,38.799309020241424,49.34284992218014,0,"[0.6756961169392885, 0.32430388306071145]","[0.8, 0.2]",4.240989685058594,"{""energy"": -49.34284992218014, ""gsm8k"": 3.1598656654358237}",energy,continuous_primal_dual_psd,4,38.799309020241424,38.799309020241424,0.0,"[1.0, 0.0]",primal=Optimization terminated successfully; dual=outer=Optimization terminated successfully; inner=Optimization terminated successfully,0,209.79493856430022,0.0,,tiny12_linear_20260503_contcert1,tiny12
linear,pair,energy+physics,62.18445129394529,58.31733055114743,0,"[0.7999999999999988, 0.20000000000000118]","[0.8, 0.2]",0.0,"{""energy"": -52.285125923156706, ""physics"": -58.31733055114743}",physics,continuous_primal_dual_psd,4,62.18445129394529,62.18445129394529,0.0,"[1.0, 0.0]",primal=Optimization terminated successfully; dual=outer=Optimization terminated successfully; inner=Optimization terminated successfully,0,188.69504332542405,0.0,,tiny12_linear_20260503_contcert1,tiny12
linear,pair,energy+textsql,29.53721888065338,32.76205368041989,0,"[0.2, 0.8]","[0.6, 0.4]",4.180383682250977,"{""energy"": -32.76205368041989, ""textsql"": -0.6064291243055602}",energy,continuous_primal_dual_psd,4,29.53721888065338,29.53721888065338,0.0,"[1.0, 0.0]",primal=Optimization terminated successfully; dual=outer=Optimization terminated successfully; inner=Optimization terminated successfully,0,7.386374541316897,0.0,,tiny12_linear_20260503_contcert1,tiny12
linear,pair,flex+brainstorming,35.825077051749886,20.908787918090788,0,"[0.28020188226871245, 0.7197981177312875]","[0.2, 0.8]",0.0,"{""brainstorming"": -20.908787918090788, ""flex"": -14.386382770538297}",brainstorming,continuous_primal_dual_psd,4,35.825077051749886,35.825077051749886,0.0,"[1.0, 0.0]",primal=Optimization terminated successfully; dual=outer=Optimization terminated successfully; inner=Optimization terminated successfully,0,313.8276934623718,0.0,,tiny12_linear_20260503_contcert1,tiny12
linear,pair,flex+company,88.32944396512426,70.19442625045772,0,"[0.47031564120978675, 0.5296843587902132]","[0.4, 0.6]",0.0,"{""company"": -59.24331254959103, ""flex"": -70.19442625045772}",flex,continuous_primal_dual_psd,4,88.32944396512426,88.32944396512426,0.0,"[1.0, 0.0]",primal=Optimization terminated successfully; dual=outer=Optimization terminated successfully; inner=Optimization terminated successfully,0,474.0089178085327,0.0,,tiny12_linear_20260503_contcert1,tiny12
linear,pair,flex+creative,48.81087608337402,29.765644741058317,0,"[0.2, 0.8]","[0.2, 0.8]",0.0,"{""creative"": -29.765644741058317, ""flex"": -24.95901889801022}",creative,continuous_primal_dual_psd,4,48.81087608337402,48.81087608337402,0.0,"[1.0, 0.0]",primal=Optimization terminated successfully; dual=outer=Optimization terminated successfully; inner=Optimization terminated successfully,0,85.63309907913201,0.0,,tiny12_linear_20260503_contcert1,tiny12
linear,pair,flex+docker,181.38361833395064,139.1167075157165,0,"[0.6931649745896787, 0.30683502541032126]","[0.8, 0.2]",9.461140632629395,"{""docker"": -99.39048595428463, ""flex"": -139.1167075157165}",flex,continuous_primal_dual_psd,4,181.38361833395064,181.38361833395064,0.0,"[1.0, 0.0]",primal=Optimization terminated successfully; dual=outer=Optimization terminated successfully; inner=Optimization terminated successfully,0,135.7230544090267,0.0,,tiny12_linear_20260503_contcert1,tiny12
linear,pair,flex+empathy,40.69441678902321,15.57687826156613,0,"[0.3144808333002839, 0.685519166699716]","[0.2, 0.8]",1.4193177223205566,"{""empathy"": -0.5376330907155553, ""flex"": -15.57687826156613}",flex,continuous_primal_dual_psd,4,40.69441678902321,40.69441678902321,0.0,"[1.0, 0.0]",primal=Optimization terminated successfully; dual=outer=Optimization terminated successfully; inner=Optimization terminated successfully,0,5.501730462527938,0.0,,tiny12_linear_20260503_contcert1,tiny12
linear,pair,flex+energy,71.25535488983266,51.32383413314816,0,"[0.23090707870777824, 0.7690929212922217]","[0.2, 0.8]",0.0,"{""energy"": -49.13001365661618, ""flex"": -51.32383413314816}",flex,continuous_primal_dual_psd,4,71.25535488983266,71.25535488983266,0.0,"[1.0, 0.0]",primal=Optimization terminated successfully; dual=outer=Optimization terminated successfully; inner=Optimization terminated successfully,0,144.45394277572626,0.0,,tiny12_linear_20260503_contcert1,tiny12
linear,pair,flex+gsm8k,109.46766065136111,79.53023023605343,0,"[0.4431401784927482, 0.5568598215072518]","[0.4, 0.6]",0.0,"{""flex"": -79.53023023605343, ""gsm8k"": -16.49768657684323}",flex,continuous_primal_dual_psd,4,109.46766065136111,109.46766065136111,0.0,"[1.0, 0.0]",primal=Optimization terminated successfully; dual=outer=Optimization terminated successfully; inner=Optimization terminated successfully,0,379.1864216327667,0.0,,tiny12_linear_20260503_contcert1,tiny12
linear,pair,flex+physics,63.60416795663909,76.95949382781978,0,"[0.48173251023630276, 0.5182674897636972]","[0.4, 0.6]",0.0,"{""flex"": -50.5910307884216, ""physics"": -76.95949382781978}",physics,continuous_primal_dual_psd,4,63.60416795663909,63.60416795663909,0.0,"[1.0, 0.0]",primal=Optimization terminated successfully; dual=outer=Optimization terminated successfully; inner=Optimization terminated successfully,0,357.13016986846884,0.0,,tiny12_linear_20260503_contcert1,tiny12
linear,pair,flex+textsql,50.78797763707237,54.33138914108273,0,"[0.3104603779409458, 0.6895396220590542]","[0.2, 0.8]",3.2390356063842773,"{""flex"": -54.33138914108273, ""textsql"": 0.22404749166757443}",flex,continuous_primal_dual_psd,4,50.78797763707237,50.78797763707237,0.0,"[1.0, 0.0]",primal=Optimization terminated successfully; dual=outer=Optimization terminated successfully; inner=Optimization terminated successfully,0,29.30874228292806,0.0,,tiny12_linear_20260503_contcert1,tiny12
linear,pair,gsm8k+textsql,-0.9817499044291416,-0.4173805961100419,1,"[0.21759806471102963, 0.7824019352889704]","[0.2, 0.8]",0.0,"{""gsm8k"": 1.0002463340759604, ""textsql"": 0.4173805961100419}",textsql,continuous_primal_dual_psd,4,-0.9817499044291416,-0.9817499044291416,0.0,"[0.0, 1.0]",primal=Optimization terminated successfully; dual=outer=Optimization terminated successfully; inner=Optimization terminated successfully,0,25.236733033866006,0.0,,tiny12_linear_20260503_contcert1,tiny12
linear,pair,physics+brainstorming,22.476316165924057,30.40151901245114,0,"[0.2, 0.8]","[0.2, 0.8]",0.0,"{""brainstorming"": -15.548399162292448, ""physics"": -30.40151901245114}",physics,continuous_primal_dual_psd,4,22.476316165924057,22.476316165924057,0.0,"[0.0, 1.0]",primal=Optimization terminated successfully; dual=outer=Optimization terminated successfully; inner=Optimization terminated successfully,0,259.86850261688215,0.0,,tiny12_linear_20260503_contcert1,tiny12
linear,pair,physics+company,40.743587062119914,71.18826217651363,0,"[0.5042358498472183, 0.49576415015278175]","[0.4, 0.6]",2.1825790405273438,"{""company"": -34.77032489776608, ""physics"": -71.18826217651363}",physics,continuous_primal_dual_psd,4,40.743587062119914,40.743587062119914,0.0,"[1.0, 0.0]",primal=Optimization terminated successfully; dual=outer=Optimization terminated successfully; inner=Optimization terminated successfully,0,692.7385926246637,0.0,,tiny12_linear_20260503_contcert1,tiny12
linear,pair,physics+creative,21.058866179788282,41.296985816955534,0,"[0.3153027507736931, 0.6846972492263069]","[0.2, 0.8]",2.3809432983398438,"{""creative"": -26.71790428161618, ""physics"": -41.296985816955534}",physics,continuous_primal_dual_psd,4,21.058866179788282,21.058866179788282,0.0,"[1.0, 0.0]",primal=Optimization terminated successfully; dual=outer=Optimization terminated successfully; inner=Optimization terminated successfully,0,285.4783833026885,0.0,,tiny12_linear_20260503_contcert1,tiny12
linear,pair,physics+docker,83.65016646385195,91.59889526367184,0,"[0.2, 0.8]","[0.6, 0.4]",51.75983905792236,"{""docker"": -55.04523820877072, ""physics"": -91.59889526367184}",physics,continuous_primal_dual_psd,4,83.65016646385195,83.65016646385195,0.0,"[0.0, 1.0]",primal=Optimization terminated successfully; dual=outer=Optimization terminated successfully; inner=Optimization terminated successfully,0,228.34986448287964,0.0,,tiny12_linear_20260503_contcert1,tiny12
linear,pair,physics+empathy,9.388364805185049,38.320794773101774,0,"[0.39968931858145446, 0.6003106814185455]","[0.4, 0.6]",0.0,"{""empathy"": -1.1300856970043711, ""physics"": -38.320794773101774}",physics,continuous_primal_dual_psd,4,9.388364805185049,9.388364805185049,0.0,"[1.0, 0.0]",primal=Optimization terminated successfully; dual=outer=Optimization terminated successfully; inner=Optimization terminated successfully,0,13.315590616274731,0.0,,tiny12_linear_20260503_contcert1,tiny12
linear,pair,physics+gsm8k,102.81631167244059,121.61960906982418,0,"[0.34205798191720566, 0.6579420180827944]","[0.4, 0.6]",0.0,"{""gsm8k"": -43.347063732147184, ""physics"": -121.61960906982418}",physics,continuous_primal_dual_psd,4,102.81631167244059,102.81631167244059,0.0,"[1.0, 0.0]",primal=Optimization terminated successfully; dual=outer=Optimization terminated successfully; inner=Optimization terminated successfully,0,185.79632043838458,0.0,,tiny12_linear_20260503_contcert1,tiny12
linear,pair,physics+textsql,20.331550908088673,53.0895978927612,0,"[0.2, 0.8]","[0.2, 0.8]",0.0,"{""physics"": -53.0895978927612, ""textsql"": 0.08345171192259071}",physics,continuous_primal_dual_psd,4,20.331550908088673,20.331550908088673,0.0,"[1.0, 0.0]",primal=Optimization terminated successfully; dual=outer=Optimization terminated successfully; inner=Optimization terminated successfully,0,17.897734802337844,0.0,,tiny12_linear_20260503_contcert1,tiny12
linear,triple,brainstorming+company+docker,26.91930790367249,19.09286088943478,0,"[0.5168822484194906, 0.28311775158045266, 0.2000000000000568]","[0.4, 0.4, 0.2]",6.190478801727295,"{""brainstorming"": -16.495183181762663, ""company"": -16.79026193618771, ""docker"": -19.09286088943478}",docker,continuous_primal_dual_psd,6,26.91930790367249,26.91930790367249,0.0,"[0.0, 0.0, 1.0]",primal=Optimization terminated successfully; dual=outer=Optimization terminated successfully; inner=Optimization terminated successfully,0,173.14234568633856,0.0,,tiny12_linear_20260503_contcert1,tiny12
linear,triple,brainstorming+company+gsm8k,8.635426376089569,11.582747173309293,0,"[0.5008999555061063, 0.2680466999549618, 0.2310533445389319]","[0.6, 0.2, 0.2]",0.0,"{""brainstorming"": -7.35330886840817, ""company"": -11.582747173309293, ""gsm8k"": 25.42951993942264}",company,continuous_primal_dual_psd,6,8.635426376089569,8.635426376089457,1.1191048088221578e-13,"[5.481379239390116e-13, 0.9999999999994518, 0.0]",primal=Optimization terminated successfully; dual=outer=Optimization terminated successfully; inner=Optimization terminated successfully,0,64.01459584034524,0.0,,tiny12_linear_20260503_contcert1,tiny12
linear,triple,brainstorming+company+textsql,-0.8092451718799651,5.50546951293942,0,"[0.23380729640687045, 0.20732077103148194, 0.5588719325616476]","[0.4, 0.4, 0.2]",13.466835021972656,"{""brainstorming"": -5.50546951293942, ""company"": -4.154387187957731, ""textsql"": -0.46761912791711036}",brainstorming,continuous_primal_dual_psd,6,-0.8092451718799651,-0.8092451718887728,8.807621298956292e-12,"[2.0894692210769327e-16, 0.011034073792642532, 0.9889659262073573]",primal=Optimization terminated successfully; dual=outer=Optimization terminated successfully; inner=Optimization terminated successfully,0,15.394528949231626,0.0,,tiny12_linear_20260503_contcert1,tiny12
linear,triple,brainstorming+creative+company,16.764650353384027,17.35103435516354,0,"[0.25124012569216186, 0.4000173502871615, 0.3487425240206766]","[0.2, 0.4, 0.4]",0.0,"{""brainstorming"": -14.756038856506315, ""company"": -10.328617763519254, ""creative"": -17.35103435516354}",creative,continuous_primal_dual_psd,6,16.764650353384027,16.764650353384027,0.0,"[1.0, 0.0, 0.0]",primal=Optimization terminated successfully; dual=outer=Optimization terminated successfully; inner=Optimization terminated successfully,1,-29.08613960440408,29.086139604404103,,tiny12_linear_20260503_contcert1,tiny12
linear,triple,brainstorming+creative+docker,43.17812978218949,45.16430206298825,0,"[0.3286995120757453, 0.4713004879241527, 0.20000000000010199]","[0.6, 0.2, 0.2]",2.440476417541504,"{""brainstorming"": -31.73547096252438, ""creative"": -31.24293394088742, ""docker"": -45.16430206298825}",docker,continuous_primal_dual_psd,6,43.17812978218949,43.17812978218949,0.0,"[0.0, 0.0, 1.0]",primal=Optimization terminated successfully; dual=outer=Optimization terminated successfully; inner=Optimization terminated successfully,1,-47.28230741402108,47.28230741402109,,tiny12_linear_20260503_contcert1,tiny12
linear,triple,brainstorming+creative+gsm8k,35.01445655379475,33.8121206283569,0,"[0.5370046711203199, 0.21916260124902584, 0.24383272763065422]","[0.6, 0.2, 0.2]",0.0,"{""brainstorming"": -33.8121206283569, ""creative"": -29.842010211944547, ""gsm8k"": -2.981296253204313}",brainstorming,continuous_primal_dual_psd,6,35.01445655379475,35.014456553792606,2.1458390619955026e-12,"[0.9999999999998477, 1.5237811012977954e-13, 0.0]",primal=Optimization terminated successfully; dual=outer=Optimization terminated successfully; inner=Optimization terminated successfully,1,-37.80260650947481,37.80260650947481,,tiny12_linear_20260503_contcert1,tiny12
linear,triple,brainstorming+creative+textsql,9.146965921080277,18.99785108566281,0,"[0.2141823908709397, 0.36936159271554836, 0.41645601641351193]","[0.4, 0.2, 0.4]",0.21042823791503906,"{""brainstorming"": -13.440278244018522, ""creative"": -18.99785108566281, ""textsql"": -0.5059524083737563}",creative,continuous_primal_dual_psd,6,9.146965921080277,9.146965921035822,4.445510626283067e-11,"[0.4342738673700484, 0.5657261326299516, 0.0]",primal=Optimization terminated successfully; dual=outer=Optimization terminated successfully; inner=Optimization terminated successfully,1,-16.373036198475276,16.373036198475287,,tiny12_linear_20260503_contcert1,tiny12
linear,triple,brainstorming+docker+gsm8k,46.2996449905004,43.91429729461667,0,"[0.6, 0.2, 0.19999999999999996]","[0.6, 0.2, 0.2]",0.0,"{""brainstorming"": -32.593563270568815, ""docker"": -43.91429729461667, ""gsm8k"": -14.619174671173063}",docker,continuous_primal_dual_psd,6,46.2996449905004,46.2996449904719,2.849986913133762e-11,"[1.6591172879970812e-12, 0.9999999999983409, 0.0]",primal=Optimization terminated successfully; dual=outer=Optimization terminated successfully; inner=Optimization terminated successfully,1,-55.518644583975814,55.51864458397583,,tiny12_linear_20260503_contcert1,tiny12
linear,triple,brainstorming+docker+textsql,28.557516850385927,33.97381610870358,0,"[0.2, 0.2, 0.6]","[0.6, 0.2, 0.2]",17.684412002563477,"{""brainstorming"": -31.44083328247067, ""docker"": -33.97381610870358, ""textsql"": -1.0550001716681507}",docker,continuous_primal_dual_psd,6,28.557516850385927,28.557516850384125,1.801225835151854e-12,"[6.032951915809461e-13, 0.9999999999993967, 0.0]",primal=Optimization terminated successfully; dual=outer=Optimization terminated successfully; inner=Optimization terminated successfully,1,-153.9181735034876,153.9181735034876,,tiny12_linear_20260503_contcert1,tiny12
linear,triple,brainstorming+gsm8k+textsql,0.330077138450946,14.298370552062956,0,"[0.2588317134270757, 0.2039095751970536, 0.5372587113758707]","[0.6, 0.2, 0.2]",8.09783935546875,"{""brainstorming"": -14.298370552062956, ""gsm8k"": 10.27456216812137, ""textsql"": -0.9082143426783112}",brainstorming,continuous_primal_dual_psd,6,0.330077138450946,0.330077138450946,0.0,"[1.0, 0.0, 0.0]",primal=Optimization terminated successfully; dual=outer=Optimization terminated successfully; inner=Optimization terminated successfully,0,11.647330694136219,0.0,,tiny12_linear_20260503_contcert1,tiny12
linear,triple,colorist+brainstorming+company,16.628762701509586,8.941927623748747,0,"[0.2, 0.5015686678159742, 0.29843133218402573]","[0.2, 0.4, 0.4]",2.3600220680236816,"{""brainstorming"": -6.984284591674772, ""colorist"": -6.6326410293578775, ""company"": -8.941927623748747}",company,continuous_primal_dual_psd,6,16.628762701509586,16.628762701509537,4.973799150320701e-14,"[0.0, 0.999999999999994, 6.050715484207067e-15]",primal=Optimization terminated successfully; dual=outer=Optimization terminated successfully; inner=Optimization terminated successfully,0,26.634253189316865,0.0,,tiny12_linear_20260503_contcert1,tiny12
linear,triple,colorist+brainstorming+creative,34.683477916864646,24.724605751037565,0,"[0.2494449850594146, 0.4793613505618743, 0.2711936643787112]","[0.2, 0.6, 0.2]",0.0,"{""brainstorming"": -24.724605751037565, ""colorist"": -20.170202922821012, ""creative"": -22.712376785278288}",brainstorming,continuous_primal_dual_psd,6,34.683477916864646,34.683477916864646,0.0,"[0.0, 1.0, 0.0]",primal=Optimization terminated successfully; dual=outer=Optimization terminated successfully; inner=Optimization terminated successfully,0,10.591030365147196,0.0,,tiny12_linear_20260503_contcert1,tiny12
linear,triple,colorist+brainstorming+docker,59.79062393222166,37.72380657196042,0,"[0.4581542007656394, 0.2, 0.34184579923436065]","[0.2, 0.6, 0.2]",22.37262725830078,"{""brainstorming"": -34.398487281799284, ""colorist"": -26.36510438919064, ""docker"": -37.72380657196042}",docker,continuous_primal_dual_psd,6,59.79062393222166,59.79062393222166,0.0,"[0.0, 0.0, 1.0]",primal=Optimization terminated successfully; dual=outer=Optimization terminated successfully; inner=Optimization terminated successfully,1,-155.7957191289444,155.7957191289444,,tiny12_linear_20260503_contcert1,tiny12
linear,triple,colorist+brainstorming+gsm8k,11.480972548043312,15.940263938903776,0,"[0.2, 0.45330717118381675, 0.34669282881618324]","[0.2, 0.6, 0.2]",4.739689826965332,"{""brainstorming"": -15.940263938903776, ""colorist"": -1.3993174552917154, ""gsm8k"": 8.39603834152225}",brainstorming,continuous_primal_dual_psd,6,11.480972548043312,11.480972548038565,4.746425474877469e-12,"[3.042621710127215e-12, 0.9999999999969573, 0.0]",primal=Optimization terminated successfully; dual=outer=Optimization terminated successfully; inner=Optimization terminated successfully,1,-18.3656330631741,18.365633063174098,,tiny12_linear_20260503_contcert1,tiny12
linear,triple,colorist+brainstorming+textsql,9.909577526878623,13.37447471618649,0,"[0.2, 0.20379871119704102, 0.596201288802959]","[0.2, 0.4, 0.4]",10.271739959716797,"{""brainstorming"": -13.37447471618649, ""colorist"": -2.43685550689694, ""textsql"": -0.262500461765593}",brainstorming,continuous_primal_dual_psd,6,9.909577526878623,9.909577526878623,0.0,"[0.0, 1.0, 0.0]",primal=Optimization terminated successfully; dual=outer=Optimization terminated successfully; inner=Optimization terminated successfully,0,3.383195238705275,0.0,,tiny12_linear_20260503_contcert1,tiny12
linear,triple,colorist+company+docker,29.41024295275065,24.81971092224118,0,"[0.41350724951480755, 0.3864927504847572, 0.20000000000043527]","[0.4, 0.4, 0.2]",0.0,"{""colorist"": -24.02777976989743, ""company"": -24.81971092224118, ""docker"": -11.71192235946652}",company,continuous_primal_dual_psd,6,29.41024295275065,29.41024295264687,1.0378187198512023e-10,"[0.0, 1.3794521080965667e-13, 0.9999999999998621]",primal=Optimization terminated successfully; dual=outer=Optimization terminated successfully; inner=Optimization terminated successfully,0,230.52450387971132,0.0,,tiny12_linear_20260503_contcert1,tiny12
linear,triple,colorist+company+gsm8k,4.930722943398976,12.696054649352995,0,"[0.4016910003922607, 0.33083400266776786, 0.26747499693997145]","[0.4, 0.4, 0.2]",0.0,"{""colorist"": 7.969054508209261, ""company"": -12.696054649352995, ""gsm8k"": 17.783471870422396}",company,continuous_primal_dual_psd,6,4.930722943398976,4.930722943398976,0.0,"[0.0, 1.0, 0.0]",primal=Optimization terminated successfully; dual=outer=Optimization terminated successfully; inner=Optimization terminated successfully,0,199.93247430285376,0.0,,tiny12_linear_20260503_contcert1,tiny12
linear,triple,colorist+company+textsql,3.043865226196303,13.021317195892301,0,"[0.20000000000000032, 0.3390185768739563, 0.4609814231260434]","[0.4, 0.4, 0.2]",0.5169272422790527,"{""colorist"": -6.256392669677702, ""company"": -13.021317195892301, ""textsql"": -1.0055949474804127}",company,continuous_primal_dual_psd,6,3.043865226196303,3.043865226196303,0.0,"[0.0, 1.0, 0.0]",primal=Optimization terminated successfully; dual=outer=Optimization terminated successfully; inner=Optimization terminated successfully,0,4.058669810501556,0.0,,tiny12_linear_20260503_contcert1,tiny12
linear,triple,colorist+creative+company,13.298733634886744,16.85859270095822,0,"[0.2395299341990962, 0.4154273493999519, 0.34504271640095185]","[0.2, 0.4, 0.4]",0.0,"{""colorist"": -2.060583305358854, ""company"": -16.85859270095822, ""creative"": -11.41728467941281}",company,continuous_primal_dual_psd,6,13.298733634886744,13.298733634886744,0.0,"[0.0, 0.0, 1.0]",primal=Optimization terminated successfully; dual=outer=Optimization terminated successfully; inner=Optimization terminated successfully,0,40.0449248890242,0.0,,tiny12_linear_20260503_contcert1,tiny12
linear,triple,colorist+creative+docker,65.0011523914959,41.3547665596008,0,"[0.20000000000000082, 0.2375171908360447, 0.5624828091639544]","[0.2, 0.6, 0.2]",27.391779422760003,"{""colorist"": -25.20214624404904, ""creative"": -30.632057857513395, ""docker"": -41.3547665596008}",docker,continuous_primal_dual_psd,6,65.0011523914959,65.0011523914959,0.0,"[0.0, 0.0, 1.0]",primal=Optimization terminated successfully; dual=outer=Optimization terminated successfully; inner=Optimization terminated successfully,1,-161.80629021822958,161.8062902182296,,tiny12_linear_20260503_contcert1,tiny12
linear,triple,colorist+creative+gsm8k,10.756823916128681,7.966652584075895,0,"[0.39622047478314415, 0.40377952521710136, 0.19999999999975449]","[0.4, 0.4, 0.2]",0.0,"{""colorist"": -7.966652584075895, ""creative"": -7.799556922912565, ""gsm8k"": -1.478150558471647}",colorist,continuous_primal_dual_psd,6,10.756823916128681,10.756823916128681,0.0,"[1.0, 0.0, 0.0]",primal=Optimization terminated successfully; dual=outer=Optimization terminated successfully; inner=Optimization terminated successfully,0,64.31810251891079,0.0,,tiny12_linear_20260503_contcert1,tiny12
linear,triple,colorist+creative+textsql,2.9242206910718167,2.5850684165954263,0,"[0.24608927725909152, 0.5539107227409097, 0.19999999999999885]","[0.4, 0.4, 0.2]",4.446673393249512,"{""colorist"": -2.5850684165954263, ""creative"": -1.9608051300048501, ""textsql"": -0.8733335477374368}",colorist,continuous_primal_dual_psd,6,2.9242206910718167,2.924220691071696,1.2079226507921703e-13,"[0.0, 0.9999999999999463, 5.3623772089392177e-14]",primal=Optimization terminated successfully; dual=outer=Optimization terminated successfully; inner=Optimization terminated successfully,0,3.85675122778826,0.0,,tiny12_linear_20260503_contcert1,tiny12
linear,triple,colorist+docker+gsm8k,68.59762405112255,36.60943813323971,0,"[0.2, 0.5727688267859348, 0.22723117321406527]","[0.4, 0.4, 0.2]",17.115819454193115,"{""colorist"": -32.7690035820007, ""docker"": -32.60476894378659, ""gsm8k"": -36.60943813323971}",gsm8k,continuous_primal_dual_psd,6,68.59762405112255,68.59762405107116,5.1386450650170445e-11,"[0.0, 0.9999999999991935, 8.06417711417691e-13]",primal=Optimization terminated successfully; dual=outer=Optimization terminated successfully; inner=Optimization terminated successfully,1,-70.37556524122596,70.37556524122596,,tiny12_linear_20260503_contcert1,tiny12
linear,triple,colorist+docker+textsql,25.42221851348874,25.19073791503903,0,"[0.2, 0.20000000000000004, 0.6]","[0.4, 0.2, 0.4]",10.390686988830566,"{""colorist"": -25.19073791503903, ""docker"": -20.34287757873532, ""textsql"": -0.6178574424227213}",colorist,continuous_primal_dual_psd,6,25.42221851348874,25.42221851348874,0.0,"[0.0, 1.0, 0.0]",primal=Optimization terminated successfully; dual=outer=Optimization terminated successfully; inner=Optimization terminated successfully,0,11.0666309506315,0.0,,tiny12_linear_20260503_contcert1,tiny12
linear,triple,colorist+empathy+brainstorming,18.486218751993533,12.287500572204557,0,"[0.21258540315956953, 0.4529890491810842, 0.3344255476593463]","[0.2, 0.4, 0.4]",0.0,"{""brainstorming"": -12.287500572204557, ""colorist"": -7.993260097503629, ""empathy"": -0.09940276883594207}",brainstorming,continuous_primal_dual_psd,6,18.486218751993533,18.486218751993533,0.0,"[0.0, 0.0, 1.0]",primal=Optimization terminated successfully; dual=outer=Optimization terminated successfully; inner=Optimization terminated successfully,1,-2.8851336393597116,2.8851336393597116,,tiny12_linear_20260503_contcert1,tiny12
linear,triple,colorist+empathy+company,-0.23840169709485792,4.703620147705045,0,"[0.3270626467290813, 0.4713145409327551, 0.2016228123381636]","[0.4, 0.4, 0.2]",0.0,"{""colorist"": 1.6867249488830893, ""company"": -4.703620147705045, ""empathy"": 0.5937825614521972}",company,continuous_primal_dual_psd,6,-0.23840169709485792,-0.23840169710731884,1.2460921183787832e-11,"[0.03663179587040632, 0.9341589354234386, 0.02920926870615502]",primal=Optimization terminated successfully; dual=outer=Optimization terminated successfully; inner=Optimization terminated successfully,0,4.527745532890745,0.0,,tiny12_linear_20260503_contcert1,tiny12
linear,triple,colorist+empathy+creative,3.590862587396529,4.907217693328825,0,"[0.20000000000001333, 0.45928729840009197, 0.34071270159989475]","[0.4, 0.4, 0.2]",2.173924446105957,"{""colorist"": -4.907217693328825, ""creative"": 9.190580177307162, ""empathy"": -0.0043722563807853275}",colorist,continuous_primal_dual_psd,6,3.590862587396529,3.590862587396529,0.0,"[1.0, 0.0, 0.0]",primal=Optimization terminated successfully; dual=outer=Optimization terminated successfully; inner=Optimization terminated successfully,1,-1.6848370196338684,1.6848370196338684,,tiny12_linear_20260503_contcert1,tiny12
linear,triple,colorist+empathy+docker,20.579733645869865,17.961910438537565,0,"[0.20589671457070963, 0.5941032854292845, 0.20000000000000595]","[0.2, 0.6, 0.2]",0.0,"{""colorist"": -7.567575645446745, ""docker"": -17.961910438537565, ""empathy"": -0.04537035151092487}",docker,continuous_primal_dual_psd,6,20.579733645869865,20.57973364586406,5.8051341511600185e-12,"[0.0, 0.0, 1.0]",primal=Optimization terminated successfully; dual=outer=Optimization terminated successfully; inner=Optimization terminated successfully,0,1.504498289411155,0.0,,tiny12_linear_20260503_contcert1,tiny12
linear,triple,colorist+empathy+gsm8k,6.775077685252583,1.4981181144714029,0,"[0.28372667742325275, 0.5162733225764801, 0.2000000000002672]","[0.2, 0.6, 0.2]",0.0,"{""colorist"": -1.4981181144714029, ""empathy"": 0.5804781391608805, ""gsm8k"": 14.062437343597445}",colorist,continuous_primal_dual_psd,6,6.775077685252583,6.775077685227728,2.4854784896888305e-11,"[1.0, 0.0, 0.0]",primal=Optimization terminated successfully; dual=outer=Optimization terminated successfully; inner=Optimization terminated successfully,0,2.562417138443556,0.0,,tiny12_linear_20260503_contcert1,tiny12
linear,triple,colorist+empathy+textsql,0.375463257781547,2.759900760650602,0,"[0.2, 0.4059412401924143, 0.39405875980758576]","[0.4, 0.4, 0.2]",2.9606223106384277,"{""colorist"": -2.759900760650602, ""empathy"": -0.0996750828675978, ""textsql"": -1.1992857301176787}",colorist,continuous_primal_dual_psd,6,0.375463257781547,0.3754632577815411,5.88418203051333e-15,"[0.0, 0.5370497236089995, 0.4629502763910004]",primal=Optimization terminated successfully; dual=outer=Optimization terminated successfully; inner=Optimization terminated successfully,0,1.303332202149694,0.0,,tiny12_linear_20260503_contcert1,tiny12
linear,triple,colorist+energy+brainstorming,29.29370708466326,24.8385459899902,0,"[0.20000000000000315, 0.2999997445118889, 0.500000255488108]","[0.2, 0.2, 0.6]",0.0,"{""brainstorming"": -18.73486347198483, ""colorist"": -12.314453792571989, ""energy"": -24.8385459899902}",energy,continuous_primal_dual_psd,6,29.29370708466326,29.293707084655797,7.464251439159852e-12,"[0.0, 0.0, 1.0]",primal=Optimization terminated successfully; dual=outer=Optimization terminated successfully; inner=Optimization terminated successfully,0,6.40933569833549,0.0,,tiny12_linear_20260503_contcert1,tiny12
linear,triple,colorist+energy+company,26.606254605684825,20.0132400512695,0,"[0.4850385434983721, 0.2, 0.3149614565016279]","[0.4, 0.2, 0.4]",0.0,"{""colorist"": -13.637080860137907, ""company"": -20.0132400512695, ""energy"": -18.3832556724548}",company,continuous_primal_dual_psd,6,26.606254605684825,26.606254605684523,3.019806626980426e-13,"[0.0, 4.9127368839660766e-14, 0.9999999999999509]",primal=Optimization terminated successfully; dual=outer=Optimization terminated successfully; inner=Optimization terminated successfully,1,-2.7172627712847373,2.717262771284745,,tiny12_linear_20260503_contcert1,tiny12
linear,triple,colorist+energy+creative,23.133015797948627,25.640133094787565,0,"[0.3349643154630495, 0.2, 0.46503568453695054]","[0.2, 0.2, 0.6]",8.158707618713379,"{""colorist"": -19.91936273574826, ""creative"": -15.920057964324918, ""energy"": -25.640133094787565}",energy,continuous_primal_dual_psd,6,23.133015797948627,23.133015797948627,0.0,"[0.0, 1.0, 0.0]",primal=Optimization terminated successfully; dual=outer=Optimization terminated successfully; inner=Optimization terminated successfully,1,-29.860991458312398,29.860991458312395,,tiny12_linear_20260503_contcert1,tiny12
linear,triple,colorist+energy+docker,46.33462473815911,39.92727108001706,0,"[0.304770743438695, 0.49522925656143013, 0.19999999999987494]","[0.4, 0.4, 0.2]",0.0,"{""colorist"": -25.33896274566647, ""docker"": -27.723804187774626, ""energy"": -39.92727108001706}",energy,continuous_primal_dual_psd,6,46.33462473815911,46.334624738119025,4.008171572422725e-11,"[1.3366618505902248e-12, 0.0, 0.9999999999986634]",primal=Optimization terminated successfully; dual=outer=Optimization terminated successfully; inner=Optimization terminated successfully,1,-20.422433472620014,20.422433472620007,,tiny12_linear_20260503_contcert1,tiny12
linear,triple,colorist+energy+empathy,8.786751846975385,8.975616168975797,0,"[0.29570495411637404, 0.20000000000000462, 0.5042950458836213]","[0.2, 0.2, 0.6]",0.0,"{""colorist"": -3.546598625183073, ""empathy"": 0.20198200336340774, ""energy"": -8.975616168975797}",energy,continuous_primal_dual_psd,6,8.786751846975385,8.786751846975385,0.0,"[0.0, 1.0, 0.0]",primal=Optimization terminated successfully; dual=outer=Optimization terminated successfully; inner=Optimization terminated successfully,1,-0.3195435448506825,0.31954354485068276,,tiny12_linear_20260503_contcert1,tiny12
linear,triple,colorist+energy+gsm8k,19.013498084933936,32.60836906433102,0,"[0.4775966611810252, 0.2313396545768225, 0.29106368424215234]","[0.4, 0.4, 0.2]",2.8520822525024414,"{""colorist"": -3.1209499359130533, ""energy"": -32.60836906433102, ""gsm8k"": -6.692054939269987}",energy,continuous_primal_dual_psd,6,19.013498084933936,19.013498084921117,1.2818190953112207e-11,"[4.839334021463909e-12, 0.9999999999951608, 0.0]",primal=Optimization terminated successfully; dual=outer=Optimization terminated successfully; inner=Optimization terminated successfully,0,79.59109473135592,0.0,,tiny12_linear_20260503_contcert1,tiny12
linear,triple,colorist+energy+physics,50.77420512848596,51.28662891387936,0,"[0.30371802231307854, 0.4484645898003301, 0.24781738788659136]","[0.4, 0.4, 0.2]",0.0,"{""colorist"": -26.0154635429382, ""energy"": -48.47922630310055, ""physics"": -51.28662891387936}",physics,continuous_primal_dual_psd,6,50.77420512848596,50.774205128474364,1.1596057447604835e-11,"[5.750400156044564e-13, 0.0, 0.9999999999994249]",primal=Optimization terminated successfully; dual=outer=Optimization terminated successfully; inner=Optimization terminated successfully,1,-20.78919829944187,20.789198299441868,,tiny12_linear_20260503_contcert1,tiny12
linear,triple,colorist+energy+textsql,17.14218289269047,24.90995235443112,0,"[0.3056393261599954, 0.2, 0.4943606738400046]","[0.2, 0.4, 0.4]",1.3889074325561523,"{""colorist"": -11.26551933288571, ""energy"": -24.90995235443112, ""textsql"": -0.2839285582352701}",energy,continuous_primal_dual_psd,6,17.14218289269047,17.14218289269047,0.0,"[0.0, 1.0, 0.0]",primal=Optimization terminated successfully; dual=outer=Optimization terminated successfully; inner=Optimization terminated successfully,1,-7.375505885764806,7.375505885764806,,tiny12_linear_20260503_contcert1,tiny12
linear,triple,colorist+flex+brainstorming,34.66244049072267,22.38765068054196,0,"[0.2, 0.2, 0.6]","[0.2, 0.2, 0.6]",0.0,"{""brainstorming"": -22.38765068054196, ""colorist"": -11.25413484573361, ""flex"": -9.477391910552946}",brainstorming,continuous_primal_dual_psd,6,34.66244049072267,34.66244049072267,0.0,"[0.0, 1.0, 0.0]",primal=Optimization terminated successfully; dual=outer=Optimization terminated successfully; inner=Optimization terminated successfully,1,-74.77155944894105,74.77155944894106,,tiny12_linear_20260503_contcert1,tiny12
linear,triple,colorist+flex+company,44.0308505750605,25.89598007202145,0,"[0.4457929488872429, 0.20000000000003917, 0.3542070511127179]","[0.6, 0.2, 0.2]",0.7649898529052734,"{""colorist"": -5.644515228271452, ""company"": -25.89598007202145, ""flex"": -13.825228881835905}",company,continuous_primal_dual_psd,6,44.0308505750605,44.0308505750605,0.0,"[0.0, 1.0, 0.0]",primal=Optimization terminated successfully; dual=outer=Optimization terminated successfully; inner=Optimization terminated successfully,0,140.99616420844094,0.0,,tiny12_linear_20260503_contcert1,tiny12
linear,triple,colorist+flex+creative,48.818133537427414,18.608906936645475,0,"[0.20562727620721602, 0.2000000000000004, 0.5943727237927836]","[0.4, 0.2, 0.4]",2.950286865234375,"{""colorist"": -11.227503490447965, ""creative"": -16.39505929946896, ""flex"": -18.608906936645475}",flex,continuous_primal_dual_psd,6,48.818133537427414,48.818133537427414,0.0,"[0.0, 1.0, 0.0]",primal=Optimization terminated successfully; dual=outer=Optimization terminated successfully; inner=Optimization terminated successfully,1,-83.50595303762725,83.50595303762726,,tiny12_linear_20260503_contcert1,tiny12
linear,triple,colorist+flex+docker,79.13311218030805,49.149933528900114,0,"[0.5437392057663262, 0.2562607942340437, 0.19999999999963014]","[0.6, 0.2, 0.2]",0.0,"{""colorist"": -25.639191341400114, ""docker"": -36.29523820877072, ""flex"": -49.149933528900114}",flex,continuous_primal_dual_psd,6,79.13311218030805,79.13311218030086,7.190692485892214e-12,"[0.0, 0.9999999999997131, 2.8677060726059564e-13]",primal=Optimization terminated successfully; dual=outer=Optimization terminated successfully; inner=Optimization terminated successfully,1,-8.249962596157204,8.249962596157191,,tiny12_linear_20260503_contcert1,tiny12
linear,triple,colorist+flex+empathy,29.02516616234506,0.2981534894718551,0,"[0.3403948787517066, 0.20000000000000007, 0.45960512124829334]","[0.4, 0.2, 0.4]",0.0,"{""colorist"": 3.6098211288452475, ""empathy"": -0.2981534894718551, ""flex"": 0.008270072937044404}",empathy,continuous_primal_dual_psd,6,29.02516616234506,29.02516616234506,0.0,"[0.0, 1.0, 0.0]",primal=Optimization terminated successfully; dual=outer=Optimization terminated successfully; inner=Optimization terminated successfully,0,0.736078359250868,0.0,,tiny12_linear_20260503_contcert1,tiny12
linear,triple,colorist+flex+energy,50.31160767551386,34.670403671264616,0,"[0.37329752565512164, 0.2298964118742577, 0.39680606247062067]","[0.4, 0.2, 0.4]",0.0,"{""colorist"": -15.073683929443327, ""energy"": -34.670403671264616, ""flex"": -25.520220470428434}",energy,continuous_primal_dual_psd,6,50.31160767551386,50.311607675513116,7.460698725481052e-13,"[0.0, 0.999999999999948, 5.201394870368588e-14]",primal=Optimization terminated successfully; dual=outer=Optimization terminated successfully; inner=Optimization terminated successfully,0,51.95995039430046,0.0,,tiny12_linear_20260503_contcert1,tiny12
linear,triple,colorist+flex+gsm8k,69.97047473088318,31.18382997512814,0,"[0.3902202895556104, 0.4097797104443961, 0.19999999999999352]","[0.4, 0.2, 0.4]",0.7328152656555176,"{""colorist"": -16.384878826141325, ""flex"": -31.18382997512814, ""gsm8k"": -5.1426202774047525}",flex,continuous_primal_dual_psd,6,69.97047473088318,69.97047473088318,0.0,"[0.0, 1.0, 0.0]",primal=Optimization terminated successfully; dual=outer=Optimization terminated successfully; inner=Optimization terminated successfully,0,127.53873956241091,0.0,,tiny12_linear_20260503_contcert1,tiny12
linear,triple,colorist+flex+physics,45.860866932331845,55.945029926300016,0,"[0.2, 0.47009775058519326, 0.3299022494148067]","[0.6, 0.2, 0.2]",3.0883073806762695,"{""colorist"": -18.85901994705197, ""flex"": -37.283340167999235, ""physics"": -55.945029926300016}",physics,continuous_primal_dual_psd,6,45.860866932331845,45.860866932331845,0.0,"[0.0, 1.0, 0.0]",primal=Optimization terminated successfully; dual=outer=Optimization terminated successfully; inner=Optimization terminated successfully,0,21.197161214222398,0.0,,tiny12_linear_20260503_contcert1,tiny12
linear,triple,colorist+flex+textsql,36.76600524215864,15.473356914520231,0,"[0.2761667885881495, 0.2, 0.5238332114118505]","[0.4, 0.2, 0.4]",8.627557754516602,"{""colorist"": -4.409328174591032, ""flex"": -15.473356914520231, ""textsql"": -0.4641670770042487}",flex,continuous_primal_dual_psd,6,36.76600524215864,36.76600524215864,0.0,"[0.0, 1.0, 0.0]",primal=Optimization terminated successfully; dual=outer=Optimization terminated successfully; inner=Optimization terminated successfully,0,16.950165098394148,0.0,,tiny12_linear_20260503_contcert1,tiny12
linear,triple,colorist+gsm8k+textsql,-0.5575772392646476,-0.0634517206146489,1,"[0.2, 0.2, 0.6]","[0.2, 0.2, 0.6]",0.0,"{""colorist"": 7.59279422760013, ""gsm8k"": 0.5923240661621421, ""textsql"": 0.0634517206146489}",textsql,continuous_primal_dual_psd,6,-0.5575772392646476,-0.5575772392646476,0.0,"[0.0, 0.0, 1.0]",primal=Optimization terminated successfully; dual=outer=Optimization terminated successfully; inner=Optimization terminated successfully,0,8.093004170860098,0.0,,tiny12_linear_20260503_contcert1,tiny12
linear,triple,colorist+physics+brainstorming,22.542098236084104,29.116156768798795,0,"[0.2, 0.20000000000000825, 0.5999999999999918]","[0.2, 0.2, 0.6]",0.0,"{""brainstorming"": -17.190268707275358, ""colorist"": -8.468332958221403, ""physics"": -29.116156768798795}",physics,continuous_primal_dual_psd,6,22.542098236084104,22.542098236084104,0.0,"[0.0, 0.0, 1.0]",primal=Optimization terminated successfully; dual=outer=Optimization terminated successfully; inner=Optimization terminated successfully,0,29.75353793928042,0.0,,tiny12_linear_20260503_contcert1,tiny12
linear,triple,colorist+physics+company,25.314825597546132,45.351484489440885,0,"[0.42305680409671165, 0.20000000000000087, 0.3769431959032875]","[0.4, 0.2, 0.4]",0.0,"{""colorist"": -7.567599487304655, ""company"": -22.403720092773405, ""physics"": -45.351484489440885}",physics,continuous_primal_dual_psd,6,25.314825597546132,25.314825597546132,0.0,"[0.0, 1.0, 0.0]",primal=Optimization terminated successfully; dual=outer=Optimization terminated successfully; inner=Optimization terminated successfully,0,94.0594639104518,0.0,,tiny12_linear_20260503_contcert1,tiny12
linear,triple,colorist+physics+creative,25.099229711272052,42.685869407653776,0,"[0.2, 0.23937100016620375, 0.5606289998337962]","[0.2, 0.2, 0.6]",0.0,"{""colorist"": -23.579278659820524, ""creative"": -22.749665451049772, ""physics"": -42.685869407653776}",physics,continuous_primal_dual_psd,6,25.099229711272052,25.099229711272052,0.0,"[0.0, 1.0, 0.0]",primal=Optimization terminated successfully; dual=outer=Optimization terminated successfully; inner=Optimization terminated successfully,1,-16.803767260978205,16.803767260978198,,tiny12_linear_20260503_contcert1,tiny12
linear,triple,colorist+physics+docker,78.34124060116758,78.62445421218868,0,"[0.2000000000000073, 0.2, 0.5999999999999927]","[0.6, 0.2, 0.2]",32.669079303741455,"{""colorist"": -49.86771650314328, ""docker"": -56.057146263122526, ""physics"": -78.62445421218868}",physics,continuous_primal_dual_psd,6,78.34124060116758,78.34124060116008,7.503331289626658e-12,"[0.0, 2.2612349271135814e-12, 0.9999999999977387]",primal=Optimization terminated successfully; dual=outer=Optimization terminated successfully; inner=Optimization terminated successfully,1,-38.33098244488721,38.33098244488721,,tiny12_linear_20260503_contcert1,tiny12
linear,triple,colorist+physics+empathy,13.208228501489906,32.377031517028776,0,"[0.2, 0.21006182962030095, 0.5899381703796991]","[0.2, 0.2, 0.6]",0.0,"{""colorist"": -5.994167995452848, ""empathy"": -0.29272359195934416, ""physics"": -32.377031517028776}",physics,continuous_primal_dual_psd,6,13.208228501489906,13.208228501489906,0.0,"[0.0, 1.0, 0.0]",primal=Optimization terminated successfully; dual=outer=Optimization terminated successfully; inner=Optimization terminated successfully,0,2.0535280862991634,0.0,,tiny12_linear_20260503_contcert1,tiny12
linear,triple,colorist+physics+gsm8k,51.99385718714538,62.484005165100065,0,"[0.5256380530455004, 0.2, 0.27436194695449956]","[0.6, 0.2, 0.2]",0.0,"{""colorist"": -23.40447015762326, ""gsm8k"": -13.205149841308561, ""physics"": -62.484005165100065}",physics,continuous_primal_dual_psd,6,51.99385718714538,51.993857187145316,6.394884621840902e-14,"[4.6620974688504074e-15, 0.9999999999999953, 0.0]",primal=Optimization terminated successfully; dual=outer=Optimization terminated successfully; inner=Optimization terminated successfully,0,2.39861110175978,0.0,,tiny12_linear_20260503_contcert1,tiny12
linear,triple,colorist+physics+textsql,15.42513675689779,44.77351016998288,0,"[0.20000000000001114, 0.20000000000001852, 0.5999999999999703]","[0.2, 0.2, 0.6]",0.0,"{""colorist"": -7.419362735748258, ""physics"": -44.77351016998288, ""textsql"": 0.08345171192259071}",physics,continuous_primal_dual_psd,6,15.42513675689779,15.42513675689779,0.0,"[0.0, 1.0, 0.0]",primal=Optimization terminated successfully; dual=outer=Optimization terminated successfully; inner=Optimization terminated successfully,0,3.805926829781324,0.0,,tiny12_linear_20260503_contcert1,tiny12
linear,triple,company+docker+gsm8k,68.14014400504676,44.18732233047482,0,"[0.4193966188441634, 0.20000000000000215, 0.3806033811558345]","[0.4, 0.2, 0.4]",0.0,"{""company"": -44.18732233047482, ""docker"": -41.4142877578735, ""gsm8k"": 15.47475748062137}",company,continuous_primal_dual_psd,6,68.14014400504676,68.14014400504676,0.0,"[0.0, 1.0, 0.0]",primal=Optimization terminated successfully; dual=outer=Optimization terminated successfully; inner=Optimization terminated successfully,1,-6.300111264636371,6.300111264636367,,tiny12_linear_20260503_contcert1,tiny12
linear,triple,company+docker+textsql,26.70177128340368,28.922155570983854,0,"[0.3960498813756413, 0.20000000000004695, 0.40395011862431174]","[0.4, 0.2, 0.4]",0.0,"{""company"": -28.922155570983854, ""docker"": -10.521426868438688, ""textsql"": -0.6213099279384928}",company,continuous_primal_dual_psd,6,26.70177128340368,26.70177128340368,0.0,"[1.0, 0.0, 0.0]",primal=Optimization terminated successfully; dual=outer=Optimization terminated successfully; inner=Optimization terminated successfully,0,14.196012158829653,0.0,,tiny12_linear_20260503_contcert1,tiny12
linear,triple,company+gsm8k+textsql,-1.3224281538295983,9.76044244766232,0,"[0.21931497624716045, 0.2, 0.5806850237528396]","[0.2, 0.2, 0.6]",0.0,"{""company"": -9.76044244766232, ""gsm8k"": 15.193661975860628, ""textsql"": 0.3659518607740873}",company,continuous_primal_dual_psd,6,-1.3224281538295983,-1.3224281538297897,1.91402449445377e-13,"[0.0009546717456590983, 7.154490470521286e-15, 0.9990453282543338]",primal=Optimization terminated successfully; dual=outer=Optimization terminated successfully; inner=Optimization terminated successfully,0,14.677758442543162,0.0,,tiny12_linear_20260503_contcert1,tiny12
linear,triple,conversation+brainstorming+company,7.780114948812923,3.1546980857848794,0,"[0.238722018109442, 0.5278767411576084, 0.23340124073294954]","[0.2, 0.6, 0.2]",0.0,"{""brainstorming"": -0.9059221267699868, ""company"": -3.1546980857848794, ""conversation"": 21.919044780731234}",company,continuous_primal_dual_psd,6,7.780114948812923,7.780114948812645,2.779998453661392e-13,"[0.0, 0.8332287928339804, 0.16677120716601956]",primal=Optimization terminated successfully; dual=outer=Optimization terminated successfully; inner=Optimization terminated successfully,1,-29.457669463352318,29.45766946335236,,tiny12_linear_20260503_contcert1,tiny12
linear,triple,conversation+brainstorming+creative,29.44884482179678,21.041491699218717,0,"[0.2312618662306611, 0.2000000000000068, 0.568738133769332]","[0.2, 0.6, 0.2]",1.583552360534668,"{""brainstorming"": -17.951110076904264, ""conversation"": 3.4666626930237143, ""creative"": -21.041491699218717}",creative,continuous_primal_dual_psd,6,29.44884482179678,29.448844821795973,8.064660050877137e-13,"[0.0, 0.9999999999999587, 4.1189274213591604e-14]",primal=Optimization terminated successfully; dual=outer=Optimization terminated successfully; inner=Optimization terminated successfully,1,-49.158064664547474,49.158064664547474,,tiny12_linear_20260503_contcert1,tiny12
linear,triple,conversation+brainstorming+docker,60.200233961265205,45.10476894378659,0,"[0.32430752939476976, 0.4756924706052347, 0.19999999999999551]","[0.2, 0.6, 0.2]",1.1904716491699219,"{""brainstorming"": -30.09355373382565, ""conversation"": 1.0857074737549155, ""docker"": -45.10476894378659}",docker,continuous_primal_dual_psd,6,60.200233961265205,60.200233961264814,3.907985046680551e-13,"[0.0, 0.0, 1.0]",primal=Optimization terminated successfully; dual=outer=Optimization terminated successfully; inner=Optimization terminated successfully,1,-97.62892932346378,97.6289293234638,,tiny12_linear_20260503_contcert1,tiny12
linear,triple,conversation+brainstorming+gsm8k,27.721213682476318,14.201119613647428,0,"[0.3703879652812459, 0.4296120347187244, 0.2000000000000297]","[0.2, 0.6, 0.2]",4.673933982849121,"{""brainstorming"": -14.201119613647428, ""conversation"": -11.56308956146237, ""gsm8k"": 8.860525417327914}",brainstorming,continuous_primal_dual_psd,6,27.721213682476318,27.72121368245068,2.5636381906224415e-11,"[1.0, 0.0, 0.0]",primal=Optimization terminated successfully; dual=outer=Optimization terminated successfully; inner=Optimization terminated successfully,1,-111.00746744998568,111.00746744998567,,tiny12_linear_20260503_contcert1,tiny12
linear,triple,conversation+brainstorming+textsql,-0.3667959457553067,4.100993347167936,0,"[0.28666938674662296, 0.21880788988652514, 0.4945227233668519]","[0.2, 0.6, 0.2]",14.021754264831543,"{""brainstorming"": -4.100993347167936, ""conversation"": 10.31191043853763, ""textsql"": -1.0335720751984736}",brainstorming,continuous_primal_dual_psd,6,-0.3667959457553067,-0.36679594575536734,6.061817714453355e-14,"[0.020145877123317602, 0.07980285563639285, 0.9000512672402896]",primal=Optimization terminated successfully; dual=outer=Optimization terminated successfully; inner=Optimization terminated successfully,0,2.4234791594118716,0.0,,tiny12_linear_20260503_contcert1,tiny12
linear,triple,conversation+colorist+brainstorming,14.270209100775244,11.96143932342526,0,"[0.30595224668877496, 0.2000000000000018, 0.4940477533112233]","[0.2, 0.2, 0.6]",4.673886299133301,"{""brainstorming"": -11.96143932342526, ""colorist"": -6.195584011077848, ""conversation"": -2.1880895614623697}",brainstorming,continuous_primal_dual_psd,6,14.270209100775244,14.270209100775164,7.993605777301127e-14,"[4.004118317558632e-15, 0.6189013001034301, 0.3810986998965658]",primal=Optimization terminated successfully; dual=outer=Optimization terminated successfully; inner=Optimization terminated successfully,0,18.57731199381009,0.0,,tiny12_linear_20260503_contcert1,tiny12
linear,triple,conversation+colorist+company,12.437460561167512,5.545702648162809,0,"[0.32655063443086885, 0.3229653932935938, 0.3504839722755373]","[0.4, 0.2, 0.4]",0.0,"{""colorist"": -5.545702648162809, ""company"": -5.359104347228971, ""conversation"": 22.66310148239139}",colorist,continuous_primal_dual_psd,6,12.437460561167512,12.437460561167512,0.0,"[0.0, 0.0, 1.0]",primal=Optimization terminated successfully; dual=outer=Optimization terminated successfully; inner=Optimization terminated successfully,0,79.12437484954594,0.0,,tiny12_linear_20260503_contcert1,tiny12
linear,triple,conversation+colorist+creative,17.610731792449926,16.622617912292448,0,"[0.2, 0.2, 0.6]","[0.4, 0.4, 0.2]",3.471553325653076,"{""colorist"": -14.636603069305387, ""conversation"": -16.622617912292448, ""creative"": -12.073257637023893}",conversation,continuous_primal_dual_psd,6,17.610731792449926,17.610731792449926,0.0,"[0.0, 1.0, 0.0]",primal=Optimization terminated successfully; dual=outer=Optimization terminated successfully; inner=Optimization terminated successfully,0,1.0192453367175156,0.0,,tiny12_linear_20260503_contcert1,tiny12
linear,triple,conversation+colorist+docker,48.49613548255928,33.931973648071256,0,"[0.47195304790826514, 0.32804695209173795, 0.19999999999999685]","[0.2, 0.4, 0.4]",8.613264560699463,"{""colorist"": -33.931973648071256, ""conversation"": -27.18808956146237, ""docker"": -28.973808956146208}",colorist,continuous_primal_dual_psd,6,48.49613548255928,48.49613548255928,0.0,"[0.0, 0.0, 1.0]",primal=Optimization terminated successfully; dual=outer=Optimization terminated successfully; inner=Optimization terminated successfully,0,0.32083598322125795,0.0,,tiny12_linear_20260503_contcert1,tiny12
linear,triple,conversation+colorist+empathy,6.247595055522236,-0.4960359932731766,1,"[0.20000000000000182, 0.29715425192151596, 0.5028457480784823]","[0.2, 0.2, 0.6]",0.0,"{""colorist"": 0.5997746467590659, ""conversation"": 11.055943298339876, ""empathy"": 0.4960359932731766}",empathy,continuous_primal_dual_psd,6,6.247595055522236,6.247595055522236,0.0,"[0.0, 1.0, 0.0]",primal=Optimization terminated successfully; dual=outer=Optimization terminated successfully; inner=Optimization terminated successfully,1,-17.244647197033128,17.24464719703313,,tiny12_linear_20260503_contcert1,tiny12
linear,triple,conversation+colorist+energy,21.055630215461782,23.467865657806364,0,"[0.4562777417813993, 0.26385682075907935, 0.2798654374595213]","[0.4, 0.2, 0.4]",0.0,"{""colorist"": -6.507244777679411, ""conversation"": -23.467865657806364, ""energy"": -19.878223609924284}",conversation,continuous_primal_dual_psd,6,21.055630215461782,21.05563021546104,7.425171588693047e-13,"[0.3283406699498651, 0.671659330050135, 0.0]",primal=Optimization terminated successfully; dual=outer=Optimization terminated successfully; inner=Optimization terminated successfully,0,62.75781964567505,0.0,,tiny12_linear_20260503_contcert1,tiny12
linear,triple,conversation+colorist+flex,38.99546575468827,15.931037139892545,0,"[0.48161430600336136, 0.22226663431648955, 0.29611905968014907]","[0.6, 0.2, 0.2]",5.1558613777160645,"{""colorist"": -14.663210582733122, ""conversation"": -8.28928060531613, ""flex"": -15.931037139892545}",flex,continuous_primal_dual_psd,6,38.99546575468827,38.99546575468827,0.0,"[0.0, 0.0, 1.0]",primal=Optimization terminated successfully; dual=outer=Optimization terminated successfully; inner=Optimization terminated successfully,0,85.70618485961246,0.0,,tiny12_linear_20260503_contcert1,tiny12
linear,triple,conversation+colorist+gsm8k,37.428438062414514,16.55968732833859,0,"[0.4550433602371261, 0.344956639762896, 0.19999999999997797]","[0.6, 0.2, 0.2]",1.104593276977539,"{""colorist"": -16.55968732833859, ""conversation"": -10.670235824584928, ""gsm8k"": -0.3674895286559732}",colorist,continuous_primal_dual_psd,6,37.428438062414514,37.42843806240669,7.823075520718703e-12,"[0.9999999999995913, 4.086855410202121e-13, 0.0]",primal=Optimization terminated successfully; dual=outer=Optimization terminated successfully; inner=Optimization terminated successfully,1,-152.9379074927211,152.9379074927211,,tiny12_linear_20260503_contcert1,tiny12
linear,triple,conversation+colorist+physics,39.26181652364126,50.605109405517545,0,"[0.5501204359378552, 0.24987956406215103, 0.19999999999999374]","[0.4, 0.4, 0.2]",1.1904716491699219,"{""colorist"": -27.725687694549528, ""conversation"": -41.47382087707516, ""physics"": -50.605109405517545}",physics,continuous_primal_dual_psd,6,39.26181652364126,39.26181651670295,6.938307706150226e-09,"[0.29823228491756004, 0.7017677150824398, 2.082109790350125e-19]",primal=Optimization terminated successfully; dual=outer=Optimization terminated successfully; inner=Optimization terminated successfully,0,18.64150791467684,0.0,,tiny12_linear_20260503_contcert1,tiny12
linear,triple,conversation+colorist+textsql,0.6167659594171475,0.5511910438537271,0,"[0.46720973573123614, 0.2, 0.3327902642687639]","[0.4, 0.2, 0.4]",0.0,"{""colorist"": 0.6985872268677085, ""conversation"": -0.5511910438537271, ""textsql"": -0.43309557656812464}",conversation,continuous_primal_dual_psd,6,0.6167659594171475,0.6167659594171285,1.8984813721090177e-14,"[0.2315423266670522, 0.0, 0.7684576733329477]",primal=Optimization terminated successfully; dual=outer=Optimization terminated successfully; inner=Optimization terminated successfully,0,6.163232993644475,0.0,,tiny12_linear_20260503_contcert1,tiny12
linear,triple,conversation+company+docker,38.9431632792839,27.72381610870358,0,"[0.4375533181390958, 0.36244668186084444, 0.20000000000005969]","[0.4, 0.4, 0.2]",0.0,"{""company"": -20.937982273101774, ""conversation"": 25.04405670166019, ""docker"": -27.72381610870358}",docker,continuous_primal_dual_psd,6,38.9431632792839,38.9431632792839,0.0,"[0.0, 0.0, 1.0]",primal=Optimization terminated successfully; dual=outer=Optimization terminated successfully; inner=Optimization terminated successfully,0,109.114862824535,0.0,,tiny12_linear_20260503_contcert1,tiny12
linear,triple,conversation+company+gsm8k,15.088707963838928,12.347725105285612,0,"[0.3750321886321682, 0.4249678113718232, 0.1999999999960086]","[0.6, 0.2, 0.2]",3.473329544067383,"{""company"": -12.347725105285612, ""conversation"": -2.48570747375485, ""gsm8k"": 15.838107395172152}",company,continuous_primal_dual_psd,6,15.088707963838928,15.088707963838928,0.0,"[1.0, 0.0, 0.0]",primal=Positive directional derivative for linesearch; dual=outer=Optimization terminated successfully; inner=Optimization terminated successfully,1,-144.84015244893413,144.84015244893416,,tiny12_linear_20260503_contcert1,tiny12
linear,triple,conversation+company+textsql,0.6792427114395352,3.9691001892089517,0,"[0.2000000000000294, 0.3021756412802433, 0.4978243587197273]","[0.4, 0.2, 0.4]",5.6966423988342285,"{""company"": -3.9691001892089517, ""conversation"": 24.746426868438753, ""textsql"": -0.4496426477573851}",company,continuous_primal_dual_psd,6,0.6792427114395352,0.6792427114395352,0.0,"[0.0, 1.0, 0.0]",primal=Optimization terminated successfully; dual=outer=Optimization terminated successfully; inner=Optimization terminated successfully,0,0.7524002882545986,0.0,,tiny12_linear_20260503_contcert1,tiny12
linear,triple,conversation+creative+company,8.357784289727974,8.82047719955441,0,"[0.2, 0.4431671523368533, 0.3568328476631467]","[0.2, 0.4, 0.4]",0.0,"{""company"": -7.878044319152799, ""conversation"": 18.050000000000033, ""creative"": -8.82047719955441}",creative,continuous_primal_dual_psd,6,8.357784289727974,8.357784289727345,6.288303211476887e-13,"[0.0, 9.781064846946674e-14, 0.9999999999999023]",primal=Optimization terminated successfully; dual=outer=Optimization terminated successfully; inner=Optimization terminated successfully,0,35.00182912714973,0.0,,tiny12_linear_20260503_contcert1,tiny12
linear,triple,conversation+creative+docker,40.05156343493144,41.603079509735075,0,"[0.3318027639860482, 0.4681972360139507, 0.20000000000000107]","[0.4, 0.2, 0.4]",1.0016798973083496,"{""conversation"": -10.521414947509733, ""creative"": -41.603079509735075, ""docker"": -30.223801803588835}",creative,continuous_primal_dual_psd,6,40.05156343493144,40.05156343493144,0.0,"[0.0, 0.0, 1.0]",primal=Optimization terminated successfully; dual=outer=Optimization terminated successfully; inner=Optimization terminated successfully,0,31.056141376961705,0.0,,tiny12_linear_20260503_contcert1,tiny12
linear,triple,conversation+creative+gsm8k,83.73707094086956,32.05520219802853,0,"[0.5138529166406494, 0.2861470833593526, 0.19999999999999796]","[0.4, 0.4, 0.2]",0.15091896057128906,"{""conversation"": -24.50951642990109, ""creative"": -32.05520219802853, ""gsm8k"": -4.247930717468229}",creative,continuous_primal_dual_psd,6,83.73707094086956,83.73707094086956,0.0,"[1.0, 0.0, 0.0]",primal=Optimization terminated successfully; dual=outer=Optimization terminated successfully; inner=Optimization terminated successfully,1,-359.113341589974,359.113341589974,,tiny12_linear_20260503_contcert1,tiny12
linear,triple,conversation+creative+textsql,0.4471362252223656,8.917275142669645,0,"[0.36326477484796366, 0.3419360295632595, 0.29479919558877676]","[0.4, 0.4, 0.2]",0.0,"{""conversation"": 7.782134342193636, ""creative"": -8.917275142669645, ""textsql"": -1.0949997196811245}",creative,continuous_primal_dual_psd,6,0.4471362252223656,0.44713622522205015,3.1546987244723823e-13,"[0.08138303849347622, 0.11185867871776378, 0.8067582827887599]",primal=Optimization terminated successfully; dual=outer=Optimization terminated successfully; inner=Optimization terminated successfully,0,6.931692864159311,0.0,,tiny12_linear_20260503_contcert1,tiny12
linear,triple,conversation+docker+gsm8k,37.01335181031217,16.652384471893278,0,"[0.5353350536125437, 0.20000000000032164, 0.26466494638713467]","[0.4, 0.4, 0.2]",22.26191759109497,"{""conversation"": -9.479764175415006, ""docker"": -16.652384471893278, ""gsm8k"": -6.081882190704313}",docker,continuous_primal_dual_psd,6,37.01335181031217,37.01335181031217,0.0,"[0.0, 1.0, 0.0]",primal=Optimization terminated successfully; dual=outer=Optimization terminated successfully; inner=Optimization terminated successfully,1,-50.18186872538806,50.181868725387986,,tiny12_linear_20260503_contcert1,tiny12
linear,triple,conversation+docker+textsql,33.62787681620996,21.53332538604733,0,"[0.2, 0.2, 0.6]","[0.2, 0.2, 0.6]",0.0,"{""conversation"": -20.49166269302365, ""docker"": -21.53332538604733, ""textsql"": -0.38476208315605287}",docker,continuous_primal_dual_psd,6,33.62787681620996,33.62787681620996,0.0,"[0.0, 1.0, 0.0]",primal=Optimization terminated successfully; dual=outer=Optimization terminated successfully; inner=Optimization terminated successfully,1,-65.14741334471861,65.14741334471861,,tiny12_linear_20260503_contcert1,tiny12
linear,triple,conversation+empathy+brainstorming,11.672195188807926,10.711434555053678,0,"[0.3579390095598864, 0.2850874908860499, 0.35697349955406366]","[0.2, 0.2, 0.6]",5.7608842849731445,"{""brainstorming"": -10.711434555053678, ""conversation"": 5.847605991363558, ""empathy"": 0.2513992513356645}",brainstorming,continuous_primal_dual_psd,6,11.672195188807926,11.672195188807926,0.0,"[0.0, 0.0, 1.0]",primal=Optimization terminated successfully; dual=outer=Optimization terminated successfully; inner=Optimization terminated successfully,0,2.970951500608302,0.0,,tiny12_linear_20260503_contcert1,tiny12
linear,triple,conversation+empathy+company,10.824932144462792,11.048331928253141,0,"[0.2, 0.4830821996942663, 0.3169178003057337]","[0.4, 0.4, 0.2]",1.3899683952331543,"{""company"": -11.048331928253141, ""conversation"": 24.895235824584994, ""empathy"": 1.54545412681952}",company,continuous_primal_dual_psd,6,10.824932144462792,10.824932144462792,0.0,"[0.0, 0.0, 1.0]",primal=Optimization terminated successfully; dual=outer=Optimization terminated successfully; inner=Optimization terminated successfully,0,3.788208684355019,0.0,,tiny12_linear_20260503_contcert1,tiny12
linear,triple,conversation+empathy+creative,-0.5904569689977208,1.780429553985563,0,"[0.4738972804930432, 0.3110649205875227, 0.2150377989194341]","[0.2, 0.4, 0.4]",1.250004768371582,"{""conversation"": 12.395247745513949, ""creative"": -1.780429553985563, ""empathy"": 0.44960622948235274}",creative,continuous_primal_dual_psd,6,-0.5904569689977208,-0.5904569690376504,3.9929615169853605e-11,"[0.0, 0.9850270358903211, 0.014972964109678731]",primal=Optimization terminated successfully; dual=outer=Optimization terminated successfully; inner=Optimization terminated successfully,0,2.4543382169278494,0.0,,tiny12_linear_20260503_contcert1,tiny12
linear,triple,conversation+empathy+docker,22.27680988303093,16.652384471893278,0,"[0.2, 0.600000000002, 0.199999999998]","[0.2, 0.4, 0.4]",3.750002384185791,"{""conversation"": -15.28332538604733, ""docker"": -16.652384471893278, ""empathy"": -0.7464297637908265}",docker,continuous_primal_dual_psd,6,22.27680988303093,22.276809883030893,3.552713678800501e-14,"[0.0, 0.0, 1.0]",primal=Positive directional derivative for linesearch; dual=outer=Optimization terminated successfully; inner=Optimization terminated successfully,1,-4.649741011604078,4.649741011604127,,tiny12_linear_20260503_contcert1,tiny12
linear,triple,conversation+empathy+gsm8k,13.788485922544872,-0.44173303306467704,1,"[0.2969801627895852, 0.5030198372104068, 0.20000000000000795]","[0.4, 0.4, 0.2]",3.2250703400409626,"{""conversation"": 1.978585052490267, ""empathy"": 0.44173303306467704, ""gsm8k"": 8.373770046234164}",empathy,continuous_primal_dual_psd,6,13.788485922544872,13.788485922544872,0.0,"[1.0, 0.0, 0.0]",primal=Optimization terminated successfully; dual=outer=Optimization terminated successfully; inner=Optimization terminated successfully,1,-92.63458068946913,92.63458068946912,,tiny12_linear_20260503_contcert1,tiny12
linear,triple,conversation+empathy+textsql,0.14960138260348543,0.43309601117103447,0,"[0.2507016458658882, 0.3835265095881131, 0.36577184454599876]","[0.2, 0.4, 0.4]",0.0,"{""conversation"": 6.442865657806429, ""empathy"": 0.46236779485853136, ""textsql"": -0.43309601117103447}",textsql,continuous_primal_dual_psd,6,0.14960138260348543,0.14960138258652886,1.6956575032978094e-11,"[0.06470933640826147, 4.1898484735933966e-17, 0.9352906635917385]",primal=Optimization terminated successfully; dual=outer=Optimization terminated successfully; inner=Optimization terminated successfully,0,3.5978974724111508,0.0,,tiny12_linear_20260503_contcert1,tiny12
linear,triple,conversation+energy+brainstorming,20.746670423982707,14.76205892562863,0,"[0.24150836345305474, 0.2909528197629829, 0.46753881678396236]","[0.2, 0.2, 0.6]",2.4509191513061523,"{""brainstorming"": -13.179948997497526, ""conversation"": -8.140459728240934, ""energy"": -14.76205892562863}",energy,continuous_primal_dual_psd,6,20.746670423982707,20.746670423967487,1.5219825399981346e-11,"[0.0, 0.8419403276839478, 0.15805967231605225]",primal=Optimization terminated successfully; dual=outer=Optimization terminated successfully; inner=Optimization terminated successfully,1,-0.014307060315770939,0.014307060315770937,,tiny12_linear_20260503_contcert1,tiny12
linear,triple,conversation+energy+company,28.747108414078042,19.877377223968473,0,"[0.43705018250229893, 0.2991611041476564, 0.2637887133500447]","[0.4, 0.4, 0.2]",0.0,"{""company"": -19.877377223968473, ""conversation"": -6.205943298339811, ""energy"": -19.676175785064665}",company,continuous_primal_dual_psd,6,28.747108414078042,28.747108414076898,1.1439738045737613e-12,"[0.0, 0.2798754797300077, 0.7201245202699923]",primal=Optimization terminated successfully; dual=outer=Optimization terminated successfully; inner=Optimization terminated successfully,0,12.912949357504914,0.0,,tiny12_linear_20260503_contcert1,tiny12
linear,triple,conversation+energy+creative,26.877290407034337,24.784424972534147,0,"[0.24541124434769476, 0.20000000000001805, 0.5545887556522872]","[0.2, 0.4, 0.4]",0.937962532043457,"{""conversation"": -19.896426868438688, ""creative"": -17.164626789092985, ""energy"": -24.784424972534147}",energy,continuous_primal_dual_psd,6,26.877290407034337,26.877290407034337,0.0,"[0.0, 1.0, 0.0]",primal=Optimization terminated successfully; dual=outer=Optimization terminated successfully; inner=Optimization terminated successfully,1,-13.123307447156042,13.123307447156042,,tiny12_linear_20260503_contcert1,tiny12
linear,triple,conversation+energy+docker,79.29526490645196,42.604759407043424,0,"[0.20000000000027424, 0.2, 0.5999999999997258]","[0.2, 0.6, 0.2]",23.12499284744262,"{""conversation"": -37.30713434219357, ""docker"": -42.604759407043424, ""energy"": -37.35223121643063}",docker,continuous_primal_dual_psd,6,79.29526490645196,79.29526490644233,9.634959496906959e-12,"[0.0, 4.0736556123633194e-13, 0.9999999999995925]",primal=Optimization terminated successfully; dual=outer=Optimization terminated successfully; inner=Optimization terminated successfully,1,-431.93847343227975,431.93847343227975,,tiny12_linear_20260503_contcert1,tiny12
linear,triple,conversation+energy+empathy,10.948325815162512,12.583115768432585,0,"[0.30117870603751906, 0.2291247691964586, 0.4696965247660223]","[0.2, 0.4, 0.4]",1.3268470764160156,"{""conversation"": -0.40238208770748685, ""empathy"": 0.5039109608390256, ""energy"": -12.583115768432585}",energy,continuous_primal_dual_psd,6,10.948325815162512,10.948325815162512,0.0,"[0.0, 1.0, 0.0]",primal=Optimization terminated successfully; dual=outer=Optimization terminated successfully; inner=Optimization terminated successfully,1,-39.560830593582594,39.56083059358261,,tiny12_linear_20260503_contcert1,tiny12
linear,triple,conversation+energy+gsm8k,49.339565706252294,33.04560489654538,0,"[0.6000000000000079, 0.2000000000000127, 0.19999999999997942]","[0.6, 0.2, 0.2]",0.0,"{""conversation"": -18.557146263122526, ""energy"": -33.04560489654538, ""gsm8k"": 4.111108112335238}",energy,continuous_primal_dual_psd,6,49.339565706252294,49.33956570625033,1.9610979506978765e-12,"[1.0, 0.0, 0.0]",primal=Optimization terminated successfully; dual=outer=Optimization terminated successfully; inner=Optimization terminated successfully,1,-149.9440091518329,150.03250487272513,,tiny12_linear_20260503_contcert1,tiny12
linear,triple,conversation+energy+physics,42.33002043967816,48.810771179199186,0,"[0.5737130661818122, 0.22628693381817053, 0.20000000000001728]","[0.4, 0.4, 0.2]",1.4924168586730957,"{""conversation"": -40.432146263122526, ""energy"": -32.40274496078488, ""physics"": -48.810771179199186}",physics,continuous_primal_dual_psd,6,42.33002043967816,42.33002043736191,2.3162485263128474e-09,"[0.26681364155042986, 0.7331863584495629, 7.275149217322072e-15]",primal=Optimization terminated successfully; dual=outer=Optimization terminated successfully; inner=Optimization terminated successfully,1,-31.916940468123762,31.91694046812377,,tiny12_linear_20260503_contcert1,tiny12
linear,triple,conversation+energy+textsql,14.305480560537541,13.529017639160124,0,"[0.35754652547190696, 0.2819437322533712, 0.3605097422747219]","[0.4, 0.4, 0.2]",1.3585805892944336,"{""conversation"": -3.9738089561462075, ""energy"": -13.529017639160124, ""textsql"": -1.1544047222213785}",energy,continuous_primal_dual_psd,6,14.305480560537541,14.305480560537541,0.0,"[0.0, 1.0, 0.0]",primal=Optimization terminated successfully; dual=outer=Optimization terminated successfully; inner=Optimization terminated successfully,0,8.174380321711707,0.0,,tiny12_linear_20260503_contcert1,tiny12
linear,triple,conversation+flex+brainstorming,31.613377527737157,15.614178848266569,0,"[0.35995398233428527, 0.2, 0.4400460176657147]","[0.2, 0.2, 0.6]",4.673910140991211,"{""brainstorming"": -15.614178848266569, ""conversation"": -0.1047522544860513, ""flex"": -7.532325458526579}",brainstorming,continuous_primal_dual_psd,6,31.613377527737157,31.613377527737157,0.0,"[0.0, 1.0, 0.0]",primal=Optimization terminated successfully; dual=outer=Optimization terminated successfully; inner=Optimization terminated successfully,1,-9.736589093735066,9.736589093735068,,tiny12_linear_20260503_contcert1,tiny12
linear,triple,conversation+flex+company,48.62558384635777,19.64268989562985,0,"[0.5413091150700432, 0.2586908849299545, 0.2000000000000023]","[0.6, 0.2, 0.2]",0.0,"{""company"": -19.64268989562985, ""conversation"": 22.811898517608675, ""flex"": -18.333783817291227}",company,continuous_primal_dual_psd,6,48.62558384635777,48.62558384635693,8.384404281969182e-13,"[0.0, 0.9999999999999603, 3.9704285864190573e-14]",primal=Optimization terminated successfully; dual=outer=Optimization terminated successfully; inner=Optimization terminated successfully,0,118.55441021752864,0.0,,tiny12_linear_20260503_contcert1,tiny12
linear,triple,conversation+flex+creative,40.0187549894406,18.96238632202145,0,"[0.4067157993850208, 0.2, 0.39328420061497926]","[0.4, 0.2, 0.4]",0.0,"{""conversation"": 1.978573131561312, ""creative"": -18.96238632202145, ""flex"": -12.566641044616667}",creative,continuous_primal_dual_psd,6,40.0187549894406,40.0187549894406,0.0,"[0.0, 1.0, 0.0]",primal=Optimization terminated successfully; dual=outer=Optimization terminated successfully; inner=Optimization terminated successfully,1,-54.41576029103872,54.41576029103872,,tiny12_linear_20260503_contcert1,tiny12
linear,triple,conversation+flex+docker,92.6675702208991,48.79523820877072,0,"[0.4165468082222706, 0.2, 0.3834531917777294]","[0.6, 0.2, 0.2]",14.223623275756836,"{""conversation"": -5.908337306976286, ""docker"": -48.79523820877072, ""flex"": -34.85875434875485}",docker,continuous_primal_dual_psd,6,92.6675702208991,92.6675702204802,4.1889336444000946e-10,"[4.224348557137247e-12, 0.1873251579540254, 0.8126748420417503]",primal=Positive directional derivative for linesearch; dual=outer=Optimization terminated successfully; inner=Optimization terminated successfully,1,-271.3820653744244,271.3820653744244,,tiny12_linear_20260503_contcert1,tiny12
linear,triple,conversation+flex+empathy,30.93847931534397,10.16388244628903,0,"[0.3261400877038544, 0.20639181420587593, 0.4674680980902697]","[0.2, 0.2, 0.6]",1.3158082962036133,"{""conversation"": -3.8249880790710122, ""empathy"": -0.140672735210694, ""flex"": -10.16388244628903}",flex,continuous_primal_dual_psd,6,30.93847931534397,30.93847931534397,0.0,"[0.0, 1.0, 0.0]",primal=Optimization terminated successfully; dual=outer=Optimization terminated successfully; inner=Optimization terminated successfully,0,4.323121447305294,0.0,,tiny12_linear_20260503_contcert1,tiny12
linear,triple,conversation+flex+energy,47.08359970092745,31.834915351867643,0,"[0.4895999680531785, 0.3104000319468212, 0.2000000000000003]","[0.4, 0.2, 0.4]",5.190467834472656,"{""conversation"": -21.23570747375485, ""energy"": -31.834915351867643, ""flex"": -22.25935764312741}",energy,continuous_primal_dual_psd,6,47.08359970092745,47.08359970092172,5.7340798775840085e-12,"[0.0, 0.999999999999523, 4.768963002275085e-13]",primal=Optimization terminated successfully; dual=outer=Optimization terminated successfully; inner=Optimization terminated successfully,1,-37.49818523444893,37.498185234448925,,tiny12_linear_20260503_contcert1,tiny12
linear,triple,conversation+flex+gsm8k,87.89015430978024,29.23877544403073,0,"[0.38099984811797943, 0.2000000000000831, 0.4190001518819375]","[0.6, 0.2, 0.2]",17.592179775238037,"{""conversation"": -20.045223903655973, ""flex"": -29.23877544403073, ""gsm8k"": 1.3516276359558432}",flex,continuous_primal_dual_psd,6,87.89015430978024,87.89015430972249,5.775291356258094e-11,"[0.999999999996442, 3.558089667813248e-12, 0.0]",primal=Optimization terminated successfully; dual=outer=Optimization terminated successfully; inner=Optimization terminated successfully,1,-340.396393184651,340.396393184651,,tiny12_linear_20260503_contcert1,tiny12
linear,triple,conversation+flex+physics,55.70264731951505,51.29524774551388,0,"[0.4572888248001578, 0.34271117519983557, 0.20000000000000662]","[0.6, 0.2, 0.2]",4.856812953948975,"{""conversation"": -16.324988079071012, ""flex"": -29.993322563171354, ""physics"": -51.29524774551388}",physics,continuous_primal_dual_psd,6,55.70264731951505,55.70264731951505,0.0,"[0.0, 1.0, 0.0]",primal=Optimization terminated successfully; dual=outer=Optimization terminated successfully; inner=Optimization terminated successfully,1,-0.6884349065300484,0.6884349065300488,,tiny12_linear_20260503_contcert1,tiny12
linear,triple,conversation+flex+textsql,25.807635289127155,10.060373020172086,0,"[0.4338138014972266, 0.2000000000003279, 0.3661861985024455]","[0.4, 0.2, 0.4]",0.0,"{""conversation"": 2.573797035217318, ""flex"": -10.060373020172086, ""textsql"": -0.48904809359260715}",flex,continuous_primal_dual_psd,6,25.807635289127155,25.807635289124185,2.9700686354772188e-12,"[0.0, 1.0, 0.0]",primal=Optimization terminated successfully; dual=outer=Optimization terminated successfully; inner=Optimization terminated successfully,0,13.961161690906362,0.0,,tiny12_linear_20260503_contcert1,tiny12
linear,triple,conversation+gsm8k+textsql,5.06190370726835,0.5373807177988592,0,"[0.6, 0.2, 0.19999999999999996]","[0.4, 0.2, 0.4]",0.7941668466647052,"{""conversation"": 0.49048357009890964, ""gsm8k"": 8.25037651062015, ""textsql"": -0.5373807177988592}",textsql,continuous_primal_dual_psd,6,5.06190370726835,5.061903707268086,2.637889906509372e-13,"[0.9999999999999185, 0.0, 8.149037000747985e-14]",primal=Optimization terminated successfully; dual=outer=Optimization terminated successfully; inner=Optimization terminated successfully,1,-10.586791287969966,10.586791287969975,,tiny12_linear_20260503_contcert1,tiny12
linear,triple,conversation+physics+brainstorming,10.634186935424763,19.506076049804655,0,"[0.2000000000000001, 0.2, 0.5999999999999999]","[0.2, 0.2, 0.6]",0.0,"{""brainstorming"": -10.187962722778288, ""conversation"": 7.038089561462435, ""physics"": -19.506076049804655}",physics,continuous_primal_dual_psd,6,10.634186935424763,10.634186935424763,0.0,"[0.0, 0.0, 1.0]",primal=Optimization terminated successfully; dual=outer=Optimization terminated successfully; inner=Optimization terminated successfully,0,20.622393923023537,0.0,,tiny12_linear_20260503_contcert1,tiny12
linear,triple,conversation+physics+company,15.3223610729912,41.18483371734616,0,"[0.4567953560997096, 0.222578791136993, 0.32062585276329736]","[0.4, 0.2, 0.4]",0.0,"{""company"": -7.696047496795622, ""conversation"": 5.550000000000033, ""physics"": -41.18483371734616}",physics,continuous_primal_dual_psd,6,15.3223610729912,15.322361072991121,7.815970093361102e-14,"[0.2701999074389978, 0.729800092560997, 5.2229825293086295e-15]",primal=Optimization terminated successfully; dual=outer=Optimization terminated successfully; inner=Optimization terminated successfully,1,-72.61279879463466,72.61279879463466,,tiny12_linear_20260503_contcert1,tiny12
linear,triple,conversation+physics+creative,35.62616506916682,46.93880386352536,0,"[0.2, 0.2, 0.6]","[0.4, 0.2, 0.4]",0.1984119415283203,"{""conversation"": -24.06308956146237, ""creative"": -28.232434463500944, ""physics"": -46.93880386352536}",physics,continuous_primal_dual_psd,6,35.62616506916682,35.62616506916682,0.0,"[1.0, 0.0, 0.0]",primal=Optimization terminated successfully; dual=outer=Optimization terminated successfully; inner=Optimization terminated successfully,1,-64.1548233595574,64.15482335955741,,tiny12_linear_20260503_contcert1,tiny12
linear,triple,conversation+physics+docker,70.60317735462914,67.83250875473018,0,"[0.6, 0.2, 0.19999999999999996]","[0.6, 0.2, 0.2]",0.0,"{""conversation"": -28.973820877075163, ""docker"": -64.86666507720943, ""physics"": -67.83250875473018}",physics,continuous_primal_dual_psd,6,70.60317735462914,70.60317735462914,0.0,"[0.0, 0.0, 1.0]",primal=Optimization terminated successfully; dual=outer=Optimization terminated successfully; inner=Optimization terminated successfully,1,-23.273040413067573,23.27304041306757,,tiny12_linear_20260503_contcert1,tiny12
linear,triple,conversation+physics+empathy,23.290513238985625,42.09062166213986,0,"[0.2854928898631506, 0.2, 0.5145071101368495]","[0.2, 0.2, 0.6]",0.0,"{""conversation"": -17.51547164916989, ""empathy"": -0.4341838682053248, ""physics"": -42.09062166213986}",physics,continuous_primal_dual_psd,6,23.290513238985625,23.290513238985625,0.0,"[1.0, 0.0, 0.0]",primal=Optimization terminated successfully; dual=outer=Optimization terminated successfully; inner=Optimization terminated successfully,1,-17.623030452073383,17.623030452073383,,tiny12_linear_20260503_contcert1,tiny12
linear,triple,conversation+physics+gsm8k,78.37354417492224,58.826306533813444,0,"[0.6000000000013475, 0.20000000000361692, 0.1999999999950356]","[0.6, 0.2, 0.2]",0.0,"{""conversation"": -44.00356121063229, ""gsm8k"": -8.250048828124967, ""physics"": -58.826306533813444}",physics,continuous_primal_dual_psd,6,78.37354417492224,78.37354417492224,0.0,"[1.0, 0.0, 0.0]",primal=Optimization terminated successfully; dual=outer=Optimization terminated successfully; inner=Optimization terminated successfully,1,-140.73912549788753,140.7391254978875,,tiny12_linear_20260503_contcert1,tiny12
linear,triple,conversation+physics+textsql,18.572176012814907,42.49606437683102,0,"[0.5190424700596696, 0.2, 0.2809575299403304]","[0.4, 0.2, 0.4]",1.0869503021240234,"{""conversation"": -9.777370166778532, ""physics"": -42.49606437683102, ""textsql"": -0.8050009322232429}",physics,continuous_primal_dual_psd,6,18.572176012814907,18.572176012814907,0.0,"[1.0, 0.0, 0.0]",primal=Optimization terminated successfully; dual=outer=Optimization terminated successfully; inner=Optimization terminated successfully,0,8.56011628900977,0.0,,tiny12_linear_20260503_contcert1,tiny12
linear,triple,creative+company+docker,30.69093872309999,28.51022787094113,0,"[0.46688898864527983, 0.3331110113547238, 0.1999999999999964]","[0.4, 0.4, 0.2]",0.0,"{""company"": -21.37359685897824, ""creative"": -28.51022787094113, ""docker"": -24.15238924026486}",creative,continuous_primal_dual_psd,6,30.69093872309999,30.69093872309999,0.0,"[0.0, 0.0, 1.0]",primal=Optimization terminated successfully; dual=outer=Optimization terminated successfully; inner=Optimization terminated successfully,0,150.8037744919343,0.0,,tiny12_linear_20260503_contcert1,tiny12
linear,triple,creative+company+gsm8k,11.360569984640819,23.988846015930143,0,"[0.4503610479028854, 0.34963895209711454, 0.20000000000000007]","[0.4, 0.4, 0.2]",0.0,"{""company"": -18.340006542205778, ""creative"": -23.988846015930143, ""gsm8k"": 26.762983131408724}",creative,continuous_primal_dual_psd,6,11.360569984640819,11.36056998464036,4.583000645652646e-13,"[1.592059817312221e-13, 0.9999999999998408, 0.0]",primal=Optimization terminated successfully; dual=outer=Optimization terminated successfully; inner=Optimization terminated successfully,0,61.11271284293615,0.0,,tiny12_linear_20260503_contcert1,tiny12
linear,triple,creative+company+textsql,5.102619343862699,10.942295265197721,0,"[0.5078176877068719, 0.28502385091185395, 0.20715846138127425]","[0.4, 0.2, 0.4]",1.400911808013916,"{""company"": -4.128041934967008, ""creative"": -10.942295265197721, ""textsql"": -0.15202396748127317}",creative,continuous_primal_dual_psd,6,5.102619343862699,5.102619343862699,0.0,"[1.0, 0.0, 0.0]",primal=Optimization terminated successfully; dual=outer=Optimization terminated successfully; inner=Optimization terminated successfully,0,8.427599717826597,0.0,,tiny12_linear_20260503_contcert1,tiny12
linear,triple,creative+docker+gsm8k,54.049709510803225,57.36004419326779,0,"[0.6, 0.2, 0.19999999999999996]","[0.4, 0.4, 0.2]",7.506632804870598,"{""creative"": -57.36004419326779, ""docker"": -41.4142877578735, ""gsm8k"": -24.5070726394653}",creative,continuous_primal_dual_psd,6,54.049709510803225,54.04970951077794,2.5288215965701966e-11,"[1.3329892745144175e-12, 0.9999999999986671, 0.0]",primal=Optimization terminated successfully; dual=outer=Optimization terminated successfully; inner=Optimization terminated successfully,1,-37.175439568076314,37.17543956807631,,tiny12_linear_20260503_contcert1,tiny12
linear,triple,creative+docker+textsql,26.35316452515672,33.97381610870358,0,"[0.5090935587341127, 0.20000000000198936, 0.290906441263898]","[0.6, 0.2, 0.2]",0.0,"{""creative"": -31.827917766571012, ""docker"": -33.97381610870358, ""textsql"": -0.9027379114114134}",docker,continuous_primal_dual_psd,6,26.35316452515672,26.35316452511179,4.4931169895789935e-11,"[0.4398244868586657, 0.5601755131405738, 7.605804142963093e-13]",primal=Positive directional derivative for linesearch; dual=outer=Optimization terminated successfully; inner=Optimization terminated successfully,1,-68.65692764884194,68.65692764884194,,tiny12_linear_20260503_contcert1,tiny12
linear,triple,creative+gsm8k+textsql,3.9547627619748624,17.84464426040646,0,"[0.5492099134406373, 0.2, 0.25079008655936263]","[0.4, 0.2, 0.4]",2.440500259399414,"{""creative"": -17.84464426040646, ""gsm8k"": 11.75543956756595, ""textsql"": -0.3767858159517534}",creative,continuous_primal_dual_psd,6,3.9547627619748624,3.9547627619748624,0.0,"[1.0, 0.0, 0.0]",primal=Optimization terminated successfully; dual=outer=Optimization terminated successfully; inner=Optimization terminated successfully,0,9.353066058914902,0.0,,tiny12_linear_20260503_contcert1,tiny12
linear,triple,docker+gsm8k+textsql,28.66429548764557,21.592870426177946,0,"[0.2, 0.2, 0.6]","[0.2, 0.2, 0.6]",0.0,"{""docker"": -21.592870426177946, ""gsm8k"": -17.877426815032926, ""textsql"": 0.0005946671615332181}",docker,continuous_primal_dual_psd,6,28.66429548764557,28.66429548764557,0.0,"[1.0, 0.0, 0.0]",primal=Optimization terminated successfully; dual=outer=Optimization terminated successfully; inner=Optimization terminated successfully,1,-94.41814453751265,94.41814453751265,,tiny12_linear_20260503_contcert1,tiny12
linear,triple,empathy+brainstorming+company,15.918706121270674,8.915582370758024,0,"[0.2, 0.572201674976304, 0.2277983250236959]","[0.2, 0.6, 0.2]",0.0,"{""brainstorming"": -8.766344261169401, ""company"": -8.915582370758024, ""empathy"": 0.3543038457825836}",company,continuous_primal_dual_psd,6,15.918706121270674,15.918706121270674,0.0,"[0.0, 1.0, 0.0]",primal=Optimization terminated successfully; dual=outer=Optimization terminated successfully; inner=Optimization terminated successfully,0,0.6457795113625693,0.0,,tiny12_linear_20260503_contcert1,tiny12
linear,triple,empathy+brainstorming+creative,10.819042743674899,13.277223777770963,0,"[0.3926174578425541, 0.2, 0.40738254215744596]","[0.2, 0.4, 0.4]",0.8581161499023438,"{""brainstorming"": -13.277223777770963, ""creative"": -12.697342109680143, ""empathy"": 0.10423587797143051}",brainstorming,continuous_primal_dual_psd,6,10.819042743674899,10.819042743674899,0.0,"[0.0, 1.0, 0.0]",primal=Optimization terminated successfully; dual=outer=Optimization terminated successfully; inner=Optimization terminated successfully,1,-6.556482118490436,6.556482118490427,,tiny12_linear_20260503_contcert1,tiny12
linear,triple,empathy+brainstorming+docker,24.7768194198606,24.152377319335905,0,"[0.6000000000000056, 0.200000000000002, 0.1999999999999924]","[0.4, 0.4, 0.2]",1.250004768371582,"{""brainstorming"": -14.558699798583952, ""docker"": -24.152377319335905, ""empathy"": -0.5968230915214278}",docker,continuous_primal_dual_psd,6,24.7768194198606,24.776819419860033,5.684341886080801e-13,"[0.0, 0.0, 1.0]",primal=Optimization terminated successfully; dual=outer=Optimization terminated successfully; inner=Optimization terminated successfully,1,-0.07391988988428544,0.07391988988428498,,tiny12_linear_20260503_contcert1,tiny12
linear,triple,empathy+brainstorming+gsm8k,9.581514005544108,13.211444091796842,0,"[0.3998704974039606, 0.3994615387076778, 0.2006679638883616]","[0.4, 0.4, 0.2]",0.0,"{""brainstorming"": -13.211444091796842, ""empathy"": -0.3033128441008837, ""gsm8k"": 11.585745143890414}",brainstorming,continuous_primal_dual_psd,6,9.581514005544108,9.581514005544108,0.0,"[0.0, 1.0, 0.0]",primal=Optimization terminated successfully; dual=outer=Optimization terminated successfully; inner=Optimization terminated successfully,1,-1.0680047767294465,1.0680047767294463,,tiny12_linear_20260503_contcert1,tiny12
linear,triple,empathy+brainstorming+textsql,11.352014291886094,9.787514877319303,0,"[0.2, 0.2, 0.6]","[0.2, 0.6, 0.2]",16.956520080566406,"{""brainstorming"": -9.787514877319303, ""empathy"": -0.5427920025575406, ""textsql"": -0.949286056069861}",brainstorming,continuous_primal_dual_psd,6,11.352014291886094,11.352014291886094,0.0,"[0.0, 1.0, 0.0]",primal=Optimization terminated successfully; dual=outer=Optimization terminated successfully; inner=Optimization terminated successfully,1,-72.263082432882,72.263082432882,,tiny12_linear_20260503_contcert1,tiny12
linear,triple,empathy+company+docker,26.38628787994176,20.402374935150114,0,"[0.6000000000000297, 0.20000000000000756, 0.19999999999996265]","[0.6, 0.2, 0.2]",0.0,"{""company"": -15.744462680816618, ""docker"": -20.402374935150114, ""empathy"": 0.305430783086595}",docker,continuous_primal_dual_psd,6,26.38628787994176,26.38628787994176,0.0,"[0.0, 0.0, 1.0]",primal=Optimization terminated successfully; dual=outer=Optimization terminated successfully; inner=Optimization terminated successfully,0,5.195110704788716,0.0,,tiny12_linear_20260503_contcert1,tiny12
linear,triple,empathy+company+gsm8k,7.301577805801557,18.176963996887174,0,"[0.497765791423758, 0.2253930788749549, 0.27684112970128716]","[0.6, 0.2, 0.2]",0.0,"{""company"": -18.176963996887174, ""empathy"": 0.34371503642808743, ""gsm8k"": 13.361427116394076}",company,continuous_primal_dual_psd,6,7.301577805801557,7.301577805801557,0.0,"[0.0, 1.0, 0.0]",primal=Optimization terminated successfully; dual=outer=Optimization terminated successfully; inner=Optimization terminated successfully,0,5.9064145251850295,0.0,,tiny12_linear_20260503_contcert1,tiny12
linear,triple,empathy+company+textsql,5.995460536667718,15.381315422058073,0,"[0.3168302547777458, 0.2628646873091865, 0.4203050579130677]","[0.4, 0.2, 0.4]",0.0,"{""company"": -15.381315422058073, ""empathy"": 0.013820092081990894, ""textsql"": -0.4216668238480537}",company,continuous_primal_dual_psd,6,5.995460536667718,5.995460536667718,0.0,"[0.0, 1.0, 0.0]",primal=Optimization terminated successfully; dual=outer=Optimization terminated successfully; inner=Optimization terminated successfully,0,2.123541723456162,0.0,,tiny12_linear_20260503_contcert1,tiny12
linear,triple,empathy+creative+company,3.972802308252355,5.6547076225280435,0,"[0.33238576127390607, 0.4426514546990252, 0.2249627840270687]","[0.4, 0.4, 0.2]",0.0,"{""company"": -5.6547076225280435, ""creative"": -4.7686368942260415, ""empathy"": 0.5500684105981938}",company,continuous_primal_dual_psd,6,3.972802308252355,3.9728023082503494,2.0055068716828828e-12,"[3.2704668457357076e-13, 0.8626836140167775, 0.13731638598289547]",primal=Optimization terminated successfully; dual=outer=Optimization terminated successfully; inner=Optimization terminated successfully,0,2.996086345349059,0.0,,tiny12_linear_20260503_contcert1,tiny12
linear,triple,empathy+creative+docker,16.482919803413374,21.652379703521696,0,"[0.5367299635037822, 0.263270036495683, 0.20000000000053486]","[0.6, 0.2, 0.2]",0.0,"{""creative"": -10.202744674682585, ""docker"": -21.652379703521696, ""empathy"": -0.09152912963122302}",docker,continuous_primal_dual_psd,6,16.482919803413374,16.482919803413374,0.0,"[0.0, 0.0, 1.0]",primal=Optimization terminated successfully; dual=outer=Optimization terminated successfully; inner=Optimization terminated successfully,1,-11.859936128139104,11.859936128139106,,tiny12_linear_20260503_contcert1,tiny12
linear,triple,empathy+creative+gsm8k,7.047177502103025,16.34693450927731,0,"[0.5453859850831622, 0.2, 0.2546140149168379]","[0.4, 0.4, 0.2]",1.3467907905578613,"{""creative"": -16.34693450927731, ""empathy"": -0.3934563159586676, ""gsm8k"": 7.9092829704284995}",creative,continuous_primal_dual_psd,6,7.047177502103025,7.047177502103025,0.0,"[0.0, 1.0, 0.0]",primal=Optimization terminated successfully; dual=outer=Optimization terminated successfully; inner=Optimization terminated successfully,1,-2.3750092383857697,2.37500923838577,,tiny12_linear_20260503_contcert1,tiny12
linear,triple,empathy+creative+textsql,3.29160404878791,5.357256603240934,0,"[0.29620298213377283, 0.5037970178661985, 0.2000000000000287]","[0.4, 0.4, 0.2]",6.56508207321167,"{""creative"": -5.357256603240934, ""empathy"": 0.20985564256812678, ""textsql"": -1.0404766116271067}",creative,continuous_primal_dual_psd,6,3.29160404878791,3.2916040487879092,8.881784197001252e-16,"[1.6653345369377346e-16, 0.9999999999999998, 0.0]",primal=Optimization terminated successfully; dual=outer=Optimization terminated successfully; inner=Optimization terminated successfully,0,3.0155445560223195,0.0,,tiny12_linear_20260503_contcert1,tiny12
linear,triple,empathy+docker+gsm8k,29.8968495022702,20.719197463989225,0,"[0.5680589897210199, 0.20000000000000218, 0.23194101027897795]","[0.4, 0.4, 0.2]",7.123672962188721,"{""docker"": -11.711910438537565, ""empathy"": -1.1876471270648292, ""gsm8k"": -20.719197463989225}",gsm8k,continuous_primal_dual_psd,6,29.8968495022702,29.8968495022702,0.0,"[0.0, 1.0, 0.0]",primal=Optimization terminated successfully; dual=outer=Optimization terminated successfully; inner=Optimization terminated successfully,0,0.4615181395263967,0.0,,tiny12_linear_20260503_contcert1,tiny12
linear,triple,empathy+docker+textsql,34.56196769668338,10.521426868438688,0,"[0.2000000000002472, 0.2, 0.5999999999997527]","[0.4, 0.4, 0.2]",4.940485954284668,"{""docker"": -10.521426868438688, ""empathy"": -1.6307649323288589, ""textsql"": -0.945595408159497}",docker,continuous_primal_dual_psd,6,34.56196769668338,34.56196769668338,0.0,"[0.0, 1.0, 0.0]",primal=Optimization terminated successfully; dual=outer=Optimization terminated successfully; inner=Optimization terminated successfully,1,-299.38188470034186,299.3818847003418,,tiny12_linear_20260503_contcert1,tiny12
linear,triple,empathy+gsm8k+textsql,0.23568753362986428,0.32964981743890465,0,"[0.431478225788543, 0.2624063536780085, 0.3061154205334484]","[0.2, 0.2, 0.6]",0.2726118995641966,"{""empathy"": -0.32964981743890465, ""gsm8k"": 6.7677824974060385, ""textsql"": -0.133690678332569}",empathy,continuous_primal_dual_psd,6,0.23568753362986428,0.23568753362986353,7.494005416219807e-16,"[0.7331355157036856, 0.0, 0.2668644842963144]",primal=Optimization terminated successfully; dual=outer=Optimization terminated successfully; inner=Optimization terminated successfully,0,2.5136008518343704,0.0,,tiny12_linear_20260503_contcert1,tiny12
linear,triple,energy+brainstorming+company,20.428523956808846,14.068713855743376,0,"[0.20000000000000098, 0.5505047916773933, 0.24949520832260574]","[0.2, 0.6, 0.2]",0.0,"{""brainstorming"": -10.082128715515104, ""company"": -13.525250625610319, ""energy"": -14.068713855743376}",energy,continuous_primal_dual_psd,6,20.428523956808846,20.428523956808846,0.0,"[1.5624071710458055e-15, 0.9999999999999982, 2.7755575615628914e-16]",primal=Optimization terminated successfully; dual=outer=Optimization terminated successfully; inner=Optimization terminated successfully,0,0.7476078593959414,0.0,,tiny12_linear_20260503_contcert1,tiny12
linear,triple,energy+brainstorming+creative,34.11436065588398,25.531914901733366,0,"[0.2889820442039, 0.2304445605186258, 0.4805733952774742]","[0.2, 0.6, 0.2]",4.7698259353637695,"{""brainstorming"": -19.495728683471647, ""creative"": -23.638299179077116, ""energy"": -25.531914901733366}",energy,continuous_primal_dual_psd,6,34.11436065588398,34.114360655879125,4.853006885241484e-12,"[0.4745288976807565, 0.5254711023192434, 0.0]",primal=Optimization terminated successfully; dual=outer=Optimization terminated successfully; inner=Optimization terminated successfully,1,-72.40097306626697,72.40097306626697,,tiny12_linear_20260503_contcert1,tiny12
linear,triple,energy+brainstorming+docker,57.42506831191957,35.22380895614621,0,"[0.5379832385135519, 0.2620167614864548, 0.1999999999999933]","[0.4, 0.4, 0.2]",7.632911205291748,"{""brainstorming"": -30.648496818542448, ""docker"": -35.22380895614621, ""energy"": -33.82697410583493}",docker,continuous_primal_dual_psd,6,57.42506831191957,57.42506831191957,0.0,"[0.0, 0.0, 1.0]",primal=Optimization terminated successfully; dual=outer=Optimization terminated successfully; inner=Optimization terminated successfully,1,-127.51278980452379,127.51278980452379,,tiny12_linear_20260503_contcert1,tiny12
linear,triple,energy+brainstorming+gsm8k,28.528010686659215,29.636505317687956,0,"[0.20000000000117632, 0.564574184722996, 0.23542581527582762]","[0.2, 0.6, 0.2]",0.0,"{""brainstorming"": -28.051260185241667, ""energy"": -29.636505317687956, ""gsm8k"": 2.662810611724886}",energy,continuous_primal_dual_psd,6,28.528010686659215,28.52801068664319,1.602629140506906e-11,"[0.8479399833797848, 0.15206001662021526, 0.0]",primal=Optimization terminated successfully; dual=outer=Optimization terminated successfully; inner=Optimization terminated successfully,1,-30.161025588026504,30.1610255880265,,tiny12_linear_20260503_contcert1,tiny12
linear,triple,energy+brainstorming+textsql,16.40148154416006,18.29092807769772,0,"[0.2, 0.2640689124937976, 0.5359310875062024]","[0.2, 0.6, 0.2]",14.83469009399414,"{""brainstorming"": -14.527228546142545, ""energy"": -18.29092807769772, ""textsql"": -0.9907150130532997}",energy,continuous_primal_dual_psd,6,16.40148154416006,16.40148154416006,0.0,"[1.0, 0.0, 0.0]",primal=Optimization terminated successfully; dual=outer=Optimization terminated successfully; inner=Optimization terminated successfully,1,-42.877285983344116,42.87728598334411,,tiny12_linear_20260503_contcert1,tiny12
linear,triple,energy+company+docker,60.97464203052786,44.66739006042477,0,"[0.46981593986359366, 0.3301840601364093, 0.19999999999999707]","[0.4, 0.4, 0.2]",0.0,"{""company"": -44.66739006042477, ""docker"": -30.22381372451779, ""energy"": -37.89192743301388}",company,continuous_primal_dual_psd,6,60.97464203052786,60.97464203052754,3.197442310920451e-13,"[0.0, 3.9301895071728995e-14, 0.9999999999999607]",primal=Optimization terminated successfully; dual=outer=Optimization terminated successfully; inner=Optimization terminated successfully,1,-38.250577096903285,38.25057709690329,,tiny12_linear_20260503_contcert1,tiny12
linear,triple,energy+company+gsm8k,37.622161719730265,42.21020050048825,0,"[0.20000000000074802, 0.3101770422608014, 0.4898229577384505]","[0.2, 0.4, 0.4]",0.0,"{""company"": -42.21020050048825, ""energy"": -39.91428918838498, ""gsm8k"": 17.3086970329285}",company,continuous_primal_dual_psd,6,37.622161719730265,37.62216171972318,7.084111075528199e-12,"[1.3969355763814914e-12, 0.999999999998603, 0.0]",primal=Optimization terminated successfully; dual=outer=Optimization terminated successfully; inner=Optimization terminated successfully,1,-21.81492422415541,21.8149242241554,,tiny12_linear_20260503_contcert1,tiny12
linear,triple,energy+company+textsql,27.590933189931963,22.081735801696745,0,"[0.2, 0.2580151829221925, 0.5419848170778074]","[0.2, 0.4, 0.4]",3.378629684448242,"{""company"": -22.081735801696745, ""energy"": -21.57159156799313, ""textsql"": -0.727261771328465}",company,continuous_primal_dual_psd,6,27.590933189931963,27.590933189931963,0.0,"[1.0, 0.0, 0.0]",primal=Optimization terminated successfully; dual=outer=Optimization terminated successfully; inner=Optimization terminated successfully,1,-12.904052740872245,12.904052740872245,,tiny12_linear_20260503_contcert1,tiny12
linear,triple,energy+creative+company,22.068258421313658,21.0787803649902,0,"[0.2, 0.5411093337191979, 0.25889066628080215]","[0.2, 0.6, 0.2]",0.0,"{""company"": -20.28663463592526, ""creative"": -21.0787803649902, ""energy"": -14.352956485748258}",creative,continuous_primal_dual_psd,6,22.068258421313658,22.068258421313022,6.359357485052897e-13,"[0.6463885787670456, 4.974667104981753e-14, 0.3536114212329047]",primal=Optimization terminated successfully; dual=outer=Optimization terminated successfully; inner=Optimization terminated successfully,1,-21.791627311697795,21.791627311697777,,tiny12_linear_20260503_contcert1,tiny12
linear,triple,energy+creative+docker,66.11525464119615,42.604759407043424,0,"[0.2000000000000344, 0.4590297107994545, 0.3409702892005111]","[0.6, 0.2, 0.2]",6.807959079742432,"{""creative"": -35.494354438781706, ""docker"": -42.604759407043424, ""energy"": -41.7872936248779}",docker,continuous_primal_dual_psd,6,66.11525464119615,66.11525464119615,0.0,"[0.0, 0.0, 1.0]",primal=Optimization terminated successfully; dual=outer=Optimization terminated successfully; inner=Optimization terminated successfully,1,-223.20307781667165,223.20307781667165,,tiny12_linear_20260503_contcert1,tiny12
linear,triple,energy+creative+gsm8k,31.256314083186815,28.154304695129362,0,"[0.49684737254098776, 0.3031526274593195, 0.19999999999969276]","[0.2, 0.6, 0.2]",1.5363216400146484,"{""creative"": -28.154304695129362, ""energy"": -27.438095283508268, ""gsm8k"": 1.7458289146423667}",creative,continuous_primal_dual_psd,6,31.256314083186815,31.256314083186815,0.0,"[1.0, 0.0, 0.0]",primal=Optimization terminated successfully; dual=outer=Optimization terminated successfully; inner=Optimization terminated successfully,1,-65.18106197966426,65.18106197966426,,tiny12_linear_20260503_contcert1,tiny12
linear,triple,energy+creative+textsql,10.747667846732178,14.018192958831754,0,"[0.2, 0.4298723826281911, 0.3701276173718089]","[0.2, 0.6, 0.2]",1.1863946914672852,"{""creative"": -13.803663921356168, ""energy"": -14.018192958831754, ""textsql"": -0.901309806249678}",energy,continuous_primal_dual_psd,6,10.747667846732178,10.747667846732167,1.0658141036401503e-14,"[0.86280936495058, 0.13719063504942003, 0.0]",primal=Optimization terminated successfully; dual=outer=Optimization terminated successfully; inner=Optimization terminated successfully,1,-23.168320857152484,23.168320857152487,,tiny12_linear_20260503_contcert1,tiny12
linear,triple,energy+docker+gsm8k,72.69298826562729,51.102593612670866,0,"[0.6, 0.2, 0.19999999999999996]","[0.4, 0.4, 0.2]",5.133116245269775,"{""docker"": -33.973804187774626, ""energy"": -51.102593612670866, ""gsm8k"": -26.226189804077116}",energy,continuous_primal_dual_psd,6,72.69298826562729,72.69298826562729,0.0,"[0.0, 1.0, 0.0]",primal=Optimization terminated successfully; dual=outer=Optimization terminated successfully; inner=Optimization terminated successfully,1,-79.99285037491134,79.99285037491133,,tiny12_linear_20260503_contcert1,tiny12
linear,triple,energy+docker+textsql,36.71779937744141,41.710808944702116,0,"[0.20000000000000215, 0.2, 0.5999999999999979]","[0.6, 0.2, 0.2]",4.242420196533203,"{""docker"": -30.28334684371945, ""energy"": -41.710808944702116, ""textsql"": -1.270118616172184}",energy,continuous_primal_dual_psd,6,36.71779937744141,36.71779937744141,0.0,"[1.0, 0.0, 0.0]",primal=Optimization terminated successfully; dual=outer=Optimization terminated successfully; inner=Optimization terminated successfully,0,7.978059093999604,0.0,,tiny12_linear_20260503_contcert1,tiny12
linear,triple,energy+empathy+brainstorming,15.981527787531803,11.637225818634,0,"[0.20000000000000287, 0.3728692873240849, 0.4271307126759122]","[0.2, 0.4, 0.4]",0.0,"{""brainstorming"": -10.940268707275358, ""empathy"": -0.29000842180956704, ""energy"": -11.637225818634}",energy,continuous_primal_dual_psd,6,15.981527787531803,15.981527787531702,1.0125233984581428e-13,"[9.145035912987266e-13, 0.0, 0.9999999999990854]",primal=Optimization terminated successfully; dual=outer=Optimization terminated successfully; inner=Optimization terminated successfully,1,-1.3751303074187287,1.375130307418728,,tiny12_linear_20260503_contcert1,tiny12
linear,triple,energy+empathy+company,21.92284859423816,14.352956485748258,0,"[0.20054424317729916, 0.5347719946217443, 0.2646837622009566]","[0.2, 0.6, 0.2]",0.0,"{""company"": -12.434199523925749, ""empathy"": 0.5554991936847914, ""energy"": -14.352956485748258}",energy,continuous_primal_dual_psd,6,21.92284859423816,21.92284859423816,0.0,"[1.0, 0.0, 0.0]",primal=Optimization terminated successfully; dual=outer=Optimization terminated successfully; inner=Optimization terminated successfully,0,2.4558408869656225,0.0,,tiny12_linear_20260503_contcert1,tiny12
linear,triple,energy+empathy+creative,12.135140898593214,13.438811969757047,0,"[0.3664350004365553, 0.43356499956350086, 0.19999999999994378]","[0.4, 0.4, 0.2]",0.0,"{""creative"": -3.181329441070524, ""empathy"": -0.04537079429796821, ""energy"": -13.438811969757047}",energy,continuous_primal_dual_psd,6,12.135140898593214,12.135140898593214,0.0,"[1.0, 0.0, 0.0]",primal=Optimization terminated successfully; dual=outer=Optimization terminated successfully; inner=Optimization terminated successfully,0,1.1173503000737843,0.0,,tiny12_linear_20260503_contcert1,tiny12
linear,triple,energy+empathy+docker,17.137911987299223,16.711917591094938,0,"[0.20000000000005438, 0.6000000000000285, 0.19999999999991713]","[0.2, 0.6, 0.2]",0.0,"{""docker"": -16.711917591094938, ""empathy"": -0.140672735210694, ""energy"": -7.524684143066374}",docker,continuous_primal_dual_psd,6,17.137911987299223,17.137911987290202,9.020340030474472e-12,"[4.635181127810029e-14, 2.455258218958534e-13, 0.9999999999997081]",primal=Optimization terminated successfully; dual=outer=Optimization terminated successfully; inner=Optimization terminated successfully,0,0.13467679635185936,0.0,,tiny12_linear_20260503_contcert1,tiny12
linear,triple,energy+empathy+gsm8k,11.869611682519256,18.48934001922604,0,"[0.303444606496715, 0.4965553935032794, 0.20000000000000562]","[0.2, 0.6, 0.2]",6.715726852416992,"{""empathy"": -0.004371813593741985, ""energy"": -18.48934001922604, ""gsm8k"": 17.02589683532718}",energy,continuous_primal_dual_psd,6,11.869611682519256,11.869611682515101,4.154898647357186e-12,"[0.9999999999996421, 3.579914142902536e-13, 0.0]",primal=Optimization terminated successfully; dual=outer=Optimization terminated successfully; inner=Optimization terminated successfully,1,-1.2307656879717823,1.2307656879717825,,tiny12_linear_20260503_contcert1,tiny12
linear,triple,energy+empathy+textsql,15.426915861214717,17.47056550979611,0,"[0.3525398847750491, 0.447460115225353, 0.19999999999959783]","[0.2, 0.4, 0.4]",0.7777690887451172,"{""empathy"": 0.12459965409475911, ""energy"": -17.47056550979611, ""textsql"": -0.29083352926681316}",energy,continuous_primal_dual_psd,6,15.426915861214717,15.426915861214717,0.0,"[1.0, 0.0, 0.0]",primal=Optimization terminated successfully; dual=outer=Optimization terminated successfully; inner=Optimization terminated successfully,0,1.7767691312629497,0.0,,tiny12_linear_20260503_contcert1,tiny12
linear,triple,energy+gsm8k+textsql,13.679157753487615,24.6033222198486,0,"[0.2, 0.2896592271452001, 0.5103407728548]","[0.2, 0.2, 0.6]",0.0,"{""energy"": -24.6033222198486, ""gsm8k"": 9.686669635772738, ""textsql"": 0.15285692741827053}",energy,continuous_primal_dual_psd,6,13.679157753487615,13.679157753487615,0.0,"[1.0, 0.0, 0.0]",primal=Optimization terminated successfully; dual=outer=Optimization terminated successfully; inner=Optimization terminated successfully,0,10.293618113767804,0.0,,tiny12_linear_20260503_contcert1,tiny12
linear,triple,energy+physics+brainstorming,37.438217038122154,40.99504060745236,0,"[0.2, 0.2, 0.6]","[0.2, 0.2, 0.6]",0.0,"{""brainstorming"": -28.148487281799284, ""energy"": -22.59395427703854, ""physics"": -40.99504060745236}",physics,continuous_primal_dual_psd,6,37.438217038122154,37.438217038122154,0.0,"[1.0, 0.0, 0.0]",primal=Optimization terminated successfully; dual=outer=Optimization terminated successfully; inner=Optimization terminated successfully,1,-154.31378608813588,154.31378608813594,,tiny12_linear_20260503_contcert1,tiny12
linear,triple,energy+physics+company,50.014338515660555,63.07061023712155,0,"[0.20000000000000176, 0.3418791650101139, 0.4581208349898843]","[0.6, 0.2, 0.2]",7.030701637268059,"{""company"": -42.319729995727506, ""energy"": -32.90778703689572, ""physics"": -63.07061023712155}",physics,continuous_primal_dual_psd,6,50.014338515660555,50.01433851566049,6.394884621840902e-14,"[0.9999999999999889, 1.0991207943788928e-14, 0.0]",primal=Optimization terminated successfully; dual=outer=Optimization terminated successfully; inner=Optimization terminated successfully,0,1.8313102343929302,0.0,,tiny12_linear_20260503_contcert1,tiny12
linear,triple,energy+physics+creative,38.288930130005205,43.574419689178434,0,"[0.20000000000000356, 0.2000000000000074, 0.599999999999989]","[0.2, 0.2, 0.6]",0.0,"{""creative"": -27.36065692901608, ""energy"": -19.395533275604215, ""physics"": -43.574419689178434}",physics,continuous_primal_dual_psd,6,38.288930130005205,38.288930130005205,0.0,"[1.0, 0.0, 0.0]",primal=Optimization terminated successfully; dual=outer=Optimization terminated successfully; inner=Optimization terminated successfully,0,31.57694918450609,0.0,,tiny12_linear_20260503_contcert1,tiny12
linear,triple,energy+physics+docker,104.74034661957322,67.62547798156734,0,"[0.2, 0.2000000000000103, 0.5999999999999897]","[0.6, 0.2, 0.2]",26.630449295043945,"{""docker"": -53.79524536132809, ""energy"": -54.2772085189819, ""physics"": -67.62547798156734}",physics,continuous_primal_dual_psd,6,104.74034661957322,104.74034661957322,0.0,"[0.0, 0.0, 1.0]",primal=Optimization terminated successfully; dual=outer=Optimization terminated successfully; inner=Optimization terminated successfully,1,-368.85518749059236,368.85518749059236,,tiny12_linear_20260503_contcert1,tiny12
linear,triple,energy+physics+empathy,20.581439208985007,40.39118595123288,0,"[0.2, 0.20000000000001156, 0.5999999999999884]","[0.4, 0.2, 0.4]",0.10350942611694336,"{""empathy"": -1.1765145752211084, ""energy"": -25.519612503051725, ""physics"": -40.39118595123288}",physics,continuous_primal_dual_psd,6,20.581439208985007,20.581439208985007,0.0,"[1.0, 0.0, 0.0]",primal=Optimization terminated successfully; dual=outer=Optimization terminated successfully; inner=Optimization terminated successfully,0,0.29336412328211736,0.0,,tiny12_linear_20260503_contcert1,tiny12
linear,triple,energy+physics+gsm8k,68.9971933389547,79.90980453491207,0,"[0.549655605558595, 0.2, 0.250344394441405]","[0.6, 0.2, 0.2]",0.0,"{""energy"": -63.127854537963835, ""gsm8k"": -10.229685974121061, ""physics"": -79.90980453491207}",physics,continuous_primal_dual_psd,6,68.9971933389547,68.9971933389547,0.0,"[0.0, 1.0, 0.0]",primal=Optimization terminated successfully; dual=outer=Optimization terminated successfully; inner=Optimization terminated successfully,1,-3.4075000852512716,3.407500085251276,,tiny12_linear_20260503_contcert1,tiny12
linear,triple,energy+physics+textsql,32.967808914186854,55.56543178558346,0,"[0.20000000000003346, 0.20000000000001422, 0.5999999999999523]","[0.2, 0.2, 0.6]",0.0,"{""energy"": -32.836368751525846, ""physics"": -55.56543178558346, ""textsql"": -0.41273790706538427}",physics,continuous_primal_dual_psd,6,32.967808914186854,32.96780891418406,2.7924329515371937e-12,"[0.9999999999996803, 3.1974423109194285e-13, 0.0]",primal=Optimization terminated successfully; dual=outer=Optimization terminated successfully; inner=Optimization terminated successfully,0,4.147562651393377,0.0,,tiny12_linear_20260503_contcert1,tiny12
linear,triple,flex+brainstorming+company,33.70653483764174,16.744962406158415,0,"[0.2, 0.5453041487660355, 0.25469585123396454]","[0.2, 0.6, 0.2]",0.0,"{""brainstorming"": -12.810948562622038, ""company"": -16.744962406158415, ""flex"": -9.477391910552946}",company,continuous_primal_dual_psd,6,33.70653483764174,33.70653483764174,0.0,"[1.0, 0.0, 0.0]",primal=Optimization terminated successfully; dual=outer=Optimization terminated successfully; inner=Optimization terminated successfully,0,107.07296483773686,0.0,,tiny12_linear_20260503_contcert1,tiny12
linear,triple,flex+brainstorming+creative,44.187461213790456,27.12734050750729,0,"[0.20000000000000115, 0.3477438229149963, 0.45225617708500254]","[0.2, 0.6, 0.2]",2.108144760131836,"{""brainstorming"": -27.12734050750729, ""creative"": -26.07877559661862, ""flex"": -17.876079750061002}",brainstorming,continuous_primal_dual_psd,6,44.187461213790456,44.1874612135681,2.2235724372876575e-10,"[0.6624854528534356, 0.33751454714656426, 0.0]",primal=Optimization terminated successfully; dual=outer=Optimization terminated successfully; inner=Optimization terminated successfully,1,-172.35271803778556,172.35271803778556,,tiny12_linear_20260503_contcert1,tiny12
linear,triple,flex+brainstorming+docker,81.84370308029386,45.10476894378659,0,"[0.2, 0.47598767063488434, 0.3240123293651156]","[0.2, 0.6, 0.2]",30.385482311248772,"{""brainstorming"": -37.03005619049069, ""docker"": -45.10476894378659, ""flex"": -33.46125192642209}",docker,continuous_primal_dual_psd,6,81.84370308029386,81.84370308029386,0.0,"[0.0, 0.0, 1.0]",primal=Optimization terminated successfully; dual=outer=Optimization terminated successfully; inner=Optimization terminated successfully,1,-165.94960520276817,165.9496052027682,,tiny12_linear_20260503_contcert1,tiny12
linear,triple,flex+brainstorming+gsm8k,47.61581726074256,30.7800800323486,0,"[0.2, 0.5999999999999919, 0.20000000000000817]","[0.2, 0.6, 0.2]",0.0,"{""brainstorming"": -30.7800800323486, ""flex"": -21.594646644592252, ""gsm8k"": 4.834410476684603}",brainstorming,continuous_primal_dual_psd,6,47.61581726074256,47.61581726070107,4.148859034103225e-11,"[0.9999999999976129, 2.374705432289689e-12, 1.2523715306874483e-14]",primal=Optimization terminated successfully; dual=outer=Optimization terminated successfully; inner=Optimization terminated successfully,0,126.88513981071806,0.0,,tiny12_linear_20260503_contcert1,tiny12
linear,triple,flex+brainstorming+textsql,26.701332823578277,20.679953765869108,0,"[0.2000000000002027, 0.4275216619592792, 0.3724783380405181]","[0.2, 0.6, 0.2]",3.423929214477539,"{""brainstorming"": -20.679953765869108, ""flex"": -10.060373020172086, ""textsql"": -0.803571523252778}",brainstorming,continuous_primal_dual_psd,6,26.701332823578277,26.701332823578277,0.0,"[1.0, 0.0, 0.0]",primal=Optimization terminated successfully; dual=outer=Optimization terminated successfully; inner=Optimization terminated successfully,0,12.89871930372459,0.0,,tiny12_linear_20260503_contcert1,tiny12
linear,triple,flex+company+docker,116.23570917796933,92.69086427688595,0,"[0.24399378422266269, 0.5560062157773003, 0.20000000000003704]","[0.2, 0.6, 0.2]",0.0,"{""company"": -57.40206546783444, ""docker"": -44.92618150711056, ""flex"": -92.69086427688595}",flex,continuous_primal_dual_psd,6,116.23570917796933,116.23570917795962,9.706013770482969e-12,"[0.9999999999996714, 0.0, 3.285149929864759e-13]",primal=Optimization terminated successfully; dual=outer=Optimization terminated successfully; inner=Optimization terminated successfully,1,-124.90223485306927,124.90223485306929,,tiny12_linear_20260503_contcert1,tiny12
linear,triple,flex+company+gsm8k,74.08410291980043,48.839381408691374,0,"[0.2, 0.3208936648842213, 0.4791063351157787]","[0.2, 0.4, 0.4]",0.0,"{""company"": -48.51290292739865, ""flex"": -48.839381408691374, ""gsm8k"": 14.163562583923373}",flex,continuous_primal_dual_psd,6,74.08410291980043,74.08410291980043,0.0,"[0.9999999999999998, 2.244300002864159e-16, 0.0]",primal=Optimization terminated successfully; dual=outer=Optimization terminated successfully; inner=Optimization terminated successfully,0,139.09213875190153,0.0,,tiny12_linear_20260503_contcert1,tiny12
linear,triple,flex+company+textsql,35.685313319410184,33.3577544212341,0,"[0.20000000000001422, 0.31647071406541766, 0.4835292859345681]","[0.2, 0.4, 0.4]",0.0,"{""company"": -27.54369087219235, ""flex"": -33.3577544212341, ""textsql"": -0.40785818559369713}",flex,continuous_primal_dual_psd,6,35.685313319410184,35.685313319409836,3.481659405224491e-13,"[1.0, 0.0, 0.0]",primal=Optimization terminated successfully; dual=outer=Optimization terminated successfully; inner=Optimization terminated successfully,0,11.555298184526919,0.0,,tiny12_linear_20260503_contcert1,tiny12
linear,triple,flex+creative+company,42.74093815098085,25.869622898101774,0,"[0.2, 0.4862014647575048, 0.31379853524249524]","[0.2, 0.4, 0.4]",0.0,"{""company"": -25.869622898101774, ""creative"": -22.425583076477018, ""flex"": -21.240463924407926}",company,continuous_primal_dual_psd,6,42.74093815098085,42.74093815098085,0.0,"[1.0, 0.0, 0.0]",primal=Optimization terminated successfully; dual=outer=Optimization terminated successfully; inner=Optimization terminated successfully,0,11.38657578505969,0.0,,tiny12_linear_20260503_contcert1,tiny12
linear,triple,flex+creative+docker,80.70804900029503,50.0452429771423,0,"[0.20000000000000004, 0.48177063238231094, 0.31822936761768905]","[0.2, 0.6, 0.2]",24.86202716827392,"{""creative"": -45.99219865798947, ""docker"": -50.0452429771423, ""flex"": -40.647712421417204}",docker,continuous_primal_dual_psd,6,80.70804900029503,80.70804900026565,2.9388047551037744e-11,"[0.15657840849212887, 6.112372718178267e-17, 0.8434215915078711]",primal=Optimization terminated successfully; dual=outer=Optimization terminated successfully; inner=Optimization terminated successfully,1,-223.27451294078642,223.27451294078648,,tiny12_linear_20260503_contcert1,tiny12
linear,triple,flex+creative+gsm8k,62.73429698943939,39.22211236953732,0,"[0.20000000000001628, 0.6000000000000149, 0.19999999999996887]","[0.2, 0.6, 0.2]",0.0,"{""creative"": -39.22211236953732, ""flex"": -32.27079219818112, ""gsm8k"": -5.629399490356413}",creative,continuous_primal_dual_psd,6,62.73429698943939,62.73429698943939,0.0,"[1.0, 0.0, 0.0]",primal=Optimization terminated successfully; dual=outer=Optimization terminated successfully; inner=Optimization terminated successfully,0,17.416850561166655,0.0,,tiny12_linear_20260503_contcert1,tiny12
linear,triple,flex+creative+textsql,28.051344933845243,17.056432437896696,0,"[0.20000000000000356, 0.3905236286006086, 0.40947637139938786]","[0.2, 0.6, 0.2]",2.9882073402404785,"{""creative"": -17.056432437896696, ""flex"": -12.463131618499723, ""textsql"": -0.7804767246238633}",creative,continuous_primal_dual_psd,6,28.051344933845243,28.051344933845243,0.0,"[1.0, 0.0, 0.0]",primal=Optimization terminated successfully; dual=outer=Optimization terminated successfully; inner=Optimization terminated successfully,0,1.778942081438641,0.0,,tiny12_linear_20260503_contcert1,tiny12
linear,triple,flex+docker+gsm8k,108.32965610810471,85.50440378189083,0,"[0.20000000000000046, 0.2679486953739707, 0.5320513046260289]","[0.4, 0.2, 0.4]",2.9932022094726562,"{""docker"": -77.36667699813839, ""flex"": -85.50440378189083, ""gsm8k"": -41.811350059509245}",flex,continuous_primal_dual_psd,6,108.32965610810471,108.32965610810466,5.684341886080802e-14,"[0.9999999999999958, 4.115170567811789e-15, 0.0]",primal=Optimization terminated successfully; dual=outer=Optimization terminated successfully; inner=Optimization terminated successfully,1,-90.0595611264431,90.05956112644311,,tiny12_linear_20260503_contcert1,tiny12
linear,triple,flex+docker+textsql,80.88381595611571,82.69847936630245,0,"[0.2, 0.2, 0.6]","[0.2, 0.2, 0.6]",0.0,"{""docker"": -25.342872810363737, ""flex"": -82.69847936630245, ""textsql"": -0.45726123676688596}",flex,continuous_primal_dual_psd,6,80.88381595611571,80.88381595611571,0.0,"[1.0, 0.0, 0.0]",primal=Optimization terminated successfully; dual=outer=Optimization terminated successfully; inner=Optimization terminated successfully,0,11.955013628175426,0.0,,tiny12_linear_20260503_contcert1,tiny12
linear,triple,flex+empathy+brainstorming,27.93203166904936,14.919093322753874,0,"[0.2000000000001527, 0.2550279256928357, 0.5449720743070116]","[0.2, 0.2, 0.6]",0.0,"{""brainstorming"": -14.919093322753874, ""empathy"": -0.8390174201278618, ""flex"": -6.341853809356657}",brainstorming,continuous_primal_dual_psd,6,27.93203166904936,27.9320316690492,1.5987211554602254e-13,"[0.9999999999995577, 0.0, 4.4220183070800426e-13]",primal=Optimization terminated successfully; dual=outer=Optimization terminated successfully; inner=Optimization terminated successfully,1,-78.69939286258506,78.69939286258506,,tiny12_linear_20260503_contcert1,tiny12
linear,triple,flex+empathy+company,40.14584321187132,17.66888208389279,0,"[0.2, 0.5963634932990914, 0.2036365067009085]","[0.2, 0.6, 0.2]",0.0,"{""company"": -17.66888208389279, ""empathy"": 0.4086081343522132, ""flex"": -12.08716936111447}",company,continuous_primal_dual_psd,6,40.14584321187132,40.14584321187132,0.0,"[1.0, 0.0, 0.0]",primal=Optimization terminated successfully; dual=outer=Optimization terminated successfully; inner=Optimization terminated successfully,0,1.939711631954502,0.0,,tiny12_linear_20260503_contcert1,tiny12
linear,triple,flex+empathy+creative,31.986723964274567,9.805920791625944,0,"[0.20058143905553946, 0.43877177770495535, 0.36064678323950516]","[0.2, 0.4, 0.4]",0.0,"{""creative"": -9.805920791625944, ""empathy"": -0.5376326479285121, ""flex"": -7.428792190551725}",creative,continuous_primal_dual_psd,6,31.986723964274567,31.986723964274244,3.232969447708456e-13,"[0.9999999999999845, 0.0, 1.5598633495983206e-14]",primal=Optimization terminated successfully; dual=outer=Optimization terminated successfully; inner=Optimization terminated successfully,1,-1.506247375691866,1.5062473756918662,,tiny12_linear_20260503_contcert1,tiny12
linear,triple,flex+empathy+docker,58.57580013273689,28.02647657394406,0,"[0.20000000000004722, 0.6000000000000577, 0.19999999999989504]","[0.2, 0.6, 0.2]",0.0,"{""docker"": -22.902372550964323, ""empathy"": -0.8830038850135209, ""flex"": -28.02647657394406}",flex,continuous_primal_dual_psd,6,58.57580013273689,58.57580013265765,7.923972589196637e-11,"[0.9999999999999902, 0.0, 9.761036608971887e-15]",primal=Optimization terminated successfully; dual=outer=Optimization terminated successfully; inner=Optimization terminated successfully,1,-187.20475341136623,187.20475341136623,,tiny12_linear_20260503_contcert1,tiny12
linear,triple,flex+empathy+gsm8k,41.94915930339715,15.805688571929899,0,"[0.21830556331931883, 0.5459137500432668, 0.23578068663741436]","[0.2, 0.6, 0.2]",0.0,"{""empathy"": -0.94789742572469, ""flex"": -15.805688571929899, ""gsm8k"": 8.396050262451205}",flex,continuous_primal_dual_psd,6,41.94915930339715,41.94915930339715,0.0,"[1.0, 0.0, 0.0]",primal=Optimization terminated successfully; dual=outer=Optimization terminated successfully; inner=Optimization terminated successfully,1,-2.699895052870957,2.6998950528709575,,tiny12_linear_20260503_contcert1,tiny12
linear,triple,flex+empathy+textsql,20.957124204134352,5.151382160186735,0,"[0.20000000000000798, 0.4010658796686376, 0.39893412033135445]","[0.2, 0.4, 0.4]",0.0,"{""empathy"": -0.5224277836471687, ""flex"": -5.151382160186735, ""textsql"": -0.2424996012518315}",flex,continuous_primal_dual_psd,6,20.957124204134352,20.957124204134352,0.0,"[1.0, 0.0, 0.0]",primal=Optimization terminated successfully; dual=outer=Optimization terminated successfully; inner=Optimization terminated successfully,0,1.7426937429465752,0.0,,tiny12_linear_20260503_contcert1,tiny12
linear,triple,flex+energy+brainstorming,37.30130500793457,26.982835006713835,0,"[0.2, 0.2, 0.6]","[0.2, 0.2, 0.6]",0.0,"{""brainstorming"": -24.627330970764127, ""energy"": -26.982835006713835, ""flex"": -17.017975521087614}",energy,continuous_primal_dual_psd,6,37.30130500793457,37.30130500793457,0.0,"[1.0, 0.0, 0.0]",primal=Optimization terminated successfully; dual=outer=Optimization terminated successfully; inner=Optimization terminated successfully,1,-34.71050498758242,34.71050498758242,,tiny12_linear_20260503_contcert1,tiny12
linear,triple,flex+energy+company,77.09785354618914,53.26892442703244,0,"[0.2, 0.5245318348192581, 0.2754681651807418]","[0.2, 0.6, 0.2]",0.0,"{""company"": -46.73589773178097, ""energy"": -37.72092170715329, ""flex"": -53.26892442703244}",flex,continuous_primal_dual_psd,6,77.09785354618914,77.0978535461858,3.339550858072471e-12,"[1.0, 0.0, 0.0]",primal=Optimization terminated successfully; dual=outer=Optimization terminated successfully; inner=Optimization terminated successfully,0,31.852251215906676,0.0,,tiny12_linear_20260503_contcert1,tiny12
linear,triple,flex+energy+creative,52.12771923931939,30.16536540985104,0,"[0.2, 0.2588370794784055, 0.5411629205215944]","[0.2, 0.2, 0.6]",0.0,"{""creative"": -25.8514911651611, ""energy"": -30.16536540985104, ""flex"": -22.910419178009}",energy,continuous_primal_dual_psd,6,52.12771923931939,52.12771923931939,0.0,"[1.0, 0.0, 0.0]",primal=Optimization terminated successfully; dual=outer=Optimization terminated successfully; inner=Optimization terminated successfully,1,-68.9748168185606,68.9748168185606,,tiny12_linear_20260503_contcert1,tiny12
linear,triple,flex+energy+docker,86.76207370758941,70.60574598312374,0,"[0.2, 0.5999999999999082, 0.20000000000009188]","[0.2, 0.6, 0.2]",0.0,"{""docker"": -46.354761791229215, ""energy"": -55.829861831665006, ""flex"": -70.60574598312374}",flex,continuous_primal_dual_psd,6,86.76207370758941,86.76207370756237,2.7043256523029413e-11,"[0.9999999999996254, 0.0, 3.746447596596187e-13]",primal=Optimization terminated successfully; dual=outer=Optimization terminated successfully; inner=Optimization terminated successfully,1,-10.684377046339817,10.684377046339815,,tiny12_linear_20260503_contcert1,tiny12
linear,triple,flex+energy+empathy,36.28952307325968,21.67983360290524,0,"[0.22798131414871436, 0.2657221190446062, 0.5062965668066794]","[0.2, 0.4, 0.4]",1.3888835906982422,"{""empathy"": -0.6304930610842464, ""energy"": -21.67983360290524, ""flex"": -14.844062995910612}",energy,continuous_primal_dual_psd,6,36.28952307325968,36.289523073258415,1.2647660696529783e-12,"[0.9999999999998912, 1.0874634526202324e-13, 0.0]",primal=Optimization terminated successfully; dual=outer=Optimization terminated successfully; inner=Optimization terminated successfully,1,-0.42681996929779986,0.42681996929779953,,tiny12_linear_20260503_contcert1,tiny12
linear,triple,flex+energy+gsm8k,76.90027332958184,53.26892442703244,0,"[0.20214643467541085, 0.5978535653245962, 0.19999999999999296]","[0.2, 0.6, 0.2]",0.0,"{""energy"": -52.152350616455045, ""flex"": -53.26892442703244, ""gsm8k"": -3.502360057830778}",flex,continuous_primal_dual_psd,6,76.90027332958184,76.90027332957797,3.865352482534945e-12,"[0.9999999999998679, 1.3200903194836877e-13, 0.0]",primal=Optimization terminated successfully; dual=outer=Optimization terminated successfully; inner=Optimization terminated successfully,0,55.670281133597115,0.0,,tiny12_linear_20260503_contcert1,tiny12
linear,triple,flex+energy+physics,67.6322349203659,61.198631000518766,0,"[0.20000000000000062, 0.5118019887394916, 0.2881980112605078]","[0.2, 0.6, 0.2]",0.0,"{""energy"": -49.46477718353268, ""flex"": -48.18829603195187, ""physics"": -61.198631000518766}",physics,continuous_primal_dual_psd,6,67.6322349203659,67.6322349203659,0.0,"[1.0, 0.0, 0.0]",primal=Optimization terminated successfully; dual=outer=Optimization terminated successfully; inner=Optimization terminated successfully,1,-23.237907393276597,23.237907393276597,,tiny12_linear_20260503_contcert1,tiny12
linear,triple,flex+energy+textsql,40.0076139999557,43.05044717788693,0,"[0.2, 0.30805533772896126, 0.4919446622710387]","[0.2, 0.6, 0.2]",0.1253366470336914,"{""energy"": -36.98282546997067, ""flex"": -43.05044717788693, ""textsql"": -1.2203574522012868}",flex,continuous_primal_dual_psd,6,40.0076139999557,40.00761399995448,1.2221335055073723e-12,"[0.9999999999998839, 1.162217074849674e-13, 0.0]",primal=Optimization terminated successfully; dual=outer=Optimization terminated successfully; inner=Optimization terminated successfully,1,-17.721256539484887,17.721256539484887,,tiny12_linear_20260503_contcert1,tiny12
linear,triple,flex+gsm8k+textsql,44.29474182128904,34.06604833602902,0,"[0.2, 0.2, 0.6]","[0.2, 0.2, 0.6]",0.0,"{""flex"": -34.06604833602902, ""gsm8k"": -1.0685116767882974, ""textsql"": 0.018928390913147224}",flex,continuous_primal_dual_psd,6,44.29474182128904,44.29474182128904,0.0,"[1.0, 0.0, 0.0]",primal=Optimization terminated successfully; dual=outer=Optimization terminated successfully; inner=Optimization terminated successfully,0,13.824132748832763,0.0,,tiny12_linear_20260503_contcert1,tiny12
linear,triple,flex+physics+brainstorming,33.18231861913536,39.81318778991696,0,"[0.2, 0.22034148877931994, 0.57965851122068]","[0.2, 0.2, 0.6]",0.0,"{""brainstorming"": -26.99573345184323, ""flex"": -14.865878295898405, ""physics"": -39.81318778991696}",physics,continuous_primal_dual_psd,6,33.18231861913536,33.18231861913536,0.0,"[1.0, 0.0, 0.0]",primal=Optimization terminated successfully; dual=outer=Optimization terminated successfully; inner=Optimization terminated successfully,0,58.806481516530305,0.0,,tiny12_linear_20260503_contcert1,tiny12
linear,triple,flex+physics+company,54.863879249832706,64.16619129180904,0,"[0.3053758027705739, 0.3814324455280259, 0.31319175170140023]","[0.2, 0.4, 0.4]",0.0,"{""company"": -33.42563219070431, ""flex"": -43.679753017425504, ""physics"": -64.16619129180904}",physics,continuous_primal_dual_psd,6,54.863879249832706,54.863879249832706,0.0,"[1.0, 0.0, 0.0]",primal=Optimization terminated successfully; dual=outer=Optimization terminated successfully; inner=Optimization terminated successfully,0,111.55987013396603,0.0,,tiny12_linear_20260503_contcert1,tiny12
linear,triple,flex+physics+creative,40.32908949219831,37.63927526473996,0,"[0.3086343833726568, 0.28419244712701086, 0.40717316950033233]","[0.2, 0.2, 0.6]",9.61010456085205,"{""creative"": -21.28923244476315, ""flex"": -16.181650829315153, ""physics"": -37.63927526473996}",physics,continuous_primal_dual_psd,6,40.32908949219831,40.32908949219831,0.0,"[1.0, 0.0, 0.0]",primal=Optimization terminated successfully; dual=outer=Optimization terminated successfully; inner=Optimization terminated successfully,0,20.40628872227934,0.0,,tiny12_linear_20260503_contcert1,tiny12
linear,triple,flex+physics+docker,108.15734740574587,91.70241661071773,0,"[0.2641552221013534, 0.4363139365164226, 0.29953084138222397]","[0.2, 0.6, 0.2]",7.564651966094971,"{""docker"": -66.23572416305538, ""flex"": -84.51825685501095, ""physics"": -91.70241661071773}",physics,continuous_primal_dual_psd,6,108.15734740574587,108.157347405665,8.08597633294994e-11,"[0.2937825591627494, 0.0, 0.7062174408372507]",primal=Optimization terminated successfully; dual=outer=Optimization terminated successfully; inner=Optimization terminated successfully,1,-163.1675013428718,163.1675013428718,,tiny12_linear_20260503_contcert1,tiny12
linear,triple,flex+physics+empathy,31.350087417952608,41.00365943908688,0,"[0.23935785193531975, 0.2693762091936549, 0.4912659388710253]","[0.2, 0.2, 0.6]",0.0,"{""empathy"": -0.6353796588945759, ""flex"": -10.16388244628903, ""physics"": -41.00365943908688}",physics,continuous_primal_dual_psd,6,31.350087417952608,31.350087417952608,0.0,"[1.0, 0.0, 0.0]",primal=Optimization terminated successfully; dual=outer=Optimization terminated successfully; inner=Optimization terminated successfully,0,5.0940535005491885,0.0,,tiny12_linear_20260503_contcert1,tiny12
linear,triple,flex+physics+gsm8k,89.0498451513297,94.58375282287594,0,"[0.43318038963310956, 0.3668196103668599, 0.2000000000000306]","[0.4, 0.4, 0.2]",0.0,"{""flex"": -67.03435487747188, ""gsm8k"": -27.05918855667111, ""physics"": -94.58375282287594}",physics,continuous_primal_dual_psd,6,89.0498451513297,89.04984515131945,1.0260237104375847e-11,"[1.0, 0.0, 0.0]",primal=Optimization terminated successfully; dual=outer=Optimization terminated successfully; inner=Optimization terminated successfully,0,113.07710524183327,0.0,,tiny12_linear_20260503_contcert1,tiny12
linear,triple,flex+physics+textsql,40.948912845179954,58.14479894638058,0,"[0.2902606533927076, 0.2080041882333126, 0.5017351583739798]","[0.2, 0.2, 0.6]",0.0,"{""flex"": -43.551722240447965, ""physics"": -58.14479894638058, ""textsql"": 0.0005946671615332181}",physics,continuous_primal_dual_psd,6,40.948912845179954,40.94891284516715,1.2803980098397005e-11,"[0.9999999999994413, 5.587076398656783e-13, 0.0]",primal=Optimization terminated successfully; dual=outer=Optimization terminated successfully; inner=Optimization terminated successfully,0,1.8736083538347836,0.0,,tiny12_linear_20260503_contcert1,tiny12
linear,triple,physics+brainstorming+company,10.44668128770131,27.822163772582975,0,"[0.23764517470798754, 0.47011096720604895, 0.29224385808596354]","[0.2, 0.6, 0.2]",4.451346397399902,"{""brainstorming"": -6.297829818725553, ""company"": -7.809677791595426, ""physics"": -27.822163772582975}",physics,continuous_primal_dual_psd,6,10.44668128770131,10.446681287701278,3.197442310920451e-14,"[9.436895709313742e-15, 0.9999999999999907, 0.0]",primal=Optimization terminated successfully; dual=outer=Optimization terminated successfully; inner=Optimization terminated successfully,0,156.81193318971552,0.0,,tiny12_linear_20260503_contcert1,tiny12
linear,triple,physics+brainstorming+creative,36.52744301808636,35.353198719024626,0,"[0.2816403811033716, 0.2, 0.5183596188966284]","[0.2, 0.6, 0.2]",7.229137420654297,"{""brainstorming"": -26.440838050842252, ""creative"": -21.402862739562956, ""physics"": -35.353198719024626}",physics,continuous_primal_dual_psd,6,36.52744301808636,36.52744301808636,0.0,"[0.0, 1.0, 0.0]",primal=Optimization terminated successfully; dual=outer=Optimization terminated successfully; inner=Optimization terminated successfully,1,-248.14020482210555,248.14020482210555,,tiny12_linear_20260503_contcert1,tiny12
linear,triple,physics+brainstorming+docker,98.2848821458483,45.549896430969206,0,"[0.20000000000001422, 0.20534221009984724, 0.5946577899001385]","[0.2, 0.6, 0.2]",52.77779102325439,"{""brainstorming"": -42.267492485046354, ""docker"": -37.72380657196042, ""physics"": -45.549896430969206}",physics,continuous_primal_dual_psd,6,98.2848821458483,98.28488214584131,6.991740519879386e-12,"[0.0, 0.20740933175503135, 0.7925906682449687]",primal=Optimization terminated successfully; dual=outer=Optimization terminated successfully; inner=Optimization terminated successfully,1,-546.0146722256867,546.0146722256868,,tiny12_linear_20260503_contcert1,tiny12
linear,triple,physics+brainstorming+gsm8k,18.517094946774236,36.440160942077604,0,"[0.20000000000005616, 0.5934522768566063, 0.20654772314333758]","[0.2, 0.6, 0.2]",0.0,"{""brainstorming"": -21.538093757629362, ""gsm8k"": 10.49050979614261, ""physics"": -36.440160942077604}",physics,continuous_primal_dual_psd,6,18.517094946774236,18.517094946774236,0.0,"[0.0, 1.0, 0.0]",primal=Optimization terminated successfully; dual=outer=Optimization terminated successfully; inner=Optimization terminated successfully,0,37.8784223672497,0.0,,tiny12_linear_20260503_contcert1,tiny12
linear,triple,physics+brainstorming+textsql,9.77893180847163,26.942244243621793,0,"[0.2, 0.2, 0.6]","[0.2, 0.6, 0.2]",13.379895687103271,"{""brainstorming"": -12.058714103698698, ""physics"": -26.942244243621793, ""textsql"": -1.023571427640138}",physics,continuous_primal_dual_psd,6,9.77893180847163,9.77893180847163,0.0,"[0.0, 1.0, 0.0]",primal=Optimization terminated successfully; dual=outer=Optimization terminated successfully; inner=Optimization terminated successfully,1,-2.100753177937564,2.1007531779375643,,tiny12_linear_20260503_contcert1,tiny12
linear,triple,physics+company+docker,79.02574339019291,71.19691677093502,0,"[0.20000000000006682, 0.4297109139337601, 0.37028908606617306]","[0.4, 0.4, 0.2]",12.568998336791992,"{""company"": -41.826489639282194, ""docker"": -30.342868041992155, ""physics"": -71.19691677093502}",physics,continuous_primal_dual_psd,6,79.02574339019291,79.02574339019291,0.0,"[0.0, 0.0, 1.0]",primal=Optimization terminated successfully; dual=outer=Optimization terminated successfully; inner=Optimization terminated successfully,1,-133.33570275508902,133.33570275508905,,tiny12_linear_20260503_contcert1,tiny12
linear,triple,physics+company+gsm8k,42.24459482072466,70.40325708389278,0,"[0.2, 0.44596272656552, 0.35403727343448]","[0.2, 0.4, 0.4]",0.0,"{""company"": -44.69456977844235, ""gsm8k"": 3.566083240509066, ""physics"": -70.40325708389278}",physics,continuous_primal_dual_psd,6,42.24459482072466,42.24459482072039,4.270361841918202e-12,"[0.9999999999992797, 7.203126983762828e-13, 0.0]",primal=Optimization terminated successfully; dual=outer=Optimization terminated successfully; inner=Optimization terminated successfully,0,142.43982387454304,0.0,,tiny12_linear_20260503_contcert1,tiny12
linear,triple,physics+company+textsql,4.194286537170367,41.40910215377804,0,"[0.2, 0.2, 0.6]","[0.2, 0.2, 0.6]",0.0,"{""company"": -15.043702793121305, ""physics"": -41.40910215377804, ""textsql"": 0.0634517206146489}",physics,continuous_primal_dual_psd,6,4.194286537170367,4.194286537170367,0.0,"[1.0, 0.0, 0.0]",primal=Optimization terminated successfully; dual=outer=Optimization terminated successfully; inner=Optimization terminated successfully,0,19.796793457486316,0.0,,tiny12_linear_20260503_contcert1,tiny12
linear,triple,physics+creative+company,13.50275754377219,41.40050716400143,0,"[0.2000000000000133, 0.5082002149542068, 0.29179978504577997]","[0.2, 0.6, 0.2]",0.0,"{""company"": -20.336034965515104, ""creative"": -18.187370967864958, ""physics"": -41.40050716400143}",physics,continuous_primal_dual_psd,6,13.50275754377219,13.502757543771635,5.559996907322784e-13,"[0.9999999999999869, 0.0, 1.3131856713144258e-14]",primal=Optimization terminated successfully; dual=outer=Optimization terminated successfully; inner=Optimization terminated successfully,0,108.69143672025206,0.0,,tiny12_linear_20260503_contcert1,tiny12
linear,triple,physics+creative+docker,57.71199394490669,56.65239400863644,0,"[0.2, 0.6, 0.19999999999999996]","[0.2, 0.6, 0.2]",0.0,"{""creative"": -39.1812235832214, ""docker"": -53.79524536132809, ""physics"": -56.65239400863644}",physics,continuous_primal_dual_psd,6,57.71199394490669,57.71199394490658,1.0658141036401503e-13,"[0.0, 0.0, 1.0]",primal=Optimization terminated successfully; dual=outer=Optimization terminated successfully; inner=Optimization terminated successfully,1,-18.160908005588613,18.160908005588613,,tiny12_linear_20260503_contcert1,tiny12
linear,triple,physics+creative+gsm8k,21.649006080628773,50.01850433349606,0,"[0.2, 0.5999999999999782, 0.20000000000002172]","[0.2, 0.6, 0.2]",0.0,"{""creative"": -31.666234207153288, ""gsm8k"": 3.7031858444214194, ""physics"": -50.01850433349606}",physics,continuous_primal_dual_psd,6,21.649006080628773,21.64900608062288,5.893951993130031e-12,"[0.999999999999986, 1.3933298959045519e-14, 0.0]",primal=Optimization terminated successfully; dual=outer=Optimization terminated successfully; inner=Optimization terminated successfully,0,23.745541583442147,0.0,,tiny12_linear_20260503_contcert1,tiny12
linear,triple,physics+creative+textsql,8.91829905949211,31.69553585052487,0,"[0.2000000000000073, 0.568560755967993, 0.23143924403199967]","[0.2, 0.6, 0.2]",0.0,"{""creative"": -11.622300815582243, ""physics"": -31.69553585052487, ""textsql"": -1.1627377984146567}",physics,continuous_primal_dual_psd,6,8.91829905949211,8.918299059481496,1.0613732115416497e-11,"[0.20142198772759307, 0.798578012272397, 1.0060922669247966e-14]",primal=Optimization terminated successfully; dual=outer=Optimization terminated successfully; inner=Optimization terminated successfully,0,10.511440230628933,0.0,,tiny12_linear_20260503_contcert1,tiny12
linear,triple,physics+docker+gsm8k,115.7560116034722,103.09822864532467,0,"[0.2, 0.6000000000000006, 0.1999999999999993]","[0.2, 0.4, 0.4]",9.489297866821289,"{""docker"": -73.6166746139526, ""gsm8k"": -40.78122682571408, ""physics"": -103.09822864532467}",physics,continuous_primal_dual_psd,6,115.7560116034722,115.75601160346979,2.4158453015843406e-12,"[5.1014747981523337e-14, 0.9999999999999489, 0.0]",primal=Optimization terminated successfully; dual=outer=Optimization terminated successfully; inner=Optimization terminated successfully,1,-222.90969926560962,222.90969926560962,,tiny12_linear_20260503_contcert1,tiny12
linear,triple,physics+docker+textsql,35.25066680908203,63.28629560470578,0,"[0.2, 0.2, 0.6]","[0.2, 0.2, 0.6]",0.0,"{""docker"": -19.211915206909147, ""physics"": -63.28629560470578, ""textsql"": -0.5764284854392827}",physics,continuous_primal_dual_psd,6,35.25066680908203,35.25066680908203,0.0,"[0.0, 1.0, 0.0]",primal=Optimization terminated successfully; dual=outer=Optimization terminated successfully; inner=Optimization terminated successfully,0,5.904438080805346,0.0,,tiny12_linear_20260503_contcert1,tiny12
linear,triple,physics+empathy+brainstorming,19.957000725297778,29.116156768798795,0,"[0.20000000000007695, 0.4130436609444482, 0.3869563390554749]","[0.2, 0.4, 0.4]",0.0,"{""brainstorming"": -23.809269142150846, ""empathy"": -0.4420583929841305, ""physics"": -29.116156768798795}",physics,continuous_primal_dual_psd,6,19.957000725297778,19.957000725297778,0.0,"[0.0, 0.0, 1.0]",primal=Optimization terminated successfully; dual=outer=Optimization terminated successfully; inner=Optimization terminated successfully,0,2.7362303433744577,0.0,,tiny12_linear_20260503_contcert1,tiny12
linear,triple,physics+empathy+company,13.43446040863536,41.5816576004028,0,"[0.3259584196798857, 0.4740415803200958, 0.2000000000000185]","[0.2, 0.6, 0.2]",0.10350942611694336,"{""company"": -7.968631458282438, ""empathy"": 0.06350832572477333, ""physics"": -41.5816576004028}",physics,continuous_primal_dual_psd,6,13.43446040863536,13.43446040863536,0.0,"[1.0, 0.0, 0.0]",primal=Optimization terminated successfully; dual=outer=Optimization terminated successfully; inner=Optimization terminated successfully,0,3.1624658114977597,0.0,,tiny12_linear_20260503_contcert1,tiny12
linear,triple,physics+empathy+creative,9.344903491274394,28.227606487274137,0,"[0.2022092040901985, 0.47811420818778827, 0.31967658772201324]","[0.2, 0.4, 0.4]",0.0,"{""creative"": -7.570472431182829, ""empathy"": -0.6869678917403417, ""physics"": -28.227606487274137}",physics,continuous_primal_dual_psd,6,9.344903491274394,9.344903491270278,4.11581879689038e-12,"[0.610760268684113, 0.0, 0.38923973131588696]",primal=Optimization terminated successfully; dual=outer=Optimization terminated successfully; inner=Optimization terminated successfully,1,-49.46360468375545,49.463604683755456,,tiny12_linear_20260503_contcert1,tiny12
linear,triple,physics+empathy+docker,39.66241188050705,43.074050617217985,0,"[0.2000000000002875, 0.5999999999997283, 0.1999999999999842]","[0.2, 0.6, 0.2]",0.0,"{""docker"": -24.15238924026486, ""empathy"": -0.9343215749758044, ""physics"": -43.074050617217985}",physics,continuous_primal_dual_psd,6,39.66241188050705,39.66241188050603,1.0231815394945443e-12,"[0.0, 0.0, 1.0]",primal=Optimization terminated successfully; dual=outer=Optimization terminated successfully; inner=Optimization terminated successfully,0,5.153473641481716,0.0,,tiny12_linear_20260503_contcert1,tiny12
linear,triple,physics+empathy+gsm8k,38.536257719401995,41.6851789474487,0,"[0.2, 0.599999999999992, 0.20000000000000795]","[0.2, 0.6, 0.2]",0.0,"{""empathy"": -0.643524726556864, ""gsm8k"": 13.769349384307894, ""physics"": -41.6851789474487}",physics,continuous_primal_dual_psd,6,38.536257719401995,38.536257719401995,0.0,"[1.0, 0.0, 0.0]",primal=Optimization terminated successfully; dual=outer=Optimization terminated successfully; inner=Optimization terminated successfully,1,-211.88517030124234,211.8851703012423,,tiny12_linear_20260503_contcert1,tiny12
linear,triple,physics+empathy+textsql,12.364384323221532,32.88600749969479,0,"[0.2, 0.2, 0.6]","[0.2, 0.4, 0.4]",8.523094654083252,"{""empathy"": -0.23108896388717695, ""physics"": -32.88600749969479, ""textsql"": -0.3851193267479416}",physics,continuous_primal_dual_psd,6,12.364384323221532,12.364384323221532,0.0,"[1.0, 0.0, 0.0]",primal=Optimization terminated successfully; dual=outer=Optimization terminated successfully; inner=Optimization terminated successfully,1,-106.39278666020776,106.39278666020776,,tiny12_linear_20260503_contcert1,tiny12
linear,triple,physics+gsm8k+textsql,21.765711975103034,54.28006954193112,0,"[0.20000000000004264, 0.2000000000000055, 0.5999999999999519]","[0.2, 0.2, 0.6]",0.0,"{""gsm8k"": 4.484769630432162, ""physics"": -54.28006954193112, ""textsql"": -0.36821414276097275}",physics,continuous_primal_dual_psd,6,21.765711975103034,21.765711975103034,0.0,"[1.0, 0.0, 0.0]",primal=Optimization terminated successfully; dual=outer=Optimization terminated successfully; inner=Optimization terminated successfully,1,-1.7249350318068082,1.7249350318067853,,tiny12_linear_20260503_contcert1,tiny12
magnitude_prune,pair,brainstorming+company,13.215766924257295,6.673327159881559,0,"[0.6298385804093389, 0.37016141959066107]","[0.6, 0.4]",0.0,"{""brainstorming"": -1.918533515930143, ""company"": -6.673327159881559}",company,continuous_primal_dual_psd,4,13.215766924257295,13.215766924257295,0.0,"[1.0, 0.0]",primal=Optimization terminated successfully; dual=outer=Optimization terminated successfully; inner=Optimization terminated successfully,0,397.5312411785125,0.0,,tiny12_magnitude_prune_20260503_contcert1,tiny12
magnitude_prune,pair,brainstorming+creative,29.85786981582641,22.237375450134245,0,"[0.2, 0.8]","[0.6, 0.4]",1.0227441787719727,"{""brainstorming"": -19.266894531249967, ""creative"": -22.237375450134245}",creative,continuous_primal_dual_psd,4,29.85786981582641,29.85786981582641,0.0,"[1.0, 0.0]",primal=Optimization terminated successfully; dual=outer=Optimization terminated successfully; inner=Optimization terminated successfully,1,-50.164759159088106,50.164759159088106,,tiny12_magnitude_prune_20260503_contcert1,tiny12
magnitude_prune,pair,brainstorming+docker,36.61053724288941,34.33268375396725,0,"[0.8, 0.19999999999999996]","[0.6, 0.4]",7.081615924835205,"{""brainstorming"": -34.33268375396725, ""docker"": -29.033342075347868}",brainstorming,continuous_primal_dual_psd,4,36.61053724288941,36.61053724288941,0.0,"[0.0, 1.0]",primal=Optimization terminated successfully; dual=outer=Optimization terminated successfully; inner=Optimization terminated successfully,0,9.7012519836426,0.0,,tiny12_magnitude_prune_20260503_contcert1,tiny12
magnitude_prune,pair,brainstorming+gsm8k,22.442589323237513,19.429948997497526,0,"[0.7398313098208824, 0.2601686901791176]","[0.8, 0.2]",0.0,"{""brainstorming"": -19.429948997497526, ""gsm8k"": 3.8728683471680014}",brainstorming,continuous_primal_dual_psd,4,22.442589323237513,22.442589323237513,0.0,"[1.0, 0.0]",primal=Optimization terminated successfully; dual=outer=Optimization terminated successfully; inner=Optimization terminated successfully,0,85.24775505065918,0.0,,tiny12_magnitude_prune_20260503_contcert1,tiny12
magnitude_prune,pair,brainstorming+textsql,9.843785106310335,13.211444091796842,0,"[0.4037979573333391, 0.5962020426666609]","[0.8, 0.2]",7.934784889221191,"{""brainstorming"": -13.211444091796842, ""textsql"": -0.9772618799791926}",brainstorming,continuous_primal_dual_psd,4,9.843785106310335,9.843785106310335,0.0,"[1.0, 0.0]",primal=Optimization terminated successfully; dual=outer=Optimization terminated successfully; inner=Optimization terminated successfully,0,10.558725146572955,0.0,,tiny12_magnitude_prune_20260503_contcert1,tiny12
magnitude_prune,pair,colorist+brainstorming,29.127596092224103,16.006043624877897,0,"[0.2, 0.8]","[0.2, 0.8]",0.0,"{""brainstorming"": -16.006043624877897, ""colorist"": -13.70169229507443}",brainstorming,continuous_primal_dual_psd,4,29.127596092224103,29.127596092224103,0.0,"[0.0, 1.0]",primal=Optimization terminated successfully; dual=outer=Optimization terminated successfully; inner=Optimization terminated successfully,0,95.68423032760617,0.0,,tiny12_magnitude_prune_20260503_contcert1,tiny12
magnitude_prune,pair,colorist+company,23.366637173682648,16.979649734497038,0,"[0.522180905631427, 0.47781909436857295]","[0.6, 0.4]",0.0,"{""colorist"": -9.665492248535124, ""company"": -16.979649734497038}",company,continuous_primal_dual_psd,4,23.366637173682648,23.366637173682648,0.0,"[0.0, 1.0]",primal=Optimization terminated successfully; dual=outer=Optimization terminated successfully; inner=Optimization terminated successfully,0,287.6287698745726,0.0,,tiny12_magnitude_prune_20260503_contcert1,tiny12
magnitude_prune,pair,colorist+creative,18.716210074758397,17.82146997451779,0,"[0.36143463148441884, 0.6385653685155812]","[0.4, 0.6]",0.0,"{""colorist"": -17.82146997451779, ""creative"": -13.744130802154508}",colorist,continuous_primal_dual_psd,4,18.716210074758397,18.716210074758397,0.0,"[1.0, 0.0]",primal=Optimization terminated successfully; dual=outer=Optimization terminated successfully; inner=Optimization terminated successfully,0,142.24857091903678,0.0,,tiny12_magnitude_prune_20260503_contcert1,tiny12
magnitude_prune,pair,colorist+docker,62.32950606393736,35.98047800064084,0,"[0.40041798825220537, 0.5995820117477946]","[0.6, 0.4]",17.721951007843018,"{""colorist"": -35.98047800064084, ""docker"": -35.10477848052975}",colorist,continuous_primal_dual_psd,4,62.32950606393736,62.32950606393736,0.0,"[0.0, 1.0]",primal=Optimization terminated successfully; dual=outer=Optimization terminated successfully; inner=Optimization terminated successfully,0,112.43909597396801,0.0,,tiny12_magnitude_prune_20260503_contcert1,tiny12
magnitude_prune,pair,colorist+empathy,5.416136953063756,0.5365759849548013,0,"[0.45301928881011994, 0.5469807111898801]","[0.4, 0.6]",0.0,"{""colorist"": -0.5365759849548013, ""empathy"": -0.004371813593741985}",colorist,continuous_primal_dual_psd,4,5.416136953063756,5.416136953063756,0.0,"[1.0, 0.0]",primal=Optimization terminated successfully; dual=outer=Optimization terminated successfully; inner=Optimization terminated successfully,0,4.6330253982872955,0.0,,tiny12_magnitude_prune_20260503_contcert1,tiny12
magnitude_prune,pair,colorist+energy,28.22703369576346,34.670403671264616,0,"[0.516318582718072, 0.48368141728192804]","[0.4, 0.6]",0.19047260284423828,"{""colorist"": -13.93733329772946, ""energy"": -34.670403671264616}",energy,continuous_primal_dual_psd,4,28.22703369576346,28.22703369576346,0.0,"[0.0, 1.0]",primal=Optimization terminated successfully; dual=outer=Optimization terminated successfully; inner=Optimization terminated successfully,0,116.44348502159114,0.0,,tiny12_magnitude_prune_20260503_contcert1,tiny12
magnitude_prune,pair,colorist+flex,61.95490273514298,32.981816005706754,0,"[0.5515598403759685, 0.4484401596240315]","[0.6, 0.4]",0.0,"{""colorist"": -15.499320697784391, ""flex"": -32.981816005706754}",flex,continuous_primal_dual_psd,4,61.95490273514298,61.95490273514298,0.0,"[0.0, 1.0]",primal=Optimization terminated successfully; dual=outer=Optimization terminated successfully; inner=Optimization terminated successfully,0,305.134356021881,0.0,,tiny12_magnitude_prune_20260503_contcert1,tiny12
magnitude_prune,pair,colorist+gsm8k,26.97495183344575,23.890939426422086,0,"[0.5753012401637845, 0.4246987598362155]","[0.6, 0.4]",0.0,"{""colorist"": -23.890939426422086, ""gsm8k"": -14.631179046630827}",colorist,continuous_primal_dual_psd,4,26.97495183344575,26.97495183344575,0.0,"[1.0, 0.0]",primal=Optimization terminated successfully; dual=outer=Optimization terminated successfully; inner=Optimization terminated successfully,0,223.58655929565427,0.0,,tiny12_magnitude_prune_20260503_contcert1,tiny12
magnitude_prune,pair,colorist+physics,59.59248008594982,67.9273993492126,0,"[0.29111261212954676, 0.7088873878704532]","[0.8, 0.2]",12.396490573883057,"{""colorist"": -32.83363885879513, ""physics"": -67.9273993492126}",physics,continuous_primal_dual_psd,4,59.59248008594982,59.59248008594982,0.0,"[0.0, 1.0]",primal=Optimization terminated successfully; dual=outer=Optimization terminated successfully; inner=Optimization terminated successfully,0,70.63046097755401,0.0,,tiny12_magnitude_prune_20260503_contcert1,tiny12
magnitude_prune,pair,colorist+textsql,0.12878775139032966,4.310491752624479,0,"[0.2, 0.8]","[0.4, 0.6]",8.041977882385254,"{""colorist"": -4.310491752624479, ""textsql"": -0.21452421194540996}",colorist,continuous_primal_dual_psd,4,0.12878775139032966,0.12878775139032966,0.0,"[0.0, 1.0]",primal=Optimization terminated successfully; dual=outer=Optimization terminated successfully; inner=Optimization terminated successfully,0,13.731052903355518,0.0,,tiny12_magnitude_prune_20260503_contcert1,tiny12
magnitude_prune,pair,company+docker,60.7235027916431,40.606919002532926,0,"[0.5558074626845515, 0.4441925373154485]","[0.6, 0.4]",0.0,"{""company"": -40.606919002532926, ""docker"": -17.78334684371945}",company,continuous_primal_dual_psd,4,60.7235027916431,60.7235027916431,0.0,"[0.0, 1.0]",primal=Optimization terminated successfully; dual=outer=Optimization terminated successfully; inner=Optimization terminated successfully,0,220.68947553634607,0.0,,tiny12_magnitude_prune_20260503_contcert1,tiny12
magnitude_prune,pair,company+gsm8k,30.280367592302866,34.47965688705441,0,"[0.43935118862487504, 0.5606488113751249]","[0.4, 0.6]",0.0,"{""company"": -34.47965688705441, ""gsm8k"": 22.3066537857056}",company,continuous_primal_dual_psd,4,30.280367592302866,30.280367592302866,0.0,"[1.0, 0.0]",primal=Optimization terminated successfully; dual=outer=Optimization terminated successfully; inner=Optimization terminated successfully,0,440.9278929233549,0.0,,tiny12_magnitude_prune_20260503_contcert1,tiny12
magnitude_prune,pair,company+textsql,8.44959942352741,18.559017848968473,0,"[0.4202786523915435, 0.5797213476084565]","[0.4, 0.6]",0.0,"{""company"": -18.559017848968473, ""textsql"": -0.14821380377070306}",company,continuous_primal_dual_psd,4,8.44959942352741,8.44959942352741,0.0,"[1.0, 0.0]",primal=Optimization terminated successfully; dual=outer=Optimization terminated successfully; inner=Optimization terminated successfully,0,18.93940813314262,0.0,,tiny12_magnitude_prune_20260503_contcert1,tiny12
magnitude_prune,pair,conversation+brainstorming,15.486180257797221,11.798384857177702,0,"[0.46000000152617415, 0.5399999984738258]","[0.2, 0.8]",3.423929214477539,"{""brainstorming"": -11.798384857177702, ""conversation"": -2.33689851760861}",brainstorming,continuous_primal_dual_psd,4,15.486180257797221,15.486180257797221,0.0,"[0.0, 1.0]",primal=Optimization terminated successfully; dual=outer=Optimization terminated successfully; inner=Optimization terminated successfully,0,22.871196269989007,0.0,,tiny12_magnitude_prune_20260503_contcert1,tiny12
magnitude_prune,pair,conversation+colorist,24.08242361647565,11.227503490447965,0,"[0.608452769552458, 0.391547230447542]","[0.6, 0.4]",0.0,"{""colorist"": -11.227503490447965, ""conversation"": -8.586886596679655}",colorist,continuous_primal_dual_psd,4,24.08242361647565,24.08242361647565,0.0,"[0.0, 1.0]",primal=Optimization terminated successfully; dual=outer=Optimization terminated successfully; inner=Optimization terminated successfully,0,100.52114725112914,0.0,,tiny12_magnitude_prune_20260503_contcert1,tiny12
magnitude_prune,pair,conversation+company,22.287165025981047,8.692434501647917,0,"[0.5817304196733706, 0.4182695803266294]","[0.6, 0.4]",0.0,"{""company"": -8.692434501647917, ""conversation"": 22.51429252624515}",company,continuous_primal_dual_psd,4,22.287165025981047,22.287165025980762,2.8421709430404007e-13,"[0.0, 1.0]",primal=Optimization terminated successfully; dual=outer=Optimization terminated successfully; inner=Optimization terminated successfully,0,288.51926326751703,0.0,,tiny12_magnitude_prune_20260503_contcert1,tiny12
magnitude_prune,pair,conversation+creative,-0.005530332813966865,11.14732332229611,0,"[0.43513507321711603, 0.564864926782884]","[0.2, 0.8]",2.0622849464416504,"{""conversation"": 5.698820877075228, ""creative"": -11.14732332229611}",creative,continuous_primal_dual_psd,4,-0.005530332813966865,-0.005530332813966865,0.0,"[0.0, 1.0]",primal=Optimization terminated successfully; dual=outer=Optimization terminated successfully; inner=Optimization terminated successfully,0,114.05840516090396,0.0,,tiny12_magnitude_prune_20260503_contcert1,tiny12
magnitude_prune,pair,conversation+docker,47.8048018932315,23.31904478073117,0,"[0.6200002313777068, 0.37999976862229323]","[0.4, 0.6]",5.654776096343994,"{""conversation"": -23.31904478073117, ""docker"": -16.592863273620573}",conversation,continuous_primal_dual_psd,4,47.8048018932315,47.8048018932315,0.0,"[0.0, 1.0]",primal=Optimization terminated successfully; dual=outer=Optimization terminated successfully; inner=Optimization terminated successfully,0,103.04331779479978,0.0,,tiny12_magnitude_prune_20260503_contcert1,tiny12
magnitude_prune,pair,conversation+empathy,-0.6081891395045483,-0.8468375706577398,1,"[0.6683053182098692, 0.33169468179013084]","[0.6, 0.4]",0.0,"{""conversation"": 18.198808956146273, ""empathy"": 0.8468375706577398}",empathy,continuous_primal_dual_psd,4,-0.6081891395045483,-0.6081891395045483,0.0,"[0.0, 1.0]",primal=Optimization terminated successfully; dual=outer=Optimization terminated successfully; inner=Optimization terminated successfully,0,3.437582455728485,0.0,,tiny12_magnitude_prune_20260503_contcert1,tiny12
magnitude_prune,pair,conversation+energy,29.79264526833623,28.119209480285612,0,"[0.4798949525680848, 0.5201050474319152]","[0.4, 0.6]",0.0,"{""conversation"": -27.03928060531613, ""energy"": -28.119209480285612}",energy,continuous_primal_dual_psd,4,29.79264526833623,29.79264526833623,0.0,"[0.0, 1.0]",primal=Optimization terminated successfully; dual=outer=Optimization terminated successfully; inner=Optimization terminated successfully,0,51.22855305671695,0.0,,tiny12_magnitude_prune_20260503_contcert1,tiny12
magnitude_prune,pair,conversation+flex,38.6340917035849,17.225053977966276,0,"[0.6418637496435541, 0.3581362503564459]","[0.6, 0.4]",0.0,"{""conversation"": -6.205943298339811, ""flex"": -17.225053977966276}",flex,continuous_primal_dual_psd,4,38.6340917035849,38.634091703584346,5.542233338928781e-13,"[0.0, 1.0]",primal=Optimization terminated successfully; dual=outer=Optimization terminated successfully; inner=Optimization terminated successfully,0,320.3947842121121,0.0,,tiny12_magnitude_prune_20260503_contcert1,tiny12
magnitude_prune,pair,conversation+gsm8k,32.02325768470767,6.057146263122526,0,"[0.8, 0.19999999999999996]","[0.8, 0.2]",0.0,"{""conversation"": -6.057146263122526, ""gsm8k"": -1.102784347534147}",conversation,continuous_primal_dual_psd,4,32.02325768470767,32.02325768470767,0.0,"[1.0, 0.0]",primal=Optimization terminated successfully; dual=outer=Optimization terminated successfully; inner=Optimization terminated successfully,1,-65.34129381179828,65.34129381179828,,tiny12_magnitude_prune_20260503_contcert1,tiny12
magnitude_prune,pair,conversation+physics,37.61288020341761,53.771117401123014,0,"[0.7843771607448558, 0.21562283925514425]","[0.8, 0.2]",0.0,"{""conversation"": -19.747605991363493, ""physics"": -53.771117401123014}",physics,continuous_primal_dual_psd,4,37.61288020341761,37.61288020341751,9.947598300641403e-14,"[0.05363971119482924, 0.9463602888051708]",primal=Optimization terminated successfully; dual=outer=Optimization terminated successfully; inner=Optimization terminated successfully,1,-30.72500228881818,30.72500228881818,,tiny12_magnitude_prune_20260503_contcert1,tiny12
magnitude_prune,pair,conversation+textsql,1.3649207690087835,0.8813098149417362,0,"[0.6634968157218633, 0.33650318427813675]","[0.6, 0.4]",0.0,"{""conversation"": 4.954752254486117, ""textsql"": -0.8813098149417362}",textsql,continuous_primal_dual_psd,4,1.3649207690087835,1.3649207690051073,3.676170479138818e-12,"[0.17601557202738102, 0.823984427972619]",primal=Optimization terminated successfully; dual=outer=Optimization terminated successfully; inner=Optimization terminated successfully,0,12.642083232419232,0.0,,tiny12_magnitude_prune_20260503_contcert1,tiny12
magnitude_prune,pair,creative+company,11.75540797134311,14.459613037109342,0,"[0.5846856977462342, 0.41531430225376575]","[0.6, 0.4]",0.0,"{""company"": -12.506666851043668, ""creative"": -14.459613037109342}",creative,continuous_primal_dual_psd,4,11.75540797134311,11.75540797134311,0.0,"[0.0, 1.0]",primal=Optimization terminated successfully; dual=outer=Optimization terminated successfully; inner=Optimization terminated successfully,0,301.67698860168446,0.0,,tiny12_magnitude_prune_20260503_contcert1,tiny12
magnitude_prune,pair,creative+docker,39.430802536010724,38.44168491363522,0,"[0.7999999999999992, 0.20000000000000084]","[0.6, 0.4]",10.353553295135498,"{""creative"": -38.44168491363522, ""docker"": -32.78334445953366}",creative,continuous_primal_dual_psd,4,39.430802536010724,39.430802536010724,0.0,"[0.0, 1.0]",primal=Optimization terminated successfully; dual=outer=Optimization terminated successfully; inner=Optimization terminated successfully,0,113.45982551574707,0.0,,tiny12_magnitude_prune_20260503_contcert1,tiny12
magnitude_prune,pair,creative+gsm8k,20.259366703033404,35.097530555725065,0,"[0.8, 0.19999999999999996]","[0.8, 0.2]",0.0,"{""creative"": -35.097530555725065, ""gsm8k"": -5.922475528717008}",creative,continuous_primal_dual_psd,4,20.259366703033404,20.259366703033404,0.0,"[1.0, 0.0]",primal=Optimization terminated successfully; dual=outer=Optimization terminated successfully; inner=Optimization terminated successfully,0,59.89491939544663,0.0,,tiny12_magnitude_prune_20260503_contcert1,tiny12
magnitude_prune,pair,creative+textsql,5.71259803771968,13.744130802154508,0,"[0.8, 0.19999999999999996]","[0.8, 0.2]",0.0,"{""creative"": -13.744130802154508, ""textsql"": -0.9955956037308065}",creative,continuous_primal_dual_psd,4,5.71259803771968,5.71259803771968,0.0,"[1.0, 0.0]",primal=Optimization terminated successfully; dual=outer=Optimization terminated successfully; inner=Optimization terminated successfully,0,11.695036854587743,0.0,,tiny12_magnitude_prune_20260503_contcert1,tiny12
magnitude_prune,pair,docker+gsm8k,47.26003088546077,13.129714202880827,0,"[0.5559915447688553, 0.44400845523114474]","[0.6, 0.4]",0.0,"{""docker"": -4.330959987640348, ""gsm8k"": -13.129714202880827}",gsm8k,continuous_primal_dual_psd,4,47.26003088546077,47.26003088546077,0.0,"[1.0, 0.0]",primal=Optimization terminated successfully; dual=outer=Optimization terminated successfully; inner=Optimization terminated successfully,0,340.0994837284088,0.0,,tiny12_magnitude_prune_20260503_contcert1,tiny12
magnitude_prune,pair,docker+textsql,36.52191109657288,11.592868041992155,0,"[0.2, 0.8]","[0.8, 0.2]",10.059511661529541,"{""docker"": -11.592868041992155, ""textsql"": -2.2342860408587595}",docker,continuous_primal_dual_psd,4,36.52191109657288,36.52191109657288,0.0,"[1.0, 0.0]",primal=Optimization terminated successfully; dual=outer=Optimization terminated successfully; inner=Optimization terminated successfully,0,21.306886986880404,0.0,,tiny12_magnitude_prune_20260503_contcert1,tiny12
magnitude_prune,pair,empathy+brainstorming,14.921846175223854,9.624484252929655,0,"[0.42474586794042407, 0.5752541320595759]","[0.4, 0.6]",0.0,"{""brainstorming"": -9.624484252929655, ""empathy"": -0.19470648089684123}",brainstorming,continuous_primal_dual_psd,4,14.921846175223854,14.921846175223854,0.0,"[0.0, 1.0]",primal=Optimization terminated successfully; dual=outer=Optimization terminated successfully; inner=Optimization terminated successfully,0,0.749149483269074,0.0,,tiny12_magnitude_prune_20260503_contcert1,tiny12
magnitude_prune,pair,empathy+company,7.929660630189332,8.847239685058561,0,"[0.6516336838286725, 0.3483663161713275]","[0.6, 0.4]",0.0,"{""company"": -8.847239685058561, ""empathy"": 0.8544402241919331}",company,continuous_primal_dual_psd,4,7.929660630189332,7.929660630189332,0.0,"[0.0, 1.0]",primal=Optimization terminated successfully; dual=outer=Optimization terminated successfully; inner=Optimization terminated successfully,0,7.534890164371366,0.0,,tiny12_magnitude_prune_20260503_contcert1,tiny12
magnitude_prune,pair,empathy+creative,-0.20648226938979697,6.169560623168913,0,"[0.506681267632123, 0.49331873236787704]","[0.4, 0.6]",1.1363506317138672,"{""creative"": -6.169560623168913, ""empathy"": 0.30515846905493926}",creative,continuous_primal_dual_psd,4,-0.20648226938979697,-0.20648226939156097,1.7640056082512956e-12,"[0.9989624497857114, 0.0010375502142886267]",primal=Optimization terminated successfully; dual=outer=Optimization terminated successfully; inner=Optimization terminated successfully,0,2.9496619168822846,0.0,,tiny12_magnitude_prune_20260503_contcert1,tiny12
magnitude_prune,pair,empathy+docker,23.262515735626167,8.021429252624479,0,"[0.8, 0.19999999999999996]","[0.4, 0.6]",16.190481185913086,"{""docker"": -8.021429252624479, ""empathy"": -1.8292451100812894}",docker,continuous_primal_dual_psd,4,23.262515735626167,23.262515735626167,0.0,"[0.0, 1.0]",primal=Optimization terminated successfully; dual=outer=Optimization terminated successfully; inner=Optimization terminated successfully,0,12.732907648580827,0.0,,tiny12_magnitude_prune_20260503_contcert1,tiny12
magnitude_prune,pair,empathy+gsm8k,-0.030538022465387282,0.0996750828675978,0,"[0.6618119434224774, 0.3381880565775226]","[0.8, 0.2]",0.057018130358276714,"{""empathy"": -0.0996750828675978, ""gsm8k"": 8.90509777069095}",empathy,continuous_primal_dual_psd,4,-0.030538022465387282,-0.030538022465387282,0.0,"[1.0, 0.0]",primal=Optimization terminated successfully; dual=outer=Optimization terminated successfully; inner=Optimization terminated successfully,0,9.520227633826169,0.0,,tiny12_magnitude_prune_20260503_contcert1,tiny12
magnitude_prune,pair,empathy+textsql,0.49885726480236503,0.4735542781641367,0,"[0.62588704434283, 0.37411295565716995]","[0.4, 0.6]",0.08180291979444781,"{""empathy"": -0.4735542781641367, ""textsql"": -0.06226238629158247}",empathy,continuous_primal_dual_psd,4,0.49885726480236503,0.4988572648012133,1.1517453657461374e-12,"[0.8281056610502351, 0.1718943389497649]",primal=Optimization terminated successfully; dual=outer=Optimization terminated successfully; inner=Optimization terminated successfully,0,3.9520894804131173,0.0,,tiny12_magnitude_prune_20260503_contcert1,tiny12
magnitude_prune,pair,energy+brainstorming,26.31773802267251,23.593953323364225,0,"[0.22869492907032088, 0.7713050709296791]","[0.2, 0.8]",0.0,"{""brainstorming"": -14.593008232116667, ""energy"": -23.593953323364225}",energy,continuous_primal_dual_psd,4,26.31773802267251,26.31773802267251,0.0,"[0.0, 1.0]",primal=Optimization terminated successfully; dual=outer=Optimization terminated successfully; inner=Optimization terminated successfully,0,88.87127041816687,0.0,,tiny12_magnitude_prune_20260503_contcert1,tiny12
magnitude_prune,pair,energy+company,49.61991100776829,39.16426010131833,0,"[0.6124635259926805, 0.3875364740073195]","[0.6, 0.4]",0.0,"{""company"": -39.16426010131833, ""energy"": -34.635070037841764}",company,continuous_primal_dual_psd,4,49.61991100776829,49.61991100776829,0.0,"[0.0, 1.0]",primal=Optimization terminated successfully; dual=outer=Optimization terminated successfully; inner=Optimization terminated successfully,0,244.5632219314574,0.0,,tiny12_magnitude_prune_20260503_contcert1,tiny12
magnitude_prune,pair,energy+creative,27.49728390262428,25.722387504577604,0,"[0.31116487287168576, 0.6888351271283142]","[0.2, 0.8]",0.8636236190795898,"{""creative"": -20.212391090393034, ""energy"": -25.722387504577604}",energy,continuous_primal_dual_psd,4,27.49728390262428,27.49728390262428,0.0,"[1.0, 0.0]",primal=Optimization terminated successfully; dual=outer=Optimization terminated successfully; inner=Optimization terminated successfully,0,30.5059552192687,0.0,,tiny12_magnitude_prune_20260503_contcert1,tiny12
magnitude_prune,pair,energy+docker,65.62704629898079,41.95540256500241,0,"[0.8, 0.19999999999999996]","[0.6, 0.4]",0.31456947326660156,"{""docker"": -17.902377319335905, ""energy"": -41.95540256500241}",energy,continuous_primal_dual_psd,4,65.62704629898079,65.62704629898079,0.0,"[0.0, 1.0]",primal=Optimization terminated successfully; dual=outer=Optimization terminated successfully; inner=Optimization terminated successfully,1,-42.687058448791745,42.687058448791745,,tiny12_magnitude_prune_20260503_contcert1,tiny12
magnitude_prune,pair,energy+empathy,12.570922774066037,15.248337459564176,0,"[0.44364729077043585, 0.5563527092295641]","[0.6, 0.4]",2.7157187461853027,"{""empathy"": -0.034781542156428674, ""energy"": -15.248337459564176}",energy,continuous_primal_dual_psd,4,12.570922774066037,12.570922774066037,0.0,"[1.0, 0.0]",primal=Optimization terminated successfully; dual=outer=Optimization terminated successfully; inner=Optimization terminated successfully,0,5.860372123852223,0.0,,tiny12_magnitude_prune_20260503_contcert1,tiny12
magnitude_prune,pair,energy+gsm8k,38.189154811507045,50.15235252380368,0,"[0.7026982814695393, 0.2973017185304607]","[0.8, 0.2]",0.0,"{""energy"": -50.15235252380368, ""gsm8k"": 2.424558925628695}",energy,continuous_primal_dual_psd,4,38.189154811507045,38.189154811507045,0.0,"[1.0, 0.0]",primal=Optimization terminated successfully; dual=outer=Optimization terminated successfully; inner=Optimization terminated successfully,0,150.13590455055234,0.0,,tiny12_magnitude_prune_20260503_contcert1,tiny12
magnitude_prune,pair,energy+physics,62.14369840621946,60.689643096923795,0,"[0.8, 0.19999999999999996]","[0.8, 0.2]",0.0,"{""energy"": -56.339243125915495, ""physics"": -60.689643096923795}",physics,continuous_primal_dual_psd,4,62.14369840621946,62.14369840621946,0.0,"[1.0, 0.0]",primal=Optimization terminated successfully; dual=outer=Optimization terminated successfully; inner=Optimization terminated successfully,0,69.78750228881805,0.0,,tiny12_magnitude_prune_20260503_contcert1,tiny12
magnitude_prune,pair,energy+textsql,27.370706272125286,32.01456375122067,0,"[0.20000000000001258, 0.7999999999999874]","[0.6, 0.4]",3.432917594909668,"{""energy"": -32.01456375122067, ""textsql"": -0.5898816185133899}",energy,continuous_primal_dual_psd,4,27.370706272125286,27.370706272125286,0.0,"[1.0, 0.0]",primal=Optimization terminated successfully; dual=outer=Optimization terminated successfully; inner=Optimization terminated successfully,0,7.3863516928434,0.0,,tiny12_magnitude_prune_20260503_contcert1,tiny12
magnitude_prune,pair,flex+brainstorming,33.339288056462905,17.09301776885983,0,"[0.29826338628599763, 0.7017366137140024]","[0.2, 0.8]",0.0,"{""brainstorming"": -17.09301776885983, ""flex"": -11.880126667022672}",brainstorming,continuous_primal_dual_psd,4,33.339288056462905,33.339288056462905,0.0,"[1.0, 0.0]",primal=Optimization terminated successfully; dual=outer=Optimization terminated successfully; inner=Optimization terminated successfully,0,257.4008703231811,0.0,,tiny12_magnitude_prune_20260503_contcert1,tiny12
magnitude_prune,pair,flex+company,78.71718596388494,63.11148710250851,0,"[0.3879937029581602, 0.6120062970418398]","[0.4, 0.6]",0.0,"{""company"": -51.512745094299284, ""flex"": -63.11148710250851}",flex,continuous_primal_dual_psd,4,78.71718596388494,78.71718596388494,0.0,"[1.0, 0.0]",primal=Optimization terminated successfully; dual=outer=Optimization terminated successfully; inner=Optimization terminated successfully,0,381.7495703697201,0.0,,tiny12_magnitude_prune_20260503_contcert1,tiny12
magnitude_prune,pair,flex+creative,48.72599212319732,26.928356361389127,0,"[0.28020182600176413, 0.7197981739982359]","[0.2, 0.8]",0.0,"{""creative"": -26.928356361389127, ""flex"": -23.872068595886198}",creative,continuous_primal_dual_psd,4,48.72599212319732,48.72599212319732,0.0,"[1.0, 0.0]",primal=Optimization terminated successfully; dual=outer=Optimization terminated successfully; inner=Optimization terminated successfully,0,114.51512575149512,0.0,,tiny12_magnitude_prune_20260503_contcert1,tiny12
magnitude_prune,pair,flex+docker,166.79436631202717,129.29865427017208,0,"[0.7999999999999907, 0.20000000000000928]","[0.8, 0.2]",0.0,"{""docker"": -103.25953073501583, ""flex"": -129.29865427017208}",flex,continuous_primal_dual_psd,4,166.79436631202717,166.79436631202717,0.0,"[1.0, 0.0]",primal=Optimization terminated successfully; dual=outer=Optimization terminated successfully; inner=Optimization terminated successfully,1,-48.304498195648115,48.304498195648115,,tiny12_magnitude_prune_20260503_contcert1,tiny12
magnitude_prune,pair,flex+empathy,43.025495493907826,15.57687826156613,0,"[0.32659246341969134, 0.6734075365803087]","[0.2, 0.8]",2.2774457931518555,"{""empathy"": -0.6356515301391883, ""flex"": -15.57687826156613}",flex,continuous_primal_dual_psd,4,43.025495493907826,43.025495493907826,0.0,"[1.0, 0.0]",primal=Optimization terminated successfully; dual=outer=Optimization terminated successfully; inner=Optimization terminated successfully,0,3.6111512416557674,0.0,,tiny12_magnitude_prune_20260503_contcert1,tiny12
magnitude_prune,pair,flex+energy,68.72778422832486,50.00804967880246,0,"[0.20000000000000046, 0.7999999999999996]","[0.2, 0.8]",0.0,"{""energy"": -49.3284255981445, ""flex"": -50.00804967880246}",flex,continuous_primal_dual_psd,4,68.72778422832486,68.72778422832486,0.0,"[1.0, 0.0]",primal=Optimization terminated successfully; dual=outer=Optimization terminated successfully; inner=Optimization terminated successfully,0,177.7420938014984,0.0,,tiny12_magnitude_prune_20260503_contcert1,tiny12
magnitude_prune,pair,flex+gsm8k,98.69776463018871,77.00220651626583,0,"[0.4714231328335191, 0.5285768671664809]","[0.4, 0.6]",0.0,"{""flex"": -77.00220651626583, ""gsm8k"": -12.301889133453336}",flex,continuous_primal_dual_psd,4,98.69776463018871,98.69776463018871,0.0,"[1.0, 0.0]",primal=Optimization terminated successfully; dual=outer=Optimization terminated successfully; inner=Optimization terminated successfully,0,314.6961331367487,0.0,,tiny12_magnitude_prune_20260503_contcert1,tiny12
magnitude_prune,pair,flex+physics,60.20910860010594,68.73830862045284,0,"[0.4479032983229282, 0.5520967016770718]","[0.4, 0.6]",0.0,"{""flex"": -46.99782438278195, ""physics"": -68.73830862045284}",physics,continuous_primal_dual_psd,4,60.20910860010594,60.20910860010594,0.0,"[1.0, 0.0]",primal=Optimization terminated successfully; dual=outer=Optimization terminated successfully; inner=Optimization terminated successfully,0,181.96463584899874,0.0,,tiny12_magnitude_prune_20260503_contcert1,tiny12
magnitude_prune,pair,flex+textsql,52.46549563528963,54.48118753433224,0,"[0.30229097828172663, 0.6977090217182733]","[0.2, 0.8]",6.728792190551758,"{""flex"": -54.48118753433224, ""textsql"": -0.11988117087239275}",flex,continuous_primal_dual_psd,4,52.46549563528963,52.46549563528963,0.0,"[1.0, 0.0]",primal=Optimization terminated successfully; dual=outer=Optimization terminated successfully; inner=Optimization terminated successfully,0,23.01141738220468,0.0,,tiny12_magnitude_prune_20260503_contcert1,tiny12
magnitude_prune,pair,gsm8k+textsql,-0.3040312206575111,-0.19428544979879928,1,"[0.20038796720305027, 0.7996120327969497]","[0.2, 0.8]",0.0,"{""gsm8k"": 0.19811086654666354, ""textsql"": 0.19428544979879928}",textsql,continuous_primal_dual_psd,4,-0.3040312206575111,-0.3040312207060762,4.8565096388841766e-11,"[0.009579761190122486, 0.9904202388098776]",primal=Optimization terminated successfully; dual=outer=Optimization terminated successfully; inner=Optimization terminated successfully,0,16.808719434454574,0.0,,tiny12_magnitude_prune_20260503_contcert1,tiny12
magnitude_prune,pair,physics+brainstorming,28.255909156799323,33.86944837570187,0,"[0.2000000000000016, 0.7999999999999984]","[0.2, 0.8]",0.0,"{""brainstorming"": -21.70112438201901, ""physics"": -33.86944837570187}",physics,continuous_primal_dual_psd,4,28.255909156799323,28.255909156799323,0.0,"[0.0, 1.0]",primal=Optimization terminated successfully; dual=outer=Optimization terminated successfully; inner=Optimization terminated successfully,0,129.60866093635548,0.0,,tiny12_magnitude_prune_20260503_contcert1,tiny12
magnitude_prune,pair,physics+company,34.54307167147209,59.51643295288083,0,"[0.5027729762814616, 0.49722702371853844]","[0.6, 0.4]",0.0,"{""company"": -31.528404426574674, ""physics"": -59.51643295288083}",physics,continuous_primal_dual_psd,4,34.54307167147209,34.54307167147209,0.0,"[1.0, 0.0]",primal=Optimization terminated successfully; dual=outer=Optimization terminated successfully; inner=Optimization terminated successfully,0,469.37823295593273,0.0,,tiny12_magnitude_prune_20260503_contcert1,tiny12
magnitude_prune,pair,physics+creative,23.390381941820777,46.050265502929655,0,"[0.21447528753806575, 0.7855247124619342]","[0.2, 0.8]",0.0,"{""creative"": -28.172949028015104, ""physics"": -46.050265502929655}",physics,continuous_primal_dual_psd,4,23.390381941820777,23.390381941819875,9.023892744153272e-13,"[1.0, 0.0]",primal=Optimization terminated successfully; dual=outer=Optimization terminated successfully; inner=Optimization terminated successfully,0,46.87547683715821,0.0,,tiny12_magnitude_prune_20260503_contcert1,tiny12
magnitude_prune,pair,physics+docker,68.02720971107479,67.53057546615597,0,"[0.2, 0.8]","[0.6, 0.4]",24.353015422821045,"{""docker"": -30.40238924026486, ""physics"": -67.53057546615597}",physics,continuous_primal_dual_psd,4,68.02720971107479,68.02720971107479,0.0,"[0.0, 1.0]",primal=Optimization terminated successfully; dual=outer=Optimization terminated successfully; inner=Optimization terminated successfully,0,26.04156732559172,0.0,,tiny12_magnitude_prune_20260503_contcert1,tiny12
magnitude_prune,pair,physics+empathy,9.537789429158877,33.36910314559933,0,"[0.4430424959511205, 0.5569575040488794]","[0.4, 0.6]",0.0,"{""empathy"": -0.83385895107292, ""physics"": -33.36910314559933}",physics,continuous_primal_dual_psd,4,9.537789429158877,9.537789429158877,0.0,"[1.0, 0.0]",primal=Optimization terminated successfully; dual=outer=Optimization terminated successfully; inner=Optimization terminated successfully,0,7.807648279854358,0.0,,tiny12_magnitude_prune_20260503_contcert1,tiny12
magnitude_prune,pair,physics+gsm8k,78.86671729087833,102.5029928207397,0,"[0.2, 0.8]","[0.2, 0.8]",0.0,"{""gsm8k"": -27.614501190185514, ""physics"": -102.5029928207397}",physics,continuous_primal_dual_psd,4,78.86671729087833,78.86671729087833,0.0,"[1.0, 0.0]",primal=Optimization terminated successfully; dual=outer=Optimization terminated successfully; inner=Optimization terminated successfully,1,-2.0423531532286217,2.0423531532286217,,tiny12_magnitude_prune_20260503_contcert1,tiny12
magnitude_prune,pair,physics+textsql,19.76180024147032,56.75591535568234,0,"[0.2, 0.8]","[0.2, 0.8]",0.0,"{""physics"": -56.75591535568234, ""textsql"": -0.11821490331606496}",physics,continuous_primal_dual_psd,4,19.76180024147032,19.76180024147032,0.0,"[1.0, 0.0]",primal=Optimization terminated successfully; dual=outer=Optimization terminated successfully; inner=Optimization terminated successfully,0,9.469709778689678,0.0,,tiny12_magnitude_prune_20260503_contcert1,tiny12
magnitude_prune,triple,brainstorming+company+docker,25.22307939443943,16.65823764801022,0,"[0.5000000002476624, 0.2999999997622053, 0.1999999999901323]","[0.4, 0.4, 0.2]",6.184637546539307,"{""brainstorming"": -16.65823764801022, ""company"": -13.36222000122067, ""docker"": -15.402379703521696}",brainstorming,continuous_primal_dual_psd,6,25.22307939443943,25.223079394379592,5.983835649203684e-11,"[0.0, 0.0, 1.0]",primal=Positive directional derivative for linesearch; dual=outer=Optimization terminated successfully; inner=Optimization terminated successfully,0,72.57724952635917,0.0,,tiny12_magnitude_prune_20260503_contcert1,tiny12
magnitude_prune,triple,brainstorming+company+gsm8k,10.732791304006824,12.55195446014401,0,"[0.5005953658519368, 0.2994046341480638, 0.1999999999999995]","[0.4, 0.4, 0.2]",2.246367931365967,"{""brainstorming"": -6.887057495117155, ""company"": -12.55195446014401, ""gsm8k"": 27.12634496688846}",company,continuous_primal_dual_psd,6,10.732791304006824,10.732791304006371,4.5297099404706387e-13,"[0.9999999999997697, 2.303157664584357e-13, 0.0]",primal=Optimization terminated successfully; dual=outer=Optimization terminated successfully; inner=Optimization terminated successfully,1,-12.536606094285055,12.536606094285053,,tiny12_magnitude_prune_20260503_contcert1,tiny12
magnitude_prune,triple,brainstorming+company+textsql,-0.0019185405822135237,4.884770584106413,0,"[0.2, 0.3043094162594648, 0.4956905837405352]","[0.6, 0.2, 0.2]",6.936478614807129,"{""brainstorming"": -4.884770584106413, ""company"": -4.336372089385954, ""textsql"": -0.5819049167061806}",brainstorming,continuous_primal_dual_psd,6,-0.0019185405822135237,-0.0019185405822135237,0.0,"[0.0, 1.0, 0.0]",primal=Optimization terminated successfully; dual=outer=Optimization terminated successfully; inner=Optimization terminated successfully,0,3.92571476027814,0.0,,tiny12_magnitude_prune_20260503_contcert1,tiny12
magnitude_prune,triple,brainstorming+creative+company,14.950838630364537,15.175107192993131,0,"[0.2, 0.4250901341761378, 0.3749098658238622]","[0.2, 0.4, 0.4]",0.0,"{""brainstorming"": -12.745168876647917, ""company"": -9.078612995147672, ""creative"": -15.175107192993131}",creative,continuous_primal_dual_psd,6,14.950838630364537,14.950838630359385,5.151434834260726e-12,"[1.0, 0.0, 0.0]",primal=Optimization terminated successfully; dual=outer=Optimization terminated successfully; inner=Optimization terminated successfully,1,-71.41597024469583,71.41597024469583,,tiny12_magnitude_prune_20260503_contcert1,tiny12
magnitude_prune,triple,brainstorming+creative+docker,33.73412873291812,37.82241649627682,0,"[0.42282721166383647, 0.37717278833673695, 0.19999999999942664]","[0.4, 0.2, 0.4]",2.4013876914978027,"{""brainstorming"": -37.82241649627682, ""creative"": -36.61208457946774, ""docker"": -30.28334684371945}",brainstorming,continuous_primal_dual_psd,6,33.73412873291812,33.73412873291786,2.6290081223123707e-13,"[7.399636459126122e-14, 0.0, 0.9999999999999261]",primal=Optimization terminated successfully; dual=outer=Optimization terminated successfully; inner=Optimization terminated successfully,1,-8.26406499900358,8.264064999003583,,tiny12_magnitude_prune_20260503_contcert1,tiny12
magnitude_prune,triple,brainstorming+creative+gsm8k,28.9236576080322,30.32243556976315,0,"[0.6, 0.2, 0.19999999999999996]","[0.6, 0.2, 0.2]",0.0,"{""brainstorming"": -30.32243556976315, ""creative"": -27.064231109619108, ""gsm8k"": -2.7773410797118814}",brainstorming,continuous_primal_dual_psd,6,28.9236576080322,28.923657608025334,6.867395541121368e-12,"[0.9999999999993157, 6.843969835297094e-13, 0.0]",primal=Optimization terminated successfully; dual=outer=Optimization terminated successfully; inner=Optimization terminated successfully,1,-41.05911880517833,41.05911880517833,,tiny12_magnitude_prune_20260503_contcert1,tiny12
magnitude_prune,triple,brainstorming+creative+textsql,11.19854932623642,14.465025138854948,0,"[0.3175703064553819, 0.2706620640388848, 0.4117676295057333]","[0.2, 0.4, 0.4]",4.29234504699707,"{""brainstorming"": -13.37447471618649, ""creative"": -14.465025138854948, ""textsql"": -0.4265482837313802}",creative,continuous_primal_dual_psd,6,11.19854932623642,11.198549326233401,3.0198066269804258e-12,"[0.4716843157010929, 0.5283156842989071, 0.0]",primal=Optimization terminated successfully; dual=outer=Optimization terminated successfully; inner=Optimization terminated successfully,1,-30.51801034358631,30.518010343586315,,tiny12_magnitude_prune_20260503_contcert1,tiny12
magnitude_prune,triple,brainstorming+docker+gsm8k,37.83235855101458,35.28334207534787,0,"[0.6000000000019541, 0.2, 0.19999999999804596]","[0.6, 0.2, 0.2]",0.0,"{""brainstorming"": -25.582698059082, ""docker"": -35.28334207534787, ""gsm8k"": -10.445645523071256}",docker,continuous_primal_dual_psd,6,37.83235855101458,37.83235855101458,0.0,"[0.0, 1.0, 0.0]",primal=Optimization terminated successfully; dual=outer=Optimization terminated successfully; inner=Optimization terminated successfully,1,-134.5217763028991,134.52177630289907,,tiny12_magnitude_prune_20260503_contcert1,tiny12
magnitude_prune,triple,brainstorming+docker+textsql,29.837627925554436,30.283334922790495,0,"[0.20000000000000356, 0.2000000000000029, 0.5999999999999935]","[0.6, 0.2, 0.2]",15.842866897583008,"{""brainstorming"": -25.288084220886198, ""docker"": -30.283334922790495, ""textsql"": -0.9855949561724708}",docker,continuous_primal_dual_psd,6,29.837627925554436,29.837627925554436,0.0,"[0.0, 1.0, 0.0]",primal=Optimization terminated successfully; dual=outer=Optimization terminated successfully; inner=Optimization terminated successfully,1,-72.27634309661364,72.27634309661366,,tiny12_magnitude_prune_20260503_contcert1,tiny12
magnitude_prune,triple,brainstorming+gsm8k+textsql,4.6473772048949815,16.86415977478024,0,"[0.2, 0.2, 0.6]","[0.6, 0.2, 0.2]",11.979413032531738,"{""brainstorming"": -16.86415977478024, ""gsm8k"": 6.57580785751346, ""textsql"": -0.8982141297228854}",brainstorming,continuous_primal_dual_psd,6,4.6473772048949815,4.6473772048949815,0.0,"[1.0, 0.0, 0.0]",primal=Optimization terminated successfully; dual=outer=Optimization terminated successfully; inner=Optimization terminated successfully,0,9.675479116314031,0.0,,tiny12_magnitude_prune_20260503_contcert1,tiny12
magnitude_prune,triple,colorist+brainstorming+company,14.499185247368004,9.983590316772428,0,"[0.20000000000000157, 0.501010356610497, 0.2989896433895014]","[0.2, 0.4, 0.4]",2.454710006713867,"{""brainstorming"": -3.5604030609130533, ""colorist"": -6.507232856750456, ""company"": -9.983590316772428}",company,continuous_primal_dual_psd,6,14.499185247368004,14.499185247367594,4.1033842990145786e-13,"[0.0, 0.9999999999999627, 3.7247982476172614e-14]",primal=Optimization terminated successfully; dual=outer=Optimization terminated successfully; inner=Optimization terminated successfully,0,31.23775404522206,0.0,,tiny12_magnitude_prune_20260503_contcert1,tiny12
magnitude_prune,triple,colorist+brainstorming+creative,37.38085757660194,23.474600982665983,0,"[0.21286069159053014, 0.2, 0.5871393084094698]","[0.2, 0.6, 0.2]",4.673910140991211,"{""brainstorming"": -23.474600982665983, ""colorist"": -19.033828449249235, ""creative"": -19.135525894165006}",brainstorming,continuous_primal_dual_psd,6,37.38085757660194,37.38085757660194,0.0,"[0.0, 1.0, 0.0]",primal=Optimization terminated successfully; dual=outer=Optimization terminated successfully; inner=Optimization terminated successfully,1,-196.8365892894396,196.83658928943964,,tiny12_magnitude_prune_20260503_contcert1,tiny12
magnitude_prune,triple,colorist+brainstorming+docker,65.99693644961602,36.47381372451779,0,"[0.313563462206037, 0.4864365377939701, 0.19999999999999285]","[0.2, 0.6, 0.2]",0.4904627799987793,"{""brainstorming"": -29.495719146728483, ""colorist"": -22.95602865219113, ""docker"": -36.47381372451779}",docker,continuous_primal_dual_psd,6,65.99693644961602,65.99693644961602,0.0,"[0.0, 0.0, 1.0]",primal=Optimization terminated successfully; dual=outer=Optimization terminated successfully; inner=Optimization terminated successfully,1,-147.90157584720257,147.90157584720254,,tiny12_magnitude_prune_20260503_contcert1,tiny12
magnitude_prune,triple,colorist+brainstorming+gsm8k,23.73931040373178,21.137645912170377,0,"[0.30669774432299335, 0.37905550589127895, 0.31424674978572775]","[0.2, 0.6, 0.2]",5.695033073425293,"{""brainstorming"": -21.137645912170377, ""colorist"": -8.905378055572477, ""gsm8k"": 2.424558925628695}",brainstorming,continuous_primal_dual_psd,6,23.73931040373178,23.739310395634973,8.096805004242924e-09,"[0.5148446097669956, 0.48515539023300425, 0.0]",primal=Positive directional derivative for linesearch; dual=outer=Optimization terminated successfully; inner=Optimization terminated successfully,1,-93.808176373993,93.808176373993,,tiny12_magnitude_prune_20260503_contcert1,tiny12
magnitude_prune,triple,colorist+brainstorming+textsql,14.62044754936211,14.690259170532194,0,"[0.2000000000000072, 0.30678222200367883, 0.49321777799631394]","[0.2, 0.4, 0.4]",0.0,"{""brainstorming"": -14.690259170532194, ""colorist"": -5.621698570251432, ""textsql"": -0.29392920579360576}",brainstorming,continuous_primal_dual_psd,6,14.62044754936211,14.62044754936211,0.0,"[0.0, 1.0, 0.0]",primal=Optimization terminated successfully; dual=outer=Optimization terminated successfully; inner=Optimization terminated successfully,1,-1.8964697168818072,1.8964697168818072,,tiny12_magnitude_prune_20260503_contcert1,tiny12
magnitude_prune,triple,colorist+company+docker,34.728670241554646,28.348973464965788,0,"[0.36136578613927817, 0.4386342138607356, 0.1999999999999862]","[0.4, 0.4, 0.2]",0.0,"{""colorist"": -28.348973464965788, ""company"": -25.956085395812956, ""docker"": -15.461912822723356}",colorist,continuous_primal_dual_psd,6,34.728670241554646,34.728670241554646,0.0,"[0.0, 0.0, 1.0]",primal=Optimization terminated successfully; dual=outer=Optimization terminated successfully; inner=Optimization terminated successfully,0,90.16929786313258,0.0,,tiny12_magnitude_prune_20260503_contcert1,tiny12
magnitude_prune,triple,colorist+company+gsm8k,13.968655816883839,17.161622714996305,0,"[0.31719596252273696, 0.3753291132420315, 0.3074749242352315]","[0.4, 0.4, 0.2]",0.0,"{""colorist"": -0.4985839843749673, ""company"": -17.161622714996305, ""gsm8k"": 13.12318735122684}",company,continuous_primal_dual_psd,6,13.968655816883839,13.968655816883839,0.0,"[0.0, 1.0, 0.0]",primal=Optimization terminated successfully; dual=outer=Optimization terminated successfully; inner=Optimization terminated successfully,0,116.80899923686603,0.0,,tiny12_magnitude_prune_20260503_contcert1,tiny12
magnitude_prune,triple,colorist+company+textsql,8.913467241189,15.085712146759,0,"[0.2, 0.37794990412171464, 0.42205009587828535]","[0.2, 0.4, 0.4]",0.0,"{""colorist"": -11.440351676940885, ""company"": -15.085712146759, ""textsql"": -0.6861913617456448}",company,continuous_primal_dual_psd,6,8.913467241189,8.913467241189,0.0,"[0.0, 1.0, 0.0]",primal=Optimization terminated successfully; dual=outer=Optimization terminated successfully; inner=Optimization terminated successfully,1,-3.9474742542050385,3.9474742542050385,,tiny12_magnitude_prune_20260503_contcert1,tiny12
magnitude_prune,triple,colorist+creative+company,12.691577347057702,14.566925239562956,0,"[0.20000000000000862, 0.39814061756047076, 0.4018593824395207]","[0.2, 0.4, 0.4]",0.0,"{""colorist"": -6.381836605071989, ""company"": -14.566925239562956, ""creative"": -12.607756328582731}",company,continuous_primal_dual_psd,6,12.691577347057702,12.691577347057702,0.0,"[0.0, 0.0, 1.0]",primal=Optimization terminated successfully; dual=outer=Optimization terminated successfully; inner=Optimization terminated successfully,0,16.824366546190717,0.0,,tiny12_magnitude_prune_20260503_contcert1,tiny12
magnitude_prune,triple,colorist+creative+docker,47.392891186361865,39.583447647094694,0,"[0.2, 0.6000000000067537, 0.19999999999324625]","[0.4, 0.2, 0.4]",8.021318912506104,"{""colorist"": -39.51496191024777, ""creative"": -39.583447647094694, ""docker"": -35.22380895614621}",creative,continuous_primal_dual_psd,6,47.392891186361865,47.39289118636185,1.4210854715202004e-14,"[0.0, 0.0, 1.0]",primal=Optimization terminated successfully; dual=outer=Optimization terminated successfully; inner=Optimization terminated successfully,1,-42.18163768710157,42.181637687101556,,tiny12_magnitude_prune_20260503_contcert1,tiny12
magnitude_prune,triple,colorist+creative+gsm8k,18.132703607621593,19.78009052276608,0,"[0.37360624101320067, 0.4263937589864414, 0.2000000000003579]","[0.4, 0.4, 0.2]",0.0,"{""colorist"": -17.646637630462614, ""creative"": -19.78009052276608, ""gsm8k"": -8.411172103881803}",creative,continuous_primal_dual_psd,6,18.132703607621593,18.132703607621593,0.0,"[1.0, 0.0, 0.0]",primal=Optimization terminated successfully; dual=outer=Optimization terminated successfully; inner=Optimization terminated successfully,0,45.62521771893702,0.0,,tiny12_magnitude_prune_20260503_contcert1,tiny12
magnitude_prune,triple,colorist+creative+textsql,6.340184594679606,6.856885623931852,0,"[0.2641355250462921, 0.535864474953718, 0.19999999999998985]","[0.4, 0.4, 0.2]",3.844916820526123,"{""colorist"": -6.856885623931852, ""creative"": -5.537656021118131, ""textsql"": -1.0055949474804127}",colorist,continuous_primal_dual_psd,6,6.340184594679606,6.340184594679606,0.0,"[0.0, 1.0, 0.0]",primal=Optimization terminated successfully; dual=outer=Optimization terminated successfully; inner=Optimization terminated successfully,0,1.5066020243526643,0.0,,tiny12_magnitude_prune_20260503_contcert1,tiny12
magnitude_prune,triple,colorist+docker+gsm8k,57.546427917478304,34.68635387420651,0,"[0.2000000000000887, 0.6000000000001647, 0.1999999999997466]","[0.4, 0.4, 0.2]",9.336066246032715,"{""colorist"": -28.348973464965788, ""docker"": -30.28334684371945, ""gsm8k"": -34.68635387420651}",gsm8k,continuous_primal_dual_psd,6,57.546427917478304,57.546427917478304,0.0,"[0.0, 1.0, 0.0]",primal=Optimization terminated successfully; dual=outer=Optimization terminated successfully; inner=Optimization terminated successfully,0,35.130100250180305,0.0,,tiny12_magnitude_prune_20260503_contcert1,tiny12
magnitude_prune,triple,colorist+docker+textsql,37.832382392883325,22.842863273620573,0,"[0.2, 0.20000000000000123, 0.5999999999999988]","[0.4, 0.2, 0.4]",6.444847583770752,"{""colorist"": -22.180703353881803, ""docker"": -22.842863273620573, ""textsql"": -0.7221438874621854}",docker,continuous_primal_dual_psd,6,37.832382392883325,37.832382392883325,0.0,"[0.0, 1.0, 0.0]",primal=Optimization terminated successfully; dual=outer=Optimization terminated successfully; inner=Optimization terminated successfully,1,-224.16815368385983,224.16815368385983,,tiny12_magnitude_prune_20260503_contcert1,tiny12
magnitude_prune,triple,colorist+empathy+brainstorming,15.805551078650474,11.200550270080534,0,"[0.20000000000026102, 0.4595961662646143, 0.34040383373512473]","[0.2, 0.4, 0.4]",0.0,"{""brainstorming"": -11.200550270080534, ""colorist"": -6.73147745132443, ""empathy"": -0.34947162222118183}",brainstorming,continuous_primal_dual_psd,6,15.805551078650474,15.805551078650474,0.0,"[0.0, 0.0, 1.0]",primal=Optimization terminated successfully; dual=outer=Optimization terminated successfully; inner=Optimization terminated successfully,0,1.8810767152420738,0.0,,tiny12_magnitude_prune_20260503_contcert1,tiny12
magnitude_prune,triple,colorist+empathy+company,6.020269689246604,6.8816692352294595,0,"[0.4001408497141855, 0.3472132977909212, 0.25264585249489335]","[0.4, 0.4, 0.2]",0.0,"{""colorist"": -3.546598625183073, ""company"": -6.8816692352294595, ""empathy"": 0.19682353430846583}",company,continuous_primal_dual_psd,6,6.020269689246604,6.02026968924502,1.5836221223253233e-12,"[0.7510126491130674, 7.071880787131585e-14, 0.24898735088686194]",primal=Optimization terminated successfully; dual=outer=Optimization terminated successfully; inner=Optimization terminated successfully,1,-1.5762195360003517,1.5762195360003517,,tiny12_magnitude_prune_20260503_contcert1,tiny12
magnitude_prune,triple,colorist+empathy+creative,2.763487212938255,2.683892917633024,0,"[0.2, 0.4537107011855578, 0.34628929881444215]","[0.4, 0.4, 0.2]",3.1354188919067383,"{""colorist"": -2.683892917633024, ""creative"": 5.61372928619388, ""empathy"": -0.20285199134617266}",colorist,continuous_primal_dual_psd,6,2.763487212938255,2.763487212938255,0.0,"[1.0, 0.0, 0.0]",primal=Optimization terminated successfully; dual=outer=Optimization terminated successfully; inner=Optimization terminated successfully,0,0.6633458396031,0.0,,tiny12_magnitude_prune_20260503_contcert1,tiny12
magnitude_prune,triple,colorist+empathy+docker,24.915698242187354,20.461908054351774,0,"[0.2, 0.6000000000000046, 0.1999999999999953]","[0.2, 0.6, 0.2]",0.0,"{""colorist"": -9.616103839874235, ""docker"": -20.461908054351774, ""empathy"": -0.44504454880443334}",docker,continuous_primal_dual_psd,6,24.915698242187354,24.915698242186593,7.602807272633072e-13,"[0.0, 0.0, 1.0]",primal=Optimization terminated successfully; dual=outer=Optimization terminated successfully; inner=Optimization terminated successfully,1,-0.06457517961818837,0.06457517961818968,,tiny12_magnitude_prune_20260503_contcert1,tiny12
magnitude_prune,triple,colorist+empathy+gsm8k,7.837891387515054,2.5850684165954263,0,"[0.24604308735422178, 0.5539569126457747, 0.2000000000000035]","[0.4, 0.4, 0.2]",0.9615302085876465,"{""colorist"": -2.5850684165954263, ""empathy"": -0.20828144607164026, ""gsm8k"": 2.9216139793396323}",colorist,continuous_primal_dual_psd,6,7.837891387515054,7.83789138751365,1.4033219031261979e-12,"[1.0, 0.0, 0.0]",primal=Optimization terminated successfully; dual=outer=Optimization terminated successfully; inner=Optimization terminated successfully,0,3.564096000307649,0.0,,tiny12_magnitude_prune_20260503_contcert1,tiny12
magnitude_prune,triple,colorist+empathy+textsql,0.5307741827450094,2.5850803375243814,0,"[0.200000000000002, 0.45012398249222835, 0.34987601750776964]","[0.4, 0.4, 0.2]",4.047572612762451,"{""colorist"": -2.5850803375243814, ""empathy"": -0.4990774089164939, ""textsql"": -1.1513090456945858}",colorist,continuous_primal_dual_psd,6,0.5307741827450094,0.5307741827448504,1.5898393712632242e-13,"[0.05762331114484516, 0.9423766888551549, 2.2971957046010252e-17]",primal=Optimization terminated successfully; dual=outer=Optimization terminated successfully; inner=Optimization terminated successfully,0,0.9924032505702927,0.0,,tiny12_magnitude_prune_20260503_contcert1,tiny12
magnitude_prune,triple,colorist+energy+brainstorming,23.923662376403783,21.986451816558805,0,"[0.2, 0.2, 0.6]","[0.2, 0.4, 0.4]",0.13636350631713867,"{""brainstorming"": -15.310958099365202, ""colorist"": -9.916332435607877, ""energy"": -21.986451816558805}",energy,continuous_primal_dual_psd,6,23.923662376403783,23.923662376403783,0.0,"[0.0, 0.0, 1.0]",primal=Optimization terminated successfully; dual=outer=Optimization terminated successfully; inner=Optimization terminated successfully,0,20.754433711719543,0.0,,tiny12_magnitude_prune_20260503_contcert1,tiny12
magnitude_prune,triple,colorist+energy+company,26.824624614591983,23.44125814437863,0,"[0.44547599431359547, 0.2000000000004101, 0.3545240056859944]","[0.4, 0.2, 0.4]",0.0,"{""colorist"": -16.821935844421354, ""company"": -23.44125814437863, ""energy"": -20.38325376510617}",company,continuous_primal_dual_psd,6,26.824624614591983,26.824624614591983,0.0,"[0.0, 0.0, 1.0]",primal=Optimization terminated successfully; dual=outer=Optimization terminated successfully; inner=Optimization terminated successfully,1,-21.35858969921304,21.35858969921305,,tiny12_magnitude_prune_20260503_contcert1,tiny12
magnitude_prune,triple,colorist+energy+creative,27.533287436196762,28.02901573181149,0,"[0.20000000000000034, 0.30115368098156753, 0.4988463190184321]","[0.2, 0.2, 0.6]",1.9999980926513672,"{""colorist"": -20.88090486526486, ""creative"": -15.974155139923063, ""energy"": -28.02901573181149}",energy,continuous_primal_dual_psd,6,27.533287436196762,27.533287436196762,0.0,"[0.0, 1.0, 0.0]",primal=Optimization terminated successfully; dual=outer=Optimization terminated successfully; inner=Optimization terminated successfully,1,-11.579189133956381,11.579189133956383,,tiny12_magnitude_prune_20260503_contcert1,tiny12
magnitude_prune,triple,colorist+energy+docker,54.81643307102778,31.69422454833981,0,"[0.25620791605911897, 0.20000000000000887, 0.5437920839408722]","[0.4, 0.4, 0.2]",19.659483432769775,"{""colorist"": -16.871348094940153, ""docker"": -20.34287757873532, ""energy"": -31.69422454833981}",energy,continuous_primal_dual_psd,6,54.81643307102778,54.8164330709891,3.8681946534779854e-11,"[9.995249539981478e-13, 0.0, 0.9999999999990006]",primal=Optimization terminated successfully; dual=outer=Optimization terminated successfully; inner=Optimization terminated successfully,1,-98.02295486110656,98.02295486110658,,tiny12_magnitude_prune_20260503_contcert1,tiny12
magnitude_prune,triple,colorist+energy+empathy,12.153002990117432,8.839252662658659,0,"[0.2551936327842879, 0.2, 0.5448063672157121]","[0.4, 0.2, 0.4]",1.1363625526428223,"{""colorist"": 1.861557292938265, ""empathy"": -0.14338790536047114, ""energy"": -8.839252662658659}",energy,continuous_primal_dual_psd,6,12.153002990117432,12.153002990117432,0.0,"[0.0, 1.0, 0.0]",primal=Optimization terminated successfully; dual=outer=Optimization terminated successfully; inner=Optimization terminated successfully,1,-0.9819137368034617,0.9819137368034616,,tiny12_magnitude_prune_20260503_contcert1,tiny12
magnitude_prune,triple,colorist+energy+gsm8k,26.484807931645825,34.99725170135495,0,"[0.3917624649174172, 0.40513961191256476, 0.20309792317001807]","[0.4, 0.4, 0.2]",0.0,"{""colorist"": -10.528233718872038, ""energy"": -34.99725170135495, ""gsm8k"": -14.089551639556852}",energy,continuous_primal_dual_psd,6,26.484807931645825,26.484807931645825,0.0,"[0.0, 1.0, 0.0]",primal=Optimization terminated successfully; dual=outer=Optimization terminated successfully; inner=Optimization terminated successfully,0,53.043806133793396,0.0,,tiny12_magnitude_prune_20260503_contcert1,tiny12
magnitude_prune,triple,colorist+energy+physics,55.72555490397181,50.66969699859616,0,"[0.28530843611772333, 0.5146915638822932, 0.19999999999998352]","[0.4, 0.4, 0.2]",1.807403564453125,"{""colorist"": -25.890031528472868, ""energy"": -50.66969699859616, ""physics"": -48.91428060531613}",energy,continuous_primal_dual_psd,6,55.72555490397181,55.72555490397167,1.4210854715202004e-13,"[0.0, 0.99999999999996, 3.991251773527278e-14]",primal=Optimization terminated successfully; dual=outer=Optimization terminated successfully; inner=Optimization terminated successfully,1,-123.13859611112811,123.13859611112811,,tiny12_magnitude_prune_20260503_contcert1,tiny12
magnitude_prune,triple,colorist+energy+textsql,19.183143711055646,25.162485313415495,0,"[0.3208645986077917, 0.29215854810051434, 0.38697685329169396]","[0.2, 0.4, 0.4]",1.1363744735717773,"{""colorist"": -4.971805286407438, ""energy"": -25.162485313415495, ""textsql"": -0.3053566547049472}",energy,continuous_primal_dual_psd,6,19.183143711055646,19.183143711055646,0.0,"[0.0, 1.0, 0.0]",primal=Optimization terminated successfully; dual=outer=Optimization terminated successfully; inner=Optimization terminated successfully,0,1.2204641902929305,0.0,,tiny12_magnitude_prune_20260503_contcert1,tiny12
magnitude_prune,triple,colorist+flex+brainstorming,34.662440490722645,21.137645912170377,0,"[0.2, 0.2, 0.6]","[0.2, 0.2, 0.6]",0.0,"{""brainstorming"": -21.137645912170377, ""colorist"": -9.156242084503141, ""flex"": -10.793188285827604}",brainstorming,continuous_primal_dual_psd,6,34.662440490722645,34.662440490722645,0.0,"[0.0, 1.0, 0.0]",primal=Optimization terminated successfully; dual=outer=Optimization terminated successfully; inner=Optimization terminated successfully,1,-8.008471475010694,8.008471475010696,,tiny12_magnitude_prune_20260503_contcert1,tiny12
magnitude_prune,triple,colorist+flex+company,49.08771063958111,30.088988018035856,0,"[0.4499783128681433, 0.2, 0.35002168713185666]","[0.4, 0.2, 0.4]",0.0,"{""colorist"": -14.800039005279508, ""company"": -30.088988018035856, ""flex"": -24.376073551177946}",company,continuous_primal_dual_psd,6,49.08771063958111,49.08771063958111,0.0,"[0.0, 1.0, 0.0]",primal=Optimization terminated successfully; dual=outer=Optimization terminated successfully; inner=Optimization terminated successfully,0,117.20921347438147,0.0,,tiny12_magnitude_prune_20260503_contcert1,tiny12
magnitude_prune,triple,colorist+flex+creative,51.2308041908097,22.202137184143034,0,"[0.26994945858738384, 0.2345500207727864, 0.49550052063982974]","[0.4, 0.2, 0.4]",1.3157844543457031,"{""colorist"": -14.587202739715543, ""creative"": -16.281405162811247, ""flex"": -22.202137184143034}",flex,continuous_primal_dual_psd,6,51.2308041908097,51.2308041908097,0.0,"[0.0, 1.0, 0.0]",primal=Optimization terminated successfully; dual=outer=Optimization terminated successfully; inner=Optimization terminated successfully,1,-136.8899750258674,136.8899750258674,,tiny12_magnitude_prune_20260503_contcert1,tiny12
magnitude_prune,triple,colorist+flex+docker,86.7589218647982,46.5183407783508,0,"[0.6, 0.2, 0.19999999999999996]","[0.6, 0.2, 0.2]",0.0,"{""colorist"": -27.68770761489865, ""docker"": -45.04523582458493, ""flex"": -46.5183407783508}",flex,continuous_primal_dual_psd,6,86.7589218647982,86.75892186479668,1.5205614545266144e-12,"[0.0, 0.9999999999999067, 9.32032229172732e-14]",primal=Optimization terminated successfully; dual=outer=Optimization terminated successfully; inner=Optimization terminated successfully,1,-206.13702946349005,206.13702946349005,,tiny12_magnitude_prune_20260503_contcert1,tiny12
magnitude_prune,triple,colorist+flex+empathy,32.29107229138292,2.394464683532682,0,"[0.29154348053989154, 0.2197821013269351, 0.48867441813317336]","[0.4, 0.2, 0.4]",0.0,"{""colorist"": 2.8230875015259116, ""empathy"": -0.6486836383988492, ""flex"": -2.394464683532682}",flex,continuous_primal_dual_psd,6,32.29107229138292,32.291072291380715,2.2026824808563106e-12,"[7.77666679954274e-14, 0.9999999999999223, 0.0]",primal=Optimization terminated successfully; dual=outer=Optimization terminated successfully; inner=Optimization terminated successfully,0,3.086986150542517,0.0,,tiny12_magnitude_prune_20260503_contcert1,tiny12
magnitude_prune,triple,colorist+flex+energy,45.74444762441209,34.61630649566647,0,"[0.408678266087085, 0.2, 0.3913217339129149]","[0.4, 0.2, 0.4]",0.0,"{""colorist"": -12.800970745086637, ""energy"": -34.61630649566647, ""flex"": -27.568820190429655}",energy,continuous_primal_dual_psd,6,45.74444762441209,45.74444762441195,1.4210854715202004e-13,"[0.0, 0.9999999999999825, 1.7597034940308504e-14]",primal=Optimization terminated successfully; dual=outer=Optimization terminated successfully; inner=Optimization terminated successfully,1,-94.05862910528077,94.05862910528076,,tiny12_magnitude_prune_20260503_contcert1,tiny12
magnitude_prune,triple,colorist+flex+gsm8k,75.71883756921343,37.78728551864621,0,"[0.5240842902013881, 0.20000000000001772, 0.27591570979859414]","[0.6, 0.2, 0.2]",0.0,"{""colorist"": -20.782104206085172, ""flex"": -37.78728551864621, ""gsm8k"": -27.50310010910031}",flex,continuous_primal_dual_psd,6,75.71883756921343,75.71883756921343,0.0,"[0.0, 1.0, 0.0]",primal=Optimization terminated successfully; dual=outer=Optimization terminated successfully; inner=Optimization terminated successfully,1,-98.03692599030383,98.03692599030384,,tiny12_magnitude_prune_20260503_contcert1,tiny12
magnitude_prune,triple,colorist+flex+physics,50.63080790216346,52.589240741729704,0,"[0.2837657338069831, 0.47665526590796053, 0.2395790002850564]","[0.4, 0.4, 0.2]",0.0,"{""colorist"": -20.73270387649533, ""flex"": -39.68605108261105, ""physics"": -52.589240741729704}",physics,continuous_primal_dual_psd,6,50.63080790216346,50.63080790216346,0.0,"[0.0, 1.0, 0.0]",primal=Optimization terminated successfully; dual=outer=Optimization terminated successfully; inner=Optimization terminated successfully,1,-29.785629058821506,29.785629058821506,,tiny12_magnitude_prune_20260503_contcert1,tiny12
magnitude_prune,triple,colorist+flex+textsql,40.71724355718209,21.115198802947965,0,"[0.25331348776749807, 0.2, 0.546686512232502]","[0.4, 0.2, 0.4]",8.398699760437012,"{""colorist"": -6.583240699768034, ""flex"": -21.115198802947965, ""textsql"": -0.6313092716880989}",flex,continuous_primal_dual_psd,6,40.71724355718209,40.71724355718209,0.0,"[0.0, 1.0, 0.0]",primal=Optimization terminated successfully; dual=outer=Optimization terminated successfully; inner=Optimization terminated successfully,0,7.941086226457447,0.0,,tiny12_magnitude_prune_20260503_contcert1,tiny12
magnitude_prune,triple,colorist+gsm8k+textsql,0.11288014147775927,4.234507751464811,0,"[0.2000000000000027, 0.2, 0.5999999999999973]","[0.2, 0.4, 0.4]",0.6801605224609375,"{""colorist"": -4.234507751464811, ""gsm8k"": 5.3091853141784995, ""textsql"": -0.6976196798628058}",colorist,continuous_primal_dual_psd,6,0.11288014147775927,0.11288014147775927,0.0,"[0.0, 0.0, 1.0]",primal=Optimization terminated successfully; dual=outer=Optimization terminated successfully; inner=Optimization terminated successfully,0,6.24784276812662,0.0,,tiny12_magnitude_prune_20260503_contcert1,tiny12
magnitude_prune,triple,colorist+physics+brainstorming,30.531308424394865,37.53575391769406,0,"[0.2000000000000057, 0.2, 0.5999999999999943]","[0.2, 0.2, 0.6]",0.0,"{""brainstorming"": -25.908783149719206, ""colorist"": -19.033852291107145, ""physics"": -37.53575391769406}",physics,continuous_primal_dual_psd,6,30.531308424394865,30.531308424394865,0.0,"[0.0, 0.0, 1.0]",primal=Optimization terminated successfully; dual=outer=Optimization terminated successfully; inner=Optimization terminated successfully,1,-21.79914308079096,21.79914308079096,,tiny12_magnitude_prune_20260503_contcert1,tiny12
magnitude_prune,triple,colorist+physics+company,32.22093897326264,48.03438491821286,0,"[0.23219960946073392, 0.35814536234415156, 0.40965502819511457]","[0.4, 0.2, 0.4]",6.927192211151123,"{""colorist"": -14.898875427246061, ""company"": -22.309020233154264, ""physics"": -48.03438491821286}",physics,continuous_primal_dual_psd,6,32.22093897326264,32.22093897326205,5.897504706808832e-13,"[0.0, 0.9999999999999409, 5.900835375882366e-14]",primal=Optimization terminated successfully; dual=outer=Optimization terminated successfully; inner=Optimization terminated successfully,1,-3.067744837918127,3.0677448379181222,,tiny12_magnitude_prune_20260503_contcert1,tiny12
magnitude_prune,triple,colorist+physics+creative,32.51635839720872,50.6051213264465,0,"[0.2, 0.2764266055168786, 0.5235733944831213]","[0.2, 0.4, 0.4]",0.19840002059936523,"{""colorist"": -36.36814661025998, ""creative"": -32.230189514160124, ""physics"": -50.6051213264465}",physics,continuous_primal_dual_psd,6,32.51635839720872,32.51635839720872,0.0,"[0.0, 1.0, 0.0]",primal=Optimization terminated successfully; dual=outer=Optimization terminated successfully; inner=Optimization terminated successfully,1,-36.52585912716302,36.525859127163024,,tiny12_magnitude_prune_20260503_contcert1,tiny12
magnitude_prune,triple,colorist+physics+docker,68.08859713192838,67.92741127014156,0,"[0.30116844789817826, 0.20000000000000492, 0.49883155210181684]","[0.6, 0.2, 0.2]",5.641806125640869,"{""colorist"": -42.31218404769894, ""docker"": -51.23571462631222, ""physics"": -67.92741127014156}",physics,continuous_primal_dual_psd,6,68.08859713192838,68.08859713192838,0.0,"[0.0, 0.0, 1.0]",primal=Optimization terminated successfully; dual=outer=Optimization terminated successfully; inner=Optimization terminated successfully,1,-34.41888931141307,34.41888931141308,,tiny12_magnitude_prune_20260503_contcert1,tiny12
magnitude_prune,triple,colorist+physics+empathy,13.694143107312897,33.56752700805661,0,"[0.22940231567582742, 0.2305709769214347, 0.5400267074027378]","[0.2, 0.2, 0.6]",0.0,"{""colorist"": -8.042660427093473, ""empathy"": -0.49391849707450863, ""physics"": -33.56752700805661}",physics,continuous_primal_dual_psd,6,13.694143107312897,13.69414310731261,2.859934511434403e-13,"[0.7542753370864735, 0.2457246629135265, 0.0]",primal=Optimization terminated successfully; dual=outer=Optimization terminated successfully; inner=Optimization terminated successfully,0,2.4054084284106074,0.0,,tiny12_magnitude_prune_20260503_contcert1,tiny12
magnitude_prune,triple,colorist+physics+gsm8k,68.40135183769158,71.18828601837154,0,"[0.3790073268499958, 0.200000000000157, 0.42099267314984723]","[0.6, 0.2, 0.2]",3.2781124114990234,"{""colorist"": -32.83363885879513, ""gsm8k"": -27.02660865783688, ""physics"": -71.18828601837154}",physics,continuous_primal_dual_psd,6,68.40135183769158,68.40135183764707,4.4508396968012676e-11,"[2.256283800600852e-12, 0.9999999999977438, 0.0]",primal=Optimization terminated successfully; dual=outer=Optimization terminated successfully; inner=Optimization terminated successfully,1,-236.74580204281284,236.74580204281287,,tiny12_magnitude_prune_20260503_contcert1,tiny12
magnitude_prune,triple,colorist+physics+textsql,27.05204142558181,48.33633012771603,0,"[0.2, 0.2, 0.6]","[0.2, 0.2, 0.6]",0.0,"{""colorist"": -10.60422964096066, ""physics"": -48.33633012771603, ""textsql"": -0.2539283539719025}",physics,continuous_primal_dual_psd,6,27.05204142558181,27.05204142558181,0.0,"[0.0, 1.0, 0.0]",primal=Optimization terminated successfully; dual=outer=Optimization terminated successfully; inner=Optimization terminated successfully,1,-107.66293669862003,107.66293669862002,,tiny12_magnitude_prune_20260503_contcert1,tiny12
magnitude_prune,triple,company+docker+gsm8k,60.19719883903217,40.759268474578825,0,"[0.4084686661046874, 0.2, 0.3915313338953126]","[0.4, 0.2, 0.4]",0.0,"{""company"": -40.759268474578825, ""docker"": -33.973828029632536, ""gsm8k"": 14.921149539947542}",company,continuous_primal_dual_psd,6,60.19719883903217,60.19719883902377,8.398615136684384e-12,"[3.402278458962635e-13, 0.9999999999996598, 0.0]",primal=Optimization terminated successfully; dual=outer=Optimization terminated successfully; inner=Optimization terminated successfully,0,1.136862047280971,0.0,,tiny12_magnitude_prune_20260503_contcert1,tiny12
magnitude_prune,triple,company+docker+textsql,33.76002681421217,26.83883018493649,0,"[0.20000000000002366, 0.20000000000001422, 0.5999999999999621]","[0.4, 0.2, 0.4]",6.6436052322387695,"{""company"": -26.83883018493649, ""docker"": -6.830969524383512, ""textsql"": -0.846428585397952}",company,continuous_primal_dual_psd,6,33.76002681421217,33.76002681421217,0.0,"[1.0, 0.0, 0.0]",primal=Optimization terminated successfully; dual=outer=Optimization terminated successfully; inner=Optimization terminated successfully,1,-107.89351925217338,107.89351925217338,,tiny12_magnitude_prune_20260503_contcert1,tiny12
magnitude_prune,triple,company+gsm8k+textsql,5.253092810388999,15.525427532196012,0,"[0.2836999951281579, 0.2, 0.516300004871842]","[0.4, 0.2, 0.4]",0.7649898529052734,"{""company"": -15.525427532196012, ""gsm8k"": 22.387215423584017, ""textsql"": -0.5373811524017691}",company,continuous_primal_dual_psd,6,5.253092810388999,5.253092810379463,9.536371692320245e-12,"[0.999999999999976, 0.0, 2.392530618067155e-14]",primal=Optimization terminated successfully; dual=outer=Optimization terminated successfully; inner=Optimization terminated successfully,0,10.242432060600917,0.0,,tiny12_magnitude_prune_20260503_contcert1,tiny12
magnitude_prune,triple,conversation+brainstorming+company,7.895408519066962,5.3327471733092935,0,"[0.3120017163059563, 0.43342181882812625, 0.25457646486591745]","[0.2, 0.6, 0.2]",5.378687381744385,"{""brainstorming"": -3.471711349487272, ""company"": -5.3327471733092935, ""conversation"": 13.73452835083011}",company,continuous_primal_dual_psd,6,7.895408519066962,7.895408519065699,1.262989712813578e-12,"[5.2383440936956236e-14, 0.862169273740174, 0.13783072625977358]",primal=Optimization terminated successfully; dual=outer=Optimization terminated successfully; inner=Optimization terminated successfully,0,68.56902193099086,0.0,,tiny12_magnitude_prune_20260503_contcert1,tiny12
magnitude_prune,triple,conversation+brainstorming+creative,19.877651405334447,15.614155006408659,0,"[0.2, 0.2, 0.6]","[0.2, 0.4, 0.4]",1.0211706161499023,"{""brainstorming"": -15.614155006408659, ""conversation"": 7.782146263122591, ""creative"": -15.499189567565885}",brainstorming,continuous_primal_dual_psd,6,19.877651405334447,19.877651405334447,0.0,"[0.0, 1.0, 0.0]",primal=Optimization terminated successfully; dual=outer=Optimization terminated successfully; inner=Optimization terminated successfully,1,-4.306896811097874,4.352494250856988,,tiny12_magnitude_prune_20260503_contcert1,tiny12
magnitude_prune,triple,conversation+brainstorming+docker,40.973683681973135,42.604759407043424,0,"[0.2, 0.6, 0.19999999999999996]","[0.4, 0.4, 0.2]",1.250004768371582,"{""brainstorming"": -34.76748771667477, ""conversation"": 0.9369223594665854, ""docker"": -42.604759407043424}",docker,continuous_primal_dual_psd,6,40.973683681973135,40.97368368197231,8.242295734817162e-13,"[0.0, 5.689893001203604e-14, 0.9999999999999432]",primal=Optimization terminated successfully; dual=outer=Optimization terminated successfully; inner=Optimization terminated successfully,1,-20.76000992470624,20.76000992470624,,tiny12_magnitude_prune_20260503_contcert1,tiny12
magnitude_prune,triple,conversation+brainstorming+gsm8k,18.097372772048704,18.179944229125944,0,"[0.516641182667626, 0.2833588173323366, 0.20000000000003737]","[0.2, 0.6, 0.2]",13.00055980682373,"{""brainstorming"": -18.179944229125944, ""conversation"": -15.134528350830045, ""gsm8k"": 7.367655563354525}",brainstorming,continuous_primal_dual_psd,6,18.097372772048704,18.097372718089552,5.395915181338751e-08,"[0.3935847538077301, 0.6064152461918617, 4.0810015737783935e-13]",primal=Optimization terminated successfully; dual=outer=Optimization terminated successfully; inner=Optimization terminated successfully,1,-75.26560273274063,75.26560273274063,,tiny12_magnitude_prune_20260503_contcert1,tiny12
magnitude_prune,triple,conversation+brainstorming+textsql,5.0354110286955525,9.232595634460417,0,"[0.2936807679903126, 0.33899932465457433, 0.367319907355113]","[0.2, 0.6, 0.2]",2.434206008911133,"{""brainstorming"": -9.232595634460417, ""conversation"": 4.359516429901156, ""textsql"": -0.9227379027193552}",brainstorming,continuous_primal_dual_psd,6,5.0354110286955525,5.035411028695091,4.618527782440651e-13,"[0.18540591540715184, 0.8145940845927682, 8.003552760486442e-14]",primal=Optimization terminated successfully; dual=outer=Optimization terminated successfully; inner=Optimization terminated successfully,1,-20.922984317135786,20.92298431713578,,tiny12_magnitude_prune_20260503_contcert1,tiny12
magnitude_prune,triple,conversation+colorist+brainstorming,14.1394272252944,14.527228546142545,0,"[0.30982782141216253, 0.20000000000000356, 0.4901721785878339]","[0.2, 0.2, 0.6]",0.8580923080444336,"{""brainstorming"": -14.527228546142545, ""colorist"": -8.244076442718473, ""conversation"": -7.0988089561462075}",brainstorming,continuous_primal_dual_psd,6,14.1394272252944,14.139427225294344,5.5067062021407764e-14,"[0.0, 0.5037257597566165, 0.4962742402433835]",primal=Optimization terminated successfully; dual=outer=Optimization terminated successfully; inner=Optimization terminated successfully,0,47.267026314936146,0.0,,tiny12_magnitude_prune_20260503_contcert1,tiny12
magnitude_prune,triple,conversation+colorist+company,13.112547915253849,6.457820606231657,0,"[0.32562007709624685, 0.2996875127418128, 0.3746924101619403]","[0.4, 0.2, 0.4]",0.0,"{""colorist"": -6.457820606231657, ""company"": -5.404391956329313, ""conversation"": 17.901202964782748}",colorist,continuous_primal_dual_psd,6,13.112547915253849,13.112547915253849,0.0,"[0.0, 0.0, 1.0]",primal=Optimization terminated successfully; dual=outer=Optimization terminated successfully; inner=Optimization terminated successfully,1,-12.959234589073198,12.959234589073212,,tiny12_magnitude_prune_20260503_contcert1,tiny12
magnitude_prune,triple,conversation+colorist+creative,18.156640104366627,10.265961360931364,0,"[0.2, 0.2, 0.6]","[0.4, 0.4, 0.2]",5.332183837890625,"{""colorist"": -10.265961360931364, ""conversation"": -9.777370166778532, ""creative"": -7.780924510955778}",colorist,continuous_primal_dual_psd,6,18.156640104366627,18.156640104366627,0.0,"[0.0, 1.0, 0.0]",primal=Optimization terminated successfully; dual=outer=Optimization terminated successfully; inner=Optimization terminated successfully,1,-39.78939369632684,39.78939369632684,,tiny12_magnitude_prune_20260503_contcert1,tiny12
magnitude_prune,triple,conversation+colorist+docker,41.5196703584211,25.24015016555783,0,"[0.5502858131734799, 0.20281795317057694, 0.24689623365594315]","[0.2, 0.4, 0.4]",12.424147129058838,"{""colorist"": -25.24015016555783, ""conversation"": -17.06904478073117, ""docker"": -24.0928561210632}",colorist,continuous_primal_dual_psd,6,41.5196703584211,41.5196703584211,0.0,"[0.0, 0.0, 1.0]",primal=Optimization terminated successfully; dual=outer=Optimization terminated successfully; inner=Optimization terminated successfully,0,62.30354931940713,0.0,,tiny12_magnitude_prune_20260503_contcert1,tiny12
magnitude_prune,triple,conversation+colorist+empathy,5.266222003104438,-0.4960359932731766,1,"[0.38656269537330806, 0.20105481757826785, 0.41238248704842406]","[0.4, 0.2, 0.4]",0.0,"{""colorist"": 1.7361491203308432, ""conversation"": 12.246426868438753, ""empathy"": 0.4960359932731766}",empathy,continuous_primal_dual_psd,6,5.266222003104438,5.266222003104438,0.0,"[0.0, 1.0, 0.0]",primal=Optimization terminated successfully; dual=outer=Optimization terminated successfully; inner=Optimization terminated successfully,0,0.6170646141154356,0.0,,tiny12_magnitude_prune_20260503_contcert1,tiny12
magnitude_prune,triple,conversation+colorist+energy,19.563571182800615,22.130730819702116,0,"[0.45204407908524863, 0.23617833136069996, 0.31177758955405144]","[0.4, 0.4, 0.2]",1.1363744735717773,"{""colorist"": -4.508128833770719, ""conversation"": -20.19404478073117, ""energy"": -22.130730819702116}",energy,continuous_primal_dual_psd,6,19.563571182800615,19.5635711828005,1.1368683772161603e-13,"[0.23780720418187548, 0.7621927958181223, 2.34993451699592e-15]",primal=Optimization terminated successfully; dual=outer=Optimization terminated successfully; inner=Optimization terminated successfully,1,-27.27766076665865,27.27766076665865,,tiny12_magnitude_prune_20260503_contcert1,tiny12
magnitude_prune,triple,conversation+colorist+flex,33.23574383563913,11.354354095458952,0,"[0.47623092477503665, 0.2, 0.32376907522496334]","[0.6, 0.2, 0.2]",4.077780246734619,"{""colorist"": -10.041752529144254, ""conversation"": -0.40238208770748685, ""flex"": -11.354354095458952}",flex,continuous_primal_dual_psd,6,33.23574383563913,33.23574383563913,0.0,"[0.0, 0.0, 1.0]",primal=Optimization terminated successfully; dual=outer=Optimization terminated successfully; inner=Optimization terminated successfully,0,32.30194727273624,0.0,,tiny12_magnitude_prune_20260503_contcert1,tiny12
magnitude_prune,triple,conversation+colorist+gsm8k,20.384384757368597,15.248504352569547,0,"[0.4279238500386012, 0.37207614996139915, 0.19999999999999973]","[0.6, 0.2, 0.2]",1.3741135597229004,"{""colorist"": -15.248504352569547, ""conversation"": -7.247617912292448, ""gsm8k"": 0.08499317169192722}",colorist,continuous_primal_dual_psd,6,20.384384757368597,20.38438475736852,7.815970093361102e-14,"[0.14114056638865558, 0.8588594336113444, 0.0]",primal=Optimization terminated successfully; dual=outer=Optimization terminated successfully; inner=Optimization terminated successfully,1,-21.903591593942444,21.90359159394244,,tiny12_magnitude_prune_20260503_contcert1,tiny12
magnitude_prune,triple,conversation+colorist+physics,53.886345341746136,45.653417778015104,0,"[0.5999999999999867, 0.2, 0.20000000000001328]","[0.6, 0.2, 0.2]",0.0,"{""colorist"": -31.87209672927853, ""conversation"": -27.93213434219357, ""physics"": -45.653417778015104}",physics,continuous_primal_dual_psd,6,53.886345341746136,53.88634534174326,2.8776980798284058e-12,"[1.0, 0.0, 0.0]",primal=Optimization terminated successfully; dual=outer=Optimization terminated successfully; inner=Optimization terminated successfully,1,-132.21886535334042,132.21886535334042,,tiny12_magnitude_prune_20260503_contcert1,tiny12
magnitude_prune,triple,conversation+colorist+textsql,6.249391064959511,4.271426868438688,0,"[0.5002378906202581, 0.2, 0.2997621093797418]","[0.4, 0.2, 0.4]",4.983615875244141,"{""colorist"": 0.6985872268677085, ""conversation"": -4.271426868438688, ""textsql"": -0.6067854986916292}",conversation,continuous_primal_dual_psd,6,6.249391064959511,6.249391061915161,3.0443496612519994e-09,"[0.6216878191929168, 0.3783121808070828, 4.889974605048657e-16]",primal=Optimization terminated successfully; dual=outer=Optimization terminated successfully; inner=Optimization terminated successfully,1,-0.6921183731253002,0.6921183731253006,,tiny12_magnitude_prune_20260503_contcert1,tiny12
magnitude_prune,triple,conversation+company+docker,37.22417076114464,21.533337306976286,0,"[0.4145667796774938, 0.3854332203226603, 0.19999999999984586]","[0.4, 0.4, 0.2]",0.0,"{""company"": -16.42299003601071, ""conversation"": 20.430943298339876, ""docker"": -21.533337306976286}",docker,continuous_primal_dual_psd,6,37.22417076114464,37.22417076114464,0.0,"[0.0, 0.0, 1.0]",primal=Positive directional derivative for linesearch; dual=outer=Optimization terminated successfully; inner=Optimization terminated successfully,1,-13.905859878375978,13.905859878375974,,tiny12_magnitude_prune_20260503_contcert1,tiny12
magnitude_prune,triple,conversation+company+gsm8k,16.58123774202022,14.571049880981413,0,"[0.3178197876654471, 0.38519858426327863, 0.29698162807127426]","[0.6, 0.2, 0.2]",1.1363506317138672,"{""company"": -14.571049880981413, ""conversation"": -2.6345164299010904, ""gsm8k"": 11.359497833251986}",company,continuous_primal_dual_psd,6,16.58123774202022,16.58123774200303,1.7191581491715624e-11,"[0.1252816455974295, 0.8747183544025706, 0.0]",primal=Optimization terminated successfully; dual=outer=Optimization terminated successfully; inner=Optimization terminated successfully,1,-114.7695253807347,114.76952538073469,,tiny12_magnitude_prune_20260503_contcert1,tiny12
magnitude_prune,triple,conversation+company+textsql,9.038734394197004,5.124417018890348,0,"[0.2000000000001255, 0.3063611955674129, 0.49363880443246155]","[0.6, 0.2, 0.2]",7.8063249588012695,"{""company"": -5.124417018890348, ""conversation"": 23.555943298339876, ""textsql"": -1.1098809579169668}",company,continuous_primal_dual_psd,6,9.038734394197004,9.038734394197004,0.0,"[0.0, 1.0, 0.0]",primal=Optimization terminated successfully; dual=outer=Optimization terminated successfully; inner=Optimization terminated successfully,0,7.207977565467584,0.0,,tiny12_magnitude_prune_20260503_contcert1,tiny12
magnitude_prune,triple,conversation+creative+company,7.572454991441347,7.570472431182829,0,"[0.20000000000111082, 0.4246287339665013, 0.3753712660323879]","[0.2, 0.4, 0.4]",0.0,"{""company"": -5.49166507720944, ""conversation"": 14.478573131561312, ""creative"": -7.570472431182829}",creative,continuous_primal_dual_psd,6,7.572454991441347,7.572454991441347,0.0,"[0.0, 0.0, 1.0]",primal=Optimization terminated successfully; dual=outer=Optimization terminated successfully; inner=Optimization terminated successfully,1,-12.968730995765043,12.968730995765034,,tiny12_magnitude_prune_20260503_contcert1,tiny12
magnitude_prune,triple,conversation+creative+docker,28.51969392853799,27.041962814331022,0,"[0.36531840058594095, 0.43468159941405343, 0.20000000000000562]","[0.4, 0.2, 0.4]",4.491376876831055,"{""conversation"": -0.40238208770748685, ""creative"": -27.041962814331022, ""docker"": -19.152382087707487}",creative,continuous_primal_dual_psd,6,28.51969392853799,28.51969392853799,0.0,"[0.0, 0.0, 1.0]",primal=Optimization terminated successfully; dual=outer=Optimization terminated successfully; inner=Optimization terminated successfully,0,49.802740036261966,0.0,,tiny12_magnitude_prune_20260503_contcert1,tiny12
magnitude_prune,triple,conversation+creative+gsm8k,43.46349244879971,19.94784183502194,0,"[0.6000000000000135, 0.200000000000003, 0.19999999999998352]","[0.4, 0.4, 0.2]",2.11639404296875,"{""conversation"": -14.241662693023649, ""creative"": -19.94784183502194, ""gsm8k"": 0.9094088554382651}",creative,continuous_primal_dual_psd,6,43.46349244879971,43.46349244879955,1.6342482922482304e-13,"[1.0, 0.0, 0.0]",primal=Optimization terminated successfully; dual=outer=Optimization terminated successfully; inner=Optimization terminated successfully,1,-192.23168315645495,192.23168315645492,,tiny12_magnitude_prune_20260503_contcert1,tiny12
magnitude_prune,triple,conversation+creative+textsql,0.9512277701072023,7.3299676895141275,0,"[0.3889471573570817, 0.3968014776714412, 0.21425136497147712]","[0.2, 0.6, 0.2]",0.9259223937988281,"{""conversation"": 5.4011910438537925, ""creative"": -7.3299676895141275, ""textsql"": -0.9361901665876426}",creative,continuous_primal_dual_psd,6,0.9512277701072023,0.9512277701010912,6.111111616746712e-12,"[0.09550688776244129, 0.09332406066683092, 0.8111690515707278]",primal=Optimization terminated successfully; dual=outer=Optimization terminated successfully; inner=Optimization terminated successfully,0,1.2257372032857399,0.0,,tiny12_magnitude_prune_20260503_contcert1,tiny12
magnitude_prune,triple,conversation+docker+gsm8k,21.861923726949364,3.676191043853727,0,"[0.4770391555962303, 0.2, 0.3229608444037697]","[0.4, 0.4, 0.2]",19.166672229766846,"{""conversation"": -3.676191043853727, ""docker"": -3.080967140197721, ""gsm8k"": 2.8410642623901694}",conversation,continuous_primal_dual_psd,6,21.861923726949364,21.86192372694373,5.6346038945775945e-12,"[3.595230249934491e-13, 0.9999999999996405, 0.0]",primal=Optimization terminated successfully; dual=outer=Optimization terminated successfully; inner=Optimization terminated successfully,1,-6.9240944435236855,6.924094443523675,,tiny12_magnitude_prune_20260503_contcert1,tiny12
magnitude_prune,triple,conversation+docker+textsql,42.0047481355362,24.95594329833981,0,"[0.22544289599501335, 0.2, 0.5745571040049866]","[0.2, 0.4, 0.4]",1.5774011611938477,"{""conversation"": -24.95594329833981, ""docker"": -21.533337306976286, ""textsql"": -1.2086905370866232}",conversation,continuous_primal_dual_psd,6,42.0047481355362,42.0047481355362,0.0,"[0.0, 1.0, 0.0]",primal=Optimization terminated successfully; dual=outer=Optimization terminated successfully; inner=Optimization terminated successfully,1,-86.3638289223147,86.36382892231472,,tiny12_magnitude_prune_20260503_contcert1,tiny12
magnitude_prune,triple,conversation+empathy+brainstorming,10.630842757522966,9.395650100707975,0,"[0.281006783344772, 0.3508739748707199, 0.36811924178450806]","[0.2, 0.2, 0.6]",1.3157844543457031,"{""brainstorming"": -9.395650100707975, ""conversation"": 2.1273940086365073, ""empathy"": 0.10695104812120766}",brainstorming,continuous_primal_dual_psd,6,10.630842757522966,10.630842757522966,0.0,"[0.0, 0.0, 1.0]",primal=Optimization terminated successfully; dual=outer=Optimization terminated successfully; inner=Optimization terminated successfully,0,1.0214712478545644,0.0,,tiny12_magnitude_prune_20260503_contcert1,tiny12
magnitude_prune,triple,conversation+empathy+company,13.034674109531672,8.964994621276823,0,"[0.2221833714386233, 0.4541044195798915, 0.3237122089814852]","[0.4, 0.4, 0.2]",3.404974937438965,"{""company"": -8.964994621276823, ""conversation"": 16.71071939468387, ""empathy"": 1.102064450310878}",company,continuous_primal_dual_psd,6,13.034674109531672,13.034674109531672,0.0,"[0.0, 0.0, 1.0]",primal=Optimization terminated successfully; dual=outer=Optimization terminated successfully; inner=Optimization terminated successfully,0,4.483026989500355,0.0,,tiny12_magnitude_prune_20260503_contcert1,tiny12
magnitude_prune,triple,conversation+empathy+creative,-0.5516193107988335,-0.6920715437593125,1,"[0.5267441654569445, 0.2608033702128208, 0.2124524643302348]","[0.4, 0.2, 0.4]",7.239823638028079,"{""conversation"": 17.00833730697635, ""creative"": 1.645478534698519, ""empathy"": 0.6920715437593125}",empathy,continuous_primal_dual_psd,6,-0.5516193107988335,-0.5516193107988335,0.0,"[0.0, 1.0, 0.0]",primal=Optimization terminated successfully; dual=outer=Optimization terminated successfully; inner=Optimization terminated successfully,1,-3.9700238739562064,3.9700238739562064,,tiny12_magnitude_prune_20260503_contcert1,tiny12
magnitude_prune,triple,conversation+empathy+docker,23.806823142472286,21.086910438537565,0,"[0.2, 0.6000000000000022, 0.19999999999999774]","[0.2, 0.4, 0.4]",1.755964756011963,"{""conversation"": -21.086910438537565, ""docker"": -15.461912822723356, ""empathy"": -0.7464297637908265}",conversation,continuous_primal_dual_psd,6,23.806823142472286,23.806823142472286,0.0,"[0.0, 0.0, 1.0]",primal=Optimization terminated successfully; dual=outer=Optimization terminated successfully; inner=Optimization terminated successfully,1,-39.267297937247285,39.267297937247285,,tiny12_magnitude_prune_20260503_contcert1,tiny12
magnitude_prune,triple,conversation+empathy+gsm8k,12.514398741018233,-0.292397346465804,1,"[0.2356896247991639, 0.5643103751999543, 0.2000000000008818]","[0.6, 0.2, 0.2]",0.14444687485332677,"{""conversation"": 6.442865657806429, ""empathy"": 0.292397346465804, ""gsm8k"": 7.842442321777376}",empathy,continuous_primal_dual_psd,6,12.514398741018233,12.514398741018233,0.0,"[1.0, 0.0, 0.0]",primal=Optimization terminated successfully; dual=outer=Optimization terminated successfully; inner=Optimization terminated successfully,1,-144.257206092792,144.25720609279196,,tiny12_magnitude_prune_20260503_contcert1,tiny12
magnitude_prune,triple,conversation+empathy+textsql,0.6062779911421536,0.5239284539305717,0,"[0.3242827019168369, 0.37903454627536864, 0.29668275180779446]","[0.2, 0.4, 0.4]",0.5030958938282475,"{""conversation"": 3.91310148239139, ""empathy"": 0.11428183041078861, ""textsql"": -0.5239284539305717}",textsql,continuous_primal_dual_psd,6,0.6062779911421536,0.606277991086371,5.578260076077868e-11,"[0.054378796414312834, 0.0, 0.9456212035856871]",primal=Optimization terminated successfully; dual=outer=Optimization terminated successfully; inner=Optimization terminated successfully,0,2.267029761332531,0.0,,tiny12_magnitude_prune_20260503_contcert1,tiny12
magnitude_prune,triple,conversation+energy+brainstorming,22.505316276682713,18.15094060897824,0,"[0.2926666845393069, 0.2, 0.5073333154606932]","[0.4, 0.2, 0.4]",0.9999990463256836,"{""brainstorming"": -15.67995853424069, ""conversation"": -4.717853736877409, ""energy"": -18.15094060897824}",energy,continuous_primal_dual_psd,6,22.505316276682713,22.505316276682713,0.0,"[0.0, 1.0, 0.0]",primal=Optimization terminated successfully; dual=outer=Optimization terminated successfully; inner=Optimization terminated successfully,1,-3.1763205705038047,3.1763205705038002,,tiny12_magnitude_prune_20260503_contcert1,tiny12
magnitude_prune,triple,conversation+energy+company,30.673627054485564,25.193515491485563,0,"[0.5535222238750378, 0.20000000000000134, 0.2464777761249608]","[0.6, 0.2, 0.2]",0.0,"{""company"": -17.722418975830045, ""conversation"": 1.978573131561312, ""energy"": -25.193515491485563}",energy,continuous_primal_dual_psd,6,30.673627054485564,30.673627054485394,1.7053025658242404e-13,"[0.0, 0.5846717806394395, 0.41532821936056064]",primal=Optimization terminated successfully; dual=outer=Optimization terminated successfully; inner=Optimization terminated successfully,0,8.519145968550063,0.0,,tiny12_magnitude_prune_20260503_contcert1,tiny12
magnitude_prune,triple,conversation+energy+creative,26.409012652300987,22.205069732665983,0,"[0.2, 0.2, 0.6]","[0.2, 0.2, 0.6]",0.0,"{""conversation"": -10.670235824584928, ""creative"": -14.724150371551481, ""energy"": -22.205069732665983}",energy,continuous_primal_dual_psd,6,26.409012652300987,26.409012652300987,0.0,"[0.0, 1.0, 0.0]",primal=Optimization terminated successfully; dual=outer=Optimization terminated successfully; inner=Optimization terminated successfully,1,-63.45753301024387,63.45753301024387,,tiny12_magnitude_prune_20260503_contcert1,tiny12
magnitude_prune,triple,conversation+energy+docker,57.67723627090428,35.718754005432096,0,"[0.2, 0.6, 0.19999999999999996]","[0.2, 0.4, 0.4]",0.30663013458251953,"{""conversation"": -34.92619104385373, ""docker"": -22.842863273620573, ""energy"": -35.718754005432096}",energy,continuous_primal_dual_psd,6,57.67723627090428,57.67723627090428,0.0,"[0.0, 0.0, 1.0]",primal=Optimization terminated successfully; dual=outer=Optimization terminated successfully; inner=Optimization terminated successfully,1,-56.335705176186906,64.34199530865969,,tiny12_magnitude_prune_20260503_contcert1,tiny12
magnitude_prune,triple,conversation+energy+empathy,13.02044425418223,16.773584556579557,0,"[0.31873625172460757, 0.23708844348734529, 0.4441753047880471]","[0.2, 0.4, 0.4]",1.7157554626464844,"{""conversation"": -6.205943298339811, ""empathy"": 0.31058969492858024, ""energy"": -16.773584556579557}",energy,continuous_primal_dual_psd,6,13.02044425418223,13.02044425418223,0.0,"[0.0, 1.0, 0.0]",primal=Optimization terminated successfully; dual=outer=Optimization terminated successfully; inner=Optimization terminated successfully,0,0.83707130800531,0.0,,tiny12_magnitude_prune_20260503_contcert1,tiny12
magnitude_prune,triple,conversation+energy+gsm8k,40.386385829791244,35.045602989196745,0,"[0.6, 0.2, 0.19999999999999996]","[0.6, 0.2, 0.2]",0.0,"{""conversation"": -18.85475225448605, ""energy"": -35.045602989196745, ""gsm8k"": 2.64051847457889}",energy,continuous_primal_dual_psd,6,40.386385829791244,40.386385829791244,0.0,"[1.0, 0.0, 0.0]",primal=Optimization terminated successfully; dual=outer=Optimization terminated successfully; inner=Optimization terminated successfully,1,-91.81246619085493,91.81246619085493,,tiny12_magnitude_prune_20260503_contcert1,tiny12
magnitude_prune,triple,conversation+energy+physics,63.6457831382734,54.95293445587155,0,"[0.6000000000000139, 0.2000000000000021, 0.19999999999998408]","[0.4, 0.4, 0.2]",0.10352134704589844,"{""conversation"": -45.19404478073117, ""energy"": -41.118457984924284, ""physics"": -54.95293445587155}",physics,continuous_primal_dual_psd,6,63.6457831382734,63.6457831382734,0.0,"[1.0, 0.0, 0.0]",primal=Optimization terminated successfully; dual=outer=Optimization terminated successfully; inner=Optimization terminated successfully,1,-177.62531065165655,180.5738971102692,,tiny12_magnitude_prune_20260503_contcert1,tiny12
magnitude_prune,triple,conversation+energy+textsql,18.28513838765741,20.992210578918424,0,"[0.33767873469738935, 0.20000000000000245, 0.4623212653026082]","[0.4, 0.2, 0.4]",0.0,"{""conversation"": -4.271426868438688, ""energy"": -20.992210578918424, ""textsql"": -0.5933336694262515}",energy,continuous_primal_dual_psd,6,18.28513838765741,18.285138387657394,1.4210854715202004e-14,"[8.937295348232431e-15, 0.9999999999999911, 0.0]",primal=Optimization terminated successfully; dual=outer=Optimization terminated successfully; inner=Optimization terminated successfully,0,5.143697735520281,0.0,,tiny12_magnitude_prune_20260503_contcert1,tiny12
magnitude_prune,triple,conversation+flex+brainstorming,29.1040673726973,15.843013000488249,0,"[0.36031905412700543, 0.2, 0.43968094587299456]","[0.2, 0.2, 0.6]",5.760860443115234,"{""brainstorming"": -15.843013000488249, ""conversation"": 1.978573131561312, ""flex"": -8.619275760650602}",brainstorming,continuous_primal_dual_psd,6,29.1040673726973,29.1040673726973,0.0,"[0.0, 1.0, 0.0]",primal=Optimization terminated successfully; dual=outer=Optimization terminated successfully; inner=Optimization terminated successfully,0,92.06380503586999,0.0,,tiny12_magnitude_prune_20260503_contcert1,tiny12
magnitude_prune,triple,conversation+flex+company,43.24035720111479,19.851020050048795,0,"[0.534657884130386, 0.2653421158695597, 0.20000000000005436]","[0.6, 0.2, 0.2]",0.0,"{""company"": -19.851020050048795, ""conversation"": 15.669044780731234, ""flex"": -14.844062995910612}",company,continuous_primal_dual_psd,6,43.24035720111479,43.24035720111479,0.0,"[0.0, 1.0, 0.0]",primal=Optimization terminated successfully; dual=outer=Optimization terminated successfully; inner=Optimization terminated successfully,0,12.503353573704622,0.0,,tiny12_magnitude_prune_20260503_contcert1,tiny12
magnitude_prune,triple,conversation+flex+creative,29.6010855431351,9.355011653900114,0,"[0.5088525272334937, 0.2842364643115915, 0.20691100845491484]","[0.4, 0.2, 0.4]",7.334649562835693,"{""conversation"": 7.633337306976351, ""creative"": -9.355011653900114, ""flex"": -6.67419738769528}",creative,continuous_primal_dual_psd,6,29.6010855431351,29.6010855431351,0.0,"[0.0, 1.0, 0.0]",primal=Optimization terminated successfully; dual=outer=Optimization terminated successfully; inner=Optimization terminated successfully,0,68.62604881703167,0.0,,tiny12_magnitude_prune_20260503_contcert1,tiny12
magnitude_prune,triple,conversation+flex+docker,77.22536406806586,41.4142877578735,0,"[0.39659855431547464, 0.2, 0.4034014456845254]","[0.6, 0.2, 0.2]",3.491330146789551,"{""conversation"": -1.4440447807311685, ""docker"": -41.4142877578735, ""flex"": -21.905222606658903}",docker,continuous_primal_dual_psd,6,77.22536406806586,77.22536404360231,2.4463545855724078e-08,"[2.3818758875509734e-12, 0.07394491448762265, 0.9260550855099955]",primal=Positive directional derivative for linesearch; dual=outer=Optimization terminated successfully; inner=Optimization terminated successfully,1,-231.8654185896333,231.8654185896333,,tiny12_magnitude_prune_20260503_contcert1,tiny12
magnitude_prune,triple,conversation+flex+empathy,28.900499803334746,9.076920223236051,0,"[0.41309228764004946, 0.23612939051657608, 0.35077832184337443]","[0.4, 0.2, 0.4]",0.0,"{""conversation"": 5.4011910438537925, ""empathy"": 0.10695104812120766, ""flex"": -9.076920223236051}",flex,continuous_primal_dual_psd,6,28.900499803334746,28.900499803334746,0.0,"[0.0, 1.0, 0.0]",primal=Optimization terminated successfully; dual=outer=Optimization terminated successfully; inner=Optimization terminated successfully,0,1.2125991493955222,0.0,,tiny12_magnitude_prune_20260503_contcert1,tiny12
magnitude_prune,triple,conversation+flex+energy,45.090890297489224,34.644439888000456,0,"[0.4650065059699449, 0.2, 0.3349934940300551]","[0.4, 0.2, 0.4]",0.0,"{""conversation"": -20.045223903655973, ""energy"": -34.644439888000456, ""flex"": -21.172407341003385}",energy,continuous_primal_dual_psd,6,45.090890297489224,45.090890297489224,0.0,"[0.0, 1.0, 0.0]",primal=Optimization terminated successfully; dual=outer=Optimization terminated successfully; inner=Optimization terminated successfully,0,3.10235535087652,0.0,,tiny12_magnitude_prune_20260503_contcert1,tiny12
magnitude_prune,triple,conversation+flex+gsm8k,43.81992296587918,21.80168933868405,0,"[0.5735051343753005, 0.22649486562473226, 0.19999999999996732]","[0.6, 0.2, 0.2]",0.0,"{""conversation"": -14.39047164916989, ""flex"": -21.80168933868405, ""gsm8k"": 4.812142181396517}",flex,continuous_primal_dual_psd,6,43.81992296587918,43.819922965874056,5.123013124830322e-12,"[0.0, 1.0, 0.0]",primal=Optimization terminated successfully; dual=outer=Optimization terminated successfully; inner=Optimization terminated successfully,1,-12.15535060157324,12.155350601573241,,tiny12_magnitude_prune_20260503_contcert1,tiny12
magnitude_prune,triple,conversation+flex+physics,57.20924187673222,50.208285522460905,0,"[0.3372157802135536, 0.46278421978671996, 0.1999999999997264]","[0.6, 0.2, 0.2]",1.5959382057189941,"{""conversation"": -16.473797035217252, ""flex"": -28.90637226104733, ""physics"": -50.208285522460905}",physics,continuous_primal_dual_psd,6,57.20924187673222,57.20924187673222,0.0,"[0.0, 1.0, 0.0]",primal=Optimization terminated successfully; dual=outer=Optimization terminated successfully; inner=Optimization terminated successfully,1,-174.2105902654226,174.2105902654226,,tiny12_magnitude_prune_20260503_contcert1,tiny12
magnitude_prune,triple,conversation+flex+textsql,30.973725186609563,12.337794971466032,0,"[0.460345885740347, 0.2000000000000066, 0.3396541142596464]","[0.6, 0.2, 0.2]",2.2774338722229004,"{""conversation"": 0.3416746139526694, ""flex"": -12.337794971466032, ""textsql"": -1.2735715362908653}",flex,continuous_primal_dual_psd,6,30.973725186609563,30.973725186609563,0.0,"[0.0, 1.0, 0.0]",primal=Optimization terminated successfully; dual=outer=Optimization terminated successfully; inner=Optimization terminated successfully,0,14.34102758692879,0.0,,tiny12_magnitude_prune_20260503_contcert1,tiny12
magnitude_prune,triple,conversation+gsm8k+textsql,12.202802371978741,5.1642925262450845,0,"[0.6, 0.2, 0.19999999999999996]","[0.6, 0.2, 0.2]",0.0,"{""conversation"": -5.1642925262450845, ""gsm8k"": 0.33352069854739597, ""textsql"": -1.2455948431757142}",conversation,continuous_primal_dual_psd,6,12.202802371978741,12.202802371978741,0.0,"[1.0, 0.0, 0.0]",primal=Optimization terminated successfully; dual=outer=Optimization terminated successfully; inner=Optimization terminated successfully,0,2.743143668996553,0.0,,tiny12_magnitude_prune_20260503_contcert1,tiny12
magnitude_prune,triple,conversation+physics+brainstorming,18.053431225643426,32.67895288467404,0,"[0.33529433261284636, 0.2, 0.4647056673871537]","[0.2, 0.2, 0.6]",0.1035451889038086,"{""brainstorming"": -19.069555473327604, ""conversation"": -2.48570747375485, ""physics"": -32.67895288467404}",physics,continuous_primal_dual_psd,6,18.053431225643426,18.053431225643426,0.0,"[0.0, 0.0, 1.0]",primal=Optimization terminated successfully; dual=outer=Optimization terminated successfully; inner=Optimization terminated successfully,1,-32.185325046978825,32.185325046978825,,tiny12_magnitude_prune_20260503_contcert1,tiny12
magnitude_prune,triple,conversation+physics+company,19.916538729014015,41.48675508499142,0,"[0.3628617945308218, 0.2772324471327526, 0.3599057583364256]","[0.4, 0.2, 0.4]",0.0,"{""company"": -7.582405281066862, ""conversation"": 0.7881014823913901, ""physics"": -41.48675508499142}",physics,continuous_primal_dual_psd,6,19.916538729014015,19.916538729012018,1.9966250874858815e-12,"[0.2201834491377557, 0.7798165508622139, 3.0226153882335204e-14]",primal=Optimization terminated successfully; dual=outer=Optimization terminated successfully; inner=Optimization terminated successfully,0,47.00295655514756,0.0,,tiny12_magnitude_prune_20260503_contcert1,tiny12
magnitude_prune,triple,conversation+physics+creative,29.221179049625,42.48746938705441,0,"[0.46931134641963973, 0.20000000000001425, 0.33068865358034605]","[0.2, 0.2, 0.6]",0.7849931716918945,"{""conversation"": -26.741674613952604, ""creative"": -24.920180511474577, ""physics"": -42.48746938705441}",physics,continuous_primal_dual_psd,6,29.221179049625,29.221179049600476,2.4524382524759858e-11,"[0.48100874752305556, 0.5189912524769443, 1.6075967961915142e-16]",primal=Optimization terminated successfully; dual=outer=Optimization terminated successfully; inner=Optimization terminated successfully,1,-93.61556502970018,93.61556502970018,,tiny12_magnitude_prune_20260503_contcert1,tiny12
magnitude_prune,triple,conversation+physics+docker,50.199939338661714,58.22245187759396,0,"[0.4362071188455888, 0.20000000000000678, 0.36379288115440445]","[0.6, 0.2, 0.2]",3.5714149475097656,"{""conversation"": -22.128573131561247, ""docker"": -50.045231056213346, ""physics"": -58.22245187759396}",physics,continuous_primal_dual_psd,6,50.199939338661714,50.199939338661714,0.0,"[0.0, 0.0, 1.0]",primal=Optimization terminated successfully; dual=outer=Optimization terminated successfully; inner=Optimization terminated successfully,1,-2.369498313628384,2.36949831362842,,tiny12_magnitude_prune_20260503_contcert1,tiny12
magnitude_prune,triple,conversation+physics+empathy,20.80665041850635,39.312854480743376,0,"[0.2273484153942538, 0.21978962203586927, 0.552861962569877]","[0.2, 0.4, 0.4]",0.500333309173584,"{""conversation"": -31.503573131561247, ""empathy"": -1.0269087885257964, ""physics"": -39.312854480743376}",physics,continuous_primal_dual_psd,6,20.80665041850635,20.806650418462677,4.367350925349456e-11,"[0.36303764034164826, 0.6369623596583518, 0.0]",primal=Optimization terminated successfully; dual=outer=Optimization terminated successfully; inner=Optimization terminated successfully,1,-36.140897444174996,36.140897444174975,,tiny12_magnitude_prune_20260503_contcert1,tiny12
magnitude_prune,triple,conversation+physics+gsm8k,90.8420994697549,58.826306533813444,0,"[0.6, 0.2, 0.19999999999999996]","[0.6, 0.2, 0.2]",0.0,"{""conversation"": -46.38451642990109, ""gsm8k"": -11.417463493347135, ""physics"": -58.826306533813444}",physics,continuous_primal_dual_psd,6,90.8420994697549,90.84209946975238,2.5153212845907547e-12,"[1.0, 0.0, 0.0]",primal=Optimization terminated successfully; dual=outer=Optimization terminated successfully; inner=Optimization terminated successfully,1,-172.5973796330518,172.59737963305176,,tiny12_magnitude_prune_20260503_contcert1,tiny12
magnitude_prune,triple,conversation+physics+textsql,25.24281156493325,48.33633012771603,0,"[0.5587983238975158, 0.2, 0.24120167610248422]","[0.6, 0.2, 0.2]",0.0,"{""conversation"": -14.241662693023649, ""physics"": -48.33633012771603, ""textsql"": -1.5826189692870483}",physics,continuous_primal_dual_psd,6,25.24281156493325,25.242811564932627,6.217248937900877e-13,"[0.9999999999995803, 4.1977532561059554e-13, 0.0]",primal=Optimization terminated successfully; dual=outer=Optimization terminated successfully; inner=Optimization terminated successfully,0,0.8905027787227364,0.0,,tiny12_magnitude_prune_20260503_contcert1,tiny12
magnitude_prune,triple,creative+company+docker,29.940879487977863,25.408366394042936,0,"[0.45472146067099223, 0.3452785393290353, 0.19999999999997242]","[0.4, 0.4, 0.2]",0.0,"{""company"": -22.555223178863493, ""creative"": -25.408366394042936, ""docker"": -25.34286088943478}",creative,continuous_primal_dual_psd,6,29.940879487977863,29.940879487977863,0.0,"[0.0, 0.0, 1.0]",primal=Optimization terminated successfully; dual=outer=Optimization terminated successfully; inner=Optimization terminated successfully,1,-21.47740868332599,21.47740868332599,,tiny12_magnitude_prune_20260503_contcert1,tiny12
magnitude_prune,triple,creative+company+gsm8k,15.693408174621766,22.461071681976286,0,"[0.4046277902667972, 0.36176328909540867, 0.23360892063779415]","[0.4, 0.4, 0.2]",0.0,"{""company"": -20.563319396972624, ""creative"": -22.461071681976286, ""gsm8k"": 24.49025802612308}",creative,continuous_primal_dual_psd,6,15.693408174621766,15.693408174615271,6.494360604847316e-12,"[2.359057393869199e-12, 0.999999999997641, 0.0]",primal=Optimization terminated successfully; dual=outer=Optimization terminated successfully; inner=Optimization terminated successfully,1,-4.452478904206712,4.452478904206712,,tiny12_magnitude_prune_20260503_contcert1,tiny12
magnitude_prune,triple,creative+company+textsql,7.156015954562754,10.43182916641232,0,"[0.5222299410223572, 0.27026072984924276, 0.20750932912840003]","[0.4, 0.4, 0.2]",0.9259223937988281,"{""company"": -6.464985084533659, ""creative"": -10.43182916641232, ""textsql"": -0.7773810480970708}",creative,continuous_primal_dual_psd,6,7.156015954562754,7.15601595456275,4.440892098500626e-15,"[0.9999999999999925, 7.438494264988492e-15, 0.0]",primal=Optimization terminated successfully; dual=outer=Optimization terminated successfully; inner=Optimization terminated successfully,0,10.415366989190183,0.0,,tiny12_magnitude_prune_20260503_contcert1,tiny12
magnitude_prune,triple,creative+docker+gsm8k,52.72181603776706,44.326725673675504,0,"[0.26031935113112564, 0.5396806488688788, 0.19999999999999551]","[0.4, 0.4, 0.2]",7.9286932945251465,"{""creative"": -44.326725673675504, ""docker"": -35.22380895614621, ""gsm8k"": -16.000643444061247}",creative,continuous_primal_dual_psd,6,52.72181603776706,52.72181603772889,3.817035576503258e-11,"[0.0, 0.9999999999992222, 7.778921214650784e-13]",primal=Optimization terminated successfully; dual=outer=Optimization terminated successfully; inner=Optimization terminated successfully,1,-95.19205894655606,95.19205894655606,,tiny12_magnitude_prune_20260503_contcert1,tiny12
magnitude_prune,triple,creative+docker+textsql,28.248424589111266,32.152000141143766,0,"[0.4661851298843811, 0.20000000000001422, 0.33381487011560473]","[0.4, 0.2, 0.4]",0.0,"{""creative"": -32.152000141143766, ""docker"": -25.342872810363737, ""textsql"": -0.5353572066506427}",creative,continuous_primal_dual_psd,6,28.248424589111266,28.248424589093165,1.8101076193488552e-11,"[0.418116779127049, 0.581883220872951, 0.0]",primal=Optimization terminated successfully; dual=outer=Optimization terminated successfully; inner=Optimization terminated successfully,1,-62.96752850159231,62.96752850159231,,tiny12_magnitude_prune_20260503_contcert1,tiny12
magnitude_prune,triple,creative+gsm8k+textsql,10.900214385986331,21.294644546508756,0,"[0.6, 0.2, 0.19999999999999996]","[0.4, 0.2, 0.4]",0.9800434112548828,"{""creative"": -21.294644546508756, ""gsm8k"": 7.2322576522827475, ""textsql"": -0.5404768289285617}",creative,continuous_primal_dual_psd,6,10.900214385986331,10.900214385986331,0.0,"[1.0, 0.0, 0.0]",primal=Optimization terminated successfully; dual=outer=Optimization terminated successfully; inner=Optimization terminated successfully,0,2.8693137952083285,0.0,,tiny12_magnitude_prune_20260503_contcert1,tiny12
magnitude_prune,triple,docker+gsm8k+textsql,44.62743602449896,16.652384471893278,0,"[0.2, 0.20000000000002868, 0.5999999999999713]","[0.4, 0.4, 0.2]",4.999995231628418,"{""docker"": -16.652384471893278, ""gsm8k"": -10.843303871154752, ""textsql"": -0.8433337780769791}",docker,continuous_primal_dual_psd,6,44.62743602449896,44.62743602449896,0.0,"[1.0, 0.0, 0.0]",primal=Optimization terminated successfully; dual=outer=Optimization terminated successfully; inner=Optimization terminated successfully,1,-313.4398051678215,313.4398051678215,,tiny12_magnitude_prune_20260503_contcert1,tiny12
magnitude_prune,triple,empathy+brainstorming+company,14.088265247631966,6.62391490936276,0,"[0.2000000000000002, 0.5377885473930831, 0.2622114526069167]","[0.2, 0.6, 0.2]",0.0,"{""brainstorming"": -6.363609504699674, ""company"": -6.62391490936276, ""empathy"": 0.25628540635895064}",company,continuous_primal_dual_psd,6,14.088265247631966,14.088265247631814,1.5276668818842154e-13,"[0.0, 0.9999999999999729, 2.703393064962183e-14]",primal=Optimization terminated successfully; dual=outer=Optimization terminated successfully; inner=Optimization terminated successfully,1,-3.438843598124194,3.4388435981241905,,tiny12_magnitude_prune_20260503_contcert1,tiny12
magnitude_prune,triple,empathy+brainstorming+creative,10.46643784972763,9.395650100707975,0,"[0.3495888656513405, 0.20000000000022217, 0.4504111343484374]","[0.4, 0.4, 0.2]",2.4027347564697266,"{""brainstorming"": -9.395650100707975, ""creative"": -6.3427240371703775, ""empathy"": 0.14795047161247724}",brainstorming,continuous_primal_dual_psd,6,10.46643784972763,10.46643784972763,0.0,"[0.0, 1.0, 0.0]",primal=Optimization terminated successfully; dual=outer=Optimization terminated successfully; inner=Optimization terminated successfully,1,-9.181576275885774,9.181576275885767,,tiny12_magnitude_prune_20260503_contcert1,tiny12
magnitude_prune,triple,empathy+brainstorming+docker,24.44876083017609,20.461908054351774,0,"[0.4549438263653536, 0.345056173634734, 0.19999999999991247]","[0.4, 0.4, 0.2]",0.0,"{""brainstorming"": -14.558699798583952, ""docker"": -20.461908054351774, ""empathy"": -0.6456961542174164}",docker,continuous_primal_dual_psd,6,24.44876083017609,24.448760830175374,7.176481631177012e-13,"[0.0, 1.0152989560196027e-13, 0.9999999999998985]",primal=Optimization terminated successfully; dual=outer=Optimization terminated successfully; inner=Optimization terminated successfully,1,-0.2684238813712536,0.2684238813712537,,tiny12_magnitude_prune_20260503_contcert1,tiny12
magnitude_prune,triple,empathy+brainstorming+gsm8k,7.195447806491131,10.874489021301237,0,"[0.4396049551342746, 0.24493852243498804, 0.3154565224307373]","[0.4, 0.4, 0.2]",8.32662582397461,"{""brainstorming"": -10.874489021301237, ""empathy"": -0.20013593562230883, ""gsm8k"": 10.341414737701449}",brainstorming,continuous_primal_dual_psd,6,7.195447806491131,7.195447806491131,0.0,"[0.0, 1.0, 0.0]",primal=Optimization terminated successfully; dual=outer=Optimization terminated successfully; inner=Optimization terminated successfully,1,-5.303461859545509,5.303461859545508,,tiny12_magnitude_prune_20260503_contcert1,tiny12
magnitude_prune,triple,empathy+brainstorming+textsql,10.333487882287521,10.874489021301237,0,"[0.2000000000001317, 0.2, 0.5999999999998683]","[0.2, 0.6, 0.2]",12.903285026550293,"{""brainstorming"": -10.874489021301237, ""empathy"": -0.6380948290443531, ""textsql"": -0.8764292242642294}",brainstorming,continuous_primal_dual_psd,6,10.333487882287521,10.333487882287521,0.0,"[0.0, 1.0, 0.0]",primal=Optimization terminated successfully; dual=outer=Optimization terminated successfully; inner=Optimization terminated successfully,1,-39.860633894506634,39.86063389450663,,tiny12_magnitude_prune_20260503_contcert1,tiny12
magnitude_prune,triple,empathy+company+docker,27.914074134825945,17.961910438537565,0,"[0.6000000000000157, 0.20000000000000268, 0.19999999999998153]","[0.6, 0.2, 0.2]",0.0,"{""company"": -15.585544776916471, ""docker"": -17.961910438537565, ""empathy"": 0.20741234366296205}",docker,continuous_primal_dual_psd,6,27.914074134825945,27.91407413482468,1.2647660696529783e-12,"[0.0, 0.0, 1.0]",primal=Optimization terminated successfully; dual=outer=Optimization terminated successfully; inner=Optimization terminated successfully,0,2.510106275265599,0.0,,tiny12_magnitude_prune_20260503_contcert1,tiny12
magnitude_prune,triple,empathy+company+gsm8k,7.772974546026859,15.930572223663297,0,"[0.43063704862405894, 0.27554532191741377, 0.2938176294585273]","[0.6, 0.2, 0.2]",0.11775493621826172,"{""company"": -15.930572223663297, ""empathy"": 0.29728527263726356, ""gsm8k"": 15.080532360076937}",company,continuous_primal_dual_psd,6,7.772974546026859,7.772974546026788,7.105427357601002e-14,"[0.0, 1.0, 0.0]",primal=Optimization terminated successfully; dual=outer=Optimization terminated successfully; inner=Optimization terminated successfully,0,3.8774394473781912,0.0,,tiny12_magnitude_prune_20260503_contcert1,tiny12
magnitude_prune,triple,empathy+company+textsql,7.084832066056826,13.297978115081754,0,"[0.3282097037290693, 0.2750162989620423, 0.3967739973088884]","[0.4, 0.4, 0.2]",1.0416746139526367,"{""company"": -13.297978115081754, ""empathy"": 0.16342676435138961, ""textsql"": -1.0535720665064154}",company,continuous_primal_dual_psd,6,7.084832066056826,7.084832066056826,0.0,"[0.0, 1.0, 0.0]",primal=Optimization terminated successfully; dual=outer=Optimization terminated successfully; inner=Optimization terminated successfully,1,-0.7762069796934896,0.7762069796934895,,tiny12_magnitude_prune_20260503_contcert1,tiny12
magnitude_prune,triple,empathy+creative+company,13.854881599642376,6.169560623168913,0,"[0.21864461358974693, 0.24753764171888593, 0.5338177446913671]","[0.4, 0.4, 0.2]",14.434230327606201,"{""company"": -2.2266776084899575, ""creative"": -6.169560623168913, ""empathy"": 0.5036390895944133}",creative,continuous_primal_dual_psd,6,13.854881599642376,13.854881599633142,9.233502851202502e-12,"[1.8669632372929235e-13, 0.10106007115870096, 0.8989399288411123]",primal=Optimization terminated successfully; dual=outer=Optimization terminated successfully; inner=Optimization terminated successfully,1,-89.64436790039919,89.64436790039919,,tiny12_magnitude_prune_20260503_contcert1,tiny12
magnitude_prune,triple,empathy+creative+docker,18.2531358669697,23.651543331146208,0,"[0.5697018395442477, 0.2, 0.23029816045575235]","[0.4, 0.2, 0.4]",1.6913294792175293,"{""creative"": -23.651543331146208, ""docker"": -14.271429252624479, ""empathy"": -1.0402123252430262}",creative,continuous_primal_dual_psd,6,18.2531358669697,18.2531358669697,0.0,"[0.0, 0.0, 1.0]",primal=Optimization terminated successfully; dual=outer=Optimization terminated successfully; inner=Optimization terminated successfully,1,-20.34089696305844,20.340896963058455,,tiny12_magnitude_prune_20260503_contcert1,tiny12
magnitude_prune,triple,empathy+creative+gsm8k,1.9439511064778898,10.143211555480924,0,"[0.480749897961761, 0.31925010204138254, 0.19999999999685647]","[0.4, 0.4, 0.2]",0.0,"{""creative"": -10.143211555480924, ""empathy"": -0.14854814556358642, ""gsm8k"": 9.402152824401888}",creative,continuous_primal_dual_psd,6,1.9439511064778898,1.9439511064778898,0.0,"[0.0, 1.0, 0.0]",primal=Optimization terminated successfully; dual=outer=Optimization terminated successfully; inner=Optimization terminated successfully,1,-26.8321510984513,26.832151098451295,,tiny12_magnitude_prune_20260503_contcert1,tiny12
magnitude_prune,triple,empathy+creative+textsql,3.6166787862776886,2.255407047271696,0,"[0.29999997879343815, 0.5000000212065692, 0.19999999999999263]","[0.4, 0.4, 0.2]",2.3268699645996094,"{""creative"": -2.255407047271696, ""empathy"": 0.30515846905493926, ""textsql"": -1.009047867599094}",creative,continuous_primal_dual_psd,6,3.6166787862776886,3.6166787862776886,0.0,"[0.0, 1.0, 0.0]",primal=Optimization terminated successfully; dual=outer=Optimization terminated successfully; inner=Optimization terminated successfully,0,1.5258252123510814,0.0,,tiny12_magnitude_prune_20260503_contcert1,tiny12
magnitude_prune,triple,empathy+docker+gsm8k,24.364492699699838,12.62069053649899,0,"[0.5126601138079759, 0.2, 0.287339886192024]","[0.4, 0.4, 0.2]",11.472165584564209,"{""docker"": -8.080950450897184, ""empathy"": -1.1876471270648292, ""gsm8k"": -12.62069053649899}",gsm8k,continuous_primal_dual_psd,6,24.364492699699838,24.364492699699838,0.0,"[0.0, 1.0, 0.0]",primal=Optimization terminated successfully; dual=outer=Optimization terminated successfully; inner=Optimization terminated successfully,1,-3.9982182911713693,3.9982182911713986,,tiny12_magnitude_prune_20260503_contcert1,tiny12
magnitude_prune,triple,empathy+docker+textsql,27.048024182896796,13.021436405181852,0,"[0.48328032957088135, 0.20000000000002804, 0.31671967042909066]","[0.4, 0.4, 0.2]",4.940474033355713,"{""docker"": -13.021436405181852, ""empathy"": -1.6334792169045493, ""textsql"": -0.965594964864529}",docker,continuous_primal_dual_psd,6,27.048024182896796,27.048024182896796,0.0,"[0.0, 1.0, 0.0]",primal=Optimization terminated successfully; dual=outer=Optimization terminated successfully; inner=Optimization terminated successfully,1,-3.3694107876587704,3.3694107876587704,,tiny12_magnitude_prune_20260503_contcert1,tiny12
magnitude_prune,triple,empathy+gsm8k+textsql,0.3920678815215304,0.5797182280371012,0,"[0.4325993469897256, 0.2341377231971327, 0.33326292981314176]","[0.2, 0.2, 0.6]",0.04051996912572542,"{""empathy"": -0.5797182280371012, ""gsm8k"": 6.7454903602600425, ""textsql"": -0.04428590613185721}",empathy,continuous_primal_dual_psd,6,0.3920678815215304,0.39206788151154326,9.987122240318058e-12,"[0.699884335013722, 0.0, 0.30011566498627795]",primal=Optimization terminated successfully; dual=outer=Optimization terminated successfully; inner=Optimization terminated successfully,0,4.508202140633093,0.0,,tiny12_magnitude_prune_20260503_contcert1,tiny12
magnitude_prune,triple,energy+brainstorming+company,21.11882672981278,16.72189540863034,0,"[0.20000000000007612, 0.518057487131368, 0.2819425128685559]","[0.2, 0.4, 0.4]",0.9261727333068848,"{""brainstorming"": -11.952832412719694, ""company"": -16.72189540863034, ""energy"": -13.648071956634489}",company,continuous_primal_dual_psd,6,21.11882672981278,21.11882672981278,0.0,"[0.0, 0.0, 1.0]",primal=Optimization terminated successfully; dual=outer=Optimization terminated successfully; inner=Optimization terminated successfully,1,-16.62202466924603,16.622024669246027,,tiny12_magnitude_prune_20260503_contcert1,tiny12
magnitude_prune,triple,energy+brainstorming+creative,31.26859025984777,19.62569065093991,0,"[0.2, 0.20000000000024776, 0.5999999999997523]","[0.2, 0.6, 0.2]",4.571437835693359,"{""brainstorming"": -14.593008232116667, ""creative"": -19.4000751495361, ""energy"": -19.62569065093991}",energy,continuous_primal_dual_psd,6,31.26859025984777,31.268590259847606,1.6342482922482304e-13,"[0.9999999999999298, 7.027711745876747e-14, 0.0]",primal=Optimization terminated successfully; dual=outer=Optimization terminated successfully; inner=Optimization terminated successfully,1,-151.62262704791786,151.62262704791786,,tiny12_magnitude_prune_20260503_contcert1,tiny12
magnitude_prune,triple,energy+brainstorming+docker,40.87508279296603,27.783337306976286,0,"[0.4658783395170588, 0.3341216604829737, 0.19999999999996754]","[0.4, 0.4, 0.2]",0.0,"{""brainstorming"": -25.745728683471647, ""docker"": -27.783337306976286, ""energy"": -25.25918788909909}",docker,continuous_primal_dual_psd,6,40.87508279296603,40.87508279296581,2.2026824808563106e-13,"[0.0, 2.0317081350640166e-14, 0.9999999999999798]",primal=Optimization terminated successfully; dual=outer=Optimization terminated successfully; inner=Optimization terminated successfully,1,-83.04060277898502,83.04060277898502,,tiny12_magnitude_prune_20260503_contcert1,tiny12
magnitude_prune,triple,energy+brainstorming+gsm8k,27.73945636749267,33.025387001037565,0,"[0.2, 0.6, 0.19999999999999996]","[0.2, 0.6, 0.2]",0.0,"{""brainstorming"": -27.12734050750729, ""energy"": -33.025387001037565, ""gsm8k"": 1.644703674316439}",energy,continuous_primal_dual_psd,6,27.73945636749267,27.73945636749228,3.907985046680551e-13,"[1.5005021480482764e-12, 0.9999999999984994, 0.0]",primal=Optimization terminated successfully; dual=outer=Optimization terminated successfully; inner=Optimization terminated successfully,0,11.135907515010723,0.0,,tiny12_magnitude_prune_20260503_contcert1,tiny12
magnitude_prune,triple,energy+brainstorming+textsql,16.99631240861322,17.186287117004362,0,"[0.2, 0.2158047669190037, 0.5841952330809963]","[0.2, 0.4, 0.4]",9.091496467590332,"{""brainstorming"": -15.777209472656217, ""energy"": -17.186287117004362, ""textsql"": -0.2839285582352701}",energy,continuous_primal_dual_psd,6,16.99631240861322,16.99631240861278,4.405364961712621e-13,"[0.6444584145358385, 0.3555415854641615, 0.0]",primal=Optimization terminated successfully; dual=outer=Optimization terminated successfully; inner=Optimization terminated successfully,1,-157.01198905970946,157.01198905970946,,tiny12_magnitude_prune_20260503_contcert1,tiny12
magnitude_prune,triple,energy+company+docker,54.16058661226039,41.40237874984738,0,"[0.4692449364924774, 0.330755063507475, 0.20000000000004758]","[0.4, 0.4, 0.2]",0.0,"{""company"": -41.40237874984738, ""docker"": -28.973808956146208, ""energy"": -38.56509037017819}",company,continuous_primal_dual_psd,6,54.16058661226039,54.1605866122518,8.590461675339611e-12,"[0.0, 0.0, 1.0]",primal=Optimization terminated successfully; dual=outer=Optimization terminated successfully; inner=Optimization terminated successfully,0,18.517170483889117,0.0,,tiny12_magnitude_prune_20260503_contcert1,tiny12
magnitude_prune,triple,energy+company+gsm8k,37.447759484935084,39.85020227432248,0,"[0.2, 0.3581602120615652, 0.4418397879384348]","[0.2, 0.4, 0.4]",0.0,"{""company"": -39.85020227432248, ""energy"": -34.80173654556271, ""gsm8k"": 20.498403835296664}",company,continuous_primal_dual_psd,6,37.447759484935084,37.4477594849341,9.805489753489383e-13,"[2.6275258441682027e-13, 0.9999999999997373, 0.0]",primal=Optimization terminated successfully; dual=outer=Optimization terminated successfully; inner=Optimization terminated successfully,1,-1.8593709275351245,1.8593709275351273,,tiny12_magnitude_prune_20260503_contcert1,tiny12
magnitude_prune,triple,energy+company+textsql,28.293886852264496,22.081735801696745,0,"[0.2000000000000069, 0.20000000000000356, 0.5999999999999895]","[0.2, 0.4, 0.4]",2.9645681381225586,"{""company"": -22.081735801696745, ""energy"": -18.48934001922604, ""textsql"": -0.8744048439101932}",company,continuous_primal_dual_psd,6,28.293886852264496,28.293886852264496,0.0,"[1.0, 0.0, 0.0]",primal=Optimization terminated successfully; dual=outer=Optimization terminated successfully; inner=Optimization terminated successfully,0,6.3917296447075715,0.0,,tiny12_magnitude_prune_20260503_contcert1,tiny12
magnitude_prune,triple,energy+creative+company,23.694519900325005,23.46515960693356,0,"[0.2, 0.5192422656131385, 0.28075773438686147]","[0.2, 0.4, 0.4]",0.29479265213012695,"{""company"": -21.305230331420866, ""creative"": -23.46515960693356, ""energy"": -19.64806623458859}",creative,continuous_primal_dual_psd,6,23.694519900325005,23.694519900325005,0.0,"[0.0, 0.0, 1.0]",primal=Optimization terminated successfully; dual=outer=Optimization terminated successfully; inner=Optimization terminated successfully,0,7.475749754129254,0.0,,tiny12_magnitude_prune_20260503_contcert1,tiny12
magnitude_prune,triple,energy+creative+docker,42.5958025103527,38.819029998779264,0,"[0.2733978589938504, 0.5266021410061555, 0.19999999999999407]","[0.4, 0.2, 0.4]",8.726215362548828,"{""creative"": -37.442997169494596, ""docker"": -26.53334445953366, ""energy"": -38.819029998779264}",energy,continuous_primal_dual_psd,6,42.5958025103527,42.59580251013582,2.1687895923605538e-10,"[2.4297081036235325e-14, 0.5136563260450576, 0.4863436739549182]",primal=Optimization terminated successfully; dual=outer=Optimization terminated successfully; inner=Optimization terminated successfully,1,-105.39881512113203,105.39881512113203,,tiny12_magnitude_prune_20260503_contcert1,tiny12
magnitude_prune,triple,energy+creative+gsm8k,34.32395597019365,33.01744766235348,0,"[0.3089160730021631, 0.49108392699782843, 0.2000000000000084]","[0.2, 0.6, 0.2]",3.3888816833496094,"{""creative"": -31.0156495094299, ""energy"": -33.01744766235348, ""gsm8k"": 0.252959060668978}",energy,continuous_primal_dual_psd,6,34.32395597019365,34.323955970191335,2.3163693185779266e-12,"[0.9999999999998297, 1.7025270082623875e-13, 0.0]",primal=Optimization terminated successfully; dual=outer=Optimization terminated successfully; inner=Optimization terminated successfully,0,19.232257155322348,0.0,,tiny12_magnitude_prune_20260503_contcert1,tiny12
magnitude_prune,triple,energy+creative+textsql,12.481565194211129,13.352730941772428,0,"[0.2, 0.4503836575885518, 0.34961634241144823]","[0.2, 0.4, 0.4]",0.0,"{""creative"": -13.352730941772428, ""energy"": -13.049927425384489, ""textsql"": -0.27083353795887133}",creative,continuous_primal_dual_psd,6,12.481565194211129,12.481565194209415,1.7141843500212417e-12,"[0.9700357809605623, 0.029964219039313955, 1.2377659678052032e-13]",primal=Optimization terminated successfully; dual=outer=Optimization terminated successfully; inner=Optimization terminated successfully,0,3.89275074929207,0.0,,tiny12_magnitude_prune_20260503_contcert1,tiny12
magnitude_prune,triple,energy+docker+gsm8k,54.848132816254235,37.82697029113766,0,"[0.20000000000000126, 0.46495715328793447, 0.3350428467120643]","[0.4, 0.4, 0.2]",1.020216941833496,"{""docker"": -24.09287996292111, ""energy"": -37.82697029113766, ""gsm8k"": -13.931873512268034}",energy,continuous_primal_dual_psd,6,54.848132816254235,54.848132816254235,0.0,"[0.0, 1.0, 0.0]",primal=Optimization terminated successfully; dual=outer=Optimization terminated successfully; inner=Optimization terminated successfully,1,-52.24787467126194,52.24787467126191,,tiny12_magnitude_prune_20260503_contcert1,tiny12
magnitude_prune,triple,energy+docker+textsql,34.84786173768513,37.41574592590329,0,"[0.2770900140550676, 0.2, 0.5229099859449324]","[0.4, 0.2, 0.4]",0.9999990463256836,"{""docker"": -21.652379703521696, ""energy"": -37.41574592590329, ""textsql"": -0.6261905186159996}",energy,continuous_primal_dual_psd,6,34.84786173768513,34.84786173768513,0.0,"[0.0, 1.0, 0.0]",primal=Optimization terminated successfully; dual=outer=Optimization terminated successfully; inner=Optimization terminated successfully,1,-77.4663895097967,77.4663895097967,,tiny12_magnitude_prune_20260503_contcert1,tiny12
magnitude_prune,triple,energy+empathy+brainstorming,15.087422463960625,13.440278244018522,0,"[0.2580409031558082, 0.3282939811385162, 0.41366511570567566]","[0.2, 0.4, 0.4]",0.0,"{""brainstorming"": -13.440278244018522, ""empathy"": -0.18954624069372594, ""energy"": -12.446752262115446}",brainstorming,continuous_primal_dual_psd,6,15.087422463960625,15.087422463960609,1.5987211554602254e-14,"[0.4237204876473905, 0.0, 0.5762795123526093]",primal=Optimization terminated successfully; dual=outer=Optimization terminated successfully; inner=Optimization terminated successfully,1,-1.1590583815231894,1.1590583815231894,,tiny12_magnitude_prune_20260503_contcert1,tiny12
magnitude_prune,triple,energy+empathy+company,19.567665250315315,16.930225563049284,0,"[0.294784303454455, 0.5052156965455458, 0.1999999999999993]","[0.2, 0.4, 0.4]",0.9479999542236328,"{""company"": -16.930225563049284, ""empathy"": 0.41620990231231986, ""energy"": -13.932338428497282}",company,continuous_primal_dual_psd,6,19.567665250315315,19.567665250315315,0.0,"[1.0, 0.0, 0.0]",primal=Optimization terminated successfully; dual=outer=Optimization terminated successfully; inner=Optimization terminated successfully,0,2.0523816644453956,0.0,,tiny12_magnitude_prune_20260503_contcert1,tiny12
magnitude_prune,triple,energy+empathy+creative,12.164281661156716,12.492945861816374,0,"[0.2000000000000036, 0.45813735984572235, 0.34186264015427403]","[0.2, 0.4, 0.4]",0.0,"{""creative"": -3.391781520843473, ""empathy"": 0.15826740972236103, ""energy"": -12.492945861816374}",energy,continuous_primal_dual_psd,6,12.164281661156716,12.164281661156664,5.1514348342607263e-14,"[0.9999999999999856, 0.0, 1.4488410471358085e-14]",primal=Optimization terminated successfully; dual=outer=Optimization terminated successfully; inner=Optimization terminated successfully,1,-124.14622849530076,124.14622849530078,,tiny12_magnitude_prune_20260503_contcert1,tiny12
magnitude_prune,triple,energy+empathy+docker,21.04477462844696,19.211915206909147,0,"[0.24168108335262165, 0.5583189166473809, 0.1999999999999975]","[0.2, 0.6, 0.2]",0.0,"{""docker"": -19.211915206909147, ""empathy"": -0.1895466834807693, ""energy"": -12.049928379058805}",docker,continuous_primal_dual_psd,6,21.04477462844696,21.04477462844696,0.0,"[0.0, 0.0, 1.0]",primal=Optimization terminated successfully; dual=outer=Optimization terminated successfully; inner=Optimization terminated successfully,1,-41.737359309489555,41.737359309489555,,tiny12_magnitude_prune_20260503_contcert1,tiny12
magnitude_prune,triple,energy+empathy+gsm8k,10.995951246535697,19.100430679321256,0,"[0.28017301238749, 0.49733373880314546, 0.2224932488093645]","[0.2, 0.6, 0.2]",0.0,"{""empathy"": -0.09451528545152588, ""energy"": -19.100430679321256, ""gsm8k"": 14.57148485183719}",energy,continuous_primal_dual_psd,6,10.995951246535697,10.995951246535697,0.0,"[1.0, 0.0, 0.0]",primal=Optimization terminated successfully; dual=outer=Optimization terminated successfully; inner=Optimization terminated successfully,1,-1.2047800293761508,1.2047800293761506,,tiny12_magnitude_prune_20260503_contcert1,tiny12
magnitude_prune,triple,energy+empathy+textsql,14.20589879949818,18.859449100494352,0,"[0.3498798160605051, 0.45012018393949543, 0.1999999999999995]","[0.2, 0.4, 0.4]",0.3888845443725586,"{""empathy"": -0.07903943549965682, ""energy"": -18.859449100494352, ""textsql"": -0.3916670541875959}",energy,continuous_primal_dual_psd,6,14.20589879949818,14.20589879949818,0.0,"[1.0, 0.0, 0.0]",primal=Optimization terminated successfully; dual=outer=Optimization terminated successfully; inner=Optimization terminated successfully,0,4.261445942714278,0.0,,tiny12_magnitude_prune_20260503_contcert1,tiny12
magnitude_prune,triple,energy+gsm8k+textsql,22.44096405333142,30.509498786926237,0,"[0.20000000000000426, 0.33898270330807034, 0.46101729669192537]","[0.2, 0.2, 0.6]",6.072902679443359,"{""energy"": -30.509498786926237, ""gsm8k"": 5.717107582092318, ""textsql"": -0.048810122423294966}",energy,continuous_primal_dual_psd,6,22.44096405333142,22.44096405333142,0.0,"[1.0, 0.0, 0.0]",primal=Optimization terminated successfully; dual=outer=Optimization terminated successfully; inner=Optimization terminated successfully,1,-0.7654250581556141,0.7654250581555985,,tiny12_magnitude_prune_20260503_contcert1,tiny12
magnitude_prune,triple,energy+physics+brainstorming,35.90259857177735,44.46293420791623,0,"[0.2, 0.2, 0.6]","[0.2, 0.2, 0.6]",0.0,"{""brainstorming"": -26.83267898559567, ""energy"": -25.593951416015592, ""physics"": -44.46293420791623}",physics,continuous_primal_dual_psd,6,35.90259857177735,35.90259857177735,0.0,"[1.0, 0.0, 0.0]",primal=Optimization terminated successfully; dual=outer=Optimization terminated successfully; inner=Optimization terminated successfully,1,-4.815690702003863,4.815690702003882,,tiny12_magnitude_prune_20260503_contcert1,tiny12
magnitude_prune,triple,energy+physics+company,46.68662593215525,61.983659934997526,0,"[0.2, 0.34831637895575235, 0.45168362104424764]","[0.4, 0.2, 0.4]",0.2070307731628418,"{""company"": -35.51308221817013, ""energy"": -29.382529926300016, ""physics"": -61.983659934997526}",physics,continuous_primal_dual_psd,6,46.68662593215525,46.68662593215525,0.0,"[1.0, 0.0, 0.0]",primal=Optimization terminated successfully; dual=outer=Optimization terminated successfully; inner=Optimization terminated successfully,0,33.7438098908232,0.0,,tiny12_magnitude_prune_20260503_contcert1,tiny12
magnitude_prune,triple,energy+physics+creative,42.84922189712633,46.93880386352536,0,"[0.20000000000001053, 0.2000000000000174, 0.5999999999999721]","[0.2, 0.2, 0.6]",0.0,"{""creative"": -29.633382034301725, ""energy"": -29.826977920532194, ""physics"": -46.93880386352536}",physics,continuous_primal_dual_psd,6,42.84922189712633,42.849221897126256,7.105427357601002e-14,"[0.9999999999999962, 0.0, 3.830269434956776e-15]",primal=Optimization terminated successfully; dual=outer=Optimization terminated successfully; inner=Optimization terminated successfully,1,-28.575139611057736,28.575139611057736,,tiny12_magnitude_prune_20260503_contcert1,tiny12
magnitude_prune,triple,energy+physics+docker,83.2990152240579,59.50782604217526,0,"[0.2, 0.2, 0.6]","[0.6, 0.2, 0.2]",15.053486824035637,"{""docker"": -43.91428537368771, ""energy"": -50.098255348205534, ""physics"": -59.50782604217526}",physics,continuous_primal_dual_psd,6,83.2990152240579,83.2990152240579,0.0,"[0.0, 0.0, 1.0]",primal=Optimization terminated successfully; dual=outer=Optimization terminated successfully; inner=Optimization terminated successfully,1,-291.19698296102814,291.19698296102814,,tiny12_magnitude_prune_20260503_contcert1,tiny12
magnitude_prune,triple,energy+physics+empathy,21.25866084262508,35.93982763290402,0,"[0.2, 0.21996640049454355, 0.5800335995054564]","[0.4, 0.2, 0.4]",0.10353326797485352,"{""empathy"": -0.9267180358675243, ""energy"": -27.519610595703092, ""physics"": -35.93982763290402}",physics,continuous_primal_dual_psd,6,21.25866084262508,21.258660842610503,1.4576784224118455e-11,"[0.046477604033486906, 0.9535223959658234, 6.896639925799526e-13]",primal=Optimization terminated successfully; dual=outer=Optimization terminated successfully; inner=Optimization terminated successfully,1,-31.88007976623777,31.880079766237756,,tiny12_magnitude_prune_20260503_contcert1,tiny12
magnitude_prune,triple,energy+physics+gsm8k,79.95854437478448,77.4339706420898,0,"[0.46140925900957924, 0.2, 0.33859074099042075]","[0.6, 0.2, 0.2]",10.998940467834473,"{""energy"": -68.12784976959225, ""gsm8k"": -7.75299377441403, ""physics"": -77.4339706420898}",physics,continuous_primal_dual_psd,6,79.95854437478448,79.95854437478448,0.0,"[0.0, 1.0, 0.0]",primal=Optimization terminated successfully; dual=outer=Optimization terminated successfully; inner=Optimization terminated successfully,1,-168.86878815445408,168.86878815445405,,tiny12_magnitude_prune_20260503_contcert1,tiny12
magnitude_prune,triple,energy+physics+textsql,38.00214009079988,55.46192235946652,0,"[0.2, 0.20000000000002136, 0.5999999999999787]","[0.2, 0.2, 0.6]",0.0,"{""energy"": -41.46623916625973, ""physics"": -55.46192235946652, ""textsql"": -0.5764289200421926}",physics,continuous_primal_dual_psd,6,38.00214009079988,38.00214009079786,2.0179413695586845e-12,"[0.999999999999744, 2.5607294062972677e-13, 0.0]",primal=Optimization terminated successfully; dual=outer=Optimization terminated successfully; inner=Optimization terminated successfully,1,-65.4799352475871,65.47993524758711,,tiny12_magnitude_prune_20260503_contcert1,tiny12
magnitude_prune,triple,flex+brainstorming+company,29.6950966835022,14.521637630462614,0,"[0.2000000000000012, 0.5999999999999993, 0.1999999999999995]","[0.2, 0.6, 0.2]",0.0,"{""brainstorming"": -9.15823287963864, ""company"": -14.521637630462614, ""flex"": -9.602704715728727}",company,continuous_primal_dual_psd,6,29.6950966835022,29.6950966835022,0.0,"[1.0, 0.0, 0.0]",primal=Optimization terminated successfully; dual=outer=Optimization terminated successfully; inner=Optimization terminated successfully,0,30.105935818908094,0.0,,tiny12_magnitude_prune_20260503_contcert1,tiny12
magnitude_prune,triple,flex+brainstorming+creative,35.63432553704547,21.99573822021481,0,"[0.2, 0.37097979564906847, 0.42902020435093147]","[0.2, 0.6, 0.2]",1.250004768371582,"{""brainstorming"": -21.99573822021481, ""creative"": -18.20960350036618, ""flex"": -14.511707496643034}",brainstorming,continuous_primal_dual_psd,6,35.63432553704547,35.63432553661031,4.3515768766155816e-10,"[0.49945855122323135, 0.5005414487759676, 8.010757201026899e-13]",primal=Optimization terminated successfully; dual=outer=Optimization terminated successfully; inner=Optimization terminated successfully,1,-117.77018322563708,117.77018322563708,,tiny12_magnitude_prune_20260503_contcert1,tiny12
magnitude_prune,triple,flex+brainstorming+docker,57.01167714378031,40.223804187774626,0,"[0.2, 0.6, 0.19999999999999996]","[0.2, 0.6, 0.2]",0.0,"{""brainstorming"": -30.811551284790006, ""docker"": -40.223804187774626, ""flex"": -27.69414491653439}",docker,continuous_primal_dual_psd,6,57.01167714378031,57.01167714377965,6.608047442568932e-13,"[1.3195000647668246e-13, 0.0, 0.9999999999998681]",primal=Optimization terminated successfully; dual=outer=Optimization terminated successfully; inner=Optimization terminated successfully,1,-62.154803570794186,62.154803570794186,,tiny12_magnitude_prune_20260503_contcert1,tiny12
magnitude_prune,triple,flex+brainstorming+gsm8k,42.464688491820446,28.443124961852995,0,"[0.20000000000002133, 0.5999999999999999, 0.19999999999997886]","[0.2, 0.6, 0.2]",0.0,"{""brainstorming"": -28.443124961852995, ""flex"": -21.594646644592252, ""gsm8k"": 3.567787933349642}",brainstorming,continuous_primal_dual_psd,6,42.464688491820446,42.46468849179082,2.962963208119618e-11,"[0.9999999999982345, 1.7654211426045758e-12, 0.0]",primal=Optimization terminated successfully; dual=outer=Optimization terminated successfully; inner=Optimization terminated successfully,0,27.68275258232915,0.0,,tiny12_magnitude_prune_20260503_contcert1,tiny12
magnitude_prune,triple,flex+brainstorming+textsql,29.40453207776635,20.908787918090788,0,"[0.20000000000000945, 0.45587143039991285, 0.34412856960007776]","[0.2, 0.6, 0.2]",3.423905372619629,"{""brainstorming"": -20.908787918090788, ""flex"": -12.234285545349088, ""textsql"": -0.7555957080355049}",brainstorming,continuous_primal_dual_psd,6,29.40453207776635,29.404532077765694,6.572520305780927e-13,"[0.9999999999999338, 6.622480341888621e-14, 0.0]",primal=Optimization terminated successfully; dual=outer=Optimization terminated successfully; inner=Optimization terminated successfully,0,1.8409198240719324,0.0,,tiny12_magnitude_prune_20260503_contcert1,tiny12
magnitude_prune,triple,flex+company+docker,123.1200683760035,83.33050317764278,0,"[0.2, 0.6, 0.19999999999999996]","[0.2, 0.6, 0.2]",0.0,"{""company"": -50.80787248611447, ""docker"": -37.5452429771423, ""flex"": -83.33050317764278}",flex,continuous_primal_dual_psd,6,123.1200683760035,123.1200683760035,0.0,"[1.0, 0.0, 0.0]",primal=Optimization terminated successfully; dual=outer=Optimization terminated successfully; inner=Optimization terminated successfully,1,-209.83006854706952,209.83006854706954,,tiny12_magnitude_prune_20260503_contcert1,tiny12
magnitude_prune,triple,flex+company+gsm8k,69.95563769056841,46.47897787094113,0,"[0.2000000000000009, 0.37885412720622236, 0.4211458727937767]","[0.2, 0.4, 0.4]",0.0,"{""company"": -46.47897787094113, ""flex"": -46.31132192611691, ""gsm8k"": 20.791491794586214}",company,continuous_primal_dual_psd,6,69.95563769056841,69.95563769048992,7.848655059206067e-11,"[0.9999999999977933, 2.2066883778126726e-12, 0.0]",primal=Optimization terminated successfully; dual=outer=Optimization terminated successfully; inner=Optimization terminated successfully,0,135.09438062089924,0.0,,tiny12_magnitude_prune_20260503_contcert1,tiny12
magnitude_prune,triple,flex+company+textsql,34.89294988343414,36.72212667465207,0,"[0.20000000000012622, 0.2827436406164313, 0.5172563593834425]","[0.2, 0.4, 0.4]",2.2992610931396484,"{""company"": -28.888419342040983, ""flex"": -36.72212667465207, ""textsql"": -0.5780956222014302}",flex,continuous_primal_dual_psd,6,34.89294988343414,34.89294988343414,0.0,"[1.0, 0.0, 0.0]",primal=Optimization terminated successfully; dual=outer=Optimization terminated successfully; inner=Optimization terminated successfully,0,14.309445733488761,0.0,,tiny12_magnitude_prune_20260503_contcert1,tiny12
magnitude_prune,triple,flex+creative+company,40.13069903996275,24.801603031158415,0,"[0.2, 0.45291830172674713, 0.34708169827325286]","[0.2, 0.6, 0.2]",1.0680198669433594,"{""company"": -24.801603031158415, ""creative"": -22.690132331848112, ""flex"": -20.153525543212858}",company,continuous_primal_dual_psd,6,40.13069903996275,40.13069903996275,0.0,"[1.0, 0.0, 0.0]",primal=Optimization terminated successfully; dual=outer=Optimization terminated successfully; inner=Optimization terminated successfully,1,-4.790719540367959,4.790719540367949,,tiny12_magnitude_prune_20260503_contcert1,tiny12
magnitude_prune,triple,flex+creative+docker,65.15261240005447,51.29524774551388,0,"[0.20000000000001422, 0.5999999999999944, 0.1999999999999913]","[0.2, 0.6, 0.2]",0.0,"{""creative"": -41.03849239349362, ""docker"": -51.29524774551388, ""flex"": -38.24495382308957}",docker,continuous_primal_dual_psd,6,65.15261240005447,65.15261240005447,0.0,"[1.0, 0.0, 0.0]",primal=Optimization terminated successfully; dual=outer=Optimization terminated successfully; inner=Optimization terminated successfully,1,-110.65766492678017,110.65766492678017,,tiny12_magnitude_prune_20260503_contcert1,tiny12
magnitude_prune,triple,flex+creative+gsm8k,62.48592622307633,37.37025566101071,0,"[0.21447249010835215, 0.5855275098916909, 0.199999999999957]","[0.2, 0.6, 0.2]",0.0,"{""creative"": -37.37025566101071, ""flex"": -34.54822607040402, ""gsm8k"": -3.2418281555175454}",creative,continuous_primal_dual_psd,6,62.48592622307633,62.48592622307633,0.0,"[1.0, 0.0, 0.0]",primal=Optimization terminated successfully; dual=outer=Optimization terminated successfully; inner=Optimization terminated successfully,0,52.23874988415306,0.0,,tiny12_magnitude_prune_20260503_contcert1,tiny12
magnitude_prune,triple,flex+creative+textsql,32.07197346731028,18.51145334243771,0,"[0.2, 0.4133133659220027, 0.3866866340779973]","[0.2, 0.6, 0.2]",4.124581813812256,"{""creative"": -18.51145334243771, ""flex"": -14.740553569793668, ""textsql"": -0.9161906098826107}",creative,continuous_primal_dual_psd,6,32.07197346731028,32.07197346731028,0.0,"[1.0, 0.0, 0.0]",primal=Optimization terminated successfully; dual=outer=Optimization terminated successfully; inner=Optimization terminated successfully,1,-3.2989866465314037,3.298986646531419,,tiny12_magnitude_prune_20260503_contcert1,tiny12
magnitude_prune,triple,flex+docker+gsm8k,93.36466331349087,70.93812532424923,0,"[0.2, 0.27356336145701365, 0.5264366385429864]","[0.2, 0.4, 0.4]",1.4880657196044922,"{""docker"": -40.283337306976286, ""flex"": -70.93812532424923, ""gsm8k"": -31.191566658019987}",flex,continuous_primal_dual_psd,6,93.36466331349087,93.36466331349052,3.410605131648481e-13,"[0.9999999999999807, 1.9321092576042224e-14, 0.0]",primal=Optimization terminated successfully; dual=outer=Optimization terminated successfully; inner=Optimization terminated successfully,1,-53.483152760861785,53.4831527608618,,tiny12_magnitude_prune_20260503_contcert1,tiny12
magnitude_prune,triple,flex+docker+textsql,76.46681832177099,84.28942270278927,0,"[0.2, 0.2, 0.6]","[0.2, 0.2, 0.6]",0.0,"{""docker"": -35.28333015441891, ""flex"": -84.28942270278927, ""textsql"": -0.7632147316479155}",flex,continuous_primal_dual_psd,6,76.46681832177099,76.46681832177087,1.1368683772161603e-13,"[0.999999999999996, 4.07253320717951e-15, 0.0]",primal=Optimization terminated successfully; dual=outer=Optimization terminated successfully; inner=Optimization terminated successfully,1,-90.11472175931192,90.1147217593119,,tiny12_magnitude_prune_20260503_contcert1,tiny12
magnitude_prune,triple,flex+empathy+brainstorming,26.727318912955493,12.353304100036588,0,"[0.20000000000000523, 0.20000000000002208, 0.5999999999999727]","[0.2, 0.2, 0.6]",0.0,"{""brainstorming"": -12.353304100036588, ""empathy"": -0.7928595275816503, ""flex"": -3.8355977058410318}",brainstorming,continuous_primal_dual_psd,6,26.727318912955493,26.727318912955493,0.0,"[1.0, 0.0, 0.0]",primal=Optimization terminated successfully; dual=outer=Optimization terminated successfully; inner=Optimization terminated successfully,1,-32.794652410400275,32.79465241040026,,tiny12_magnitude_prune_20260503_contcert1,tiny12
magnitude_prune,triple,flex+empathy+company,45.026237709894914,20.055225563049284,0,"[0.23492838046205583, 0.5650716195379542, 0.19999999999998996]","[0.2, 0.6, 0.2]",0.0,"{""company"": -20.055225563049284, ""empathy"": 0.11210951717614956, ""flex"": -17.854324054717985}",company,continuous_primal_dual_psd,6,45.026237709894914,45.026237709894914,0.0,"[1.0, 0.0, 0.0]",primal=Optimization terminated successfully; dual=outer=Optimization terminated successfully; inner=Optimization terminated successfully,0,0.38159101989253497,0.0,,tiny12_magnitude_prune_20260503_contcert1,tiny12
magnitude_prune,triple,flex+empathy+creative,30.70779940323978,8.87998647689816,0,"[0.20000000000037665, 0.3593568285558802, 0.4406431714437431]","[0.2, 0.4, 0.4]",0.0,"{""creative"": -8.87998647689816, ""empathy"": -0.3855831195409919, ""flex"": -5.15137023925778}",creative,continuous_primal_dual_psd,6,30.70779940323978,30.70779940323978,0.0,"[1.0, 0.0, 0.0]",primal=Optimization terminated successfully; dual=outer=Optimization terminated successfully; inner=Optimization terminated successfully,0,1.250695466979539,0.0,,tiny12_magnitude_prune_20260503_contcert1,tiny12
magnitude_prune,triple,flex+empathy+docker,74.1397251857669,27.842870426177946,0,"[0.20000000000005685, 0.6000000000000464, 0.1999999999998967]","[0.2, 0.6, 0.2]",0.0,"{""docker"": -27.842870426177946, ""empathy"": -1.1330709672505874, ""flex"": -26.939526271820036}",docker,continuous_primal_dual_psd,6,74.1397251857669,74.1397251857661,8.100187187665142e-13,"[1.0, 0.0, 0.0]",primal=Optimization terminated successfully; dual=outer=Optimization terminated successfully; inner=Optimization terminated successfully,1,-136.60906610683753,136.60906610683747,,tiny12_magnitude_prune_20260503_contcert1,tiny12
magnitude_prune,triple,flex+empathy+gsm8k,38.74732822497273,13.299432468414274,0,"[0.20509031987673326, 0.566204800778525, 0.2287048793447417]","[0.2, 0.6, 0.2]",0.0,"{""empathy"": -0.9967704884206787, ""flex"": -13.299432468414274, ""gsm8k"": 8.418330478668246}",flex,continuous_primal_dual_psd,6,38.74732822497273,38.74732822497273,0.0,"[1.0, 0.0, 0.0]",primal=Optimization terminated successfully; dual=outer=Optimization terminated successfully; inner=Optimization terminated successfully,1,-1.115218624393491,1.1152186243934905,,tiny12_magnitude_prune_20260503_contcert1,tiny12
magnitude_prune,triple,flex+empathy+textsql,28.966465884281607,11.022010517120329,0,"[0.2, 0.3965122155019911, 0.40348778449800893]","[0.2, 0.4, 0.4]",0.0,"{""empathy"": -1.022565047630605, ""flex"": -11.022010517120329, ""textsql"": -0.4790478806371813}",flex,continuous_primal_dual_psd,6,28.966465884281607,28.966465884281607,0.0,"[1.0, 0.0, 0.0]",primal=Optimization terminated successfully; dual=outer=Optimization terminated successfully; inner=Optimization terminated successfully,0,0.39070662869027384,0.0,,tiny12_magnitude_prune_20260503_contcert1,tiny12
magnitude_prune,triple,flex+energy+brainstorming,33.63202428295767,21.932342720031706,0,"[0.22722489254450634, 0.2, 0.5727751074554936]","[0.2, 0.2, 0.6]",0.0,"{""brainstorming"": -17.48485870361325, ""energy"": -21.932342720031706, ""flex"": -13.653603267669645}",energy,continuous_primal_dual_psd,6,33.63202428295767,33.63202428295767,0.0,"[1.0, 0.0, 0.0]",primal=Optimization terminated successfully; dual=outer=Optimization terminated successfully; inner=Optimization terminated successfully,1,-45.867485318360664,45.86748531836067,,tiny12_magnitude_prune_20260503_contcert1,tiny12
magnitude_prune,triple,flex+energy+company,74.58559954244419,51.953139972686735,0,"[0.2, 0.5015369680204417, 0.29846303197955826]","[0.2, 0.4, 0.4]",1.3157844543457031,"{""company"": -46.99364013671872, ""energy"": -37.18412227630612, ""flex"": -51.953139972686735}",flex,continuous_primal_dual_psd,6,74.58559954244419,74.58559954244419,0.0,"[1.0, 0.0, 0.0]",primal=Optimization terminated successfully; dual=outer=Optimization terminated successfully; inner=Optimization terminated successfully,0,54.47705561734176,0.0,,tiny12_magnitude_prune_20260503_contcert1,tiny12
magnitude_prune,triple,flex+energy+creative,54.23757143020634,31.165364456176725,0,"[0.2, 0.20000000000000073, 0.5999999999999992]","[0.2, 0.2, 0.6]",0.0,"{""creative"": -24.866059494018522, ""energy"": -31.165364456176725, ""flex"": -25.1878530502319}",energy,continuous_primal_dual_psd,6,54.23757143020634,54.23757143020634,0.0,"[1.0, 0.0, 0.0]",primal=Optimization terminated successfully; dual=outer=Optimization terminated successfully; inner=Optimization terminated successfully,0,4.329061533620909,0.0,,tiny12_magnitude_prune_20260503_contcert1,tiny12
magnitude_prune,triple,flex+energy+docker,89.65243373985552,61.1200720787048,0,"[0.2, 0.4813312317465068, 0.3186687682534932]","[0.2, 0.6, 0.2]",26.215028762817376,"{""docker"": -42.66430444717404, ""energy"": -53.31256694793698, ""flex"": -61.1200720787048}",flex,continuous_primal_dual_psd,6,89.65243373985552,89.6524337398299,2.5622171051509213e-11,"[0.1254601094550576, 7.310267889070925e-13, 0.8745398905442113]",primal=Optimization terminated successfully; dual=outer=Optimization terminated successfully; inner=Optimization terminated successfully,1,-186.9185368545587,186.91853685455874,,tiny12_magnitude_prune_20260503_contcert1,tiny12
magnitude_prune,triple,flex+energy+empathy,35.87525760822596,24.068716239929167,0,"[0.2, 0.33834199677636967, 0.4616580032236304]","[0.2, 0.2, 0.6]",1.9999980926513672,"{""empathy"": -0.5840624117193359, ""energy"": -24.068716239929167, ""flex"": -13.402941894531217}",energy,continuous_primal_dual_psd,6,35.87525760822596,35.87525760821623,9.727330052555772e-12,"[0.9999999999992524, 7.476796959332527e-13, 0.0]",primal=Optimization terminated successfully; dual=outer=Optimization terminated successfully; inner=Optimization terminated successfully,1,-0.9825148177272345,0.9825148177272347,,tiny12_magnitude_prune_20260503_contcert1,tiny12
magnitude_prune,triple,flex+energy+gsm8k,75.43039627075197,54.45941991806027,0,"[0.2, 0.6000000000000005, 0.1999999999999995]","[0.2, 0.6, 0.2]",0.0,"{""energy"": -54.288724136352506, ""flex"": -54.45941991806027, ""gsm8k"": -6.692054939269987}",flex,continuous_primal_dual_psd,6,75.43039627075197,75.43039627075197,0.0,"[1.0, 0.0, 0.0]",primal=Optimization terminated successfully; dual=outer=Optimization terminated successfully; inner=Optimization terminated successfully,0,44.76852088461561,0.0,,tiny12_magnitude_prune_20260503_contcert1,tiny12
magnitude_prune,triple,flex+energy+physics,65.86122362689645,61.198631000518766,0,"[0.3657027474187467, 0.2, 0.4342972525812533]","[0.2, 0.6, 0.2]",9.81712341308593,"{""energy"": -54.242566299438444, ""flex"": -50.46571798324582, ""physics"": -61.198631000518766}",physics,continuous_primal_dual_psd,6,65.86122362689645,65.86122362688812,8.327560863108374e-12,"[0.9999999999995455, 0.0, 4.5452530628148007e-13]",primal=Optimization terminated successfully; dual=outer=Optimization terminated successfully; inner=Optimization terminated successfully,1,-77.7214596373111,77.7214596373111,,tiny12_magnitude_prune_20260503_contcert1,tiny12
magnitude_prune,triple,flex+energy+textsql,44.23400915861288,42.82163686752316,0,"[0.2000000000000707, 0.3000000000034719, 0.4999999999964574]","[0.2, 0.4, 0.4]",0.0,"{""energy"": -39.730313491821256, ""flex"": -42.82163686752316, ""textsql"": -0.5201182902200017}",flex,continuous_primal_dual_psd,6,44.23400915861288,44.23400915861288,0.0,"[1.0, 0.0, 0.0]",primal=Optimization terminated successfully; dual=outer=Optimization terminated successfully; inner=Optimization terminated successfully,0,8.240208232734265,0.0,,tiny12_magnitude_prune_20260503_contcert1,tiny12
magnitude_prune,triple,flex+gsm8k+textsql,49.584797096253396,41.75647802352902,0,"[0.20000000000000553, 0.20000000000002133, 0.5999999999999731]","[0.2, 0.2, 0.6]",0.0,"{""flex"": -41.75647802352902, ""gsm8k"": -3.0361444473266275, ""textsql"": -0.27702445640954676}",flex,continuous_primal_dual_psd,6,49.584797096253396,49.584797096253396,0.0,"[1.0, 0.0, 0.0]",primal=Optimization terminated successfully; dual=outer=Optimization terminated successfully; inner=Optimization terminated successfully,0,11.400837483859174,0.0,,tiny12_magnitude_prune_20260503_contcert1,tiny12
magnitude_prune,triple,flex+physics+brainstorming,33.03639633692898,39.81318778991696,0,"[0.2140735120217851, 0.2539670567648123, 0.5319594312134026]","[0.2, 0.2, 0.6]",0.0,"{""brainstorming"": -29.561546516418424, ""flex"": -18.45909662246701, ""physics"": -39.81318778991696}",physics,continuous_primal_dual_psd,6,33.03639633692898,33.03639633692898,0.0,"[1.0, 0.0, 0.0]",primal=Optimization terminated successfully; dual=outer=Optimization terminated successfully; inner=Optimization terminated successfully,0,12.516326696512166,0.0,,tiny12_magnitude_prune_20260503_contcert1,tiny12
magnitude_prune,triple,flex+physics+company,46.15130423640784,55.2635104179382,0,"[0.2, 0.4071597657766875, 0.3928402342233125]","[0.2, 0.4, 0.4]",0.0,"{""company"": -24.19145412445065, ""flex"": -40.315356922149626, ""physics"": -55.2635104179382}",physics,continuous_primal_dual_psd,6,46.15130423640784,46.15130423640706,7.815970093361102e-13,"[0.9999999999999551, 4.496403249731682e-14, 0.0]",primal=Optimization terminated successfully; dual=outer=Optimization terminated successfully; inner=Optimization terminated successfully,0,20.077433201989095,0.0,,tiny12_magnitude_prune_20260503_contcert1,tiny12
magnitude_prune,triple,flex+physics+creative,46.476823081134675,43.47949333190915,0,"[0.3225280051968846, 0.3243907266725143, 0.35308126813060103]","[0.2, 0.2, 0.6]",3.7698745727539062,"{""creative"": -25.79198188781735, ""flex"": -21.948793601989713, ""physics"": -43.47949333190915}",physics,continuous_primal_dual_psd,6,46.476823081134675,46.476823081134675,0.0,"[1.0, 0.0, 0.0]",primal=Optimization terminated successfully; dual=outer=Optimization terminated successfully; inner=Optimization terminated successfully,0,56.22452499340753,0.0,,tiny12_magnitude_prune_20260503_contcert1,tiny12
magnitude_prune,triple,flex+physics+docker,77.25440194705295,68.13443012237545,0,"[0.2000000000000018, 0.5999999999999966, 0.2000000000000015]","[0.2, 0.6, 0.2]",0.0,"{""docker"": -45.22379941940304, ""flex"": -63.04065294265744, ""physics"": -68.13443012237545}",physics,continuous_primal_dual_psd,6,77.25440194705295,77.2544019470456,7.361222742474638e-12,"[0.9999999999976887, 0.0, 2.3111967757678844e-12]",primal=Optimization terminated successfully; dual=outer=Optimization terminated successfully; inner=Optimization terminated successfully,1,-58.177225302433996,58.177225302433996,,tiny12_magnitude_prune_20260503_contcert1,tiny12
magnitude_prune,triple,flex+physics+empathy,25.206121760093737,36.35390110015866,0,"[0.2, 0.36832708684823123, 0.4316729131517687]","[0.2, 0.4, 0.4]",0.0,"{""empathy"": -0.9318773904965529, ""flex"": -9.202256870269743, ""physics"": -36.35390110015866}",physics,continuous_primal_dual_psd,6,25.206121760093737,25.206121760093737,0.0,"[1.0, 0.0, 0.0]",primal=Optimization terminated successfully; dual=outer=Optimization terminated successfully; inner=Optimization terminated successfully,0,3.7602036825465017,0.0,,tiny12_magnitude_prune_20260503_contcert1,tiny12
magnitude_prune,triple,flex+physics+gsm8k,92.25305241208095,91.11583538055416,0,"[0.471056239656415, 0.26563900695503556, 0.2633047533885494]","[0.4, 0.2, 0.4]",6.142139434814453,"{""flex"": -77.2310168266296, ""gsm8k"": -23.022773933410612, ""physics"": -91.11583538055416}",physics,continuous_primal_dual_psd,6,92.25305241208095,92.25305241207388,7.062794793455396e-12,"[0.661927783422538, 0.33807221657746206, 1.1527022026654295e-17]",primal=Optimization terminated successfully; dual=outer=Optimization terminated successfully; inner=Optimization terminated successfully,1,-267.1221004091461,267.12210040914607,,tiny12_magnitude_prune_20260503_contcert1,tiny12
magnitude_prune,triple,flex+physics+textsql,50.3241569519044,61.81112833023068,0,"[0.2000000000001002, 0.2, 0.5999999999998997]","[0.2, 0.2, 0.6]",0.0,"{""flex"": -48.73587198257443, ""physics"": -61.81112833023068, ""textsql"": -0.3813091630373715}",physics,continuous_primal_dual_psd,6,50.3241569519044,50.3241569519044,0.0,"[1.0, 0.0, 0.0]",primal=Optimization terminated successfully; dual=outer=Optimization terminated successfully; inner=Optimization terminated successfully,0,8.33240538701409,0.0,,tiny12_magnitude_prune_20260503_contcert1,tiny12
magnitude_prune,triple,physics+brainstorming+company,13.216248119303742,32.78248615264889,0,"[0.2, 0.5011238373664906, 0.29887616263350947]","[0.2, 0.6, 0.2]",0.0,"{""brainstorming"": -11.363604736328092, ""company"": -9.987714958190885, ""physics"": -32.78248615264889}",physics,continuous_primal_dual_psd,6,13.216248119303742,13.216248119303742,0.0,"[0.0, 1.0, 0.0]",primal=Optimization terminated successfully; dual=outer=Optimization terminated successfully; inner=Optimization terminated successfully,0,62.93695890160143,0.0,,tiny12_magnitude_prune_20260503_contcert1,tiny12
magnitude_prune,triple,physics+brainstorming+creative,38.45983474634245,37.630632591247526,0,"[0.2, 0.2, 0.6]","[0.2, 0.6, 0.2]",4.753315448760986,"{""brainstorming"": -26.669672203063932, ""creative"": -22.652843666076627, ""physics"": -37.630632591247526}",physics,continuous_primal_dual_psd,6,38.45983474634245,38.45983474634245,0.0,"[0.0, 1.0, 0.0]",primal=Optimization terminated successfully; dual=outer=Optimization terminated successfully; inner=Optimization terminated successfully,1,-166.5380990271475,166.5380990271475,,tiny12_magnitude_prune_20260503_contcert1,tiny12
magnitude_prune,triple,physics+brainstorming+docker,70.08285261726121,44.566455554962126,0,"[0.2, 0.2137601954665375, 0.5862398045334625]","[0.2, 0.6, 0.2]",31.685674190521233,"{""brainstorming"": -37.59355850219723, ""docker"": -36.533334922790495, ""physics"": -44.566455554962126}",physics,continuous_primal_dual_psd,6,70.08285261726121,70.08285261726118,2.842170943040401e-14,"[0.0, 0.1458558118694664, 0.8541441881305336]",primal=Optimization terminated successfully; dual=outer=Optimization terminated successfully; inner=Optimization terminated successfully,1,-200.51533517117457,205.86518617400125,,tiny12_magnitude_prune_20260503_contcert1,tiny12
magnitude_prune,triple,physics+brainstorming+gsm8k,28.965989897740172,46.050265502929655,0,"[0.20000000000000692, 0.5885840392388251, 0.21141596076116798]","[0.2, 0.6, 0.2]",0.0,"{""brainstorming"": -26.440838050842252, ""gsm8k"": -0.3674895286559732, ""physics"": -46.050265502929655}",physics,continuous_primal_dual_psd,6,28.965989897740172,28.96598989773998,1.9184653865522705e-13,"[1.7769119509122475e-13, 0.9999999999998224, 0.0]",primal=Optimization terminated successfully; dual=outer=Optimization terminated successfully; inner=Optimization terminated successfully,0,13.847973613434657,0.0,,tiny12_magnitude_prune_20260503_contcert1,tiny12
magnitude_prune,triple,physics+brainstorming+textsql,18.66701146750993,31.69553585052487,0,"[0.200000000000031, 0.3105212962668585, 0.48947870373311053]","[0.2, 0.6, 0.2]",3.769826889038086,"{""brainstorming"": -20.614174079894987, ""physics"": -31.69553585052487, ""textsql"": -1.0929757739299981}",physics,continuous_primal_dual_psd,6,18.66701146750993,18.66701146750993,0.0,"[0.0, 1.0, 0.0]",primal=Optimization terminated successfully; dual=outer=Optimization terminated successfully; inner=Optimization terminated successfully,0,6.247994829468784,0.0,,tiny12_magnitude_prune_20260503_contcert1,tiny12
magnitude_prune,triple,physics+company+docker,57.64832816964077,61.983659934997526,0,"[0.26190860301186303, 0.5380913969881356, 0.2000000000000014]","[0.2, 0.6, 0.2]",0.0,"{""company"": -26.85035772323605, ""docker"": -19.09286088943478, ""physics"": -61.983659934997526}",physics,continuous_primal_dual_psd,6,57.64832816964077,57.64832816964077,0.0,"[0.0, 0.0, 1.0]",primal=Optimization terminated successfully; dual=outer=Optimization terminated successfully; inner=Optimization terminated successfully,0,150.36945782148268,0.0,,tiny12_magnitude_prune_20260503_contcert1,tiny12
magnitude_prune,triple,physics+company+gsm8k,49.21764536175434,63.57957429885861,0,"[0.20000000000000004, 0.3184995429338756, 0.4815004570661243]","[0.2, 0.4, 0.4]",0.0,"{""company"": -36.61154813766476, ""gsm8k"": 11.6645901679993, ""physics"": -63.57957429885861}",physics,continuous_primal_dual_psd,6,49.21764536175434,49.21764536174785,6.494360604847316e-12,"[1.0374512554776899e-12, 0.9999999999989626, 0.0]",primal=Optimization terminated successfully; dual=outer=Optimization terminated successfully; inner=Optimization terminated successfully,1,-188.08287149139122,188.08287149139122,,tiny12_magnitude_prune_20260503_contcert1,tiny12
magnitude_prune,triple,physics+company+textsql,11.667126541012449,46.05887241363522,0,"[0.2000000000000119, 0.2341632371177629, 0.5658367628822252]","[0.2, 0.4, 0.4]",3.769850730895996,"{""company"": -16.089490127563444, ""physics"": -46.05887241363522, ""textsql"": -0.6527386719665056}",physics,continuous_primal_dual_psd,6,11.667126541012449,11.667126541012449,0.0,"[1.0, 0.0, 0.0]",primal=Optimization terminated successfully; dual=outer=Optimization terminated successfully; inner=Optimization terminated successfully,0,15.925399536442255,0.0,,tiny12_magnitude_prune_20260503_contcert1,tiny12
magnitude_prune,triple,physics+creative+company,18.851622164849516,42.289021682739225,0,"[0.2, 0.4704395008433369, 0.3295604991566631]","[0.2, 0.4, 0.4]",0.0,"{""company"": -20.26769227981564, ""creative"": -20.5683142662048, ""physics"": -42.289021682739225}",physics,continuous_primal_dual_psd,6,18.851622164849516,18.851622164849516,0.0,"[0.9999999999999996, 0.0, 4.440892098500624e-16]",primal=Optimization terminated successfully; dual=outer=Optimization terminated successfully; inner=Optimization terminated successfully,0,25.2697026812305,0.0,,tiny12_magnitude_prune_20260503_contcert1,tiny12
magnitude_prune,triple,physics+creative+docker,67.89008087079706,48.914292526245085,0,"[0.20000000000000173, 0.20000000000003607, 0.5999999999999622]","[0.2, 0.6, 0.2]",17.63286590576171,"{""creative"": -36.252525520324674, ""docker"": -48.914292526245085, ""physics"": -48.12927551269528}",docker,continuous_primal_dual_psd,6,67.89008087079706,67.89008087079706,0.0,"[0.0, 0.0, 1.0]",primal=Optimization terminated successfully; dual=outer=Optimization terminated successfully; inner=Optimization terminated successfully,1,-369.11059243095553,369.1105924309556,,tiny12_magnitude_prune_20260503_contcert1,tiny12
magnitude_prune,triple,physics+creative+gsm8k,32.909556537767564,52.295926284790006,0,"[0.2000000000000015, 0.6000000000000091, 0.1999999999999894]","[0.2, 0.6, 0.2]",0.0,"{""creative"": -35.7775599479675, ""gsm8k"": -2.472248744964567, ""physics"": -52.295926284790006}",physics,continuous_primal_dual_psd,6,32.909556537767564,32.909556537767564,0.0,"[1.0, 0.0, 0.0]",primal=Optimization terminated successfully; dual=outer=Optimization terminated successfully; inner=Optimization terminated successfully,1,-5.470942584864107,5.470942584864109,,tiny12_magnitude_prune_20260503_contcert1,tiny12
magnitude_prune,triple,physics+creative+textsql,15.727046203613162,35.36184139251706,0,"[0.2, 0.6000000000000058, 0.19999999999999418]","[0.2, 0.6, 0.2]",0.0,"{""creative"": -18.45192022323605, ""physics"": -35.36184139251706, ""textsql"": -1.2635713233354395}",physics,continuous_primal_dual_psd,6,15.727046203613162,15.727046203613162,0.0,"[0.0, 1.0, 0.0]",primal=Optimization terminated successfully; dual=outer=Optimization terminated successfully; inner=Optimization terminated successfully,0,3.5593301609430927,0.0,,tiny12_magnitude_prune_20260503_contcert1,tiny12
magnitude_prune,triple,physics+docker+gsm8k,94.41464959861948,86.84563941955562,0,"[0.2000000000000024, 0.501510820321292, 0.2984891796787056]","[0.2, 0.6, 0.2]",0.0,"{""docker"": -24.15238924026486, ""gsm8k"": -48.90547103881833, ""physics"": -86.84563941955562}",physics,continuous_primal_dual_psd,6,94.41464959861948,94.41464959861854,9.379164112033322e-13,"[0.0, 0.9999999999999869, 1.3123097926639332e-14]",primal=Optimization terminated successfully; dual=outer=Optimization terminated successfully; inner=Optimization terminated successfully,1,-210.6219049111737,210.62190491117371,,tiny12_magnitude_prune_20260503_contcert1,tiny12
magnitude_prune,triple,physics+docker+textsql,45.940518561683135,60.120299530029264,0,"[0.2000000000000243, 0.2, 0.5999999999999757]","[0.2, 0.2, 0.6]",0.0,"{""docker"": -22.902384471893278, ""physics"": -60.120299530029264, ""textsql"": -0.6492861864507341}",physics,continuous_primal_dual_psd,6,45.940518561683135,45.940518561683135,0.0,"[0.0, 1.0, 0.0]",primal=Optimization terminated successfully; dual=outer=Optimization terminated successfully; inner=Optimization terminated successfully,1,-86.66336494831563,86.66336494831562,,tiny12_magnitude_prune_20260503_contcert1,tiny12
magnitude_prune,triple,physics+empathy+brainstorming,18.252919193887628,25.449839305877653,0,"[0.256368022595921, 0.3692065795877087, 0.3744253978163703]","[0.2, 0.4, 0.4]",0.0,"{""brainstorming"": -22.559264373779264, ""empathy"": -0.2900079790225237, ""physics"": -25.449839305877653}",physics,continuous_primal_dual_psd,6,18.252919193887628,18.252919193887628,0.0,"[0.0, 0.0, 1.0]",primal=Optimization terminated successfully; dual=outer=Optimization terminated successfully; inner=Optimization terminated successfully,1,-6.024391010131659,6.024391010131659,,tiny12_magnitude_prune_20260503_contcert1,tiny12
magnitude_prune,triple,physics+empathy+company,12.855436364659383,39.4077450752258,0,"[0.30936338205769426, 0.49063661794239083, 0.1999999999999149]","[0.2, 0.6, 0.2]",0.10350942611694336,"{""company"": -6.559673023223844, ""empathy"": 0.11238138842076195, ""physics"": -39.4077450752258}",physics,continuous_primal_dual_psd,6,12.855436364659383,12.855436364659383,0.0,"[1.0, 0.0, 0.0]",primal=Optimization terminated successfully; dual=outer=Optimization terminated successfully; inner=Optimization terminated successfully,0,4.2988482386959985,0.0,,tiny12_magnitude_prune_20260503_contcert1,tiny12
magnitude_prune,triple,physics+empathy+creative,8.81987718847702,26.743856143951383,0,"[0.20000000000000012, 0.3997044814377209, 0.40029551856227896]","[0.4, 0.4, 0.2]",0.19838809967041016,"{""creative"": -5.605021190643278, ""empathy"": -1.1355160373039255, ""physics"": -26.743856143951383}",physics,continuous_primal_dual_psd,6,8.81987718847702,8.819877188476994,2.6645352591003757e-14,"[0.9999999999999938, 0.0, 6.161737786669593e-15]",primal=Optimization terminated successfully; dual=outer=Optimization terminated successfully; inner=Optimization terminated successfully,1,-43.82192115126127,43.821921151261265,,tiny12_magnitude_prune_20260503_contcert1,tiny12
magnitude_prune,triple,physics+empathy+docker,34.695820740933385,35.94847030639645,0,"[0.2, 0.5999999999999948, 0.20000000000000528]","[0.2, 0.6, 0.2]",0.0,"{""docker"": -21.711912822723356, ""empathy"": -0.7822707182271542, ""physics"": -35.94847030639645}",physics,continuous_primal_dual_psd,6,34.695820740933385,34.695820740926976,6.409095476556104e-12,"[0.0, 0.0, 1.0]",primal=Optimization terminated successfully; dual=outer=Optimization terminated successfully; inner=Optimization terminated successfully,1,-6.996514928962153,6.996514928962153,,tiny12_magnitude_prune_20260503_contcert1,tiny12
magnitude_prune,triple,physics+empathy+gsm8k,49.46968406503478,39.20933313369748,0,"[0.20000000000028773, 0.5999999999996302, 0.2000000000000821]","[0.2, 0.6, 0.2]",0.0,"{""empathy"": -0.4966327816501991, ""gsm8k"": 10.828170108795199, ""physics"": -39.20933313369748}",physics,continuous_primal_dual_psd,6,49.46968406503478,49.46968406503478,0.0,"[1.0, 0.0, 0.0]",primal=Optimization terminated successfully; dual=outer=Optimization terminated successfully; inner=Optimization terminated successfully,1,-243.60940859183543,243.6094085918354,,tiny12_magnitude_prune_20260503_contcert1,tiny12
magnitude_prune,triple,physics+empathy+textsql,6.140763358452958,32.79111690521237,0,"[0.2939260114085309, 0.43119115453453644, 0.2748828340569327]","[0.2, 0.4, 0.4]",2.173912525177002,"{""empathy"": -0.1795007310414112, ""physics"": -32.79111690521237, ""textsql"": -0.3751199829983355}",physics,continuous_primal_dual_psd,6,6.140763358452958,6.140763358452958,0.0,"[1.0, 0.0, 0.0]",primal=Optimization terminated successfully; dual=outer=Optimization terminated successfully; inner=Optimization terminated successfully,0,3.2595116675493863,0.0,,tiny12_magnitude_prune_20260503_contcert1,tiny12
magnitude_prune,triple,physics+gsm8k+textsql,34.068962344340555,66.0640508651733,0,"[0.2, 0.2, 0.6]","[0.2, 0.2, 0.6]",0.0,"{""gsm8k"": -1.7352373123168618, ""physics"": -66.0640508651733, ""textsql"": -0.8129758956188128}",physics,continuous_primal_dual_psd,6,34.068962344340555,34.068962344340555,0.0,"[1.0, 0.0, 0.0]",primal=Optimization terminated successfully; dual=outer=Optimization terminated successfully; inner=Optimization terminated successfully,1,-100.7234162640971,100.72341626409712,,tiny12_magnitude_prune_20260503_contcert1,tiny12
ties,pair,brainstorming+company,4.311810207366889,-1.314982700347933,1,"[0.8, 0.19999999999999996]","[0.8, 0.2]",0.0,"{""brainstorming"": 1.9630401611328452, ""company"": 1.314982700347933}",company,continuous_primal_dual_psd,4,4.311810207366889,4.311810207366889,0.0,"[1.0, 0.0]",primal=Optimization terminated successfully; dual=outer=Optimization terminated successfully; inner=Optimization terminated successfully,0,59.59108471870424,0.0,,tiny12_ties_20260503_contcert1,tiny12
ties,pair,brainstorming+creative,6.489458751678436,3.797820281982389,0,"[0.2, 0.8]","[0.6, 0.4]",4.836940765380859,"{""brainstorming"": -3.797820281982389, ""creative"": -2.676275444030729}",brainstorming,continuous_primal_dual_psd,4,6.489458751678436,6.489458751678436,0.0,"[1.0, 0.0]",primal=Optimization terminated successfully; dual=outer=Optimization terminated successfully; inner=Optimization terminated successfully,1,-17.269551753997806,17.269551753997806,,tiny12_ties_20260503_contcert1,tiny12
ties,pair,brainstorming+docker,28.366109800338712,7.547834587097135,0,"[0.8, 0.19999999999999996]","[0.8, 0.2]",0.0,"{""brainstorming"": -7.547834587097135, ""docker"": -5.64049787521359}",brainstorming,continuous_primal_dual_psd,4,28.366109800338712,28.366109800338712,0.0,"[0.0, 1.0]",primal=Optimization terminated successfully; dual=outer=Optimization terminated successfully; inner=Optimization terminated successfully,1,-66.68657064437862,66.68657064437862,,tiny12_ties_20260503_contcert1,tiny12
ties,pair,brainstorming+gsm8k,-6.171726451438474,2.5478393554687173,0,"[0.6003354694601225, 0.3996645305398775]","[0.6, 0.4]",0.0,"{""brainstorming"": -2.5478393554687173, ""gsm8k"": 24.399420547485384}",brainstorming,continuous_primal_dual_psd,4,-6.171726451438474,-6.171726451438474,0.0,"[1.0, 0.0]",primal=Optimization terminated successfully; dual=outer=Optimization terminated successfully; inner=Optimization terminated successfully,0,110.39897799491892,0.0,,tiny12_ties_20260503_contcert1,tiny12
ties,pair,brainstorming+textsql,4.995441451060228,3.797820281982389,0,"[0.5940008503747388, 0.4059991496252612]","[0.8, 0.2]",2.565789222717285,"{""brainstorming"": -3.797820281982389, ""textsql"": -0.792499579521686}",brainstorming,continuous_primal_dual_psd,4,4.995441451060228,4.995441451060228,0.0,"[1.0, 0.0]",primal=Optimization terminated successfully; dual=outer=Optimization terminated successfully; inner=Optimization terminated successfully,0,4.3087194344545825,0.0,,tiny12_ties_20260503_contcert1,tiny12
ties,pair,colorist+brainstorming,7.71972723007233,2.873900604248014,0,"[0.20000000000000695, 0.799999999999993]","[0.2, 0.8]",0.0,"{""brainstorming"": -2.873900604248014, ""colorist"": -1.1750609397887857}",brainstorming,continuous_primal_dual_psd,4,7.71972723007233,7.71972723007233,0.0,"[0.0, 1.0]",primal=Optimization terminated successfully; dual=outer=Optimization terminated successfully; inner=Optimization terminated successfully,1,-32.072663307189984,32.072663307189984,,tiny12_ties_20260503_contcert1,tiny12
ties,pair,colorist+company,14.10945521595775,9.869960021972624,0,"[0.2631174228882753, 0.7368825771117247]","[0.6, 0.4]",5.7167887687683105,"{""colorist"": -3.0221373558044107, ""company"": -9.869960021972624}",company,continuous_primal_dual_psd,4,14.10945521595775,14.10945521595775,0.0,"[0.0, 1.0]",primal=Optimization terminated successfully; dual=outer=Optimization terminated successfully; inner=Optimization terminated successfully,0,29.68356013298028,0.0,,tiny12_ties_20260503_contcert1,tiny12
ties,pair,colorist+creative,5.8213287194762655,0.9736330032348306,0,"[0.254469408644777, 0.745530591355223]","[0.8, 0.2]",5.659019947052002,"{""colorist"": -0.9736330032348306, ""creative"": 2.5473444938659995}",colorist,continuous_primal_dual_psd,4,5.8213287194762655,5.8213287194762655,0.0,"[0.9999999999999996, 5.551115123125783e-16]",primal=Optimization terminated successfully; dual=outer=Optimization terminated successfully; inner=Optimization terminated successfully,1,-43.52673888206481,43.52673888206481,,tiny12_ties_20260503_contcert1,tiny12
ties,pair,colorist+docker,39.97780151367188,24.153176021575895,0,"[0.2, 0.8]","[0.6, 0.4]",22.218036651611328,"{""colorist"": -24.153176021575895, ""docker"": -10.580959987640348}",colorist,continuous_primal_dual_psd,4,39.97780151367188,39.97780151367188,0.0,"[0.0, 1.0]",primal=Optimization terminated successfully; dual=outer=Optimization terminated successfully; inner=Optimization terminated successfully,1,-52.08313465118406,52.08313465118406,,tiny12_ties_20260503_contcert1,tiny12
ties,pair,colorist+empathy,2.569260052391905,0.09668759868616493,0,"[0.3826914695265803, 0.6173085304734197]","[0.2, 0.8]",0.05430384578258625,"{""colorist"": 0.9988515853882163, ""empathy"": -0.09668759868616493}",empathy,continuous_primal_dual_psd,4,2.569260052391905,2.569260052391905,0.0,"[1.0, 0.0]",primal=Optimization terminated successfully; dual=outer=Optimization terminated successfully; inner=Optimization terminated successfully,0,0.7969591748624931,0.0,,tiny12_ties_20260503_contcert1,tiny12
ties,pair,colorist+energy,11.43927348479567,14.037659835815397,0,"[0.5250001911541513, 0.4749998088458487]","[0.2, 0.8]",2.7698516845703125,"{""colorist"": -7.2939545631408365, ""energy"": -14.037659835815397}",energy,continuous_primal_dual_psd,4,11.43927348479567,11.43927348479567,0.0,"[0.0, 1.0]",primal=Optimization terminated successfully; dual=outer=Optimization terminated successfully; inner=Optimization terminated successfully,0,38.02090883255004,0.0,,tiny12_ties_20260503_contcert1,tiny12
ties,pair,colorist+flex,30.53797675153898,13.195934963226286,0,"[0.5482567965036165, 0.4517432034963835]","[0.6, 0.4]",0.0,"{""colorist"": 1.048263835907015, ""flex"": -13.195934963226286}",flex,continuous_primal_dual_psd,4,30.53797675153898,30.53797675153898,0.0,"[0.0, 1.0]",primal=Optimization terminated successfully; dual=outer=Optimization terminated successfully; inner=Optimization terminated successfully,0,39.062499999999964,0.0,,tiny12_ties_20260503_contcert1,tiny12
ties,pair,colorist+gsm8k,1.8375164985656127,0.6239921569823892,0,"[0.8, 0.19999999999999996]","[0.6, 0.4]",0.6741762161254883,"{""colorist"": -0.6239921569823892, ""gsm8k"": 12.070819664001498}",colorist,continuous_primal_dual_psd,4,1.8375164985656127,1.8375164985656127,0.0,"[1.0, 0.0]",primal=Optimization terminated successfully; dual=outer=Optimization terminated successfully; inner=Optimization terminated successfully,0,47.18646407127389,0.0,,tiny12_ties_20260503_contcert1,tiny12
ties,pair,colorist+physics,14.928409123715703,22.973981571197477,0,"[0.47929203742449566, 0.5207079625755043]","[0.8, 0.2]",6.34922981262207,"{""colorist"": -5.2454621315002115, ""physics"": -22.973981571197477}",physics,continuous_primal_dual_psd,4,14.928409123715703,14.928409123715703,0.0,"[0.0, 1.0]",primal=Optimization terminated successfully; dual=outer=Optimization terminated successfully; inner=Optimization terminated successfully,0,54.76206541061399,0.0,,tiny12_ties_20260503_contcert1,tiny12
ties,pair,colorist+textsql,0.3545468919221506,1.2738735198974283,0,"[0.2, 0.8]","[0.6, 0.4]",9.155535697937012,"{""colorist"": -1.2738735198974283, ""textsql"": -0.6133336607341934}",colorist,continuous_primal_dual_psd,4,0.3545468919221506,0.3545468919221506,0.0,"[0.0, 1.0]",primal=Optimization terminated successfully; dual=outer=Optimization terminated successfully; inner=Optimization terminated successfully,1,-2.2848473498031842e-05,2.2848473498031842e-05,,tiny12_ties_20260503_contcert1,tiny12
ties,pair,company+docker,39.916387271881156,24.38824481964108,0,"[0.8, 0.19999999999999996]","[0.8, 0.2]",0.0,"{""company"": -24.38824481964108, ""docker"": -1.771429252624479}",company,continuous_primal_dual_psd,4,39.916387271881156,39.916387271881156,0.0,"[0.0, 1.0]",primal=Optimization terminated successfully; dual=outer=Optimization terminated successfully; inner=Optimization terminated successfully,1,-53.10416221618676,53.10416221618676,,tiny12_ties_20260503_contcert1,tiny12
ties,pair,company+gsm8k,15.870757770538479,21.195712757110563,0,"[0.7999999999999559, 0.20000000000004414]","[0.8, 0.2]",0.0,"{""company"": -21.195712757110563, ""gsm8k"": 29.138550090789828}",company,continuous_primal_dual_psd,4,15.870757770538479,15.870757770538479,0.0,"[1.0, 0.0]",primal=Optimization terminated successfully; dual=outer=Optimization terminated successfully; inner=Optimization terminated successfully,0,57.42728710174567,0.0,,tiny12_ties_20260503_contcert1,tiny12
ties,pair,company+textsql,5.888125859839521,9.483757686614958,0,"[0.35347067764642126, 0.6465293223535787]","[0.4, 0.6]",0.0,"{""company"": -9.483757686614958, ""textsql"": -0.39511997430627727}",company,continuous_primal_dual_psd,4,5.888125859839521,5.888125859839521,0.0,"[1.0, 0.0]",primal=Optimization terminated successfully; dual=outer=Optimization terminated successfully; inner=Optimization terminated successfully,0,0.04738773402548625,0.0,,tiny12_ties_20260503_contcert1,tiny12
ties,pair,conversation+brainstorming,5.905976255173638,2.776673507690397,0,"[0.40711971826526305, 0.592880281734737]","[0.2, 0.8]",1.2499809265136719,"{""brainstorming"": -2.776673507690397, ""conversation"": 7.633337306976351}",brainstorming,continuous_primal_dual_psd,4,5.905976255173638,5.905976255173638,0.0,"[0.0, 1.0]",primal=Optimization terminated successfully; dual=outer=Optimization terminated successfully; inner=Optimization terminated successfully,1,-18.28059554100036,18.28059554100036,,tiny12_ties_20260503_contcert1,tiny12
ties,pair,conversation+colorist,8.854270541797836,-0.8240073204040854,1,"[0.5441519837317964, 0.4558480162682036]","[0.6, 0.4]",0.0,"{""colorist"": 0.8240073204040854, ""conversation"": 2.7226298332214682}",colorist,continuous_primal_dual_psd,4,8.854270541797836,8.854270541797836,0.0,"[0.0, 1.0]",primal=Optimization terminated successfully; dual=outer=Optimization terminated successfully; inner=Optimization terminated successfully,0,80.28268814086913,0.0,,tiny12_ties_20260503_contcert1,tiny12
ties,pair,conversation+company,14.735395091377939,7.601335716247526,0,"[0.44509584109615685, 0.5549041589038431]","[0.6, 0.4]",4.4466376304626465,"{""company"": -7.601335716247526, ""conversation"": 12.097617912292513}",company,continuous_primal_dual_psd,4,14.735395091377939,14.735395091377939,0.0,"[0.0, 1.0]",primal=Optimization terminated successfully; dual=outer=Optimization terminated successfully; inner=Optimization terminated successfully,0,9.799003601074245,0.0,,tiny12_ties_20260503_contcert1,tiny12
ties,pair,conversation+creative,-8.763197916359633,-6.44828968048099,1,"[0.4385469818206144, 0.5614530181793855]","[0.4, 0.6]",0.0,"{""conversation"": 15.669044780731234, ""creative"": 6.44828968048099}",creative,continuous_primal_dual_psd,4,-8.763197916359633,-8.763197916359633,0.0,"[0.0, 1.0]",primal=Optimization terminated successfully; dual=outer=Optimization terminated successfully; inner=Optimization terminated successfully,0,42.8505241870881,0.0,,tiny12_ties_20260503_contcert1,tiny12
ties,pair,conversation+docker,25.023934316635113,2.33689851760861,0,"[0.8, 0.19999999999999996]","[0.4, 0.6]",11.93453073501587,"{""conversation"": -2.33689851760861, ""docker"": 6.6809504508972495}",conversation,continuous_primal_dual_psd,4,25.023934316635113,25.023934316635113,0.0,"[0.0, 1.0]",primal=Optimization terminated successfully; dual=outer=Optimization terminated successfully; inner=Optimization terminated successfully,0,46.87517881393423,0.0,,tiny12_ties_20260503_contcert1,tiny12
ties,pair,conversation+empathy,-0.29351558742937667,-0.5039109608390256,1,"[0.7342156581429893, 0.2657843418570107]","[0.4, 0.6]",0.05403286011206054,"{""conversation"": 11.055955219268832, ""empathy"": 0.5039109608390256}",empathy,continuous_primal_dual_psd,4,-0.29351558742937667,-0.29351558742937667,0.0,"[0.0, 1.0]",primal=Optimization terminated successfully; dual=outer=Optimization terminated successfully; inner=Optimization terminated successfully,0,2.161552363170728,0.0,,tiny12_ties_20260503_contcert1,tiny12
ties,pair,conversation+energy,17.77958282033881,15.972021293640104,0,"[0.6824263618388848, 0.31757363816111517]","[0.6, 0.4]",0.0,"{""conversation"": 1.6809552192688315, ""energy"": -15.972021293640104}",energy,continuous_primal_dual_psd,4,17.77958282033881,17.77958282033881,0.0,"[0.0, 1.0]",primal=Optimization terminated successfully; dual=outer=Optimization terminated successfully; inner=Optimization terminated successfully,0,8.944720029830941,0.0,,tiny12_ties_20260503_contcert1,tiny12
ties,pair,conversation+flex,20.40168177197817,4.1679293632507,0,"[0.7114451278893387, 0.28855487211066133]","[0.8, 0.2]",0.0,"{""conversation"": 13.13929252624515, ""flex"": -4.1679293632507}",flex,continuous_primal_dual_psd,4,20.40168177197817,20.40168177197817,0.0,"[0.0, 1.0]",primal=Optimization terminated successfully; dual=outer=Optimization terminated successfully; inner=Optimization terminated successfully,0,107.07676410675052,0.0,,tiny12_ties_20260503_contcert1,tiny12
ties,pair,conversation+gsm8k,-1.149805712699937,-7.484516429901156,1,"[0.8, 0.19999999999999996]","[0.8, 0.2]",0.0,"{""conversation"": 7.484516429901156, ""gsm8k"": 18.981537151336703}",conversation,continuous_primal_dual_psd,4,-1.149805712699937,-1.149805712699937,0.0,"[1.0, 0.0]",primal=Optimization terminated successfully; dual=outer=Optimization terminated successfully; inner=Optimization terminated successfully,1,-27.22546458244327,27.22546458244327,,tiny12_ties_20260503_contcert1,tiny12
ties,pair,conversation+physics,42.281123471260045,20.90357847213742,0,"[0.8, 0.19999999999999996]","[0.8, 0.2]",0.0,"{""conversation"": -16.622617912292448, ""physics"": -20.90357847213742}",physics,continuous_primal_dual_psd,4,42.281123471260045,42.281123471260045,0.0,"[1.0, 0.0]",primal=Optimization terminated successfully; dual=outer=Optimization terminated successfully; inner=Optimization terminated successfully,1,-72.0621645450592,72.0621645450592,,tiny12_ties_20260503_contcert1,tiny12
ties,pair,conversation+textsql,0.3587915672872173,0.5259519650787883,0,"[0.45090901881356543, 0.5490909811864346]","[0.4, 0.6]",0.0,"{""conversation"": 7.18691043853763, ""textsql"": -0.5259519650787883}",textsql,continuous_primal_dual_psd,4,0.3587915672872173,0.35879156725547945,3.173783458265689e-11,"[0.021499687172581293, 0.9785003128274188]",primal=Optimization terminated successfully; dual=outer=Optimization terminated successfully; inner=Optimization terminated successfully,0,5.255697266865597,0.0,,tiny12_ties_20260503_contcert1,tiny12
ties,pair,creative+company,3.8450420618056977,3.268340301513639,0,"[0.8, 0.19999999999999996]","[0.8, 0.2]",0.0,"{""company"": -3.268340301513639, ""creative"": -2.557256889343229}",company,continuous_primal_dual_psd,4,3.8450420618056977,3.8450420618056977,0.0,"[1.0, 0.0]",primal=Optimization terminated successfully; dual=outer=Optimization terminated successfully; inner=Optimization terminated successfully,1,-16.809254884719877,16.809254884719877,,tiny12_ties_20260503_contcert1,tiny12
ties,pair,creative+docker,13.663223457336422,8.196380805969206,0,"[0.8, 0.19999999999999996]","[0.8, 0.2]",0.0,"{""creative"": -8.196380805969206, ""docker"": -8.08096237182614}",creative,continuous_primal_dual_psd,4,13.663223457336422,13.663223457336422,0.0,"[0.0, 1.0]",primal=Optimization terminated successfully; dual=outer=Optimization terminated successfully; inner=Optimization terminated successfully,1,-28.848201036453187,28.848201036453187,,tiny12_ties_20260503_contcert1,tiny12
ties,pair,creative+gsm8k,2.0077545166015653,3.8721830368041665,0,"[0.7999999999999988, 0.20000000000000118]","[0.8, 0.2]",0.0,"{""creative"": -3.8721830368041665, ""gsm8k"": 12.070807743072542}",creative,continuous_primal_dual_psd,4,2.0077545166015653,2.0077545166015653,0.0,"[1.0, 0.0]",primal=Optimization terminated successfully; dual=outer=Optimization terminated successfully; inner=Optimization terminated successfully,0,16.808509826660117,0.0,,tiny12_ties_20260503_contcert1,tiny12
ties,pair,creative+textsql,-0.568849421959527,0.7649452209472329,0,"[0.5809000980097213, 0.4190999019902787]","[0.8, 0.2]",1.1363744735717773,"{""creative"": -0.7649452209472329, ""textsql"": -0.6136904697231723}",creative,continuous_primal_dual_psd,4,-0.568849421959527,-0.5688494219639483,4.421241150964761e-12,"[0.05554165277092837, 0.9444583472290717]",primal=Optimization terminated successfully; dual=outer=Optimization terminated successfully; inner=Optimization terminated successfully,0,6.344678362038634,0.0,,tiny12_ties_20260503_contcert1,tiny12
ties,pair,docker+gsm8k,20.718040494910507,1.6941101074218423,0,"[0.5319036129834248, 0.4680963870165752]","[0.6, 0.4]",0.0,"{""docker"": 0.5499928474426596, ""gsm8k"": -1.6941101074218423}",gsm8k,continuous_primal_dual_psd,4,20.718040494910507,20.718040494910507,0.0,"[1.0, 0.0]",primal=Optimization terminated successfully; dual=outer=Optimization terminated successfully; inner=Optimization terminated successfully,0,105.50260543823238,0.0,,tiny12_ties_20260503_contcert1,tiny12
ties,pair,docker+textsql,20.802140903472868,0.6296430041317712,0,"[0.2, 0.8]","[0.4, 0.6]",3.701328904437532,"{""docker"": 0.6095140457153647, ""textsql"": -0.6296430041317712}",textsql,continuous_primal_dual_psd,4,20.802140903472868,20.802140903472868,0.0,"[1.0, 0.0]",primal=Optimization terminated successfully; dual=outer=Optimization terminated successfully; inner=Optimization terminated successfully,1,-48.61086606979378,48.61086606979378,,tiny12_ties_20260503_contcert1,tiny12
ties,pair,empathy+brainstorming,8.894061994552587,1.6238958358764322,0,"[0.4599999999999385, 0.5400000000000615]","[0.2, 0.8]",0.0,"{""brainstorming"": -1.6238958358764322, ""empathy"": -0.3467564520714047}",brainstorming,continuous_primal_dual_psd,4,8.894061994552587,8.894061994552587,0.0,"[0.0, 1.0]",primal=Optimization terminated successfully; dual=outer=Optimization terminated successfully; inner=Optimization terminated successfully,1,-0.7491411227389377,0.7491411227389377,,tiny12_ties_20260503_contcert1,tiny12
ties,pair,empathy+company,0.4859846079295967,1.9952923774718911,0,"[0.8, 0.19999999999999996]","[0.8, 0.2]",0.0,"{""company"": -1.9952923774718911, ""empathy"": 0.26144476098797925}",company,continuous_primal_dual_psd,4,0.4859846079295967,0.4859846079295967,0.0,"[1.0, 0.0]",primal=Optimization terminated successfully; dual=outer=Optimization terminated successfully; inner=Optimization terminated successfully,1,-0.4790667374301952,0.4790667374301952,,tiny12_ties_20260503_contcert1,tiny12
ties,pair,empathy+creative,0.06773567749221643,-0.2046971735131849,1,"[0.2, 0.8]","[0.4, 0.6]",0.046429763790823864,"{""creative"": 8.775111961364779, ""empathy"": 0.2046971735131849}",empathy,continuous_primal_dual_psd,4,0.06773567749221643,0.06773567749221643,0.0,"[1.0, 0.0]",primal=Optimization terminated successfully; dual=outer=Optimization terminated successfully; inner=Optimization terminated successfully,0,1.2760342728228249,0.0,,tiny12_ties_20260503_contcert1,tiny12
ties,pair,empathy+docker,37.119205665588375,1.0404841964876388,0,"[0.7999999999999999, 0.20000000000000007]","[0.6, 0.4]",4.6000017577969965,"{""docker"": 2.9904692649841635, ""empathy"": -1.0404841964876388}",empathy,continuous_primal_dual_psd,4,37.119205665588375,37.119205665588375,0.0,"[0.0, 1.0]",primal=Optimization terminated successfully; dual=outer=Optimization terminated successfully; inner=Optimization terminated successfully,1,-74.95939731597906,74.95939731597906,,tiny12_ties_20260503_contcert1,tiny12
ties,pair,empathy+gsm8k,0.4013993703464178,0.09695946993077731,0,"[0.6957555383761952, 0.3042444616238048]","[0.8, 0.2]",0.0518596613033348,"{""empathy"": -0.09695946993077731, ""gsm8k"": 15.101119804382357}",empathy,continuous_primal_dual_psd,4,0.4013993703464178,0.4013993703464178,0.0,"[1.0, 0.0]",primal=Optimization terminated successfully; dual=outer=Optimization terminated successfully; inner=Optimization terminated successfully,0,4.138918067139071,0.0,,tiny12_ties_20260503_contcert1,tiny12
ties,pair,empathy+textsql,0.36666458945954616,0.12818436944025782,0,"[0.7142328949049938, 0.28576710509500625]","[0.4, 0.6]",0.6591968916122387,"{""empathy"": -0.12818436944025782, ""textsql"": -0.06571400260153432}",empathy,continuous_primal_dual_psd,4,0.36666458945954616,0.36666458945954616,0.0,"[1.0, 0.0]",primal=Optimization terminated successfully; dual=outer=Optimization terminated successfully; inner=Optimization terminated successfully,0,4.185858263598151,0.0,,tiny12_ties_20260503_contcert1,tiny12
ties,pair,energy+brainstorming,8.788824748993031,7.007375431060758,0,"[0.20000000000002527, 0.7999999999999747]","[0.2, 0.8]",0.0,"{""brainstorming"": -1.3950616836547525, ""energy"": -7.007375431060758}",energy,continuous_primal_dual_psd,4,8.788824748993031,8.788824748993031,0.0,"[0.0, 1.0]",primal=Optimization terminated successfully; dual=outer=Optimization terminated successfully; inner=Optimization terminated successfully,0,29.211342334747297,0.0,,tiny12_ties_20260503_contcert1,tiny12
ties,pair,energy+company,25.933205556869485,20.994368267059293,0,"[0.2, 0.8]","[0.6, 0.4]",0.17830133438110352,"{""company"": -19.873252582550016, ""energy"": -20.994368267059293}",energy,continuous_primal_dual_psd,4,25.933205556869485,25.933205556869485,0.0,"[1.0, 0.0]",primal=Optimization terminated successfully; dual=outer=Optimization terminated successfully; inner=Optimization terminated successfully,1,-31.250119209289643,31.250119209289643,,tiny12_ties_20260503_contcert1,tiny12
ties,pair,energy+creative,7.78399474620816,7.119539451599088,0,"[0.2, 0.8]","[0.2, 0.8]",0.0,"{""creative"": -7.119539451599088, ""energy"": -6.396260929107633}",creative,continuous_primal_dual_psd,4,7.78399474620816,7.78399474620816,0.0,"[1.0, 0.0]",primal=Optimization terminated successfully; dual=outer=Optimization terminated successfully; inner=Optimization terminated successfully,0,0.6176531314849767,0.0,,tiny12_ties_20260503_contcert1,tiny12
ties,pair,energy+docker,26.895335243548306,15.166083049774137,0,"[0.730293865734045, 0.269706134265955]","[0.6, 0.4]",1.3347744941711426,"{""docker"": 3.0500023841858237, ""energy"": -15.166083049774137}",energy,continuous_primal_dual_psd,4,26.895335243548306,26.895335243548306,0.0,"[0.01248728601668483, 0.9875127139833151]",primal=Optimization terminated successfully; dual=outer=Optimization terminated successfully; inner=Optimization terminated successfully,1,-42.799115180969316,42.799115180969316,,tiny12_ties_20260503_contcert1,tiny12
ties,pair,energy+empathy,1.1696393013006603,3.4900695800780923,0,"[0.2000000000000605, 0.7999999999999395]","[0.2, 0.8]",0.0,"{""empathy"": 0.11210951717614956, ""energy"": -3.4900695800780923}",energy,continuous_primal_dual_psd,4,1.1696393013006603,1.1696393013006603,0.0,"[1.0, 0.0]",primal=Optimization terminated successfully; dual=outer=Optimization terminated successfully; inner=Optimization terminated successfully,0,0.350682436633033,0.0,,tiny12_ties_20260503_contcert1,tiny12
ties,pair,energy+gsm8k,13.280957900970051,17.753401470184293,0,"[0.6359541043015811, 0.36404589569841894]","[0.8, 0.2]",2.7157187461853027,"{""energy"": -17.753401470184293, ""gsm8k"": 9.39016036987308}",energy,continuous_primal_dual_psd,4,13.280957900970051,13.280957900970051,0.0,"[1.0, 0.0]",primal=Optimization terminated successfully; dual=outer=Optimization terminated successfully; inner=Optimization terminated successfully,0,87.63626217842098,0.0,,tiny12_ties_20260503_contcert1,tiny12
ties,pair,energy+physics,21.58193977782762,18.22071380615231,0,"[0.7817707643815024, 0.2182292356184976]","[0.8, 0.2]",0.0,"{""energy"": -16.56292982101437, ""physics"": -18.22071380615231}",physics,continuous_primal_dual_psd,4,21.58193977782762,21.58193977782762,0.0,"[1.0, 0.0]",primal=Optimization terminated successfully; dual=outer=Optimization terminated successfully; inner=Optimization terminated successfully,0,49.32999610900877,0.0,,tiny12_ties_20260503_contcert1,tiny12
ties,pair,energy+textsql,21.83290429115292,20.699289512634245,0,"[0.2, 0.8]","[0.8, 0.2]",5.074286460876465,"{""energy"": -20.699289512634245, ""textsql"": -0.8982141297228854}",energy,continuous_primal_dual_psd,4,21.83290429115292,21.83290429115292,0.0,"[1.0, 0.0]",primal=Optimization terminated successfully; dual=outer=Optimization terminated successfully; inner=Optimization terminated successfully,1,-42.798966169357385,42.798966169357385,,tiny12_ties_20260503_contcert1,tiny12
ties,pair,flex+brainstorming,16.98839433193207,4.189685058593717,0,"[0.20000000000000417, 0.7999999999999958]","[0.2, 0.8]",0.0,"{""brainstorming"": -4.189685058593717, ""flex"": -1.8904954910277993}",brainstorming,continuous_primal_dual_psd,4,16.98839433193207,16.98839433193207,0.0,"[1.0, 0.0]",primal=Optimization terminated successfully; dual=outer=Optimization terminated successfully; inner=Optimization terminated successfully,0,91.29926562309254,0.0,,tiny12_ties_20260503_contcert1,tiny12
ties,pair,flex+company,38.36360402107243,29.513898563384977,0,"[0.20000000000000942, 0.7999999999999906]","[0.2, 0.8]",0.0,"{""company"": -26.778724861144987, ""flex"": -29.513898563384977}",flex,continuous_primal_dual_psd,4,38.36360402107243,38.36360402107243,0.0,"[1.0, 0.0]",primal=Optimization terminated successfully; dual=outer=Optimization terminated successfully; inner=Optimization terminated successfully,0,46.00703716278062,0.0,,tiny12_ties_20260503_contcert1,tiny12
ties,pair,flex+creative,17.478001998834934,3.7531644821166665,0,"[0.3678300058701653, 0.6321699941298347]","[0.2, 0.8]",1.1904716491699219,"{""creative"": -3.7531644821166665, ""flex"": -0.5747229576110513}",creative,continuous_primal_dual_psd,4,17.478001998834934,17.478001998834934,0.0,"[1.0, 0.0]",primal=Optimization terminated successfully; dual=outer=Optimization terminated successfully; inner=Optimization terminated successfully,0,116.88336730003358,0.0,,tiny12_ties_20260503_contcert1,tiny12
ties,pair,flex+docker,61.71667059884335,43.15396852493283,0,"[0.6416762352531623, 0.3583237647468377]","[0.8, 0.2]",7.769417762756348,"{""docker"": -23.021426868438688, ""flex"": -43.15396852493283}",flex,continuous_primal_dual_psd,4,61.71667059884335,61.716670598669,1.7435297650081338e-10,"[0.609670509555769, 0.39032949044423104]",primal=Optimization terminated successfully; dual=outer=Optimization terminated successfully; inner=Optimization terminated successfully,1,-67.70819425582899,67.70819425582899,,tiny12_ties_20260503_contcert1,tiny12
ties,pair,flex+empathy,16.45386583805081,0.5747229576110513,0,"[0.2, 0.8]","[0.2, 0.8]",0.0,"{""empathy"": -0.18710249900151785, ""flex"": -0.5747229576110513}",flex,continuous_primal_dual_psd,4,16.45386583805081,16.45386583805081,0.0,"[1.0, 0.0]",primal=Optimization terminated successfully; dual=outer=Optimization terminated successfully; inner=Optimization terminated successfully,1,-0.5357302304396208,0.5357302304396208,,tiny12_ties_20260503_contcert1,tiny12
ties,pair,flex+energy,29.880904363766263,24.100902748107877,0,"[0.29074319667944837, 0.7092568033205516]","[0.2, 0.8]",0.0,"{""energy"": -22.088173103332487, ""flex"": -24.100902748107877}",flex,continuous_primal_dual_psd,4,29.880904363766263,29.880904363766263,0.0,"[1.0, 0.0]",primal=Optimization terminated successfully; dual=outer=Optimization terminated successfully; inner=Optimization terminated successfully,1,-17.045140266418557,17.045140266418557,,tiny12_ties_20260503_contcert1,tiny12
ties,pair,flex+gsm8k,40.069136095047,33.335939121246305,0,"[0.8, 0.19999999999999996]","[0.8, 0.2]",0.0,"{""flex"": -33.335939121246305, ""gsm8k"": -2.259722423553434}",flex,continuous_primal_dual_psd,4,40.069136095047,40.069136095047,0.0,"[1.0, 0.0]",primal=Optimization terminated successfully; dual=outer=Optimization terminated successfully; inner=Optimization terminated successfully,1,-22.875368595123298,22.875368595123298,,tiny12_ties_20260503_contcert1,tiny12
ties,pair,flex+physics,12.266558406759355,21.110645008087126,0,"[0.6816640423117003, 0.3183359576882997]","[0.4, 0.6]",0.0,"{""flex"": -12.062659931182829, ""physics"": -21.110645008087126}",physics,continuous_primal_dual_psd,4,12.266558406759355,12.266558406759017,3.375077994860476e-13,"[1.0, 0.0]",primal=Optimization terminated successfully; dual=outer=Optimization terminated successfully; inner=Optimization terminated successfully,0,128.69536876678467,0.0,,tiny12_ties_20260503_contcert1,tiny12
ties,pair,flex+textsql,26.50025196075454,25.084343624114958,0,"[0.20000000000001295, 0.799999999999987]","[0.2, 0.8]",0.0,"{""flex"": -25.084343624114958, ""textsql"": 0.058570695334232245}",flex,continuous_primal_dual_psd,4,26.50025196075454,26.50025196075454,0.0,"[1.0, 0.0]",primal=Optimization terminated successfully; dual=outer=Optimization terminated successfully; inner=Optimization terminated successfully,0,1.0890153678832635,0.0,,tiny12_ties_20260503_contcert1,tiny12
ties,pair,gsm8k+textsql,-0.2409072214885166,0.13857126901007583,0,"[0.20000000000001336, 0.7999999999999866]","[0.2, 0.8]",0.0,"{""gsm8k"": 10.00203781127933, ""textsql"": -0.13857126901007583}",textsql,continuous_primal_dual_psd,4,-0.2409072214885166,-0.2409072214885166,0.0,"[0.0, 1.0]",primal=Optimization terminated successfully; dual=outer=Optimization terminated successfully; inner=Optimization terminated successfully,0,7.291713315633379,0.0,,tiny12_ties_20260503_contcert1,tiny12
ties,pair,physics+brainstorming,5.507287576634405,10.310092639923063,0,"[0.35109285119833855, 0.6489071488016614]","[0.2, 0.8]",0.5958199501037598,"{""brainstorming"": -4.98202152252194, ""physics"": -10.310092639923063}",physics,continuous_primal_dual_psd,4,5.507287576634405,5.507287576634405,0.0,"[0.0, 1.0]",primal=Optimization terminated successfully; dual=outer=Optimization terminated successfully; inner=Optimization terminated successfully,0,90.94730019569397,0.0,,tiny12_ties_20260503_contcert1,tiny12
ties,pair,physics+company,21.406111192703285,34.86150808334347,0,"[0.2000000000000092, 0.7999999999999908]","[0.2, 0.8]",0.0,"{""company"": -17.843428325653043, ""physics"": -34.86150808334347}",physics,continuous_primal_dual_psd,4,21.406111192703285,21.406111192703285,0.0,"[1.0, 0.0]",primal=Optimization terminated successfully; dual=outer=Optimization terminated successfully; inner=Optimization terminated successfully,0,40.53920507431019,0.0,,tiny12_ties_20260503_contcert1,tiny12
ties,pair,physics+creative,-3.433173518425369,11.397042942047086,0,"[0.23002494326442968, 0.7699750567355703]","[0.2, 0.8]",0.0,"{""creative"": 2.2827952384949057, ""physics"": -11.397042942047086}",physics,continuous_primal_dual_psd,4,-3.433173518425369,-3.4331735184388528,1.3483880678677451e-11,"[0.4068534805237143, 0.5931465194762857]",primal=Optimization terminated successfully; dual=outer=Optimization terminated successfully; inner=Optimization terminated successfully,0,61.958581209182704,0.0,,tiny12_ties_20260503_contcert1,tiny12
ties,pair,physics+docker,21.601900878211943,19.514694881439176,0,"[0.26550497487544705, 0.734495025124553]","[0.4, 0.6]",7.531082630157471,"{""docker"": 4.121431636810335, ""physics"": -19.514694881439176}",physics,continuous_primal_dual_psd,4,21.601900878211943,21.601900878211943,0.0,"[0.0, 1.0]",primal=Optimization terminated successfully; dual=outer=Optimization terminated successfully; inner=Optimization terminated successfully,0,106.53868317604064,0.0,,tiny12_ties_20260503_contcert1,tiny12
ties,pair,physics+empathy,0.8534894010215233,9.904649925231901,0,"[0.2, 0.8]","[0.2, 0.8]",0.0,"{""empathy"": -0.7437145936410493, ""physics"": -9.904649925231901}",physics,continuous_primal_dual_psd,4,0.8534894010215233,0.8534894010215233,0.0,"[0.0, 1.0]",primal=Optimization terminated successfully; dual=outer=Optimization terminated successfully; inner=Optimization terminated successfully,0,2.1137426715773,0.0,,tiny12_ties_20260503_contcert1,tiny12
ties,pair,physics+gsm8k,30.354793739318822,47.43913717269894,0,"[0.2, 0.8]","[0.2, 0.8]",0.0,"{""gsm8k"": 0.7277338981628745, ""physics"": -47.43913717269894}",physics,continuous_primal_dual_psd,4,30.354793739318822,30.354793739318822,0.0,"[1.0, 0.0]",primal=Optimization terminated successfully; dual=outer=Optimization terminated successfully; inner=Optimization terminated successfully,1,-179.21209335327148,179.21209335327148,,tiny12_ties_20260503_contcert1,tiny12
ties,pair,physics+textsql,0.7736045837403155,17.539194297790495,0,"[0.2000000000000106, 0.7999999999999894]","[0.2, 0.8]",0.0,"{""physics"": -17.539194297790495, ""textsql"": -0.13999980877472096}",physics,continuous_primal_dual_psd,4,0.7736045837403155,0.7736045837403155,0.0,"[1.0, 0.0]",primal=Optimization terminated successfully; dual=outer=Optimization terminated successfully; inner=Optimization terminated successfully,0,7.339021080001638,0.0,,tiny12_ties_20260503_contcert1,tiny12
ties,triple,brainstorming+company+docker,4.581549835205067,4.449990463256803,0,"[0.6, 0.2, 0.19999999999999996]","[0.6, 0.2, 0.2]",0.0,"{""brainstorming"": -4.449990463256803, ""company"": -3.0822546005248697, ""docker"": 1.7999976158142417}",brainstorming,continuous_primal_dual_psd,6,4.581549835205067,4.581549835205067,0.0,"[1.0, 0.0, 5.551115123125783e-17]",primal=Optimization terminated successfully; dual=outer=Optimization terminated successfully; inner=Optimization terminated successfully,1,-8.529263954955432,8.529263954955436,,tiny12_ties_20260503_contcert1,tiny12
ties,triple,brainstorming+company+gsm8k,5.173628520986708,1.0713726997375161,0,"[0.20000000000001522, 0.20000000000002516, 0.5999999999999597]","[0.6, 0.2, 0.2]",8.944952487945557,"{""brainstorming"": 0.3211467742920249, ""company"": -1.0713726997375161, ""gsm8k"": 24.953028488159212}",company,continuous_primal_dual_psd,6,5.173628520986708,5.173628520986708,0.0,"[1.0, 0.0, 0.0]",primal=Optimization terminated successfully; dual=outer=Optimization terminated successfully; inner=Optimization terminated successfully,1,-164.47293758426935,164.47293758426935,,tiny12_ties_20260503_contcert1,tiny12
ties,triple,brainstorming+company+textsql,3.9234468070509294,3.2657653808593423,0,"[0.3025637197951722, 0.29999999802682276, 0.3974362821780051]","[0.4, 0.4, 0.2]",1.250004768371582,"{""brainstorming"": -3.2657653808593423, ""company"": -3.0180127143859536, ""textsql"": -0.623691117281508}",brainstorming,continuous_primal_dual_psd,6,3.9234468070509294,3.9234468070509294,0.0,"[1.0, 0.0, 0.0]",primal=Optimization terminated successfully; dual=outer=Optimization terminated successfully; inner=Optimization terminated successfully,1,-67.25772981719052,67.25772981719052,,tiny12_ties_20260503_contcert1,tiny12
ties,triple,brainstorming+creative+company,2.770101238969964,2.557256889343229,0,"[0.5880689597166283, 0.2119310402834627, 0.19999999999990892]","[0.4, 0.4, 0.2]",0.11365413665771484,"{""brainstorming"": -0.6999999999999673, ""company"": -0.8136422157287271, ""creative"": -2.557256889343229}",creative,continuous_primal_dual_psd,6,2.770101238969964,2.7701012389460646,2.389954900650082e-11,"[0.9999999999999991, 9.436895709313829e-16, 0.0]",primal=Optimization terminated successfully; dual=outer=Optimization terminated successfully; inner=Optimization terminated successfully,1,-11.89840041964895,11.898400419648945,,tiny12_ties_20260503_contcert1,tiny12
ties,triple,brainstorming+creative+docker,-1.6698844752628215,-0.5818574905395835,1,"[0.28212974716764755, 0.517870252832652, 0.19999999999970042]","[0.4, 0.4, 0.2]",1.052999496459961,"{""brainstorming"": 0.8446424484253257, ""creative"": 0.5818574905395835, ""docker"": 2.9904692649841635}",creative,continuous_primal_dual_psd,6,-1.6698844752628215,-1.6698844753122415,4.942002362895437e-11,"[6.854960252769558e-18, 0.8646845507635126, 0.13531544923648747]",primal=Optimization terminated successfully; dual=outer=Optimization terminated successfully; inner=Optimization terminated successfully,1,-57.53338066340669,57.533380663406696,,tiny12_ties_20260503_contcert1,tiny12
ties,triple,brainstorming+creative+gsm8k,8.65047283172605,2.710893821716276,0,"[0.2, 0.2, 0.6]","[0.2, 0.6, 0.2]",6.1527252197265625,"{""brainstorming"": -2.710893821716276, ""creative"": 0.5764692306518882, ""gsm8k"": 13.325437831878695}",brainstorming,continuous_primal_dual_psd,6,8.65047283172605,8.65047283172605,0.0,"[0.0, 1.0, 0.0]",primal=Optimization terminated successfully; dual=outer=Optimization terminated successfully; inner=Optimization terminated successfully,1,-124.294901379556,124.87288834973087,,tiny12_ties_20260503_contcert1,tiny12
ties,triple,brainstorming+creative+textsql,-0.40915357055207213,0.449999456746364,0,"[0.20000000000000173, 0.45504280530539615, 0.3449571946946022]","[0.2, 0.6, 0.2]",2.6417918869425683,"{""brainstorming"": 0.7788389205932944, ""creative"": 1.4109938621521323, ""textsql"": -0.449999456746364}",textsql,continuous_primal_dual_psd,6,-0.40915357055207213,-0.4091535705520842,1.2045919817182948e-14,"[1.5826468618200882e-15, 0.001711398545720357, 0.9982886014542781]",primal=Optimization terminated successfully; dual=outer=Optimization terminated successfully; inner=Optimization terminated successfully,1,-87.40393708636165,87.40393708636165,,tiny12_ties_20260503_contcert1,tiny12
ties,triple,brainstorming+docker+gsm8k,3.1188089908220356,7.3847562789916665,0,"[0.42849860733848905, 0.2, 0.37150139266151094]","[0.4, 0.2, 0.4]",0.0,"{""brainstorming"": -7.3847562789916665, ""docker"": -3.2000095367431314, ""gsm8k"": 9.638675975799593}",brainstorming,continuous_primal_dual_psd,6,3.1188089908220356,3.1188089908220356,0.0,"[0.0, 1.0, 0.0]",primal=Optimization terminated successfully; dual=outer=Optimization terminated successfully; inner=Optimization terminated successfully,1,-34.299456778224794,34.29945677822478,,tiny12_ties_20260503_contcert1,tiny12
ties,triple,brainstorming+docker+textsql,8.542522369771298,5.21087951660153,0,"[0.28318873200706235, 0.20000000000004747, 0.5168112679928902]","[0.6, 0.2, 0.2]",8.489680290222168,"{""brainstorming"": -5.21087951660153, ""docker"": -4.450002384185758, ""textsql"": -0.5442856888304023}",brainstorming,continuous_primal_dual_psd,6,8.542522369771298,8.542522369769875,1.4228618283596006e-12,"[0.39223598843390967, 0.6077640115660623, 2.7888303137364814e-14]",primal=Optimization terminated successfully; dual=outer=Optimization terminated successfully; inner=Optimization terminated successfully,1,-38.330521533632336,38.330521533632336,,tiny12_ties_20260503_contcert1,tiny12
ties,triple,brainstorming+gsm8k+textsql,0.11324862148365726,2.710893821716276,0,"[0.20000000000000057, 0.2000000000000016, 0.5999999999999979]","[0.4, 0.2, 0.4]",3.815746307373047,"{""brainstorming"": -2.710893821716276, ""gsm8k"": 10.091158676147494, ""textsql"": -0.4948804646426643}",brainstorming,continuous_primal_dual_psd,6,0.11324862148365726,0.11324862148365726,0.0,"[0.0, 0.0, 1.0]",primal=Optimization terminated successfully; dual=outer=Optimization terminated successfully; inner=Optimization terminated successfully,1,-65.78981876646733,65.78981876646732,,tiny12_ties_20260503_contcert1,tiny12
ties,triple,colorist+brainstorming+company,10.371056270599233,4.515770149230924,0,"[0.20000000000000198, 0.6000000000000106, 0.1999999999999874]","[0.2, 0.6, 0.2]",0.0,"{""brainstorming"": -4.515770149230924, ""colorist"": -4.234507751464811, ""company"": -1.9952923774718911}",brainstorming,continuous_primal_dual_psd,6,10.371056270599233,10.371056270599233,0.0,"[0.0, 1.0, 0.0]",primal=Optimization terminated successfully; dual=outer=Optimization terminated successfully; inner=Optimization terminated successfully,1,-48.706734433824806,48.7067344338248,,tiny12_ties_20260503_contcert1,tiny12
ties,triple,colorist+brainstorming+creative,14.715725021173466,3.0369312286376626,0,"[0.2, 0.2, 0.6]","[0.2, 0.6, 0.2]",4.739713668823242,"{""brainstorming"": -3.0369312286376626, ""colorist"": 2.184602546691927, ""creative"": -1.690867614746061}",brainstorming,continuous_primal_dual_psd,6,14.715725021173466,14.715725021173466,0.0,"[0.0, 1.0, 0.0]",primal=Optimization terminated successfully; dual=outer=Optimization terminated successfully; inner=Optimization terminated successfully,1,-260.7285891481538,260.7285891481538,,tiny12_ties_20260503_contcert1,tiny12
ties,triple,colorist+brainstorming+docker,13.69830675125117,7.939675521850553,0,"[0.2, 0.5999999999999998, 0.20000000000000018]","[0.2, 0.6, 0.2]",0.0,"{""brainstorming"": -7.939675521850553, ""colorist"": -3.8848549842834146, ""docker"": -3.2000095367431314}",brainstorming,continuous_primal_dual_psd,6,13.69830675125117,13.69830675125117,0.0,"[0.0, 0.0, 1.0]",primal=Optimization terminated successfully; dual=outer=Optimization terminated successfully; inner=Optimization terminated successfully,1,-35.837780439532544,43.47966644109838,,tiny12_ties_20260503_contcert1,tiny12
ties,triple,colorist+brainstorming+gsm8k,-1.3681979045400752,4.352715682983366,0,"[0.42429034922505354, 0.2, 0.37570965077494645]","[0.2, 0.6, 0.2]",4.739713668823242,"{""brainstorming"": -4.352715682983366, ""colorist"": 2.48487882614139, ""gsm8k"": 9.887215423584017}",brainstorming,continuous_primal_dual_psd,6,-1.3681979045400752,-1.3681979045419912,1.916022895898095e-12,"[0.6761650100896275, 0.3238349899103726, 0.0]",primal=Optimization terminated successfully; dual=outer=Optimization terminated successfully; inner=Optimization terminated successfully,1,-23.98266595563879,23.98266595563879,,tiny12_ties_20260503_contcert1,tiny12
ties,triple,colorist+brainstorming+textsql,17.30761064144857,6.689670753478971,0,"[0.2, 0.2, 0.6]","[0.2, 0.6, 0.2]",7.239723205566406,"{""brainstorming"": -6.689670753478971, ""colorist"": -1.9617826461791665, ""textsql"": -0.5988096660902397}",brainstorming,continuous_primal_dual_psd,6,17.30761064144857,17.30761064144856,1.0658141036401503e-14,"[1.2767564783189282e-15, 0.9999999999999987, 0.0]",primal=Optimization terminated successfully; dual=outer=Optimization terminated successfully; inner=Optimization terminated successfully,1,-186.27167681004866,186.27167681004866,,tiny12_ties_20260503_contcert1,tiny12
ties,triple,colorist+company+docker,20.071853939896556,11.021152210235563,0,"[0.2, 0.22423844723073497, 0.575761552769265]","[0.6, 0.2, 0.2]",9.722936153411865,"{""colorist"": -10.353413295745817, ""company"": -11.021152210235563, ""docker"": -3.1404883384704263}",company,continuous_primal_dual_psd,6,20.071853939896556,20.071853939891056,5.4996007747831754e-12,"[0.0, 0.03350201338045429, 0.9664979866195457]",primal=Optimization terminated successfully; dual=outer=Optimization terminated successfully; inner=Optimization terminated successfully,1,-180.67269391118765,180.67269391118768,,tiny12_ties_20260503_contcert1,tiny12
ties,triple,colorist+company+gsm8k,12.312196690540715,4.381659698486295,0,"[0.2, 0.2, 0.6]","[0.6, 0.2, 0.2]",6.875002384185791,"{""colorist"": 3.5718172073364585, ""company"": -4.381659698486295, ""gsm8k"": 11.357805061340365}",company,continuous_primal_dual_psd,6,12.312196690540715,12.312196690540715,0.0,"[1.0, 0.0, 0.0]",primal=Optimization terminated successfully; dual=outer=Optimization terminated successfully; inner=Optimization terminated successfully,1,-146.93108406961122,146.9310840696112,,tiny12_ties_20260503_contcert1,tiny12
ties,triple,colorist+company+textsql,9.704194399250746,4.010286998748747,0,"[0.2, 0.2, 0.6]","[0.4, 0.4, 0.2]",3.314387798309326,"{""colorist"": -1.8857628822326333, ""company"": -4.010286998748747, ""textsql"": -0.7594050025402553}",company,continuous_primal_dual_psd,6,9.704194399250746,9.704194399250746,0.0,"[0.0, 1.0, 0.0]",primal=Optimization terminated successfully; dual=outer=Optimization terminated successfully; inner=Optimization terminated successfully,1,-126.32102164230696,126.32102164230695,,tiny12_ties_20260503_contcert1,tiny12
ties,triple,colorist+creative+company,10.47857004816443,6.460860443115202,0,"[0.2, 0.2, 0.6]","[0.2, 0.4, 0.4]",3.0991554260253906,"{""colorist"": -1.8363744735717447, ""company"": -6.460860443115202, ""creative"": -4.131320190429655}",company,continuous_primal_dual_psd,6,10.47857004816443,10.478570048164428,1.7763568394002505e-15,"[3.685678482235163e-16, 0.9999999999999996, 0.0]",primal=Optimization terminated successfully; dual=outer=Optimization terminated successfully; inner=Optimization terminated successfully,1,-112.04121013515015,112.04121013515014,,tiny12_ties_20260503_contcert1,tiny12
ties,triple,colorist+creative+docker,14.642122459411432,11.830952835082975,0,"[0.20000000000000046, 0.6000000000000074, 0.19999999999999218]","[0.4, 0.4, 0.2]",1.1904716491699219,"{""colorist"": -8.430340957641569, ""creative"": -8.574560356140104, ""docker"": -11.830952835082975}",docker,continuous_primal_dual_psd,6,14.642122459411432,14.642122459411432,0.0,"[0.0, 1.0, 0.0]",primal=Optimization terminated successfully; dual=outer=Optimization terminated successfully; inner=Optimization terminated successfully,1,-89.88331362552918,95.009889510635,,tiny12_ties_20260503_contcert1,tiny12
ties,triple,colorist+creative+gsm8k,6.6792189988181345,-4.06191043853763,1,"[0.2, 0.2, 0.6]","[0.6, 0.2, 0.2]",8.860015869140625,"{""colorist"": 4.658779430389437, ""creative"": 4.06191043853763, ""gsm8k"": 4.164251613616976}",creative,continuous_primal_dual_psd,6,6.6792189988181345,6.6792189988181345,0.0,"[0.0, 1.0, 0.0]",primal=Optimization terminated successfully; dual=outer=Optimization terminated successfully; inner=Optimization terminated successfully,1,-148.65122356247707,148.65122356247707,,tiny12_ties_20260503_contcert1,tiny12
ties,triple,colorist+creative+textsql,5.488584850690039,0.5857146458138409,0,"[0.2890796204035763, 0.2, 0.5109203795964237]","[0.2, 0.6, 0.2]",2.512418632079193,"{""colorist"": 1.2230604171753257, ""creative"": 3.683718967437777, ""textsql"": -0.5857146458138409}",textsql,continuous_primal_dual_psd,6,5.488584850690039,5.488584850645377,4.46620518346208e-11,"[0.30704327922366015, 0.6929567207763399, 0.0]",primal=Optimization terminated successfully; dual=outer=Optimization terminated successfully; inner=Optimization terminated successfully,1,-127.31358355549082,127.31358355549081,,tiny12_ties_20260503_contcert1,tiny12
ties,triple,colorist+docker+gsm8k,18.013923168369338,3.584626388549772,0,"[0.2, 0.2, 0.6]","[0.4, 0.4, 0.2]",15.62727689743042,"{""colorist"": -3.584626388549772, ""docker"": 0.4904597282409995, ""gsm8k"": -2.916160297393766}",colorist,continuous_primal_dual_psd,6,18.013923168369338,18.013923168369338,0.0,"[0.0, 1.0, 0.0]",primal=Optimization terminated successfully; dual=outer=Optimization terminated successfully; inner=Optimization terminated successfully,1,-127.93691991364639,127.93691991364638,,tiny12_ties_20260503_contcert1,tiny12
ties,triple,colorist+docker+textsql,17.42302594461321,11.615184020996061,0,"[0.2, 0.20000000000000154, 0.5999999999999984]","[0.6, 0.2, 0.2]",3.971552848815918,"{""colorist"": -11.615184020996061, ""docker"": -10.580948066711393, ""textsql"": -0.7904765029763793}",colorist,continuous_primal_dual_psd,6,17.42302594461321,17.42302594461321,0.0,"[0.0, 1.0, 0.0]",primal=Optimization terminated successfully; dual=outer=Optimization terminated successfully; inner=Optimization terminated successfully,1,-134.11024744216647,134.11024744216647,,tiny12_ties_20260503_contcert1,tiny12
ties,triple,colorist+empathy+brainstorming,3.3792207760709276,0.6999999999999673,0,"[0.2, 0.3577649846419787, 0.44223501535802123]","[0.2, 0.2, 0.6]",0.06580352783203125,"{""brainstorming"": -0.6999999999999673, ""colorist"": 2.3100584030151694, ""empathy"": -0.4963617959796734}",brainstorming,continuous_primal_dual_psd,6,3.3792207760709276,3.3792207760709276,0.0,"[0.0, 0.0, 1.0]",primal=Optimization terminated successfully; dual=outer=Optimization terminated successfully; inner=Optimization terminated successfully,1,-38.68557435784698,38.68557435784698,,tiny12_ties_20260503_contcert1,tiny12
ties,triple,colorist+empathy+company,5.703460055767604,0.794711780548063,0,"[0.2, 0.40210201421515007, 0.3978979857848499]","[0.4, 0.4, 0.2]",1.0869503021240234,"{""colorist"": 1.299104022979769, ""company"": -0.794711780548063, ""empathy"": -0.3467564520714047}",company,continuous_primal_dual_psd,6,5.703460055767604,5.703460055767604,0.0,"[0.0, 0.0, 1.0]",primal=Optimization terminated successfully; dual=outer=Optimization terminated successfully; inner=Optimization terminated successfully,1,-119.39013591122006,119.39013591122006,,tiny12_ties_20260503_contcert1,tiny12
ties,triple,colorist+empathy+creative,0.39383971034028525,0.14854725998949972,0,"[0.2, 0.2, 0.6]","[0.2, 0.2, 0.6]",0.0,"{""colorist"": 4.358526992797884, ""creative"": 5.198284912109408, ""empathy"": -0.14854725998949972}",empathy,continuous_primal_dual_psd,6,0.39383971034028525,0.39383971034028525,0.0,"[0.0, 1.0, 0.0]",primal=Optimization terminated successfully; dual=outer=Optimization terminated successfully; inner=Optimization terminated successfully,1,-6.42244425853327,6.422444258533267,,tiny12_ties_20260503_contcert1,tiny12
ties,triple,colorist+empathy+docker,11.201288919786688,7.2939664840697915,0,"[0.239165950753807, 0.5608340492462003, 0.19999999999999274]","[0.4, 0.4, 0.2]",1.9230842590332031,"{""colorist"": -7.2939664840697915, ""docker"": -3.2000095367431314, ""empathy"": -0.7491449339406037}",colorist,continuous_primal_dual_psd,6,11.201288919786688,11.201288919786688,0.0,"[0.0, 0.0, 1.0]",primal=Optimization terminated successfully; dual=outer=Optimization terminated successfully; inner=Optimization terminated successfully,1,-26.507854947863123,26.507854947863112,,tiny12_ties_20260503_contcert1,tiny12
ties,triple,colorist+empathy+gsm8k,0.3649246483361399,0.2978833893754161,0,"[0.20000000000000032, 0.5088019634215452, 0.29119803657845456]","[0.4, 0.4, 0.2]",0.09801711106250294,"{""colorist"": 8.805176544189486, ""empathy"": -0.2978833893754161, ""gsm8k"": 8.41662578582767}",empathy,continuous_primal_dual_psd,6,0.3649246483361399,0.3649246483361399,0.0,"[0.0, 1.0, 0.0]",primal=Optimization terminated successfully; dual=outer=Optimization terminated successfully; inner=Optimization terminated successfully,1,-0.44156902493175476,0.4415690249317547,,tiny12_ties_20260503_contcert1,tiny12
ties,triple,colorist+empathy+textsql,0.8757335272502318,0.623691117281508,0,"[0.2000000000000005, 0.24573978059191323, 0.5542602194080862]","[0.4, 0.4, 0.2]",5.708733237271682,"{""colorist"": -0.1374990463256509, ""empathy"": -0.5479504716124824, ""textsql"": -0.623691117281508}",textsql,continuous_primal_dual_psd,6,0.8757335272502318,0.8757335272502318,0.0,"[0.008589696390134353, 0.9914103036098657, 0.0]",primal=Optimization terminated successfully; dual=outer=Optimization terminated successfully; inner=Optimization terminated successfully,1,-3.1311909496924035,3.131190949692403,,tiny12_ties_20260503_contcert1,tiny12
ties,triple,colorist+energy+brainstorming,8.46307582855221,5.933061313629118,0,"[0.2, 0.2000000000000001, 0.5999999999999999]","[0.2, 0.2, 0.6]",0.0,"{""brainstorming"": -3.2657653808593423, ""colorist"": 1.173683929443392, ""energy"": -5.933061313629118}",energy,continuous_primal_dual_psd,6,8.46307582855221,8.46307582855221,0.0,"[0.0, 0.0, 1.0]",primal=Optimization terminated successfully; dual=outer=Optimization terminated successfully; inner=Optimization terminated successfully,1,-32.89341926574694,32.89341926574694,,tiny12_ties_20260503_contcert1,tiny12
ties,triple,colorist+energy+company,25.12946571222682,7.52035684585568,0,"[0.2, 0.2, 0.6]","[0.4, 0.4, 0.2]",2.658212184906006,"{""colorist"": -2.972737026214567, ""company"": -6.4913541793822915, ""energy"": -7.52035684585568}",energy,continuous_primal_dual_psd,6,25.12946571222682,25.129465712226743,7.815970093361102e-14,"[0.0, 5.667688540711103e-14, 0.9999999999999434]",primal=Optimization terminated successfully; dual=outer=Optimization terminated successfully; inner=Optimization terminated successfully,1,-373.6158985054867,373.6158985054867,,tiny12_ties_20260503_contcert1,tiny12
ties,triple,colorist+energy+creative,4.218492394115589,7.259896469116178,0,"[0.20000000000000015, 0.3599671087280347, 0.4400328912719651]","[0.2, 0.2, 0.6]",2.388882637023926,"{""colorist"": 1.2230604171753257, ""creative"": -0.8190662384032876, ""energy"": -7.259896469116178}",energy,continuous_primal_dual_psd,6,4.218492394115589,4.218492394115174,4.156675004196586e-13,"[0.0, 1.0, 0.0]",primal=Optimization terminated successfully; dual=outer=Optimization terminated successfully; inner=Optimization terminated successfully,1,-39.699494705406494,39.69949470540649,,tiny12_ties_20260503_contcert1,tiny12
ties,triple,colorist+energy+docker,11.751638163963033,6.993725967407194,0,"[0.2, 0.4374168784467643, 0.3625831215532357]","[0.2, 0.6, 0.2]",3.234255313873291,"{""colorist"": -6.993725967407194, ""docker"": -0.7000119209289224, ""energy"": -6.742587757110563}",colorist,continuous_primal_dual_psd,6,11.751638163963033,11.751638163963019,1.4210854715202004e-14,"[0.2893304236583159, 6.043372555587356e-16, 0.7106695763416835]",primal=Optimization terminated successfully; dual=outer=Optimization terminated successfully; inner=Optimization terminated successfully,1,-110.71662819651385,110.71662819651384,,tiny12_ties_20260503_contcert1,tiny12
ties,triple,colorist+energy+empathy,0.8322725181812805,0.3415962118682894,0,"[0.2, 0.21867420423615747, 0.5813257957638425]","[0.2, 0.2, 0.6]",0.0,"{""colorist"": 3.3969967842102378, ""empathy"": -0.3415962118682894, ""energy"": -0.2173335075378091}",empathy,continuous_primal_dual_psd,6,0.8322725181812805,0.8322725181812805,0.0,"[0.0, 1.0, 0.0]",primal=Optimization terminated successfully; dual=outer=Optimization terminated successfully; inner=Optimization terminated successfully,1,-38.25692662429816,38.25692662429816,,tiny12_ties_20260503_contcert1,tiny12
ties,triple,colorist+energy+gsm8k,1.6764333959592523,3.7966877937316568,0,"[0.40361718551937087, 0.2, 0.3963828144806292]","[0.4, 0.2, 0.4]",0.0,"{""colorist"": 3.7466495513916342, ""energy"": -3.7966877937316568, ""gsm8k"": 15.34963541030887}",energy,continuous_primal_dual_psd,6,1.6764333959592523,1.6764333959592446,7.771561172376096e-15,"[0.046000986783344744, 0.9539990132166553, 0.0]",primal=Optimization terminated successfully; dual=outer=Optimization terminated successfully; inner=Optimization terminated successfully,0,2.8413534100512012,0.0,,tiny12_ties_20260503_contcert1,tiny12
ties,triple,colorist+energy+physics,11.325823425722788,8.714178276061979,0,"[0.2, 0.3977528246076994, 0.4022471753923006]","[0.4, 0.4, 0.2]",0.10352134704589844,"{""colorist"": -2.972725105285612, ""energy"": -6.131473255157438, ""physics"": -8.714178276061979}",physics,continuous_primal_dual_psd,6,11.325823425722788,11.325823425722772,1.5987211554602254e-14,"[2.101817326680824e-15, 0.6936274061499818, 0.30637259385001614]",primal=Optimization terminated successfully; dual=outer=Optimization terminated successfully; inner=Optimization terminated successfully,1,-114.51119170742919,115.97627651194047,,tiny12_ties_20260503_contcert1,tiny12
ties,triple,colorist+energy+textsql,7.809268317986421,7.878950309753385,0,"[0.34652880679219655, 0.43650866513108527, 0.21696252807671823]","[0.2, 0.6, 0.2]",0.9999990463256836,"{""colorist"": -2.923324775695768, ""energy"": -7.878950309753385, ""textsql"": -0.6616671541462652}",energy,continuous_primal_dual_psd,6,7.809268317986421,7.809268317986421,0.0,"[0.0, 1.0, 0.0]",primal=Optimization terminated successfully; dual=outer=Optimization terminated successfully; inner=Optimization terminated successfully,1,-3.1931386397929664,3.1931386397929633,,tiny12_ties_20260503_contcert1,tiny12
ties,triple,colorist+flex+brainstorming,13.551787083463108,5.602720451354948,0,"[0.20000000000001122, 0.2, 0.5999999999999888]","[0.2, 0.2, 0.6]",0.0,"{""brainstorming"": -5.602720451354948, ""colorist"": 1.3485043525696128, ""flex"": -2.8739244461059243}",brainstorming,continuous_primal_dual_psd,6,13.551787083463108,13.551787083463031,7.638334409421077e-14,"[0.0, 0.9999999999999352, 6.478151348687368e-14]",primal=Optimization terminated successfully; dual=outer=Optimization terminated successfully; inner=Optimization terminated successfully,1,-103.7883542581188,103.78835425811882,,tiny12_ties_20260503_contcert1,tiny12
ties,triple,colorist+flex+company,22.53585831084532,10.911622714996305,0,"[0.2, 0.2, 0.6]","[0.6, 0.2, 0.2]",2.109694480895996,"{""colorist"": 2.3100584030151694, ""company"": -10.911622714996305, ""flex"": -7.42880411148068}",company,continuous_primal_dual_psd,6,22.53585831084532,22.53585831084532,0.0,"[0.0, 1.0, 0.0]",primal=Optimization terminated successfully; dual=outer=Optimization terminated successfully; inner=Optimization terminated successfully,1,-166.25683230775655,168.3948030312548,,tiny12_ties_20260503_contcert1,tiny12
ties,triple,colorist+flex+creative,12.572146818510214,3.939107131957975,0,"[0.2, 0.2, 0.6]","[0.2, 0.2, 0.6]",0.0,"{""colorist"": 3.4464090347290366, ""creative"": -1.9554168701171548, ""flex"": -3.939107131957975}",flex,continuous_primal_dual_psd,6,12.572146818510214,12.572146818510214,0.0,"[0.0, 1.0, 0.0]",primal=Optimization terminated successfully; dual=outer=Optimization terminated successfully; inner=Optimization terminated successfully,1,-108.4082898970538,108.4082898970538,,tiny12_ties_20260503_contcert1,tiny12
ties,triple,colorist+flex+docker,29.782254787086817,15.93102521896359,0,"[0.33673573276783714, 0.20000000000003618, 0.46326426723212666]","[0.6, 0.2, 0.2]",6.224775314331055,"{""colorist"": -6.207004261016813, ""docker"": -4.450002384185758, ""flex"": -15.93102521896359}",flex,continuous_primal_dual_psd,6,29.782254787086817,29.78225478708653,2.877698079828406e-13,"[0.0, 0.3200574365184789, 0.6799425634815212]",primal=Optimization terminated successfully; dual=outer=Optimization terminated successfully; inner=Optimization terminated successfully,1,-127.66801491338398,127.72057191364733,,tiny12_ties_20260503_contcert1,tiny12
ties,triple,colorist+flex+empathy,8.372695596519607,0.3415962118682894,0,"[0.2, 0.2, 0.6]","[0.2, 0.2, 0.6]",0.0,"{""colorist"": 2.1352260589599936, ""empathy"": -0.3415962118682894, ""flex"": 0.3869622230530112}",empathy,continuous_primal_dual_psd,6,8.372695596519607,8.372695596519607,0.0,"[0.0, 1.0, 0.0]",primal=Optimization terminated successfully; dual=outer=Optimization terminated successfully; inner=Optimization terminated successfully,1,-21.12611056986878,21.126110569868786,,tiny12_ties_20260503_contcert1,tiny12
ties,triple,colorist+flex+energy,15.283422094138595,7.742586803436247,0,"[0.2, 0.2, 0.6]","[0.2, 0.2, 0.6]",0.0,"{""colorist"": -0.7494003295898111, ""energy"": -7.742586803436247, ""flex"": -6.570676040649381}",energy,continuous_primal_dual_psd,6,15.283422094138595,15.283422094138595,0.0,"[0.0, 1.0, 0.0]",primal=Optimization terminated successfully; dual=outer=Optimization terminated successfully; inner=Optimization terminated successfully,1,-138.39528413388325,138.39528413388325,,tiny12_ties_20260503_contcert1,tiny12
ties,triple,colorist+flex+gsm8k,19.551935628855595,6.238320541381803,0,"[0.20000000000039947, 0.5999999999997111, 0.19999999999988938]","[0.6, 0.2, 0.2]",5.01251220703125,"{""colorist"": 3.5718172073364585, ""flex"": -6.238320541381803, ""gsm8k"": 3.4512370109558432}",flex,continuous_primal_dual_psd,6,19.551935628855595,19.551935628855453,1.4210854715202004e-13,"[2.231548279496515e-14, 0.9999999999999778, 0.0]",primal=Optimization terminated successfully; dual=outer=Optimization terminated successfully; inner=Optimization terminated successfully,1,-60.729409874781176,60.72940987478117,,tiny12_ties_20260503_contcert1,tiny12
ties,triple,colorist+flex+physics,11.47141241803967,11.293533515930143,0,"[0.20000000000001034, 0.26086218301162506, 0.5391378169883646]","[0.6, 0.2, 0.2]",1.2939810752868652,"{""colorist"": -1.0496408462524087, ""flex"": -4.189696979522672, ""physics"": -11.293533515930143}",physics,continuous_primal_dual_psd,6,11.47141241803967,11.471412418039442,2.2737367544323206e-13,"[0.0, 0.34347039989528305, 0.6565296001047168]",primal=Optimization terminated successfully; dual=outer=Optimization terminated successfully; inner=Optimization terminated successfully,1,-151.63723668496317,151.63723668496317,,tiny12_ties_20260503_contcert1,tiny12
ties,triple,colorist+flex+textsql,15.368710726060096,9.831538867950407,0,"[0.33917414323311434, 0.2, 0.4608258567668857]","[0.6, 0.2, 0.2]",3.5932183265686035,"{""colorist"": 0.08672170639041354, ""flex"": -9.831538867950407, ""textsql"": -0.7310719350390351}",flex,continuous_primal_dual_psd,6,15.368710726060096,15.36871072606007,2.4868995751603507e-14,"[1.9206858326014842e-14, 0.9999999999999809, 0.0]",primal=Optimization terminated successfully; dual=outer=Optimization terminated successfully; inner=Optimization terminated successfully,1,-136.1014567936334,136.10145679363342,,tiny12_ties_20260503_contcert1,tiny12
ties,triple,colorist+gsm8k+textsql,0.8575179145077502,0.5094053284924377,0,"[0.2, 0.2, 0.6]","[0.2, 0.2, 0.6]",0.0,"{""colorist"": 1.3978927612305014, ""gsm8k"": 7.105418968200716, ""textsql"": -0.5094053284924377}",textsql,continuous_primal_dual_psd,6,0.8575179145077502,0.8575179145077502,0.0,"[1.0, 0.0, 0.0]",primal=Optimization terminated successfully; dual=outer=Optimization terminated successfully; inner=Optimization terminated successfully,1,-40.93203422240217,40.93203422240217,,tiny12_ties_20260503_contcert1,tiny12
ties,triple,colorist+physics+brainstorming,5.712577797183064,8.960869979858366,0,"[0.2, 0.4032333306489801, 0.3967666693510199]","[0.2, 0.2, 0.6]",0.9238958358764648,"{""brainstorming"": -8.960869979858366, ""colorist"": -2.186015319824186, ""physics"": -8.032658767700163}",brainstorming,continuous_primal_dual_psd,6,5.712577797183064,5.712577797183064,0.0,"[0.0, 0.0, 1.0]",primal=Optimization terminated successfully; dual=outer=Optimization terminated successfully; inner=Optimization terminated successfully,1,-126.65902135909738,126.65902135909738,,tiny12_ties_20260503_contcert1,tiny12
ties,triple,colorist+physics+company,17.33771867752136,16.04680128097531,0,"[0.2000000000000069, 0.20000000000000961, 0.5999999999999834]","[0.4, 0.4, 0.2]",3.364384174346924,"{""colorist"": -3.098145198821989, ""company"": -11.839655113220182, ""physics"": -16.04680128097531}",physics,continuous_primal_dual_psd,6,17.33771867752136,17.337718677521284,7.460698725481052e-14,"[0.0, 0.9999999999999749, 2.5035529205296652e-14]",primal=Optimization terminated successfully; dual=outer=Optimization terminated successfully; inner=Optimization terminated successfully,1,-188.56970516075808,188.59549522770865,,tiny12_ties_20260503_contcert1,tiny12
ties,triple,colorist+physics+creative,-1.6362611168924062,8.714178276061979,0,"[0.2, 0.37651514224365884, 0.42348485775634115]","[0.2, 0.4, 0.4]",0.0,"{""colorist"": 3.271576690673861, ""creative"": -0.6458789825439126, ""physics"": -8.714178276061979}",physics,continuous_primal_dual_psd,6,-1.6362611168924062,-1.6362611168924062,0.0,"[0.0, 0.0, 1.0]",primal=Optimization terminated successfully; dual=outer=Optimization terminated successfully; inner=Optimization terminated successfully,1,-79.76462729370981,79.76462729370982,,tiny12_ties_20260503_contcert1,tiny12
ties,triple,colorist+physics+docker,14.32858945709497,12.587526512145963,0,"[0.5283463180417294, 0.23826046535278586, 0.23339321660548473]","[0.2, 0.6, 0.2]",3.4592747688293457,"{""colorist"": -8.605149459838835, ""docker"": -8.20000476837155, ""physics"": -12.587526512145963}",physics,continuous_primal_dual_psd,6,14.32858945709497,14.328589457087798,7.172928917498211e-12,"[0.38203117616061344, 0.18580484086195184, 0.43216398297743475]",primal=Optimization terminated successfully; dual=outer=Optimization terminated successfully; inner=Optimization terminated successfully,1,-109.91561748264178,121.46386062730242,,tiny12_ties_20260503_contcert1,tiny12
ties,triple,colorist+physics+empathy,0.8636425314974758,6.238320541381803,0,"[0.20000000000000082, 0.3285897603831801, 0.47141023961681905]","[0.2, 0.2, 0.6]",3.5628199577331543,"{""colorist"": -0.9242088317870767, ""empathy"": -0.7437145936410493, ""physics"": -6.238320541381803}",physics,continuous_primal_dual_psd,6,0.8636425314974758,0.8636425314874483,1.0027534358414414e-11,"[0.0, 0.18888620525164107, 0.811113794748359]",primal=Optimization terminated successfully; dual=outer=Optimization terminated successfully; inner=Optimization terminated successfully,1,-56.545569057827215,56.54556905782724,,tiny12_ties_20260503_contcert1,tiny12
ties,triple,colorist+physics+gsm8k,27.00858652010963,19.609597396850553,0,"[0.2, 0.2, 0.6]","[0.6, 0.2, 0.2]",8.419597148895264,"{""colorist"": -2.7485043525695474, ""gsm8k"": 2.196618843078646, ""physics"": -19.609597396850553}",physics,continuous_primal_dual_psd,6,27.00858652010963,27.00858652010963,0.0,"[0.0, 1.0, 0.0]",primal=Optimization terminated successfully; dual=outer=Optimization terminated successfully; inner=Optimization terminated successfully,1,-341.71328295418823,341.71328295418823,,tiny12_ties_20260503_contcert1,tiny12
ties,triple,colorist+physics+textsql,7.955690522472811,13.570967388153043,0,"[0.2, 0.23613972707864558, 0.5638602729213544]","[0.4, 0.4, 0.2]",1.3888835906982422,"{""colorist"": -3.098157119750944, ""physics"": -13.570967388153043, ""textsql"": -0.8436910216688678}",physics,continuous_primal_dual_psd,6,7.955690522472811,7.955690522433587,3.922462354921663e-11,"[0.34466535193223524, 0.655334648067756, 8.755211851934805e-15]",primal=Optimization terminated successfully; dual=outer=Optimization terminated successfully; inner=Optimization terminated successfully,1,-157.38378758426535,157.38378758426535,,tiny12_ties_20260503_contcert1,tiny12
ties,triple,company+docker+gsm8k,18.179586601257288,11.02525300979611,0,"[0.2, 0.2, 0.6]","[0.2, 0.4, 0.4]",4.496181011199951,"{""company"": -11.02525300979611, ""docker"": -0.6999999999999673, ""gsm8k"": 10.125443267822298}",company,continuous_primal_dual_psd,6,18.179586601257288,18.179586601257288,0.0,"[0.0, 1.0, 0.0]",primal=Optimization terminated successfully; dual=outer=Optimization terminated successfully; inner=Optimization terminated successfully,1,-203.93889613180522,204.141504081845,,tiny12_ties_20260503_contcert1,tiny12
ties,triple,company+docker+textsql,10.899775446588327,7.483592700958219,0,"[0.2, 0.2, 0.6]","[0.2, 0.2, 0.6]",0.0,"{""company"": -7.483592700958219, ""docker"": 6.74048357009891, ""textsql"": -0.45142886571682883}",company,continuous_primal_dual_psd,6,10.899775446588327,10.899775446588276,5.1514348342607263e-14,"[0.9999999999999898, 1.0269562977782594e-14, 0.0]",primal=Optimization terminated successfully; dual=outer=Optimization terminated successfully; inner=Optimization terminated successfully,1,-142.12448970128207,142.12448970128207,,tiny12_ties_20260503_contcert1,tiny12
ties,triple,company+gsm8k+textsql,6.0688463335100105,6.464985084533659,0,"[0.2, 0.34559432488405745, 0.45440567511594254]","[0.2, 0.4, 0.4]",0.0,"{""company"": -6.464985084533659, ""gsm8k"": 19.252356815338167, ""textsql"": -0.7445241989073227}",company,continuous_primal_dual_psd,6,6.0688463335100105,6.0688463335100105,0.0,"[1.0, 0.0, 0.0]",primal=Optimization terminated successfully; dual=outer=Optimization terminated successfully; inner=Optimization terminated successfully,1,-101.85455719086295,101.85455719086295,,tiny12_ties_20260503_contcert1,tiny12
ties,triple,conversation+brainstorming+company,5.737374016518796,1.9500047683715493,0,"[0.2, 0.6000000000000176, 0.19999999999998241]","[0.4, 0.4, 0.2]",1.3157844543457031,"{""brainstorming"": -1.9500047683715493, ""company"": 0.3416626930237143, ""conversation"": 7.3357074737549155}",brainstorming,continuous_primal_dual_psd,6,5.737374016518796,5.737374016518796,0.0,"[0.0, 1.0, 0.0]",primal=Optimization terminated successfully; dual=outer=Optimization terminated successfully; inner=Optimization terminated successfully,1,-0.8684744700738634,0.8684744700738724,,tiny12_ties_20260503_contcert1,tiny12
ties,triple,conversation+brainstorming+creative,-1.136042305642703,-3.2788484573364585,1,"[0.20000000000002455, 0.2957857610510647, 0.5042142389489108]","[0.2, 0.4, 0.4]",2.3369550704956055,"{""brainstorming"": 3.2788484573364585, ""conversation"": 10.907134342193636, ""creative"": 4.874214458465609}",brainstorming,continuous_primal_dual_psd,6,-1.136042305642703,-1.136042305642703,0.0,"[0.0, 1.0, 0.0]",primal=Optimization terminated successfully; dual=outer=Optimization terminated successfully; inner=Optimization terminated successfully,1,-74.4813832426386,74.48138324263861,,tiny12_ties_20260503_contcert1,tiny12
ties,triple,conversation+brainstorming+docker,21.22414353420803,3.199985694885221,0,"[0.20000000000003063, 0.3900362081385868, 0.40996379186138254]","[0.2, 0.6, 0.2]",3.5869598388671875,"{""brainstorming"": -3.199985694885221, ""conversation"": 7.484516429901156, ""docker"": -3.1404883384704263}",brainstorming,continuous_primal_dual_psd,6,21.22414353420803,21.22414353420803,0.0,"[0.0, 0.0, 1.0]",primal=Optimization terminated successfully; dual=outer=Optimization terminated successfully; inner=Optimization terminated successfully,1,-251.30496589885405,251.30496589885402,,tiny12_ties_20260503_contcert1,tiny12
ties,triple,conversation+brainstorming+gsm8k,1.9604583117830536,1.9499809265136392,0,"[0.2, 0.527651599982081, 0.27234840001791905]","[0.2, 0.6, 0.2]",0.0,"{""brainstorming"": -1.9499809265136392, ""conversation"": 0.4904954910278647, ""gsm8k"": 14.343544769287142}",brainstorming,continuous_primal_dual_psd,6,1.9604583117830536,1.9604583117830479,5.773159728050814e-15,"[0.469856507544902, 0.530143492455098, 2.185345003916095e-18]",primal=Optimization terminated successfully; dual=outer=Optimization terminated successfully; inner=Optimization terminated successfully,1,-150.20368025071406,150.20368025071406,,tiny12_ties_20260503_contcert1,tiny12
ties,triple,conversation+brainstorming+textsql,12.911791808451012,3.036955070495573,0,"[0.2000000000000092, 0.2, 0.5999999999999908]","[0.2, 0.6, 0.2]",8.229374885559082,"{""brainstorming"": -3.036955070495573, ""conversation"": 3.91310148239139, ""textsql"": -0.633690461031114}",brainstorming,continuous_primal_dual_psd,6,12.911791808451012,12.911791808451012,0.0,"[1.0, 0.0, 0.0]",primal=Optimization terminated successfully; dual=outer=Optimization terminated successfully; inner=Optimization terminated successfully,1,-269.7899421012933,269.7899421012933,,tiny12_ties_20260503_contcert1,tiny12
ties,triple,conversation+colorist+brainstorming,5.944852200536531,-1.8657892227173178,1,"[0.2, 0.2, 0.6]","[0.2, 0.2, 0.6]",0.0,"{""brainstorming"": 1.8657892227173178, ""colorist"": 4.233118820190462, ""conversation"": 7.484516429901156}",brainstorming,continuous_primal_dual_psd,6,5.944852200536531,5.944852200536529,2.6645352591003757e-15,"[0.0, 1.8617052344182747e-14, 0.9999999999999813]",primal=Optimization terminated successfully; dual=outer=Optimization terminated successfully; inner=Optimization terminated successfully,1,-180.29156077316986,180.29156077316986,,tiny12_ties_20260503_contcert1,tiny12
ties,triple,conversation+colorist+company,10.724818664522752,2.0111829757690103,0,"[0.2, 0.2000000000005096, 0.5999999999994904]","[0.6, 0.2, 0.2]",3.971588611602783,"{""colorist"": -2.0111829757690103, ""company"": -1.9952923774718911, ""conversation"": 3.91310148239139}",colorist,continuous_primal_dual_psd,6,10.724818664522752,10.72481866452275,1.7763568394002505e-15,"[0.0, 0.9999999999999993, 6.904199434387687e-16]",primal=Optimization terminated successfully; dual=outer=Optimization terminated successfully; inner=Optimization terminated successfully,1,-145.70742295761684,145.70742295761687,,tiny12_ties_20260503_contcert1,tiny12
ties,triple,conversation+colorist+creative,-0.8883743557385229,-2.1352260589599936,1,"[0.2179817787585459, 0.2, 0.5820182212414541]","[0.4, 0.2, 0.4]",2.097904682159424,"{""colorist"": 2.1352260589599936, ""conversation"": 5.103573131561312, ""creative"": 6.124219226837191}",colorist,continuous_primal_dual_psd,6,-0.8883743557385229,-0.8883743557408696,2.346789429452656e-12,"[0.0, 0.9309447405454777, 0.0690552594545223]",primal=Optimization terminated successfully; dual=outer=Optimization terminated successfully; inner=Optimization terminated successfully,1,-91.48077597554051,91.48077597554051,,tiny12_ties_20260503_contcert1,tiny12
ties,triple,conversation+colorist+docker,21.428558527272223,6.33242435455319,0,"[0.20000000000000048, 0.23554181433601845, 0.5644581856639811]","[0.4, 0.4, 0.2]",7.205808162689209,"{""colorist"": -6.33242435455319, ""conversation"": 8.526191043853792, ""docker"": -5.640485954284635}",colorist,continuous_primal_dual_psd,6,21.428558527272223,21.428558527272223,0.0,"[0.0, 0.0, 1.0]",primal=Optimization terminated successfully; dual=outer=Optimization terminated successfully; inner=Optimization terminated successfully,1,-63.475968406513665,63.47596840651367,,tiny12_ties_20260503_contcert1,tiny12
ties,triple,conversation+colorist+empathy,0.21734670580644355,-0.04776016174124855,1,"[0.5195593151637558, 0.2, 0.2804406848362442]","[0.6, 0.2, 0.2]",0.0,"{""colorist"": 4.358538913726839, ""conversation"": 9.716662693023714, ""empathy"": 0.04776016174124855}",empathy,continuous_primal_dual_psd,6,0.21734670580644355,0.21734670580630205,1.414979244884762e-13,"[0.0, 0.026891438970216605, 0.9731085610297833]",primal=Optimization terminated successfully; dual=outer=Optimization terminated successfully; inner=Optimization terminated successfully,1,-95.95472693827716,95.95472693827716,,tiny12_ties_20260503_contcert1,tiny12
ties,triple,conversation+colorist+energy,17.377591828499863,4.742589664459196,0,"[0.2, 0.2, 0.6]","[0.4, 0.4, 0.2]",3.5793542861938477,"{""colorist"": 4.358538913726839, ""conversation"": 1.5321462631225913, ""energy"": -4.742589664459196}",energy,continuous_primal_dual_psd,6,17.377591828499863,17.377591828499863,0.0,"[1.0, 0.0, 0.0]",primal=Optimization terminated successfully; dual=outer=Optimization terminated successfully; inner=Optimization terminated successfully,1,-209.80795835889546,209.8079583588955,,tiny12_ties_20260503_contcert1,tiny12
ties,triple,conversation+colorist+flex,6.723420628439577,-1.7027228355408042,1,"[0.42321125054942116, 0.2, 0.37678874945057883]","[0.6, 0.2, 0.2]",2.4027109146118164,"{""colorist"": 2.1846144676208823, ""conversation"": 2.8714387893677085, ""flex"": 1.7027228355408042}",flex,continuous_primal_dual_psd,6,6.723420628439577,6.723420628439577,0.0,"[0.0, 0.0, 1.0]",primal=Optimization terminated successfully; dual=outer=Optimization terminated successfully; inner=Optimization terminated successfully,1,-70.22555346730418,70.22555346730418,,tiny12_ties_20260503_contcert1,tiny12
ties,triple,conversation+colorist+gsm8k,-0.21757259432779819,-4.658779430389437,1,"[0.412983050598385, 0.2894916261545271, 0.2975253232470878]","[0.4, 0.2, 0.4]",0.0,"{""colorist"": 4.658779430389437, ""conversation"": 5.103573131561312, ""gsm8k"": 17.53323965072635}",colorist,continuous_primal_dual_psd,6,-0.21757259432779819,-0.21757259432779819,0.0,"[0.0, 1.0, 0.0]",primal=Optimization terminated successfully; dual=outer=Optimization terminated successfully; inner=Optimization terminated successfully,1,-54.57391003453469,54.57391003453469,,tiny12_ties_20260503_contcert1,tiny12
ties,triple,conversation+colorist+physics,22.118821811676014,9.119620990753141,0,"[0.20000000000000134, 0.20000000000000076, 0.5999999999999979]","[0.6, 0.2, 0.2]",5.943739414215088,"{""colorist"": -2.0112068176269204, ""conversation"": -5.015471649169889, ""physics"": -9.119620990753141}",physics,continuous_primal_dual_psd,6,22.118821811676014,22.118821811676014,0.0,"[1.0, 0.0, 0.0]",primal=Optimization terminated successfully; dual=outer=Optimization terminated successfully; inner=Optimization terminated successfully,1,-114.03870393910545,114.06250083067036,,tiny12_ties_20260503_contcert1,tiny12
ties,triple,conversation+colorist+textsql,6.561969655545937,0.7130954548793099,0,"[0.6000000000000046, 0.2, 0.1999999999999953]","[0.2, 0.6, 0.2]",0.003452050912861604,"{""colorist"": 2.1846144676208823, ""conversation"": -0.6999880790710122, ""textsql"": -0.7130954548793099}",textsql,continuous_primal_dual_psd,6,6.561969655545937,6.56196965554593,7.105427357601002e-15,"[0.9999999999999976, 2.3869795029440806e-15, 0.0]",primal=Optimization terminated successfully; dual=outer=Optimization terminated successfully; inner=Optimization terminated successfully,1,-141.13749798188272,141.13749798188272,,tiny12_ties_20260503_contcert1,tiny12
ties,triple,conversation+company+docker,15.563548275976741,5.165579986572233,0,"[0.4766734570533796, 0.20000000000000612, 0.32332654294661434]","[0.6, 0.2, 0.2]",4.560279846191406,"{""company"": -5.165579986572233, ""conversation"": 8.526179122924837, ""docker"": -0.6404907226562173}",company,continuous_primal_dual_psd,6,15.563548275976741,15.563548275976741,0.0,"[0.0, 0.0, 1.0]",primal=Optimization terminated successfully; dual=outer=Optimization terminated successfully; inner=Optimization terminated successfully,1,-78.2059633318133,78.2059633318133,,tiny12_ties_20260503_contcert1,tiny12
ties,triple,conversation+company+gsm8k,12.00843118764997,0.5511910438537271,0,"[0.6000000000000903, 0.20000000000003582, 0.19999999999987383]","[0.6, 0.2, 0.2]",0.0,"{""company"": 1.5233247756958335, ""conversation"": -0.5511910438537271, ""gsm8k"": 24.013778495788607}",conversation,continuous_primal_dual_psd,6,12.00843118764997,12.008431187649123,8.473222123939195e-13,"[0.9999999999999205, 7.954747971438614e-14, 0.0]",primal=Optimization terminated successfully; dual=outer=Optimization terminated successfully; inner=Optimization terminated successfully,1,-57.15137821133309,57.15137821133308,,tiny12_ties_20260503_contcert1,tiny12
ties,triple,conversation+company+textsql,4.255031888623454,0.7894052068036229,0,"[0.4276528850709109, 0.2, 0.3723471149290891]","[0.6, 0.2, 0.2]",2.133919568892145,"{""company"": -0.7452876091003091, ""conversation"": 12.990471649169955, ""textsql"": -0.7894052068036229}",textsql,continuous_primal_dual_psd,6,4.255031888623454,4.255031888623404,4.973799150320701e-14,"[0.0, 0.9999999999999871, 1.2767564783189136e-14]",primal=Optimization terminated successfully; dual=outer=Optimization terminated successfully; inner=Optimization terminated successfully,1,-89.63829360462992,89.63829360462992,,tiny12_ties_20260503_contcert1,tiny12
ties,triple,conversation+creative+company,9.104150765979776,-0.6954877853393882,1,"[0.20000000000029955, 0.2, 0.5999999999997004]","[0.2, 0.6, 0.2]",9.005498886108398,"{""company"": 1.314982700347933, ""conversation"": 12.097617912292513, ""creative"": 0.6954877853393882}",creative,continuous_primal_dual_psd,6,9.104150765979776,9.104150765979774,1.7763568394002505e-15,"[0.0, 4.996003610813202e-16, 0.9999999999999996]",primal=Optimization terminated successfully; dual=outer=Optimization terminated successfully; inner=Optimization terminated successfully,1,-188.4036575873398,188.40365758733984,,tiny12_ties_20260503_contcert1,tiny12
ties,triple,conversation+creative+docker,15.69515725244542,0.6999999999999673,0,"[0.20000000000015233, 0.5578155001145513, 0.24218449988529644]","[0.4, 0.4, 0.2]",3.750002384185791,"{""conversation"": 12.097617912292513, ""creative"": 0.16640119552615573, ""docker"": -0.6999999999999673}",docker,continuous_primal_dual_psd,6,15.69515725244542,15.69515725244542,0.0,"[0.0, 0.0, 1.0]",primal=Optimization terminated successfully; dual=outer=Optimization terminated successfully; inner=Optimization terminated successfully,1,-181.6003245652602,181.6003245652602,,tiny12_ties_20260503_contcert1,tiny12
ties,triple,conversation+creative+gsm8k,8.944262076044334,-3.8887470245361655,1,"[0.21090478308813004, 0.2, 0.58909521691187]","[0.2, 0.6, 0.2]",12.773275375366211,"{""conversation"": 4.06191043853763, ""creative"": 3.8887470245361655, ""gsm8k"": 13.325437831878695}",creative,continuous_primal_dual_psd,6,8.944262076044334,8.9442620760382,6.133760166449065e-12,"[0.5455281343636285, 0.4544718656363716, 0.0]",primal=Optimization terminated successfully; dual=outer=Optimization terminated successfully; inner=Optimization terminated successfully,1,-181.04600026301,188.02697960888423,,tiny12_ties_20260503_contcert1,tiny12
ties,triple,conversation+creative+textsql,6.273775923378048,0.449999456746364,0,"[0.3175720267613088, 0.48242797323870085, 0.1999999999999904]","[0.2, 0.6, 0.2]",0.07285770101145139,"{""conversation"": 10.907134342193636, ""creative"": 4.78280477523807, ""textsql"": -0.449999456746364}",textsql,continuous_primal_dual_psd,6,6.273775923378048,6.273775923377832,2.1671553440683056e-13,"[0.0, 0.9999999999999651, 3.48610029732287e-14]",primal=Optimization terminated successfully; dual=outer=Optimization terminated successfully; inner=Optimization terminated successfully,1,-72.6364579343076,72.6364579343076,,tiny12_ties_20260503_contcert1,tiny12
ties,triple,conversation+docker+gsm8k,9.45485019988208,-2.9904692649841635,1,"[0.2, 0.24428238043800715, 0.5557176195619928]","[0.4, 0.4, 0.2]",16.01189374923706,"{""conversation"": 5.252382087707552, ""docker"": 2.9904692649841635, ""gsm8k"": 4.9783795356750815}",docker,continuous_primal_dual_psd,6,9.45485019988208,9.454850199866351,1.5727863456049818e-11,"[0.48006271357427605, 0.5199372864252447, 4.792473689218484e-13]",primal=Optimization terminated successfully; dual=outer=Optimization terminated successfully; inner=Optimization terminated successfully,1,-91.38351726324989,91.38351726324987,,tiny12_ties_20260503_contcert1,tiny12
ties,triple,conversation+docker+textsql,7.219474169813509,0.5308334249621148,0,"[0.35821712579188886, 0.2, 0.44178287420811113]","[0.2, 0.2, 0.6]",3.9191689592236436,"{""conversation"": 6.1452239036560385, ""docker"": 0.6095140457153647, ""textsql"": -0.5308334249621148}",textsql,continuous_primal_dual_psd,6,7.219474169813509,7.219474169813509,0.0,"[0.0, 1.0, 0.0]",primal=Optimization terminated successfully; dual=outer=Optimization terminated successfully; inner=Optimization terminated successfully,1,-91.06816899203743,91.06816899203741,,tiny12_ties_20260503_contcert1,tiny12
ties,triple,conversation+empathy+brainstorming,4.482904148101779,-0.1533808119120315,1,"[0.2, 0.2, 0.6]","[0.4, 0.2, 0.4]",0.15205041396160682,"{""brainstorming"": 2.0288436889648764, ""conversation"": 9.865471649169955, ""empathy"": 0.1533808119120315}",empathy,continuous_primal_dual_psd,6,4.482904148101779,4.482904148101779,0.0,"[0.0, 0.0, 1.0]",primal=Optimization terminated successfully; dual=outer=Optimization terminated successfully; inner=Optimization terminated successfully,1,-143.8044529440467,152.89015100999833,,tiny12_ties_20260503_contcert1,tiny12
ties,triple,conversation+empathy+company,9.748392846827102,0.7452876091003091,0,"[0.2, 0.6, 0.19999999999999996]","[0.2, 0.6, 0.2]",0.0,"{""company"": -0.7452876091003091, ""conversation"": 2.8714387893677085, ""empathy"": 0.15582411081719627}",company,continuous_primal_dual_psd,6,9.748392846827102,9.748392846827102,0.0,"[0.0, 0.0, 1.0]",primal=Optimization terminated successfully; dual=outer=Optimization terminated successfully; inner=Optimization terminated successfully,1,-74.03328746502498,74.03328746502498,,tiny12_ties_20260503_contcert1,tiny12
ties,triple,conversation+empathy+creative,0.12380400007899753,-0.2951129594026245,1,"[0.5999999999999982, 0.2, 0.20000000000000173]","[0.6, 0.2, 0.2]",0.0,"{""conversation"": 13.288089561462435, ""creative"": 5.198284912109408, ""empathy"": 0.2951129594026245}",empathy,continuous_primal_dual_psd,6,0.12380400007899753,0.12380400007899753,0.0,"[0.0, 1.0, 0.0]",primal=Optimization terminated successfully; dual=outer=Optimization terminated successfully; inner=Optimization terminated successfully,1,-98.20070884451104,98.20070884451104,,tiny12_ties_20260503_contcert1,tiny12
ties,triple,conversation+empathy+docker,21.54819895286408,0.0013838866252657653,0,"[0.2, 0.2, 0.6]","[0.6, 0.2, 0.2]",8.139087762544623,"{""conversation"": 9.865471649169955, ""docker"": 0.5499928474426596, ""empathy"": -0.0013838866252657653}",empathy,continuous_primal_dual_psd,6,21.54819895286408,21.54819895286408,0.0,"[0.0, 0.0, 1.0]",primal=Optimization terminated successfully; dual=outer=Optimization terminated successfully; inner=Optimization terminated successfully,1,-185.52548331036576,185.5254833103658,,tiny12_ties_20260503_contcert1,tiny12
ties,triple,conversation+empathy+gsm8k,0.6598169279146973,0.15099144446875118,0,"[0.6, 0.2, 0.19999999999999996]","[0.6, 0.2, 0.2]",0.0,"{""conversation"": 7.3357074737549155, ""empathy"": -0.15099144446875118, ""gsm8k"": 12.872955131530794}",empathy,continuous_primal_dual_psd,6,0.6598169279146973,0.6598169279146973,0.0,"[1.0, 0.0, 0.0]",primal=Optimization terminated successfully; dual=outer=Optimization terminated successfully; inner=Optimization terminated successfully,1,-88.91436610786282,88.91436610786282,,tiny12_ties_20260503_contcert1,tiny12
ties,triple,conversation+empathy+textsql,0.2094170029685457,0.25630997791782745,0,"[0.4095871290752349, 0.3904128709247776, 0.19999999999998752]","[0.2, 0.2, 0.6]",0.4402379711693121,"{""conversation"": 3.764280605316195, ""empathy"": -0.1382289935184859, ""textsql"": -0.25630997791782745}",textsql,continuous_primal_dual_psd,6,0.2094170029685457,0.20941700296851024,3.547162563677375e-14,"[0.0, 0.6492373589218325, 0.35076264107816757]",primal=Optimization terminated successfully; dual=outer=Optimization terminated successfully; inner=Optimization terminated successfully,1,-28.554339915405347,28.554339915405347,,tiny12_ties_20260503_contcert1,tiny12
ties,triple,conversation+energy+brainstorming,5.939647626876801,2.940979671478239,0,"[0.2, 0.2, 0.6]","[0.2, 0.2, 0.6]",0.0,"{""brainstorming"": 1.7999856948852866, ""conversation"": 0.6392925262451499, ""energy"": -2.940979671478239}",energy,continuous_primal_dual_psd,6,5.939647626876801,5.93964762687679,1.0658141036401503e-14,"[0.0, 0.9999999999999927, 7.32747196252598e-15]",primal=Optimization terminated successfully; dual=outer=Optimization terminated successfully; inner=Optimization terminated successfully,1,-57.29437410677181,65.99403036827778,,tiny12_ties_20260503_contcert1,tiny12
ties,triple,conversation+energy+company,15.816525847458424,9.983554553985563,0,"[0.2535842240362612, 0.2000000000000001, 0.5464157759637387]","[0.2, 0.2, 0.6]",0.0,"{""company"": -8.66936750411984, ""conversation"": 0.49048357009890964, ""energy"": -9.983554553985563}",energy,continuous_primal_dual_psd,6,15.816525847458424,15.816525847362566,9.585754412455572e-11,"[6.641223397537028e-14, 0.6833840467468401, 0.31661595325309355]",primal=Optimization terminated successfully; dual=outer=Optimization terminated successfully; inner=Optimization terminated successfully,1,-118.38308652251564,129.824014531214,,tiny12_ties_20260503_contcert1,tiny12
ties,triple,conversation+energy+creative,3.2930990372004114,3.7425906181335122,0,"[0.3629398459464404, 0.2, 0.4370601540535596]","[0.2, 0.2, 0.6]",0.0,"{""conversation"": 4.06191043853763, ""creative"": 2.817317771911654, ""energy"": -3.7425906181335122}",energy,continuous_primal_dual_psd,6,3.2930990372004114,3.2930990372003928,1.865174681370263e-14,"[6.383782391594609e-15, 0.9999999999999936, 0.0]",primal=Optimization terminated successfully; dual=outer=Optimization terminated successfully; inner=Optimization terminated successfully,1,-61.38117665934615,61.38117665934615,,tiny12_ties_20260503_contcert1,tiny12
ties,triple,conversation+energy+docker,8.777707440179135,2.688458633422819,0,"[0.5970063995697158, 0.20299360043028408, 0.20000000000000018]","[0.6, 0.2, 0.2]",0.0,"{""conversation"": 10.907134342193636, ""docker"": -1.8904954910277993, ""energy"": -2.688458633422819}",energy,continuous_primal_dual_psd,6,8.777707440179135,8.777707440179135,0.0,"[0.0, 0.05398792592285646, 0.9460120740771435]",primal=Optimization terminated successfully; dual=outer=Optimization terminated successfully; inner=Optimization terminated successfully,1,-75.4191438361337,75.4191438361337,,tiny12_ties_20260503_contcert1,tiny12
ties,triple,conversation+energy+empathy,0.34644605106107385,1.2173325538634927,0,"[0.35168563140631925, 0.2, 0.4483143685936808]","[0.2, 0.2, 0.6]",1.3347625732421875,"{""conversation"": 1.8297641754150717, ""empathy"": 0.10695104812120766, ""energy"": -1.2173325538634927}",energy,continuous_primal_dual_psd,6,0.34644605106107385,0.34644605106107385,0.0,"[0.0, 1.0, 5.551115123125783e-17]",primal=Optimization terminated successfully; dual=outer=Optimization terminated successfully; inner=Optimization terminated successfully,1,-4.555342178775439,4.555342178775441,,tiny12_ties_20260503_contcert1,tiny12
ties,triple,conversation+energy+gsm8k,9.45132634439042,3.6884576797485025,0,"[0.2754619131387292, 0.2000000000000175, 0.5245380868612532]","[0.6, 0.2, 0.2]",5.047249794006348,"{""conversation"": 6.294044780731234, ""energy"": -3.6884576797485025, ""gsm8k"": 13.585957813262972}",energy,continuous_primal_dual_psd,6,9.45132634439042,9.451326344228134,1.6228618449076748e-10,"[0.2600075945847522, 0.7399924054105464, 4.701309185706639e-12]",primal=Optimization terminated successfully; dual=outer=Optimization terminated successfully; inner=Optimization terminated successfully,1,-103.3957442333149,105.08435638455182,,tiny12_ties_20260503_contcert1,tiny12
ties,triple,conversation+energy+physics,20.110377313918665,11.397054862976042,0,"[0.2394941248739637, 0.5605058751260373, 0.19999999999999896]","[0.6, 0.2, 0.2]",2.173912525177002,"{""conversation"": -9.926191043853727, ""energy"": -8.404198360443083, ""physics"": -11.397054862976042}",physics,continuous_primal_dual_psd,6,20.110377313918665,20.110377313914015,4.650502205549856e-12,"[0.7060356415230387, 0.29396435847656327, 3.981017063085495e-13]",primal=Optimization terminated successfully; dual=outer=Optimization terminated successfully; inner=Optimization terminated successfully,1,-133.66413363437474,133.66413363437474,,tiny12_ties_20260503_contcert1,tiny12
ties,triple,conversation+energy+textsql,7.991491165767272,10.40419645309445,0,"[0.5497344827006366, 0.20000000000000012, 0.2502655172993633]","[0.4, 0.2, 0.4]",1.5793561935424805,"{""conversation"": 4.8059552192688315, ""energy"": -10.40419645309445, ""textsql"": -0.7759529429353355}",energy,continuous_primal_dual_psd,6,7.991491165767272,7.991491165767272,0.0,"[0.0, 1.0, 0.0]",primal=Optimization terminated successfully; dual=outer=Optimization terminated successfully; inner=Optimization terminated successfully,1,-19.935349445648615,19.93534944564862,,tiny12_ties_20260503_contcert1,tiny12
ties,triple,conversation+flex+brainstorming,8.381058164505315,1.852753829956022,0,"[0.2, 0.2, 0.6]","[0.2, 0.2, 0.6]",0.0,"{""brainstorming"": -1.852753829956022, ""conversation"": 1.6809671401977866, ""flex"": 2.7896850585937827}",brainstorming,continuous_primal_dual_psd,6,8.381058164505315,8.381058164505315,0.0,"[0.0, 1.0, 0.0]",primal=Optimization terminated successfully; dual=outer=Optimization terminated successfully; inner=Optimization terminated successfully,1,-81.50416308341637,81.50416308341637,,tiny12_ties_20260503_contcert1,tiny12
ties,triple,conversation+flex+company,18.615909147081823,5.260291767120329,0,"[0.5149431724750073, 0.2000000000000092, 0.2850568275249835]","[0.6, 0.2, 0.2]",0.0,"{""company"": -5.260291767120329, ""conversation"": 10.907134342193636, ""flex"": -3.2062918663024575}",company,continuous_primal_dual_psd,6,18.615909147081823,18.61590914708097,8.526512829121202e-13,"[0.0, 0.9999999999998967, 1.0325074129012889e-13]",primal=Optimization terminated successfully; dual=outer=Optimization terminated successfully; inner=Optimization terminated successfully,1,-128.77851724665425,128.77851724665425,,tiny12_ties_20260503_contcert1,tiny12
ties,triple,conversation+flex+creative,3.4768056754199534,-2.8714149475097983,1,"[0.40721818083877864, 0.2, 0.39278181916122135]","[0.4, 0.2, 0.4]",0.0,"{""conversation"": 8.526191043853792, ""creative"": 2.8714149475097983, ""flex"": 3.8766592025757163}",creative,continuous_primal_dual_psd,6,3.4768056754199534,3.4768056754078813,1.2072121080564102e-11,"[0.0, 1.0, 0.0]",primal=Optimization terminated successfully; dual=outer=Optimization terminated successfully; inner=Optimization terminated successfully,1,-16.921613729544532,16.92161372954455,,tiny12_ties_20260503_contcert1,tiny12
ties,triple,conversation+flex+docker,16.91735095977767,5.640485954284635,0,"[0.6000000000000388, 0.20000000000000048, 0.19999999999996065]","[0.6, 0.2, 0.2]",0.0,"{""conversation"": 8.675000000000033, ""docker"": -5.640485954284635, ""flex"": -2.097526264190641}",docker,continuous_primal_dual_psd,6,16.91735095977767,16.91735095977767,0.0,"[0.0, 0.0, 1.0]",primal=Optimization terminated successfully; dual=outer=Optimization terminated successfully; inner=Optimization terminated successfully,1,-32.93115413897265,32.93115413897266,,tiny12_ties_20260503_contcert1,tiny12
ties,triple,conversation+flex+empathy,8.896262409143064,0.803557109832731,0,"[0.3752260285041106, 0.2, 0.42477397149588936]","[0.4, 0.2, 0.4]",0.0,"{""conversation"": 2.8714387893677085, ""empathy"": -0.24113491632653505, ""flex"": -0.803557109832731}",flex,continuous_primal_dual_psd,6,8.896262409143064,8.896262409142897,1.6697754290362354e-13,"[0.3291218756148771, 0.6708781243851102, 1.258616985465198e-14]",primal=Optimization terminated successfully; dual=outer=Optimization terminated successfully; inner=Optimization terminated successfully,1,-86.7338500063982,86.73385000639819,,tiny12_ties_20260503_contcert1,tiny12
ties,triple,conversation+flex+energy,21.78147445281921,9.404197406768766,0,"[0.2, 0.2, 0.6]","[0.6, 0.2, 0.2]",4.579353332519531,"{""conversation"": 7.3357074737549155, ""energy"": -9.404197406768766, ""flex"": -1.8905074119567544}",energy,continuous_primal_dual_psd,6,21.78147445281921,21.78147445281921,0.0,"[0.0, 0.0, 1.0]",primal=Optimization terminated successfully; dual=outer=Optimization terminated successfully; inner=Optimization terminated successfully,1,-241.28620562370097,241.286205623701,,tiny12_ties_20260503_contcert1,tiny12
ties,triple,conversation+flex+gsm8k,29.71757359504699,5.15137023925778,0,"[0.2, 0.2, 0.6]","[0.6, 0.2, 0.2]",14.26936388015747,"{""conversation"": 1.5321462631225913, ""flex"": -5.15137023925778, ""gsm8k"": 11.402365493774447}",flex,continuous_primal_dual_psd,6,29.71757359504699,29.717573595030185,1.680433570072637e-11,"[1.881661493282406e-12, 0.9999999999981184, 0.0]",primal=Optimization terminated successfully; dual=outer=Optimization terminated successfully; inner=Optimization terminated successfully,1,-248.8956085599304,249.45723172247253,,tiny12_ties_20260503_contcert1,tiny12
ties,triple,conversation+flex+physics,13.04537267076474,11.500564289092985,0,"[0.2, 0.46912146123853127, 0.3308785387614688]","[0.4, 0.2, 0.4]",1.1904716491699219,"{""conversation"": -9.777370166778532, ""flex"": -6.924822998046842, ""physics"": -11.500564289092985}",physics,continuous_primal_dual_psd,6,13.04537267076474,13.04537267076474,0.0,"[1.0, 0.0, 0.0]",primal=Optimization terminated successfully; dual=outer=Optimization terminated successfully; inner=Optimization terminated successfully,1,-120.48573096110258,120.48573096110256,,tiny12_ties_20260503_contcert1,tiny12
ties,triple,conversation+flex+textsql,16.705768042861777,0.633690461031114,0,"[0.21372823759272117, 0.20000000000000562, 0.5862717624072732]","[0.6, 0.2, 0.2]",4.621189204343609,"{""conversation"": 8.377394008636507, ""flex"": -0.5747229576110513, ""textsql"": -0.633690461031114}",textsql,continuous_primal_dual_psd,6,16.705768042861777,16.705768042678624,1.8315304828320222e-10,"[0.5434119287533969, 0.45658807124657286, 3.0263404471787726e-14]",primal=Optimization terminated successfully; dual=outer=Optimization terminated successfully; inner=Optimization terminated successfully,1,-207.98786303315683,207.98786303315683,,tiny12_ties_20260503_contcert1,tiny12
ties,triple,conversation+gsm8k+textsql,-0.04734175124471479,0.39714305085158397,0,"[0.30065220406164167, 0.20000000000000046, 0.4993477959383579]","[0.2, 0.2, 0.6]",0.02488101658835845,"{""conversation"": 1.383325386047396, ""gsm8k"": 9.37814407348636, ""textsql"": -0.39714305085158397}",textsql,continuous_primal_dual_psd,6,-0.04734175124471479,-0.0473417512447443,2.951111577331744e-14,"[0.037287923190887626, 1.8986012708391377e-15, 0.9627120768091105]",primal=Optimization terminated successfully; dual=outer=Optimization terminated successfully; inner=Optimization terminated successfully,1,-90.04859377194504,90.04859377194505,,tiny12_ties_20260503_contcert1,tiny12
ties,triple,conversation+physics+brainstorming,10.502598953247048,6.945708465576139,0,"[0.2, 0.2, 0.6]","[0.2, 0.2, 0.6]",0.0,"{""brainstorming"": -4.123905372619596, ""conversation"": -0.5511910438537271, ""physics"": -6.945708465576139}",physics,continuous_primal_dual_psd,6,10.502598953247048,10.502598953247048,0.0,"[0.0, 0.0, 1.0]",primal=Optimization terminated successfully; dual=outer=Optimization terminated successfully; inner=Optimization terminated successfully,1,-131.57844543457054,131.57844543457054,,tiny12_ties_20260503_contcert1,tiny12
ties,triple,conversation+physics+company,22.63777776679425,15.848389339446989,0,"[0.33514982285053135, 0.2, 0.46485017714946864]","[0.2, 0.2, 0.6]",0.0,"{""company"": -7.582405281066862, ""conversation"": -14.390483570098844, ""physics"": -15.848389339446989}",physics,continuous_primal_dual_psd,6,22.63777776679425,22.637777766786897,7.354117315117037e-12,"[0.8433422893287619, 7.351132605142501e-13, 0.15665771067050313]",primal=Optimization terminated successfully; dual=outer=Optimization terminated successfully; inner=Optimization terminated successfully,1,-297.50096217386164,297.50096217386164,,tiny12_ties_20260503_contcert1,tiny12
ties,triple,conversation+physics+creative,4.087218636069732,4.167917442321745,0,"[0.23432257127514708, 0.2000000000000003, 0.5656774287248526]","[0.2, 0.2, 0.6]",0.0,"{""conversation"": -3.9738089561462075, ""creative"": 2.6068776130676596, ""physics"": -4.167917442321745}",physics,continuous_primal_dual_psd,6,4.087218636069732,4.087218636069576,1.5631940186722204e-13,"[0.9170757573234135, 0.0, 0.08292424267658655]",primal=Optimization terminated successfully; dual=outer=Optimization terminated successfully; inner=Optimization terminated successfully,1,-209.12008197484724,209.12008197484727,,tiny12_ties_20260503_contcert1,tiny12
ties,triple,conversation+physics+docker,15.512061204994612,6.64377517700192,0,"[0.2534336923634379, 0.20000000000001553, 0.5465663076365466]","[0.4, 0.4, 0.2]",11.982381343841553,"{""conversation"": -5.015471649169889, ""docker"": -1.9500047683715493, ""physics"": -6.64377517700192}",physics,continuous_primal_dual_psd,6,15.512061204994612,15.512061204994612,0.0,"[0.0, 0.0, 1.0]",primal=Optimization terminated successfully; dual=outer=Optimization terminated successfully; inner=Optimization terminated successfully,1,-163.4658931608676,163.4658931608676,,tiny12_ties_20260503_contcert1,tiny12
ties,triple,conversation+physics+empathy,14.88112020836979,9.777370166778532,0,"[0.2, 0.2, 0.6]","[0.4, 0.2, 0.4]",1.190483570098877,"{""conversation"": -9.777370166778532, ""empathy"": -0.6405376851624744, ""physics"": -8.817687702178922}",conversation,continuous_primal_dual_psd,6,14.88112020836979,14.88112020836979,0.0,"[1.0, 0.0, 0.0]",primal=Optimization terminated successfully; dual=outer=Optimization terminated successfully; inner=Optimization terminated successfully,1,-34.58985829772011,34.589858297720106,,tiny12_ties_20260503_contcert1,tiny12
ties,triple,conversation+physics+gsm8k,17.67555148862204,16.473797035217252,0,"[0.6000000000047696, 0.2, 0.19999999999523044]","[0.6, 0.2, 0.2]",0.0,"{""conversation"": -16.473797035217252, ""gsm8k"": 1.6995637893677085, ""physics"": -16.150310707092252}",conversation,continuous_primal_dual_psd,6,17.67555148862204,17.67555148862204,0.0,"[1.0, 0.0, 0.0]",primal=Optimization terminated successfully; dual=outer=Optimization terminated successfully; inner=Optimization terminated successfully,1,-246.59304939691066,246.59304939691066,,tiny12_ties_20260503_contcert1,tiny12
ties,triple,conversation+physics+textsql,13.689272323038463,12.484005165100065,0,"[0.3602451778550715, 0.20000000000010326, 0.4397548221448253]","[0.2, 0.2, 0.6]",0.0,"{""conversation"": -5.461886596679655, ""physics"": -12.484005165100065, ""textsql"": -0.4099999087333902}",physics,continuous_primal_dual_psd,6,13.689272323038463,13.689272323023284,1.517896919267514e-11,"[0.9758278515511667, 0.02417214844870749, 1.2583741862382761e-13]",primal=Optimization terminated successfully; dual=outer=Optimization terminated successfully; inner=Optimization terminated successfully,1,-143.14132506900611,143.14132506900611,,tiny12_ties_20260503_contcert1,tiny12
ties,triple,creative+company+docker,22.88483686447155,5.923655700683561,0,"[0.20000000000000168, 0.20000000000000415, 0.5999999999999942]","[0.6, 0.2, 0.2]",15.684223175048828,"{""company"": -5.260291767120329, ""creative"": -5.923655700683561, ""docker"": -0.6999999999999673}",creative,continuous_primal_dual_psd,6,22.88483686447155,22.88483686447155,0.0,"[1.0, 0.0, 0.0]",primal=Optimization terminated successfully; dual=outer=Optimization terminated successfully; inner=Optimization terminated successfully,1,-121.27343835654798,121.28628802623945,,tiny12_ties_20260503_contcert1,tiny12
ties,triple,creative+company+gsm8k,11.653629016876103,7.179072570800749,0,"[0.6000000000000058, 0.2, 0.19999999999999418]","[0.6, 0.2, 0.2]",0.0,"{""company"": -6.578615379333463, ""creative"": -7.179072570800749, ""gsm8k"": 22.011849212646517}",creative,continuous_primal_dual_psd,6,11.653629016876103,11.653629016873731,2.3714363805993344e-12,"[0.9999999999983107, 1.6893708654180155e-12, 0.0]",primal=Optimization terminated successfully; dual=outer=Optimization terminated successfully; inner=Optimization terminated successfully,1,-89.44712281325286,90.29582666601496,,tiny12_ties_20260503_contcert1,tiny12
ties,triple,creative+company+textsql,-0.16510000972212957,0.5542859017858282,0,"[0.57409367657561, 0.20000000000000032, 0.22590632342438977]","[0.6, 0.2, 0.2]",0.0,"{""company"": 1.5233247756958335, ""creative"": 2.8714149475097983, ""textsql"": -0.5542859017858282}",textsql,continuous_primal_dual_psd,6,-0.16510000972212957,-0.16510000972213001,4.440892098500626e-16,"[0.06586796568799232, 0.0, 0.9341320343120075]",primal=Optimization terminated successfully; dual=outer=Optimization terminated successfully; inner=Optimization terminated successfully,1,-17.264900290788624,17.264900290788614,,tiny12_ties_20260503_contcert1,tiny12
ties,triple,creative+docker+gsm8k,10.166342905089323,5.640485954284635,0,"[0.20000000000000548, 0.4529134271517544, 0.34708657284824007]","[0.6, 0.2, 0.2]",1.7658710479736328,"{""creative"": -2.676275444030729, ""docker"": -5.640485954284635, ""gsm8k"": 5.895361232757601}",docker,continuous_primal_dual_psd,6,10.166342905089323,10.166342905088896,4.263256414560601e-13,"[4.735101200024051e-13, 0.9999999999995266, 0.0]",primal=Optimization terminated successfully; dual=outer=Optimization terminated successfully; inner=Optimization terminated successfully,1,-90.90006058167677,90.90006058167677,,tiny12_ties_20260503_contcert1,tiny12
ties,triple,creative+docker+textsql,4.312017631530734,4.071810913085905,0,"[0.6, 0.2, 0.19999999999999996]","[0.6, 0.2, 0.2]",0.0,"{""creative"": -4.071810913085905, ""docker"": 0.5499928474426596, ""textsql"": -0.5128569448023895}",creative,continuous_primal_dual_psd,6,4.312017631530734,4.312017631530734,0.0,"[1.0, 0.0, 0.0]",primal=Optimization terminated successfully; dual=outer=Optimization terminated successfully; inner=Optimization terminated successfully,1,-47.58539522855171,47.585395228551704,,tiny12_ties_20260503_contcert1,tiny12
ties,triple,creative+gsm8k+textsql,6.610551548004122,0.6022617170031013,0,"[0.2, 0.2, 0.6]","[0.6, 0.2, 0.2]",3.26450921805546,"{""creative"": 1.9401042938232749, ""gsm8k"": 12.319323348999056, ""textsql"": -0.6022617170031013}",textsql,continuous_primal_dual_psd,6,6.610551548004122,6.610551548004122,0.0,"[1.0, 0.0, 0.0]",primal=Optimization terminated successfully; dual=outer=Optimization terminated successfully; inner=Optimization terminated successfully,1,-92.51343082647864,93.17061534420449,,tiny12_ties_20260503_contcert1,tiny12
ties,triple,docker+gsm8k+textsql,22.072765349749567,0.2811909945061859,0,"[0.20000000000005758, 0.2000000000000323, 0.5999999999999102]","[0.2, 0.2, 0.6]",0.0,"{""docker"": 0.5499928474426596, ""gsm8k"": 8.576008605957064, ""textsql"": -0.2811909945061859}",textsql,continuous_primal_dual_psd,6,22.072765349749567,22.072765349749567,0.0,"[1.0, 0.0, 0.0]",primal=Optimization terminated successfully; dual=outer=Optimization terminated successfully; inner=Optimization terminated successfully,1,-406.25154215298517,406.2515421529851,,tiny12_ties_20260503_contcert1,tiny12
ties,triple,empathy+brainstorming+company,16.711917846803317,3.0822546005248697,0,"[0.2, 0.20000000000000923, 0.5999999999999908]","[0.4, 0.4, 0.2]",4.659092426300049,"{""brainstorming"": -2.0157844543456704, ""company"": -3.0822546005248697, ""empathy"": -0.2900079790225237}",company,continuous_primal_dual_psd,6,16.711917846803317,16.711917846803082,2.3447910280083306e-13,"[0.0, 9.066358774836965e-13, 0.9999999999990934]",primal=Optimization terminated successfully; dual=outer=Optimization terminated successfully; inner=Optimization terminated successfully,1,-294.6017925833562,294.6017925833563,,tiny12_ties_20260503_contcert1,tiny12
ties,triple,empathy+brainstorming+creative,0.18541517692985054,-0.10423587797143051,1,"[0.2, 0.31901062310489936, 0.4809893768951006]","[0.4, 0.2, 0.4]",0.10561976459669628,"{""brainstorming"": 5.844637680053744, ""creative"": 8.775111961364779, ""empathy"": 0.10423587797143051}",empathy,continuous_primal_dual_psd,6,0.18541517692985054,0.18541517692985054,0.0,"[1.0, 0.0, 0.0]",primal=Optimization terminated successfully; dual=outer=Optimization terminated successfully; inner=Optimization terminated successfully,1,-17.287793714983465,17.28779371498347,,tiny12_ties_20260503_contcert1,tiny12
ties,triple,empathy+brainstorming+docker,19.585091574376786,3.199985694885221,0,"[0.20000000000000356, 0.36888540094765426, 0.4311145990523422]","[0.2, 0.6, 0.2]",7.239699363708496,"{""brainstorming"": -3.199985694885221, ""docker"": 0.49047164916995456, ""empathy"": -0.5968235343084711}",brainstorming,continuous_primal_dual_psd,6,19.585091574376786,19.585091574376648,1.3855583347321954e-13,"[0.0, 0.46791366802211753, 0.5320863319778825]",primal=Optimization terminated successfully; dual=outer=Optimization terminated successfully; inner=Optimization terminated successfully,1,-160.13104639402317,160.13104639402317,,tiny12_ties_20260503_contcert1,tiny12
ties,triple,empathy+brainstorming+gsm8k,0.6626619735939361,0.3470265521678437,0,"[0.5251796128174043, 0.2, 0.2748203871825956]","[0.2, 0.4, 0.4]",0.09774701096606392,"{""brainstorming"": 0.7788627624512046, ""empathy"": -0.3470265521678437, ""gsm8k"": 20.745226669311556}",empathy,continuous_primal_dual_psd,6,0.6626619735939361,0.6626619735939361,0.0,"[1.0, 0.0, 0.0]",primal=Optimization terminated successfully; dual=outer=Optimization terminated successfully; inner=Optimization terminated successfully,1,-90.6626321329093,90.66263213290931,,tiny12_ties_20260503_contcert1,tiny12
ties,triple,empathy+brainstorming+textsql,7.633286691222036,0.5369455337524087,0,"[0.2, 0.386565555764151, 0.41343444423584896]","[0.4, 0.4, 0.2]",3.6527395248413086,"{""brainstorming"": -0.5369455337524087, ""empathy"": -0.44477356313390765, ""textsql"": -0.446548275039322}",brainstorming,continuous_primal_dual_psd,6,7.633286691222036,7.633286691222036,0.0,"[0.0, 1.0, 0.0]",primal=Optimization terminated successfully; dual=outer=Optimization terminated successfully; inner=Optimization terminated successfully,1,-132.99280867885437,132.99280867885437,,tiny12_ties_20260503_contcert1,tiny12
ties,triple,empathy+company+docker,8.762708377838116,8.665266704559293,0,"[0.4999999999520681, 0.30000000004793176, 0.20000000000000018]","[0.6, 0.2, 0.2]",3.428006172180176,"{""company"": -8.665266704559293, ""docker"": 1.8000095367431967, ""empathy"": -0.643253298099295}",company,continuous_primal_dual_psd,6,8.762708377838116,8.762708377838116,0.0,"[0.0, 0.0, 1.0]",primal=Optimization terminated successfully; dual=outer=Optimization terminated successfully; inner=Optimization terminated successfully,1,-2.264672994814009,2.264672994814009,,tiny12_ties_20260503_contcert1,tiny12
ties,triple,empathy+company+gsm8k,1.613696741189731,3.245285224914518,0,"[0.5006960819754417, 0.20000000000000534, 0.2993039180245529]","[0.6, 0.2, 0.2]",0.0,"{""company"": -3.245285224914518, ""empathy"": -0.6948415309450607, ""gsm8k"": 17.32928447723392}",company,continuous_primal_dual_psd,6,1.613696741189731,1.613696741189731,0.0,"[0.0, 1.0, 0.0]",primal=Optimization terminated successfully; dual=outer=Optimization terminated successfully; inner=Optimization terminated successfully,1,-32.65593592659061,32.65593592659061,,tiny12_ties_20260503_contcert1,tiny12
ties,triple,empathy+company+textsql,0.5526367631252912,0.6316692352294595,0,"[0.598460683582501, 0.2015393164174982, 0.20000000000000073]","[0.4, 0.4, 0.2]",2.2916555404663086,"{""company"": -0.6316692352294595, ""empathy"": -0.13822943630552925, ""textsql"": -0.5822621602980693}",company,continuous_primal_dual_psd,6,0.5526367631252912,0.5526367631252912,0.0,"[1.0, 0.0, 0.0]",primal=Optimization terminated successfully; dual=outer=Optimization terminated successfully; inner=Optimization terminated successfully,1,-1.699812819049156,1.6998128190491557,,tiny12_ties_20260503_contcert1,tiny12
ties,triple,empathy+creative+company,9.497894419405338,0.09424385699395682,0,"[0.2, 0.2, 0.6]","[0.4, 0.4, 0.2]",3.5025895628058152,"{""company"": 4.856654930114779, ""creative"": 5.408713150024447, ""empathy"": -0.09424385699395682}",empathy,continuous_primal_dual_psd,6,9.497894419405338,9.497894419405307,3.019806626980426e-14,"[0.0, 1.1490808304870238e-14, 0.9999999999999885]",primal=Optimization terminated successfully; dual=outer=Optimization terminated successfully; inner=Optimization terminated successfully,1,-142.52481820654697,142.52481820654697,,tiny12_ties_20260503_contcert1,tiny12
ties,triple,empathy+creative+docker,3.339713078960534,0.6999999999999673,0,"[0.47419048556438076, 0.325809514435577, 0.20000000000004226]","[0.6, 0.2, 0.2]",1.190483570098877,"{""creative"": -0.23043460845943997, ""docker"": -0.6999999999999673, ""empathy"": -0.5995387044582483}",docker,continuous_primal_dual_psd,6,3.339713078960534,3.3397130789586718,1.8620660569013125e-12,"[3.5367788000662013e-15, 0.17310092315509137, 0.8268990768449052]",primal=Optimization terminated successfully; dual=outer=Optimization terminated successfully; inner=Optimization terminated successfully,1,-65.03051900934696,65.03051900934696,,tiny12_ties_20260503_contcert1,tiny12
ties,triple,empathy+creative+gsm8k,0.711992709255272,0.24629515652965034,0,"[0.40525171104943675, 0.20000000000000043, 0.3947482889505628]","[0.2, 0.6, 0.2]",0.198749392274783,"{""creative"": 3.9482801437378257, ""empathy"": -0.24629515652965034, ""gsm8k"": 15.34963541030887}",empathy,continuous_primal_dual_psd,6,0.711992709255272,0.711992709255272,0.0,"[1.0, 0.0, 0.0]",primal=Optimization terminated successfully; dual=outer=Optimization terminated successfully; inner=Optimization terminated successfully,1,-151.94926467774445,151.94926467774445,,tiny12_ties_20260503_contcert1,tiny12
ties,triple,empathy+creative+textsql,0.28986890871464843,0.30119098581412773,0,"[0.2, 0.6000000000000038, 0.19999999999999618]","[0.2, 0.4, 0.4]",0.11738016150713332,"{""creative"": 3.7973492622375815, ""empathy"": -0.19226096805645976, ""textsql"": -0.30119098581412773}",textsql,continuous_primal_dual_psd,6,0.28986890871464843,0.28986890871464843,0.0,"[1.0, 0.0, 0.0]",primal=Optimization terminated successfully; dual=outer=Optimization terminated successfully; inner=Optimization terminated successfully,1,-0.3593636707139579,0.3593636707139581,,tiny12_ties_20260503_contcert1,tiny12
ties,triple,empathy+docker+gsm8k,5.204471254091507,0.5919369364981416,0,"[0.2000000000002264, 0.3115369185517488, 0.48846308144802475]","[0.6, 0.2, 0.2]",0.25033939626872215,"{""docker"": 0.49047164916995456, ""empathy"": -0.5919369364981416, ""gsm8k"": 5.735954570770296}",empathy,continuous_primal_dual_psd,6,5.204471254091507,5.204471254091374,1.3322676295501878e-13,"[0.0, 1.0, 0.0]",primal=Optimization terminated successfully; dual=outer=Optimization terminated successfully; inner=Optimization terminated successfully,1,-110.82537743841144,110.82537743841144,,tiny12_ties_20260503_contcert1,tiny12
ties,triple,empathy+docker+textsql,11.732436581043249,0.7412712947358846,0,"[0.2, 0.2, 0.6]","[0.6, 0.2, 0.2]",2.4587382420072466,"{""docker"": -0.6999999999999673, ""empathy"": -0.7412712947358846, ""textsql"": -0.6036911259735661}",empathy,continuous_primal_dual_psd,6,11.732436581043249,11.732436581043249,0.0,"[0.0, 1.0, 0.0]",primal=Optimization terminated successfully; dual=outer=Optimization terminated successfully; inner=Optimization terminated successfully,1,-25.959227847767803,25.959227847767803,,tiny12_ties_20260503_contcert1,tiny12
ties,triple,empathy+gsm8k+textsql,0.5389299149712776,0.3111907641666437,0,"[0.533052437770374, 0.20000000000000048, 0.26694756222962546]","[0.2, 0.2, 0.6]",0.3573804918053448,"{""empathy"": -0.2929950204169132, ""gsm8k"": 12.56786279678348, ""textsql"": -0.3111907641666437}",textsql,continuous_primal_dual_psd,6,0.5389299149712776,0.5389299149674872,3.790412428372747e-12,"[0.9287921396859415, 0.0, 0.07120786031405843]",primal=Optimization terminated successfully; dual=outer=Optimization terminated successfully; inner=Optimization terminated successfully,1,-11.45988800872847,11.45988800872847,,tiny12_ties_20260503_contcert1,tiny12
ties,triple,energy+brainstorming+company,8.714353812857262,5.458310317993131,0,"[0.20000000000172172, 0.5719759476113231, 0.22802405238695522]","[0.2, 0.4, 0.4]",0.9999990463256836,"{""brainstorming"": -4.744604301452604, ""company"": -4.104974937438932, ""energy"": -5.458310317993131}",energy,continuous_primal_dual_psd,6,8.714353812857262,8.714353812857073,1.8829382497642655e-13,"[0.999999999999958, 0.0, 4.201500258815651e-14]",primal=Optimization terminated successfully; dual=outer=Optimization terminated successfully; inner=Optimization terminated successfully,1,-4.340470564378691,4.340470564378704,,tiny12_ties_20260503_contcert1,tiny12
ties,triple,energy+brainstorming+creative,3.8519829353410526,4.933062267303434,0,"[0.24919661310224253, 0.2, 0.5508033868977574]","[0.2, 0.2, 0.6]",0.0,"{""brainstorming"": -2.873900604248014, ""creative"": -2.881339263915983, ""energy"": -4.933062267303434}",energy,continuous_primal_dual_psd,6,3.8519829353410526,3.851982935340622,4.3076653355456074e-13,"[4.094989747161825e-17, 0.9676319350209077, 0.03236806497909223]",primal=Optimization terminated successfully; dual=outer=Optimization terminated successfully; inner=Optimization terminated successfully,1,-106.34981061140844,106.34981061140843,,tiny12_ties_20260503_contcert1,tiny12
ties,triple,energy+brainstorming+docker,16.05124958380629,-0.5499928474426596,1,"[0.2, 0.2, 0.6]","[0.2, 0.6, 0.2]",13.163602352142334,"{""brainstorming"": 0.7788627624512046, ""docker"": 0.5499928474426596, ""energy"": 1.1715739250183432}",docker,continuous_primal_dual_psd,6,16.05124958380629,16.051249583806193,9.592326932761353e-14,"[0.0, 0.9999999999999019, 9.819922652808545e-14]",primal=Optimization terminated successfully; dual=outer=Optimization terminated successfully; inner=Optimization terminated successfully,1,-271.26231245863397,271.26231245863397,,tiny12_ties_20260503_contcert1,tiny12
ties,triple,energy+brainstorming+gsm8k,-0.9921643377092764,3.21733064651486,0,"[0.2544481016061897, 0.39661120863210747, 0.3489406897617029]","[0.4, 0.4, 0.2]",0.8093476295471191,"{""brainstorming"": -1.852753829956022, ""energy"": -3.21733064651486, ""gsm8k"": 11.357805061340365}",energy,continuous_primal_dual_psd,6,-0.9921643377092764,-0.9921643377092764,0.0,"[1.0, 0.0, 0.0]",primal=Optimization terminated successfully; dual=outer=Optimization terminated successfully; inner=Optimization terminated successfully,0,25.352355828718583,0.0,,tiny12_ties_20260503_contcert1,tiny12
ties,triple,energy+brainstorming+textsql,15.854639792361349,5.21087951660153,0,"[0.20000000000000315, 0.2, 0.5999999999999969]","[0.2, 0.6, 0.2]",10.892415046691895,"{""brainstorming"": -5.21087951660153, ""energy"": -4.490068626403776, ""textsql"": -0.7130954548793099}",brainstorming,continuous_primal_dual_psd,6,15.854639792361349,15.854639792361349,0.0,"[1.0, 0.0, 0.0]",primal=Optimization terminated successfully; dual=outer=Optimization terminated successfully; inner=Optimization terminated successfully,1,-122.78207544493148,122.78207544493148,,tiny12_ties_20260503_contcert1,tiny12
ties,triple,energy+company+docker,17.74344543249567,13.085535240173307,0,"[0.35805828816939506, 0.2, 0.44194171183060493]","[0.4, 0.4, 0.2]",2.545309066772461,"{""company"": -13.085535240173307, ""docker"": 1.7999976158142417, ""energy"": -12.03766174316403}",company,continuous_primal_dual_psd,6,17.74344543249567,17.74344543249567,0.0,"[0.0, 0.0, 1.0]",primal=Optimization terminated successfully; dual=outer=Optimization terminated successfully; inner=Optimization terminated successfully,1,-91.95658989051243,91.95658989051243,,tiny12_ties_20260503_contcert1,tiny12
ties,triple,energy+company+gsm8k,25.506113544583275,13.153889846801725,0,"[0.20000000000000168, 0.2000000000000534, 0.5999999999999449]","[0.6, 0.2, 0.2]",2.743816375732422,"{""company"": -13.153889846801725, ""energy"": -12.983551692962614, ""gsm8k"": 18.59590702056888}",company,continuous_primal_dual_psd,6,25.506113544583275,25.506113544583275,0.0,"[0.0, 1.0, 0.0]",primal=Optimization terminated successfully; dual=outer=Optimization terminated successfully; inner=Optimization terminated successfully,1,-320.6897648301499,320.68976483014984,,tiny12_ties_20260503_contcert1,tiny12
ties,triple,energy+company+textsql,18.509979700191366,6.742587757110563,0,"[0.2, 0.2, 0.6]","[0.2, 0.2, 0.6]",0.0,"{""company"": -5.033019256591764, ""energy"": -6.742587757110563, ""textsql"": -0.3671424119853065}",energy,continuous_primal_dual_psd,6,18.509979700191366,18.509979700191277,8.881784197001252e-14,"[0.999999999999984, 1.6042722705833256e-14, 0.0]",primal=Optimization terminated successfully; dual=outer=Optimization terminated successfully; inner=Optimization terminated successfully,1,-210.81600725453347,210.81600725453345,,tiny12_ties_20260503_contcert1,tiny12
ties,triple,energy+creative+company,16.47932184066082,4.997733306884733,0,"[0.2, 0.2, 0.6]","[0.2, 0.6, 0.2]",6.943225860595703,"{""company"": -4.078617763519254, ""creative"": -4.997733306884733, ""energy"": -3.1314761161803872}",creative,continuous_primal_dual_psd,6,16.47932184066082,16.479321840660816,3.552713678800501e-15,"[0.9999999999999989, 1.1657341758564134e-15, 0.0]",primal=Optimization terminated successfully; dual=outer=Optimization terminated successfully; inner=Optimization terminated successfully,1,-118.90875419818568,118.90875419818568,,tiny12_ties_20260503_contcert1,tiny12
ties,triple,energy+creative+docker,16.049486988330003,4.997733306884733,0,"[0.20865057011775365, 0.2, 0.5913494298822464]","[0.2, 0.6, 0.2]",11.559641361236572,"{""creative"": -4.997733306884733, ""docker"": -3.1404883384704263, ""energy"": -0.6062180519103677}",creative,continuous_primal_dual_psd,6,16.049486988330003,16.049486988324475,5.5280224842135794e-12,"[0.0, 0.0, 1.0]",primal=Optimization terminated successfully; dual=outer=Optimization terminated successfully; inner=Optimization terminated successfully,1,-115.73153538962224,115.73153538962224,,tiny12_ties_20260503_contcert1,tiny12
ties,triple,energy+creative+gsm8k,7.269034022890551,6.069424819946256,0,"[0.3887162612661198, 0.2969962093725935, 0.3142875293612867]","[0.2, 0.6, 0.2]",8.295071125030518,"{""creative"": -3.866770935058561, ""energy"": -6.069424819946256, ""gsm8k"": 12.828382778167757}",energy,continuous_primal_dual_psd,6,7.269034022890551,7.269034022890505,4.618527782440651e-14,"[0.19156534999730995, 0.80843465000269, 0.0]",primal=Optimization terminated successfully; dual=outer=Optimization terminated successfully; inner=Optimization terminated successfully,1,-86.12127918786038,86.12127918786037,,tiny12_ties_20260503_contcert1,tiny12
ties,triple,energy+creative+textsql,8.838376358733939,1.4157206535339029,0,"[0.41441170970385366, 0.3855882902959714, 0.20000000000017493]","[0.2, 0.6, 0.2]",4.517340660095215,"{""creative"": 3.7973492622375815, ""energy"": -1.4157206535339029, ""textsql"": -0.5757139982555052}",energy,continuous_primal_dual_psd,6,8.838376358733939,8.838376358724926,9.013234603116871e-12,"[0.21704131313591216, 0.782958686864088, 0.0]",primal=Optimization terminated successfully; dual=outer=Optimization terminated successfully; inner=Optimization terminated successfully,1,-85.89237225394162,85.8923722539416,,tiny12_ties_20260503_contcert1,tiny12
ties,triple,energy+docker+gsm8k,11.602835333821318,5.680540275573698,0,"[0.20000000000007104, 0.45959051809377693, 0.34040948190615206]","[0.2, 0.4, 0.4]",0.0,"{""docker"": -3.1404883384704263, ""energy"": -5.680540275573698, ""gsm8k"": 4.424771595001253}",energy,continuous_primal_dual_psd,6,11.602835333821318,11.602835333817424,3.893774191965349e-12,"[7.155942505216325e-13, 0.9999999999992844, 0.0]",primal=Optimization terminated successfully; dual=outer=Optimization terminated successfully; inner=Optimization terminated successfully,1,-124.84462947113909,124.84462947113909,,tiny12_ties_20260503_contcert1,tiny12
ties,triple,energy+docker+textsql,11.238086163843164,12.594667148590055,0,"[0.46691710219246413, 0.2, 0.33308289780753586]","[0.4, 0.2, 0.4]",0.0,"{""docker"": -0.7000119209289224, ""energy"": -12.594667148590055, ""textsql"": -0.5457146631979573}",energy,continuous_primal_dual_psd,6,11.238086163843164,11.238086163843148,1.5987211554602254e-14,"[1.637578961322079e-14, 0.9999999999999836, 0.0]",primal=Optimization terminated successfully; dual=outer=Optimization terminated successfully; inner=Optimization terminated successfully,1,-59.665800410967016,59.66580041096702,,tiny12_ties_20260503_contcert1,tiny12
ties,triple,energy+empathy+brainstorming,3.209050817182373,1.2173325538634927,0,"[0.200000000000025, 0.3655174138063724, 0.4344825861936026]","[0.2, 0.4, 0.4]",0.0,"{""brainstorming"": 1.7999856948852866, ""empathy"": -0.2435791008057865, ""energy"": -1.2173325538634927}",energy,continuous_primal_dual_psd,6,3.209050817182373,3.209050817182373,0.0,"[0.0, 0.0, 1.0]",primal=Optimization terminated successfully; dual=outer=Optimization terminated successfully; inner=Optimization terminated successfully,0,1.3144918327099533,0.0,,tiny12_ties_20260503_contcert1,tiny12
ties,triple,energy+empathy+company,8.00066641815717,2.55209512710568,0,"[0.2, 0.6, 0.19999999999999996]","[0.2, 0.6, 0.2]",0.0,"{""company"": 0.133332538604769, ""empathy"": -0.034781542156428674, ""energy"": -2.55209512710568}",energy,continuous_primal_dual_psd,6,8.00066641815717,8.00066641815717,0.0,"[1.0, 0.0, 0.0]",primal=Optimization terminated successfully; dual=outer=Optimization terminated successfully; inner=Optimization terminated successfully,1,-27.92221546446994,27.92221546446994,,tiny12_ties_20260503_contcert1,tiny12
ties,triple,energy+empathy+creative,0.36305372645413736,0.04265562414819107,0,"[0.2, 0.2, 0.6]","[0.2, 0.4, 0.4]",0.051588232845765754,"{""creative"": 5.144140052795443, ""empathy"": -0.04265562414819107, ""energy"": 2.498432922363314}",empathy,continuous_primal_dual_psd,6,0.36305372645413736,0.36305372645413736,0.0,"[0.0, 1.0, 0.0]",primal=Optimization terminated successfully; dual=outer=Optimization terminated successfully; inner=Optimization terminated successfully,1,-44.29694996638608,44.29694996638609,,tiny12_ties_20260503_contcert1,tiny12
ties,triple,energy+empathy+docker,10.541293104425959,5.933061313629118,0,"[0.6000000000004853, 0.2, 0.1999999999995148]","[0.4, 0.4, 0.2]",2.136361598968506,"{""docker"": -3.2000095367431314, ""empathy"": -0.8881627968555061, ""energy"": -5.933061313629118}",energy,continuous_primal_dual_psd,6,10.541293104425959,10.541293104425959,0.0,"[0.0, 0.0, 1.0]",primal=Optimization terminated successfully; dual=outer=Optimization terminated successfully; inner=Optimization terminated successfully,1,-80.71623647931378,80.71623647931378,,tiny12_ties_20260503_contcert1,tiny12
ties,triple,energy+empathy+gsm8k,0.5892615039148789,2.1632105827331216,0,"[0.20000000000002555, 0.4534705658207685, 0.346529434179206]","[0.2, 0.6, 0.2]",3.769850730895996,"{""empathy"": -0.395900500437919, ""energy"": -2.1632105827331216, ""gsm8k"": 9.479281234741244}",energy,continuous_primal_dual_psd,6,0.5892615039148789,0.5892615039148789,0.0,"[0.0, 1.0, 0.0]",primal=Optimization terminated successfully; dual=outer=Optimization terminated successfully; inner=Optimization terminated successfully,1,-9.608075604760863,9.608075604760863,,tiny12_ties_20260503_contcert1,tiny12
ties,triple,energy+empathy+textsql,2.8738946673650645,4.353705120086637,0,"[0.2, 0.6, 0.19999999999999996]","[0.2, 0.6, 0.2]",0.0,"{""empathy"": -0.140672735210694, ""energy"": -4.353705120086637, ""textsql"": -0.5822621602980693}",energy,continuous_primal_dual_psd,6,2.8738946673650645,2.873894667365064,4.440892098500626e-16,"[0.9999999999999998, 0.0, 1.6653345369377346e-16]",primal=Optimization terminated successfully; dual=outer=Optimization terminated successfully; inner=Optimization terminated successfully,1,-28.408765798314853,28.408765798314853,,tiny12_ties_20260503_contcert1,tiny12
ties,triple,energy+gsm8k+textsql,11.86847991943357,9.069421958923307,0,"[0.2, 0.2, 0.6]","[0.4, 0.2, 0.4]",0.13636350631713867,"{""energy"": -9.069421958923307, ""gsm8k"": 9.84264307022098, ""textsql"": -0.5788101093852077}",energy,continuous_primal_dual_psd,6,11.86847991943357,11.86847991943357,0.0,"[1.0, 0.0, 0.0]",primal=Optimization terminated successfully; dual=outer=Optimization terminated successfully; inner=Optimization terminated successfully,1,-165.1733948509349,170.18053706472625,,tiny12_ties_20260503_contcert1,tiny12
ties,triple,energy+physics+brainstorming,21.20641775131225,9.119620990753141,0,"[0.2, 0.2, 0.6]","[0.2, 0.2, 0.6]",0.0,"{""brainstorming"": -5.439689826965299, ""energy"": -1.0268361091613443, ""physics"": -9.119620990753141}",physics,continuous_primal_dual_psd,6,21.20641775131225,21.206417751312216,3.552713678800501e-14,"[0.9999999999999964, 0.0, 3.608224830031746e-15]",primal=Optimization terminated successfully; dual=outer=Optimization terminated successfully; inner=Optimization terminated successfully,1,-366.8930047992554,367.0791370751283,,tiny12_ties_20260503_contcert1,tiny12
ties,triple,energy+physics+company,18.67665866389952,19.30767602920529,0,"[0.2000000000000365, 0.22881262762952057, 0.5711873723704429]","[0.6, 0.2, 0.2]",1.1904597282409668,"{""company"": -10.8474046707153, ""energy"": -10.793080997467008, ""physics"": -19.30767602920529}",physics,continuous_primal_dual_psd,6,18.67665866389952,18.67665866389952,0.0,"[1.0, 0.0, 0.0]",primal=Optimization terminated successfully; dual=outer=Optimization terminated successfully; inner=Optimization terminated successfully,1,-62.511285928530626,62.511285928530626,,tiny12_ties_20260503_contcert1,tiny12
ties,triple,energy+physics+creative,8.85500890231368,4.064408016204801,0,"[0.2, 0.2, 0.6]","[0.2, 0.2, 0.6]",0.0,"{""creative"": 1.0923235893249839, ""energy"": -1.0268361091613443, ""physics"": -4.064408016204801}",physics,continuous_primal_dual_psd,6,8.85500890231368,8.85500890231368,0.0,"[1.0, 0.0, 0.0]",primal=Optimization terminated successfully; dual=outer=Optimization terminated successfully; inner=Optimization terminated successfully,1,-138.26674016936636,138.2667401693664,,tiny12_ties_20260503_contcert1,tiny12
ties,triple,energy+physics+docker,20.24163714773862,11.397042942047086,0,"[0.28447082147569214, 0.20000000000000537, 0.5155291785243025]","[0.2, 0.6, 0.2]",9.506535530090332,"{""docker"": -5.70000715255734, ""energy"": -4.688456726074186, ""physics"": -11.397042942047086}",physics,continuous_primal_dual_psd,6,20.24163714773862,20.24163714772176,1.6857626405908377e-11,"[0.0, 0.42706938255127924, 0.5729306174487208]",primal=Optimization terminated successfully; dual=outer=Optimization terminated successfully; inner=Optimization terminated successfully,1,-216.7490409624064,216.7490409624064,,tiny12_ties_20260503_contcert1,tiny12
ties,triple,energy+physics+empathy,10.131173104160169,10.103061866760221,0,"[0.20000000000000712, 0.20000000000000429, 0.5999999999999885]","[0.4, 0.2, 0.4]",1.0869503021240234,"{""empathy"": -0.9421943286064367, ""energy"": -6.995096874237028, ""physics"": -10.103061866760221}",physics,continuous_primal_dual_psd,6,10.131173104160169,10.131173104160169,0.0,"[1.0, 0.0, 0.0]",primal=Optimization terminated successfully; dual=outer=Optimization terminated successfully; inner=Optimization terminated successfully,1,-121.20409889967985,121.20409889967983,,tiny12_ties_20260503_contcert1,tiny12
ties,triple,energy+physics+gsm8k,29.02511067390439,22.973981571197477,0,"[0.2, 0.2, 0.6]","[0.6, 0.2, 0.2]",2.7777910232543945,"{""energy"": -14.426568222045866, ""gsm8k"": 4.9338191032409995, ""physics"": -22.973981571197477}",physics,continuous_primal_dual_psd,6,29.02511067390439,29.02511067390439,0.0,"[1.0, 0.0, 0.0]",primal=Optimization terminated successfully; dual=outer=Optimization terminated successfully; inner=Optimization terminated successfully,1,-392.1726234014452,395.2682174828174,,tiny12_ties_20260503_contcert1,tiny12
ties,triple,energy+physics+textsql,12.736458666701054,10.20658321380612,0,"[0.2, 0.2, 0.6]","[0.4, 0.4, 0.2]",1.0869503021240234,"{""energy"": -3.9409787178039224, ""physics"": -10.20658321380612, ""textsql"": -0.6765479577791979}",physics,continuous_primal_dual_psd,6,12.736458666701054,12.736458666701054,0.0,"[1.0, 0.0, 0.0]",primal=Optimization terminated successfully; dual=outer=Optimization terminated successfully; inner=Optimization terminated successfully,1,-94.52052920049687,94.52052920049685,,tiny12_ties_20260503_contcert1,tiny12
ties,triple,flex+brainstorming+company,13.660412857207596,8.688297939300504,0,"[0.20000000000003207, 0.5991616122706167, 0.20083838772935125]","[0.2, 0.6, 0.2]",0.0,"{""brainstorming"": -5.8315546035766275, ""company"": -8.688297939300504, ""flex"": -4.064408016204801}",company,continuous_primal_dual_psd,6,13.660412857207596,13.660412857207596,0.0,"[0.0, 1.0, 0.0]",primal=Optimization terminated successfully; dual=outer=Optimization terminated successfully; inner=Optimization terminated successfully,1,-35.397672158892924,35.39767215889292,,tiny12_ties_20260503_contcert1,tiny12
ties,triple,flex+brainstorming+creative,11.523601964306172,2.881339263915983,0,"[0.3063542299619468, 0.2, 0.4936457700380532]","[0.2, 0.4, 0.4]",3.8083314895629883,"{""brainstorming"": -1.7869503021239908, ""creative"": -2.881339263915983, ""flex"": -1.7869622230529458}",creative,continuous_primal_dual_psd,6,11.523601964306172,11.523601964306172,0.0,"[1.0, 0.0, 0.0]",primal=Optimization terminated successfully; dual=outer=Optimization terminated successfully; inner=Optimization terminated successfully,1,-77.56765769768435,77.56765769768437,,tiny12_ties_20260503_contcert1,tiny12
ties,triple,flex+brainstorming+docker,17.20508733457563,9.202268791198698,0,"[0.2, 0.5999999999999996, 0.2000000000000004]","[0.2, 0.6, 0.2]",0.0,"{""brainstorming"": -6.689670753478971, ""docker"": -4.450002384185758, ""flex"": -9.202268791198698}",flex,continuous_primal_dual_psd,6,17.20508733457563,17.205087334575627,3.552713678800501e-15,"[5.828670879282038e-15, 0.0, 0.9999999999999942]",primal=Optimization terminated successfully; dual=outer=Optimization terminated successfully; inner=Optimization terminated successfully,1,-73.72091636777878,73.72091636777878,,tiny12_ties_20260503_contcert1,tiny12
ties,triple,flex+brainstorming+gsm8k,16.07596133989515,6.755450439453092,0,"[0.2, 0.6, 0.19999999999999996]","[0.2, 0.6, 0.2]",0.0,"{""brainstorming"": -6.755450439453092, ""flex"": -3.102746677398649, ""gsm8k"": 11.810287761688265}",brainstorming,continuous_primal_dual_psd,6,16.07596133989515,16.07596133989515,0.0,"[1.0, 0.0, 0.0]",primal=Optimization terminated successfully; dual=outer=Optimization terminated successfully; inner=Optimization terminated successfully,1,-50.81035055135454,50.81035055135454,,tiny12_ties_20260503_contcert1,tiny12
ties,triple,flex+brainstorming+textsql,9.47667804893187,5.609038543701139,0,"[0.2, 0.42203842974112277, 0.3779615702588772]","[0.2, 0.6, 0.2]",3.254556655883789,"{""brainstorming"": -5.439665985107389, ""flex"": -5.609038543701139, ""textsql"": -0.6088090098398458}",flex,continuous_primal_dual_psd,6,9.47667804893187,9.476678048931864,5.329070518200751e-15,"[0.9999999999999984, 1.498801083243959e-15, 0.0]",primal=Optimization terminated successfully; dual=outer=Optimization terminated successfully; inner=Optimization terminated successfully,1,-82.55635038807203,82.55635038807203,,tiny12_ties_20260503_contcert1,tiny12
ties,triple,flex+company+docker,38.170279569425524,26.842966747283903,0,"[0.36733612672388505, 0.43266387327612027, 0.19999999999999463]","[0.4, 0.4, 0.2]",0.0,"{""company"": -26.842966747283903, ""docker"": -6.830969524383512, ""flex"": -25.52020854949948}",company,continuous_primal_dual_psd,6,38.170279569425524,38.170279569425524,0.0,"[1.0, 0.0, 0.0]",primal=Optimization terminated successfully; dual=outer=Optimization terminated successfully; inner=Optimization terminated successfully,1,-110.57929143372711,110.57929143372711,,tiny12_ties_20260503_contcert1,tiny12
ties,triple,flex+company+gsm8k,25.708287927543694,22.27856225967404,0,"[0.5999999999999993, 0.2, 0.20000000000000062]","[0.6, 0.2, 0.2]",0.0,"{""company"": -22.27856225967404, ""flex"": -21.69816799163815, ""gsm8k"": 9.174200820922884}",company,continuous_primal_dual_psd,6,25.708287927543694,25.70828792754361,8.526512829121202e-14,"[0.9999999999999449, 5.5008672956917507e-14, 0.0]",primal=Optimization terminated successfully; dual=outer=Optimization terminated successfully; inner=Optimization terminated successfully,1,-84.15859893127784,84.15859893127784,,tiny12_ties_20260503_contcert1,tiny12
ties,triple,flex+company+textsql,11.277601194382529,10.68435020446774,0,"[0.2, 0.20000000000002072, 0.5999999999999792]","[0.2, 0.2, 0.6]",0.0,"{""company"": -10.68435020446774, ""flex"": -10.060373020172086, ""textsql"": -0.33226248625025173}",company,continuous_primal_dual_psd,6,11.277601194382529,11.277601194382529,0.0,"[0.0, 1.0, 0.0]",primal=Optimization terminated successfully; dual=outer=Optimization terminated successfully; inner=Optimization terminated successfully,1,-133.70148656692325,141.16640126027983,,tiny12_ties_20260503_contcert1,tiny12
ties,triple,flex+creative+company,21.749948375445374,3.747728538513151,0,"[0.2, 0.21341773729776242, 0.5865822627022376]","[0.2, 0.6, 0.2]",9.341919422149658,"{""company"": -3.036955070495573, ""creative"": -3.747728538513151, ""flex"": -1.6616732597350747}",creative,continuous_primal_dual_psd,6,21.749948375445374,21.74994837538658,5.879385867046949e-11,"[0.5551012234856139, 3.504580616718772e-14, 0.44489877651435095]",primal=Optimization terminated successfully; dual=outer=Optimization terminated successfully; inner=Optimization terminated successfully,1,-250.93367440775347,250.93367440775347,,tiny12_ties_20260503_contcert1,tiny12
ties,triple,flex+creative+docker,38.30747856188744,6.4453632354736,0,"[0.2, 0.2, 0.6]","[0.2, 0.6, 0.2]",16.271674633026123,"{""creative"": -6.13410778045651, ""docker"": -4.390493106842008, ""flex"": -6.4453632354736}",flex,continuous_primal_dual_psd,6,38.30747856188744,38.30747856188744,0.0,"[1.0, 0.0, 0.0]",primal=Optimization terminated successfully; dual=outer=Optimization terminated successfully; inner=Optimization terminated successfully,1,-225.69545400415348,225.69545400415345,,tiny12_ties_20260503_contcert1,tiny12
ties,triple,flex+creative+gsm8k,18.9547410493902,7.8864604949950845,0,"[0.2, 0.5999999999999952, 0.20000000000000484]","[0.2, 0.6, 0.2]",0.0,"{""creative"": -3.7531644821166665, ""flex"": -7.8864604949950845, ""gsm8k"": 8.620569038391146}",flex,continuous_primal_dual_psd,6,18.9547410493902,18.9547410493902,0.0,"[1.0, 0.0, 0.0]",primal=Optimization terminated successfully; dual=outer=Optimization terminated successfully; inner=Optimization terminated successfully,1,-40.14246631440378,40.14246631440377,,tiny12_ties_20260503_contcert1,tiny12
ties,triple,flex+creative+textsql,12.182822895050016,0.3571435028386102,0,"[0.2, 0.2, 0.6]","[0.2, 0.6, 0.2]",8.103786558501689,"{""creative"": 0.5445926666260092, ""flex"": 2.7896969795227378, ""textsql"": -0.3571435028386102}",textsql,continuous_primal_dual_psd,6,12.182822895050016,12.182822895050016,0.0,"[1.0, 0.0, 0.0]",primal=Optimization terminated successfully; dual=outer=Optimization terminated successfully; inner=Optimization terminated successfully,1,-43.40261220932003,50.61570878063412,,tiny12_ties_20260503_contcert1,tiny12
ties,triple,flex+docker+gsm8k,21.48931744306478,18.104949665069547,0,"[0.5828340054935031, 0.2, 0.21716599450649698]","[0.4, 0.2, 0.4]",1.3157844543457031,"{""docker"": -16.771426868438688, ""flex"": -18.104949665069547, ""gsm8k"": 3.9602964401245444}",flex,continuous_primal_dual_psd,6,21.48931744306478,21.489317443059853,4.927613872496295e-12,"[0.6223976342869969, 0.3776023657129747, 2.8491321986141155e-14]",primal=Optimization terminated successfully; dual=outer=Optimization terminated successfully; inner=Optimization terminated successfully,1,-54.12192852120631,54.1219285212063,,tiny12_ties_20260503_contcert1,tiny12
ties,triple,flex+docker+textsql,20.225189337761137,20.736506652832,0,"[0.2, 0.2000000000000031, 0.5999999999999969]","[0.2, 0.2, 0.6]",0.0,"{""docker"": -3.2000095367431314, ""flex"": -20.736506652832, ""textsql"": -0.42452346877443414}",flex,continuous_primal_dual_psd,6,20.225189337761137,20.22518933776046,6.750155989720952e-13,"[0.999999999999863, 1.369460100874943e-13, 0.0]",primal=Optimization terminated successfully; dual=outer=Optimization terminated successfully; inner=Optimization terminated successfully,1,-76.50204576283173,76.50204576283173,,tiny12_ties_20260503_contcert1,tiny12
ties,triple,flex+empathy+brainstorming,8.707545704473304,3.102734756469694,0,"[0.2, 0.3929580325147486, 0.40704196748525145]","[0.2, 0.2, 0.6]",0.0,"{""brainstorming"": -3.102734756469694, ""empathy"": -0.5968235343084711, ""flex"": -1.7869622230529458}",brainstorming,continuous_primal_dual_psd,6,8.707545704473304,8.707545704473285,1.9539925233402755e-14,"[0.9999999999999869, 0.0, 1.3156142841807933e-14]",primal=Optimization terminated successfully; dual=outer=Optimization terminated successfully; inner=Optimization terminated successfully,1,-4.494856291489529,4.494856291489528,,tiny12_ties_20260503_contcert1,tiny12
ties,triple,flex+empathy+company,18.792225504481916,6.396642398834196,0,"[0.3240601355768335, 0.2000000000000073, 0.47593986442315916]","[0.2, 0.6, 0.2]",10.21573543548584,"{""company"": -6.396642398834196, ""empathy"": -0.24113491632653505, ""flex"": -3.8355857849120767}",company,continuous_primal_dual_psd,6,18.792225504481916,18.792225504481916,0.0,"[1.0, 0.0, 0.0]",primal=Optimization terminated successfully; dual=outer=Optimization terminated successfully; inner=Optimization terminated successfully,1,-69.11283192502786,69.11283192502786,,tiny12_ties_20260503_contcert1,tiny12
ties,triple,flex+empathy+creative,5.880897063763342,0.4396146512919224,0,"[0.2, 0.465369417336855, 0.33463058266314505]","[0.2, 0.6, 0.2]",0.05158823284576575,"{""creative"": 4.007789421081576, ""empathy"": -0.4396146512919224, ""flex"": 4.105481433868441}",empathy,continuous_primal_dual_psd,6,5.880897063763342,5.880897063763342,0.0,"[1.0, 0.0, 0.0]",primal=Optimization terminated successfully; dual=outer=Optimization terminated successfully; inner=Optimization terminated successfully,1,-80.3183352974437,80.31833529744368,,tiny12_ties_20260503_contcert1,tiny12
ties,triple,flex+empathy+docker,33.88858815014747,10.289219093322721,0,"[0.20000000000010384, 0.33325644414976907, 0.46674355585012706]","[0.2, 0.6, 0.2]",7.415246963500977,"{""docker"": -4.450014305114713, ""empathy"": -0.8908779670052833, ""flex"": -10.289219093322721}",flex,continuous_primal_dual_psd,6,33.88858815014747,33.88858815009442,5.304912065184908e-11,"[0.2814743423753409, 1.5028220703157948e-12, 0.7185256576231562]",primal=Optimization terminated successfully; dual=outer=Optimization terminated successfully; inner=Optimization terminated successfully,1,-182.56444817301087,189.09267182569934,,tiny12_ties_20260503_contcert1,tiny12
ties,triple,flex+empathy+gsm8k,12.156085001863197,2.977457714080778,0,"[0.3954903524814272, 0.4045096475185695, 0.2000000000000033]","[0.2, 0.6, 0.2]",3.364384174346924,"{""empathy"": -0.5455071727073177, ""flex"": -2.977457714080778, ""gsm8k"": 6.946048069000277}",flex,continuous_primal_dual_psd,6,12.156085001863197,12.156085001863197,0.0,"[1.0, 0.0, 0.0]",primal=Optimization terminated successfully; dual=outer=Optimization terminated successfully; inner=Optimization terminated successfully,1,-37.668267361541446,37.66826736154145,,tiny12_ties_20260503_contcert1,tiny12
ties,triple,flex+empathy+textsql,10.987502079326486,5.3802043914794595,0,"[0.2, 0.36756619026725246, 0.4324338097327476]","[0.2, 0.4, 0.4]",0.0,"{""empathy"": -0.7800988477795584, ""flex"": -5.3802043914794595, ""textsql"": -0.4645243205961374}",flex,continuous_primal_dual_psd,6,10.987502079326486,10.987502079326486,0.0,"[1.0, 0.0, 0.0]",primal=Optimization terminated successfully; dual=outer=Optimization terminated successfully; inner=Optimization terminated successfully,1,-69.50735138266867,69.50735138266867,,tiny12_ties_20260503_contcert1,tiny12
ties,triple,flex+energy+brainstorming,17.82059685610683,7.131472301483122,0,"[0.2, 0.2, 0.6]","[0.2, 0.2, 0.6]",0.0,"{""brainstorming"": -3.0369312286376626, ""energy"": -7.131472301483122, ""flex"": -6.6959769248962075}",energy,continuous_primal_dual_psd,6,17.82059685610683,17.820596856106828,3.552713678800501e-15,"[1.165734175856413e-15, 0.0, 0.9999999999999989]",primal=Optimization terminated successfully; dual=outer=Optimization terminated successfully; inner=Optimization terminated successfully,1,-199.98756564839334,199.9875656483933,,tiny12_ties_20260503_contcert1,tiny12
ties,triple,flex+energy+company,36.738274914799504,18.333771896362272,0,"[0.2, 0.2, 0.6]","[0.2, 0.6, 0.2]",1.0869503021240234,"{""company"": -15.42661495208737, ""energy"": -12.847188186645475, ""flex"": -18.333771896362272}",flex,continuous_primal_dual_psd,6,36.738274914799504,36.73827491479917,3.339550858072471e-13,"[0.99999999999997, 0.0, 2.997602166487882e-14]",primal=Optimization terminated successfully; dual=outer=Optimization terminated successfully; inner=Optimization terminated successfully,1,-325.22285378301376,325.81527082654003,,tiny12_ties_20260503_contcert1,tiny12
ties,triple,flex+energy+creative,15.471246910095317,1.6616851806640298,0,"[0.20000000000000198, 0.2, 0.599999999999998]","[0.2, 0.2, 0.6]",0.0,"{""creative"": 0.7550209045410483, ""energy"": -0.026837062835660674, ""flex"": -1.6616851806640298}",flex,continuous_primal_dual_psd,6,15.471246910095317,15.471246910095317,0.0,"[1.0, 0.0, 0.0]",primal=Optimization terminated successfully; dual=outer=Optimization terminated successfully; inner=Optimization terminated successfully,1,-156.57996771252084,156.94512909121534,,tiny12_ties_20260503_contcert1,tiny12
ties,triple,flex+energy+docker,31.9251237151791,17.475643825530973,0,"[0.2, 0.3731328234770136, 0.42686717652298634]","[0.2, 0.6, 0.2]",8.50224494934082,"{""docker"": -4.450002384185758, ""energy"": -11.259892654418913, ""flex"": -17.475643825530973}",flex,continuous_primal_dual_psd,6,31.9251237151791,31.92512371511191,6.719247380715387e-11,"[0.41319947998593154, 0.0, 0.5868005200140686]",primal=Positive directional derivative for linesearch; dual=outer=Optimization terminated successfully; inner=Optimization terminated successfully,1,-173.2511885256403,173.25118852564026,,tiny12_ties_20260503_contcert1,tiny12
ties,triple,flex+energy+empathy,12.07892321540599,4.064419937133756,0,"[0.2, 0.2, 0.6]","[0.2, 0.2, 0.6]",0.0,"{""empathy"": -0.5865065961985874, ""energy"": -2.1632105827331216, ""flex"": -4.064419937133756}",flex,continuous_primal_dual_psd,6,12.07892321540599,12.07892321540599,0.0,"[1.0, 0.0, 0.0]",primal=Optimization terminated successfully; dual=outer=Optimization terminated successfully; inner=Optimization terminated successfully,1,-57.81796387041902,57.81796387041902,,tiny12_ties_20260503_contcert1,tiny12
ties,triple,flex+energy+gsm8k,22.506533865459073,19.42073411941525,0,"[0.2, 0.599999999999996, 0.20000000000000395]","[0.2, 0.6, 0.2]",0.0,"{""energy"": -16.56292982101437, ""flex"": -19.42073411941525, ""gsm8k"": 6.188473033905062}",flex,continuous_primal_dual_psd,6,22.506533865459073,22.50653386544898,1.0093259561472223e-11,"[0.99999999999867, 1.3299916723479374e-12, 0.0]",primal=Optimization terminated successfully; dual=outer=Optimization terminated successfully; inner=Optimization terminated successfully,1,-179.3798668366695,179.3798668366695,,tiny12_ties_20260503_contcert1,tiny12
ties,triple,flex+energy+physics,17.51536070893528,12.484005165100065,0,"[0.33149691640647366, 0.2000000000000015, 0.4685030835935249]","[0.2, 0.4, 0.4]",2.579355239868164,"{""energy"": -9.267833900451627, ""flex"": -9.202256870269743, ""physics"": -12.484005165100065}",physics,continuous_primal_dual_psd,6,17.51536070893528,17.515360708934907,3.730349362740526e-13,"[0.9999999999998175, 1.8246515409711118e-13, 0.0]",primal=Optimization terminated successfully; dual=outer=Optimization terminated successfully; inner=Optimization terminated successfully,1,-86.83264255728234,86.83264255728234,,tiny12_ties_20260503_contcert1,tiny12
ties,triple,flex+energy+textsql,20.193579864504237,13.65359134674069,0,"[0.2000000000000141, 0.20000000000002055, 0.5999999999999653]","[0.2, 0.2, 0.6]",0.0,"{""energy"": -13.015309047698942, ""flex"": -13.65359134674069, ""textsql"": -0.23940522853376842}",flex,continuous_primal_dual_psd,6,20.193579864504237,20.193579864504237,0.0,"[0.0, 1.0, 0.0]",primal=Optimization terminated successfully; dual=outer=Optimization terminated successfully; inner=Optimization terminated successfully,1,-223.70311106588778,226.70893328047651,,tiny12_ties_20260503_contcert1,tiny12
ties,triple,flex+gsm8k+textsql,16.251693547754407,13.550081920623747,0,"[0.2, 0.2000000000001289, 0.5999999999998711]","[0.2, 0.2, 0.6]",0.0,"{""flex"": -13.550081920623747, ""gsm8k"": 5.634841251373324, ""textsql"": -0.48452431190407924}",flex,continuous_primal_dual_psd,6,16.251693547754407,16.251693547754407,0.0,"[1.0, 0.0, 0.0]",primal=Optimization terminated successfully; dual=outer=Optimization terminated successfully; inner=Optimization terminated successfully,1,-47.40923657559698,47.409236575597,,tiny12_ties_20260503_contcert1,tiny12
ties,triple,flex+physics+brainstorming,4.718496803237299,5.453303527831999,0,"[0.2, 0.2, 0.6]","[0.2, 0.2, 0.6]",0.0,"{""brainstorming"": -1.7869503021239908, ""flex"": 0.03281526565555026, ""physics"": -5.453303527831999}",physics,continuous_primal_dual_psd,6,4.718496803237299,4.718496803237299,0.0,"[1.0, 0.0, 0.0]",primal=Optimization terminated successfully; dual=outer=Optimization terminated successfully; inner=Optimization terminated successfully,1,-33.635797815153666,33.63579781515366,,tiny12_ties_20260503_contcert1,tiny12
ties,triple,flex+physics+company,7.262954899292289,16.25383205413815,0,"[0.44189831610805935, 0.2, 0.35810168389194064]","[0.4, 0.4, 0.2]",1.0869622230529785,"{""company"": -9.919360351562467, ""flex"": -8.240607452392545, ""physics"": -16.25383205413815}",physics,continuous_primal_dual_psd,6,7.262954899292289,7.262954899291678,6.110667527536862e-13,"[0.9999999999999947, 5.440092820663238e-15, 0.0]",primal=Optimization terminated successfully; dual=outer=Optimization terminated successfully; inner=Optimization terminated successfully,1,-11.99039854350005,11.990398543500024,,tiny12_ties_20260503_contcert1,tiny12
ties,triple,flex+physics+creative,7.299779640743443,4.366353225707975,0,"[0.20000000000002802, 0.35453701989472675, 0.4454629801052452]","[0.2, 0.4, 0.4]",0.0,"{""creative"": 0.49047164916995456, ""flex"": -1.0541469573974283, ""physics"": -4.366353225707975}",physics,continuous_primal_dual_psd,6,7.299779640743443,7.299779640743055,3.8813396940895473e-13,"[0.999999999999925, 0.0, 7.51065876158862e-14]",primal=Optimization terminated successfully; dual=outer=Optimization terminated successfully; inner=Optimization terminated successfully,1,-87.4769589305986,87.4769589305986,,tiny12_ties_20260503_contcert1,tiny12
ties,triple,flex+physics+docker,23.53681888507269,17.34079427719113,0,"[0.20000000000031412, 0.319990746406138, 0.48000925359354785]","[0.2, 0.6, 0.2]",1.0869503021240234,"{""docker"": -9.390476417541471, ""flex"": -12.062659931182829, ""physics"": -17.34079427719113}",physics,continuous_primal_dual_psd,6,23.53681888507269,23.536818885032368,4.0323300254385686e-11,"[0.7010027204204253, 0.29899727957956956, 5.063724953737369e-15]",primal=Optimization terminated successfully; dual=outer=Optimization terminated successfully; inner=Optimization terminated successfully,1,-226.2991500469072,226.29915004690722,,tiny12_ties_20260503_contcert1,tiny12
ties,triple,flex+physics+empathy,8.962539814952883,12.484005165100065,0,"[0.20000000000000354, 0.24624838364471868, 0.5537516163552778]","[0.2, 0.2, 0.6]",0.0,"{""empathy"": -0.7385561245861074, ""flex"": -5.609014701843229, ""physics"": -12.484005165100065}",physics,continuous_primal_dual_psd,6,8.962539814952883,8.962539814952883,0.0,"[1.0, 0.0, 0.0]",primal=Optimization terminated successfully; dual=outer=Optimization terminated successfully; inner=Optimization terminated successfully,1,-57.76485620837745,57.764856208377445,,tiny12_ties_20260503_contcert1,tiny12
ties,triple,flex+physics+gsm8k,45.856787420549644,23.37944812774655,0,"[0.2000000000000844, 0.2, 0.5999999999999156]","[0.4, 0.4, 0.2]",5.935120582580566,"{""flex"": -17.24682159423825, ""gsm8k"": 2.954193878173861, ""physics"": -23.37944812774655}",physics,continuous_primal_dual_psd,6,45.856787420549644,45.856787420549644,0.0,"[1.0, 0.0, 0.0]",primal=Optimization terminated successfully; dual=outer=Optimization terminated successfully; inner=Optimization terminated successfully,1,-266.165256121903,266.165256121903,,tiny12_ties_20260503_contcert1,tiny12
ties,triple,flex+physics+textsql,12.391176891326868,12.484005165100065,0,"[0.2, 0.2, 0.6]","[0.2, 0.6, 0.2]",0.1984119415283203,"{""flex"": -6.066706848144499, ""physics"": -12.484005165100065, ""textsql"": -0.3305957840910141}",physics,continuous_primal_dual_psd,6,12.391176891326868,12.391176891326868,0.0,"[1.0, 0.0, 0.0]",primal=Optimization terminated successfully; dual=outer=Optimization terminated successfully; inner=Optimization terminated successfully,1,-132.34669493064666,132.50826777516735,,tiny12_ties_20260503_contcert1,tiny12
ties,triple,physics+brainstorming+company,17.679217147826346,11.293533515930143,0,"[0.2, 0.24457297698465635, 0.5554270230153436]","[0.2, 0.6, 0.2]",9.308123588562012,"{""brainstorming"": -5.602720451354948, ""company"": -2.854982089996305, ""physics"": -11.293533515930143}",physics,continuous_primal_dual_psd,6,17.679217147826346,17.67921714782596,3.872457909892546e-13,"[0.5797786737802628, 0.42022132621971053, 2.6659885092888408e-14]",primal=Optimization terminated successfully; dual=outer=Optimization terminated successfully; inner=Optimization terminated successfully,1,-240.8733001858615,240.8733001858615,,tiny12_ties_20260503_contcert1,tiny12
ties,triple,physics+brainstorming+creative,-0.7476024618682438,2.0889074325561197,0,"[0.2, 0.39743537328591666, 0.40256462671408333]","[0.2, 0.6, 0.2]",1.0869503021240234,"{""brainstorming"": -1.6238958358764322, ""creative"": 3.5328000068664878, ""physics"": -2.0889074325561197}",physics,continuous_primal_dual_psd,6,-0.7476024618682438,-0.7476024618682438,0.0,"[0.0, 1.0, 0.0]",primal=Optimization terminated successfully; dual=outer=Optimization terminated successfully; inner=Optimization terminated successfully,1,-50.946879330043004,50.94687933004301,,tiny12_ties_20260503_contcert1,tiny12
ties,triple,physics+brainstorming+docker,15.573855759773569,7.547810745239225,0,"[0.2, 0.2, 0.6]","[0.2, 0.6, 0.2]",8.489704132080078,"{""brainstorming"": -7.547810745239225, ""docker"": 0.4904597282409995, ""physics"": -6.945708465576139}",brainstorming,continuous_primal_dual_psd,6,15.573855759773569,15.573855759773569,0.0,"[0.0, 1.0, 0.0]",primal=Optimization terminated successfully; dual=outer=Optimization terminated successfully; inner=Optimization terminated successfully,1,-177.37085305290216,177.37085305290216,,tiny12_ties_20260503_contcert1,tiny12
ties,triple,physics+brainstorming+gsm8k,17.238055739160004,7.825604152679411,0,"[0.2, 0.2, 0.6]","[0.2, 0.6, 0.2]",9.506571292877197,"{""brainstorming"": 0.7788627624512046, ""gsm8k"": 7.6144783973694175, ""physics"": -7.825604152679411}",physics,continuous_primal_dual_psd,6,17.238055739160004,17.23805573915837,1.6342482922482304e-12,"[0.9999999999998521, 1.4777068457758647e-13, 0.0]",primal=Optimization terminated successfully; dual=outer=Optimization terminated successfully; inner=Optimization terminated successfully,1,-308.56725167310503,308.5672516731051,,tiny12_ties_20260503_contcert1,tiny12
ties,triple,physics+brainstorming+textsql,7.7065617561340405,6.747296524047819,0,"[0.2, 0.20000000000000215, 0.5999999999999979]","[0.2, 0.6, 0.2]",4.649758338928223,"{""brainstorming"": -3.960874748229948, ""physics"": -6.747296524047819, ""textsql"": -0.6965479490871396}",physics,continuous_primal_dual_psd,6,7.7065617561340405,7.7065617561339055,1.3500311979441904e-13,"[0.0, 0.99999999999998, 1.9872992140789904e-14]",primal=Optimization terminated successfully; dual=outer=Optimization terminated successfully; inner=Optimization terminated successfully,1,-62.58653910125459,69.916081568067,,tiny12_ties_20260503_contcert1,tiny12
ties,triple,physics+company+docker,15.81274679181063,13.674476814269987,0,"[0.2, 0.20000000000000018, 0.5999999999999999]","[0.4, 0.2, 0.4]",4.753267765045166,"{""company"": -12.09327287673947, ""docker"": 1.7404764175415366, ""physics"": -13.674476814269987}",physics,continuous_primal_dual_psd,6,15.81274679181063,15.81274679181063,0.0,"[0.0, 0.0, 1.0]",primal=Optimization terminated successfully; dual=outer=Optimization terminated successfully; inner=Optimization terminated successfully,1,-142.08982083222236,142.50868772717803,,tiny12_ties_20260503_contcert1,tiny12
ties,triple,physics+company+gsm8k,23.00187654495236,25.458458137512174,0,"[0.2, 0.2, 0.6]","[0.2, 0.6, 0.2]",3.459310531616211,"{""company"": -16.513565254211393, ""gsm8k"": 22.18324832916263, ""physics"": -25.458458137512174}",physics,continuous_primal_dual_psd,6,23.00187654495236,23.001876544951944,4.156675004196586e-13,"[0.999999999999835, 1.6503465261050228e-13, 0.0]",primal=Optimization terminated successfully; dual=outer=Optimization terminated successfully; inner=Optimization terminated successfully,1,-188.42654548854642,188.42654548854642,,tiny12_ties_20260503_contcert1,tiny12
ties,triple,physics+company+textsql,6.117312474308878,13.976410102844206,0,"[0.2, 0.2, 0.6]","[0.2, 0.2, 0.6]",0.0,"{""company"": -6.21878213882443, ""physics"": -13.976410102844206, ""textsql"": -0.48940533718449586}",physics,continuous_primal_dual_psd,6,6.117312474308878,6.117312474308878,0.0,"[0.0, 1.0, 0.0]",primal=Optimization terminated successfully; dual=outer=Optimization terminated successfully; inner=Optimization terminated successfully,1,-225.22091635870444,225.22091635870444,,tiny12_ties_20260503_contcert1,tiny12
ties,triple,physics+creative+company,18.04532294948365,8.817687702178922,0,"[0.2, 0.2000000000003128, 0.5999999999996872]","[0.2, 0.6, 0.2]",9.506547451019287,"{""company"": -0.8630425453185708, ""creative"": -1.0240704536437661, ""physics"": -8.817687702178922}",physics,continuous_primal_dual_psd,6,18.04532294948365,18.04532294948365,0.0,"[1.0, 0.0, 0.0]",primal=Optimization terminated successfully; dual=outer=Optimization terminated successfully; inner=Optimization terminated successfully,1,-263.0154400370278,263.0154400370278,,tiny12_ties_20260503_contcert1,tiny12
ties,triple,physics+creative+docker,13.442256029423344,10.310092639923063,0,"[0.2, 0.5182957570513469, 0.28170424294865315]","[0.2, 0.6, 0.2]",0.0,"{""creative"": -4.217293930053678, ""docker"": -4.450014305114713, ""physics"": -10.310092639923063}",physics,continuous_primal_dual_psd,6,13.442256029423344,13.442256029423328,1.5987211554602254e-14,"[0.18034783440306623, 0.8196521655969295, 4.177286204255165e-15]",primal=Optimization terminated successfully; dual=outer=Optimization terminated successfully; inner=Optimization terminated successfully,1,-123.2842203802089,124.60353311896816,,tiny12_ties_20260503_contcert1,tiny12
ties,triple,physics+creative+gsm8k,26.78358263969419,11.293533515930143,0,"[0.2, 0.2, 0.6]","[0.2, 0.6, 0.2]",13.069355487823486,"{""creative"": -0.7595331192016275, ""gsm8k"": 9.887203502655062, ""physics"": -11.293533515930143}",physics,continuous_primal_dual_psd,6,26.78358263969419,26.783582639693385,8.029132914089132e-13,"[0.9999999999999243, 7.566169912819869e-14, 0.0]",primal=Optimization terminated successfully; dual=outer=Optimization terminated successfully; inner=Optimization terminated successfully,1,-316.39601325119963,321.84101216000204,,tiny12_ties_20260503_contcert1,tiny12
ties,triple,physics+creative+textsql,-0.07249373311622032,3.2793910026549966,0,"[0.2, 0.45111163549048244, 0.34888836450951755]","[0.2, 0.6, 0.2]",0.7850170135498047,"{""creative"": 4.728707599639925, ""physics"": -3.2793910026549966, ""textsql"": -0.5163098649210709}",physics,continuous_primal_dual_psd,6,-0.07249373311622032,-0.07249373311622032,0.0,"[0.0, 0.0, 1.0]",primal=Optimization terminated successfully; dual=outer=Optimization terminated successfully; inner=Optimization terminated successfully,1,-47.064884987091745,47.06488498709174,,tiny12_ties_20260503_contcert1,tiny12
ties,triple,physics+docker+gsm8k,18.709511616483674,23.077502918243376,0,"[0.2, 0.506868225762011, 0.2931317742379891]","[0.2, 0.6, 0.2]",0.0,"{""docker"": 0.4904597282409995, ""gsm8k"": -5.099764537811247, ""physics"": -23.077502918243376}",physics,continuous_primal_dual_psd,6,18.709511616483674,18.709511616483674,0.0,"[0.0, 1.0, 0.0]",primal=Optimization terminated successfully; dual=outer=Optimization terminated successfully; inner=Optimization terminated successfully,1,-186.92896973222864,186.92896973222864,,tiny12_ties_20260503_contcert1,tiny12
ties,triple,physics+docker+textsql,10.063378137110629,11.397054862976042,0,"[0.26202158427584016, 0.20000000000001156, 0.5379784157241483]","[0.4, 0.2, 0.4]",2.2774219512939453,"{""docker"": 0.49047164916995456, ""physics"": -11.397054862976042, ""textsql"": -0.43797703645145114}",physics,continuous_primal_dual_psd,6,10.063378137110629,10.063378137110629,0.0,"[0.0, 1.0, 0.0]",primal=Optimization terminated successfully; dual=outer=Optimization terminated successfully; inner=Optimization terminated successfully,1,-120.18039041371404,120.18039041371404,,tiny12_ties_20260503_contcert1,tiny12
ties,triple,physics+empathy+brainstorming,3.2042980601082363,6.460860443115202,0,"[0.3644071128033364, 0.20000000000000706, 0.43559288719665656]","[0.2, 0.2, 0.6]",1.0211467742919922,"{""brainstorming"": -6.460860443115202, ""empathy"": -0.5968235343084711, ""physics"": -3.2794029235839517}",brainstorming,continuous_primal_dual_psd,6,3.2042980601082363,3.204298060108236,4.440892098500626e-16,"[5.551115123125781e-16, 0.0, 0.9999999999999996]",primal=Optimization terminated successfully; dual=outer=Optimization terminated successfully; inner=Optimization terminated successfully,1,-63.77442534990554,63.774425349905535,,tiny12_ties_20260503_contcert1,tiny12
ties,triple,physics+empathy+company,22.213136859207356,9.904649925231901,0,"[0.2, 0.2, 0.6]","[0.2, 0.6, 0.2]",7.229101657867432,"{""company"": -0.794711780548063, ""empathy"": -0.5400768324077635, ""physics"": -9.904649925231901}",physics,continuous_primal_dual_psd,6,22.213136859207356,22.213136859207356,0.0,"[1.0, 0.0, 0.0]",primal=Optimization terminated successfully; dual=outer=Optimization terminated successfully; inner=Optimization terminated successfully,1,-401.5162585524738,401.51625855247374,,tiny12_ties_20260503_contcert1,tiny12
ties,triple,physics+empathy+creative,0.9218363183657045,2.977445793151823,0,"[0.2, 0.2, 0.6]","[0.2, 0.4, 0.4]",2.579379081726074,"{""creative"": 5.919179248809847, ""empathy"": -0.49636223876671676, ""physics"": -2.977445793151823}",physics,continuous_primal_dual_psd,6,0.9218363183657045,0.9218363183657045,0.0,"[0.0, 1.0, 0.0]",primal=Optimization terminated successfully; dual=outer=Optimization terminated successfully; inner=Optimization terminated successfully,1,-6.012297818259551,6.012297818259551,,tiny12_ties_20260503_contcert1,tiny12
ties,triple,physics+empathy+docker,8.191838932036916,7.929149341583219,0,"[0.2, 0.6000000000000208, 0.19999999999997908]","[0.2, 0.6, 0.2]",0.0,"{""docker"": 2.9904692649841635, ""empathy"": -0.7953032692738584, ""physics"": -7.929149341583219}",physics,continuous_primal_dual_psd,6,8.191838932036916,8.191838932036916,0.0,"[0.0, 0.0, 1.0]",primal=Optimization terminated successfully; dual=outer=Optimization terminated successfully; inner=Optimization terminated successfully,1,-135.44221265566426,135.44221265566426,,tiny12_ties_20260503_contcert1,tiny12
ties,triple,physics+empathy+gsm8k,7.847935805023253,11.491945457458463,0,"[0.20000000000001067, 0.3912525369870939, 0.40874746301289544]","[0.2, 0.6, 0.2]",4.554855823516846,"{""empathy"": -0.7464297637908265, ""gsm8k"": 3.2027214050293296, ""physics"": -11.491945457458463}",physics,continuous_primal_dual_psd,6,7.847935805023253,7.847935805022346,9.068301665138279e-13,"[0.44213193232875864, 1.474290757664248e-14, 0.5578680676712265]",primal=Optimization terminated successfully; dual=outer=Optimization terminated successfully; inner=Optimization terminated successfully,1,-211.7168445553567,211.71684455535666,,tiny12_ties_20260503_contcert1,tiny12
ties,triple,physics+empathy+textsql,5.649428351364815,10.206571292877165,0,"[0.2, 0.2, 0.6]","[0.2, 0.6, 0.2]",1.3888955116271973,"{""empathy"": -0.49636223876671676, ""physics"": -10.206571292877165, ""textsql"": -0.5791673529770964}",physics,continuous_primal_dual_psd,6,5.649428351364815,5.649428351364815,0.0,"[1.0, 0.0, 0.0]",primal=Optimization terminated successfully; dual=outer=Optimization terminated successfully; inner=Optimization terminated successfully,1,-286.1602886429767,286.1602886429767,,tiny12_ties_20260503_contcert1,tiny12
ties,triple,physics+gsm8k+textsql,9.266631708747628,17.34079427719113,0,"[0.2, 0.2, 0.6]","[0.2, 0.2, 0.6]",0.0,"{""gsm8k"": 11.313232707977328, ""physics"": -17.34079427719113, ""textsql"": -0.7594050025402553}",physics,continuous_primal_dual_psd,6,9.266631708747628,9.266631708747628,0.0,"[1.0, 0.0, 0.0]",primal=Optimization terminated successfully; dual=outer=Optimization terminated successfully; inner=Optimization terminated successfully,1,-219.71070597055115,219.71070597055115,,tiny12_ties_20260503_contcert1,tiny12
