method,query_kind,adapters,predicted_score,heldout_score,feasible,predicted_weights,heldout_weights,coefficient_regret,margins,obstructing_tasks,certificate_type,grid_points,primal_upper,dual_lower,certificate_gap,dual_weights,certificate_message,psd_projected,quadratic_min_eigenvalue,quadratic_psd_adjustment,unprojected_jet_max,error
linear,pair,lhong4759_f68c5c87_934d_4399_b+tuanna08go_6af2bb68_a65f_4331,2.5115478754043226,9.890714359283415,0,"[0.2, 0.8]","[0.2, 0.8]",0.0,"{""lhong4759_f68c5c87_934d_4399_b"": -9.890714359283415, ""tuanna08go_6af2bb68_a65f_4331"": -0.45555504692925475}",lhong4759_f68c5c87_934d_4399_b,continuous_primal_dual_psd,4,2.5115478754043226,2.5115478754043226,0.0,"[1.0, 0.0]",primal=Optimization terminated successfully; dual=outer=Optimization terminated successfully; inner=Optimization terminated successfully,1,-40.30078649520876,40.30078649520876,2.5115478754043226,
linear,pair,versil91_e9f26c47_9b78_4e3f_81+cunghoctienganh_b7496e73_1762,0.04339619653855742,0.16154198281090001,0,"[0.8, 0.19999999999999996]","[0.8, 0.2]",0.0,"{""cunghoctienganh_b7496e73_1762"": 1.2696950912475913, ""versil91_e9f26c47_9b78_4e3f_81"": -0.16154198281090001}",versil91_e9f26c47_9b78_4e3f_81,continuous_primal_dual_psd,4,0.04339619653855742,0.04339619653855742,0.0,"[1.0, 0.0]",primal=Optimization terminated successfully; dual=outer=Optimization terminated successfully; inner=Optimization terminated successfully,0,34.433884771903166,0.0,0.043396196538559195,
linear,pair,chauhoang_2aa4f343_5524_f86e_b+mrhungddddh_911f6275_22fd_4f41,29.049274853985114,32.26250715255734,0,"[0.23631663227502586, 0.7636833677249741]","[0.6, 0.4]",18.020832538604736,"{""chauhoang_2aa4f343_5524_f86e_b"": -25.772109699249235, ""mrhungddddh_911f6275_22fd_4f41"": -32.26250715255734}",mrhungddddh_911f6275_22fd_4f41,continuous_primal_dual_psd,4,29.049274853985114,29.049274853985118,0.0,"[0.9999999999999998, 3.3306690738754696e-16]",primal=Optimization terminated successfully; dual=outer=Optimization terminated successfully; inner=Optimization terminated successfully,0,64.5214319229126,0.0,29.049274853985114,
linear,pair,versil91_01a5620a_fb5f_4bab_94+mrhungddddh_9b1deaac_4565_48f2,-0.7152479171753896,2.937726176115802,0,"[0.7999999999999993, 0.20000000000000073]","[0.8, 0.2]",0.0,"{""mrhungddddh_9b1deaac_4565_48f2"": 4.035577106475863, ""versil91_01a5620a_fb5f_4bab_94"": -2.937726176115802}",versil91_01a5620a_fb5f_4bab_94,continuous_primal_dual_psd,4,-0.7152479171753896,-0.7152479171753896,0.0,"[2.7755575615628914e-17, 1.0]",primal=Optimization terminated successfully; dual=outer=Optimization terminated successfully; inner=Optimization terminated successfully,0,80.06781417215676,0.0,-0.7152479171753896,
linear,pair,tuanna08go_c1cf0152_7ae6_43b6+phungkhaccuong_a992b7f5_9d18_c,4.722594690322849,2.438059520721403,0,"[0.8, 0.19999999999999996]","[0.8, 0.2]",0.0,"{""phungkhaccuong_a992b7f5_9d18_c"": -2.1583468437194497, ""tuanna08go_c1cf0152_7ae6_43b6"": -2.438059520721403}",tuanna08go_c1cf0152_7ae6_43b6,continuous_primal_dual_psd,4,4.722594690322849,4.722594690322849,0.0,"[0.0, 1.0]",primal=Optimization terminated successfully; dual=outer=Optimization terminated successfully; inner=Optimization terminated successfully,0,16.926974058151224,0.0,4.72259469032285,
linear,pair,thaffggg_8a78a9b2_d3fa_4615_b8+cunghoctienganh_c1cf0152_7ae6,9.346034598350473,4.762497615814176,0,"[0.2, 0.8]","[0.2, 0.8]",0.0,"{""cunghoctienganh_c1cf0152_7ae6"": -0.5958349227904947, ""thaffggg_8a78a9b2_d3fa_4615_b8"": -4.762497615814176}",thaffggg_8a78a9b2_d3fa_4615_b8,continuous_primal_dual_psd,4,9.346034598350473,9.346034598350473,0.0,"[1.3877787807814457e-16, 0.9999999999999999]",primal=Optimization terminated successfully; dual=outer=Optimization terminated successfully; inner=Optimization terminated successfully,0,224.69595074653597,0.0,9.346034598350474,
linear,pair,nhoxinh_0c66c9c5_5cc2_46a8_9db+mrhunghddddd_d692685b_fdb4_477,66.70961568222361,55.491676998138395,0,"[0.2641859977109149, 0.7358140022890851]","[0.6, 0.4]",10.30448675155639,"{""mrhunghddddd_d692685b_fdb4_477"": -55.491676998138395, ""nhoxinh_0c66c9c5_5cc2_46a8_9db"": -54.474058818817106}",mrhunghddddd_d692685b_fdb4_477,continuous_primal_dual_psd,4,66.70961568222361,66.70961568222346,1.5631940186722204e-13,"[0.18508284697804314, 0.8149171530219569]",primal=Optimization terminated successfully; dual=outer=Optimization terminated successfully; inner=Optimization terminated successfully,0,21.90738916397062,0.0,66.70961568222361,
linear,pair,nhung02_db2c9545_4607_487b_9cc+adammandic87_f28f18cf_4abb_4db,30.569797825813247,15.785232257842985,0,"[0.2, 0.8]","[0.2, 0.8]",0.0,"{""adammandic87_f28f18cf_4abb_4db"": -4.142609310150114, ""nhung02_db2c9545_4607_487b_9cc"": -15.785232257842985}",nhung02_db2c9545_4607_487b_9cc,continuous_primal_dual_psd,4,30.569797825813247,30.569797825813247,0.0,"[0.0, 1.0]",primal=Optimization terminated successfully; dual=outer=Optimization terminated successfully; inner=Optimization terminated successfully,0,11.71857118606562,0.0,30.56979782581325,
linear,pair,nbninh_a1f78795_1b61_4923_9235+datlaaaaaaa_0dbe42c8_b07b_4785,54.41024489402773,78.17157812118526,0,"[0.8, 0.19999999999999996]","[0.6, 0.4]",7.613623142242432,"{""datlaaaaaaa_0dbe42c8_b07b_4785"": -51.9820482254028, ""nbninh_a1f78795_1b61_4923_9235"": -78.17157812118526}",nbninh_a1f78795_1b61_4923_9235,continuous_primal_dual_psd,4,54.41024489402773,54.41024489402773,0.0,"[0.0, 1.0]",primal=Optimization terminated successfully; dual=outer=Optimization terminated successfully; inner=Optimization terminated successfully,0,38.161128759384184,0.0,54.41024489402773,
linear,pair,duyphu_7aba420b_74ac_4209_b514+chauhoang_4909ad74_a335_4972_9,45.12145917305184,43.87454099655148,0,"[0.6865345198733336, 0.3134654801266664]","[0.4, 0.6]",3.4127116203308105,"{""chauhoang_4909ad74_a335_4972_9"": -11.777368259429899, ""duyphu_7aba420b_74ac_4209_b514"": -43.87454099655148}",duyphu_7aba420b_74ac_4209_b514,continuous_primal_dual_psd,4,45.12145917305184,45.12145917305184,0.0,"[0.0, 1.0]",primal=Optimization terminated successfully; dual=outer=Optimization terminated successfully; inner=Optimization terminated successfully,0,108.07245969772316,0.0,45.121459173051846,
linear,pair,laquythang_8444c3be_8779_4769+duyphu_4909ad74_a335_4972_9ed8,65.34166374044305,62.68353767395016,0,"[0.22011879638798243, 0.7798812036120175]","[0.2, 0.8]",0.0,"{""duyphu_4909ad74_a335_4972_9ed8"": -62.68353767395016, ""laquythang_8444c3be_8779_4769"": -47.26250476837155}",duyphu_4909ad74_a335_4972_9ed8,continuous_primal_dual_psd,4,65.34166374044305,65.34166374042951,1.354294454358751e-11,"[0.4237540240744375, 0.5762459759255625]",primal=Optimization terminated successfully; dual=outer=Optimization terminated successfully; inner=Optimization terminated successfully,1,-33.854544162750585,33.854544162750585,65.34166374044305,
linear,pair,nbninh_c4ae10ba_efe4_401e_8dd7+nblinh63_0eb73af3_0631_437a_ad,9.60626311302179,7.583740425109831,0,"[0.8, 0.19999999999999996]","[0.6, 0.4]",2.902841567993164,"{""nblinh63_0eb73af3_0631_437a_ad"": 7.720002460479769, ""nbninh_c4ae10ba_efe4_401e_8dd7"": -7.583740425109831}",nbninh_c4ae10ba_efe4_401e_8dd7,continuous_primal_dual_psd,4,9.60626311302179,9.60626311302179,0.0,"[0.0, 1.0]",primal=Optimization terminated successfully; dual=outer=Optimization terminated successfully; inner=Optimization terminated successfully,0,7.758596876159211,0.0,9.606263113021793,
linear,pair,nbninh_0d8b128b_8753_46c3_b80f+thaffggg_8c87f3d3_d4bb_475a_a8,53.554665217471694,23.95465679168698,0,"[0.5668600992399655, 0.4331399007600345]","[0.8, 0.2]",6.7672014236450195,"{""nbninh_0d8b128b_8753_46c3_b80f"": -9.393921566009489, ""thaffggg_8c87f3d3_d4bb_475a_a8"": -23.95465679168698}",thaffggg_8c87f3d3_d4bb_475a_a8,continuous_primal_dual_psd,4,53.554665217471694,53.554665217471694,0.0,"[1.0, 0.0]",primal=Optimization terminated successfully; dual=outer=Optimization terminated successfully; inner=Optimization terminated successfully,0,93.75005960464476,0.0,53.554665217471694,
linear,pair,nhoxinh_9214fc0d_4490_4bdd_9ff+mrhunghd_9e58333c_df22_4a00_9c,59.89820483819524,49.03334684371945,0,"[0.26731416825780413, 0.7326858317421958]","[0.2, 0.8]",0.0,"{""mrhunghd_9e58333c_df22_4a00_9c"": -49.03334684371945, ""nhoxinh_9214fc0d_4490_4bdd_9ff"": -45.16167945861813}",mrhunghd_9e58333c_df22_4a00_9c,continuous_primal_dual_psd,4,59.89820483819524,59.898204838193195,2.0463630789890885e-12,"[0.3014813226910669, 0.6985186773089331]",primal=Optimization terminated successfully; dual=outer=Optimization terminated successfully; inner=Optimization terminated successfully,0,88.96052837371826,0.0,59.89820483819524,
linear,pair,taronklm_trained_model+mrhungddddh_fe499423_02f3_4cfd,-2.2399755859229913,-0.8199671819047963,1,"[0.5517678815512987, 0.44823211844870126]","[0.8, 0.2]",0.15856589781479724,"{""mrhungddddh_fe499423_02f3_4cfd"": 28.15415554046634, ""taronklm_trained_model"": 0.8199671819047963}",taronklm_trained_model,continuous_primal_dual_psd,4,-2.2399755859229913,-2.2399755859229913,0.0,"[1.0, 0.0]",primal=Optimization terminated successfully; dual=outer=Optimization terminated successfully; inner=Optimization terminated successfully,0,726.3256609439851,0.0,-2.2399755859230197,
linear,pair,tuanna08go_7647f014_8af3_4266+hongngo_687b8c72_c89b_4cb7_b7c,0.06239683178467814,0.47272748947140286,0,"[0.7999999999999983, 0.20000000000000173]","[0.8, 0.2]",0.0,"{""hongngo_687b8c72_c89b_4cb7_b7c"": -0.47272748947140286, ""tuanna08go_7647f014_8af3_4266"": -0.1102752202833787}",hongngo_687b8c72_c89b_4cb7_b7c,continuous_primal_dual_psd,4,0.06239683178467814,0.06239683178467814,0.0,"[1.0, 0.0]",primal=Optimization terminated successfully; dual=outer=Optimization terminated successfully; inner=Optimization terminated successfully,0,4.132231942340709,0.0,0.062396831784678364,
linear,pair,laquythang_efe15045_778f_4dfa+versil91_63cd5c4a_5a68_4c25_bd,-1.708980399135017,0.24838471505939133,0,"[0.297014144584335, 0.7029858554156649]","[0.2, 0.8]",0.0,"{""laquythang_efe15045_778f_4dfa"": 0.4079549789429038, ""versil91_63cd5c4a_5a68_4c25_bd"": -0.24838471505939133}",versil91_63cd5c4a_5a68_4c25_bd,continuous_primal_dual_psd,4,-1.708980399135017,-1.708980399135017,0.0,"[0.0, 1.0]",primal=Optimization terminated successfully; dual=outer=Optimization terminated successfully; inner=Optimization terminated successfully,0,62.495321926318475,0.0,-1.7089803991350172,
linear,pair,cunghoctienganh_4909ad74_a335+nhoxinh_2f944a50_cbd3_4334_af8,22.359296644163184,20.11435337066647,0,"[0.3923916629498488, 0.6076083370501513]","[0.2, 0.8]",0.5485057830810547,"{""cunghoctienganh_4909ad74_a335"": -18.616655540466276, ""nhoxinh_2f944a50_cbd3_4334_af8"": -20.11435337066647}",nhoxinh_2f944a50_cbd3_4334_af8,continuous_primal_dual_psd,4,22.359296644163184,22.35929664416247,7.140954494389007e-13,"[0.8638966891715076, 0.13610331082849247]",primal=Optimization terminated successfully; dual=outer=Optimization terminated successfully; inner=Optimization terminated successfully,0,158.58069062232974,0.0,22.35929664416318,
linear,pair,datlaaaaaaa_cc1f8701_0976_4f48+versil91_121ef6e9_0ded_4fc3_8c,13.097381067275949,7.05416507720944,0,"[0.2, 0.8]","[0.2, 0.8]",0.0,"{""datlaaaaaaa_cc1f8701_0976_4f48"": -7.05416507720944, ""versil91_121ef6e9_0ded_4fc3_8c"": -6.84584684371945}",datlaaaaaaa_cc1f8701_0976_4f48,continuous_primal_dual_psd,4,13.097381067275949,13.097381067275949,0.0,"[1.0, 0.0]",primal=Optimization terminated successfully; dual=outer=Optimization terminated successfully; inner=Optimization terminated successfully,0,27.523272517861646,0.0,13.097381067275949,
linear,pair,adammandic87_3d7a58a6_4380_4e3+phungkhaccuong_731c6dec_a942_4,-0.07760529389254622,-1.2515749052607419,1,"[0.6354114842873035, 0.36458851571269646]","[0.6, 0.4]",0.0,"{""adammandic87_3d7a58a6_4380_4e3"": 1.2515749052607419, ""phungkhaccuong_731c6dec_a942_4"": 5.029162693023714}",adammandic87_3d7a58a6_4380_4e3,continuous_primal_dual_psd,4,-0.07760529389254622,-0.07760529389291228,3.6605440900672193e-13,"[0.8302047339263661, 0.16979526607363388]",primal=Optimization terminated successfully; dual=outer=Optimization terminated successfully; inner=Optimization terminated successfully,1,-1.464996436126183,1.464996436126183,-0.07760529389254624,
linear,pair,duyphu_0112d9da_9934_4614_b233+denbeo_d9ae91c0_fed9_4fb4_8ddd,84.4669122219087,51.36435337066647,0,"[0.8, 0.19999999999999996]","[0.6, 0.4]",0.5914807319641113,"{""denbeo_d9ae91c0_fed9_4fb4_8ddd"": -46.07659883499142, ""duyphu_0112d9da_9934_4614_b233"": -51.36435337066647}",duyphu_0112d9da_9934_4614_b233,continuous_primal_dual_psd,4,84.4669122219087,84.4669122219087,0.0,"[0.0, 1.0]",primal=Optimization terminated successfully; dual=outer=Optimization terminated successfully; inner=Optimization terminated successfully,1,-25.567710399628027,25.567710399628027,76.28524489402773,
linear,pair,phungkhaccuong_2b1522e6_bef2_7+nhung03_7b6cdc3c_7130_4c2c_a2c,31.331421804428068,35.89231081008908,0,"[0.8, 0.19999999999999996]","[0.6, 0.4]",4.270839691162109,"{""nhung03_7b6cdc3c_7130_4c2c_a2c"": -35.89231081008908, ""phungkhaccuong_2b1522e6_bef2_7"": -20.35907812118527}",nhung03_7b6cdc3c_7130_4c2c_a2c,continuous_primal_dual_psd,4,31.331421804428068,31.331421804428068,0.0,"[1.0, 0.0]",primal=Optimization terminated successfully; dual=outer=Optimization terminated successfully; inner=Optimization terminated successfully,0,27.24349498748755,0.0,31.331421804428068,
linear,pair,hongngo_7e251dfc_e0f7_4f73_aae+nhung02_08157847_d833_4d45_90f,74.10962169295483,58.94809074401852,0,"[0.40779613870245357, 0.5922038612975464]","[0.8, 0.2]",11.657226085662835,"{""hongngo_7e251dfc_e0f7_4f73_aae"": -58.94809074401852, ""nhung02_08157847_d833_4d45_90f"": -35.467639636993376}",hongngo_7e251dfc_e0f7_4f73_aae,continuous_primal_dual_psd,4,74.10962169295483,74.1096215829507,1.1000413735473558e-07,"[0.6092690287585872, 0.39073097124141276]",primal=Positive directional derivative for linesearch; dual=outer=Optimization terminated successfully; inner=Optimization terminated successfully,1,-105.6693494319916,105.6693494319916,74.10962169295483,
linear,pair,versil91_8444c3be_8779_4769_a0+datlaaaaaaa_e8cccbe1_c136_409a,1.6365564584731676,10.27386493682858,0,"[0.8, 0.19999999999999996]","[0.8, 0.2]",0.0,"{""datlaaaaaaa_e8cccbe1_c136_409a"": -10.27386493682858, ""versil91_8444c3be_8779_4769_a0"": -1.4187478765901094}",datlaaaaaaa_e8cccbe1_c136_409a,continuous_primal_dual_psd,4,1.6365564584731676,1.6365564584731676,0.0,"[1.0, 0.0]",primal=Optimization terminated successfully; dual=outer=Optimization terminated successfully; inner=Optimization terminated successfully,0,19.90452408790582,0.0,1.6365564584731676,
linear,pair,hongngo_9d92894f_7b7b_49e0_8f3+versil91_474890ea_012d_4a25_96,11.996871900558807,4.878570290001397,0,"[0.20000000000000648, 0.7999999999999935]","[0.2, 0.8]",0.0,"{""hongngo_9d92894f_7b7b_49e0_8f3"": -0.6388337135314615, ""versil91_474890ea_012d_4a25_96"": -4.878570290001397}",versil91_474890ea_012d_4a25_96,continuous_primal_dual_psd,4,11.996871900558807,11.996871900558807,0.0,"[1.0, 0.0]",primal=Optimization terminated successfully; dual=outer=Optimization terminated successfully; inner=Optimization terminated successfully,0,75.28424263000481,0.0,11.996871900558808,
linear,pair,lhong4759_f68c5c87_934d_4399_b+cunghoctienganh_4909ad74_a335,63.649546536985135,42.57500476837155,0,"[0.2924721911399941, 0.7075278088600059]","[0.6, 0.4]",14.999997615814209,"{""cunghoctienganh_4909ad74_a335"": -42.57500476837155, ""lhong4759_f68c5c87_934d_4399_b"": -38.61667222976681}",cunghoctienganh_4909ad74_a335,continuous_primal_dual_psd,4,63.649546536985135,63.649546536978534,6.600942015211331e-12,"[0.3773529470301343, 0.6226470529698657]",primal=Optimization terminated successfully; dual=outer=Optimization terminated successfully; inner=Optimization terminated successfully,1,-139.28636908531212,139.28636908531212,63.649546536985135,
linear,pair,tuanna08go_6af2bb68_a65f_4331+nbninh_0d8b128b_8753_46c3_b80f,21.039154005051074,0.32962934705946306,0,"[0.7999999999999944, 0.20000000000000562]","[0.8, 0.2]",0.0,"{""nbninh_0d8b128b_8753_46c3_b80f"": 3.178188133239779, ""tuanna08go_6af2bb68_a65f_4331"": -0.32962934705946306}",tuanna08go_6af2bb68_a65f_4331,continuous_primal_dual_psd,4,21.039154005051074,21.039154005051074,0.0,"[0.0, 1.0]",primal=Optimization terminated successfully; dual=outer=Optimization terminated successfully; inner=Optimization terminated successfully,1,-54.45122718811038,54.45122718811038,3.614761304855996,
linear,pair,versil91_01a5620a_fb5f_4bab_94+denbeo_d9ae91c0_fed9_4fb4_8ddd,50.16773886680606,4.301362082830719,0,"[0.8, 0.19999999999999996]","[0.8, 0.2]",0.0,"{""denbeo_d9ae91c0_fed9_4fb4_8ddd"": -0.5718023300170572, ""versil91_01a5620a_fb5f_4bab_94"": -4.301362082830719}",versil91_01a5620a_fb5f_4bab_94,continuous_primal_dual_psd,4,50.16773886680606,50.16773886680606,0.0,"[0.0, 1.0]",primal=Optimization terminated successfully; dual=outer=Optimization terminated successfully; inner=Optimization terminated successfully,1,-120.26488780975362,120.26488780975362,11.682974767684897,
linear,pair,phungkhaccuong_a992b7f5_9d18_c+datlaaaaaaa_0dbe42c8_b07b_4785,41.8283467732459,23.82500476837155,0,"[0.6986546583331728, 0.30134534166682725]","[0.8, 0.2]",9.79166030883789,"{""datlaaaaaaa_0dbe42c8_b07b_4785"": -23.736873340606657, ""phungkhaccuong_a992b7f5_9d18_c"": -23.82500476837155}",phungkhaccuong_a992b7f5_9d18_c,continuous_primal_dual_psd,4,41.8283467732459,41.8283467732459,0.0,"[1.0, 5.551115123125783e-17]",primal=Optimization terminated successfully; dual=outer=Optimization terminated successfully; inner=Optimization terminated successfully,0,153.4093916416168,0.0,41.82834677324589,
linear,pair,versil91_e9f26c47_9b78_4e3f_81+tuanna08go_7647f014_8af3_4266,-0.33576345392728657,-0.6188978000511058,1,"[0.3031582035554726, 0.6968417964445274]","[0.6, 0.4]",0.10102243516903797,"{""tuanna08go_7647f014_8af3_4266"": 0.6188978000511058, ""versil91_e9f26c47_9b78_4e3f_81"": 2.050008583101598}",tuanna08go_7647f014_8af3_4266,continuous_primal_dual_psd,4,-0.33576345392728657,-0.33576345392728657,0.0,"[0.0, 1.0]",primal=Optimization terminated successfully; dual=outer=Optimization terminated successfully; inner=Optimization terminated successfully,0,3.9256235963849915,0.0,-0.3357634539272866,
linear,pair,duyphu_4909ad74_a335_4972_9ed8+mrhungddddh_9b1deaac_4565_48f2,20.17913692379659,23.98161001205441,0,"[0.5123664842886887, 0.4876335157113113]","[0.6, 0.4]",0.0,"{""duyphu_4909ad74_a335_4972_9ed8"": -23.98161001205441, ""mrhungddddh_9b1deaac_4565_48f2"": -13.512495231628385}",duyphu_4909ad74_a335_4972_9ed8,continuous_primal_dual_psd,4,20.17913692379659,20.17913692379659,0.0,"[0.0, 1.0]",primal=Optimization terminated successfully; dual=outer=Optimization terminated successfully; inner=Optimization terminated successfully,0,248.10582399368286,0.0,20.17913692379659,
linear,pair,thaffggg_8c87f3d3_d4bb_475a_a8+nhung02_08157847_d833_4d45_90f,65.24829454421995,47.455528450012174,0,"[0.2, 0.8]","[0.4, 0.6]",14.310193061828613,"{""nhung02_08157847_d833_4d45_90f"": -46.18077583312985, ""thaffggg_8c87f3d3_d4bb_475a_a8"": -47.455528450012174}",thaffggg_8c87f3d3_d4bb_475a_a8,continuous_primal_dual_psd,4,65.24829454421995,65.24829454421995,0.0,"[1.6653345369377348e-16, 0.9999999999999998]",primal=Optimization terminated successfully; dual=outer=Optimization terminated successfully; inner=Optimization terminated successfully,1,-515.7433450222015,515.7433450222015,62.88749463558194,
linear,pair,taronklm_trained_model+duyphu_7aba420b_74ac_4209_b514,-19.585700773963374,-0.6878809532331494,1,"[0.3589582779503736, 0.6410417220496264]","[0.6, 0.4]",0.09053098672447968,"{""duyphu_7aba420b_74ac_4209_b514"": 28.15525226593021, ""taronklm_trained_model"": 0.6878809532331494}",taronklm_trained_model,continuous_primal_dual_psd,4,-19.585700773963374,-19.585700773963374,0.0,"[1.0, 0.0]",primal=Optimization terminated successfully; dual=outer=Optimization terminated successfully; inner=Optimization terminated successfully,0,500.00011920928955,0.0,-19.585700773963378,
linear,pair,datlaaaaaaa_cc1f8701_0976_4f48+nbninh_c4ae10ba_efe4_401e_8dd7,10.239663791656433,21.671727371215788,0,"[0.2, 0.8]","[0.2, 0.8]",0.0,"{""datlaaaaaaa_cc1f8701_0976_4f48"": 0.3416626930237143, ""nbninh_c4ae10ba_efe4_401e_8dd7"": -21.671727371215788}",nbninh_c4ae10ba_efe4_401e_8dd7,continuous_primal_dual_psd,4,10.239663791656433,10.239663791656433,0.0,"[1.0, 0.0]",primal=Optimization terminated successfully; dual=outer=Optimization terminated successfully; inner=Optimization terminated successfully,0,16.810313784993244,0.0,10.239663791656433,
linear,pair,mrhungddddh_911f6275_22fd_4f41+mrhunghddddd_d692685b_fdb4_477,25.287569874806422,15.491667461395231,0,"[0.6216730223667791, 0.3783269776332209]","[0.6, 0.4]",0.0,"{""mrhungddddh_911f6275_22fd_4f41"": -15.491667461395231, ""mrhunghddddd_d692685b_fdb4_477"": -7.887509536743131}",mrhungddddh_911f6275_22fd_4f41,continuous_primal_dual_psd,4,25.287569874806422,25.287569874806422,0.0,"[0.0, 1.0]",primal=Optimization terminated successfully; dual=outer=Optimization terminated successfully; inner=Optimization terminated successfully,0,84.23462510108956,0.0,25.287569874806422,
linear,pair,laquythang_8444c3be_8779_4769+chauhoang_4909ad74_a335_4972_9,64.59583230018617,52.366676998138395,0,"[0.2, 0.8]","[0.4, 0.6]",6.354165077209473,"{""chauhoang_4909ad74_a335_4972_9"": -39.43033523559567, ""laquythang_8444c3be_8779_4769"": -52.366676998138395}",laquythang_8444c3be_8779_4769,continuous_primal_dual_psd,4,64.59583230018617,64.59583230018617,0.0,"[0.0, 1.0]",primal=Optimization terminated successfully; dual=outer=Optimization terminated successfully; inner=Optimization terminated successfully,1,-96.35388851165756,96.35388851165756,62.66875452995303,
linear,pair,chauhoang_2aa4f343_5524_f86e_b+duyphu_0112d9da_9934_4614_b233,37.90551156696667,27.44680948257443,0,"[0.41239595900471115, 0.5876040409952888]","[0.6, 0.4]",3.5416603088378906,"{""chauhoang_2aa4f343_5524_f86e_b"": -26.14070482254025, ""duyphu_0112d9da_9934_4614_b233"": -27.44680948257443}",duyphu_0112d9da_9934_4614_b233,continuous_primal_dual_psd,4,37.90551156696667,37.90551156696667,0.0,"[1.0, 0.0]",primal=Optimization terminated successfully; dual=outer=Optimization terminated successfully; inner=Optimization terminated successfully,0,42.968541383743265,0.0,37.90551156696667,
linear,pair,tuanna08go_c1cf0152_7ae6_43b6+versil91_63cd5c4a_5a68_4c25_bd,0.19315848565141214,0.4419309586128336,0,"[0.2, 0.8]","[0.4, 0.6]",0.9032342615391998,"{""tuanna08go_c1cf0152_7ae6_43b6"": 1.6717999458313315, ""versil91_63cd5c4a_5a68_4c25_bd"": -0.4419309586128336}",versil91_63cd5c4a_5a68_4c25_bd,continuous_primal_dual_psd,4,0.19315848565141214,0.19315848565141214,0.0,"[0.0, 1.0]",primal=Optimization terminated successfully; dual=outer=Optimization terminated successfully; inner=Optimization terminated successfully,1,-6.64559662280505,6.64559662280505,0.06024655319531111,
linear,pair,cunghoctienganh_b7496e73_1762+hongngo_687b8c72_c89b_4cb7_b7c,23.804172945022554,47.066548538207975,0,"[0.2, 0.8]","[0.4, 0.6]",0.650489330291748,"{""cunghoctienganh_b7496e73_1762"": -44.70568008422848, ""hongngo_687b8c72_c89b_4cb7_b7c"": -47.066548538207975}",hongngo_687b8c72_c89b_4cb7_b7c,continuous_primal_dual_psd,4,23.804172945022554,23.804172945022554,0.0,"[0.0, 1.0]",primal=Optimization terminated successfully; dual=outer=Optimization terminated successfully; inner=Optimization terminated successfully,1,-177.08361148834243,177.08361148834243,20.262500715255705,
linear,pair,nblinh63_0eb73af3_0631_437a_ad+mrhungddddh_fe499423_02f3_4cfd,90.97100278094015,73.71136255264278,0,"[0.23190394986140792, 0.7680960501385921]","[0.2, 0.8]",0.0,"{""mrhungddddh_fe499423_02f3_4cfd"": -72.02210731506344, ""nblinh63_0eb73af3_0631_437a_ad"": -73.71136255264278}",nblinh63_0eb73af3_0631_437a_ad,continuous_primal_dual_psd,4,90.97100278094015,90.9710027809233,1.6854073692229576e-11,"[0.09853118616400293, 0.9014688138359971]",primal=Optimization terminated successfully; dual=outer=Optimization terminated successfully; inner=Optimization terminated successfully,1,-48.76896739006077,48.76896739006077,90.97100278094017,
linear,pair,nbninh_a1f78795_1b61_4923_9235+nhung03_7b6cdc3c_7130_4c2c_a2c,94.34534378051755,89.7435695648193,0,"[0.2, 0.8]","[0.4, 0.6]",4.602253437042236,"{""nbninh_a1f78795_1b61_4923_9235"": -89.7435695648193, ""nhung03_7b6cdc3c_7130_4c2c_a2c"": -39.04135532379147}",nbninh_a1f78795_1b61_4923_9235,continuous_primal_dual_psd,4,94.34534378051755,94.34534378051755,0.0,"[0.0, 1.0]",primal=Optimization terminated successfully; dual=outer=Optimization terminated successfully; inner=Optimization terminated successfully,0,8.877813816070173,0.0,94.34534378051755,
linear,pair,cunghoctienganh_c1cf0152_7ae6+nhung02_db2c9545_4607_487b_9cc,93.00151236057282,10.84205217361447,0,"[0.8, 0.19999999999999996]","[0.8, 0.2]",0.0,"{""cunghoctienganh_c1cf0152_7ae6"": -10.491660308837858, ""nhung02_db2c9545_4607_487b_9cc"": -10.84205217361447}",nhung02_db2c9545_4607_487b_9cc,continuous_primal_dual_psd,4,93.00151236057282,93.00151236057282,0.0,"[1.0, 0.0]",primal=Optimization terminated successfully; dual=outer=Optimization terminated successfully; inner=Optimization terminated successfully,1,-256.9930255413056,256.9930255413056,12.523328733444089,
linear,pair,adammandic87_3d7a58a6_4380_4e3+mrhunghd_9e58333c_df22_4a00_9c,36.047462892532344,2.7833373069762857,0,"[0.2, 0.8]","[0.8, 0.2]",35.20832061767578,"{""adammandic87_3d7a58a6_4380_4e3"": 1.118403193037575, ""mrhunghd_9e58333c_df22_4a00_9c"": -2.7833373069762857}",mrhunghd_9e58333c_df22_4a00_9c,continuous_primal_dual_psd,4,36.047462892532344,36.047462892532344,0.0,"[0.0, 1.0]",primal=Optimization terminated successfully; dual=outer=Optimization terminated successfully; inner=Optimization terminated successfully,1,-118.5077428817748,118.5077428817748,33.677308034896846,
linear,pair,thaffggg_8a78a9b2_d3fa_4615_b8+laquythang_efe15045_778f_4dfa,64.16402287483213,67.83069677352901,0,"[0.2, 0.8]","[0.2, 0.8]",0.0,"{""laquythang_efe15045_778f_4dfa"": -67.83069677352901, ""thaffggg_8a78a9b2_d3fa_4615_b8"": -43.023720455169645}",laquythang_efe15045_778f_4dfa,continuous_primal_dual_psd,4,64.16402287483213,64.16402287483213,0.0,"[1.0, 0.0]",primal=Optimization terminated successfully; dual=outer=Optimization terminated successfully; inner=Optimization terminated successfully,1,-62.19983100891123,62.19983100891123,64.16402287483213,
linear,pair,phungkhaccuong_731c6dec_a942_4+adammandic87_f28f18cf_4abb_4db,-0.23215087872850115,2.5269300460815103,0,"[0.8, 0.19999999999999996]","[0.8, 0.2]",0.0,"{""adammandic87_f28f18cf_4abb_4db"": 6.852433013916048, ""phungkhaccuong_731c6dec_a942_4"": -2.5269300460815103}",phungkhaccuong_731c6dec_a942_4,continuous_primal_dual_psd,4,-0.23215087872850115,-0.23215087872850115,0.0,"[1.0, 0.0]",primal=Optimization terminated successfully; dual=outer=Optimization terminated successfully; inner=Optimization terminated successfully,0,2.596386523109826,0.0,-0.23215087872850104,
linear,pair,nhoxinh_9214fc0d_4490_4bdd_9ff+hongngo_9d92894f_7b7b_49e0_8f3,80.8562565565109,80.09029932022091,0,"[0.2, 0.8]","[0.2, 0.8]",0.0,"{""hongngo_9d92894f_7b7b_49e0_8f3"": -31.97622604370114, ""nhoxinh_9214fc0d_4490_4bdd_9ff"": -80.09029932022091}",nhoxinh_9214fc0d_4490_4bdd_9ff,continuous_primal_dual_psd,4,80.8562565565109,80.8562565565109,0.0,"[0.0, 1.0]",primal=Optimization terminated successfully; dual=outer=Optimization terminated successfully; inner=Optimization terminated successfully,0,127.6041567325588,0.0,80.85625655651091,
linear,pair,phungkhaccuong_2b1522e6_bef2_7+nhoxinh_2f944a50_cbd3_4334_af8,12.895680211241904,-1.250740814209017,1,"[0.4420276268540295, 0.5579723731459705]","[0.8, 0.2]",7.9975128173828125,"{""nhoxinh_2f944a50_cbd3_4334_af8"": 5.165383148193392, ""phungkhaccuong_2b1522e6_bef2_7"": 1.250740814209017}",phungkhaccuong_2b1522e6_bef2_7,continuous_primal_dual_psd,4,12.895680211241904,12.895680211241904,0.0,"[1.0, 0.0]",primal=Optimization terminated successfully; dual=outer=Optimization terminated successfully; inner=Optimization terminated successfully,0,36.558657884597764,0.0,12.895680211241906,
linear,pair,versil91_121ef6e9_0ded_4fc3_8c+versil91_474890ea_012d_4a25_96,0.05544839544609825,-1.6928567633337779,1,"[0.2, 0.8]","[0.4, 0.6]",7.1845337614721725,"{""versil91_121ef6e9_0ded_4fc3_8c"": 2.320823001861605, ""versil91_474890ea_012d_4a25_96"": 1.6928567633337779}",versil91_474890ea_012d_4a25_96,continuous_primal_dual_psd,4,0.05544839544609825,0.05544839544609825,0.0,"[1.0, 0.0]",primal=Optimization terminated successfully; dual=outer=Optimization terminated successfully; inner=Optimization terminated successfully,1,-52.5568425655365,52.5568425655365,-0.030590308760357968,
linear,pair,versil91_8444c3be_8779_4769_a0+nhoxinh_0c66c9c5_5cc2_46a8_9db,56.08679182529453,16.637495231628385,0,"[0.7999999999999996, 0.2000000000000004]","[0.8, 0.2]",0.0,"{""nhoxinh_0c66c9c5_5cc2_46a8_9db"": -16.637495231628385, ""versil91_8444c3be_8779_4769_a0"": -3.9812413946019896}",nhoxinh_0c66c9c5_5cc2_46a8_9db,continuous_primal_dual_psd,4,56.08679182529453,56.08679182529453,0.0,"[0.0, 1.0]",primal=Optimization terminated successfully; dual=outer=Optimization terminated successfully; inner=Optimization terminated successfully,1,-129.85303997993486,129.85303997993486,17.995004725456212,
linear,pair,hongngo_7e251dfc_e0f7_4f73_aae+datlaaaaaaa_e8cccbe1_c136_409a,30.420357656478842,46.89319438934323,0,"[0.2, 0.8]","[0.4, 0.6]",4.6875,"{""datlaaaaaaa_e8cccbe1_c136_409a"": -46.89319438934323, ""hongngo_7e251dfc_e0f7_4f73_aae"": -20.529559326171842}",datlaaaaaaa_e8cccbe1_c136_409a,continuous_primal_dual_psd,4,30.420357656478842,30.420357656478842,0.0,"[1.0, 0.0]",primal=Optimization terminated successfully; dual=outer=Optimization terminated successfully; inner=Optimization terminated successfully,1,-96.75472974777234,96.75472974777234,28.485263061523394,
linear,pair,lhong4759_f68c5c87_934d_4399_b+cunghoctienganh_c1cf0152_7ae6,9.265675020217861,8.07180709838864,0,"[0.2, 0.8]","[0.2, 0.8]",0.0,"{""cunghoctienganh_c1cf0152_7ae6"": 1.0708539962768882, ""lhong4759_f68c5c87_934d_4399_b"": -8.07180709838864}",lhong4759_f68c5c87_934d_4399_b,continuous_primal_dual_psd,4,9.265675020217861,9.265675020217861,0.0,"[0.0, 1.0]",primal=Optimization terminated successfully; dual=outer=Optimization terminated successfully; inner=Optimization terminated successfully,0,50.42627453804012,0.0,9.265675020217861,
linear,pair,tuanna08go_6af2bb68_a65f_4331+nhung02_08157847_d833_4d45_90f,20.654310655593846,14.345827770233122,0,"[0.8, 0.19999999999999996]","[0.8, 0.2]",0.0,"{""nhung02_08157847_d833_4d45_90f"": -14.345827770233122, ""tuanna08go_6af2bb68_a65f_4331"": -1.5962961832682305}",nhung02_08157847_d833_4d45_90f,continuous_primal_dual_psd,4,20.654310655593846,20.654310655593846,0.0,"[1.0, 0.0]",primal=Optimization terminated successfully; dual=outer=Optimization terminated successfully; inner=Optimization terminated successfully,1,-51.15449428558353,51.15449428558353,13.014385175704874,
linear,pair,cunghoctienganh_4909ad74_a335+nbninh_a1f78795_1b61_4923_9235,40.039085155917874,62.3572022438049,0,"[0.5084352380492431, 0.49156476195075693]","[0.6, 0.4]",0.0,"{""cunghoctienganh_4909ad74_a335"": -36.84581823348996, ""nbninh_a1f78795_1b61_4923_9235"": -62.3572022438049}",nbninh_a1f78795_1b61_4923_9235,continuous_primal_dual_psd,4,40.039085155917874,40.039085155917874,0.0,"[1.0, 0.0]",primal=Optimization terminated successfully; dual=outer=Optimization terminated successfully; inner=Optimization terminated successfully,0,206.73066377639768,0.0,40.039085155917874,
linear,pair,nbninh_0d8b128b_8753_46c3_b80f+datlaaaaaaa_0dbe42c8_b07b_4785,60.973708970228074,52.74327106475827,0,"[0.397699392357455, 0.602300607642545]","[0.4, 0.6]",0.0,"{""datlaaaaaaa_0dbe42c8_b07b_4785"": -52.74327106475827, ""nbninh_0d8b128b_8753_46c3_b80f"": -34.57819528579709}",datlaaaaaaa_0dbe42c8_b07b_4785,continuous_primal_dual_psd,4,60.973708970228074,60.973708970228074,0.0,"[1.0, 0.0]",primal=Optimization terminated successfully; dual=outer=Optimization terminated successfully; inner=Optimization terminated successfully,0,276.9890427589414,0.0,60.97370897022808,
linear,pair,versil91_e9f26c47_9b78_4e3f_81+mrhungddddh_911f6275_22fd_4f41,4.480992491189912,1.6999999999999915,0,"[0.7656585657602427, 0.23434143423975728]","[0.8, 0.2]",0.0,"{""mrhungddddh_911f6275_22fd_4f41"": 4.508337306976351, ""versil91_e9f26c47_9b78_4e3f_81"": -1.6999999999999915}",versil91_e9f26c47_9b78_4e3f_81,continuous_primal_dual_psd,4,4.480992491189912,4.480992491189912,0.0,"[0.0, 1.0]",primal=Optimization terminated successfully; dual=outer=Optimization terminated successfully; inner=Optimization terminated successfully,0,14.38678685098095,0.0,4.480992491189912,
linear,pair,chauhoang_4909ad74_a335_4972_9+versil91_121ef6e9_0ded_4fc3_8c,1.9083375453955789,4.071942043304411,0,"[0.2000000000000081, 0.7999999999999919]","[0.2, 0.8]",0.0,"{""chauhoang_4909ad74_a335_4972_9"": -4.071942043304411, ""versil91_121ef6e9_0ded_4fc3_8c"": -1.6375095367431314}",chauhoang_4909ad74_a335_4972_9,continuous_primal_dual_psd,4,1.9083375453955789,1.9083375453955789,0.0,"[1.0, 5.551115123125783e-17]",primal=Optimization terminated successfully; dual=outer=Optimization terminated successfully; inner=Optimization terminated successfully,1,-15.625208616256735,15.625208616256735,1.5958333730704188,
linear,pair,laquythang_8444c3be_8779_4769+nblinh63_0eb73af3_0631_437a_ad,82.47083134651183,81.84584684371944,0,"[0.2, 0.8]","[0.2, 0.8]",0.0,"{""laquythang_8444c3be_8779_4769"": -81.84584684371944, ""nblinh63_0eb73af3_0631_437a_ad"": -73.48407812118526}",laquythang_8444c3be_8779_4769,continuous_primal_dual_psd,4,82.47083134651183,82.47083134651183,0.0,"[0.0, 1.0]",primal=Optimization terminated successfully; dual=outer=Optimization terminated successfully; inner=Optimization terminated successfully,1,-44.270604848862035,44.270604848862035,81.58541924953458,
linear,pair,mrhunghd_9e58333c_df22_4a00_9c+mrhungddddh_9b1deaac_4565_48f2,77.59757287502286,58.46443481445309,0,"[0.2, 0.8]","[0.4, 0.6]",7.379806041717522,"{""mrhungddddh_9b1deaac_4565_48f2"": -58.46443481445309, ""mrhunghd_9e58333c_df22_4a00_9c"": -56.74168176650998}",mrhungddddh_9b1deaac_4565_48f2,continuous_primal_dual_psd,4,77.59757287502286,77.59757287502286,0.0,"[1.0, 0.0]",primal=Optimization terminated successfully; dual=outer=Optimization terminated successfully; inner=Optimization terminated successfully,0,101.52593255042983,0.0,77.59757287502288,
linear,pair,datlaaaaaaa_cc1f8701_0976_4f48+chauhoang_2aa4f343_5524_f86e_b,52.802284431458276,41.05254716873166,0,"[0.20000000000008974, 0.7999999999999102]","[0.2, 0.8]",0.0,"{""chauhoang_2aa4f343_5524_f86e_b"": -41.05254716873166, ""datlaaaaaaa_cc1f8701_0976_4f48"": -30.49164123535153}",chauhoang_2aa4f343_5524_f86e_b,continuous_primal_dual_psd,4,52.802284431458276,52.802284431458276,0.0,"[0.0, 1.0]",primal=Optimization terminated successfully; dual=outer=Optimization terminated successfully; inner=Optimization terminated successfully,0,53.267478942870525,0.0,52.802284431458276,
linear,pair,taronklm_trained_model+hongngo_9d92894f_7b7b_49e0_8f3,-4.664492380686525,-0.423943063033582,1,"[0.479831084369217, 0.5201689156307829]","[0.6, 0.4]",0.5640805053185597,"{""hongngo_9d92894f_7b7b_49e0_8f3"": 28.670617866516146, ""taronklm_trained_model"": 0.423943063033582}",taronklm_trained_model,continuous_primal_dual_psd,4,-4.664492380686525,-4.664492380687529,1.0036416142611415e-12,"[0.8768726564412238, 0.12312734355877615]",primal=Optimization terminated successfully; dual=outer=Optimization terminated successfully; inner=Optimization terminated successfully,0,324.86945390701294,0.0,-4.664492380686539,
linear,pair,thaffggg_8a78a9b2_d3fa_4615_b8+mrhunghddddd_d692685b_fdb4_477,109.44243259429936,83.40834684371944,0,"[0.2, 0.8]","[0.2, 0.8]",0.0,"{""mrhunghddddd_d692685b_fdb4_477"": -83.40834684371944, ""thaffggg_8a78a9b2_d3fa_4615_b8"": -53.208020401000944}",mrhunghddddd_d692685b_fdb4_477,continuous_primal_dual_psd,4,109.44243259429936,109.44243259429936,0.0,"[1.0, 0.0]",primal=Optimization terminated successfully; dual=outer=Optimization terminated successfully; inner=Optimization terminated successfully,1,-79.54552769660938,79.54552769660938,107.85152204036717,
linear,pair,denbeo_d9ae91c0_fed9_4fb4_8ddd+nhung02_db2c9545_4607_487b_9cc,157.16152734756471,112.9727274894714,0,"[0.2, 0.8]","[0.8, 0.2]",27.471590042114258,"{""denbeo_d9ae91c0_fed9_4fb4_8ddd"": -70.50770826339718, ""nhung02_db2c9545_4607_487b_9cc"": -112.9727274894714}",nhung02_db2c9545_4607_487b_9cc,continuous_primal_dual_psd,4,157.16152734756471,157.16152734756471,0.0,"[0.0, 1.0]",primal=Optimization terminated successfully; dual=outer=Optimization terminated successfully; inner=Optimization terminated successfully,1,-261.0175311565404,261.0175311565404,156.347736787796,
linear,pair,phungkhaccuong_a992b7f5_9d18_c+versil91_63cd5c4a_5a68_4c25_bd,4.431445074081377,1.087096178764856,0,"[0.2, 0.8]","[0.2, 0.8]",0.0,"{""phungkhaccuong_a992b7f5_9d18_c"": -0.9083301544189126, ""versil91_63cd5c4a_5a68_4c25_bd"": -1.087096178764856}",versil91_63cd5c4a_5a68_4c25_bd,continuous_primal_dual_psd,4,4.431445074081377,4.431445074081377,0.0,"[1.0, 0.0]",primal=Optimization terminated successfully; dual=outer=Optimization terminated successfully; inner=Optimization terminated successfully,1,-18.194300983518243,18.194300983518243,4.431445074081377,
linear,pair,adammandic87_3d7a58a6_4380_4e3+nbninh_c4ae10ba_efe4_401e_8dd7,2.5001565421993273,3.919699859619108,0,"[0.2, 0.8]","[0.6, 0.4]",16.207754611968994,"{""adammandic87_3d7a58a6_4380_4e3"": 0.8423733087419597, ""nbninh_c4ae10ba_efe4_401e_8dd7"": -3.919699859619108}",nbninh_c4ae10ba_efe4_401e_8dd7,continuous_primal_dual_psd,4,2.5001565421993273,2.5001565421993273,0.0,"[1.0, 0.0]",primal=Optimization terminated successfully; dual=outer=Optimization terminated successfully; inner=Optimization terminated successfully,1,-17.104318993531372,17.104318993531372,2.1580701623286997,
linear,pair,versil91_8444c3be_8779_4769_a0+cunghoctienganh_b7496e73_1762,2.8514654159545216,5.198112201690641,0,"[0.8, 0.19999999999999996]","[0.8, 0.2]",0.0,"{""cunghoctienganh_b7496e73_1762"": -5.198112201690641, ""versil91_8444c3be_8779_4769_a0"": -1.0749968707643667}",cunghoctienganh_b7496e73_1762,continuous_primal_dual_psd,4,2.8514654159545216,2.8514654159545216,0.0,"[1.0, 0.0]",primal=Optimization terminated successfully; dual=outer=Optimization terminated successfully; inner=Optimization terminated successfully,0,121.99491262435912,0.0,2.8514654159545216,
linear,pair,versil91_01a5620a_fb5f_4bab_94+phungkhaccuong_2b1522e6_bef2_7,-3.8119558393224957,-1.3939786891837556,1,"[0.5544263388210275, 0.44557366117897246]","[0.8, 0.2]",0.926286690792119,"{""phungkhaccuong_2b1522e6_bef2_7"": 9.716662693023714, ""versil91_01a5620a_fb5f_4bab_94"": 1.3939786891837556}",versil91_01a5620a_fb5f_4bab_94,continuous_primal_dual_psd,4,-3.8119558393224957,-3.8119558393224957,0.0,"[1.0, 0.0]",primal=Optimization terminated successfully; dual=outer=Optimization terminated successfully; inner=Optimization terminated successfully,0,20.608123782128605,0.0,-3.811955839322496,
linear,pair,duyphu_7aba420b_74ac_4209_b514+nhoxinh_2f944a50_cbd3_4334_af8,8.900574862262271,24.702039432525602,0,"[0.4731034910944632, 0.5268965089055369]","[0.8, 0.2]",0.6920218467712402,"{""duyphu_7aba420b_74ac_4209_b514"": -24.702039432525602, ""nhoxinh_2f944a50_cbd3_4334_af8"": -24.64013404846188}",duyphu_7aba420b_74ac_4209_b514,continuous_primal_dual_psd,4,8.900574862262271,8.900574862262271,0.0,"[1.0547118733938987e-15, 0.999999999999999]",primal=Optimization terminated successfully; dual=outer=Optimization terminated successfully; inner=Optimization terminated successfully,1,-14.322996139526376,14.322996139526376,8.900574862262275,
linear,pair,tuanna08go_c1cf0152_7ae6_43b6+thaffggg_8c87f3d3_d4bb_475a_a8,9.455220770835794,8.081987571716276,0,"[0.8, 0.19999999999999996]","[0.8, 0.2]",0.0,"{""thaffggg_8c87f3d3_d4bb_475a_a8"": -8.081987571716276, ""tuanna08go_c1cf0152_7ae6_43b6"": -7.1393877983092935}",thaffggg_8c87f3d3_d4bb_475a_a8,continuous_primal_dual_psd,4,9.455220770835794,9.455220770835794,0.0,"[0.0, 1.0]",primal=Optimization terminated successfully; dual=outer=Optimization terminated successfully; inner=Optimization terminated successfully,0,71.61408662796026,0.0,9.455220770835794,
linear,pair,duyphu_4909ad74_a335_4972_9ed8+nhoxinh_9214fc0d_4490_4bdd_9ff,59.736468863487225,59.0377122879028,0,"[0.8, 0.19999999999999996]","[0.8, 0.2]",0.0,"{""duyphu_4909ad74_a335_4972_9ed8"": -47.42565460205075, ""nhoxinh_9214fc0d_4490_4bdd_9ff"": -59.0377122879028}",nhoxinh_9214fc0d_4490_4bdd_9ff,continuous_primal_dual_psd,4,59.736468863487225,59.736468863487225,0.0,"[1.0, 0.0]",primal=Optimization terminated successfully; dual=outer=Optimization terminated successfully; inner=Optimization terminated successfully,0,61.19772791862458,0.0,59.736468863487225,
linear,pair,duyphu_0112d9da_9934_4614_b233+mrhungddddh_fe499423_02f3_4cfd,62.62045152187346,35.90834445953366,0,"[0.8, 0.19999999999999996]","[0.8, 0.2]",0.0,"{""duyphu_0112d9da_9934_4614_b233"": -32.49488182067868, ""mrhungddddh_fe499423_02f3_4cfd"": -35.90834445953366}",mrhungddddh_fe499423_02f3_4cfd,continuous_primal_dual_psd,4,62.62045152187346,62.62045152187346,0.0,"[0.0, 1.0]",primal=Optimization terminated successfully; dual=outer=Optimization terminated successfully; inner=Optimization terminated successfully,1,-101.79921984672539,101.79921984672539,31.746858429908684,
linear,pair,phungkhaccuong_731c6dec_a942_4+datlaaaaaaa_e8cccbe1_c136_409a,0.2731340964194007,4.738476943969694,0,"[0.8, 0.19999999999999996]","[0.8, 0.2]",0.0,"{""datlaaaaaaa_e8cccbe1_c136_409a"": -2.0920545578002603, ""phungkhaccuong_731c6dec_a942_4"": -4.738476943969694}",phungkhaccuong_731c6dec_a942_4,continuous_primal_dual_psd,4,0.2731340964194007,0.2731340964194007,0.0,"[1.0, 0.0]",primal=Optimization terminated successfully; dual=outer=Optimization terminated successfully; inner=Optimization terminated successfully,0,0.5286012446011636,0.0,0.2731340964194007,
linear,pair,hongngo_7e251dfc_e0f7_4f73_aae+nhung03_7b6cdc3c_7130_4c2c_a2c,91.20568461418152,63.30416507720944,0,"[0.2, 0.8]","[0.8, 0.2]",19.696962833404534,"{""hongngo_7e251dfc_e0f7_4f73_aae"": -63.30416507720944, ""nhung03_7b6cdc3c_7130_4c2c_a2c"": -42.07820005416867}",hongngo_7e251dfc_e0f7_4f73_aae,continuous_primal_dual_psd,4,91.20568461418152,91.20568461418152,0.0,"[0.0, 1.0]",primal=Optimization terminated successfully; dual=outer=Optimization terminated successfully; inner=Optimization terminated successfully,1,-80.25556802749671,80.25556802749671,89.60057325363158,
linear,pair,tuanna08go_7647f014_8af3_4266+nhoxinh_0c66c9c5_5cc2_46a8_9db,-0.05454483978040825,-0.20228991094463858,1,"[0.8, 0.19999999999999996]","[0.8, 0.2]",0.0,"{""nhoxinh_0c66c9c5_5cc2_46a8_9db"": 9.348079490661654, ""tuanna08go_7647f014_8af3_4266"": 0.20228991094463858}",tuanna08go_7647f014_8af3_4266,continuous_primal_dual_psd,4,-0.05454483978040825,-0.05454483978040825,0.0,"[1.0, 0.0]",primal=Optimization terminated successfully; dual=outer=Optimization terminated successfully; inner=Optimization terminated successfully,0,6.714877645203962,0.0,-0.05454483978040825,
linear,pair,laquythang_efe15045_778f_4dfa+hongngo_687b8c72_c89b_4cb7_b7c,18.814231625306597,45.31829662322995,0,"[0.6674414077373111, 0.3325585922626889]","[0.4, 0.6]",10.074293613433838,"{""hongngo_687b8c72_c89b_4cb7_b7c"": -45.31829662322995, ""laquythang_efe15045_778f_4dfa"": -25.359085273742643}",hongngo_687b8c72_c89b_4cb7_b7c,continuous_primal_dual_psd,4,18.814231625306597,18.814231625306597,0.0,"[1.0, 0.0]",primal=Optimization terminated successfully; dual=outer=Optimization terminated successfully; inner=Optimization terminated successfully,0,210.93726158142078,0.0,18.814231625306597,
linear,pair,adammandic87_f28f18cf_4abb_4db+versil91_474890ea_012d_4a25_96,3.0587828536573296,-0.22857825999169537,1,"[0.3661605768541015, 0.6338394231458985]","[0.4, 0.6]",0.0,"{""adammandic87_f28f18cf_4abb_4db"": 3.035423088073763, ""versil91_474890ea_012d_4a25_96"": 0.22857825999169537}",versil91_474890ea_012d_4a25_96,continuous_primal_dual_psd,4,3.0587828536573296,3.058782853496834,1.6049561679665203e-10,"[0.8425790167509247, 0.15742098324907525]",primal=Positive directional derivative for linesearch; dual=outer=Optimization terminated successfully; inner=Optimization terminated successfully,1,-56.81812763214109,56.81812763214109,3.0587828536573296,
linear,pair,lhong4759_f68c5c87_934d_4399_b+phungkhaccuong_2b1522e6_bef2_7,30.662742924690214,28.05577821731564,0,"[0.2, 0.8]","[0.2, 0.8]",0.0,"{""lhong4759_f68c5c87_934d_4399_b"": -28.05577821731564, ""phungkhaccuong_2b1522e6_bef2_7"": -15.472725105285612}",lhong4759_f68c5c87_934d_4399_b,continuous_primal_dual_psd,4,30.662742924690214,30.662742924690214,0.0,"[0.0, 1.0]",primal=Optimization terminated successfully; dual=outer=Optimization terminated successfully; inner=Optimization terminated successfully,1,-18.228739500045748,18.228739500045748,30.662742924690214,
linear,pair,versil91_e9f26c47_9b78_4e3f_81+thaffggg_8c87f3d3_d4bb_475a_a8,4.405648880496569,1.7000057220677178,0,"[0.7999999999999989, 0.20000000000000107]","[0.8, 0.2]",0.0,"{""thaffggg_8c87f3d3_d4bb_475a_a8"": 2.6901453018188803, ""versil91_e9f26c47_9b78_4e3f_81"": -1.7000057220677178}",versil91_e9f26c47_9b78_4e3f_81,continuous_primal_dual_psd,4,4.405648880496569,4.405648880496569,0.0,"[1.0, 5.551115123125783e-17]",primal=Optimization terminated successfully; dual=outer=Optimization terminated successfully; inner=Optimization terminated successfully,1,-11.792417818630941,11.792417818630941,2.9916686534881407,
linear,pair,tuanna08go_c1cf0152_7ae6_43b6+chauhoang_4909ad74_a335_4972_9,8.298970532417247,9.331992340087858,0,"[0.8, 0.19999999999999996]","[0.8, 0.2]",0.0,"{""chauhoang_4909ad74_a335_4972_9"": -9.331992340087858, ""tuanna08go_c1cf0152_7ae6_43b6"": -6.3920170783996255}",chauhoang_4909ad74_a335_4972_9,continuous_primal_dual_psd,4,8.298970532417247,8.298970532417247,0.0,"[1.0, 0.0]",primal=Optimization terminated successfully; dual=outer=Optimization terminated successfully; inner=Optimization terminated successfully,0,92.44814515113818,0.0,8.29897053241725,
linear,pair,thaffggg_8a78a9b2_d3fa_4615_b8+denbeo_d9ae91c0_fed9_4fb4_8ddd,103.18295545578,77.65512771606441,0,"[0.2, 0.8]","[0.8, 0.2]",1.9631385803222656,"{""denbeo_d9ae91c0_fed9_4fb4_8ddd"": -77.65512771606441, ""thaffggg_8a78a9b2_d3fa_4615_b8"": -76.07660598754879}",denbeo_d9ae91c0_fed9_4fb4_8ddd,continuous_primal_dual_psd,4,103.18295545578,103.18295545578,0.0,"[6.661338147750939e-16, 0.9999999999999993]",primal=Optimization terminated successfully; dual=outer=Optimization terminated successfully; inner=Optimization terminated successfully,1,-141.09835028648416,141.09835028648416,100.36098845005031,
linear,pair,chauhoang_2aa4f343_5524_f86e_b+mrhungddddh_9b1deaac_4565_48f2,29.95659603147707,29.29777212142941,0,"[0.5391788317879299, 0.4608211682120701]","[0.4, 0.6]",4.911839962005615,"{""chauhoang_2aa4f343_5524_f86e_b"": -29.29777212142941, ""mrhungddddh_9b1deaac_4565_48f2"": -26.25289268493649}",chauhoang_2aa4f343_5524_f86e_b,continuous_primal_dual_psd,4,29.95659603147707,29.95659603147707,0.0,"[0.9999999999999999, 1.6653345369377348e-16]",primal=Optimization terminated successfully; dual=outer=Optimization terminated successfully; inner=Optimization terminated successfully,0,242.18767881393413,0.0,29.95659603147707,
linear,triple,datlaaaaaaa_cc1f8701_0976_4f48+nbninh_c4ae10ba_efe4_401e_8dd7+thaffggg_8c87f3d3_d4bb_475a_a8,41.65103318686939,18.834474754333463,0,"[0.20000000000001555, 0.3157107328729837, 0.4842892671270007]","[0.2, 0.6, 0.2]",6.358540058135986,"{""datlaaaaaaa_cc1f8701_0976_4f48"": 3.0499904632568686, ""nbninh_c4ae10ba_efe4_401e_8dd7"": -18.834474754333463, ""thaffggg_8c87f3d3_d4bb_475a_a8"": -1.7504126548766763}",nbninh_c4ae10ba_efe4_401e_8dd7,continuous_primal_dual_psd,6,41.65103318686939,41.65103318686939,0.0,"[0.0, 0.0, 1.0]",primal=Optimization terminated successfully; dual=outer=Optimization terminated successfully; inner=Optimization terminated successfully,1,-426.15502179018387,426.15502179018387,19.466236019438597,
linear,triple,taronklm_trained_model+phungkhaccuong_a992b7f5_9d18_c+versil91_474890ea_012d_4a25_96,-28.167763818869936,-0.7575367424610422,1,"[0.3550538204747351, 0.20000000000001164, 0.4449461795252533]","[0.6, 0.2, 0.2]",0.04874139068276295,"{""phungkhaccuong_a992b7f5_9d18_c"": 81.95625238418582, ""taronklm_trained_model"": 0.7575367424610422, ""versil91_474890ea_012d_4a25_96"": 38.7821312816807}",taronklm_trained_model,continuous_primal_dual_psd,6,-28.167763818869936,-28.167763818869936,0.0,"[0.0, 1.0, 0.0]",primal=Optimization terminated successfully; dual=outer=Optimization terminated successfully; inner=Optimization terminated successfully,1,-46.389265900453566,46.389265900453566,-30.531406110917192,
linear,triple,versil91_01a5620a_fb5f_4bab_94+nhung02_db2c9545_4607_487b_9cc+nhung03_7b6cdc3c_7130_4c2c_a2c,53.21771285353781,19.762519073486295,0,"[0.5999999999999895, 0.2, 0.2000000000000104]","[0.6, 0.2, 0.2]",0.0,"{""nhung02_db2c9545_4607_487b_9cc"": -19.762519073486295, ""nhung03_7b6cdc3c_7130_4c2c_a2c"": -12.470856380462614, ""versil91_01a5620a_fb5f_4bab_94"": -6.008373542420587}",nhung02_db2c9545_4607_487b_9cc,continuous_primal_dual_psd,6,53.21771285353781,53.21771285353708,7.318590178329032e-13,"[0.0, 2.392530618067155e-14, 0.999999999999976]",primal=Optimization terminated successfully; dual=outer=Optimization terminated successfully; inner=Optimization terminated successfully,1,-259.85489780998057,259.85489780998057,26.325002384186618,
linear,triple,chauhoang_2aa4f343_5524_f86e_b+phungkhaccuong_731c6dec_a942_4+mrhunghd_9e58333c_df22_4a00_9c,34.74830098152157,13.985267353057829,0,"[0.2000000000000003, 0.2000000000000003, 0.5999999999999994]","[0.2, 0.6, 0.2]",18.381404876708984,"{""chauhoang_2aa4f343_5524_f86e_b"": -0.13109750747677396, ""mrhunghd_9e58333c_df22_4a00_9c"": -9.241667461395231, ""phungkhaccuong_731c6dec_a942_4"": -13.985267353057829}",phungkhaccuong_731c6dec_a942_4,continuous_primal_dual_psd,6,34.74830098152157,34.74830098152157,0.0,"[1.0, 0.0, 0.0]",primal=Optimization terminated successfully; dual=outer=Optimization terminated successfully; inner=Optimization terminated successfully,1,-167.44937828330723,168.00544934822062,33.96706886291504,
linear,triple,versil91_e9f26c47_9b78_4e3f_81+tuanna08go_c1cf0152_7ae6_43b6+hongngo_9d92894f_7b7b_49e0_8f3,3.137136009025806,2.6842624664306314,0,"[0.47714257765208895, 0.3228574223480051, 0.19999999999990603]","[0.4, 0.4, 0.2]",0.0,"{""hongngo_9d92894f_7b7b_49e0_8f3"": -2.6842624664306314, ""tuanna08go_c1cf0152_7ae6_43b6"": -0.7145673751830728, ""versil91_e9f26c47_9b78_4e3f_81"": -2.411544843844763}",hongngo_9d92894f_7b7b_49e0_8f3,continuous_primal_dual_psd,6,3.137136009025806,3.1371360090258,5.773159728050814e-15,"[2.6056784608373933e-15, 0.9999999999999973, 0.0]",primal=Optimization terminated successfully; dual=outer=Optimization terminated successfully; inner=Optimization terminated successfully,1,-12.960812342603006,12.960812342603008,3.1371360090258076,
linear,triple,chauhoang_4909ad74_a335_4972_9+hongngo_7e251dfc_e0f7_4f73_aae+nhung02_08157847_d833_4d45_90f,57.93114513411972,29.222729873657194,0,"[0.2, 0.2, 0.6]","[0.4, 0.2, 0.4]",6.931829452514648,"{""chauhoang_4909ad74_a335_4972_9"": -12.974920940399137, ""hongngo_7e251dfc_e0f7_4f73_aae"": -29.222729873657194, ""nhung02_08157847_d833_4d45_90f"": -23.945203495025602}",hongngo_7e251dfc_e0f7_4f73_aae,continuous_primal_dual_psd,6,57.93114513411972,57.93114513411972,0.0,"[1.0, 0.0, 0.0]",primal=Optimization terminated successfully; dual=outer=Optimization terminated successfully; inner=Optimization terminated successfully,1,-612.5923143092714,612.5923143092714,39.374259185791004,
linear,triple,duyphu_0112d9da_9934_4614_b233+nhoxinh_9214fc0d_4490_4bdd_9ff+datlaaaaaaa_0dbe42c8_b07b_4785,26.09113024334001,28.664746952056852,0,"[0.41234105686313677, 0.2000000000000184, 0.3876589431368448]","[0.6, 0.2, 0.2]",4.886364936828613,"{""datlaaaaaaa_0dbe42c8_b07b_4785"": -28.664746952056852, ""duyphu_0112d9da_9934_4614_b233"": -25.369301509857145, ""nhoxinh_9214fc0d_4490_4bdd_9ff"": -26.89829177856442}",datlaaaaaaa_0dbe42c8_b07b_4785,continuous_primal_dual_psd,6,26.09113024334001,26.09113024334001,0.0,"[0.0, 0.0, 1.0]",primal=Optimization terminated successfully; dual=outer=Optimization terminated successfully; inner=Optimization terminated successfully,1,-147.31767050816495,147.31767050816495,24.56562286888643,
linear,triple,laquythang_8444c3be_8779_4769+cunghoctienganh_b7496e73_1762+nblinh63_0eb73af3_0631_437a_ad,116.53336591720588,95.8988577842712,0,"[0.2, 0.2, 0.6]","[0.2, 0.6, 0.2]",3.134489059448242,"{""cunghoctienganh_b7496e73_1762"": -95.8988577842712, ""laquythang_8444c3be_8779_4769"": -81.94999999999996, ""nblinh63_0eb73af3_0631_437a_ad"": -90.9534961700439}",cunghoctienganh_b7496e73_1762,continuous_primal_dual_psd,6,116.53336591720588,116.53336591720588,0.0,"[0.0, 0.0, 1.0]",primal=Optimization terminated successfully; dual=outer=Optimization terminated successfully; inner=Optimization terminated successfully,1,-1381.2182858533001,1381.2503231298847,75.81363029479981,
linear,triple,duyphu_7aba420b_74ac_4209_b514+cunghoctienganh_c1cf0152_7ae6+phungkhaccuong_2b1522e6_bef2_7,20.007026703478584,-1.4634578704834311,1,"[0.20000000000005697, 0.20000000000001425, 0.5999999999999288]","[0.2, 0.2, 0.6]",0.0,"{""cunghoctienganh_c1cf0152_7ae6"": 2.5291769981384604, ""duyphu_7aba420b_74ac_4209_b514"": 1.4634578704834311, ""phungkhaccuong_2b1522e6_bef2_7"": 6.648465919494662}",duyphu_7aba420b_74ac_4209_b514,continuous_primal_dual_psd,6,20.007026703478584,20.007026703478584,0.0,"[1.0, 0.0, 0.0]",primal=Optimization terminated successfully; dual=outer=Optimization terminated successfully; inner=Optimization terminated successfully,1,-417.5022154323842,417.50221543238416,12.405291271206615,
linear,triple,nhoxinh_0c66c9c5_5cc2_46a8_9db+mrhungddddh_911f6275_22fd_4f41+mrhunghddddd_d692685b_fdb4_477,29.36963430729554,31.116679382324186,0,"[0.20000000000001272, 0.5120107928920746, 0.28798920710791265]","[0.4, 0.4, 0.2]",2.6041507720947266,"{""mrhungddddh_911f6275_22fd_4f41"": -31.116679382324186, ""mrhunghddddd_d692685b_fdb4_477"": -25.804153156280485, ""nhoxinh_0c66c9c5_5cc2_46a8_9db"": -29.474034976959196}",mrhungddddh_911f6275_22fd_4f41,continuous_primal_dual_psd,6,29.36963430729554,29.36963430729554,0.0,"[0.0, 0.0, 1.0]",primal=Optimization terminated successfully; dual=outer=Optimization terminated successfully; inner=Optimization terminated successfully,1,-0.8873978813610961,0.8873978813610928,29.369634307295534,
linear,triple,adammandic87_3d7a58a6_4380_4e3+laquythang_efe15045_778f_4dfa+versil91_63cd5c4a_5a68_4c25_bd,1.7799419626581607,-1.2677459843990424,1,"[0.2, 0.2, 0.6]","[0.2, 0.2, 0.6]",0.0,"{""adammandic87_3d7a58a6_4380_4e3"": 2.5493912191467087, ""laquythang_efe15045_778f_4dfa"": 1.4022796630859702, ""versil91_63cd5c4a_5a68_4c25_bd"": 1.2677459843990424}",versil91_63cd5c4a_5a68_4c25_bd,continuous_primal_dual_psd,6,1.7799419626581607,1.7799419626581607,0.0,"[1.0, 0.0, 0.0]",primal=Optimization terminated successfully; dual=outer=Optimization terminated successfully; inner=Optimization terminated successfully,1,-122.42605656321054,122.42605656321052,0.07747171893680563,
linear,triple,thaffggg_8a78a9b2_d3fa_4615_b8+nhoxinh_2f944a50_cbd3_4334_af8+versil91_121ef6e9_0ded_4fc3_8c,23.155517650237975,11.845114898681608,0,"[0.2, 0.2, 0.6]","[0.2, 0.2, 0.6]",0.0,"{""nhoxinh_2f944a50_cbd3_4334_af8"": -11.845114898681608, ""thaffggg_8a78a9b2_d3fa_4615_b8"": -6.7176372528075845, ""versil91_121ef6e9_0ded_4fc3_8c"": -10.700014305114713}",nhoxinh_2f944a50_cbd3_4334_af8,continuous_primal_dual_psd,6,23.155517650237975,23.155517650237975,0.0,"[0.0, 1.0, 0.0]",primal=Optimization terminated successfully; dual=outer=Optimization terminated successfully; inner=Optimization terminated successfully,1,-284.9746134755068,284.9746134755068,19.052282047271714,
linear,triple,versil91_8444c3be_8779_4769_a0+tuanna08go_6af2bb68_a65f_4331+mrhungddddh_fe499423_02f3_4cfd,7.527810380406563,0.151851738823786,0,"[0.32181216759460574, 0.47818783240882873, 0.1999999999965656]","[0.2, 0.6, 0.2]",0.5481482611762246,"{""mrhungddddh_fe499423_02f3_4cfd"": 4.949030208587679, ""tuanna08go_6af2bb68_a65f_4331"": -0.151851738823786, ""versil91_8444c3be_8779_4769_a0"": 0.5812449708712758}",tuanna08go_6af2bb68_a65f_4331,continuous_primal_dual_psd,6,7.527810380406563,7.52781038040211,4.452438417956728e-12,"[0.0, 0.0, 1.0]",primal=Positive directional derivative for linesearch; dual=outer=Optimization terminated successfully; inner=Optimization terminated successfully,1,-116.5552598888828,116.55525988888279,2.1684786849947564,
linear,triple,duyphu_4909ad74_a335_4972_9ed8+nbninh_a1f78795_1b61_4923_9235+hongngo_687b8c72_c89b_4cb7_b7c,12.732516425113005,21.770075035095182,0,"[0.2000000000000011, 0.4177419339973777, 0.38225806600262124]","[0.2, 0.4, 0.4]",0.0,"{""duyphu_4909ad74_a335_4972_9ed8"": -17.803004455566374, ""hongngo_687b8c72_c89b_4cb7_b7c"": -20.558694076538053, ""nbninh_a1f78795_1b61_4923_9235"": -21.770075035095182}",nbninh_a1f78795_1b61_4923_9235,continuous_primal_dual_psd,6,12.732516425113005,12.732516425112943,6.217248937900877e-14,"[0.9999999999999885, 0.0, 1.1490808304870238e-14]",primal=Optimization terminated successfully; dual=outer=Optimization terminated successfully; inner=Optimization terminated successfully,0,42.68898390041154,0.0,12.732516425113007,
linear,triple,tuanna08go_7647f014_8af3_4266+nbninh_0d8b128b_8753_46c3_b80f+mrhungddddh_9b1deaac_4565_48f2,17.578661546762262,0.7372718419964963,0,"[0.4690060197171201, 0.3309939802828685, 0.2000000000000114]","[0.6, 0.2, 0.2]",0.45603811376431125,"{""mrhungddddh_9b1deaac_4565_48f2"": 15.021142292022738, ""nbninh_0d8b128b_8753_46c3_b80f"": 28.35448675155643, ""tuanna08go_7647f014_8af3_4266"": -0.7372718419964963}",tuanna08go_7647f014_8af3_4266,continuous_primal_dual_psd,6,17.578661546762262,17.578661546762262,0.0,"[0.0, 1.0, 0.0]",primal=Optimization terminated successfully; dual=outer=Optimization terminated successfully; inner=Optimization terminated successfully,1,-164.67475298054677,164.6747529805468,-0.39438937595618595,
linear,triple,cunghoctienganh_4909ad74_a335+datlaaaaaaa_e8cccbe1_c136_409a+adammandic87_f28f18cf_4abb_4db,34.073803776167836,32.40455694198605,0,"[0.24179241649052724, 0.2, 0.5582075835094727]","[0.2, 0.2, 0.6]",0.0,"{""adammandic87_f28f18cf_4abb_4db"": -16.84218950271603, ""cunghoctienganh_4909ad74_a335"": -14.033344459533659, ""datlaaaaaaa_e8cccbe1_c136_409a"": -32.40455694198605}",datlaaaaaaa_e8cccbe1_c136_409a,continuous_primal_dual_psd,6,34.073803776167836,34.073803776167836,0.0,"[1.0, 0.0, 0.0]",primal=Optimization terminated successfully; dual=outer=Optimization terminated successfully; inner=Optimization terminated successfully,1,-471.5128223461086,471.5128223461085,26.365957767975008,
linear,triple,lhong4759_f68c5c87_934d_4399_b+phungkhaccuong_731c6dec_a942_4+denbeo_d9ae91c0_fed9_4fb4_8ddd,95.63367671966648,14.738479328155485,0,"[0.20000000000000456, 0.2, 0.5999999999999954]","[0.2, 0.6, 0.2]",32.91665315628052,"{""denbeo_d9ae91c0_fed9_4fb4_8ddd"": 2.368900108337435, ""lhong4759_f68c5c87_934d_4399_b"": -14.738479328155485, ""phungkhaccuong_731c6dec_a942_4"": -9.297767353057829}",lhong4759_f68c5c87_934d_4399_b,continuous_primal_dual_psd,6,95.63367671966648,95.63367671966648,0.0,"[1.0, 0.0, 0.0]",primal=Optimization terminated successfully; dual=outer=Optimization terminated successfully; inner=Optimization terminated successfully,1,-628.186892812271,628.2137420319305,90.47271318435675,
linear,triple,thaffggg_8a78a9b2_d3fa_4615_b8+denbeo_d9ae91c0_fed9_4fb4_8ddd+thaffggg_8c87f3d3_d4bb_475a_a8,146.52994340538677,74.794545841217,0,"[0.2, 0.2, 0.6]","[0.4, 0.2, 0.4]",7.852566242218018,"{""denbeo_d9ae91c0_fed9_4fb4_8ddd"": -59.35385532379147, ""thaffggg_8a78a9b2_d3fa_4615_b8"": -74.794545841217, ""thaffggg_8c87f3d3_d4bb_475a_a8"": -74.67873401641842}",thaffggg_8a78a9b2_d3fa_4615_b8,continuous_primal_dual_psd,6,146.52994340538677,146.52994340538677,0.0,"[1.0, 0.0, 0.0]",primal=Optimization terminated successfully; dual=outer=Optimization terminated successfully; inner=Optimization terminated successfully,1,-945.0194465698708,945.0194465698709,117.42348976135256,
linear,triple,tuanna08go_6af2bb68_a65f_4331+datlaaaaaaa_cc1f8701_0976_4f48+mrhunghddddd_d692685b_fdb4_477,51.355746700998,16.741684150695768,0,"[0.6000000000000063, 0.2000000000000088, 0.19999999999998486]","[0.6, 0.2, 0.2]",0.0,"{""datlaaaaaaa_cc1f8701_0976_4f48"": -16.741684150695768, ""mrhunghddddd_d692685b_fdb4_477"": -9.345844459533659, ""tuanna08go_6af2bb68_a65f_4331"": -1.477777777777779}",datlaaaaaaa_cc1f8701_0976_4f48,continuous_primal_dual_psd,6,51.355746700998,51.355746700998,0.0,"[0.0, 0.0, 1.0]",primal=Optimization terminated successfully; dual=outer=Optimization terminated successfully; inner=Optimization terminated successfully,1,-438.3343203399921,438.33432033999196,19.78655166626138,
linear,triple,taronklm_trained_model+nbninh_0d8b128b_8753_46c3_b80f+mrhunghd_9e58333c_df22_4a00_9c,-13.750078698649396,-0.7533967708562365,1,"[0.43263452822068277, 0.20000000000000004, 0.3673654717793172]","[0.6, 0.2, 0.2]",0.3829013548223255,"{""mrhunghd_9e58333c_df22_4a00_9c"": 48.88332777023319, ""nbninh_0d8b128b_8753_46c3_b80f"": 40.53797416687015, ""taronklm_trained_model"": 0.7533967708562365}",taronklm_trained_model,continuous_primal_dual_psd,6,-13.750078698649396,-13.750078698649396,0.0,"[0.0, 0.0, 1.0]",primal=Positive directional derivative for linesearch; dual=outer=Optimization terminated successfully; inner=Optimization terminated successfully,1,-891.3445865370111,891.344586537011,-32.98099560862711,
linear,triple,duyphu_4909ad74_a335_4972_9ed8+nbninh_c4ae10ba_efe4_401e_8dd7+mrhungddddh_9b1deaac_4565_48f2,5.663493968651082,16.485264968872038,0,"[0.2707802400062951, 0.44714126197172366, 0.28207849802198126]","[0.2, 0.6, 0.2]",2.906477451324463,"{""duyphu_4909ad74_a335_4972_9ed8"": -13.904407691955534, ""mrhungddddh_9b1deaac_4565_48f2"": 3.4346073150635092, ""nbninh_c4ae10ba_efe4_401e_8dd7"": -16.485264968872038}",nbninh_c4ae10ba_efe4_401e_8dd7,continuous_primal_dual_psd,6,5.663493968651082,5.663493968651082,0.0,"[0.0, 0.0, 1.0]",primal=Optimization terminated successfully; dual=outer=Optimization terminated successfully; inner=Optimization terminated successfully,1,-13.806669492229751,13.806669492229755,5.663493968651087,
linear,triple,cunghoctienganh_c1cf0152_7ae6+nbninh_a1f78795_1b61_4923_9235+hongngo_7e251dfc_e0f7_4f73_aae,59.32583518028259,20.804157924652067,0,"[0.2, 0.2, 0.6]","[0.6, 0.2, 0.2]",23.153436183929443,"{""cunghoctienganh_c1cf0152_7ae6"": -10.491648387908903, ""hongngo_7e251dfc_e0f7_4f73_aae"": -20.804157924652067, ""nbninh_a1f78795_1b61_4923_9235"": -20.434847545623747}",hongngo_7e251dfc_e0f7_4f73_aae,continuous_primal_dual_psd,6,59.32583518028259,59.32583518028259,0.0,"[0.0, 0.0, 1.0]",primal=Optimization terminated successfully; dual=outer=Optimization terminated successfully; inner=Optimization terminated successfully,1,-779.195914316374,779.195914316374,53.2116682052613,
linear,triple,versil91_01a5620a_fb5f_4bab_94+versil91_e9f26c47_9b78_4e3f_81+duyphu_7aba420b_74ac_4209_b514,3.721564650138459,1.131207277844793,0,"[0.22430572434403254, 0.20000000000000012, 0.5756942756559673]","[0.6, 0.2, 0.2]",21.283539674212058,"{""duyphu_7aba420b_74ac_4209_b514"": -0.652650070190397, ""versil91_01a5620a_fb5f_4bab_94"": -1.131207277844793, ""versil91_e9f26c47_9b78_4e3f_81"": -0.44999713896612825}",versil91_01a5620a_fb5f_4bab_94,continuous_primal_dual_psd,6,3.721564650138459,3.7215646501359494,2.509548124862704e-12,"[0.8281632923672209, 0.0, 0.17183670763277925]",primal=Optimization terminated successfully; dual=outer=Optimization terminated successfully; inner=Optimization terminated successfully,1,-159.61243702969298,159.612437029693,3.067072498071056,
linear,triple,nhung02_db2c9545_4607_487b_9cc+datlaaaaaaa_0dbe42c8_b07b_4785+datlaaaaaaa_e8cccbe1_c136_409a,78.69532930683508,52.37614221572873,0,"[0.2, 0.2, 0.6]","[0.2, 0.6, 0.2]",14.375007152557366,"{""datlaaaaaaa_0dbe42c8_b07b_4785"": -27.62308425903317, ""datlaaaaaaa_e8cccbe1_c136_409a"": -52.37614221572873, ""nhung02_db2c9545_4607_487b_9cc"": -50.61478919982907}",datlaaaaaaa_e8cccbe1_c136_409a,continuous_primal_dual_psd,6,78.69532930683508,78.69532930683508,0.0,"[0.0, 1.0, 0.0]",primal=Optimization terminated successfully; dual=outer=Optimization terminated successfully; inner=Optimization terminated successfully,1,-410.8642891443481,410.8642891443481,64.33636255264284,
linear,triple,cunghoctienganh_4909ad74_a335+nhoxinh_0c66c9c5_5cc2_46a8_9db+nhung02_08157847_d833_4d45_90f,65.60751309669602,54.65830869674679,0,"[0.2, 0.2, 0.6]","[0.2, 0.2, 0.6]",0.0,"{""cunghoctienganh_4909ad74_a335"": -54.65830869674679, ""nhoxinh_0c66c9c5_5cc2_46a8_9db"": -43.96922893524167, ""nhung02_08157847_d833_4d45_90f"": -31.917944622039762}",cunghoctienganh_4909ad74_a335,continuous_primal_dual_psd,6,65.60751309669602,65.6075130966894,6.622258297284134e-12,"[0.9999999999996112, 3.886890809212026e-13, 0.0]",primal=Optimization terminated successfully; dual=outer=Optimization terminated successfully; inner=Optimization terminated successfully,1,-635.0141421352042,635.0141421352042,63.304165077209525,
linear,triple,chauhoang_4909ad74_a335_4972_9+mrhungddddh_fe499423_02f3_4cfd+mrhungddddh_911f6275_22fd_4f41,45.54526218436878,49.241676998138395,0,"[0.2, 0.2, 0.6]","[0.4, 0.4, 0.2]",8.950304985046387,"{""chauhoang_4909ad74_a335_4972_9"": -42.443886470794645, ""mrhungddddh_911f6275_22fd_4f41"": -49.241676998138395, ""mrhungddddh_fe499423_02f3_4cfd"": -44.21762533187863}",mrhungddddh_911f6275_22fd_4f41,continuous_primal_dual_psd,6,45.54526218436878,45.54526218436861,1.7053025658242404e-13,"[0.9999999999999829, 0.0, 1.7097434579227117e-14]",primal=Optimization terminated successfully; dual=outer=Optimization terminated successfully; inner=Optimization terminated successfully,1,-53.430315045191925,53.43031504519194,43.40832538604737,
linear,triple,laquythang_efe15045_778f_4dfa+phungkhaccuong_2b1522e6_bef2_7+phungkhaccuong_a992b7f5_9d18_c,52.33533059080118,26.296594810485807,0,"[0.2, 0.2, 0.6]","[0.2, 0.6, 0.2]",34.65908765792847,"{""laquythang_efe15045_778f_4dfa"": -26.296594810485807, ""phungkhaccuong_2b1522e6_bef2_7"": -12.328782749175993, ""phungkhaccuong_a992b7f5_9d18_c"": -17.679157924652067}",laquythang_efe15045_778f_4dfa,continuous_primal_dual_psd,6,52.33533059080118,52.33533059080118,0.0,"[0.0, 1.0, 0.0]",primal=Optimization terminated successfully; dual=outer=Optimization terminated successfully; inner=Optimization terminated successfully,1,-860.2414479518152,860.2414479518151,39.17029209136962,
linear,triple,adammandic87_3d7a58a6_4380_4e3+cunghoctienganh_b7496e73_1762+hongngo_687b8c72_c89b_4cb7_b7c,27.857724109085847,23.41853685379025,0,"[0.2, 0.2, 0.6]","[0.6, 0.2, 0.2]",15.889406204223633,"{""adammandic87_3d7a58a6_4380_4e3"": -3.215738245846591, ""cunghoctienganh_b7496e73_1762"": -20.027640533447233, ""hongngo_687b8c72_c89b_4cb7_b7c"": -23.41853685379025}",hongngo_687b8c72_c89b_4cb7_b7c,continuous_primal_dual_psd,6,27.857724109085847,27.85772410908555,2.984279490192421e-13,"[0.0, 3.1807889655509725e-14, 0.9999999999999682]",primal=Optimization terminated successfully; dual=outer=Optimization terminated successfully; inner=Optimization terminated successfully,1,-504.2597617011086,504.25976170110846,17.695203495025623,
linear,triple,versil91_8444c3be_8779_4769_a0+duyphu_0112d9da_9934_4614_b233+versil91_474890ea_012d_4a25_96,13.74891536188289,4.3174297332763345,0,"[0.20000000000000534, 0.2, 0.5999999999999946]","[0.4, 0.2, 0.4]",2.954554557800293,"{""duyphu_0112d9da_9934_4614_b233"": -4.3174297332763345, ""versil91_474890ea_012d_4a25_96"": -4.0214350233255205, ""versil91_8444c3be_8779_4769_a0"": -1.1687487706574362}",duyphu_0112d9da_9934_4614_b233,continuous_primal_dual_psd,6,13.74891536188289,13.748915361882883,7.105427357601002e-15,"[1.4432899320127015e-15, 0.0, 0.9999999999999987]",primal=Optimization terminated successfully; dual=outer=Optimization terminated successfully; inner=Optimization terminated successfully,1,-148.47521491130436,148.47521491130436,8.313635063171315,
linear,triple,tuanna08go_7647f014_8af3_4266+nhoxinh_9214fc0d_4490_4bdd_9ff+versil91_63cd5c4a_5a68_4c25_bd,0.0008163582536213632,0.9840876579284341,0,"[0.4409999959603112, 0.2, 0.3590000040396888]","[0.6, 0.2, 0.2]",1.6287922859191895,"{""nhoxinh_9214fc0d_4490_4bdd_9ff"": -0.9840876579284341, ""tuanna08go_7647f014_8af3_4266"": -0.05127353997129046, ""versil91_63cd5c4a_5a68_4c25_bd"": 1.9774340023848}",nhoxinh_9214fc0d_4490_4bdd_9ff,continuous_primal_dual_psd,6,0.0008163582536213632,0.0008163582536213632,0.0,"[1.0, 0.0, 0.0]",primal=Optimization terminated successfully; dual=outer=Optimization terminated successfully; inner=Optimization terminated successfully,0,10.999261407187992,0.0,0.0008163582536212521,
linear,triple,tuanna08go_c1cf0152_7ae6_43b6+hongngo_9d92894f_7b7b_49e0_8f3+nblinh63_0eb73af3_0631_437a_ad,41.05742564335898,14.275184345245329,0,"[0.200000000000012, 0.3774367021022307, 0.4225632978977574]","[0.6, 0.2, 0.2]",13.025927543640137,"{""hongngo_9d92894f_7b7b_49e0_8f3"": -14.275184345245329, ""nblinh63_0eb73af3_0631_437a_ad"": -11.182954978942838, ""tuanna08go_c1cf0152_7ae6_43b6"": -10.899606418609586}",hongngo_9d92894f_7b7b_49e0_8f3,continuous_primal_dual_psd,6,41.05742564335898,41.05742564335898,0.0,"[1.0, 0.0, 0.0]",primal=Optimization terminated successfully; dual=outer=Optimization terminated successfully; inner=Optimization terminated successfully,1,-188.02808903361628,188.0280890336163,32.335473331138815,
linear,triple,chauhoang_2aa4f343_5524_f86e_b+nhoxinh_2f944a50_cbd3_4334_af8+nhung03_7b6cdc3c_7130_4c2c_a2c,83.09591235211369,44.01949949264523,0,"[0.2, 0.2, 0.6]","[0.4, 0.4, 0.2]",19.84555721282959,"{""chauhoang_2aa4f343_5524_f86e_b"": -42.182377052307096, ""nhoxinh_2f944a50_cbd3_4334_af8"": -44.01949949264523, ""nhung03_7b6cdc3c_7130_4c2c_a2c"": -22.911539745330778}",nhoxinh_2f944a50_cbd3_4334_af8,continuous_primal_dual_psd,6,83.09591235211369,83.09591235211369,0.0,"[0.0, 0.0, 1.0]",primal=Optimization terminated successfully; dual=outer=Optimization terminated successfully; inner=Optimization terminated successfully,1,-645.5874892620662,645.5874892620662,63.75872201919556,
linear,triple,laquythang_8444c3be_8779_4769+adammandic87_f28f18cf_4abb_4db+versil91_121ef6e9_0ded_4fc3_8c,38.873428737261975,24.241676998138395,0,"[0.20000000000005444, 0.21894442031378478, 0.5810555796861607]","[0.2, 0.2, 0.6]",0.0,"{""adammandic87_f28f18cf_4abb_4db"": -7.357934188842741, ""laquythang_8444c3be_8779_4769"": -22.991672229766813, ""versil91_121ef6e9_0ded_4fc3_8c"": -24.241676998138395}",versil91_121ef6e9_0ded_4fc3_8c,continuous_primal_dual_psd,6,38.873428737261975,38.873428737261975,0.0,"[0.0, 1.0, 0.0]",primal=Optimization terminated successfully; dual=outer=Optimization terminated successfully; inner=Optimization terminated successfully,1,-412.12101240010463,412.12101240010475,27.788202799528438,
linear,triple,lhong4759_f68c5c87_934d_4399_b+nhoxinh_0c66c9c5_5cc2_46a8_9db+nblinh63_0eb73af3_0631_437a_ad,79.44988502899567,47.74327583312985,0,"[0.2, 0.2, 0.6]","[0.6, 0.2, 0.2]",5.360591411590576,"{""lhong4759_f68c5c87_934d_4399_b"": -47.74327583312985, ""nblinh63_0eb73af3_0631_437a_ad"": -32.40673847198483, ""nhoxinh_0c66c9c5_5cc2_46a8_9db"": -46.99808664321896}",lhong4759_f68c5c87_934d_4399_b,continuous_primal_dual_psd,6,79.44988502899567,79.44988502899567,0.0,"[1.0, 0.0, 0.0]",primal=Optimization terminated successfully; dual=outer=Optimization terminated successfully; inner=Optimization terminated successfully,1,-597.9241831197264,597.9241831197264,57.878020477294896,
linear,triple,taronklm_trained_model+laquythang_efe15045_778f_4dfa+phungkhaccuong_2b1522e6_bef2_7,-27.728502271254683,-0.7406257509983487,1,"[0.444604341822768, 0.2000000000000006, 0.3553956581772314]","[0.6, 0.2, 0.2]",0.5154175167328823,"{""laquythang_efe15045_778f_4dfa"": 63.54716711044315, ""phungkhaccuong_2b1522e6_bef2_7"": 41.402265357971224, ""taronklm_trained_model"": 0.7406257509983487}",taronklm_trained_model,continuous_primal_dual_psd,6,-27.728502271254683,-27.728502271254683,0.0,"[1.0, 0.0, 0.0]",primal=Optimization terminated successfully; dual=outer=Optimization terminated successfully; inner=Optimization terminated successfully,0,53.37675218281505,0.0,-27.72850227125464,
linear,triple,phungkhaccuong_731c6dec_a942_4+hongngo_9d92894f_7b7b_49e0_8f3+versil91_474890ea_012d_4a25_96,15.022900772095646,9.161546897888151,0,"[0.20000000000000046, 0.20000000000000584, 0.5999999999999936]","[0.2, 0.2, 0.6]",0.0,"{""hongngo_9d92894f_7b7b_49e0_8f3"": 2.48180322647098, ""phungkhaccuong_731c6dec_a942_4"": -9.161546897888151, ""versil91_474890ea_012d_4a25_96"": -8.985708213340716}",phungkhaccuong_731c6dec_a942_4,continuous_primal_dual_psd,6,15.022900772095646,15.022900772095646,0.0,"[0.0, 1.0, 0.0]",primal=Optimization terminated successfully; dual=outer=Optimization terminated successfully; inner=Optimization terminated successfully,1,-218.24943496150624,238.7753069673969,7.783332538605343,
linear,triple,chauhoang_2aa4f343_5524_f86e_b+thaffggg_8c87f3d3_d4bb_475a_a8+datlaaaaaaa_e8cccbe1_c136_409a,48.86766381263729,39.251139831542936,0,"[0.2, 0.2, 0.6]","[0.2, 0.2, 0.6]",0.0,"{""chauhoang_2aa4f343_5524_f86e_b"": -25.074997615814176, ""datlaaaaaaa_e8cccbe1_c136_409a"": -39.251139831542936, ""thaffggg_8c87f3d3_d4bb_475a_a8"": -18.551114273071256}",datlaaaaaaa_e8cccbe1_c136_409a,continuous_primal_dual_psd,6,48.86766381263729,48.86766381263729,0.0,"[1.0, 0.0, 0.0]",primal=Optimization terminated successfully; dual=outer=Optimization terminated successfully; inner=Optimization terminated successfully,1,-957.2528015888322,961.1146717490093,22.470834922790445,
linear,triple,duyphu_0112d9da_9934_4614_b233+mrhunghd_9e58333c_df22_4a00_9c+nhung02_db2c9545_4607_487b_9cc,90.82039071696795,40.222159099578825,0,"[0.2175387737205502, 0.20000000000000712, 0.5824612262794426]","[0.6, 0.2, 0.2]",51.102840900421135,"{""duyphu_0112d9da_9934_4614_b233"": -40.222159099578825, ""mrhunghd_9e58333c_df22_4a00_9c"": -33.82500715255734, ""nhung02_db2c9545_4607_487b_9cc"": -38.654568862915006}",duyphu_0112d9da_9934_4614_b233,continuous_primal_dual_psd,6,90.82039071696795,90.82039071694481,2.3135271476348862e-11,"[0.0, 0.1311439735891479, 0.8688560264108521]",primal=Optimization terminated successfully; dual=outer=Optimization terminated successfully; inner=Optimization terminated successfully,1,-618.1043265915087,618.1043265915087,90.80915469161974,
linear,triple,datlaaaaaaa_cc1f8701_0976_4f48+duyphu_4909ad74_a335_4972_9ed8+nbninh_0d8b128b_8753_46c3_b80f,51.335832904878615,28.882554244995085,0,"[0.2701194929588286, 0.38903614537979053, 0.3408443616613809]","[0.2, 0.4, 0.4]",0.0,"{""datlaaaaaaa_cc1f8701_0976_4f48"": -25.491657924652067, ""duyphu_4909ad74_a335_4972_9ed8"": -28.882554244995085, ""nbninh_0d8b128b_8753_46c3_b80f"": -13.376286697387663}",duyphu_4909ad74_a335_4972_9ed8,continuous_primal_dual_psd,6,51.335832904878615,51.335832904878615,0.0,"[0.0, 0.0, 1.0]",primal=Optimization terminated successfully; dual=outer=Optimization terminated successfully; inner=Optimization terminated successfully,1,-30.83307194659639,30.833071946596355,51.33583290487863,
linear,triple,cunghoctienganh_b7496e73_1762+chauhoang_4909ad74_a335_4972_9+nhoxinh_9214fc0d_4490_4bdd_9ff,40.00986270555413,39.76248807907101,0,"[0.2635228707084134, 0.46370598439059096, 0.27277114490099563]","[0.4, 0.4, 0.2]",18.03978681564331,"{""chauhoang_4909ad74_a335_4972_9"": -23.13443727493283, ""cunghoctienganh_b7496e73_1762"": -39.76248807907101, ""nhoxinh_9214fc0d_4490_4bdd_9ff"": -23.943737220764127}",cunghoctienganh_b7496e73_1762,continuous_primal_dual_psd,6,40.00986270555413,40.00986270554836,5.7696070143720135e-12,"[2.8379036189223485e-13, 0.2735606425989925, 0.7264393574007237]",primal=Optimization terminated successfully; dual=outer=Optimization terminated successfully; inner=Optimization terminated successfully,1,-285.05696445145776,285.05696445145776,40.009862705554134,
linear,triple,adammandic87_3d7a58a6_4380_4e3+tuanna08go_c1cf0152_7ae6_43b6+hongngo_687b8c72_c89b_4cb7_b7c,-0.39894457350734963,0.9797245979308755,0,"[0.45204505584125354, 0.34795494415875755, 0.19999999999998885]","[0.6, 0.2, 0.2]",0.11363029479980469,"{""adammandic87_3d7a58a6_4380_4e3"": -0.7145314909006968, ""hongngo_687b8c72_c89b_4cb7_b7c"": -0.9797245979308755, ""tuanna08go_c1cf0152_7ae6_43b6"": -0.29790706634518216}",hongngo_687b8c72_c89b_4cb7_b7c,continuous_primal_dual_psd,6,-0.39894457350734963,-0.39894457350734963,0.0,"[1.0, 0.0, 0.0]",primal=Optimization terminated successfully; dual=outer=Optimization terminated successfully; inner=Optimization terminated successfully,0,1.921228841208297,0.0,-0.39894457350734963,
linear,triple,cunghoctienganh_c1cf0152_7ae6+mrhungddddh_fe499423_02f3_4cfd+mrhunghddddd_d692685b_fdb4_477,95.90675951462843,30.515697669982877,0,"[0.2000000000000018, 0.20540529829569718, 0.5945947017043011]","[0.6, 0.2, 0.2]",34.66347455978393,"{""cunghoctienganh_c1cf0152_7ae6"": -20.908334922790495, ""mrhungddddh_fe499423_02f3_4cfd"": -30.515697669982877, ""mrhunghddddd_d692685b_fdb4_477"": -29.97085161209103}",mrhungddddh_fe499423_02f3_4cfd,continuous_primal_dual_psd,6,95.90675951462843,95.90675951462677,1.6626700016786344e-12,"[0.0, 0.0660312050503835, 0.9339687949496164]",primal=Optimization terminated successfully; dual=outer=Optimization terminated successfully; inner=Optimization terminated successfully,1,-841.0985415693099,841.3518537506483,83.84828926793244,
linear,triple,nhung02_08157847_d833_4d45_90f+mrhungddddh_911f6275_22fd_4f41+versil91_63cd5c4a_5a68_4c25_bd,1.215916584186747,2.8290419040095207,0,"[0.2, 0.4245770616062203, 0.3754229383937797]","[0.2, 0.2, 0.6]",0.7876040997135911,"{""mrhungddddh_911f6275_22fd_4f41"": 0.5500047683716147, ""nhung02_08157847_d833_4d45_90f"": 0.5500047683716147, ""versil91_63cd5c4a_5a68_4c25_bd"": -2.8290419040095207}",versil91_63cd5c4a_5a68_4c25_bd,continuous_primal_dual_psd,6,1.215916584186747,1.215916584186747,0.0,"[1.0, 0.0, 0.0]",primal=Optimization terminated successfully; dual=outer=Optimization terminated successfully; inner=Optimization terminated successfully,1,-11.947198002620075,11.947198002620075,1.1866459437457588,
linear,triple,nbninh_c4ae10ba_efe4_401e_8dd7+adammandic87_f28f18cf_4abb_4db+versil91_121ef6e9_0ded_4fc3_8c,0.5189634420653009,4.0143877983092935,0,"[0.2, 0.2, 0.6]","[0.2, 0.2, 0.6]",0.0,"{""adammandic87_f28f18cf_4abb_4db"": 7.306989955902132, ""nbninh_c4ae10ba_efe4_401e_8dd7"": -4.0143877983092935, ""versil91_121ef6e9_0ded_4fc3_8c"": 6.487497615814242}",nbninh_c4ae10ba_efe4_401e_8dd7,continuous_primal_dual_psd,6,0.5189634420653009,0.5189634420653008,1.1102230246251565e-16,"[0.999999999999999, 0.0, 9.436895709313825e-16]",primal=Optimization terminated successfully; dual=outer=Optimization terminated successfully; inner=Optimization terminated successfully,1,-61.352261679461414,61.35226167946142,0.2351951347622642,
linear,triple,thaffggg_8a78a9b2_d3fa_4615_b8+datlaaaaaaa_0dbe42c8_b07b_4785+nhung03_7b6cdc3c_7130_4c2c_a2c,160.7914393707951,65.98046131134029,0,"[0.2, 0.2, 0.6]","[0.4, 0.4, 0.2]",8.173072338104248,"{""datlaaaaaaa_0dbe42c8_b07b_4785"": -57.91154212951657, ""nhung03_7b6cdc3c_7130_4c2c_a2c"": -65.98046131134029, ""thaffggg_8a78a9b2_d3fa_4615_b8"": -62.77531690597531}",nhung03_7b6cdc3c_7130_4c2c_a2c,continuous_primal_dual_psd,6,160.7914393707951,160.7914393707951,0.0,"[0.0, 0.0, 1.0]",primal=Optimization terminated successfully; dual=outer=Optimization terminated successfully; inner=Optimization terminated successfully,1,-1557.8696480454364,1557.8696480454366,106.49544305801399,
ties,pair,lhong4759_f68c5c87_934d_4399_b+tuanna08go_6af2bb68_a65f_4331,-2.9950862407678738,2.679172229766813,0,"[0.2000000000000085, 0.7999999999999915]","[0.2, 0.8]",0.0,"{""lhong4759_f68c5c87_934d_4399_b"": -2.679172229766813, ""tuanna08go_6af2bb68_a65f_4331"": -0.4851850721571193}",lhong4759_f68c5c87_934d_4399_b,continuous_primal_dual_psd,4,-2.9950862407678738,-2.9950862407678738,0.0,"[1.0, 0.0]",primal=Optimization terminated successfully; dual=outer=Optimization terminated successfully; inner=Optimization terminated successfully,1,-125.00032782554625,125.00032782554625,-4.379030394554008,
ties,pair,versil91_e9f26c47_9b78_4e3f_81+cunghoctienganh_b7496e73_1762,0.5235863696103061,0.04659004211422513,0,"[0.8, 0.19999999999999996]","[0.8, 0.2]",0.0,"{""cunghoctienganh_b7496e73_1762"": -0.04659004211422513, ""versil91_e9f26c47_9b78_4e3f_81"": 0.05000286103387172}",cunghoctienganh_b7496e73_1762,continuous_primal_dual_psd,4,0.5235863696103061,0.5235863696103061,0.0,"[1.0, 0.0]",primal=Optimization terminated successfully; dual=outer=Optimization terminated successfully; inner=Optimization terminated successfully,0,3.066016262093637,0.0,0.5235863696103061,
ties,pair,chauhoang_2aa4f343_5524_f86e_b+mrhungddddh_911f6275_22fd_4f41,8.998305273055998,12.991669845581022,0,"[0.2, 0.8]","[0.6, 0.4]",2.3397326469421387,"{""chauhoang_2aa4f343_5524_f86e_b"": -12.526920509338346, ""mrhungddddh_911f6275_22fd_4f41"": -12.991669845581022}",mrhungddddh_911f6275_22fd_4f41,continuous_primal_dual_psd,4,8.998305273055998,8.998305273055998,0.0,"[1.0, 0.0]",primal=Optimization terminated successfully; dual=outer=Optimization terminated successfully; inner=Optimization terminated successfully,1,-96.59051895141606,96.59051895141606,7.8788799762725485,
ties,pair,versil91_01a5620a_fb5f_4bab_94+mrhungddddh_9b1deaac_4565_48f2,-2.198826047732515,3.0513620828307197,0,"[0.5274998444318207, 0.47250015556817926]","[0.6, 0.4]",0.0,"{""mrhungddddh_9b1deaac_4565_48f2"": -1.6134650230407388, ""versil91_01a5620a_fb5f_4bab_94"": -3.0513620828307197}",versil91_01a5620a_fb5f_4bab_94,continuous_primal_dual_psd,4,-2.198826047732515,-2.198826047732515,0.0,"[1.0, 0.0]",primal=Optimization terminated successfully; dual=outer=Optimization terminated successfully; inner=Optimization terminated successfully,0,54.054197210107965,0.0,-2.198826047732516,
ties,pair,tuanna08go_c1cf0152_7ae6_43b6+phungkhaccuong_a992b7f5_9d18_c,3.537243427924585,2.679160308837858,0,"[0.7361712262252478, 0.2638287737747522]","[0.8, 0.2]",0.0,"{""phungkhaccuong_a992b7f5_9d18_c"": -2.679160308837858, ""tuanna08go_c1cf0152_7ae6_43b6"": 0.8151500701904624}",phungkhaccuong_a992b7f5_9d18_c,continuous_primal_dual_psd,4,3.537243427924585,3.537243427924585,0.0,"[0.0, 1.0]",primal=Optimization terminated successfully; dual=outer=Optimization terminated successfully; inner=Optimization terminated successfully,0,23.437887430191015,0.0,3.537243427924585,
ties,pair,thaffggg_8a78a9b2_d3fa_4615_b8+cunghoctienganh_c1cf0152_7ae6,5.237746906280636,2.550962638854948,0,"[0.2000000000000044, 0.7999999999999956]","[0.4, 0.6]",0.9615302085876465,"{""cunghoctienganh_c1cf0152_7ae6"": -1.116660308837858, ""thaffggg_8a78a9b2_d3fa_4615_b8"": -2.550962638854948}",thaffggg_8a78a9b2_d3fa_4615_b8,continuous_primal_dual_psd,4,5.237746906280636,5.237746906280636,0.0,"[5.551115123125783e-17, 1.0]",primal=Optimization terminated successfully; dual=outer=Optimization terminated successfully; inner=Optimization terminated successfully,1,-0.05468726158144747,0.05468726158144747,5.2366531610490075,
ties,pair,nhoxinh_0c66c9c5_5cc2_46a8_9db+mrhunghddddd_d692685b_fdb4_477,17.849503055421856,19.76250715255734,0,"[0.4281192858781862, 0.5718807141218138]","[0.4, 0.6]",0.0,"{""mrhunghddddd_d692685b_fdb4_477"": -17.679169845581022, ""nhoxinh_0c66c9c5_5cc2_46a8_9db"": -19.76250715255734}",nhoxinh_0c66c9c5_5cc2_46a8_9db,continuous_primal_dual_psd,4,17.849503055421856,17.849503055421856,0.0,"[1.0, 0.0]",primal=Optimization terminated successfully; dual=outer=Optimization terminated successfully; inner=Optimization terminated successfully,0,79.3090462684631,0.0,17.849503055421856,
ties,pair,nhung02_db2c9545_4607_487b_9cc+adammandic87_f28f18cf_4abb_4db,8.846071863241583,1.1545450210570962,0,"[0.22154409689367321, 0.7784559031063267]","[0.2, 0.8]",0.0,"{""adammandic87_f28f18cf_4abb_4db"": -0.37801570892330716, ""nhung02_db2c9545_4607_487b_9cc"": -1.1545450210570962}",nhung02_db2c9545_4607_487b_9cc,continuous_primal_dual_psd,4,8.846071863241583,8.846071863241027,5.559996907322784e-13,"[0.5895397207138586, 0.41046027928614137]",primal=Optimization terminated successfully; dual=outer=Optimization terminated successfully; inner=Optimization terminated successfully,0,283.8538587093352,0.0,8.846071863241583,
ties,pair,nbninh_a1f78795_1b61_4923_9235+datlaaaaaaa_0dbe42c8_b07b_4785,10.825002861022922,11.287108135223356,0,"[0.2, 0.8]","[0.8, 0.2]",0.5208373069763184,"{""datlaaaaaaa_0dbe42c8_b07b_4785"": -6.429162693023649, ""nbninh_a1f78795_1b61_4923_9235"": -11.287108135223356}",nbninh_a1f78795_1b61_4923_9235,continuous_primal_dual_psd,4,10.825002861022922,10.825002861022922,0.0,"[0.0, 1.0]",primal=Optimization terminated successfully; dual=outer=Optimization terminated successfully; inner=Optimization terminated successfully,1,-34.090578556060784,34.090578556060784,10.143191289901706,
ties,pair,duyphu_7aba420b_74ac_4209_b514+chauhoang_4909ad74_a335_4972_9,17.877558355154463,13.167229366302458,0,"[0.4864339023019846, 0.5135660976980154]","[0.6, 0.4]",3.267037868499756,"{""chauhoang_4909ad74_a335_4972_9"": -5.208304595947233, ""duyphu_7aba420b_74ac_4209_b514"": -13.167229366302458}",duyphu_7aba420b_74ac_4209_b514,continuous_primal_dual_psd,4,17.877558355154463,17.877558355153756,7.069900220812997e-13,"[0.9535866538191101, 0.04641334618088987]",primal=Optimization terminated successfully; dual=outer=Optimization terminated successfully; inner=Optimization terminated successfully,1,-31.249672174453746,31.249672174453746,17.877558355154463,
ties,pair,laquythang_8444c3be_8779_4769+duyphu_4909ad74_a335_4972_9ed8,32.05109066963194,22.05416269302365,0,"[0.2, 0.8]","[0.6, 0.4]",9.613204002380371,"{""duyphu_4909ad74_a335_4972_9ed8"": -21.927407455444303, ""laquythang_8444c3be_8779_4769"": -22.05416269302365}",laquythang_8444c3be_8779_4769,continuous_primal_dual_psd,4,32.05109066963194,32.05109066963194,0.0,"[1.0, 0.0]",primal=Optimization terminated successfully; dual=outer=Optimization terminated successfully; inner=Optimization terminated successfully,1,-44.45284605026254,44.45284605026254,31.16203374862669,
ties,pair,nbninh_c4ae10ba_efe4_401e_8dd7+nblinh63_0eb73af3_0631_437a_ad,2.5750047683715245,0.6562978744506509,0,"[0.8, 0.19999999999999996]","[0.8, 0.2]",0.0,"{""nblinh63_0eb73af3_0631_437a_ad"": 11.961719322204623, ""nbninh_c4ae10ba_efe4_401e_8dd7"": -0.6562978744506509}",nbninh_c4ae10ba_efe4_401e_8dd7,continuous_primal_dual_psd,4,2.5750047683715245,2.5750047683715245,0.0,"[0.0, 1.0]",primal=Optimization terminated successfully; dual=outer=Optimization terminated successfully; inner=Optimization terminated successfully,0,3.388755286998954e-16,0.0,2.575004768371528,
ties,pair,nbninh_0d8b128b_8753_46c3_b80f+thaffggg_8c87f3d3_d4bb_475a_a8,15.750075912204654,-3.3625095367431967,1,"[0.40234534406021527, 0.5976546559397847]","[0.4, 0.6]",0.0,"{""nbninh_0d8b128b_8753_46c3_b80f"": 3.3625095367431967, ""thaffggg_8c87f3d3_d4bb_475a_a8"": 3.542420196533236}",nbninh_0d8b128b_8753_46c3_b80f,continuous_primal_dual_psd,4,15.750075912204654,15.750075912204654,0.0,"[1.0, 0.0]",primal=Optimization terminated successfully; dual=outer=Optimization terminated successfully; inner=Optimization terminated successfully,0,11.718869209289469,0.0,15.750075912204652,
ties,pair,nhoxinh_9214fc0d_4490_4bdd_9ff+mrhunghd_9e58333c_df22_4a00_9c,5.920498034567441,9.445622634887663,0,"[0.46651843006343247, 0.5334815699365676]","[0.6, 0.4]",2.712714672088623,"{""mrhunghd_9e58333c_df22_4a00_9c"": -3.8249999999999673, ""nhoxinh_9214fc0d_4490_4bdd_9ff"": -9.445622634887663}",nhoxinh_9214fc0d_4490_4bdd_9ff,continuous_primal_dual_psd,4,5.920498034567441,5.920498034567441,0.0,"[1.0, 5.551115123125783e-17]",primal=Optimization terminated successfully; dual=outer=Optimization terminated successfully; inner=Optimization terminated successfully,0,75.3475725650787,0.0,5.920498034567444,
ties,pair,taronklm_trained_model+mrhungddddh_fe499423_02f3_4cfd,-31.35729067325599,-0.38240720856150934,1,"[0.8, 0.19999999999999996]","[0.8, 0.2]",0.0,"{""mrhungddddh_fe499423_02f3_4cfd"": 49.26393918991092, ""taronklm_trained_model"": 0.38240720856150934}",taronklm_trained_model,continuous_primal_dual_psd,4,-31.35729067325599,-31.35729067325599,0.0,"[1.0, 0.0]",primal=Optimization terminated successfully; dual=outer=Optimization terminated successfully; inner=Optimization terminated successfully,0,321.6148912906647,0.0,-31.35729067325599,
ties,pair,tuanna08go_7647f014_8af3_4266+hongngo_687b8c72_c89b_4cb7_b7c,1.3888805216415345,0.173450009243481,0,"[0.5508387089216785, 0.4491612910783215]","[0.6, 0.4]",0.0,"{""hongngo_687b8c72_c89b_4cb7_b7c"": 1.7096727371216147, ""tuanna08go_7647f014_8af3_4266"": -0.173450009243481}",tuanna08go_7647f014_8af3_4266,continuous_primal_dual_psd,4,1.3888805216415345,1.388880521641534,4.440892098500626e-16,"[0.985958442787012, 0.014041557212988045]",primal=Optimization terminated successfully; dual=outer=Optimization terminated successfully; inner=Optimization terminated successfully,1,-3.6673572527379537,3.6673572527379537,1.388880521641513,
ties,pair,laquythang_efe15045_778f_4dfa+versil91_63cd5c4a_5a68_4c25_bd,-0.39308273828236207,-0.1709728626223213,1,"[0.2, 0.8]","[0.2, 0.8]",0.0,"{""laquythang_efe15045_778f_4dfa"": 0.1806943893432944, ""versil91_63cd5c4a_5a68_4c25_bd"": 0.1709728626223213}",versil91_63cd5c4a_5a68_4c25_bd,continuous_primal_dual_psd,4,-0.39308273828236207,-0.39308273828236207,0.0,"[0.0, 1.0]",primal=Optimization terminated successfully; dual=outer=Optimization terminated successfully; inner=Optimization terminated successfully,1,-14.389043577191956,14.389043577191956,-0.6808636098262013,
ties,pair,cunghoctienganh_4909ad74_a335+nhoxinh_2f944a50_cbd3_4334_af8,5.604688000678983,7.229736518859831,0,"[0.2, 0.8]","[0.2, 0.8]",0.0,"{""cunghoctienganh_4909ad74_a335"": 3.570839691162142, ""nhoxinh_2f944a50_cbd3_4334_af8"": -7.229736518859831}",nhoxinh_2f944a50_cbd3_4334_af8,continuous_primal_dual_psd,4,5.604688000678983,5.604688000678983,0.0,"[1.0, 5.551115123125783e-17]",primal=Optimization terminated successfully; dual=outer=Optimization terminated successfully; inner=Optimization terminated successfully,0,13.193935155868507,0.0,5.604688000678983,
ties,pair,datlaaaaaaa_cc1f8701_0976_4f48+versil91_121ef6e9_0ded_4fc3_8c,5.479291152954065,4.554167461395231,0,"[0.2, 0.8]","[0.2, 0.8]",0.0,"{""datlaaaaaaa_cc1f8701_0976_4f48"": -4.554167461395231, ""versil91_121ef6e9_0ded_4fc3_8c"": -4.554167461395231}",datlaaaaaaa_cc1f8701_0976_4f48+versil91_121ef6e9_0ded_4fc3_8c,continuous_primal_dual_psd,4,5.479291152954065,5.479291152954065,0.0,"[1.0, 0.0]",primal=Optimization terminated successfully; dual=outer=Optimization terminated successfully; inner=Optimization terminated successfully,1,-18.056184053421145,18.056184053421145,5.118167471885642,
ties,pair,adammandic87_3d7a58a6_4380_4e3+phungkhaccuong_731c6dec_a942_4,0.22145233100451456,-0.02915554046634128,1,"[0.40856097475978254, 0.5914390252402175]","[0.8, 0.2]",0.20831823348999023,"{""adammandic87_3d7a58a6_4380_4e3"": 0.5663398221927746, ""phungkhaccuong_731c6dec_a942_4"": 0.02915554046634128}",phungkhaccuong_731c6dec_a942_4,continuous_primal_dual_psd,4,0.22145233100451456,0.22145233100443018,8.43769498715119e-14,"[0.44879804148290237, 0.5512019585170976]",primal=Optimization terminated successfully; dual=outer=Optimization terminated successfully; inner=Optimization terminated successfully,1,-1.119401232388439,1.119401232388439,0.22145233100451456,
ties,pair,duyphu_0112d9da_9934_4614_b233+denbeo_d9ae91c0_fed9_4fb4_8ddd,37.0285583257675,10.472729873657194,0,"[0.7999999999999993, 0.20000000000000073]","[0.8, 0.2]",0.0,"{""denbeo_d9ae91c0_fed9_4fb4_8ddd"": -2.8874904632568033, ""duyphu_0112d9da_9934_4614_b233"": -10.472729873657194}",duyphu_0112d9da_9934_4614_b233,continuous_primal_dual_psd,4,37.0285583257675,37.0285583257675,0.0,"[0.0, 1.0]",primal=Optimization terminated successfully; dual=outer=Optimization terminated successfully; inner=Optimization terminated successfully,1,-71.25928997993468,71.25928997993468,14.225585532188447,
ties,pair,phungkhaccuong_2b1522e6_bef2_7+nhung03_7b6cdc3c_7130_4c2c_a2c,13.863353522418166,0.9564311027526529,0,"[0.3209516579500087, 0.6790483420499913]","[0.8, 0.2]",10.913455486297607,"{""nhung03_7b6cdc3c_7130_4c2c_a2c"": -0.9564311027526529, ""phungkhaccuong_2b1522e6_bef2_7"": 7.87954025268558}",nhung03_7b6cdc3c_7130_4c2c_a2c,continuous_primal_dual_psd,4,13.863353522418166,13.863353522408227,9.938716516444401e-12,"[0.5386323749634813, 0.4613676250365188]",primal=Optimization terminated successfully; dual=outer=Optimization terminated successfully; inner=Optimization terminated successfully,1,-128.60566377639768,128.60566377639768,13.863353522418166,
ties,pair,hongngo_7e251dfc_e0f7_4f73_aae+nhung02_08157847_d833_4d45_90f,19.610038471221905,6.817415428161588,0,"[0.20000000000000429, 0.7999999999999957]","[0.8, 0.2]",3.39963436126709,"{""hongngo_7e251dfc_e0f7_4f73_aae"": -6.817415428161588, ""nhung02_08157847_d833_4d45_90f"": 2.553197669982943}",hongngo_7e251dfc_e0f7_4f73_aae,continuous_primal_dual_psd,4,19.610038471221905,19.610038471221905,0.0,"[0.0, 1.0]",primal=Optimization terminated successfully; dual=outer=Optimization terminated successfully; inner=Optimization terminated successfully,1,-46.87488079071045,46.87488079071045,19.610038471221905,
ties,pair,versil91_8444c3be_8779_4769_a0+datlaaaaaaa_e8cccbe1_c136_409a,6.39740831851957,8.881822299957243,0,"[0.8, 0.19999999999999996]","[0.8, 0.2]",0.0,"{""datlaaaaaaa_e8cccbe1_c136_409a"": -8.881822299957243, ""versil91_8444c3be_8779_4769_a0"": -0.4500008940673375}",datlaaaaaaa_e8cccbe1_c136_409a,continuous_primal_dual_psd,4,6.39740831851957,6.39740831851957,0.0,"[1.0, 0.0]",primal=Optimization terminated successfully; dual=outer=Optimization terminated successfully; inner=Optimization terminated successfully,1,-10.644644498825093,10.644644498825093,2.9911220788955397,
ties,pair,hongngo_9d92894f_7b7b_49e0_8f3+versil91_474890ea_012d_4a25_96,2.6886055299243568,5.297914218902555,0,"[0.25536470265856676, 0.7446352973414332]","[0.2, 0.8]",0.0,"{""hongngo_9d92894f_7b7b_49e0_8f3"": -5.297914218902555, ""versil91_474890ea_012d_4a25_96"": -3.4142917866593145}",hongngo_9d92894f_7b7b_49e0_8f3,continuous_primal_dual_psd,4,2.6886055299243568,2.6886055298112046,1.1315215431295655e-10,"[0.12466126889609078, 0.8753387311039093]",primal=Optimization terminated successfully; dual=outer=Optimization terminated successfully; inner=Optimization terminated successfully,1,-9.114593267440876,9.114593267440876,2.6886055299243568,
ties,pair,lhong4759_f68c5c87_934d_4399_b+cunghoctienganh_4909ad74_a335,25.690582678635803,21.060589027404752,0,"[0.3740913985378698, 0.6259086014621302]","[0.2, 0.8]",3.437495231628418,"{""cunghoctienganh_4909ad74_a335"": -15.387502384185758, ""lhong4759_f68c5c87_934d_4399_b"": -21.060589027404752}",lhong4759_f68c5c87_934d_4399_b,continuous_primal_dual_psd,4,25.690582678635803,25.690582678635803,0.0,"[0.0, 1.0]",primal=Optimization terminated successfully; dual=outer=Optimization terminated successfully; inner=Optimization terminated successfully,0,4.561692476272372,0.0,25.690582678635803,
ties,pair,tuanna08go_6af2bb68_a65f_4331+nbninh_0d8b128b_8753_46c3_b80f,-3.72329764366156,0.04814876980251862,0,"[0.8, 0.19999999999999996]","[0.8, 0.2]",0.0,"{""nbninh_0d8b128b_8753_46c3_b80f"": 6.407377052307162, ""tuanna08go_6af2bb68_a65f_4331"": -0.04814876980251862}",tuanna08go_6af2bb68_a65f_4331,continuous_primal_dual_psd,4,-3.72329764366156,-3.72329764366156,0.0,"[0.0, 1.0]",primal=Optimization terminated successfully; dual=outer=Optimization terminated successfully; inner=Optimization terminated successfully,0,65.99649786949159,0.0,-3.723297643661553,
ties,pair,versil91_01a5620a_fb5f_4bab_94+denbeo_d9ae91c0_fed9_4fb4_8ddd,16.40738554000884,6.122009449135505,0,"[0.7999999999999923, 0.20000000000000773]","[0.8, 0.2]",0.0,"{""denbeo_d9ae91c0_fed9_4fb4_8ddd"": -5.387499999999967, ""versil91_01a5620a_fb5f_4bab_94"": -6.122009449135505}",versil91_01a5620a_fb5f_4bab_94,continuous_primal_dual_psd,4,16.40738554000884,16.40738554000884,0.0,"[0.0, 1.0]",primal=Optimization terminated successfully; dual=outer=Optimization terminated successfully; inner=Optimization terminated successfully,1,-46.28382976091061,46.28382976091061,16.40738554000884,
ties,pair,phungkhaccuong_a992b7f5_9d18_c+datlaaaaaaa_0dbe42c8_b07b_4785,8.46545345783231,-4.091665077209505,1,"[0.8, 0.19999999999999996]","[0.6, 0.4]",0.6250143051147461,"{""datlaaaaaaa_0dbe42c8_b07b_4785"": 5.1092951774597495, ""phungkhaccuong_a992b7f5_9d18_c"": 4.091665077209505}",phungkhaccuong_a992b7f5_9d18_c,continuous_primal_dual_psd,4,8.46545345783231,8.46545345783231,0.0,"[1.0, 0.0]",primal=Optimization terminated successfully; dual=outer=Optimization terminated successfully; inner=Optimization terminated successfully,0,17.40977168083192,0.0,8.46545345783231,
ties,pair,versil91_e9f26c47_9b78_4e3f_81+tuanna08go_7647f014_8af3_4266,-0.06632222484417039,0.3800977807398772,0,"[0.2, 0.8]","[0.2, 0.8]",0.0,"{""tuanna08go_7647f014_8af3_4266"": -0.3800977807398772, ""versil91_e9f26c47_9b78_4e3f_81"": 2.5500143051693245}",tuanna08go_7647f014_8af3_4266,continuous_primal_dual_psd,4,-0.06632222484417039,-0.06632222484417039,0.0,"[0.0, 1.0]",primal=Optimization terminated successfully; dual=outer=Optimization terminated successfully; inner=Optimization terminated successfully,1,-6.603729236932522,6.603729236932522,-0.0663222248441704,
ties,pair,duyphu_4909ad74_a335_4972_9ed8+mrhungddddh_9b1deaac_4565_48f2,1.1498130083083775,8.20000476837155,0,"[0.2, 0.8]","[0.4, 0.6]",3.540945053100586,"{""duyphu_4909ad74_a335_4972_9ed8"": -5.505517196655241, ""mrhungddddh_9b1deaac_4565_48f2"": -8.20000476837155}",mrhungddddh_9b1deaac_4565_48f2,continuous_primal_dual_psd,4,1.1498130083083775,1.1498130083083775,0.0,"[0.0, 1.0]",primal=Optimization terminated successfully; dual=outer=Optimization terminated successfully; inner=Optimization terminated successfully,0,6.155520677566522,0.0,1.1498130083083775,
ties,pair,thaffggg_8c87f3d3_d4bb_475a_a8+nhung02_08157847_d833_4d45_90f,9.489400102651706,-0.1712172508240073,1,"[0.36150586331218293, 0.6384941366878171]","[0.2, 0.8]",6.496226787567139,"{""nhung02_08157847_d833_4d45_90f"": 5.029162693023714, ""thaffggg_8c87f3d3_d4bb_475a_a8"": 0.1712172508240073}",thaffggg_8c87f3d3_d4bb_475a_a8,continuous_primal_dual_psd,4,9.489400102651706,9.489400102648123,3.582911745070305e-12,"[0.6766358521687907, 0.32336414783120926]",primal=Optimization terminated successfully; dual=outer=Optimization terminated successfully; inner=Optimization terminated successfully,1,-18.229186534881602,18.229186534881602,9.489400102651704,
ties,pair,taronklm_trained_model+duyphu_7aba420b_74ac_4209_b514,-40.08830964939885,-0.6147688672090049,1,"[0.6195429682800123, 0.3804570317199877]","[0.8, 0.2]",0.11507744763677324,"{""duyphu_7aba420b_74ac_4209_b514"": 36.67797737121585, ""taronklm_trained_model"": 0.6147688672090049}",taronklm_trained_model,continuous_primal_dual_psd,4,-40.08830964939885,-40.08830964939885,0.0,"[1.0, 0.0]",primal=Optimization terminated successfully; dual=outer=Optimization terminated successfully; inner=Optimization terminated successfully,0,227.8643846511841,0.0,-40.088309649398866,
ties,pair,datlaaaaaaa_cc1f8701_0976_4f48+nbninh_c4ae10ba_efe4_401e_8dd7,-0.19051615786524842,2.218797874450651,0,"[0.2, 0.8]","[0.2, 0.8]",0.0,"{""datlaaaaaaa_cc1f8701_0976_4f48"": 6.279167461395296, ""nbninh_c4ae10ba_efe4_401e_8dd7"": -2.218797874450651}",nbninh_c4ae10ba_efe4_401e_8dd7,continuous_primal_dual_psd,4,-0.19051615786524842,-0.19051615786524842,0.0,"[0.0, 1.0]",primal=Optimization terminated successfully; dual=outer=Optimization terminated successfully; inner=Optimization terminated successfully,0,0.21550150746233562,0.0,-0.19051615786524842,
ties,pair,mrhungddddh_911f6275_22fd_4f41+mrhunghddddd_d692685b_fdb4_477,3.913953817748812,2.054146003723112,0,"[0.7930578000710715, 0.20694219992892848]","[0.8, 0.2]",0.0,"{""mrhungddddh_911f6275_22fd_4f41"": -2.054146003723112, ""mrhunghddddd_d692685b_fdb4_477"": -0.80416507720944}",mrhungddddh_911f6275_22fd_4f41,continuous_primal_dual_psd,4,3.913953817748812,3.9139538177301048,1.8707257964933888e-11,"[0.24668289833554746, 0.7533171016644526]",primal=Optimization terminated successfully; dual=outer=Optimization terminated successfully; inner=Optimization terminated successfully,0,88.77858519554132,0.0,3.913953817748805,
ties,pair,laquythang_8444c3be_8779_4769+chauhoang_4909ad74_a335_4972_9,15.095832419395425,13.30416507720944,0,"[0.8, 0.19999999999999996]","[0.6, 0.4]",1.7708301544189453,"{""chauhoang_4909ad74_a335_4972_9"": -11.287859153747526, ""laquythang_8444c3be_8779_4769"": -13.30416507720944}",laquythang_8444c3be_8779_4769,continuous_primal_dual_psd,4,15.095832419395425,15.095832419395425,0.0,"[0.0, 1.0]",primal=Optimization terminated successfully; dual=outer=Optimization terminated successfully; inner=Optimization terminated successfully,0,13.020783662795937,0.0,15.095832419395425,
ties,pair,chauhoang_2aa4f343_5524_f86e_b+duyphu_0112d9da_9934_4614_b233,6.4627797126769675,4.098907184600797,0,"[0.2, 0.8]","[0.4, 0.6]",1.8094301223754883,"{""chauhoang_2aa4f343_5524_f86e_b"": -1.2769252777099283, ""duyphu_0112d9da_9934_4614_b233"": -4.098907184600797}",duyphu_0112d9da_9934_4614_b233,continuous_primal_dual_psd,4,6.4627797126769675,6.4627797126769675,0.0,"[1.0, 0.0]",primal=Optimization terminated successfully; dual=outer=Optimization terminated successfully; inner=Optimization terminated successfully,0,24.50287342071529,0.0,6.4627797126769675,
ties,pair,tuanna08go_c1cf0152_7ae6_43b6+versil91_63cd5c4a_5a68_4c25_bd,0.555543479888025,1.1838729921995377,0,"[0.2, 0.8]","[0.6, 0.4]",0.21251191456922847,"{""tuanna08go_c1cf0152_7ae6_43b6"": -0.34014291763302396, ""versil91_63cd5c4a_5a68_4c25_bd"": -1.1838729921995377}",versil91_63cd5c4a_5a68_4c25_bd,continuous_primal_dual_psd,4,0.555543479888025,0.555543479888025,0.0,"[0.0, 1.0]",primal=Optimization terminated successfully; dual=outer=Optimization terminated successfully; inner=Optimization terminated successfully,1,-18.22948455810549,18.22948455810549,0.20144399035942523,
ties,pair,cunghoctienganh_b7496e73_1762+hongngo_687b8c72_c89b_4cb7_b7c,5.700013113021822,9.506812763214079,0,"[0.2, 0.8]","[0.4, 0.6]",7.310605049133301,"{""cunghoctienganh_b7496e73_1762"": -7.887497615814176, ""hongngo_687b8c72_c89b_4cb7_b7c"": -9.506812763214079}",hongngo_687b8c72_c89b_4cb7_b7c,continuous_primal_dual_psd,4,5.700013113021822,5.700013113021822,0.0,"[0.0, 1.0]",primal=Optimization terminated successfully; dual=outer=Optimization terminated successfully; inner=Optimization terminated successfully,1,-76.82293653488162,76.82293653488162,4.16355438232419,
ties,pair,nblinh63_0eb73af3_0631_437a_ad+mrhungddddh_fe499423_02f3_4cfd,53.7463445186615,16.775170040130583,0,"[0.8, 0.19999999999999996]","[0.8, 0.2]",0.0,"{""mrhungddddh_fe499423_02f3_4cfd"": -11.429157924652067, ""nblinh63_0eb73af3_0631_437a_ad"": -16.775170040130583}",nblinh63_0eb73af3_0631_437a_ad,continuous_primal_dual_psd,4,53.7463445186615,53.7463445186615,0.0,"[0.0, 1.0]",primal=Optimization terminated successfully; dual=outer=Optimization terminated successfully; inner=Optimization terminated successfully,1,-53.26688289642336,53.26688289642336,36.70094199180602,
ties,pair,nbninh_a1f78795_1b61_4923_9235+nhung03_7b6cdc3c_7130_4c2c_a2c,29.090602283746943,27.39507265090939,0,"[0.5316277810015634, 0.4683722189984366]","[0.8, 0.2]",1.9791722297668457,"{""nbninh_a1f78795_1b61_4923_9235"": -27.39507265090939, ""nhung03_7b6cdc3c_7130_4c2c_a2c"": -5.251291465759245}",nbninh_a1f78795_1b61_4923_9235,continuous_primal_dual_psd,4,29.090602283746943,29.090602283746943,0.0,"[0.0, 1.0]",primal=Optimization terminated successfully; dual=outer=Optimization terminated successfully; inner=Optimization terminated successfully,1,-47.17528820037844,47.17528820037844,29.09060228374694,
ties,pair,cunghoctienganh_c1cf0152_7ae6+nhung02_db2c9545_4607_487b_9cc,11.321436834335358,10.415914726257292,0,"[0.7999999999999965, 0.2000000000000035]","[0.8, 0.2]",0.0,"{""cunghoctienganh_c1cf0152_7ae6"": -6.012502384185758, ""nhung02_db2c9545_4607_487b_9cc"": -10.415914726257292}",nhung02_db2c9545_4607_487b_9cc,continuous_primal_dual_psd,4,11.321436834335358,11.321436834335358,0.0,"[0.9999999999999998, 2.7755575615628914e-16]",primal=Optimization terminated successfully; dual=outer=Optimization terminated successfully; inner=Optimization terminated successfully,0,245.24688720703128,0.0,11.321436834335344,
ties,pair,adammandic87_3d7a58a6_4380_4e3+mrhunghd_9e58333c_df22_4a00_9c,16.990787458419774,0.9518155357991852,0,"[0.2, 0.8]","[0.8, 0.2]",24.748196385129738,"{""adammandic87_3d7a58a6_4380_4e3"": -0.9518155357991852, ""mrhunghd_9e58333c_df22_4a00_9c"": 0.133332538604769}",adammandic87_3d7a58a6_4380_4e3,continuous_primal_dual_psd,4,16.990787458419774,16.990787458419774,0.0,"[0.0, 1.0]",primal=Optimization terminated successfully; dual=outer=Optimization terminated successfully; inner=Optimization terminated successfully,1,-48.94196987152106,48.94196987152106,16.01194806098935,
ties,pair,thaffggg_8a78a9b2_d3fa_4615_b8+laquythang_efe15045_778f_4dfa,17.780502510070768,14.393189620971647,0,"[0.2, 0.8]","[0.2, 0.8]",0.0,"{""laquythang_efe15045_778f_4dfa"": -14.393189620971647, ""thaffggg_8a78a9b2_d3fa_4615_b8"": 11.351284313201937}",laquythang_efe15045_778f_4dfa,continuous_primal_dual_psd,4,17.780502510070768,17.780502510070768,0.0,"[1.0, 0.0]",primal=Optimization terminated successfully; dual=outer=Optimization terminated successfully; inner=Optimization terminated successfully,1,-80.96575736999517,80.96575736999517,16.161187362670866,
ties,pair,phungkhaccuong_731c6dec_a942_4+adammandic87_f28f18cf_4abb_4db,0.00020491348375799648,2.991667461395231,0,"[0.2712716577582991, 0.7287283422417009]","[0.4, 0.6]",1.1939167976379395,"{""adammandic87_f28f18cf_4abb_4db"": 5.762717056274447, ""phungkhaccuong_731c6dec_a942_4"": -2.991667461395231}",phungkhaccuong_731c6dec_a942_4,continuous_primal_dual_psd,4,0.00020491348375799648,0.00020491348365220626,1.0579021382864373e-13,"[0.9887896446120227, 0.011210355387977418]",primal=Optimization terminated successfully; dual=outer=Optimization terminated successfully; inner=Optimization terminated successfully,1,-53.385645151138284,53.385645151138284,0.00020491348375799648,
ties,pair,nhoxinh_9214fc0d_4490_4bdd_9ff+hongngo_9d92894f_7b7b_49e0_8f3,22.96062134541758,14.8673922538757,0,"[0.25703725602026345, 0.7429627439797366]","[0.6, 0.4]",1.7089247703552246,"{""hongngo_9d92894f_7b7b_49e0_8f3"": -2.6318103790282876, ""nhoxinh_9214fc0d_4490_4bdd_9ff"": -14.8673922538757}",nhoxinh_9214fc0d_4490_4bdd_9ff,continuous_primal_dual_psd,4,22.96062134541758,22.96062134541758,0.0,"[0.0, 1.0]",primal=Optimization terminated successfully; dual=outer=Optimization terminated successfully; inner=Optimization terminated successfully,0,31.24997019767756,0.0,22.96062134541758,
ties,pair,phungkhaccuong_2b1522e6_bef2_7+nhoxinh_2f944a50_cbd3_4334_af8,-0.675006453262414,-4.304370212554964,1,"[0.44853076242024686, 0.5514692375797532]","[0.8, 0.2]",1.704549789428711,"{""nhoxinh_2f944a50_cbd3_4334_af8"": 4.304370212554964, ""phungkhaccuong_2b1522e6_bef2_7"": 12.43447952270511}",nhoxinh_2f944a50_cbd3_4334_af8,continuous_primal_dual_psd,4,-0.675006453262414,-0.675006459729181,6.46676701077098e-09,"[0.13175872992276927, 0.8682412700772307]",primal=Positive directional derivative for linesearch; dual=outer=Optimization terminated successfully; inner=Optimization terminated successfully,1,-42.96898841857908,42.96898841857908,-0.675006453262414,
ties,pair,versil91_121ef6e9_0ded_4fc3_8c+versil91_474890ea_012d_4a25_96,-0.04447186730711539,1.5571458933296654,0,"[0.20000000000000004, 0.7999999999999999]","[0.2, 0.8]",0.0,"{""versil91_121ef6e9_0ded_4fc3_8c"": 0.9666531562805503, ""versil91_474890ea_012d_4a25_96"": -1.5571458933296654}",versil91_474890ea_012d_4a25_96,continuous_primal_dual_psd,4,-0.04447186730711539,-0.04447186730711539,0.0,"[1.0, 0.0]",primal=Optimization terminated successfully; dual=outer=Optimization terminated successfully; inner=Optimization terminated successfully,1,-15.625208616256717,15.625208616256717,-0.06709572899463392,
ties,pair,versil91_8444c3be_8779_4769_a0+nhoxinh_0c66c9c5_5cc2_46a8_9db,12.72794551849362,14.185586643218961,0,"[0.8, 0.19999999999999996]","[0.8, 0.2]",0.0,"{""nhoxinh_0c66c9c5_5cc2_46a8_9db"": -14.185586643218961, ""versil91_8444c3be_8779_4769_a0"": -4.856240053501}",nhoxinh_0c66c9c5_5cc2_46a8_9db,continuous_primal_dual_psd,4,12.72794551849362,12.72794551849362,0.0,"[0.0, 1.0]",primal=Optimization terminated successfully; dual=outer=Optimization terminated successfully; inner=Optimization terminated successfully,0,23.20110797882069,0.0,12.727945518493621,
ties,pair,hongngo_7e251dfc_e0f7_4f73_aae+datlaaaaaaa_e8cccbe1_c136_409a,14.444677463454916,20.07500238418576,0,"[0.258003905813434, 0.741996094186566]","[0.2, 0.8]",0.0,"{""datlaaaaaaa_e8cccbe1_c136_409a"": -20.07500238418576, ""hongngo_7e251dfc_e0f7_4f73_aae"": -4.080692005157438}",datlaaaaaaa_e8cccbe1_c136_409a,continuous_primal_dual_psd,4,14.444677463454916,14.444677463454916,0.0,"[1.0, 0.0]",primal=Optimization terminated successfully; dual=outer=Optimization terminated successfully; inner=Optimization terminated successfully,0,10.717064142227175,0.0,14.444677463454916,
ties,pair,lhong4759_f68c5c87_934d_4399_b+cunghoctienganh_c1cf0152_7ae6,12.162597846984823,8.82500715255734,0,"[0.2, 0.8]","[0.2, 0.8]",0.0,"{""cunghoctienganh_c1cf0152_7ae6"": 5.23749284744266, ""lhong4759_f68c5c87_934d_4399_b"": -8.82500715255734}",lhong4759_f68c5c87_934d_4399_b,continuous_primal_dual_psd,4,12.162597846984823,12.162597846984823,0.0,"[0.0, 1.0]",primal=Optimization terminated successfully; dual=outer=Optimization terminated successfully; inner=Optimization terminated successfully,1,-98.24782609939574,98.24782609939574,12.162597846984825,
ties,pair,tuanna08go_6af2bb68_a65f_4331+nhung02_08157847_d833_4d45_90f,20.432012748718236,2.7593166351318033,0,"[0.2, 0.8]","[0.6, 0.4]",12.003183364868164,"{""nhung02_08157847_d833_4d45_90f"": -2.7593166351318033, ""tuanna08go_6af2bb68_a65f_4331"": -1.2259263780381957}",nhung02_08157847_d833_4d45_90f,continuous_primal_dual_psd,4,20.432012748718236,20.432012748718236,0.0,"[0.0, 1.0]",primal=Optimization terminated successfully; dual=outer=Optimization terminated successfully; inner=Optimization terminated successfully,1,-124.28939342498784,124.28939342498784,17.94622488021848,
ties,pair,cunghoctienganh_4909ad74_a335+nbninh_a1f78795_1b61_4923_9235,10.413010787963842,9.734085273742643,0,"[0.2, 0.8]","[0.2, 0.8]",0.0,"{""cunghoctienganh_4909ad74_a335"": 2.633342075347933, ""nbninh_a1f78795_1b61_4923_9235"": -9.734085273742643}",nbninh_a1f78795_1b61_4923_9235,continuous_primal_dual_psd,4,10.413010787963842,10.413010787963842,0.0,"[1.0, 0.0]",primal=Optimization terminated successfully; dual=outer=Optimization terminated successfully; inner=Optimization terminated successfully,0,31.25011920928951,0.0,10.41301078796384,
ties,pair,nbninh_0d8b128b_8753_46c3_b80f+datlaaaaaaa_0dbe42c8_b07b_4785,22.349822938730917,5.908337306976286,0,"[0.2526826965510949, 0.7473173034489051]","[0.8, 0.2]",3.7259578704833984,"{""datlaaaaaaa_0dbe42c8_b07b_4785"": -5.908337306976286, ""nbninh_0d8b128b_8753_46c3_b80f"": -2.679172229766813}",datlaaaaaaa_0dbe42c8_b07b_4785,continuous_primal_dual_psd,4,22.349822938730917,22.349822938730917,0.0,"[1.0, 0.0]",primal=Optimization terminated successfully; dual=outer=Optimization terminated successfully; inner=Optimization terminated successfully,0,77.65144109725952,0.0,22.349822938730917,
ties,pair,versil91_e9f26c47_9b78_4e3f_81+mrhungddddh_911f6275_22fd_4f41,4.178352427482575,2.911544843844763,0,"[0.8, 0.19999999999999996]","[0.8, 0.2]",0.0,"{""mrhungddddh_911f6275_22fd_4f41"": -0.491669845581022, ""versil91_e9f26c47_9b78_4e3f_81"": -2.911544843844763}",versil91_e9f26c47_9b78_4e3f_81,continuous_primal_dual_psd,4,4.178352427482575,4.178352427482575,0.0,"[0.0, 1.0]",primal=Optimization terminated successfully; dual=outer=Optimization terminated successfully; inner=Optimization terminated successfully,1,-3.4238398075103813,3.4238398075103813,3.082723689079253,
ties,pair,chauhoang_4909ad74_a335_4972_9+versil91_121ef6e9_0ded_4fc3_8c,4.24653206260005,4.672899913787809,0,"[0.2, 0.8]","[0.2, 0.8]",0.0,"{""chauhoang_4909ad74_a335_4972_9"": -4.672899913787809, ""versil91_121ef6e9_0ded_4fc3_8c"": -1.3250023841857583}",chauhoang_4909ad74_a335_4972_9,continuous_primal_dual_psd,4,4.24653206260005,4.24653206260005,0.0,"[0.0, 1.0]",primal=Optimization terminated successfully; dual=outer=Optimization terminated successfully; inner=Optimization terminated successfully,0,31.738351084363238,0.0,4.24653206260005,
ties,pair,laquythang_8444c3be_8779_4769+nblinh63_0eb73af3_0631_437a_ad,30.902426056752148,27.57500715255734,0,"[0.4358726415813066, 0.5641273584186934]","[0.6, 0.4]",3.437507152557373,"{""laquythang_8444c3be_8779_4769"": -27.57500715255734, ""nblinh63_0eb73af3_0631_437a_ad"": -22.452643585205045}",laquythang_8444c3be_8779_4769,continuous_primal_dual_psd,4,30.902426056752148,30.902426056752148,0.0,"[0.0, 1.0]",primal=Optimization terminated successfully; dual=outer=Optimization terminated successfully; inner=Optimization terminated successfully,0,82.03119039535497,0.0,30.902426056752148,
ties,pair,mrhunghd_9e58333c_df22_4a00_9c+mrhungddddh_9b1deaac_4565_48f2,7.103558206783466,4.065385532379118,0,"[0.4489618353570748, 0.5510381646429252]","[0.2, 0.8]",4.399049282073975,"{""mrhungddddh_9b1deaac_4565_48f2"": -4.065385532379118, ""mrhunghd_9e58333c_df22_4a00_9c"": 0.1333444595337241}",mrhungddddh_9b1deaac_4565_48f2,continuous_primal_dual_psd,4,7.103558206783466,7.103558206782205,1.2612133559741778e-12,"[0.636912399467928, 0.363087600532072]",primal=Optimization terminated successfully; dual=outer=Optimization terminated successfully; inner=Optimization terminated successfully,0,8.996129035949672,0.0,7.103558206783466,
ties,pair,datlaaaaaaa_cc1f8701_0976_4f48+chauhoang_2aa4f343_5524_f86e_b,14.115318463407146,4.610255432128874,0,"[0.26438200659403205, 0.7356179934059679]","[0.2, 0.8]",0.0,"{""chauhoang_2aa4f343_5524_f86e_b"": -4.610255432128874, ""datlaaaaaaa_cc1f8701_0976_4f48"": -3.4083396911620767}",chauhoang_2aa4f343_5524_f86e_b,continuous_primal_dual_psd,4,14.115318463407146,14.115318463407146,0.0,"[0.9999999999999996, 5.551115123125783e-16]",primal=Optimization terminated successfully; dual=outer=Optimization terminated successfully; inner=Optimization terminated successfully,0,89.92552757263172,0.0,14.115318463407146,
ties,pair,taronklm_trained_model+hongngo_9d92894f_7b7b_49e0_8f3,-35.43540649414069,-0.3888515200632674,1,"[0.8, 0.19999999999999996]","[0.8, 0.2]",0.0,"{""hongngo_9d92894f_7b7b_49e0_8f3"": 53.19859676361087, ""taronklm_trained_model"": 0.3888515200632674}",taronklm_trained_model,continuous_primal_dual_psd,4,-35.43540649414069,-35.43540649414069,0.0,"[1.0, 0.0]",primal=Optimization terminated successfully; dual=outer=Optimization terminated successfully; inner=Optimization terminated successfully,0,62.50023841857911,0.0,-35.43540649414069,
ties,pair,thaffggg_8a78a9b2_d3fa_4615_b8+mrhunghddddd_d692685b_fdb4_477,37.3688070224929,24.762514305114713,0,"[0.6260796926506365, 0.37392030734936355]","[0.8, 0.2]",14.687490463256836,"{""mrhunghddddd_d692685b_fdb4_477"": -24.762514305114713, ""thaffggg_8a78a9b2_d3fa_4615_b8"": -16.58943004608151}",mrhunghddddd_d692685b_fdb4_477,continuous_primal_dual_psd,4,37.3688070224929,37.3688070224929,0.0,"[1.0, 0.0]",primal=Optimization terminated successfully; dual=outer=Optimization terminated successfully; inner=Optimization terminated successfully,0,255.4452419281005,0.0,37.368807022492895,
ties,pair,denbeo_d9ae91c0_fed9_4fb4_8ddd+nhung02_db2c9545_4607_487b_9cc,52.44181510983614,41.523853015899626,0,"[0.6163197323189251, 0.3836802676810749]","[0.8, 0.2]",0.767064094543457,"{""denbeo_d9ae91c0_fed9_4fb4_8ddd"": -10.932388973236051, ""nhung02_db2c9545_4607_487b_9cc"": -41.523853015899626}",nhung02_db2c9545_4607_487b_9cc,continuous_primal_dual_psd,4,52.44181510983614,52.44181510983614,0.0,"[1.0, 0.0]",primal=Optimization terminated successfully; dual=outer=Optimization terminated successfully; inner=Optimization terminated successfully,0,31.55022859573369,0.0,52.441815109836135,
ties,pair,phungkhaccuong_a992b7f5_9d18_c+versil91_63cd5c4a_5a68_4c25_bd,4.509731006622281,2.732265090574839,0,"[0.2, 0.8]","[0.4, 0.6]",2.030232525239337,"{""phungkhaccuong_a992b7f5_9d18_c"": -2.1583468437194497, ""versil91_63cd5c4a_5a68_4c25_bd"": -2.732265090574839}",versil91_63cd5c4a_5a68_4c25_bd,continuous_primal_dual_psd,4,4.509731006622281,4.509731006622281,0.0,"[1.0, 0.0]",primal=Optimization terminated successfully; dual=outer=Optimization terminated successfully; inner=Optimization terminated successfully,1,-19.886344671249407,19.886344671249407,4.112004113197292,
ties,pair,adammandic87_3d7a58a6_4380_4e3+nbninh_c4ae10ba_efe4_401e_8dd7,-0.12919283845415075,-0.1340477943420737,1,"[0.38376483366834907, 0.616235166331651]","[0.2, 0.8]",0.09468793869018555,"{""adammandic87_3d7a58a6_4380_4e3"": 0.8641633405858813, ""nbninh_c4ae10ba_efe4_401e_8dd7"": 0.1340477943420737}",nbninh_c4ae10ba_efe4_401e_8dd7,continuous_primal_dual_psd,4,-0.12919283845415075,-0.12919283846050025,6.349504255709348e-12,"[0.22001048719473132, 0.7799895128052687]",primal=Optimization terminated successfully; dual=outer=Optimization terminated successfully; inner=Optimization terminated successfully,1,-1.5085968761592052,1.5085968761592052,-0.12919283845415097,
ties,pair,versil91_8444c3be_8779_4769_a0+cunghoctienganh_b7496e73_1762,3.5216946125030155,0.16874877065743624,0,"[0.8, 0.19999999999999996]","[0.8, 0.2]",0.0,"{""cunghoctienganh_b7496e73_1762"": 2.178785133361849, ""versil91_8444c3be_8779_4769_a0"": -0.16874877065743624}",versil91_8444c3be_8779_4769_a0,continuous_primal_dual_psd,4,3.5216946125030155,3.5216946125030155,0.0,"[1.0, 0.0]",primal=Optimization terminated successfully; dual=outer=Optimization terminated successfully; inner=Optimization terminated successfully,1,-14.07682895660401,14.07682895660401,-0.9828906536102684,
ties,pair,versil91_01a5620a_fb5f_4bab_94+phungkhaccuong_2b1522e6_bef2_7,-1.4684283171786654,-0.13415259348612787,1,"[0.6418822492318217, 0.3581177507681783]","[0.6, 0.4]",0.0,"{""phungkhaccuong_2b1522e6_bef2_7"": 1.8947093963623374, ""versil91_01a5620a_fb5f_4bab_94"": 0.13415259348612787}",versil91_01a5620a_fb5f_4bab_94,continuous_primal_dual_psd,4,-1.4684283171786654,-1.4684283171861778,7.512435118428584e-12,"[0.06787795519575036, 0.9321220448042496]",primal=Optimization terminated successfully; dual=outer=Optimization terminated successfully; inner=Optimization terminated successfully,1,-1.0015070438384974,1.0015070438384974,-1.4684283171786654,
ties,pair,duyphu_7aba420b_74ac_4209_b514+nhoxinh_2f944a50_cbd3_4334_af8,-3.0565116303203332,10.894492340087858,0,"[0.4997837154436058, 0.5002162845563942]","[0.6, 0.4]",2.6092886924743652,"{""duyphu_7aba420b_74ac_4209_b514"": -10.894492340087858, ""nhoxinh_2f944a50_cbd3_4334_af8"": -9.956994724273649}",duyphu_7aba420b_74ac_4209_b514,continuous_primal_dual_psd,4,-3.0565116303203332,-3.0565116303203332,0.0,"[1.0, 5.551115123125783e-17]",primal=Optimization terminated successfully; dual=outer=Optimization terminated successfully; inner=Optimization terminated successfully,0,102.8643548488617,0.0,-3.0565116303203297,
ties,pair,tuanna08go_c1cf0152_7ae6_43b6+thaffggg_8c87f3d3_d4bb_475a_a8,17.69426454927596,1.6280204772948892,0,"[0.4164901665609363, 0.5835098334390637]","[0.8, 0.2]",21.601128578186035,"{""thaffggg_8c87f3d3_d4bb_475a_a8"": -1.6280204772948892, ""tuanna08go_c1cf0152_7ae6_43b6"": -0.9462148666381509}",thaffggg_8c87f3d3_d4bb_475a_a8,continuous_primal_dual_psd,4,17.69426454927596,17.694264549275957,3.552713678800501e-15,"[0.9756858675329374, 0.024314132467062575]",primal=Optimization terminated successfully; dual=outer=Optimization terminated successfully; inner=Optimization terminated successfully,1,-42.968839406967184,42.968839406967184,16.903737377844028,
ties,pair,duyphu_4909ad74_a335_4972_9ed8+nhoxinh_9214fc0d_4490_4bdd_9ff,16.245778365685766,14.625564289092985,0,"[0.7435642082770325, 0.2564357917229675]","[0.6, 0.4]",0.11363029479980469,"{""duyphu_4909ad74_a335_4972_9ed8"": -14.625564289092985, ""nhoxinh_9214fc0d_4490_4bdd_9ff"": -11.813059520721403}",duyphu_4909ad74_a335_4972_9ed8,continuous_primal_dual_psd,4,16.245778365685766,16.245778365685766,0.0,"[1.0, 0.0]",primal=Optimization terminated successfully; dual=outer=Optimization terminated successfully; inner=Optimization terminated successfully,0,5.208551883697399,0.0,16.245778365685773,
ties,pair,duyphu_0112d9da_9934_4614_b233+mrhungddddh_fe499423_02f3_4cfd,8.455676507949946,9.137502384185758,0,"[0.7999999999999965, 0.2000000000000035]","[0.8, 0.2]",0.0,"{""duyphu_0112d9da_9934_4614_b233"": -7.953789901733366, ""mrhungddddh_fe499423_02f3_4cfd"": -9.137502384185758}",mrhungddddh_fe499423_02f3_4cfd,continuous_primal_dual_psd,4,8.455676507949946,8.455676507949946,0.0,"[0.0, 1.0]",primal=Optimization terminated successfully; dual=outer=Optimization terminated successfully; inner=Optimization terminated successfully,0,190.8141374588013,0.0,8.455676507949939,
ties,pair,phungkhaccuong_731c6dec_a942_4+datlaaaaaaa_e8cccbe1_c136_409a,0.5340189649128276,6.533339691162077,0,"[0.4799065474002682, 0.5200934525997318]","[0.6, 0.4]",8.854162693023682,"{""datlaaaaaaa_e8cccbe1_c136_409a"": -5.359092426300016, ""phungkhaccuong_731c6dec_a942_4"": -6.533339691162077}",phungkhaccuong_731c6dec_a942_4,continuous_primal_dual_psd,4,0.5340189649128276,0.5340189649128143,1.3322676295501878e-14,"[0.899136993131892, 0.10086300686810801]",primal=Optimization terminated successfully; dual=outer=Optimization terminated successfully; inner=Optimization terminated successfully,1,-16.626268625259392,16.626268625259392,0.5340189649128276,
ties,pair,hongngo_7e251dfc_e0f7_4f73_aae+nhung03_7b6cdc3c_7130_4c2c_a2c,29.912597430568788,16.296592426300016,0,"[0.43577839908714733, 0.5642216009128527]","[0.8, 0.2]",10.558712482452393,"{""hongngo_7e251dfc_e0f7_4f73_aae"": -16.296592426300016, ""nhung03_7b6cdc3c_7130_4c2c_a2c"": -13.744893741607633}",hongngo_7e251dfc_e0f7_4f73_aae,continuous_primal_dual_psd,4,29.912597430568788,29.91259742801772,2.5510686896268453e-09,"[0.5415325272214073, 0.4584674727785927]",primal=Positive directional derivative for linesearch; dual=outer=Optimization terminated successfully; inner=Optimization terminated successfully,1,-47.47644066810616,47.47644066810616,29.912597430568788,
ties,pair,tuanna08go_7647f014_8af3_4266+nhoxinh_0c66c9c5_5cc2_46a8_9db,0.3097094573090584,0.6045907727669317,0,"[0.8, 0.19999999999999996]","[0.8, 0.2]",0.0,"{""nhoxinh_0c66c9c5_5cc2_46a8_9db"": 2.1124928474426596, ""tuanna08go_7647f014_8af3_4266"": -0.6045907727669317}",tuanna08go_7647f014_8af3_4266,continuous_primal_dual_psd,4,0.3097094573090584,0.3097094573090584,0.0,"[1.0, 0.0]",primal=Optimization terminated successfully; dual=outer=Optimization terminated successfully; inner=Optimization terminated successfully,1,-0.2582604324446534,0.2582604324446534,0.2270661189267693,
ties,pair,laquythang_efe15045_778f_4dfa+hongngo_687b8c72_c89b_4cb7_b7c,12.538946342468234,-2.8795569419861167,1,"[0.2, 0.8]","[0.4, 0.6]",6.847333908081055,"{""hongngo_687b8c72_c89b_4cb7_b7c"": 2.8795569419861167, ""laquythang_efe15045_778f_4dfa"": 5.606815147399935}",hongngo_687b8c72_c89b_4cb7_b7c,continuous_primal_dual_psd,4,12.538946342468234,12.538946342468234,0.0,"[1.0, 0.0]",primal=Optimization terminated successfully; dual=outer=Optimization terminated successfully; inner=Optimization terminated successfully,1,-149.73953366279605,149.73953366279605,9.544155669212312,
ties,pair,adammandic87_f28f18cf_4abb_4db+versil91_474890ea_012d_4a25_96,3.326848780399014,-0.7642785033420668,1,"[0.297893350428762, 0.702106649571238]","[0.6, 0.4]",0.9285676333379382,"{""adammandic87_f28f18cf_4abb_4db"": 1.4634578704834311, ""versil91_474890ea_012d_4a25_96"": 0.7642785033420668}",versil91_474890ea_012d_4a25_96,continuous_primal_dual_psd,4,3.326848780399014,3.3268487803963094,2.7045032879868813e-12,"[0.8802499434131581, 0.11975005658684197]",primal=Optimization terminated successfully; dual=outer=Optimization terminated successfully; inner=Optimization terminated successfully,1,-58.238804340362535,58.238804340362535,3.326848780399014,
ties,pair,lhong4759_f68c5c87_934d_4399_b+phungkhaccuong_2b1522e6_bef2_7,5.797376108169525,4.2176396369933755,0,"[0.2, 0.8]","[0.2, 0.8]",0.0,"{""lhong4759_f68c5c87_934d_4399_b"": -4.2176396369933755, ""phungkhaccuong_2b1522e6_bef2_7"": 5.900391864776644}",lhong4759_f68c5c87_934d_4399_b,continuous_primal_dual_psd,4,5.797376108169525,5.797376108169525,0.0,"[0.0, 1.0]",primal=Optimization terminated successfully; dual=outer=Optimization terminated successfully; inner=Optimization terminated successfully,1,-29.119551181793206,29.119551181793206,5.797376108169525,
ties,pair,versil91_e9f26c47_9b78_4e3f_81+thaffggg_8c87f3d3_d4bb_475a_a8,4.220827293395949,2.6615477048786262,0,"[0.8, 0.19999999999999996]","[0.8, 0.2]",0.0,"{""thaffggg_8c87f3d3_d4bb_475a_a8"": 1.3454406738281577, ""versil91_e9f26c47_9b78_4e3f_81"": -2.6615477048786262}",versil91_e9f26c47_9b78_4e3f_81,continuous_primal_dual_psd,4,4.220827293395949,4.220827293395949,0.0,"[0.0, 1.0]",primal=Optimization terminated successfully; dual=outer=Optimization terminated successfully; inner=Optimization terminated successfully,0,10.377302938894431,0.0,4.220827293395949,
ties,pair,tuanna08go_c1cf0152_7ae6_43b6+chauhoang_4909ad74_a335_4972_9,28.03993778899183,9.157171916961637,0,"[0.3908157760136779, 0.6091842239863221]","[0.8, 0.2]",9.082174301147461,"{""chauhoang_4909ad74_a335_4972_9"": -9.157171916961637, ""tuanna08go_c1cf0152_7ae6_43b6"": -6.434264850616422}",chauhoang_4909ad74_a335_4972_9,continuous_primal_dual_psd,4,28.03993778899183,28.039937788991793,3.552713678800501e-14,"[0.3918361026931916, 0.6081638973068084]",primal=Optimization terminated successfully; dual=outer=Optimization terminated successfully; inner=Optimization terminated successfully,1,-114.5835220813752,114.5835220813752,24.460162760349803,
ties,pair,thaffggg_8a78a9b2_d3fa_4615_b8+denbeo_d9ae91c0_fed9_4fb4_8ddd,34.52603186086846,15.31536884307858,0,"[0.5598958261209374, 0.44010417387906264]","[0.8, 0.2]",0.9615659713745117,"{""denbeo_d9ae91c0_fed9_4fb4_8ddd"": -10.291364860534635, ""thaffggg_8a78a9b2_d3fa_4615_b8"": -15.31536884307858}",thaffggg_8a78a9b2_d3fa_4615_b8,continuous_primal_dual_psd,4,34.52603186086846,34.526031860868436,2.1316282072803006e-14,"[0.3852349976209876, 0.6147650023790124]",primal=Optimization terminated successfully; dual=outer=Optimization terminated successfully; inner=Optimization terminated successfully,1,-62.500238418579194,62.500238418579194,33.26434634543497,
ties,pair,chauhoang_2aa4f343_5524_f86e_b+mrhungddddh_9b1deaac_4565_48f2,5.333514881134089,1.8778950691222818,0,"[0.20000000000000354, 0.7999999999999965]","[0.4, 0.6]",10.288465023040771,"{""chauhoang_2aa4f343_5524_f86e_b"": -1.0445506095885904, ""mrhungddddh_9b1deaac_4565_48f2"": -1.8778950691222818}",mrhungddddh_9b1deaac_4565_48f2,continuous_primal_dual_psd,4,5.333514881134089,5.333514881134089,0.0,"[1.0, 0.0]",primal=Optimization terminated successfully; dual=outer=Optimization terminated successfully; inner=Optimization terminated successfully,1,-35.156309604644825,35.156309604644825,4.630388689041168,
ties,triple,datlaaaaaaa_cc1f8701_0976_4f48+nbninh_c4ae10ba_efe4_401e_8dd7+thaffggg_8c87f3d3_d4bb_475a_a8,5.661235604038513,0.2119452476501138,0,"[0.20000000000000062, 0.5999999999999998, 0.19999999999999962]","[0.2, 0.6, 0.2]",0.0,"{""datlaaaaaaa_cc1f8701_0976_4f48"": 6.279155540466341, ""nbninh_c4ae10ba_efe4_401e_8dd7"": -0.2119452476501138, ""thaffggg_8c87f3d3_d4bb_475a_a8"": 1.151689815521273}",nbninh_c4ae10ba_efe4_401e_8dd7,continuous_primal_dual_psd,6,5.661235604038513,5.661235604038513,0.0,"[0.0, 0.0, 1.0]",primal=Optimization terminated successfully; dual=outer=Optimization terminated successfully; inner=Optimization terminated successfully,1,-43.35725984077867,43.357259840778674,3.4789950370788363,
ties,triple,taronklm_trained_model+phungkhaccuong_a992b7f5_9d18_c+versil91_474890ea_012d_4a25_96,2.887550067901607,0.03003959305902794,0,"[0.2, 0.2, 0.6]","[0.6, 0.2, 0.2]",0.4441018613680484,"{""phungkhaccuong_a992b7f5_9d18_c"": 48.04999523162845, ""taronklm_trained_model"": -0.03003959305902794, ""versil91_474890ea_012d_4a25_96"": 19.049997343336543}",taronklm_trained_model,continuous_primal_dual_psd,6,2.887550067901607,2.887550067901607,0.0,"[1.0, 0.0, 0.0]",primal=Optimization terminated successfully; dual=outer=Optimization terminated successfully; inner=Optimization terminated successfully,1,-471.60348397530265,472.7993388218884,-8.36758308410645,
ties,triple,versil91_01a5620a_fb5f_4bab_94+nhung02_db2c9545_4607_487b_9cc+nhung03_7b6cdc3c_7130_4c2c_a2c,33.139432937119736,6.533339691162077,0,"[0.2, 0.2473956328544068, 0.5526043671455931]","[0.6, 0.2, 0.2]",8.314383029937744,"{""nhung02_db2c9545_4607_487b_9cc"": -5.785229873657194, ""nhung03_7b6cdc3c_7130_4c2c_a2c"": -6.533339691162077, ""versil91_01a5620a_fb5f_4bab_94"": -2.8240902694008847}",nhung03_7b6cdc3c_7130_4c2c_a2c,continuous_primal_dual_psd,6,33.139432937119736,33.139432937119736,0.0,"[0.0, 0.0, 1.0]",primal=Optimization terminated successfully; dual=outer=Optimization terminated successfully; inner=Optimization terminated successfully,1,-198.1903331544016,198.1903331544016,25.472946130527394,
ties,triple,chauhoang_2aa4f343_5524_f86e_b+phungkhaccuong_731c6dec_a942_4+mrhunghd_9e58333c_df22_4a00_9c,18.526730012893648,10.283330154418913,0,"[0.2, 0.2, 0.6]","[0.2, 0.6, 0.2]",4.791665077209473,"{""chauhoang_2aa4f343_5524_f86e_b"": -2.7833253860473306, ""mrhunghd_9e58333c_df22_4a00_9c"": -10.283330154418913, ""phungkhaccuong_731c6dec_a942_4"": -8.07180709838864}",mrhunghd_9e58333c_df22_4a00_9c,continuous_primal_dual_psd,6,18.526730012893648,18.526730012893648,0.0,"[1.0, 0.0, 0.0]",primal=Optimization terminated successfully; dual=outer=Optimization terminated successfully; inner=Optimization terminated successfully,1,-264.24581503209987,264.24581503209987,14.648857784271204,
ties,triple,versil91_e9f26c47_9b78_4e3f_81+tuanna08go_c1cf0152_7ae6_43b6+hongngo_9d92894f_7b7b_49e0_8f3,7.560865124939486,1.3730794906615884,0,"[0.45849348565644993, 0.2, 0.34150651434355006]","[0.4, 0.4, 0.2]",7.9589128494262695,"{""hongngo_9d92894f_7b7b_49e0_8f3"": -1.3730794906615884, ""tuanna08go_c1cf0152_7ae6_43b6"": -1.0744244575500161, ""versil91_e9f26c47_9b78_4e3f_81"": -0.6999999999999915}",hongngo_9d92894f_7b7b_49e0_8f3,continuous_primal_dual_psd,6,7.560865124939486,7.5608651249385375,9.485745522397337e-13,"[0.6447886343967577, 0.0, 0.3552113656032423]",primal=Optimization terminated successfully; dual=outer=Optimization terminated successfully; inner=Optimization terminated successfully,1,-64.78454054222445,64.78454054222442,7.460039188972377,
ties,triple,chauhoang_4909ad74_a335_4972_9+hongngo_7e251dfc_e0f7_4f73_aae+nhung02_08157847_d833_4d45_90f,18.551309056205397,4.270079803466764,0,"[0.3789206781942959, 0.22029708983793292, 0.4007822319677712]","[0.4, 0.2, 0.4]",0.0,"{""chauhoang_4909ad74_a335_4972_9"": -2.65585489273068, ""hongngo_7e251dfc_e0f7_4f73_aae"": -4.270079803466764, ""nhung02_08157847_d833_4d45_90f"": -1.349046897888151}",hongngo_7e251dfc_e0f7_4f73_aae,continuous_primal_dual_psd,6,18.551309056205397,18.551309056205376,2.1316282072803006e-14,"[0.35869897143558044, 0.0, 0.6413010285644197]",primal=Optimization terminated successfully; dual=outer=Optimization terminated successfully; inner=Optimization terminated successfully,1,-97.94727714175312,97.94727714175312,18.124614535898292,
ties,triple,duyphu_0112d9da_9934_4614_b233+nhoxinh_9214fc0d_4490_4bdd_9ff+datlaaaaaaa_0dbe42c8_b07b_4785,13.23213996670418,9.033337306976286,0,"[0.5026054253846054, 0.2, 0.29739457461539454]","[0.2, 0.2, 0.6]",2.348470687866211,"{""datlaaaaaaa_0dbe42c8_b07b_4785"": -3.9051444053649575, ""duyphu_0112d9da_9934_4614_b233"": -9.033337306976286, ""nhoxinh_9214fc0d_4490_4bdd_9ff"": -5.832567882537809}",duyphu_0112d9da_9934_4614_b233,continuous_primal_dual_psd,6,13.23213996670418,13.23213996670418,0.0,"[0.0, 0.0, 1.0]",primal=Optimization terminated successfully; dual=outer=Optimization terminated successfully; inner=Optimization terminated successfully,1,-208.12501358908267,208.12501358908267,10.093860741021858,
ties,triple,laquythang_8444c3be_8779_4769+cunghoctienganh_b7496e73_1762+nblinh63_0eb73af3_0631_437a_ad,20.093235445022543,13.550379943847624,0,"[0.2, 0.2, 0.6]","[0.2, 0.2, 0.6]",0.0,"{""cunghoctienganh_b7496e73_1762"": -13.550379943847624, ""laquythang_8444c3be_8779_4769"": -3.8250119209289224, ""nblinh63_0eb73af3_0631_437a_ad"": -11.604729366302458}",cunghoctienganh_b7496e73_1762,continuous_primal_dual_psd,6,20.093235445022543,20.093235445022543,0.0,"[1.0, 0.0, 0.0]",primal=Optimization terminated successfully; dual=outer=Optimization terminated successfully; inner=Optimization terminated successfully,1,-244.94675150214982,245.2445960495404,11.741665077209419,
ties,triple,duyphu_7aba420b_74ac_4209_b514+cunghoctienganh_c1cf0152_7ae6+phungkhaccuong_2b1522e6_bef2_7,10.019542373478679,-8.878955173492464,1,"[0.2, 0.2, 0.6]","[0.2, 0.2, 0.6]",0.0,"{""cunghoctienganh_c1cf0152_7ae6"": 9.925004768371615, ""duyphu_7aba420b_74ac_4209_b514"": 8.878955173492464, ""phungkhaccuong_2b1522e6_bef2_7"": 12.349244880676302}",duyphu_7aba420b_74ac_4209_b514,continuous_primal_dual_psd,6,10.019542373478679,10.019542373478629,4.973799150320701e-14,"[7.271960811294722e-15, 0.9999999999999927, 0.0]",primal=Optimization terminated successfully; dual=outer=Optimization terminated successfully; inner=Optimization terminated successfully,1,-377.23775766581105,377.2377576658111,-1.667424964904852,
ties,triple,nhoxinh_0c66c9c5_5cc2_46a8_9db+mrhungddddh_911f6275_22fd_4f41+mrhunghddddd_d692685b_fdb4_477,15.455854458796413,2.8875023841857583,0,"[0.22941553337423404, 0.2, 0.570584466625766]","[0.4, 0.4, 0.2]",3.750002384185791,"{""mrhungddddh_911f6275_22fd_4f41"": -1.7416507720946939, ""mrhunghddddd_d692685b_fdb4_477"": 7.320830154418978, ""nhoxinh_0c66c9c5_5cc2_46a8_9db"": -2.8875023841857583}",nhoxinh_0c66c9c5_5cc2_46a8_9db,continuous_primal_dual_psd,6,15.455854458796413,15.455854458796413,0.0,"[0.0, 0.0, 1.0]",primal=Optimization terminated successfully; dual=outer=Optimization terminated successfully; inner=Optimization terminated successfully,1,-161.8913278124126,161.89132781241264,9.471733124253916,
ties,triple,adammandic87_3d7a58a6_4380_4e3+laquythang_efe15045_778f_4dfa+versil91_63cd5c4a_5a68_4c25_bd,0.39896961222254573,-0.34600438034035164,1,"[0.20000000000000118, 0.2, 0.5999999999999988]","[0.2, 0.2, 0.6]",0.0,"{""adammandic87_3d7a58a6_4380_4e3"": 0.34600438034035164, ""laquythang_efe15045_778f_4dfa"": 1.7999976158142417, ""versil91_63cd5c4a_5a68_4c25_bd"": 0.622588147562941}",adammandic87_3d7a58a6_4380_4e3,continuous_primal_dual_psd,6,0.39896961222254573,0.39896961222254573,0.0,"[1.0, 0.0, 0.0]",primal=Optimization terminated successfully; dual=outer=Optimization terminated successfully; inner=Optimization terminated successfully,1,-245.47107549614768,254.24786738459193,0.11400142554952129,
ties,triple,thaffggg_8a78a9b2_d3fa_4615_b8+nhoxinh_2f944a50_cbd3_4334_af8+versil91_121ef6e9_0ded_4fc3_8c,9.925543526921711,4.241672229766813,0,"[0.2, 0.2, 0.6]","[0.2, 0.6, 0.2]",1.7708420753479004,"{""nhoxinh_2f944a50_cbd3_4334_af8"": -4.1178495407104165, ""thaffggg_8a78a9b2_d3fa_4615_b8"": 2.553209590911898, ""versil91_121ef6e9_0ded_4fc3_8c"": -4.241672229766813}",versil91_121ef6e9_0ded_4fc3_8c,continuous_primal_dual_psd,6,9.925543526921711,9.925543526921711,0.0,"[1.0, 0.0, 0.0]",primal=Optimization terminated successfully; dual=outer=Optimization terminated successfully; inner=Optimization terminated successfully,1,-214.70525050556697,214.705250505567,2.276183876622415,
ties,triple,versil91_8444c3be_8779_4769_a0+tuanna08go_6af2bb68_a65f_4331+mrhungddddh_fe499423_02f3_4cfd,22.87803001403809,0.4916579246520669,0,"[0.2, 0.2, 0.6]","[0.2, 0.6, 0.2]",3.7259697914123535,"{""mrhungddddh_fe499423_02f3_4cfd"": -0.4916579246520669, ""tuanna08go_6af2bb68_a65f_4331"": -0.314815606011286, ""versil91_8444c3be_8779_4769_a0"": -0.3250031292356546}",mrhungddddh_fe499423_02f3_4cfd,continuous_primal_dual_psd,6,22.87803001403809,22.878030014038053,3.552713678800501e-14,"[1.654232306691456e-14, 0.0, 0.9999999999999836]",primal=Optimization terminated successfully; dual=outer=Optimization terminated successfully; inner=Optimization terminated successfully,1,-538.8478245652827,538.9671610709886,5.771401596069329,
ties,triple,duyphu_4909ad74_a335_4972_9ed8+nbninh_a1f78795_1b61_4923_9235+hongngo_687b8c72_c89b_4cb7_b7c,-1.0509662697598667,7.830682468414274,0,"[0.20000000000001503, 0.46367317824609966, 0.3363268217538853]","[0.2, 0.6, 0.2]",4.015135765075684,"{""duyphu_4909ad74_a335_4972_9ed8"": -7.830682468414274, ""hongngo_687b8c72_c89b_4cb7_b7c"": -7.234087657928434, ""nbninh_a1f78795_1b61_4923_9235"": -6.126132678985563}",duyphu_4909ad74_a335_4972_9ed8,continuous_primal_dual_psd,6,-1.0509662697598667,-1.0509662697598667,0.0,"[0.0, 0.0, 1.0]",primal=Optimization terminated successfully; dual=outer=Optimization terminated successfully; inner=Optimization terminated successfully,1,-104.72799843698631,104.72799843698633,-1.3084660105809551,
ties,triple,tuanna08go_7647f014_8af3_4266+nbninh_0d8b128b_8753_46c3_b80f+mrhungddddh_9b1deaac_4565_48f2,0.1040785177108634,0.7756952924178696,0,"[0.2887797431109777, 0.2835929788049751, 0.4276272780840472]","[0.2, 0.2, 0.6]",0.1417491024401617,"{""mrhungddddh_9b1deaac_4565_48f2"": 5.598065185546908, ""nbninh_0d8b128b_8753_46c3_b80f"": 14.868900108337435, ""tuanna08go_7647f014_8af3_4266"": -0.7756952924178696}",tuanna08go_7647f014_8af3_4266,continuous_primal_dual_psd,6,0.1040785177108634,0.10407851771063596,2.2744306438227113e-13,"[0.9599576388851361, 0.04004236111483843, 2.556434435768468e-14]",primal=Optimization terminated successfully; dual=outer=Optimization terminated successfully; inner=Optimization terminated successfully,1,-105.14899924709655,105.14899924709655,0.10049259064420774,
ties,triple,cunghoctienganh_4909ad74_a335+datlaaaaaaa_e8cccbe1_c136_409a+adammandic87_f28f18cf_4abb_4db,8.726863998689186,8.739772510528532,0,"[0.22274891575082154, 0.2, 0.5772510842491785]","[0.2, 0.2, 0.6]",0.0,"{""adammandic87_f28f18cf_4abb_4db"": -0.18427677154537747, ""cunghoctienganh_4909ad74_a335"": 1.2791722297668784, ""datlaaaaaaa_e8cccbe1_c136_409a"": -8.739772510528532}",datlaaaaaaa_e8cccbe1_c136_409a,continuous_primal_dual_psd,6,8.726863998689186,8.726863998689014,1.723066134218243e-13,"[0.3889563971200384, 1.2407476406504793e-14, 0.6110436028799492]",primal=Optimization terminated successfully; dual=outer=Optimization terminated successfully; inner=Optimization terminated successfully,1,-207.584761029123,207.584761029123,7.967639859427685,
ties,triple,lhong4759_f68c5c87_934d_4399_b+phungkhaccuong_731c6dec_a942_4+denbeo_d9ae91c0_fed9_4fb4_8ddd,35.19727664691847,11.405137252807585,0,"[0.20000000000001422, 0.2, 0.5999999999999858]","[0.2, 0.6, 0.2]",6.5865278244018555,"{""denbeo_d9ae91c0_fed9_4fb4_8ddd"": 1.6156881332397788, ""lhong4759_f68c5c87_934d_4399_b"": -10.988476943969694, ""phungkhaccuong_731c6dec_a942_4"": -11.405137252807585}",phungkhaccuong_731c6dec_a942_4,continuous_primal_dual_psd,6,35.19727664691847,35.19727664691847,0.0,"[0.0, 0.0, 1.0]",primal=Optimization terminated successfully; dual=outer=Optimization terminated successfully; inner=Optimization terminated successfully,1,-274.30632996934514,274.3063299693451,25.472727489472,
ties,triple,thaffggg_8a78a9b2_d3fa_4615_b8+denbeo_d9ae91c0_fed9_4fb4_8ddd+thaffggg_8c87f3d3_d4bb_475a_a8,18.37579297230978,6.461945247650114,0,"[0.3403679804899458, 0.2, 0.45963201951005417]","[0.4, 0.2, 0.4]",0.0,"{""denbeo_d9ae91c0_fed9_4fb4_8ddd"": -1.4051229476928384, ""thaffggg_8a78a9b2_d3fa_4615_b8"": -1.6134769439696939, ""thaffggg_8c87f3d3_d4bb_475a_a8"": -6.461945247650114}",thaffggg_8c87f3d3_d4bb_475a_a8,continuous_primal_dual_psd,6,18.37579297230978,18.37579297230977,1.0658141036401503e-14,"[0.15690251499868144, 0.8430974850013185, 0.0]",primal=Optimization terminated successfully; dual=outer=Optimization terminated successfully; inner=Optimization terminated successfully,1,-114.11664875576034,114.11664875576035,18.375792972309767,
ties,triple,tuanna08go_6af2bb68_a65f_4331+datlaaaaaaa_cc1f8701_0976_4f48+mrhunghddddd_d692685b_fdb4_477,25.270639948795363,0.9148149278428832,0,"[0.2, 0.2, 0.6]","[0.4, 0.2, 0.4]",0.21481492784288192,"{""datlaaaaaaa_cc1f8701_0976_4f48"": 5.862507152557406, ""mrhunghddddd_d692685b_fdb4_477"": 2.945837306976351, ""tuanna08go_6af2bb68_a65f_4331"": -0.9148149278428832}",tuanna08go_6af2bb68_a65f_4331,continuous_primal_dual_psd,6,25.270639948795363,25.270639948795363,0.0,"[0.0, 0.0, 1.0]",primal=Optimization terminated successfully; dual=outer=Optimization terminated successfully; inner=Optimization terminated successfully,1,-518.3296965050308,518.3296965050308,10.39698429107664,
ties,triple,taronklm_trained_model+nbninh_0d8b128b_8753_46c3_b80f+mrhunghd_9e58333c_df22_4a00_9c,-24.820825386052206,-0.002962363584612372,1,"[0.6000000000007047, 0.20000000000043147, 0.19999999999886375]","[0.6, 0.2, 0.2]",0.0,"{""mrhunghd_9e58333c_df22_4a00_9c"": 37.633320617675814, ""nbninh_0d8b128b_8753_46c3_b80f"": 32.104477214813265, ""taronklm_trained_model"": 0.002962363584612372}",taronklm_trained_model,continuous_primal_dual_psd,6,-24.820825386052206,-24.820825386052206,0.0,"[1.0, 0.0, 0.0]",primal=Optimization terminated successfully; dual=outer=Optimization terminated successfully; inner=Optimization terminated successfully,1,-41.37408323855992,41.374083238559926,-24.82082538605221,
ties,triple,duyphu_4909ad74_a335_4972_9ed8+nbninh_c4ae10ba_efe4_401e_8dd7+mrhungddddh_9b1deaac_4565_48f2,10.183861923223375,2.9581696510314615,0,"[0.20000000000002258, 0.20000000000002302, 0.5999999999999543]","[0.2, 0.6, 0.2]",0.028407573699951172,"{""duyphu_4909ad74_a335_4972_9ed8"": -2.9581696510314615, ""mrhungddddh_9b1deaac_4565_48f2"": -0.6759674072265298, ""nbninh_c4ae10ba_efe4_401e_8dd7"": -0.4341275215148599}",duyphu_4909ad74_a335_4972_9ed8,continuous_primal_dual_psd,6,10.183861923223375,10.183861923223375,0.0,"[0.0, 0.0, 1.0]",primal=Optimization terminated successfully; dual=outer=Optimization terminated successfully; inner=Optimization terminated successfully,1,-384.0067776657404,384.8720385116769,0.47586264729318295,
ties,triple,cunghoctienganh_c1cf0152_7ae6+nbninh_a1f78795_1b61_4923_9235+hongngo_7e251dfc_e0f7_4f73_aae,4.092657366107349,5.150750350952116,0,"[0.4112434020083751, 0.38875659799163476, 0.19999999999999019]","[0.6, 0.2, 0.2]",2.2253870964050293,"{""cunghoctienganh_c1cf0152_7ae6"": 0.3416626930237143, ""hongngo_7e251dfc_e0f7_4f73_aae"": -5.150750350952116, ""nbninh_a1f78795_1b61_4923_9235"": -3.5409123420715005}",hongngo_7e251dfc_e0f7_4f73_aae,continuous_primal_dual_psd,6,4.092657366107349,4.092657366107349,0.0,"[1.0, 0.0, 0.0]",primal=Optimization terminated successfully; dual=outer=Optimization terminated successfully; inner=Optimization terminated successfully,1,-39.32737304308311,39.32737304308311,-1.634962945915893,
ties,triple,versil91_01a5620a_fb5f_4bab_94+versil91_e9f26c47_9b78_4e3f_81+duyphu_7aba420b_74ac_4209_b514,0.3426225899034172,2.6230842590331704,0,"[0.22198072166699218, 0.42937290863573535, 0.3486463696972725]","[0.6, 0.2, 0.2]",2.40020751953125,"{""duyphu_7aba420b_74ac_4209_b514"": -2.6230842590331704, ""versil91_01a5620a_fb5f_4bab_94"": -1.8382187374346601, ""versil91_e9f26c47_9b78_4e3f_81"": -1.1615419828109}",duyphu_7aba420b_74ac_4209_b514,continuous_primal_dual_psd,6,0.3426225899034172,0.34262258990329053,1.2667644710973036e-13,"[0.0, 0.9081263230182894, 0.09187367698171041]",primal=Optimization terminated successfully; dual=outer=Optimization terminated successfully; inner=Optimization terminated successfully,1,-75.28927089112656,75.28927089112655,0.34262258990341743,
ties,triple,nhung02_db2c9545_4607_487b_9cc+datlaaaaaaa_0dbe42c8_b07b_4785+datlaaaaaaa_e8cccbe1_c136_409a,10.131785345077482,5.44431514739987,0,"[0.2, 0.2, 0.6]","[0.2, 0.6, 0.2]",2.4431943893432617,"{""datlaaaaaaa_0dbe42c8_b07b_4785"": -1.8217951774596841, ""datlaaaaaaa_e8cccbe1_c136_409a"": -5.44431514739987, ""nhung02_db2c9545_4607_487b_9cc"": -0.8136541366576822}",datlaaaaaaa_e8cccbe1_c136_409a,continuous_primal_dual_psd,6,10.131785345077482,10.131785345077475,7.105427357601002e-15,"[0.0, 0.9999999999999984, 1.5543122344752168e-15]",primal=Optimization terminated successfully; dual=outer=Optimization terminated successfully; inner=Optimization terminated successfully,1,-246.6541685473723,252.80563441337125,3.3041626930236676,
ties,triple,cunghoctienganh_4909ad74_a335+nhoxinh_0c66c9c5_5cc2_46a8_9db+nhung02_08157847_d833_4d45_90f,20.18095573370715,10.09904451370236,0,"[0.2955031393056557, 0.21987186094158903, 0.4846249997527553]","[0.6, 0.2, 0.2]",0.9375095367431641,"{""cunghoctienganh_4909ad74_a335"": -9.762492847442594, ""nhoxinh_0c66c9c5_5cc2_46a8_9db"": -10.09904451370236, ""nhung02_08157847_d833_4d45_90f"": -4.161551666259733}",nhoxinh_0c66c9c5_5cc2_46a8_9db,continuous_primal_dual_psd,6,20.18095573370715,20.180955733692457,1.4694023775518872e-11,"[0.12526315273024555, 0.4012137950197688, 0.4735230522499858]",primal=Optimization terminated successfully; dual=outer=Optimization terminated successfully; inner=Optimization terminated successfully,1,-107.09340774582509,107.0934077458251,20.128856776532572,
ties,triple,chauhoang_4909ad74_a335_4972_9+mrhungddddh_fe499423_02f3_4cfd+mrhungddddh_911f6275_22fd_4f41,9.110399346798342,7.991662693023649,0,"[0.2000000000000856, 0.200000000000946, 0.5999999999989684]","[0.2, 0.6, 0.2]",1.6907095909118652,"{""chauhoang_4909ad74_a335_4972_9"": -5.050960254669157, ""mrhungddddh_911f6275_22fd_4f41"": -7.887485694885221, ""mrhungddddh_fe499423_02f3_4cfd"": -7.991662693023649}",mrhungddddh_fe499423_02f3_4cfd,continuous_primal_dual_psd,6,9.110399346798342,9.110399346798339,3.552713678800501e-15,"[9.27036225561997e-15, 0.0, 0.9999999999999907]",primal=Optimization terminated successfully; dual=outer=Optimization terminated successfully; inner=Optimization terminated successfully,1,-183.86779385523556,183.86779385523562,7.802274894716222,
ties,triple,laquythang_efe15045_778f_4dfa+phungkhaccuong_2b1522e6_bef2_7+phungkhaccuong_a992b7f5_9d18_c,-1.663076613372212,-0.5500047683716147,1,"[0.2, 0.5504823198230199, 0.24951768017698006]","[0.2, 0.4, 0.4]",0.11364221572875977,"{""laquythang_efe15045_778f_4dfa"": 0.5500047683716147, ""phungkhaccuong_2b1522e6_bef2_7"": 9.044322299957308, ""phungkhaccuong_a992b7f5_9d18_c"": 4.612502384185824}",laquythang_efe15045_778f_4dfa,continuous_primal_dual_psd,6,-1.663076613372212,-1.6630766133722938,8.193445921733655e-14,"[0.0, 0.16152236131475173, 0.8384776386852484]",primal=Optimization terminated successfully; dual=outer=Optimization terminated successfully; inner=Optimization terminated successfully,1,-88.60029537344468,93.65559648859865,-2.169937245508714,
ties,triple,adammandic87_3d7a58a6_4380_4e3+cunghoctienganh_b7496e73_1762+hongngo_687b8c72_c89b_4cb7_b7c,10.179159116744977,1.1479438336623284,0,"[0.2, 0.2, 0.6]","[0.6, 0.2, 0.2]",5.972501608537346,"{""adammandic87_3d7a58a6_4380_4e3"": -1.1479438336623284, ""cunghoctienganh_b7496e73_1762"": 1.0234802246094077, ""hongngo_687b8c72_c89b_4cb7_b7c"": -0.33141679763790677}",adammandic87_3d7a58a6_4380_4e3,continuous_primal_dual_psd,6,10.179159116744977,10.179159116744977,0.0,"[0.0, 0.0, 1.0]",primal=Optimization terminated successfully; dual=outer=Optimization terminated successfully; inner=Optimization terminated successfully,1,-403.5026747638131,404.1910981442382,0.40471964192647947,
ties,triple,versil91_8444c3be_8779_4769_a0+duyphu_0112d9da_9934_4614_b233+versil91_474890ea_012d_4a25_96,9.780910782273407,0.8893877983092935,0,"[0.2000000000000602, 0.20000000000002843, 0.5999999999999114]","[0.2, 0.2, 0.6]",0.0,"{""duyphu_0112d9da_9934_4614_b233"": -0.8893877983092935, ""versil91_474890ea_012d_4a25_96"": -0.7000000000000158, ""versil91_8444c3be_8779_4769_a0"": -0.6062481001069411}",duyphu_0112d9da_9934_4614_b233,continuous_primal_dual_psd,6,9.780910782273407,9.780910782273407,0.0,"[0.0, 0.0, 1.0]",primal=Optimization terminated successfully; dual=outer=Optimization terminated successfully; inner=Optimization terminated successfully,1,-335.0407918191173,335.0407918191174,3.8067967414847805,
ties,triple,tuanna08go_7647f014_8af3_4266+nhoxinh_9214fc0d_4490_4bdd_9ff+versil91_63cd5c4a_5a68_4c25_bd,0.6876030263464645,2.5327474594115884,0,"[0.6, 0.2, 0.19999999999999996]","[0.6, 0.2, 0.2]",0.0,"{""nhoxinh_9214fc0d_4490_4bdd_9ff"": -2.5327474594115884, ""tuanna08go_7647f014_8af3_4266"": -1.040050656640528, ""versil91_63cd5c4a_5a68_4c25_bd"": -1.1516152849406307}",nhoxinh_9214fc0d_4490_4bdd_9ff,continuous_primal_dual_psd,6,0.6876030263464645,0.6876030263464645,0.0,"[1.0, 0.0, 0.0]",primal=Optimization terminated successfully; dual=outer=Optimization terminated successfully; inner=Optimization terminated successfully,0,0.784795995529698,0.0,0.6876030263464644,
ties,triple,tuanna08go_c1cf0152_7ae6_43b6+hongngo_9d92894f_7b7b_49e0_8f3+nblinh63_0eb73af3_0631_437a_ad,26.3841435537332,8.218935203552213,0,"[0.20000000000000714, 0.2, 0.5999999999999929]","[0.2, 0.6, 0.2]",9.74506139755249,"{""hongngo_9d92894f_7b7b_49e0_8f3"": -7.116106224060026, ""nblinh63_0eb73af3_0631_437a_ad"": -5.809262466430631, ""tuanna08go_c1cf0152_7ae6_43b6"": -8.218935203552213}",tuanna08go_c1cf0152_7ae6_43b6,continuous_primal_dual_psd,6,26.3841435537332,26.384143553731217,1.9824142327706795e-12,"[0.0, 1.3455903058455872e-13, 0.9999999999998654]",primal=Optimization terminated successfully; dual=outer=Optimization terminated successfully; inner=Optimization terminated successfully,1,-169.62846399560905,193.6386440524916,19.76250715255716,
ties,triple,chauhoang_2aa4f343_5524_f86e_b+nhoxinh_2f944a50_cbd3_4334_af8+nhung03_7b6cdc3c_7130_4c2c_a2c,48.74333241312238,15.643194389343229,0,"[0.20000000000001306, 0.20000000000001172, 0.5999999999999752]","[0.4, 0.4, 0.2]",9.796762466430664,"{""chauhoang_2aa4f343_5524_f86e_b"": -12.518909645080534, ""nhoxinh_2f944a50_cbd3_4334_af8"": -15.643194389343229, ""nhung03_7b6cdc3c_7130_4c2c_a2c"": -8.304157924652067}",nhoxinh_2f944a50_cbd3_4334_af8,continuous_primal_dual_psd,6,48.74333241312238,48.74333241312238,0.0,"[0.0, 0.0, 1.0]",primal=Optimization terminated successfully; dual=outer=Optimization terminated successfully; inner=Optimization terminated successfully,1,-292.3338830530567,298.5943055561778,37.17726774215622,
ties,triple,laquythang_8444c3be_8779_4769+adammandic87_f28f18cf_4abb_4db+versil91_121ef6e9_0ded_4fc3_8c,16.429147195816004,6.116667461395231,0,"[0.2, 0.2, 0.6]","[0.2, 0.4, 0.4]",0.625002384185791,"{""adammandic87_f28f18cf_4abb_4db"": -2.5517017364501626, ""laquythang_8444c3be_8779_4769"": -6.116667461395231, ""versil91_121ef6e9_0ded_4fc3_8c"": -4.137495231628385}",laquythang_8444c3be_8779_4769,continuous_primal_dual_psd,6,16.429147195816004,16.429147195816004,0.0,"[0.0, 1.0, 0.0]",primal=Optimization terminated successfully; dual=outer=Optimization terminated successfully; inner=Optimization terminated successfully,1,-316.24240959314585,325.82237836368597,4.554167461395194,
ties,triple,lhong4759_f68c5c87_934d_4399_b+nhoxinh_0c66c9c5_5cc2_46a8_9db+nblinh63_0eb73af3_0631_437a_ad,24.0032821857071,19.161549282073942,0,"[0.2, 0.32765470772193767, 0.4723452922780623]","[0.2, 0.2, 0.6]",6.298065185546875,"{""lhong4759_f68c5c87_934d_4399_b"": -18.11988658905026, ""nblinh63_0eb73af3_0631_437a_ad"": -15.241101455688444, ""nhoxinh_0c66c9c5_5cc2_46a8_9db"": -19.161549282073942}",nhoxinh_0c66c9c5_5cc2_46a8_9db,continuous_primal_dual_psd,6,24.0032821857071,24.0032821857071,0.0,"[0.0, 0.0, 1.0]",primal=Optimization terminated successfully; dual=outer=Optimization terminated successfully; inner=Optimization terminated successfully,1,-161.02431257701664,161.02431257701662,22.892862520014326,
ties,triple,taronklm_trained_model+laquythang_efe15045_778f_4dfa+phungkhaccuong_2b1522e6_bef2_7,-28.586861419677646,0.1570488598460248,0,"[0.5999999999999943, 0.2, 0.20000000000000573]","[0.6, 0.2, 0.2]",0.0,"{""laquythang_efe15045_778f_4dfa"": 35.635217952728304, ""phungkhaccuong_2b1522e6_bef2_7"": 29.62197952270511, ""taronklm_trained_model"": -0.1570488598460248}",taronklm_trained_model,continuous_primal_dual_psd,6,-28.586861419677646,-28.58686141967765,3.552713678800501e-15,"[5.551115123125784e-16, 0.9999999999999994, 0.0]",primal=Optimization terminated successfully; dual=outer=Optimization terminated successfully; inner=Optimization terminated successfully,0,15.00434065828452,0.0,-28.586861419677653,
ties,triple,phungkhaccuong_731c6dec_a942_4+hongngo_9d92894f_7b7b_49e0_8f3+versil91_474890ea_012d_4a25_96,2.3819640528533963,3.2000095367431314,0,"[0.2100897787685819, 0.2, 0.5899102212314181]","[0.6, 0.2, 0.2]",5.777239799499512,"{""hongngo_9d92894f_7b7b_49e0_8f3"": -3.2000095367431314, ""phungkhaccuong_731c6dec_a942_4"": -2.3907095909118325, ""versil91_474890ea_012d_4a25_96"": 1.1571458933296337}",hongngo_9d92894f_7b7b_49e0_8f3,continuous_primal_dual_psd,6,2.3819640528533963,2.3819640528522283,1.1679546219056647e-12,"[0.0, 0.7324427134523274, 0.26755728654767263]",primal=Optimization terminated successfully; dual=outer=Optimization terminated successfully; inner=Optimization terminated successfully,1,-65.33043298978612,65.3304329897861,2.3819640528534003,
ties,triple,chauhoang_2aa4f343_5524_f86e_b+thaffggg_8c87f3d3_d4bb_475a_a8+datlaaaaaaa_e8cccbe1_c136_409a,5.088123545561178,5.586364936828581,0,"[0.20000000000001836, 0.2, 0.5999999999999817]","[0.4, 0.4, 0.2]",1.732945442199707,"{""chauhoang_2aa4f343_5524_f86e_b"": -4.706421566009489, ""datlaaaaaaa_e8cccbe1_c136_409a"": -5.586364936828581, ""thaffggg_8c87f3d3_d4bb_475a_a8"": 2.61000089645389}",datlaaaaaaa_e8cccbe1_c136_409a,continuous_primal_dual_psd,6,5.088123545561178,5.088123545561178,0.0,"[0.0, 1.0, 0.0]",primal=Optimization terminated successfully; dual=outer=Optimization terminated successfully; inner=Optimization terminated successfully,1,-77.0597386196064,77.0597386196064,3.929165077209543,
ties,triple,duyphu_0112d9da_9934_4614_b233+mrhunghd_9e58333c_df22_4a00_9c+nhung02_db2c9545_4607_487b_9cc,11.152567807609485,6.921592426300016,0,"[0.20684421443297146, 0.2000000000000111, 0.5931557855670174]","[0.6, 0.2, 0.2]",3.243744373321533,"{""duyphu_0112d9da_9934_4614_b233"": -4.7107965469360025, ""mrhunghd_9e58333c_df22_4a00_9c"": 0.3416626930237143, ""nhung02_db2c9545_4607_487b_9cc"": -6.921592426300016}",nhung02_db2c9545_4607_487b_9cc,continuous_primal_dual_psd,6,11.152567807609485,11.152567807605418,4.066080805387173e-12,"[0.5274079754955596, 0.4725920245044404, 0.0]",primal=Optimization terminated successfully; dual=outer=Optimization terminated successfully; inner=Optimization terminated successfully,1,-342.0230496452574,342.02304964525746,11.15079904634279,
ties,triple,datlaaaaaaa_cc1f8701_0976_4f48+duyphu_4909ad74_a335_4972_9ed8+nbninh_0d8b128b_8753_46c3_b80f,14.801111888885508,8.323112201690641,0,"[0.2000000000000022, 0.20000000000000073, 0.5999999999999971]","[0.4, 0.2, 0.4]",1.1225104331970215,"{""datlaaaaaaa_cc1f8701_0976_4f48"": 2.008327770233187, ""duyphu_4909ad74_a335_4972_9ed8"": -8.323112201690641, ""nbninh_0d8b128b_8753_46c3_b80f"": 1.9041626930237143}",duyphu_4909ad74_a335_4972_9ed8,continuous_primal_dual_psd,6,14.801111888885508,14.801111888885508,0.0,"[1.0, 0.0, 0.0]",primal=Optimization terminated successfully; dual=outer=Optimization terminated successfully; inner=Optimization terminated successfully,1,-106.27071699975973,106.27071699975973,13.010612201690563,
ties,triple,cunghoctienganh_b7496e73_1762+chauhoang_4909ad74_a335_4972_9+nhoxinh_9214fc0d_4490_4bdd_9ff,6.116679382324193,6.239774894714323,0,"[0.6, 0.2, 0.19999999999999996]","[0.6, 0.2, 0.2]",0.0,"{""chauhoang_4909ad74_a335_4972_9"": -6.239774894714323, ""cunghoctienganh_b7496e73_1762"": -3.171590042114225, ""nhoxinh_9214fc0d_4490_4bdd_9ff"": -4.294112396240202}",chauhoang_4909ad74_a335_4972_9,continuous_primal_dual_psd,6,6.116679382324193,6.116679382324193,0.0,"[0.0, 1.0, 0.0]",primal=Optimization terminated successfully; dual=outer=Optimization terminated successfully; inner=Optimization terminated successfully,1,-34.80225797564162,34.8022579756416,6.116679382324195,
ties,triple,adammandic87_3d7a58a6_4380_4e3+tuanna08go_c1cf0152_7ae6_43b6+hongngo_687b8c72_c89b_4cb7_b7c,3.3562333106995688,0.23511116554515432,0,"[0.2, 0.20000000000000281, 0.5999999999999972]","[0.4, 0.4, 0.2]",1.8766129250309849,"{""adammandic87_3d7a58a6_4380_4e3"": -0.23511116554515432, ""hongngo_687b8c72_c89b_4cb7_b7c"": 2.3346751213074057, ""tuanna08go_c1cf0152_7ae6_43b6"": 2.656647491455111}",adammandic87_3d7a58a6_4380_4e3,continuous_primal_dual_psd,6,3.3562333106995688,3.3562333106995688,0.0,"[0.0, 1.0, 0.0]",primal=Optimization terminated successfully; dual=outer=Optimization terminated successfully; inner=Optimization terminated successfully,1,-120.55496412254658,130.02582793292765,0.7030446212330156,
ties,triple,cunghoctienganh_c1cf0152_7ae6+mrhungddddh_fe499423_02f3_4cfd+mrhunghddddd_d692685b_fdb4_477,19.492217922982764,6.845834922790495,0,"[0.20000000000008528, 0.20000000000000379, 0.5999999999999109]","[0.6, 0.2, 0.2]",4.190707206726074,"{""cunghoctienganh_c1cf0152_7ae6"": -0.38749284744259427, ""mrhungddddh_fe499423_02f3_4cfd"": -2.7032048225402505, ""mrhunghddddd_d692685b_fdb4_477"": -6.845834922790495}",mrhunghddddd_d692685b_fdb4_477,continuous_primal_dual_psd,6,19.492217922982764,19.492217922982764,0.0,"[0.0, 8.604228440844955e-16, 0.9999999999999991]",primal=Optimization terminated successfully; dual=outer=Optimization terminated successfully; inner=Optimization terminated successfully,1,-441.5455042580967,441.5455042580967,15.903976631161006,
ties,triple,nhung02_08157847_d833_4d45_90f+mrhungddddh_911f6275_22fd_4f41+versil91_63cd5c4a_5a68_4c25_bd,1.0674938532825777,0.6354845854821969,0,"[0.2, 0.412159521912119, 0.387840478087881]","[0.2, 0.6, 0.2]",1.3145201828893525,"{""mrhungddddh_911f6275_22fd_4f41"": 4.300007152557406, ""nhung02_08157847_d833_4d45_90f"": 0.5500047683716147, ""versil91_63cd5c4a_5a68_4c25_bd"": -0.6354845854821969}",versil91_63cd5c4a_5a68_4c25_bd,continuous_primal_dual_psd,6,1.0674938532825777,1.0674938532825777,0.0,"[0.9999999999999996, 4.718447854656914e-16, 0.0]",primal=Optimization terminated successfully; dual=outer=Optimization terminated successfully; inner=Optimization terminated successfully,1,-149.292719636822,149.292719636822,0.7393267981004809,
ties,triple,nbninh_c4ae10ba_efe4_401e_8dd7+adammandic87_f28f18cf_4abb_4db+versil91_121ef6e9_0ded_4fc3_8c,8.125524879101404,1.268187236785856,0,"[0.2, 0.2, 0.6]","[0.2, 0.4, 0.4]",0.9615421295166016,"{""adammandic87_f28f18cf_4abb_4db"": 1.9850104331970542, ""nbninh_c4ae10ba_efe4_401e_8dd7"": -1.268187236785856, ""versil91_121ef6e9_0ded_4fc3_8c"": 0.75833492279056}",nbninh_c4ae10ba_efe4_401e_8dd7,continuous_primal_dual_psd,6,8.125524879101404,8.125524879101386,1.7763568394002505e-14,"[0.0, 0.999999999999992, 8.04911692853232e-15]",primal=Optimization terminated successfully; dual=outer=Optimization terminated successfully; inner=Optimization terminated successfully,1,-181.65548630786577,181.6554863078658,1.7416626930236427,
ties,triple,thaffggg_8a78a9b2_d3fa_4615_b8+datlaaaaaaa_0dbe42c8_b07b_4785+nhung03_7b6cdc3c_7130_4c2c_a2c,28.872958081025285,13.825002384185758,0,"[0.3016184280063837, 0.2, 0.4983815719936162]","[0.2, 0.6, 0.2]",1.249992847442627,"{""datlaaaaaaa_0dbe42c8_b07b_4785"": -5.387499999999967, ""nhung03_7b6cdc3c_7130_4c2c_a2c"": -13.825002384185758, ""thaffggg_8a78a9b2_d3fa_4615_b8"": -11.74166507720944}",nhung03_7b6cdc3c_7130_4c2c_a2c,continuous_primal_dual_psd,6,28.872958081025285,28.872958081023867,1.4175327578413999e-12,"[0.0, 0.0, 1.0]",primal=Optimization terminated successfully; dual=outer=Optimization terminated successfully; inner=Optimization terminated successfully,1,-205.74987703332863,205.74987703332866,23.4932829283144,
dare_ties,pair,lhong4759_f68c5c87_934d_4399_b+tuanna08go_6af2bb68_a65f_4331,-4.200302491210721,-0.3666664971245647,1,"[0.41415653357849086, 0.5858434664215091]","[0.2, 0.8]",0.986545933617452,"{""lhong4759_f68c5c87_934d_4399_b"": 8.258327770233187, ""tuanna08go_6af2bb68_a65f_4331"": 0.3666664971245647}",tuanna08go_6af2bb68_a65f_4331,continuous_primal_dual_psd,4,-4.200302491210721,-4.200302491210721,0.0,"[0.0, 1.0]",primal=Optimization terminated successfully; dual=outer=Optimization terminated successfully; inner=Optimization terminated successfully,0,256.1734616756439,0.0,-4.200302491210721,
dare_ties,pair,versil91_e9f26c47_9b78_4e3f_81+cunghoctienganh_b7496e73_1762,1.8435842990919298,2.4613649368285806,0,"[0.6131781983279798, 0.3868218016720202]","[0.8, 0.2]",11.35416030883789,"{""cunghoctienganh_b7496e73_1762"": -2.4613649368285806, ""versil91_e9f26c47_9b78_4e3f_81"": 1.0884666002906895}",cunghoctienganh_b7496e73_1762,continuous_primal_dual_psd,4,1.8435842990919298,1.8435842990919298,0.0,"[1.0, 0.0]",primal=Optimization terminated successfully; dual=outer=Optimization terminated successfully; inner=Optimization terminated successfully,0,15.324503183364865,0.0,1.8435842990919298,
dare_ties,pair,chauhoang_2aa4f343_5524_f86e_b+mrhungddddh_911f6275_22fd_4f41,14.961478597687702,10.179153156280485,0,"[0.759870644618516, 0.24012935538148406]","[0.8, 0.2]",0.0,"{""chauhoang_2aa4f343_5524_f86e_b"": -5.65193004608151, ""mrhungddddh_911f6275_22fd_4f41"": -10.179153156280485}",mrhungddddh_911f6275_22fd_4f41,continuous_primal_dual_psd,4,14.961478597687702,14.961478597687702,0.0,"[0.0, 1.0]",primal=Optimization terminated successfully; dual=outer=Optimization terminated successfully; inner=Optimization terminated successfully,0,64.27571177482602,0.0,14.961478597687702,
dare_ties,pair,versil91_01a5620a_fb5f_4bab_94+mrhungddddh_9b1deaac_4565_48f2,16.32507510185239,1.738083031765179,0,"[0.8, 0.19999999999999996]","[0.8, 0.2]",0.0,"{""mrhungddddh_9b1deaac_4565_48f2"": -0.6759674072265298, ""versil91_01a5620a_fb5f_4bab_94"": -1.738083031765179}",versil91_01a5620a_fb5f_4bab_94,continuous_primal_dual_psd,4,16.32507510185239,16.32507510185239,0.0,"[0.0, 1.0]",primal=Optimization terminated successfully; dual=outer=Optimization terminated successfully; inner=Optimization terminated successfully,1,-51.8468022346497,51.8468022346497,-0.2659016132355152,
dare_ties,pair,tuanna08go_c1cf0152_7ae6_43b6+phungkhaccuong_a992b7f5_9d18_c,14.022399854660009,1.2208373069762857,0,"[0.2, 0.8]","[0.8, 0.2]",13.650202751159668,"{""phungkhaccuong_a992b7f5_9d18_c"": -1.2208373069762857, ""tuanna08go_c1cf0152_7ae6_43b6"": -1.0831624984740884}",phungkhaccuong_a992b7f5_9d18_c,continuous_primal_dual_psd,4,14.022399854660009,14.022399854660009,0.0,"[0.0, 1.0]",primal=Optimization terminated successfully; dual=outer=Optimization terminated successfully; inner=Optimization terminated successfully,1,-97.65639901161195,97.65639901161195,13.178135824203466,
dare_ties,pair,thaffggg_8a78a9b2_d3fa_4615_b8+cunghoctienganh_c1cf0152_7ae6,9.375084955890117,6.405118179321256,0,"[0.28075416442423323, 0.7192458355757667]","[0.2, 0.8]",0.0,"{""cunghoctienganh_c1cf0152_7ae6"": 1.2791722297668784, ""thaffggg_8a78a9b2_d3fa_4615_b8"": -6.405118179321256}",thaffggg_8a78a9b2_d3fa_4615_b8,continuous_primal_dual_psd,4,9.375084955890117,9.375084955890117,0.0,"[0.0, 1.0]",primal=Optimization terminated successfully; dual=outer=Optimization terminated successfully; inner=Optimization terminated successfully,0,229.87678647041292,0.0,9.375084955890117,
dare_ties,pair,nhoxinh_0c66c9c5_5cc2_46a8_9db+mrhunghddddd_d692685b_fdb4_477,61.100011895516595,31.950011920928922,0,"[0.28321139255513117, 0.7167886074448688]","[0.8, 0.2]",2.451908588409424,"{""mrhunghddddd_d692685b_fdb4_477"": -31.950011920928922, ""nhoxinh_0c66c9c5_5cc2_46a8_9db"": -31.925979328155485}",mrhunghddddd_d692685b_fdb4_477,continuous_primal_dual_psd,4,61.100011895516595,61.10001177063448,1.2488211353911538e-07,"[0.6835120917070425, 0.31648790829295753]",primal=Positive directional derivative for linesearch; dual=outer=Optimization terminated successfully; inner=Optimization terminated successfully,1,-77.88836956024161,77.88836956024161,61.1000118955166,
dare_ties,pair,nhung02_db2c9545_4607_487b_9cc+adammandic87_f28f18cf_4abb_4db,22.736883641686504,-2.9174297332764,1,"[0.37532356619433993, 0.6246764338056601]","[0.4, 0.6]",0.0,"{""adammandic87_f28f18cf_4abb_4db"": 2.9174297332764, ""nhung02_db2c9545_4607_487b_9cc"": 15.32272987365726}",adammandic87_f28f18cf_4abb_4db,continuous_primal_dual_psd,4,22.736883641686504,22.736883641686504,0.0,"[0.0, 1.0]",primal=Optimization terminated successfully; dual=outer=Optimization terminated successfully; inner=Optimization terminated successfully,0,801.4819025993343,0.0,22.736883641686518,
dare_ties,pair,nbninh_a1f78795_1b61_4923_9235+datlaaaaaaa_0dbe42c8_b07b_4785,-12.098714221552598,6.997349929809538,0,"[0.5845500699184959, 0.4154499300815041]","[0.8, 0.2]",14.734852313995361,"{""datlaaaaaaa_0dbe42c8_b07b_4785"": 3.8272350311279624, ""nbninh_a1f78795_1b61_4923_9235"": -6.997349929809538}",nbninh_a1f78795_1b61_4923_9235,continuous_primal_dual_psd,4,-12.098714221552598,-12.098714221552598,0.0,"[1.1102230246251568e-16, 0.9999999999999999]",primal=Optimization terminated successfully; dual=outer=Optimization terminated successfully; inner=Optimization terminated successfully,0,498.49763512611355,0.0,-12.098714221552598,
dare_ties,pair,duyphu_7aba420b_74ac_4209_b514+chauhoang_4909ad74_a335_4972_9,37.78333611488341,15.06115503311154,0,"[0.2, 0.8]","[0.8, 0.2]",4.825913906097412,"{""chauhoang_4909ad74_a335_4972_9"": -0.2694875717162759, ""duyphu_7aba420b_74ac_4209_b514"": -15.06115503311154}",duyphu_7aba420b_74ac_4209_b514,continuous_primal_dual_psd,4,37.78333611488341,37.78333611488341,0.0,"[0.0, 1.0]",primal=Optimization terminated successfully; dual=outer=Optimization terminated successfully; inner=Optimization terminated successfully,1,-313.8017654418947,313.8017654418947,33.330210518836964,
dare_ties,pair,laquythang_8444c3be_8779_4769+duyphu_4909ad74_a335_4972_9ed8,41.775012683868695,22.887495231628385,0,"[0.20000000000000662, 0.7999999999999934]","[0.4, 0.6]",24.037742614746094,"{""duyphu_4909ad74_a335_4972_9ed8"": -10.048773956298795, ""laquythang_8444c3be_8779_4769"": -22.887495231628385}",laquythang_8444c3be_8779_4769,continuous_primal_dual_psd,4,41.775012683868695,41.775012683868695,0.0,"[1.0, 0.0]",primal=Optimization terminated successfully; dual=outer=Optimization terminated successfully; inner=Optimization terminated successfully,1,-47.712624073028415,47.712624073028415,40.82076020240806,
dare_ties,pair,nbninh_c4ae10ba_efe4_401e_8dd7+nblinh63_0eb73af3_0631_437a_ad,6.642717790603598,7.933405113220182,0,"[0.8, 0.19999999999999996]","[0.8, 0.2]",0.0,"{""nblinh63_0eb73af3_0631_437a_ad"": 16.076669025421175, ""nbninh_c4ae10ba_efe4_401e_8dd7"": -7.933405113220182}",nbninh_c4ae10ba_efe4_401e_8dd7,continuous_primal_dual_psd,4,6.642717790603598,6.642717790603598,0.0,"[0.0, 1.0]",primal=Optimization terminated successfully; dual=outer=Optimization terminated successfully; inner=Optimization terminated successfully,0,1.9396245550618336,0.0,6.6427177906036015,
dare_ties,pair,nbninh_0d8b128b_8753_46c3_b80f+thaffggg_8c87f3d3_d4bb_475a_a8,9.343945455551108,4.900184345245329,0,"[0.2, 0.8]","[0.2, 0.8]",0.0,"{""nbninh_0d8b128b_8753_46c3_b80f"": 5.317625331878695, ""thaffggg_8c87f3d3_d4bb_475a_a8"": -4.900184345245329}",thaffggg_8c87f3d3_d4bb_475a_a8,continuous_primal_dual_psd,4,9.343945455551108,9.343945455551108,0.0,"[1.0, 0.0]",primal=Optimization terminated successfully; dual=outer=Optimization terminated successfully; inner=Optimization terminated successfully,1,-224.6685326099396,224.6685326099396,4.850574803352314,
dare_ties,pair,nhoxinh_9214fc0d_4490_4bdd_9ff+mrhunghd_9e58333c_df22_4a00_9c,5.156881909942783,14.109090042114225,0,"[0.46347826499021993, 0.5365217350097801]","[0.6, 0.4]",6.590902805328369,"{""mrhunghd_9e58333c_df22_4a00_9c"": -9.658327770233122, ""nhoxinh_9214fc0d_4490_4bdd_9ff"": -14.109090042114225}",nhoxinh_9214fc0d_4490_4bdd_9ff,continuous_primal_dual_psd,4,5.156881909942783,5.156881909942783,0.0,"[1.0, 0.0]",primal=Optimization terminated successfully; dual=outer=Optimization terminated successfully; inner=Optimization terminated successfully,0,628.9061903953551,0.0,5.156881909942783,
dare_ties,pair,taronklm_trained_model+mrhungddddh_fe499423_02f3_4cfd,-16.08121920568803,-0.5622976245868979,1,"[0.577459194614754, 0.42254080538524597]","[0.8, 0.2]",0.34804437899573726,"{""mrhungddddh_fe499423_02f3_4cfd"": 34.65655736923221, ""taronklm_trained_model"": 0.5622976245868979}",taronklm_trained_model,continuous_primal_dual_psd,4,-16.08121920568803,-16.08121920568803,0.0,"[1.0, 0.0]",primal=Optimization terminated successfully; dual=outer=Optimization terminated successfully; inner=Optimization terminated successfully,0,683.7120652198788,0.0,-16.081219205688043,
dare_ties,pair,tuanna08go_7647f014_8af3_4266+hongngo_687b8c72_c89b_4cb7_b7c,-0.01675568181813114,0.06724651367623143,0,"[0.6552541702566557, 0.34474582974334433]","[0.8, 0.2]",0.7329139814447386,"{""hongngo_687b8c72_c89b_4cb7_b7c"": 2.1831601142883628, ""tuanna08go_7647f014_8af3_4266"": -0.06724651367623143}",tuanna08go_7647f014_8af3_4266,continuous_primal_dual_psd,4,-0.01675568181813114,-0.01675568181813114,0.0,"[1.0, 0.0]",primal=Optimization terminated successfully; dual=outer=Optimization terminated successfully; inner=Optimization terminated successfully,0,18.285128265998434,0.0,-0.016755681818130697,
dare_ties,pair,laquythang_efe15045_778f_4dfa+versil91_63cd5c4a_5a68_4c25_bd,-1.4948750736258227,4.4784099578857095,0,"[0.3637585162346634, 0.6362414837653366]","[0.2, 0.8]",0.625002384185791,"{""laquythang_efe15045_778f_4dfa"": -4.4784099578857095, ""versil91_63cd5c4a_5a68_4c25_bd"": -1.0870998704228165}",laquythang_efe15045_778f_4dfa,continuous_primal_dual_psd,4,-1.4948750736258227,-1.4948750736258227,0.0,"[0.0, 1.0]",primal=Optimization terminated successfully; dual=outer=Optimization terminated successfully; inner=Optimization terminated successfully,0,48.504288857951224,0.0,-1.4948750736258232,
dare_ties,pair,cunghoctienganh_4909ad74_a335+nhoxinh_2f944a50_cbd3_4334_af8,13.689571094512914,2.4708420753478677,0,"[0.2, 0.8]","[0.8, 0.2]",11.638247966766357,"{""cunghoctienganh_4909ad74_a335"": -2.4708420753478677, ""nhoxinh_2f944a50_cbd3_4334_af8"": -1.3206393241881997}",cunghoctienganh_4909ad74_a335,continuous_primal_dual_psd,4,13.689571094512914,13.689571094512914,0.0,"[0.0, 1.0]",primal=Optimization terminated successfully; dual=outer=Optimization terminated successfully; inner=Optimization terminated successfully,1,-124.99973177909854,124.99973177909854,12.135945034027078,
dare_ties,pair,datlaaaaaaa_cc1f8701_0976_4f48+versil91_121ef6e9_0ded_4fc3_8c,5.078466010163319,1.9499928474425943,0,"[0.2000000000010587, 0.7999999999989413]","[0.2, 0.8]",0.0,"{""datlaaaaaaa_cc1f8701_0976_4f48"": -1.9499928474425943, ""versil91_121ef6e9_0ded_4fc3_8c"": -1.741674613952604}",datlaaaaaaa_cc1f8701_0976_4f48,continuous_primal_dual_psd,4,5.078466010163319,5.078466010163319,0.0,"[0.9999999999999998, 2.7755575615628914e-16]",primal=Optimization terminated successfully; dual=outer=Optimization terminated successfully; inner=Optimization terminated successfully,0,66.9343769550323,0.0,5.078466010163319,
dare_ties,pair,adammandic87_3d7a58a6_4380_4e3+phungkhaccuong_731c6dec_a942_4,-0.3466272276815623,-3.43074379331711,1,"[0.5676443357766907, 0.4323556642233093]","[0.6, 0.4]",0.0,"{""adammandic87_3d7a58a6_4380_4e3"": 3.43074379331711, ""phungkhaccuong_731c6dec_a942_4"": 3.80319051742557}",adammandic87_3d7a58a6_4380_4e3,continuous_primal_dual_psd,4,-0.3466272276815623,-0.3466272276815623,0.0,"[5.551115123125783e-17, 0.9999999999999999]",primal=Optimization terminated successfully; dual=outer=Optimization terminated successfully; inner=Optimization terminated successfully,0,12.880529752598179,0.0,-0.3466272276815623,
dare_ties,pair,duyphu_0112d9da_9934_4614_b233+denbeo_d9ae91c0_fed9_4fb4_8ddd,66.3496250629425,24.047914218902555,0,"[0.2, 0.8]","[0.8, 0.2]",12.447535991668701,"{""denbeo_d9ae91c0_fed9_4fb4_8ddd"": -9.834614467620817, ""duyphu_0112d9da_9934_4614_b233"": -24.047914218902555}",duyphu_0112d9da_9934_4614_b233,continuous_primal_dual_psd,4,66.3496250629425,66.3496250629425,0.0,"[0.0, 1.0]",primal=Optimization terminated successfully; dual=outer=Optimization terminated successfully; inner=Optimization terminated successfully,1,-891.0983800888058,891.0983800888058,48.52765746116637,
dare_ties,pair,phungkhaccuong_2b1522e6_bef2_7+nhung03_7b6cdc3c_7130_4c2c_a2c,31.919686269760124,19.34584684371945,0,"[0.2, 0.8]","[0.6, 0.4]",18.998384475708008,"{""nhung03_7b6cdc3c_7130_4c2c_a2c"": -16.5253192901611, ""phungkhaccuong_2b1522e6_bef2_7"": -19.34584684371945}",phungkhaccuong_2b1522e6_bef2_7,continuous_primal_dual_psd,4,31.919686269760124,31.919686269760124,0.0,"[0.0, 1.0]",primal=Optimization terminated successfully; dual=outer=Optimization terminated successfully; inner=Optimization terminated successfully,1,-154.71115708351138,154.71115708351138,28.975247812271096,
dare_ties,pair,hongngo_7e251dfc_e0f7_4f73_aae+nhung02_08157847_d833_4d45_90f,23.00077502302641,3.787103366851774,0,"[0.40847751582508895, 0.591522484174911]","[0.6, 0.4]",24.649643898010254,"{""hongngo_7e251dfc_e0f7_4f73_aae"": -3.787103366851774, ""nhung02_08157847_d833_4d45_90f"": -1.9019276618957193}",hongngo_7e251dfc_e0f7_4f73_aae,continuous_primal_dual_psd,4,23.00077502302641,23.00077502302641,0.0,"[5.551115123125783e-17, 1.0]",primal=Optimization terminated successfully; dual=outer=Optimization terminated successfully; inner=Optimization terminated successfully,1,-4.1066110134125475,4.1066110134125475,23.000775023026414,
dare_ties,pair,versil91_8444c3be_8779_4769_a0+datlaaaaaaa_e8cccbe1_c136_409a,13.921161961555454,11.637499999999967,0,"[0.8, 0.19999999999999996]","[0.8, 0.2]",0.0,"{""datlaaaaaaa_e8cccbe1_c136_409a"": -11.637499999999967, ""versil91_8444c3be_8779_4769_a0"": -1.7312494412079313}",datlaaaaaaa_e8cccbe1_c136_409a,continuous_primal_dual_psd,4,13.921161961555454,13.921161961555454,0.0,"[1.0, 0.0]",primal=Optimization terminated successfully; dual=outer=Optimization terminated successfully; inner=Optimization terminated successfully,0,11.072009801864551,0.0,13.921161961555454,
dare_ties,pair,hongngo_9d92894f_7b7b_49e0_8f3+versil91_474890ea_012d_4a25_96,9.663445053468763,6.4342767715453775,0,"[0.4274728769184211, 0.5725271230815789]","[0.2, 0.8]",4.825162887573242,"{""hongngo_9d92894f_7b7b_49e0_8f3"": -6.4342767715453775, ""versil91_474890ea_012d_4a25_96"": -5.735716183331046}",hongngo_9d92894f_7b7b_49e0_8f3,continuous_primal_dual_psd,4,9.663445053468763,9.66344505346768,1.0835776720341528e-12,"[0.017693932755111788, 0.9823060672448882]",primal=Optimization terminated successfully; dual=outer=Optimization terminated successfully; inner=Optimization terminated successfully,0,42.613744735717724,0.0,9.663445053468761,
dare_ties,pair,lhong4759_f68c5c87_934d_4399_b+cunghoctienganh_4909ad74_a335,30.73824480736814,27.44680948257443,0,"[0.3855043670460886, 0.6144956329539114]","[0.6, 0.4]",17.211508750915527,"{""cunghoctienganh_4909ad74_a335"": -17.262497615814176, ""lhong4759_f68c5c87_934d_4399_b"": -27.44680948257443}",lhong4759_f68c5c87_934d_4399_b,continuous_primal_dual_psd,4,30.73824480736814,30.738244807343346,2.4794388764348696e-11,"[0.8822148713582617, 0.11778512864173828]",primal=Optimization terminated successfully; dual=outer=Optimization terminated successfully; inner=Optimization terminated successfully,0,111.35995388031012,0.0,30.73824480736814,
dare_ties,pair,tuanna08go_6af2bb68_a65f_4331+nbninh_0d8b128b_8753_46c3_b80f,38.5798311948776,-0.08518507215711679,1,"[0.8, 0.19999999999999996]","[0.8, 0.2]",0.0,"{""nbninh_0d8b128b_8753_46c3_b80f"": 16.824039745330843, ""tuanna08go_6af2bb68_a65f_4331"": 0.08518507215711679}",tuanna08go_6af2bb68_a65f_4331,continuous_primal_dual_psd,4,38.5798311948776,38.5798311948776,0.0,"[0.0, 1.0]",primal=Optimization terminated successfully; dual=outer=Optimization terminated successfully; inner=Optimization terminated successfully,1,-150.80526471138,150.80526471138,-4.602536487579373,
dare_ties,pair,versil91_01a5620a_fb5f_4bab_94+denbeo_d9ae91c0_fed9_4fb4_8ddd,22.04848117828361,7.773115199034982,0,"[0.8, 0.19999999999999996]","[0.8, 0.2]",0.0,"{""denbeo_d9ae91c0_fed9_4fb4_8ddd"": -4.345837306976286, ""versil91_01a5620a_fb5f_4bab_94"": -7.773115199034982}",versil91_01a5620a_fb5f_4bab_94,continuous_primal_dual_psd,4,22.04848117828361,22.04848117828361,0.0,"[0.0, 1.0]",primal=Optimization terminated successfully; dual=outer=Optimization terminated successfully; inner=Optimization terminated successfully,1,-23.98657635087071,23.98657635087071,22.048481178283623,
dare_ties,pair,phungkhaccuong_a992b7f5_9d18_c+datlaaaaaaa_0dbe42c8_b07b_4785,38.293833208084095,4.345837306976286,0,"[0.2, 0.8]","[0.6, 0.4]",16.50642156600952,"{""datlaaaaaaa_0dbe42c8_b07b_4785"": 1.102885532379183, ""phungkhaccuong_a992b7f5_9d18_c"": -4.345837306976286}",phungkhaccuong_a992b7f5_9d18_c,continuous_primal_dual_psd,4,38.293833208084095,38.293833208084095,0.0,"[1.0, 0.0]",primal=Optimization terminated successfully; dual=outer=Optimization terminated successfully; inner=Optimization terminated successfully,1,-68.94633173942574,68.94633173942574,36.91490657329558,
dare_ties,pair,versil91_e9f26c47_9b78_4e3f_81+tuanna08go_7647f014_8af3_4266,-0.22930854160336894,-0.28733701738128187,1,"[0.25223868409603317, 0.7477613159039669]","[0.2, 0.8]",0.0,"{""tuanna08go_7647f014_8af3_4266"": 0.28733701738128187, ""versil91_e9f26c47_9b78_4e3f_81"": 5.011556287980233}",tuanna08go_7647f014_8af3_4266,continuous_primal_dual_psd,4,-0.22930854160336894,-0.22930854160336894,0.0,"[0.0, 1.0]",primal=Optimization terminated successfully; dual=outer=Optimization terminated successfully; inner=Optimization terminated successfully,0,3.4607429955798388,0.0,-0.229308541603369,
dare_ties,pair,duyphu_4909ad74_a335_4972_9ed8+mrhungddddh_9b1deaac_4565_48f2,16.890336942672704,8.938637447357145,0,"[0.2, 0.8]","[0.6, 0.4]",4.213285446166992,"{""duyphu_4909ad74_a335_4972_9ed8"": -8.938637447357145, ""mrhungddddh_9b1deaac_4565_48f2"": 1.4634578704834311}",duyphu_4909ad74_a335_4972_9ed8,continuous_primal_dual_psd,4,16.890336942672704,16.890336942672704,0.0,"[0.0, 1.0]",primal=Optimization terminated successfully; dual=outer=Optimization terminated successfully; inner=Optimization terminated successfully,1,-207.0312201976776,207.0312201976776,16.89033396244046,
dare_ties,pair,thaffggg_8c87f3d3_d4bb_475a_a8+nhung02_08157847_d833_4d45_90f,6.516285610198921,14.36988420486447,0,"[0.2, 0.8]","[0.6, 0.4]",0.273895263671875,"{""nhung02_08157847_d833_4d45_90f"": -14.36988420486447, ""thaffggg_8c87f3d3_d4bb_475a_a8"": -11.865499687194792}",nhung02_08157847_d833_4d45_90f,continuous_primal_dual_psd,4,6.516285610198921,6.516285610198921,0.0,"[0.0, 1.0]",primal=Optimization terminated successfully; dual=outer=Optimization terminated successfully; inner=Optimization terminated successfully,1,-154.94793653488173,154.94793653488173,4.030491781234686,
dare_ties,pair,taronklm_trained_model+duyphu_7aba420b_74ac_4209_b514,-37.66858160814379,-0.8495910308000937,1,"[0.37225126985635404, 0.627748730143646]","[0.6, 0.4]",0.7281535113060937,"{""duyphu_7aba420b_74ac_4209_b514"": 39.26757268905643, ""taronklm_trained_model"": 0.8495910308000937}",taronklm_trained_model,continuous_primal_dual_psd,4,-37.66858160814379,-37.66858160814414,3.481659405224491e-13,"[1.0, 0.0]",primal=Optimization terminated successfully; dual=outer=Optimization terminated successfully; inner=Optimization terminated successfully,0,451.8228769302367,0.0,-37.66858160814379,
dare_ties,pair,datlaaaaaaa_cc1f8701_0976_4f48+nbninh_c4ae10ba_efe4_401e_8dd7,6.7909855365752705,6.480160427093473,0,"[0.2, 0.8]","[0.2, 0.8]",0.0,"{""datlaaaaaaa_cc1f8701_0976_4f48"": 8.466669845581087, ""nbninh_c4ae10ba_efe4_401e_8dd7"": -6.480160427093473}",nbninh_c4ae10ba_efe4_401e_8dd7,continuous_primal_dual_psd,4,6.7909855365752705,6.7909855365752705,0.0,"[1.0, 0.0]",primal=Optimization terminated successfully; dual=outer=Optimization terminated successfully; inner=Optimization terminated successfully,1,-195.01224160194408,195.01224160194408,2.890740704536388,
dare_ties,pair,mrhungddddh_911f6275_22fd_4f41+mrhunghddddd_d692685b_fdb4_477,8.50697020710956,1.2208373069762857,0,"[0.699495336825988, 0.30050466317401203]","[0.6, 0.4]",0.0,"{""mrhungddddh_911f6275_22fd_4f41"": -1.2208373069762857, ""mrhunghddddd_d692685b_fdb4_477"": 7.112500000000033}",mrhungddddh_911f6275_22fd_4f41,continuous_primal_dual_psd,4,8.50697020710956,8.50697020710956,0.0,"[0.0, 1.0]",primal=Optimization terminated successfully; dual=outer=Optimization terminated successfully; inner=Optimization terminated successfully,0,397.7456688880922,0.0,8.50697020710956,
dare_ties,pair,laquythang_8444c3be_8779_4769+chauhoang_4909ad74_a335_4972_9,31.75485499388371,30.07500476837155,0,"[0.5421917715661637, 0.4578082284338363]","[0.6, 0.4]",0.0,"{""chauhoang_4909ad74_a335_4972_9"": -8.608666133880583, ""laquythang_8444c3be_8779_4769"": -30.07500476837155}",laquythang_8444c3be_8779_4769,continuous_primal_dual_psd,4,31.75485499388371,31.75485499388371,0.0,"[0.0, 1.0]",primal=Optimization terminated successfully; dual=outer=Optimization terminated successfully; inner=Optimization terminated successfully,0,475.2606153488158,0.0,31.754854993883725,
dare_ties,pair,chauhoang_2aa4f343_5524_f86e_b+duyphu_0112d9da_9934_4614_b233,17.63332438842822,11.163297367095915,0,"[0.3609370385241058, 0.6390629614758943]","[0.4, 0.6]",0.0,"{""chauhoang_2aa4f343_5524_f86e_b"": -5.315378379821745, ""duyphu_0112d9da_9934_4614_b233"": -11.163297367095915}",duyphu_0112d9da_9934_4614_b233,continuous_primal_dual_psd,4,17.63332438842822,17.633324388426608,1.6129320101754274e-12,"[0.9051798214848071, 0.09482017851519284]",primal=Optimization terminated successfully; dual=outer=Optimization terminated successfully; inner=Optimization terminated successfully,1,-39.06235098838813,39.06235098838813,17.633324388428225,
dare_ties,pair,tuanna08go_c1cf0152_7ae6_43b6+versil91_63cd5c4a_5a68_4c25_bd,0.2066729751269446,-0.3322613989168566,1,"[0.392234979751428, 0.607765020248572]","[0.2, 0.8]",1.0322613989168676,"{""tuanna08go_c1cf0152_7ae6_43b6"": 0.8049457550049155, ""versil91_63cd5c4a_5a68_4c25_bd"": 0.3322613989168566}",versil91_63cd5c4a_5a68_4c25_bd,continuous_primal_dual_psd,4,0.2066729751269446,0.2066729751269446,0.0,"[0.0, 1.0]",primal=Optimization terminated successfully; dual=outer=Optimization terminated successfully; inner=Optimization terminated successfully,0,5.053966257990149,0.0,0.20667297512694455,
dare_ties,pair,cunghoctienganh_b7496e73_1762+hongngo_687b8c72_c89b_4cb7_b7c,-7.533848577788518,22.262492847442594,0,"[0.2576356628125048, 0.7423643371874953]","[0.6, 0.4]",4.999995231628418,"{""cunghoctienganh_b7496e73_1762"": -22.262492847442594, ""hongngo_687b8c72_c89b_4cb7_b7c"": -15.86609191894528}",cunghoctienganh_b7496e73_1762,continuous_primal_dual_psd,4,-7.533848577788518,-7.533848577788533,1.509903313490213e-14,"[0.9708078695012032, 0.029192130498796782]",primal=Optimization terminated successfully; dual=outer=Optimization terminated successfully; inner=Optimization terminated successfully,1,-19.531548023223895,19.531548023223895,-7.5338485777885325,
dare_ties,pair,nblinh63_0eb73af3_0631_437a_ad+mrhungddddh_fe499423_02f3_4cfd,47.32599595205071,18.342045021057096,0,"[0.7102259267446996, 0.28977407325530036]","[0.4, 0.6]",9.257006645202637,"{""mrhungddddh_fe499423_02f3_4cfd"": -8.336225223541227, ""nblinh63_0eb73af3_0631_437a_ad"": -18.342045021057096}",nblinh63_0eb73af3_0631_437a_ad,continuous_primal_dual_psd,4,47.32599595205071,47.32599595205071,0.0,"[5.551115123125783e-17, 1.0]",primal=Optimization terminated successfully; dual=outer=Optimization terminated successfully; inner=Optimization terminated successfully,0,94.45995092391951,0.0,47.325995952050704,
dare_ties,pair,nbninh_a1f78795_1b61_4923_9235+nhung03_7b6cdc3c_7130_4c2c_a2c,56.982178163528424,47.06365175247189,0,"[0.2, 0.8]","[0.6, 0.4]",12.035953998565674,"{""nbninh_a1f78795_1b61_4923_9235"": -47.06365175247189, ""nhung03_7b6cdc3c_7130_4c2c_a2c"": -26.78976364135739}",nbninh_a1f78795_1b61_4923_9235,continuous_primal_dual_psd,4,56.982178163528424,56.982178163528424,0.0,"[0.0, 1.0]",primal=Optimization terminated successfully; dual=outer=Optimization terminated successfully; inner=Optimization terminated successfully,1,-378.3053159713744,378.3053159713744,56.11333615779874,
dare_ties,pair,cunghoctienganh_c1cf0152_7ae6+nhung02_db2c9545_4607_487b_9cc,44.947022867202726,15.074995231628385,0,"[0.2, 0.8]","[0.8, 0.2]",11.27842664718628,"{""cunghoctienganh_c1cf0152_7ae6"": -15.074995231628385, ""nhung02_db2c9545_4607_487b_9cc"": -12.944307994842497}",cunghoctienganh_c1cf0152_7ae6,continuous_primal_dual_psd,4,44.947022867202726,44.947022867202726,0.0,"[1.0, 5.551115123125783e-17]",primal=Optimization terminated successfully; dual=outer=Optimization terminated successfully; inner=Optimization terminated successfully,1,-712.6399874687194,712.6399874687194,32.70105786323544,
dare_ties,pair,adammandic87_3d7a58a6_4380_4e3+mrhunghd_9e58333c_df22_4a00_9c,4.737217869161995,-0.1111374475872213,1,"[0.7567467678583717, 0.2432532321416283]","[0.8, 0.2]",0.0,"{""adammandic87_3d7a58a6_4380_4e3"": 0.1111374475872213, ""mrhunghd_9e58333c_df22_4a00_9c"": 8.049997615814242}",adammandic87_3d7a58a6_4380_4e3,continuous_primal_dual_psd,4,4.737217869161995,4.737217869161995,0.0,"[5.551115123125783e-17, 1.0]",primal=Optimization terminated successfully; dual=outer=Optimization terminated successfully; inner=Optimization terminated successfully,1,-8.866118098347595,8.866118098347595,4.737217869161995,
dare_ties,pair,thaffggg_8a78a9b2_d3fa_4615_b8+laquythang_efe15045_778f_4dfa,52.694309425353985,55.61477251052853,0,"[0.2, 0.8]","[0.4, 0.6]",4.232966899871826,"{""laquythang_efe15045_778f_4dfa"": -55.61477251052853, ""thaffggg_8a78a9b2_d3fa_4615_b8"": -21.901944351196256}",laquythang_efe15045_778f_4dfa,continuous_primal_dual_psd,4,52.694309425353985,52.694309425353985,0.0,"[1.0, 0.0]",primal=Optimization terminated successfully; dual=outer=Optimization terminated successfully; inner=Optimization terminated successfully,1,-32.55233168602013,32.55233168602013,52.04326279163358,
dare_ties,pair,phungkhaccuong_731c6dec_a942_4+adammandic87_f28f18cf_4abb_4db,1.1478883743285753,2.9676348686217935,0,"[0.8, 0.19999999999999996]","[0.6, 0.4]",0.9615302085876465,"{""adammandic87_f28f18cf_4abb_4db"": -1.6513616561889322, ""phungkhaccuong_731c6dec_a942_4"": -2.9676348686217935}",phungkhaccuong_731c6dec_a942_4,continuous_primal_dual_psd,4,1.1478883743285753,1.1478883743285753,0.0,"[5.551115123125783e-17, 1.0]",primal=Optimization terminated successfully; dual=outer=Optimization terminated successfully; inner=Optimization terminated successfully,1,-5.208253860473622,5.208253860473622,-0.09657871683484064,
dare_ties,pair,nhoxinh_9214fc0d_4490_4bdd_9ff+hongngo_9d92894f_7b7b_49e0_8f3,27.035488632399506,32.98729963302609,0,"[0.4142626292517891, 0.585737370748211]","[0.2, 0.8]",7.993876934051514,"{""hongngo_9d92894f_7b7b_49e0_8f3"": -13.138833713531461, ""nhoxinh_9214fc0d_4490_4bdd_9ff"": -32.98729963302609}",nhoxinh_9214fc0d_4490_4bdd_9ff,continuous_primal_dual_psd,4,27.035488632399506,27.035488632399506,0.0,"[0.0, 1.0]",primal=Optimization terminated successfully; dual=outer=Optimization terminated successfully; inner=Optimization terminated successfully,0,307.2915971279145,0.0,27.0354886323995,
dare_ties,pair,phungkhaccuong_2b1522e6_bef2_7+nhoxinh_2f944a50_cbd3_4334_af8,16.164749336242792,-0.9477227210998862,1,"[0.20000000000000262, 0.7999999999999974]","[0.8, 0.2]",14.46460485458374,"{""nhoxinh_2f944a50_cbd3_4334_af8"": 0.9477227210998862, ""phungkhaccuong_2b1522e6_bef2_7"": 7.3965876579284995}",nhoxinh_2f944a50_cbd3_4334_af8,continuous_primal_dual_psd,4,16.164749336242792,16.164749336242792,0.0,"[1.0, 0.0]",primal=Optimization terminated successfully; dual=outer=Optimization terminated successfully; inner=Optimization terminated successfully,1,-207.03166723251337,207.03166723251337,13.07981259822849,
dare_ties,pair,versil91_121ef6e9_0ded_4fc3_8c+versil91_474890ea_012d_4a25_96,0.13903931043145068,1.429167461395231,0,"[0.7303668482846062, 0.2696331517153938]","[0.8, 0.2]",0.0,"{""versil91_121ef6e9_0ded_4fc3_8c"": -1.429167461395231, ""versil91_474890ea_012d_4a25_96"": 1.6928567633337779}",versil91_121ef6e9_0ded_4fc3_8c,continuous_primal_dual_psd,4,0.13903931043145068,0.13903931041752374,1.3926942932229736e-11,"[0.2782817652214095, 0.7217182347785904]",primal=Optimization terminated successfully; dual=outer=Optimization terminated successfully; inner=Optimization terminated successfully,0,21.519880520696873,0.0,0.13903931043145068,
dare_ties,pair,versil91_8444c3be_8779_4769_a0+nhoxinh_0c66c9c5_5cc2_46a8_9db,4.020825702702496,9.474042129516569,0,"[0.6135512018553743, 0.38644879814462574]","[0.8, 0.2]",0.9855747222900391,"{""nhoxinh_0c66c9c5_5cc2_46a8_9db"": -9.474042129516569, ""versil91_8444c3be_8779_4769_a0"": -4.481239606467336}",nhoxinh_0c66c9c5_5cc2_46a8_9db,continuous_primal_dual_psd,4,4.020825702702496,4.020825702702496,0.0,"[0.9999999999999993, 6.938893903907228e-16]",primal=Optimization terminated successfully; dual=outer=Optimization terminated successfully; inner=Optimization terminated successfully,0,517.1182751655576,0.0,4.020825702702496,
dare_ties,pair,hongngo_7e251dfc_e0f7_4f73_aae+datlaaaaaaa_e8cccbe1_c136_409a,10.171629106864145,17.773857784271208,0,"[0.44259357861286824, 0.5574064213871317]","[0.4, 0.6]",0.0,"{""datlaaaaaaa_e8cccbe1_c136_409a"": -17.773857784271208, ""hongngo_7e251dfc_e0f7_4f73_aae"": -6.52386255264279}",datlaaaaaaa_e8cccbe1_c136_409a,continuous_primal_dual_psd,4,10.171629106864145,10.171629106864145,0.0,"[1.0, 0.0]",primal=Optimization terminated successfully; dual=outer=Optimization terminated successfully; inner=Optimization terminated successfully,0,373.7978637218475,0.0,10.171629106864145,
dare_ties,pair,lhong4759_f68c5c87_934d_4399_b+cunghoctienganh_c1cf0152_7ae6,9.576376462329259,7.494881820678678,0,"[0.22443489461682856, 0.7755651053831715]","[0.2, 0.8]",0.0,"{""cunghoctienganh_c1cf0152_7ae6"": -4.762497615814176, ""lhong4759_f68c5c87_934d_4399_b"": -7.494881820678678}",lhong4759_f68c5c87_934d_4399_b,continuous_primal_dual_psd,4,9.576376462329259,9.576376462329259,0.0,"[0.0, 1.0]",primal=Optimization terminated successfully; dual=outer=Optimization terminated successfully; inner=Optimization terminated successfully,0,304.34116721153265,0.0,9.576376462329257,
dare_ties,pair,tuanna08go_6af2bb68_a65f_4331+nhung02_08157847_d833_4d45_90f,-1.5505132731750138,1.8458277702331216,0,"[0.7830493757420921, 0.2169506242579079]","[0.8, 0.2]",0.0,"{""nhung02_08157847_d833_4d45_90f"": -1.8458277702331216, ""tuanna08go_6af2bb68_a65f_4331"": -0.4259267171223971}",nhung02_08157847_d833_4d45_90f,continuous_primal_dual_psd,4,-1.5505132731750138,-1.5505132731750138,0.0,"[1.0, 0.0]",primal=Optimization terminated successfully; dual=outer=Optimization terminated successfully; inner=Optimization terminated successfully,0,78.12455296516411,0.0,-1.5505132731750138,
dare_ties,pair,cunghoctienganh_4909ad74_a335+nbninh_a1f78795_1b61_4923_9235,17.4868662500256,27.52763338088986,0,"[0.29173933768222604, 0.708260662317774]","[0.2, 0.8]",0.0,"{""cunghoctienganh_4909ad74_a335"": -17.991653156280485, ""nbninh_a1f78795_1b61_4923_9235"": -27.52763338088986}",nbninh_a1f78795_1b61_4923_9235,continuous_primal_dual_psd,4,17.4868662500256,17.4868662500256,0.0,"[1.0, 0.0]",primal=Optimization terminated successfully; dual=outer=Optimization terminated successfully; inner=Optimization terminated successfully,0,390.7342255115506,0.0,17.4868662500256,
dare_ties,pair,nbninh_0d8b128b_8753_46c3_b80f+datlaaaaaaa_0dbe42c8_b07b_4785,39.05227847099298,20.57180709838864,0,"[0.2, 0.8]","[0.2, 0.8]",0.0,"{""datlaaaaaaa_0dbe42c8_b07b_4785"": -20.57180709838864, ""nbninh_0d8b128b_8753_46c3_b80f"": -8.07180709838864}",datlaaaaaaa_0dbe42c8_b07b_4785,continuous_primal_dual_psd,4,39.05227847099298,39.05227847099298,0.0,"[0.0, 1.0]",primal=Optimization terminated successfully; dual=outer=Optimization terminated successfully; inner=Optimization terminated successfully,1,-759.9429786205291,759.9429786205291,24.778596830368002,
dare_ties,pair,versil91_e9f26c47_9b78_4e3f_81+mrhungddddh_911f6275_22fd_4f41,3.424691629409754,2.411544843844763,0,"[0.7999999999999985, 0.2000000000000015]","[0.8, 0.2]",0.0,"{""mrhungddddh_911f6275_22fd_4f41"": -2.1583468437194497, ""versil91_e9f26c47_9b78_4e3f_81"": -2.411544843844763}",versil91_e9f26c47_9b78_4e3f_81,continuous_primal_dual_psd,4,3.424691629409754,3.424691629409754,0.0,"[0.0, 1.0]",primal=Optimization terminated successfully; dual=outer=Optimization terminated successfully; inner=Optimization terminated successfully,0,14.858483563726193,0.0,3.424691629409754,
dare_ties,pair,chauhoang_4909ad74_a335_4972_9+versil91_121ef6e9_0ded_4fc3_8c,3.952680690296712,9.21398706436154,0,"[0.2, 0.8]","[0.2, 0.8]",0.0,"{""chauhoang_4909ad74_a335_4972_9"": -9.21398706436154, ""versil91_121ef6e9_0ded_4fc3_8c"": -1.0124952316283853}",chauhoang_4909ad74_a335_4972_9,continuous_primal_dual_psd,4,3.952680690296712,3.952680690296712,0.0,"[0.0, 1.0]",primal=Optimization terminated successfully; dual=outer=Optimization terminated successfully; inner=Optimization terminated successfully,0,48.53079376530668,0.0,3.952680690296712,
dare_ties,pair,laquythang_8444c3be_8779_4769+nblinh63_0eb73af3_0631_437a_ad,49.4612003233747,37.56188459396359,0,"[0.27187074984263404, 0.728129250157366]","[0.8, 0.2]",15.325629711151123,"{""laquythang_8444c3be_8779_4769"": -31.63750476837155, ""nblinh63_0eb73af3_0631_437a_ad"": -37.56188459396359}",nblinh63_0eb73af3_0631_437a_ad,continuous_primal_dual_psd,4,49.4612003233747,49.46120032238642,9.882796803140081e-10,"[0.1928911950475942, 0.8071088049524059]",primal=Positive directional derivative for linesearch; dual=outer=Optimization terminated successfully; inner=Optimization terminated successfully,1,-318.1272745132446,318.1272745132446,49.461200323374705,
dare_ties,pair,mrhunghd_9e58333c_df22_4a00_9c+mrhungddddh_9b1deaac_4565_48f2,28.4818080906364,17.16635532379147,0,"[0.3315831871108051, 0.668416812889195]","[0.4, 0.6]",0.0,"{""mrhungddddh_9b1deaac_4565_48f2"": -17.16635532379147, ""mrhunghd_9e58333c_df22_4a00_9c"": -13.616672229766813}",mrhungddddh_9b1deaac_4565_48f2,continuous_primal_dual_psd,4,28.4818080906364,28.4818080906364,0.0,"[1.0, 0.0]",primal=Optimization terminated successfully; dual=outer=Optimization terminated successfully; inner=Optimization terminated successfully,0,279.538333415985,0.0,28.4818080906364,
dare_ties,pair,datlaaaaaaa_cc1f8701_0976_4f48+chauhoang_2aa4f343_5524_f86e_b,19.771034193039252,12.887492847442594,0,"[0.20000000000000442, 0.7999999999999956]","[0.4, 0.6]",7.6041579246521,"{""chauhoang_2aa4f343_5524_f86e_b"": -12.887492847442594, ""datlaaaaaaa_cc1f8701_0976_4f48"": -11.324992847442594}",chauhoang_2aa4f343_5524_f86e_b,continuous_primal_dual_psd,4,19.771034193039252,19.771034193039252,0.0,"[5.551115123125783e-17, 1.0]",primal=Optimization terminated successfully; dual=outer=Optimization terminated successfully; inner=Optimization terminated successfully,1,-234.62980985641488,234.62980985641488,17.9741657495501,
dare_ties,pair,taronklm_trained_model+hongngo_9d92894f_7b7b_49e0_8f3,-20.701380733250495,-0.667493851400756,1,"[0.7828830062319838, 0.2171169937680162]","[0.8, 0.2]",0.0,"{""hongngo_9d92894f_7b7b_49e0_8f3"": 56.61205940246585, ""taronklm_trained_model"": 0.667493851400756}",taronklm_trained_model,continuous_primal_dual_psd,4,-20.701380733250495,-20.701380733250495,0.0,"[1.0, 0.0]",primal=Optimization terminated successfully; dual=outer=Optimization terminated successfully; inner=Optimization terminated successfully,0,144.53113079071048,0.0,-20.7013807332505,
dare_ties,pair,thaffggg_8a78a9b2_d3fa_4615_b8+mrhunghddddd_d692685b_fdb4_477,73.02048526100283,45.80415792465207,0,"[0.2717792899055369, 0.7282207100944631]","[0.6, 0.4]",4.375004768371582,"{""mrhunghddddd_d692685b_fdb4_477"": -45.80415792465207, ""thaffggg_8a78a9b2_d3fa_4615_b8"": -24.602249336242643}",mrhunghddddd_d692685b_fdb4_477,continuous_primal_dual_psd,4,73.02048526100283,73.0204852610003,2.5295321393059567e-12,"[0.8287658396875218, 0.1712341603124782]",primal=Optimization terminated successfully; dual=outer=Optimization terminated successfully; inner=Optimization terminated successfully,1,-526.4243483543397,526.4243483543397,73.02048526099978,
dare_ties,pair,denbeo_d9ae91c0_fed9_4fb4_8ddd+nhung02_db2c9545_4607_487b_9cc,71.13276488780977,64.25112791061397,0,"[0.8, 0.19999999999999996]","[0.6, 0.4]",4.4318318367004395,"{""denbeo_d9ae91c0_fed9_4fb4_8ddd"": -48.17596979141232, ""nhung02_db2c9545_4607_487b_9cc"": -64.25112791061397}",nhung02_db2c9545_4607_487b_9cc,continuous_primal_dual_psd,4,71.13276488780977,71.13276488780977,0.0,"[1.0, 0.0]",primal=Optimization terminated successfully; dual=outer=Optimization terminated successfully; inner=Optimization terminated successfully,0,192.47159361839263,0.0,71.13276488780977,
dare_ties,pair,phungkhaccuong_a992b7f5_9d18_c+versil91_63cd5c4a_5a68_4c25_bd,7.14655227661132,-1.8161380827743439,1,"[0.20000000000000265, 0.7999999999999974]","[0.4, 0.6]",10.432803159983784,"{""phungkhaccuong_a992b7f5_9d18_c"": 10.445830154418978, ""versil91_63cd5c4a_5a68_4c25_bd"": 1.8161380827743439}",versil91_63cd5c4a_5a68_4c25_bd,continuous_primal_dual_psd,4,7.14655227661132,7.14655227661132,0.0,"[1.0, 0.0]",primal=Optimization terminated successfully; dual=outer=Optimization terminated successfully; inner=Optimization terminated successfully,0,17.51272436041376,0.0,7.146552276611321,
dare_ties,pair,adammandic87_3d7a58a6_4380_4e3+nbninh_c4ae10ba_efe4_401e_8dd7,-0.2613386753119406,-0.024780559539827607,1,"[0.2000000000000004, 0.7999999999999996]","[0.8, 0.2]",1.6753911972045898,"{""adammandic87_3d7a58a6_4380_4e3"": 0.9125884353251501, ""nbninh_c4ae10ba_efe4_401e_8dd7"": 0.024780559539827607}",nbninh_c4ae10ba_efe4_401e_8dd7,continuous_primal_dual_psd,4,-0.2613386753119406,-0.2613386753119406,0.0,"[1.0, 0.0]",primal=Optimization terminated successfully; dual=outer=Optimization terminated successfully; inner=Optimization terminated successfully,1,-1.6361965035715387,1.6361965035715387,-0.29406260538337153,
dare_ties,pair,versil91_8444c3be_8779_4769_a0+cunghoctienganh_b7496e73_1762,1.7396602659314482,-0.6749968707643453,1,"[0.562881550090957, 0.437118449909043]","[0.8, 0.2]",4.414774149664459,"{""cunghoctienganh_b7496e73_1762"": 2.131435203552279, ""versil91_8444c3be_8779_4769_a0"": 0.6749968707643453}",versil91_8444c3be_8779_4769_a0,continuous_primal_dual_psd,4,1.7396602659314482,1.7396602659314482,0.0,"[1.0, 0.0]",primal=Optimization terminated successfully; dual=outer=Optimization terminated successfully; inner=Optimization terminated successfully,0,195.78590989112854,0.0,1.7396602659314517,
dare_ties,pair,versil91_01a5620a_fb5f_4bab_94+phungkhaccuong_2b1522e6_bef2_7,-0.6177147034504031,0.7816998391636509,0,"[0.5777891269307331, 0.42221087306926686]","[0.6, 0.4]",0.0,"{""phungkhaccuong_2b1522e6_bef2_7"": 8.400377559661898, ""versil91_01a5620a_fb5f_4bab_94"": -0.7816998391636509}",versil91_01a5620a_fb5f_4bab_94,continuous_primal_dual_psd,4,-0.6177147034504031,-0.6177147034504031,0.0,"[0.0, 1.0]",primal=Optimization terminated successfully; dual=outer=Optimization terminated successfully; inner=Optimization terminated successfully,0,60.1352803810584,0.0,-0.617714703450396,
dare_ties,pair,duyphu_7aba420b_74ac_4209_b514+nhoxinh_2f944a50_cbd3_4334_af8,16.168753576278647,8.849051666259733,0,"[0.2, 0.8]","[0.6, 0.4]",16.971147060394287,"{""duyphu_7aba420b_74ac_4209_b514"": -8.337679576873747, ""nhoxinh_2f944a50_cbd3_4334_af8"": -8.849051666259733}",nhoxinh_2f944a50_cbd3_4334_af8,continuous_primal_dual_psd,4,16.168753576278647,16.168753576278647,0.0,"[1.0, 0.0]",primal=Optimization terminated successfully; dual=outer=Optimization terminated successfully; inner=Optimization terminated successfully,1,-114.58337306976324,114.58337306976324,13.877086114883383,
dare_ties,pair,tuanna08go_c1cf0152_7ae6_43b6+thaffggg_8c87f3d3_d4bb_475a_a8,41.335416507720936,1.268187236785856,0,"[0.2, 0.8]","[0.8, 0.2]",39.57020044326782,"{""thaffggg_8c87f3d3_d4bb_475a_a8"": -1.268187236785856, ""tuanna08go_c1cf0152_7ae6_43b6"": 0.75833492279056}",thaffggg_8c87f3d3_d4bb_475a_a8,continuous_primal_dual_psd,4,41.335416507720936,41.335416507720936,0.0,"[0.0, 1.0]",primal=Optimization terminated successfully; dual=outer=Optimization terminated successfully; inner=Optimization terminated successfully,1,-200.52105188369754,200.52105188369754,37.324995470046986,
dare_ties,pair,duyphu_4909ad74_a335_4972_9ed8+nhoxinh_9214fc0d_4490_4bdd_9ff,67.49573277971815,38.14392395019528,0,"[0.20191811965746867, 0.7980818803425314]","[0.4, 0.6]",32.98512697219848,"{""duyphu_4909ad74_a335_4972_9ed8"": -36.41166992187497, ""nhoxinh_9214fc0d_4490_4bdd_9ff"": -38.14392395019528}",nhoxinh_9214fc0d_4490_4bdd_9ff,continuous_primal_dual_psd,4,67.49573277971815,67.49573277969114,2.701483481359901e-11,"[0.2631203704657225, 0.7368796295342775]",primal=Optimization terminated successfully; dual=outer=Optimization terminated successfully; inner=Optimization terminated successfully,1,-156.25000000000014,156.25000000000014,67.49573277971815,
dare_ties,pair,duyphu_0112d9da_9934_4614_b233+mrhungddddh_fe499423_02f3_4cfd,15.827842968387955,24.24166507720944,0,"[0.649615748095467, 0.35038425190453304]","[0.8, 0.2]",4.549837112426758,"{""duyphu_0112d9da_9934_4614_b233"": -16.453209590911833, ""mrhungddddh_fe499423_02f3_4cfd"": -24.24166507720944}",mrhungddddh_fe499423_02f3_4cfd,continuous_primal_dual_psd,4,15.827842968387955,15.827842968387518,4.369837824924616e-13,"[0.4869331700582706, 0.5130668299417295]",primal=Optimization terminated successfully; dual=outer=Optimization terminated successfully; inner=Optimization terminated successfully,0,320.5490112304687,0.0,15.827842968387955,
dare_ties,pair,phungkhaccuong_731c6dec_a942_4+datlaaaaaaa_e8cccbe1_c136_409a,1.5935143380063401,2.238479328155485,0,"[0.24303837300522374, 0.7569616269947763]","[0.6, 0.4]",17.836523056030273,"{""datlaaaaaaa_e8cccbe1_c136_409a"": 2.197715568542513, ""phungkhaccuong_731c6dec_a942_4"": -2.238479328155485}",phungkhaccuong_731c6dec_a942_4,continuous_primal_dual_psd,4,1.5935143380063401,1.59351433800632,2.020605904817785e-14,"[0.9872486833412277, 0.01275131665877233]",primal=Optimization terminated successfully; dual=outer=Optimization terminated successfully; inner=Optimization terminated successfully,1,-263.9225125312806,263.9225125312806,1.479180783262555,
dare_ties,pair,hongngo_7e251dfc_e0f7_4f73_aae+nhung03_7b6cdc3c_7130_4c2c_a2c,39.90425987365748,19.289019775390592,0,"[0.4692266222958288, 0.5307733777041712]","[0.6, 0.4]",11.126887798309326,"{""hongngo_7e251dfc_e0f7_4f73_aae"": -19.289019775390592, ""nhung03_7b6cdc3c_7130_4c2c_a2c"": -11.188784313201872}",hongngo_7e251dfc_e0f7_4f73_aae,continuous_primal_dual_psd,4,39.90425987365748,39.90425987365748,0.0,"[0.0, 1.0]",primal=Optimization terminated successfully; dual=outer=Optimization terminated successfully; inner=Optimization terminated successfully,0,354.16647791862476,0.0,39.904259873657494,
dare_ties,pair,tuanna08go_7647f014_8af3_4266+nhoxinh_0c66c9c5_5cc2_46a8_9db,8.654819407538753,3.800979328155485,0,"[0.5858805336662214, 0.4141194663337786]","[0.4, 0.6]",6.899023056030273,"{""nhoxinh_0c66c9c5_5cc2_46a8_9db"": -3.800979328155485, ""tuanna08go_7647f014_8af3_4266"": -1.0460936570868058}",nhoxinh_0c66c9c5_5cc2_46a8_9db,continuous_primal_dual_psd,4,8.654819407538753,8.654819407516683,2.2069457372708712e-11,"[0.0, 1.0]",primal=Optimization terminated successfully; dual=outer=Optimization terminated successfully; inner=Optimization terminated successfully,0,29.648746896027625,0.0,8.654819407538753,
dare_ties,pair,laquythang_efe15045_778f_4dfa+hongngo_687b8c72_c89b_4cb7_b7c,19.684235430211725,12.891128730773893,0,"[0.23536791601126844, 0.7646320839887315]","[0.8, 0.2]",4.420173168182373,"{""hongngo_687b8c72_c89b_4cb7_b7c"": -12.891128730773893, ""laquythang_efe15045_778f_4dfa"": -0.47272748947140286}",hongngo_687b8c72_c89b_4cb7_b7c,continuous_primal_dual_psd,4,19.684235430211725,19.684235430176244,3.54809515101806e-11,"[0.628841998097207, 0.37115800190279313]",primal=Optimization terminated successfully; dual=outer=Optimization terminated successfully; inner=Optimization terminated successfully,1,-399.7392952442168,399.7392952442168,19.684235430211043,
dare_ties,pair,adammandic87_f28f18cf_4abb_4db+versil91_474890ea_012d_4a25_96,-0.5627886626872716,-2.621424396671716,1,"[0.46499992749779473, 0.5350000725022053]","[0.6, 0.4]",2.321424396671732,"{""adammandic87_f28f18cf_4abb_4db"": 3.2015293121338217, ""versil91_474890ea_012d_4a25_96"": 2.621424396671716}",versil91_474890ea_012d_4a25_96,continuous_primal_dual_psd,4,-0.5627886626872716,-0.5627886626872715,0.0,"[5.551115123125783e-17, 0.9999999999999999]",primal=Optimization terminated successfully; dual=outer=Optimization terminated successfully; inner=Optimization terminated successfully,0,113.63670229911801,0.0,-0.5627886626872733,
dare_ties,pair,lhong4759_f68c5c87_934d_4399_b+phungkhaccuong_2b1522e6_bef2_7,2.0483859205251775,10.050979328155485,0,"[0.3978350403970303, 0.6021649596029697]","[0.4, 0.6]",0.0,"{""lhong4759_f68c5c87_934d_4399_b"": -10.050979328155485, ""phungkhaccuong_2b1522e6_bef2_7"": 12.851127910614046}",lhong4759_f68c5c87_934d_4399_b,continuous_primal_dual_psd,4,2.0483859205251775,2.0483859205220796,3.097966327914037e-12,"[0.0, 1.0]",primal=Optimization terminated successfully; dual=outer=Optimization terminated successfully; inner=Optimization terminated successfully,0,412.6419126987457,0.0,2.0483859205251775,
dare_ties,pair,versil91_e9f26c47_9b78_4e3f_81+thaffggg_8c87f3d3_d4bb_475a_a8,8.464074055129672,1.4500028610338547,0,"[0.6726026257799409, 0.3273973742200591]","[0.6, 0.4]",0.0,"{""thaffggg_8c87f3d3_d4bb_475a_a8"": -0.018182468414273956, ""versil91_e9f26c47_9b78_4e3f_81"": -1.4500028610338547}",versil91_e9f26c47_9b78_4e3f_81,continuous_primal_dual_psd,4,8.464074055129672,8.464074055129672,0.0,"[0.0, 1.0]",primal=Optimization terminated successfully; dual=outer=Optimization terminated successfully; inner=Optimization terminated successfully,0,0.23581124412141,0.0,8.464074055129672,
dare_ties,pair,tuanna08go_c1cf0152_7ae6_43b6+chauhoang_4909ad74_a335_4972_9,8.429707368677114,13.555482101440397,0,"[0.7358251142495328, 0.2641748857504672]","[0.8, 0.2]",0.0,"{""chauhoang_4909ad74_a335_4972_9"": -7.314959239959684, ""tuanna08go_c1cf0152_7ae6_43b6"": -13.555482101440397}",tuanna08go_c1cf0152_7ae6_43b6,continuous_primal_dual_psd,4,8.429707368677114,8.429707368677114,0.0,"[0.0, 1.0]",primal=Optimization terminated successfully; dual=outer=Optimization terminated successfully; inner=Optimization terminated successfully,0,315.10427594184875,0.0,8.429707368677114,
dare_ties,pair,thaffggg_8a78a9b2_d3fa_4615_b8+denbeo_d9ae91c0_fed9_4fb4_8ddd,84.94432396888729,26.509299945831266,0,"[0.2, 0.8]","[0.8, 0.2]",38.141012191772454,"{""denbeo_d9ae91c0_fed9_4fb4_8ddd"": -3.7769228935241372, ""thaffggg_8a78a9b2_d3fa_4615_b8"": -26.509299945831266}",thaffggg_8a78a9b2_d3fa_4615_b8,continuous_primal_dual_psd,4,84.94432396888729,84.94432396888729,0.0,"[0.0, 1.0]",primal=Optimization terminated successfully; dual=outer=Optimization terminated successfully; inner=Optimization terminated successfully,1,-622.869282960892,622.869282960892,72.48693830966945,
dare_ties,pair,chauhoang_2aa4f343_5524_f86e_b+mrhungddddh_9b1deaac_4565_48f2,7.792864353463543,3.4644276618957193,0,"[0.5755934139901561, 0.42440658600984393]","[0.6, 0.4]",0.0,"{""chauhoang_2aa4f343_5524_f86e_b"": -3.4644276618957193, ""mrhungddddh_9b1deaac_4565_48f2"": 2.7374952316284507}",chauhoang_2aa4f343_5524_f86e_b,continuous_primal_dual_psd,4,7.792864353463543,7.792864353463543,0.0,"[1.0, 0.0]",primal=Optimization terminated successfully; dual=outer=Optimization terminated successfully; inner=Optimization terminated successfully,0,332.03184604644775,0.0,7.792864353463536,
dare_ties,triple,datlaaaaaaa_cc1f8701_0976_4f48+nbninh_c4ae10ba_efe4_401e_8dd7+thaffggg_8c87f3d3_d4bb_475a_a8,3.5106372346750976,0.543394756317106,0,"[0.2, 0.3526740476737083, 0.4473259523262917]","[0.6, 0.2, 0.2]",8.481204509735107,"{""datlaaaaaaa_cc1f8701_0976_4f48"": 8.883342075347933, ""nbninh_c4ae10ba_efe4_401e_8dd7"": -0.543394756317106, ""thaffggg_8c87f3d3_d4bb_475a_a8"": -0.5106122016906411}",nbninh_c4ae10ba_efe4_401e_8dd7,continuous_primal_dual_psd,6,3.5106372346750976,3.510637234668839,6.2585492344169324e-12,"[0.23472397411176196, 0.765276025888238, 0.0]",primal=Optimization terminated successfully; dual=outer=Optimization terminated successfully; inner=Optimization terminated successfully,1,-98.21000938600525,98.21000938600527,3.5050101629424177,
dare_ties,triple,taronklm_trained_model+phungkhaccuong_a992b7f5_9d18_c+versil91_474890ea_012d_4a25_96,-32.958494812591454,-0.4140424547355722,1,"[0.4194907447716256, 0.20552993745287723, 0.3749793177754972]","[0.6, 0.2, 0.2]",0.2272842706644919,"{""phungkhaccuong_a992b7f5_9d18_c"": 61.59166984558109, ""taronklm_trained_model"": 0.4140424547355722, ""versil91_474890ea_012d_4a25_96"": 27.942838166689675}",taronklm_trained_model,continuous_primal_dual_psd,6,-32.958494812591454,-32.958494812591454,0.0,"[0.0, 1.0, 0.0]",primal=Optimization terminated successfully; dual=outer=Optimization terminated successfully; inner=Optimization terminated successfully,1,-629.395658771876,629.3956587718761,-32.958494812591425,
dare_ties,triple,versil91_01a5620a_fb5f_4bab_94+nhung02_db2c9545_4607_487b_9cc+nhung03_7b6cdc3c_7130_4c2c_a2c,106.26685738235022,15.842059326171842,0,"[0.20000000000028229, 0.2, 0.5999999999997176]","[0.2, 0.2, 0.6]",0.0,"{""nhung02_db2c9545_4607_487b_9cc"": -15.842059326171842, ""nhung03_7b6cdc3c_7130_4c2c_a2c"": -2.526918125152555, ""versil91_01a5620a_fb5f_4bab_94"": -8.741184157619623}",nhung02_db2c9545_4607_487b_9cc,continuous_primal_dual_psd,6,106.26685738235022,106.26685738220007,1.5015189092082437e-10,"[0.0, 4.254557528837766e-12, 0.9999999999957454]",primal=Optimization terminated successfully; dual=outer=Optimization terminated successfully; inner=Optimization terminated successfully,1,-2110.101319821718,2110.101319821718,36.211350631702956,
dare_ties,triple,chauhoang_2aa4f343_5524_f86e_b+phungkhaccuong_731c6dec_a942_4+mrhunghd_9e58333c_df22_4a00_9c,10.233458127916919,5.49166507720944,0,"[0.46775987237073213, 0.2, 0.3322401276292679]","[0.4, 0.4, 0.2]",7.916665077209473,"{""chauhoang_2aa4f343_5524_f86e_b"": -1.381102275848356, ""mrhunghd_9e58333c_df22_4a00_9c"": -5.49166507720944, ""phungkhaccuong_731c6dec_a942_4"": -2.2144348144530923}",mrhunghd_9e58333c_df22_4a00_9c,continuous_primal_dual_psd,6,10.233458127916919,10.233458127905891,1.1027623258996755e-11,"[0.514351574159076, 2.7877577729117365e-14, 0.4856484258408962]",primal=Optimization terminated successfully; dual=outer=Optimization terminated successfully; inner=Optimization terminated successfully,1,-139.63002542735703,139.63002542735703,10.082223316151607,
dare_ties,triple,versil91_e9f26c47_9b78_4e3f_81+tuanna08go_c1cf0152_7ae6_43b6+hongngo_9d92894f_7b7b_49e0_8f3,31.394748961134244,1.6615419828109,0,"[0.2, 0.2, 0.6]","[0.6, 0.2, 0.2]",9.660542157966656,"{""hongngo_9d92894f_7b7b_49e0_8f3"": 1.625177192688021, ""tuanna08go_c1cf0152_7ae6_43b6"": -0.051692199706998565, ""versil91_e9f26c47_9b78_4e3f_81"": -1.6615419828109}",versil91_e9f26c47_9b78_4e3f_81,continuous_primal_dual_psd,6,31.394748961134244,31.394748961134244,0.0,"[0.0, 0.0, 1.0]",primal=Optimization terminated successfully; dual=outer=Optimization terminated successfully; inner=Optimization terminated successfully,1,-429.3642927309622,429.3642927309622,14.970830154418895,
dare_ties,triple,chauhoang_4909ad74_a335_4972_9+hongngo_7e251dfc_e0f7_4f73_aae+nhung02_08157847_d833_4d45_90f,50.268736873502235,8.162108135223356,0,"[0.2, 0.2, 0.6]","[0.2, 0.6, 0.2]",14.54547643661499,"{""chauhoang_4909ad74_a335_4972_9"": 3.3625095367431967, ""hongngo_7e251dfc_e0f7_4f73_aae"": -8.162108135223356, ""nhung02_08157847_d833_4d45_90f"": 3.803202438354525}",hongngo_7e251dfc_e0f7_4f73_aae,continuous_primal_dual_psd,6,50.268736873502235,50.268736873502235,0.0,"[1.0, 0.0, 0.0]",primal=Optimization terminated successfully; dual=outer=Optimization terminated successfully; inner=Optimization terminated successfully,1,-1110.0894773053606,1110.0894773053606,22.783330154418913,
dare_ties,triple,duyphu_0112d9da_9934_4614_b233+nhoxinh_9214fc0d_4490_4bdd_9ff+datlaaaaaaa_0dbe42c8_b07b_4785,9.970823001861547,7.911542129516569,0,"[0.2, 0.2, 0.6]","[0.2, 0.2, 0.6]",0.0,"{""datlaaaaaaa_0dbe42c8_b07b_4785"": -7.911542129516569, ""duyphu_0112d9da_9934_4614_b233"": -6.552282047271696, ""nhoxinh_9214fc0d_4490_4bdd_9ff"": -5.657032203674284}",datlaaaaaaa_0dbe42c8_b07b_4785,continuous_primal_dual_psd,6,9.970823001861547,9.970823001861547,0.0,"[0.0, 1.0, 0.0]",primal=Optimization terminated successfully; dual=outer=Optimization terminated successfully; inner=Optimization terminated successfully,1,-640.9605730718764,640.9605730718764,5.245438289642274,
dare_ties,triple,laquythang_8444c3be_8779_4769+cunghoctienganh_b7496e73_1762+nblinh63_0eb73af3_0631_437a_ad,18.86495535168156,23.635593128204313,0,"[0.2611013888061992, 0.3587555386043444, 0.38014307258945634]","[0.2, 0.4, 0.4]",0.0,"{""cunghoctienganh_b7496e73_1762"": -23.635593128204313, ""laquythang_8444c3be_8779_4769"": -21.845832538604704, ""nblinh63_0eb73af3_0631_437a_ad"": -17.02648706436154}",cunghoctienganh_b7496e73_1762,continuous_primal_dual_psd,6,18.86495535168156,18.864955351681225,3.339550858072471e-13,"[0.8103516604091122, 0.0, 0.18964833959088784]",primal=Optimization terminated successfully; dual=outer=Optimization terminated successfully; inner=Optimization terminated successfully,0,141.32490943798035,0.0,18.86495535168155,
dare_ties,triple,duyphu_7aba420b_74ac_4209_b514+cunghoctienganh_c1cf0152_7ae6+phungkhaccuong_2b1522e6_bef2_7,17.16973491464182,-6.781062412261996,1,"[0.2000000000000539, 0.20000000000002954, 0.5999999999999166]","[0.2, 0.2, 0.6]",0.0,"{""cunghoctienganh_c1cf0152_7ae6"": 14.091679382324251, ""duyphu_7aba420b_74ac_4209_b514"": 6.781062412261996, ""phungkhaccuong_2b1522e6_bef2_7"": 14.489397335052523}",duyphu_7aba420b_74ac_4209_b514,continuous_primal_dual_psd,6,17.16973491464182,17.16973491464182,0.0,"[0.0, 1.0, 0.0]",primal=Optimization terminated successfully; dual=outer=Optimization terminated successfully; inner=Optimization terminated successfully,1,-475.1964176065551,475.19641760655503,1.4532119750961412,
dare_ties,triple,nhoxinh_0c66c9c5_5cc2_46a8_9db+mrhungddddh_911f6275_22fd_4f41+mrhunghddddd_d692685b_fdb4_477,40.47692143576003,5.908337306976286,0,"[0.3150083855891612, 0.2, 0.4849916144108388]","[0.4, 0.4, 0.2]",6.642627716064453,"{""mrhungddddh_911f6275_22fd_4f41"": -5.908337306976286, ""mrhunghddddd_d692685b_fdb4_477"": -1.741662693023649, ""nhoxinh_0c66c9c5_5cc2_46a8_9db"": -5.41154451370236}",mrhungddddh_911f6275_22fd_4f41,continuous_primal_dual_psd,6,40.47692143576003,40.47692143576003,0.0,"[0.0, 1.0, 0.0]",primal=Optimization terminated successfully; dual=outer=Optimization terminated successfully; inner=Optimization terminated successfully,1,-428.43504124777746,428.43504124777746,21.833622841181345,
dare_ties,triple,adammandic87_3d7a58a6_4380_4e3+laquythang_efe15045_778f_4dfa+versil91_63cd5c4a_5a68_4c25_bd,7.904838078818213,-1.544305610656771,1,"[0.2, 0.2, 0.6]","[0.2, 0.6, 0.2]",8.579528331756592,"{""adammandic87_3d7a58a6_4380_4e3"": 2.1474517658247105, ""laquythang_efe15045_778f_4dfa"": 1.544305610656771, ""versil91_63cd5c4a_5a68_4c25_bd"": 1.8161417744323043}",laquythang_efe15045_778f_4dfa,continuous_primal_dual_psd,6,7.904838078818213,7.9048380788182095,3.552713678800501e-15,"[0.0, 0.9999999999999996, 5.551115123125781e-16]",primal=Optimization terminated successfully; dual=outer=Optimization terminated successfully; inner=Optimization terminated successfully,1,-416.97602642366087,416.97602642366087,0.5630131211870356,
dare_ties,triple,thaffggg_8a78a9b2_d3fa_4615_b8+nhoxinh_2f944a50_cbd3_4334_af8+versil91_121ef6e9_0ded_4fc3_8c,22.399821949005116,2.6034147262572915,0,"[0.2, 0.2, 0.6]","[0.2, 0.6, 0.2]",3.0485153198242188,"{""nhoxinh_2f944a50_cbd3_4334_af8"": -2.6034147262572915, ""thaffggg_8a78a9b2_d3fa_4615_b8"": 0.7823794364929526, ""versil91_121ef6e9_0ded_4fc3_8c"": -1.9500047683715493}",nhoxinh_2f944a50_cbd3_4334_af8,continuous_primal_dual_psd,6,22.399821949005116,22.399821949005116,0.0,"[1.0, 0.0, 0.0]",primal=Optimization terminated successfully; dual=outer=Optimization terminated successfully; inner=Optimization terminated successfully,1,-558.0180560995689,560.8064962535025,1.1356145858764068,
dare_ties,triple,versil91_8444c3be_8779_4769_a0+tuanna08go_6af2bb68_a65f_4331+mrhungddddh_fe499423_02f3_4cfd,60.34974192946098,-0.1740734524197036,1,"[0.2, 0.2, 0.6]","[0.2, 0.6, 0.2]",9.62407106823388,"{""mrhungddddh_fe499423_02f3_4cfd"": 10.782369899749789, ""tuanna08go_6af2bb68_a65f_4331"": 0.1740734524197036, ""versil91_8444c3be_8779_4769_a0"": 2.362491729877216}",tuanna08go_6af2bb68_a65f_4331,continuous_primal_dual_psd,6,60.34974192946098,60.34974192946098,0.0,"[0.0, 0.0, 1.0]",primal=Optimization terminated successfully; dual=outer=Optimization terminated successfully; inner=Optimization terminated successfully,1,-968.6113610971174,968.6113610971173,22.972729873657233,
dare_ties,triple,duyphu_4909ad74_a335_4972_9ed8+nbninh_a1f78795_1b61_4923_9235+hongngo_687b8c72_c89b_4cb7_b7c,34.67678987368229,6.500569057464567,0,"[0.2, 0.2, 0.6]","[0.2, 0.6, 0.2]",13.053596019744873,"{""duyphu_4909ad74_a335_4972_9ed8"": -6.500569057464567, ""hongngo_687b8c72_c89b_4cb7_b7c"": -0.5149871826171548, ""nbninh_a1f78795_1b61_4923_9235"": -2.2719771385192544}",duyphu_4909ad74_a335_4972_9ed8,continuous_primal_dual_psd,6,34.67678987368229,34.67678987368229,0.0,"[0.0, 0.0, 1.0]",primal=Optimization terminated successfully; dual=outer=Optimization terminated successfully; inner=Optimization terminated successfully,1,-1194.8999620172226,1194.8999620172226,0.1471192359924105,
dare_ties,triple,tuanna08go_7647f014_8af3_4266+nbninh_0d8b128b_8753_46c3_b80f+mrhungddddh_9b1deaac_4565_48f2,3.9558579752347,0.968384816195993,0,"[0.30248307322171814, 0.3193746118213295, 0.3781423149569524]","[0.2, 0.4, 0.4]",0.0,"{""mrhungddddh_9b1deaac_4565_48f2"": 10.59807233810428, ""nbninh_0d8b128b_8753_46c3_b80f"": 19.452235031127962, ""tuanna08go_7647f014_8af3_4266"": -0.968384816195993}",tuanna08go_7647f014_8af3_4266,continuous_primal_dual_psd,6,3.9558579752347,3.955857975234504,1.9584334154387761e-13,"[0.0, 0.8250219326068395, 0.17497806739316038]",primal=Optimization terminated successfully; dual=outer=Optimization terminated successfully; inner=Optimization terminated successfully,1,-257.9902455965087,257.9902455965087,3.955857975234709,
dare_ties,triple,cunghoctienganh_4909ad74_a335+datlaaaaaaa_e8cccbe1_c136_409a+adammandic87_f28f18cf_4abb_4db,13.04790949409574,5.927279663085905,0,"[0.22077443296452343, 0.2, 0.5792255670354766]","[0.2, 0.2, 0.6]",0.0,"{""adammandic87_f28f18cf_4abb_4db"": -4.933705997467008, ""cunghoctienganh_4909ad74_a335"": 7.112488079071078, ""datlaaaaaaa_e8cccbe1_c136_409a"": -5.927279663085905}",datlaaaaaaa_e8cccbe1_c136_409a,continuous_primal_dual_psd,6,13.04790949409574,13.04790949409574,0.0,"[0.0, 0.0, 1.0]",primal=Positive directional derivative for linesearch; dual=outer=Optimization terminated successfully; inner=Optimization terminated successfully,1,-207.77949845829662,207.77949845829662,8.600872432509881,
dare_ties,triple,lhong4759_f68c5c87_934d_4399_b+phungkhaccuong_731c6dec_a942_4+denbeo_d9ae91c0_fed9_4fb4_8ddd,129.69530274203342,10.884311866760221,0,"[0.2, 0.2, 0.6]","[0.4, 0.4, 0.2]",8.541667461395264,"{""denbeo_d9ae91c0_fed9_4fb4_8ddd"": -2.9676229476928384, ""lhong4759_f68c5c87_934d_4399_b"": -10.155132484436002, ""phungkhaccuong_731c6dec_a942_4"": -10.884311866760221}",phungkhaccuong_731c6dec_a942_4,continuous_primal_dual_psd,6,129.69530274203342,129.69530274203342,0.0,"[1.0, 0.0, 0.0]",primal=Optimization terminated successfully; dual=outer=Optimization terminated successfully; inner=Optimization terminated successfully,1,-3077.6603706981105,3077.660370698111,22.783342075347683,
dare_ties,triple,thaffggg_8a78a9b2_d3fa_4615_b8+denbeo_d9ae91c0_fed9_4fb4_8ddd+thaffggg_8c87f3d3_d4bb_475a_a8,35.49340314146684,11.126867008209196,0,"[0.20000000000000423, 0.419915443973525, 0.38008455602647073]","[0.6, 0.2, 0.2]",3.6261677742004395,"{""denbeo_d9ae91c0_fed9_4fb4_8ddd"": -3.4083277702331216, ""thaffggg_8a78a9b2_d3fa_4615_b8"": -9.610262584686247, ""thaffggg_8c87f3d3_d4bb_475a_a8"": -11.126867008209196}",thaffggg_8c87f3d3_d4bb_475a_a8,continuous_primal_dual_psd,6,35.49340314146684,35.493403141458906,7.936762358440319e-12,"[0.8181612312085106, 0.18183876879148944, 0.0]",primal=Optimization terminated successfully; dual=outer=Optimization terminated successfully; inner=Optimization terminated successfully,1,-303.0641439584614,303.06414395846144,35.47250871505256,
dare_ties,triple,tuanna08go_6af2bb68_a65f_4331+datlaaaaaaa_cc1f8701_0976_4f48+mrhunghddddd_d692685b_fdb4_477,53.51107425690557,0.4333331637912339,0,"[0.20000000000003026, 0.20000000000000118, 0.5999999999999686]","[0.6, 0.2, 0.2]",5.7874993748134695,"{""datlaaaaaaa_cc1f8701_0976_4f48"": 9.508344459533724, ""mrhunghddddd_d692685b_fdb4_477"": 2.7374833106994956, ""tuanna08go_6af2bb68_a65f_4331"": -0.4333331637912339}",tuanna08go_6af2bb68_a65f_4331,continuous_primal_dual_psd,6,53.51107425690557,53.51107425690557,0.0,"[0.0, 0.0, 1.0]",primal=Optimization terminated successfully; dual=outer=Optimization terminated successfully; inner=Optimization terminated successfully,1,-1187.7379418446667,1256.4880840611843,18.347147178652452,
dare_ties,triple,taronklm_trained_model+nbninh_0d8b128b_8753_46c3_b80f+mrhunghd_9e58333c_df22_4a00_9c,-24.64976314969192,0.15884529050533527,0,"[0.4780920677286011, 0.2000000000000002, 0.3219079322713987]","[0.6, 0.2, 0.2]",0.09385050594918523,"{""mrhunghd_9e58333c_df22_4a00_9c"": 26.17499523162845, ""nbninh_0d8b128b_8753_46c3_b80f"": 25.26153020858768, ""taronklm_trained_model"": -0.15884529050533527}",taronklm_trained_model,continuous_primal_dual_psd,6,-24.64976314969192,-24.64976314969192,0.0,"[1.0, 0.0, 0.0]",primal=Optimization terminated successfully; dual=outer=Optimization terminated successfully; inner=Optimization terminated successfully,1,-525.9102044993264,525.9102044993263,-27.070691773346283,
dare_ties,triple,duyphu_4909ad74_a335_4972_9ed8+nbninh_c4ae10ba_efe4_401e_8dd7+mrhungddddh_9b1deaac_4565_48f2,20.4418163325781,4.728987884521452,0,"[0.20000000000005685, 0.2, 0.5999999999999431]","[0.2, 0.6, 0.2]",3.72159481048584,"{""duyphu_4909ad74_a335_4972_9ed8"": -4.728987884521452, ""mrhungddddh_9b1deaac_4565_48f2"": -2.238479328155485, ""nbninh_c4ae10ba_efe4_401e_8dd7"": -2.9909522056579263}",duyphu_4909ad74_a335_4972_9ed8,continuous_primal_dual_psd,6,20.4418163325781,20.4418163325781,0.0,"[0.0, 0.0, 1.0]",primal=Optimization terminated successfully; dual=outer=Optimization terminated successfully; inner=Optimization terminated successfully,1,-554.5852348536902,554.5852348536902,0.406897232109414,
dare_ties,triple,cunghoctienganh_c1cf0152_7ae6+nbninh_a1f78795_1b61_4923_9235+hongngo_7e251dfc_e0f7_4f73_aae,69.17647428512575,10.633722019195524,0,"[0.2, 0.2, 0.6]","[0.6, 0.2, 0.2]",19.517028331756592,"{""cunghoctienganh_c1cf0152_7ae6"": -9.137502384185758, ""hongngo_7e251dfc_e0f7_4f73_aae"": -10.633722019195524, ""nbninh_a1f78795_1b61_4923_9235"": -10.396972370147672}",hongngo_7e251dfc_e0f7_4f73_aae,continuous_primal_dual_psd,6,69.17647428512575,69.17647428512575,0.0,"[1.0, 0.0, 0.0]",primal=Optimization terminated successfully; dual=outer=Optimization terminated successfully; inner=Optimization terminated successfully,1,-1214.461243957254,1220.9454097187559,22.698119354247932,
dare_ties,triple,versil91_01a5620a_fb5f_4bab_94+versil91_e9f26c47_9b78_4e3f_81+duyphu_7aba420b_74ac_4209_b514,10.765337381369966,1.9457076799356654,0,"[0.20000000000000903, 0.45064473950211537, 0.3493552604978756]","[0.6, 0.2, 0.2]",1.8465216863667921,"{""duyphu_7aba420b_74ac_4209_b514"": 0.3416626930237143, ""versil91_01a5620a_fb5f_4bab_94"": -1.9457076799356654, ""versil91_e9f26c47_9b78_4e3f_81"": -0.9500028610338547}",versil91_01a5620a_fb5f_4bab_94,continuous_primal_dual_psd,6,10.765337381369966,10.765337381369966,0.0,"[0.0, 0.0, 1.0]",primal=Optimization terminated successfully; dual=outer=Optimization terminated successfully; inner=Optimization terminated successfully,1,-326.632572650238,326.63257265023793,1.4181459907764664,
dare_ties,triple,nhung02_db2c9545_4607_487b_9cc+datlaaaaaaa_0dbe42c8_b07b_4785+datlaaaaaaa_e8cccbe1_c136_409a,11.56851950410093,7.092049789428678,0,"[0.2076002031890635, 0.2, 0.5923997968109365]","[0.4, 0.2, 0.4]",10.880672931671143,"{""datlaaaaaaa_0dbe42c8_b07b_4785"": -5.988469791412321, ""datlaaaaaaa_e8cccbe1_c136_409a"": -7.092049789428678, ""nhung02_db2c9545_4607_487b_9cc"": -1.1829645156860025}",datlaaaaaaa_e8cccbe1_c136_409a,continuous_primal_dual_psd,6,11.56851950410093,11.568519504100815,1.1546319456101628e-13,"[0.6280804986196314, 0.3719195013803686, 0.0]",primal=Optimization terminated successfully; dual=outer=Optimization terminated successfully; inner=Optimization terminated successfully,1,-187.36967389557978,187.36967389557978,11.568519504100932,
dare_ties,triple,cunghoctienganh_4909ad74_a335+nhoxinh_0c66c9c5_5cc2_46a8_9db+nhung02_08157847_d833_4d45_90f,18.678013743692205,5.595842075347868,0,"[0.3735776743762102, 0.20000000000000223, 0.42642232562378757]","[0.4, 0.2, 0.4]",0.0,"{""cunghoctienganh_4909ad74_a335"": -4.658344459533659, ""nhoxinh_0c66c9c5_5cc2_46a8_9db"": 1.1749952316284507, ""nhung02_08157847_d833_4d45_90f"": -5.595842075347868}",nhung02_08157847_d833_4d45_90f,continuous_primal_dual_psd,6,18.678013743692205,18.678013743692194,1.0658141036401503e-14,"[7.216449660063513e-16, 0.9999999999999993, 0.0]",primal=Optimization terminated successfully; dual=outer=Optimization terminated successfully; inner=Optimization terminated successfully,1,-680.9414873956649,680.9414873956649,15.600320025449534,
dare_ties,triple,chauhoang_4909ad74_a335_4972_9+mrhungddddh_fe499423_02f3_4cfd+mrhungddddh_911f6275_22fd_4f41,10.12040481330677,7.158330154418913,0,"[0.24698162767189782, 0.20000000000013068, 0.5530183723279715]","[0.2, 0.4, 0.4]",14.687502384185791,"{""chauhoang_4909ad74_a335_4972_9"": 5.298682975769076, ""mrhungddddh_911f6275_22fd_4f41"": 4.612502384185824, ""mrhungddddh_fe499423_02f3_4cfd"": -7.158330154418913}",mrhungddddh_fe499423_02f3_4cfd,continuous_primal_dual_psd,6,10.12040481330677,10.120404813295384,1.1386447340555605e-11,"[0.34402040702559594, 6.780355146136719e-14, 0.6559795929743363]",primal=Optimization terminated successfully; dual=outer=Optimization terminated successfully; inner=Optimization terminated successfully,1,-194.60738742261586,194.60738742261586,10.120404813293435,
dare_ties,triple,laquythang_efe15045_778f_4dfa+phungkhaccuong_2b1522e6_bef2_7+phungkhaccuong_a992b7f5_9d18_c,-0.6973817890686576,0.38750476837154935,0,"[0.45174945526188903, 0.2, 0.348250544738111]","[0.2, 0.6, 0.2]",2.812492847442627,"{""laquythang_efe15045_778f_4dfa"": 1.544305610656771, ""phungkhaccuong_2b1522e6_bef2_7"": 8.52348499298099, ""phungkhaccuong_a992b7f5_9d18_c"": -0.38750476837154935}",phungkhaccuong_a992b7f5_9d18_c,continuous_primal_dual_psd,6,-0.6973817890686576,-0.6973817890686576,0.0,"[0.0, 0.0, 1.0]",primal=Optimization terminated successfully; dual=outer=Optimization terminated successfully; inner=Optimization terminated successfully,1,-695.7553293381594,695.7553293381593,-4.7799127940735975,
dare_ties,triple,adammandic87_3d7a58a6_4380_4e3+cunghoctienganh_b7496e73_1762+hongngo_687b8c72_c89b_4cb7_b7c,29.42016721274076,10.2928072929382,0,"[0.20000000000002255, 0.2000000000000138, 0.5999999999999637]","[0.2, 0.2, 0.6]",0.0,"{""adammandic87_3d7a58a6_4380_4e3"": -0.4869303035979201, ""cunghoctienganh_b7496e73_1762"": -10.2928072929382, ""hongngo_687b8c72_c89b_4cb7_b7c"": -1.9266874313354165}",cunghoctienganh_b7496e73_1762,continuous_primal_dual_psd,6,29.42016721274076,29.42016721274076,0.0,"[0.0, 0.0, 1.0]",primal=Optimization terminated successfully; dual=outer=Optimization terminated successfully; inner=Optimization terminated successfully,1,-740.953063544774,740.953063544774,2.4549511021180743,
dare_ties,triple,versil91_8444c3be_8779_4769_a0+duyphu_0112d9da_9934_4614_b233+versil91_474890ea_012d_4a25_96,0.7420237700522243,0.6375011175841692,0,"[0.2000000000000033, 0.4109509757727018, 0.3890490242272949]","[0.2, 0.2, 0.6]",1.596591308715847,"{""duyphu_0112d9da_9934_4614_b233"": 2.4483054161072104, ""versil91_474890ea_012d_4a25_96"": 0.29999999999998417, ""versil91_8444c3be_8779_4769_a0"": -0.6375011175841692}",versil91_8444c3be_8779_4769_a0,continuous_primal_dual_psd,6,0.7420237700522243,0.7420237700522244,0.0,"[1.0, 1.1102230246251565e-16, 0.0]",primal=Optimization terminated successfully; dual=outer=Optimization terminated successfully; inner=Optimization terminated successfully,1,-51.930883172635035,51.93088317263504,0.7420237700522279,
dare_ties,triple,tuanna08go_7647f014_8af3_4266+nhoxinh_9214fc0d_4490_4bdd_9ff+versil91_63cd5c4a_5a68_4c25_bd,0.9661492045919058,0.30900774450777985,0,"[0.4791952137555598, 0.2000000000000004, 0.32080478624443987]","[0.4, 0.2, 0.4]",0.0,"{""nhoxinh_9214fc0d_4490_4bdd_9ff"": 1.9041626930237143, ""tuanna08go_7647f014_8af3_4266"": -0.30900774450777985, ""versil91_63cd5c4a_5a68_4c25_bd"": 3.493564701843234}",tuanna08go_7647f014_8af3_4266,continuous_primal_dual_psd,6,0.9661492045919058,0.9661492045919058,0.0,"[0.0, 0.0, 1.0]",primal=Optimization terminated successfully; dual=outer=Optimization terminated successfully; inner=Optimization terminated successfully,1,-218.19053044717498,218.19053044717504,0.741401185761931,
dare_ties,triple,tuanna08go_c1cf0152_7ae6_43b6+hongngo_9d92894f_7b7b_49e0_8f3+nblinh63_0eb73af3_0631_437a_ad,34.44996185302732,9.956982803344694,0,"[0.2, 0.2, 0.6]","[0.4, 0.4, 0.2]",14.204561710357666,"{""hongngo_9d92894f_7b7b_49e0_8f3"": -9.956982803344694, ""nblinh63_0eb73af3_0631_437a_ad"": -6.29657812118527, ""tuanna08go_c1cf0152_7ae6_43b6"": -9.809842777252165}",hongngo_9d92894f_7b7b_49e0_8f3,continuous_primal_dual_psd,6,34.44996185302732,34.44996185302727,4.973799150320701e-14,"[0.9999999999999942, 0.0, 5.828670879282038e-15]",primal=Optimization terminated successfully; dual=outer=Optimization terminated successfully; inner=Optimization terminated successfully,1,-563.5413809816027,587.3756011538392,22.470846843719478,
dare_ties,triple,chauhoang_2aa4f343_5524_f86e_b+nhoxinh_2f944a50_cbd3_4334_af8+nhung03_7b6cdc3c_7130_4c2c_a2c,66.3683062153484,16.66591472625729,0,"[0.2000000000000592, 0.2, 0.5999999999999408]","[0.4, 0.4, 0.2]",14.508306980133057,"{""chauhoang_2aa4f343_5524_f86e_b"": -14.65832300186154, ""nhoxinh_2f944a50_cbd3_4334_af8"": -16.66591472625729, ""nhung03_7b6cdc3c_7130_4c2c_a2c"": -15.179160308837858}",nhoxinh_2f944a50_cbd3_4334_af8,continuous_primal_dual_psd,6,66.3683062153484,66.3683062153484,0.0,"[0.0, 0.0, 1.0]",primal=Optimization terminated successfully; dual=outer=Optimization terminated successfully; inner=Optimization terminated successfully,1,-863.335449580856,863.3354495808559,35.709467601781455,
dare_ties,triple,laquythang_8444c3be_8779_4769+adammandic87_f28f18cf_4abb_4db+versil91_121ef6e9_0ded_4fc3_8c,24.775052054716873,12.783351612091032,0,"[0.2, 0.2, 0.6]","[0.4, 0.4, 0.2]",4.6875,"{""adammandic87_f28f18cf_4abb_4db"": -8.517614078521696, ""laquythang_8444c3be_8779_4769"": -12.783351612091032, ""versil91_121ef6e9_0ded_4fc3_8c"": -6.950011920928922}",laquythang_8444c3be_8779_4769,continuous_primal_dual_psd,6,24.775052054716873,24.775052054716873,0.0,"[0.0, 1.0, 0.0]",primal=Optimization terminated successfully; dual=outer=Optimization terminated successfully; inner=Optimization terminated successfully,1,-202.24514244058855,202.24514244058858,17.5749928474426,
dare_ties,triple,lhong4759_f68c5c87_934d_4399_b+nhoxinh_0c66c9c5_5cc2_46a8_9db+nblinh63_0eb73af3_0631_437a_ad,46.27400765065167,17.18238897323605,0,"[0.3618282591257597, 0.2, 0.43817174087424027]","[0.2, 0.6, 0.2]",7.500004768371582,"{""lhong4759_f68c5c87_934d_4399_b"": -17.18238897323605, ""nblinh63_0eb73af3_0631_437a_ad"": -8.512499999999967, ""nhoxinh_0c66c9c5_5cc2_46a8_9db"": -16.68558425903317}",lhong4759_f68c5c87_934d_4399_b,continuous_primal_dual_psd,6,46.27400765065167,46.258631047832395,0.015376602819273444,"[0.7355470753571339, 0.0, 0.264452924642866]",primal=Positive directional derivative for linesearch; dual=outer=Optimization terminated successfully; inner=Optimization terminated successfully,1,-1491.9508795253496,1491.9508795253496,34.85507177175189,
dare_ties,triple,taronklm_trained_model+laquythang_efe15045_778f_4dfa+phungkhaccuong_2b1522e6_bef2_7,46.18226323115757,0.014222183021173363,0,"[0.20000000000011098, 0.2000000000001137, 0.5999999999997754]","[0.6, 0.2, 0.2]",1.8789674379504737,"{""laquythang_efe15045_778f_4dfa"": 36.34544305801395, ""phungkhaccuong_2b1522e6_bef2_7"": 41.66743450164798, ""taronklm_trained_model"": -0.014222183021173363}",taronklm_trained_model,continuous_primal_dual_psd,6,46.18226323115757,46.18226323115757,0.0,"[0.0, 0.0, 1.0]",primal=Optimization terminated successfully; dual=outer=Optimization terminated successfully; inner=Optimization terminated successfully,1,-1505.434586552988,1505.434586552988,-5.654165077201716,
dare_ties,triple,phungkhaccuong_731c6dec_a942_4+hongngo_9d92894f_7b7b_49e0_8f3+versil91_474890ea_012d_4a25_96,16.145279795454744,5.075004768371549,0,"[0.2, 0.2, 0.6]","[0.2, 0.2, 0.6]",0.0,"{""hongngo_9d92894f_7b7b_49e0_8f3"": -3.76819677352902, ""phungkhaccuong_731c6dec_a942_4"": -5.075004768371549, ""versil91_474890ea_012d_4a25_96"": -1.7000106266537889}",phungkhaccuong_731c6dec_a942_4,continuous_primal_dual_psd,6,16.145279795454744,16.145279795454744,0.0,"[0.0, 0.0, 1.0]",primal=Optimization terminated successfully; dual=outer=Optimization terminated successfully; inner=Optimization terminated successfully,1,-382.72461475764703,382.72461475764703,1.2681991577147778,
dare_ties,triple,chauhoang_2aa4f343_5524_f86e_b+thaffggg_8c87f3d3_d4bb_475a_a8+datlaaaaaaa_e8cccbe1_c136_409a,-1.564989485235941,2.0782024383544595,0,"[0.2, 0.25233490696400335, 0.5476650930359966]","[0.2, 0.4, 0.4]",10.127496719360352,"{""chauhoang_2aa4f343_5524_f86e_b"": -2.0782024383544595, ""datlaaaaaaa_e8cccbe1_c136_409a"": 2.0556896209717124, ""thaffggg_8c87f3d3_d4bb_475a_a8"": -1.358512115478483}",chauhoang_2aa4f343_5524_f86e_b,continuous_primal_dual_psd,6,-1.564989485235941,-1.5649894852359867,4.574118861455645e-14,"[2.9034700990076416e-15, 0.5098618662944614, 0.4901381337055358]",primal=Optimization terminated successfully; dual=outer=Optimization terminated successfully; inner=Optimization terminated successfully,1,-181.21694658821997,181.21694658822,-1.5649894852359356,
dare_ties,triple,duyphu_0112d9da_9934_4614_b233+mrhunghd_9e58333c_df22_4a00_9c+nhung02_db2c9545_4607_487b_9cc,64.50209326744076,-3.248867321014437,1,"[0.2, 0.2, 0.6]","[0.6, 0.2, 0.2]",43.11550855636597,"{""duyphu_0112d9da_9934_4614_b233"": 3.287455368042025, ""mrhunghd_9e58333c_df22_4a00_9c"": 13.883349227905306, ""nhung02_db2c9545_4607_487b_9cc"": 3.248867321014437}",nhung02_db2c9545_4607_487b_9cc,continuous_primal_dual_psd,6,64.50209326744076,64.50209326743081,9.947598300641403e-12,"[0.999999999999633, 3.6708831219946463e-13, 0.0]",primal=Optimization terminated successfully; dual=outer=Optimization terminated successfully; inner=Optimization terminated successfully,1,-1499.5459552131447,1509.1204586908268,32.15031929016115,
dare_ties,triple,datlaaaaaaa_cc1f8701_0976_4f48+duyphu_4909ad74_a335_4972_9ed8+nbninh_0d8b128b_8753_46c3_b80f,52.623856535916055,8.2284123420715,0,"[0.2, 0.2, 0.6]","[0.4, 0.2, 0.4]",0.2840876579284668,"{""datlaaaaaaa_cc1f8701_0976_4f48"": 5.65417699813846, ""duyphu_4909ad74_a335_4972_9ed8"": -8.2284123420715, ""nbninh_0d8b128b_8753_46c3_b80f"": 7.400962638855013}",duyphu_4909ad74_a335_4972_9ed8,continuous_primal_dual_psd,6,52.623856535916055,52.623856535916055,0.0,"[1.0, 0.0, 0.0]",primal=Optimization terminated successfully; dual=outer=Optimization terminated successfully; inner=Optimization terminated successfully,1,-1466.0872743400628,1466.0872743400625,22.290924263000537,
dare_ties,triple,cunghoctienganh_b7496e73_1762+chauhoang_4909ad74_a335_4972_9+nhoxinh_9214fc0d_4490_4bdd_9ff,61.37711114883537,10.13181514739987,0,"[0.2, 0.20000000000000268, 0.5999999999999973]","[0.2, 0.2, 0.6]",0.0,"{""chauhoang_4909ad74_a335_4972_9"": -7.712689113616911, ""cunghoctienganh_b7496e73_1762"": -10.13181514739987, ""nhoxinh_9214fc0d_4490_4bdd_9ff"": 0.7015316963196128}",cunghoctienganh_b7496e73_1762,continuous_primal_dual_psd,6,61.37711114883537,61.37711114882975,5.6203930398623925e-12,"[0.0, 0.9999999999997171, 2.828293155231786e-13]",primal=Optimization terminated successfully; dual=outer=Optimization terminated successfully; inner=Optimization terminated successfully,1,-1363.8862548146453,1436.5876739063121,16.741660308837663,
dare_ties,triple,adammandic87_3d7a58a6_4380_4e3+tuanna08go_c1cf0152_7ae6_43b6+hongngo_687b8c72_c89b_4cb7_b7c,0.48954126840399326,-0.9464892436708512,1,"[0.48720056598728456, 0.200000000000005, 0.3127994340127105]","[0.4, 0.2, 0.4]",0.0,"{""adammandic87_3d7a58a6_4380_4e3"": 0.9464892436708512, ""hongngo_687b8c72_c89b_4cb7_b7c"": 3.612360286712679, ""tuanna08go_c1cf0152_7ae6_43b6"": 4.2941778182983725}",adammandic87_3d7a58a6_4380_4e3,continuous_primal_dual_psd,6,0.48954126840399326,0.48954126840399326,0.0,"[1.0, 0.0, 0.0]",primal=Optimization terminated successfully; dual=outer=Optimization terminated successfully; inner=Optimization terminated successfully,1,-26.926897251800163,26.92689725180016,0.47595059638135917,
dare_ties,triple,cunghoctienganh_c1cf0152_7ae6+mrhungddddh_fe499423_02f3_4cfd+mrhunghddddd_d692685b_fdb4_477,42.46872336899132,3.7208468437194497,0,"[0.2, 0.23229720682425942, 0.5677027931757406]","[0.2, 0.6, 0.2]",18.854165077209473,"{""cunghoctienganh_c1cf0152_7ae6"": -3.7208468437194497, ""mrhungddddh_fe499423_02f3_4cfd"": 6.175002384185824, ""mrhunghddddd_d692685b_fdb4_477"": 3.6749928474426596}",cunghoctienganh_c1cf0152_7ae6,continuous_primal_dual_psd,6,42.46872336899132,42.46872336899122,9.947598300641403e-14,"[0.3754852717897581, 0.0, 0.624514728210242]",primal=Optimization terminated successfully; dual=outer=Optimization terminated successfully; inner=Optimization terminated successfully,1,-1128.242479094503,1128.2424790945033,40.93271930851189,
dare_ties,triple,nhung02_08157847_d833_4d45_90f+mrhungddddh_911f6275_22fd_4f41+versil91_63cd5c4a_5a68_4c25_bd,19.06648583413589,0.11935388602376312,0,"[0.20000000000007576, 0.2, 0.5999999999999243]","[0.2, 0.4, 0.4]",1.3870998704228057,"{""mrhungddddh_911f6275_22fd_4f41"": 8.57083492279056, ""nhung02_08157847_d833_4d45_90f"": 4.275962638855013, ""versil91_63cd5c4a_5a68_4c25_bd"": -0.11935388602376312}",versil91_63cd5c4a_5a68_4c25_bd,continuous_primal_dual_psd,6,19.06648583413589,19.06648583413572,1.7053025658242404e-13,"[0.9999999999999816, 1.8374191057546003e-14, 0.0]",primal=Optimization terminated successfully; dual=outer=Optimization terminated successfully; inner=Optimization terminated successfully,1,-458.1611634553328,458.23924328722643,8.654549789430877,
dare_ties,triple,nbninh_c4ae10ba_efe4_401e_8dd7+adammandic87_f28f18cf_4abb_4db+versil91_121ef6e9_0ded_4fc3_8c,0.1138988793582918,-1.5916674613952964,1,"[0.20000000000000043, 0.47606007123293675, 0.3239399287670628]","[0.2, 0.2, 0.6]",3.8541674613952637,"{""adammandic87_f28f18cf_4abb_4db"": 1.5916674613952964, ""nbninh_c4ae10ba_efe4_401e_8dd7"": 2.9603927612305014, ""versil91_121ef6e9_0ded_4fc3_8c"": 5.966660308837923}",adammandic87_f28f18cf_4abb_4db,continuous_primal_dual_psd,6,0.1138988793582918,0.11389887935821001,8.178180355145059e-14,"[0.9788148819808007, 0.02118511801919519, 4.15358362760027e-15]",primal=Optimization terminated successfully; dual=outer=Optimization terminated successfully; inner=Optimization terminated successfully,1,-208.06529134943918,208.0652913494392,0.11137310225486075,
dare_ties,triple,thaffggg_8a78a9b2_d3fa_4615_b8+datlaaaaaaa_0dbe42c8_b07b_4785+nhung03_7b6cdc3c_7130_4c2c_a2c,90.5222852353941,24.449995231628385,0,"[0.2, 0.26191952942495794, 0.538080470575042]","[0.2, 0.4, 0.4]",15.360581874847412,"{""datlaaaaaaa_0dbe42c8_b07b_4785"": -19.530132484436002, ""nhung03_7b6cdc3c_7130_4c2c_a2c"": -24.449995231628385, ""thaffggg_8a78a9b2_d3fa_4615_b8"": -24.009314250946012}",nhung03_7b6cdc3c_7130_4c2c_a2c,continuous_primal_dual_psd,6,90.5222852353941,90.5222852353847,9.393374966748524e-12,"[0.0, 0.9999999999985556, 1.4442936340182576e-12]",primal=Optimization terminated successfully; dual=outer=Optimization terminated successfully; inner=Optimization terminated successfully,1,-1457.2768206984101,1457.27682069841,45.91715302952637,
magnitude_prune,pair,lhong4759_f68c5c87_934d_4399_b+tuanna08go_6af2bb68_a65f_4331,0.9141022480130312,7.807388973236051,0,"[0.23870168087832577, 0.7612983191216742]","[0.2, 0.8]",0.0,"{""lhong4759_f68c5c87_934d_4399_b"": -7.807388973236051, ""tuanna08go_6af2bb68_a65f_4331"": -0.7814819335937513}",lhong4759_f68c5c87_934d_4399_b,continuous_primal_dual_psd,4,0.9141022480130312,0.9141022480130312,0.0,"[1.0, 0.0]",primal=Optimization terminated successfully; dual=outer=Optimization terminated successfully; inner=Optimization terminated successfully,0,50.18919706344598,0.0,0.9141022480130312,
magnitude_prune,pair,versil91_e9f26c47_9b78_4e3f_81+cunghoctienganh_b7496e73_1762,0.157548532927958,0.19999999999999146,0,"[0.7999999999999999, 0.20000000000000007]","[0.8, 0.2]",0.0,"{""cunghoctienganh_b7496e73_1762"": 0.4268973350525229, ""versil91_e9f26c47_9b78_4e3f_81"": -0.19999999999999146}",versil91_e9f26c47_9b78_4e3f_81,continuous_primal_dual_psd,4,0.157548532927958,0.157548532927958,0.0,"[1.0, 0.0]",primal=Optimization terminated successfully; dual=outer=Optimization terminated successfully; inner=Optimization terminated successfully,0,20.51876989216664,0.0,0.15754853292795712,
magnitude_prune,pair,chauhoang_2aa4f343_5524_f86e_b+mrhungddddh_911f6275_22fd_4f41,21.109611463546724,22.286549282073942,0,"[0.2, 0.8]","[0.2, 0.8]",0.0,"{""chauhoang_2aa4f343_5524_f86e_b"": -22.286549282073942, ""mrhungddddh_911f6275_22fd_4f41"": -17.470839691162077}",chauhoang_2aa4f343_5524_f86e_b,continuous_primal_dual_psd,4,21.109611463546724,21.109611463546724,0.0,"[0.0, 1.0]",primal=Optimization terminated successfully; dual=outer=Optimization terminated successfully; inner=Optimization terminated successfully,1,-110.79534888267521,110.79534888267521,20.69786555767056,
magnitude_prune,pair,versil91_01a5620a_fb5f_4bab_94+mrhungddddh_9b1deaac_4565_48f2,-1.6408792065226123,2.185263369521512,0,"[0.7735128915699839, 0.22648710843001607]","[0.8, 0.2]",0.0,"{""mrhungddddh_9b1deaac_4565_48f2"": 0.8625000000000327, ""versil91_01a5620a_fb5f_4bab_94"": -2.185263369521512}",versil91_01a5620a_fb5f_4bab_94,continuous_primal_dual_psd,4,-1.6408792065226123,-1.6408792065226123,0.0,"[1.0, 0.0]",primal=Optimization terminated successfully; dual=outer=Optimization terminated successfully; inner=Optimization terminated successfully,1,-2.722591161727839,2.722591161727839,-1.6408792065226119,
magnitude_prune,pair,tuanna08go_c1cf0152_7ae6_43b6+phungkhaccuong_a992b7f5_9d18_c,8.147051278539216,3.4083396911620767,0,"[0.5578259652036198, 0.4421740347963802]","[0.8, 0.2]",6.0416579246521,"{""phungkhaccuong_a992b7f5_9d18_c"": -3.4083396911620767, ""tuanna08go_c1cf0152_7ae6_43b6"": -2.6128799438476236}",phungkhaccuong_a992b7f5_9d18_c,continuous_primal_dual_psd,4,8.147051278539216,8.147051278539173,4.263256414560601e-14,"[0.734817201452734, 0.2651827985472661]",primal=Optimization terminated successfully; dual=outer=Optimization terminated successfully; inner=Optimization terminated successfully,1,-27.34363079071045,27.34363079071045,7.6341989591556105,
magnitude_prune,pair,thaffggg_8a78a9b2_d3fa_4615_b8+cunghoctienganh_c1cf0152_7ae6,8.20380039215084,4.762497615814176,0,"[0.2, 0.8]","[0.2, 0.8]",0.0,"{""cunghoctienganh_c1cf0152_7ae6"": -4.762497615814176, ""thaffggg_8a78a9b2_d3fa_4615_b8"": -3.9531976699828775}",cunghoctienganh_c1cf0152_7ae6,continuous_primal_dual_psd,4,8.20380039215084,8.20380039215084,0.0,"[0.0, 1.0]",primal=Optimization terminated successfully; dual=outer=Optimization terminated successfully; inner=Optimization terminated successfully,0,146.54368162155137,0.0,8.20380039215084,
magnitude_prune,pair,nhoxinh_0c66c9c5_5cc2_46a8_9db+mrhunghddddd_d692685b_fdb4_477,60.951383419886824,52.28654451370236,0,"[0.7235346119839311, 0.2764653880160689]","[0.6, 0.4]",7.371783256530762,"{""mrhunghddddd_d692685b_fdb4_477"": -51.42916746139523, ""nhoxinh_0c66c9c5_5cc2_46a8_9db"": -52.28654451370236}",nhoxinh_0c66c9c5_5cc2_46a8_9db,continuous_primal_dual_psd,4,60.951383419886824,60.9513834198859,9.237055564881302e-13,"[0.38182865068896055, 0.6181713493110395]",primal=Optimization terminated successfully; dual=outer=Optimization terminated successfully; inner=Optimization terminated successfully,0,53.53987216949435,0.0,60.951383419886824,
magnitude_prune,pair,nhung02_db2c9545_4607_487b_9cc+adammandic87_f28f18cf_4abb_4db,24.137484502792294,6.29660196304318,0,"[0.2, 0.8]","[0.2, 0.8]",0.0,"{""adammandic87_f28f18cf_4abb_4db"": -2.5138170242309243, ""nhung02_db2c9545_4607_487b_9cc"": -6.29660196304318}",nhung02_db2c9545_4607_487b_9cc,continuous_primal_dual_psd,4,24.137484502792294,24.137484502792294,0.0,"[0.0, 1.0]",primal=Optimization terminated successfully; dual=outer=Optimization terminated successfully; inner=Optimization terminated successfully,1,-149.73908662796032,149.73908662796032,21.142702770233086,
magnitude_prune,pair,nbninh_a1f78795_1b61_4923_9235+datlaaaaaaa_0dbe42c8_b07b_4785,20.44509707341396,45.85150785446164,0,"[0.5113157618906222, 0.4886842381093778]","[0.6, 0.4]",0.0,"{""datlaaaaaaa_0dbe42c8_b07b_4785"": -38.32019872665402, ""nbninh_a1f78795_1b61_4923_9235"": -45.85150785446164}",nbninh_a1f78795_1b61_4923_9235,continuous_primal_dual_psd,4,20.44509707341396,20.44509707341396,0.0,"[0.0, 1.0]",primal=Optimization terminated successfully; dual=outer=Optimization terminated successfully; inner=Optimization terminated successfully,0,56.18974566459645,0.0,20.445097073413955,
magnitude_prune,pair,duyphu_7aba420b_74ac_4209_b514+chauhoang_4909ad74_a335_4972_9,28.783551568826326,30.686166954040495,0,"[0.7254306237878978, 0.2745693762121022]","[0.8, 0.2]",0.0,"{""chauhoang_4909ad74_a335_4972_9"": -5.695620250701872, ""duyphu_7aba420b_74ac_4209_b514"": -30.686166954040495}",duyphu_7aba420b_74ac_4209_b514,continuous_primal_dual_psd,4,28.783551568826326,28.783551568826326,0.0,"[0.0, 1.0]",primal=Optimization terminated successfully; dual=outer=Optimization terminated successfully; inner=Optimization terminated successfully,0,44.27075386047366,0.0,28.783551568826326,
magnitude_prune,pair,laquythang_8444c3be_8779_4769+duyphu_4909ad74_a335_4972_9ed8,59.12964768409729,48.82500476837155,0,"[0.2000000000000026, 0.7999999999999974]","[0.4, 0.6]",5.23529052734375,"{""duyphu_4909ad74_a335_4972_9ed8"": -38.44476051330563, ""laquythang_8444c3be_8779_4769"": -48.82500476837155}",laquythang_8444c3be_8779_4769,continuous_primal_dual_psd,4,59.12964768409729,59.12964768409729,0.0,"[1.0, 0.0]",primal=Optimization terminated successfully; dual=outer=Optimization terminated successfully; inner=Optimization terminated successfully,1,-92.44769811630279,92.44769811630279,57.79806501865384,
magnitude_prune,pair,nbninh_c4ae10ba_efe4_401e_8dd7+nblinh63_0eb73af3_0631_437a_ad,7.611468505859328,2.8671056747436197,0,"[0.8, 0.19999999999999996]","[0.6, 0.4]",1.9085049629211426,"{""nblinh63_0eb73af3_0631_437a_ad"": 9.656211662292513, ""nbninh_c4ae10ba_efe4_401e_8dd7"": -2.8671056747436197}",nbninh_c4ae10ba_efe4_401e_8dd7,continuous_primal_dual_psd,4,7.611468505859328,7.611468505859328,0.0,"[0.0, 1.0]",primal=Optimization terminated successfully; dual=outer=Optimization terminated successfully; inner=Optimization terminated successfully,0,7.112055357805254,0.0,7.611468505859328,
magnitude_prune,pair,nbninh_0d8b128b_8753_46c3_b80f+thaffggg_8c87f3d3_d4bb_475a_a8,40.26282572940572,17.101529312133756,0,"[0.7280625177611063, 0.2719374822388937]","[0.6, 0.4]",6.548655033111572,"{""nbninh_0d8b128b_8753_46c3_b80f"": 4.404172229766878, ""thaffggg_8c87f3d3_d4bb_475a_a8"": -17.101529312133756}",thaffggg_8c87f3d3_d4bb_475a_a8,continuous_primal_dual_psd,4,40.26282572940572,40.26282572940572,0.0,"[1.0, 0.0]",primal=Optimization terminated successfully; dual=outer=Optimization terminated successfully; inner=Optimization terminated successfully,0,50.78107118606561,0.0,40.26282572940572,
magnitude_prune,pair,nhoxinh_9214fc0d_4490_4bdd_9ff+mrhunghd_9e58333c_df22_4a00_9c,42.93957896232605,45.699992847442594,0,"[0.2, 0.8]","[0.2, 0.8]",0.0,"{""mrhunghd_9e58333c_df22_4a00_9c"": -45.699992847442594, ""nhoxinh_9214fc0d_4490_4bdd_9ff"": -24.900177192687956}",mrhunghd_9e58333c_df22_4a00_9c,continuous_primal_dual_psd,4,42.93957896232605,42.93957896232605,0.0,"[1.0, 0.0]",primal=Optimization terminated successfully; dual=outer=Optimization terminated successfully; inner=Optimization terminated successfully,1,-129.43446636199965,129.43446636199965,42.93957896232605,
magnitude_prune,pair,taronklm_trained_model+mrhungddddh_fe499423_02f3_4cfd,-22.050737147779955,-0.7146339644702152,1,"[0.694341548705956, 0.305658451294044]","[0.8, 0.2]",0.10144677435024263,"{""mrhungddddh_fe499423_02f3_4cfd"": 47.360894012451205, ""taronklm_trained_model"": 0.7146339644702152}",taronklm_trained_model,continuous_primal_dual_psd,4,-22.050737147779955,-22.050737147779955,0.0,"[1.0, 0.0]",primal=Optimization terminated successfully; dual=outer=Optimization terminated successfully; inner=Optimization terminated successfully,0,533.8540673255922,0.0,-22.050737147779955,
magnitude_prune,pair,tuanna08go_7647f014_8af3_4266+hongngo_687b8c72_c89b_4cb7_b7c,16.575062942504836,0.5480359659792716,0,"[0.8, 0.19999999999999996]","[0.8, 0.2]",0.0,"{""hongngo_687b8c72_c89b_4cb7_b7c"": 2.8416603088379233, ""tuanna08go_7647f014_8af3_4266"": -0.5480359659792716}",tuanna08go_7647f014_8af3_4266,continuous_primal_dual_psd,4,16.575062942504836,16.575062942504836,0.0,"[0.0, 1.0]",primal=Optimization terminated successfully; dual=outer=Optimization terminated successfully; inner=Optimization terminated successfully,1,-104.1668653488159,104.1668653488159,-0.01487634473943289,
magnitude_prune,pair,laquythang_efe15045_778f_4dfa+versil91_63cd5c4a_5a68_4c25_bd,-0.9065079864073898,-0.8483920983752903,1,"[0.2, 0.8]","[0.2, 0.8]",0.0,"{""laquythang_efe15045_778f_4dfa"": 2.48180322647098, ""versil91_63cd5c4a_5a68_4c25_bd"": 0.8483920983752903}",versil91_63cd5c4a_5a68_4c25_bd,continuous_primal_dual_psd,4,-0.9065079864073898,-0.9065079864073898,0.0,"[0.0, 1.0]",primal=Optimization terminated successfully; dual=outer=Optimization terminated successfully; inner=Optimization terminated successfully,0,2.6620110477388086,0.0,-0.9065079864073899,
magnitude_prune,pair,cunghoctienganh_4909ad74_a335+nhoxinh_2f944a50_cbd3_4334_af8,16.199576120752862,13.086369705200163,0,"[0.33313517664672365, 0.6668648233532763]","[0.4, 0.6]",0.0,"{""cunghoctienganh_4909ad74_a335"": -4.866662693023649, ""nhoxinh_2f944a50_cbd3_4334_af8"": -13.086369705200163}",nhoxinh_2f944a50_cbd3_4334_af8,continuous_primal_dual_psd,4,16.199576120752862,16.199576120752862,0.0,"[1.0, 0.0]",primal=Optimization terminated successfully; dual=outer=Optimization terminated successfully; inner=Optimization terminated successfully,0,104.16626930236806,0.0,16.199576120752862,
magnitude_prune,pair,datlaaaaaaa_cc1f8701_0976_4f48+versil91_121ef6e9_0ded_4fc3_8c,9.866821241378746,4.554167461395231,0,"[0.2, 0.8]","[0.2, 0.8]",0.0,"{""datlaaaaaaa_cc1f8701_0976_4f48"": -1.7416507720946939, ""versil91_121ef6e9_0ded_4fc3_8c"": -4.554167461395231}",versil91_121ef6e9_0ded_4fc3_8c,continuous_primal_dual_psd,4,9.866821241378746,9.866821241378746,0.0,"[1.0, 0.0]",primal=Optimization terminated successfully; dual=outer=Optimization terminated successfully; inner=Optimization terminated successfully,0,59.17476695840373,0.0,9.866821241378746,
magnitude_prune,pair,adammandic87_3d7a58a6_4380_4e3+phungkhaccuong_731c6dec_a942_4,-0.13346172132302306,-0.9426205635071128,1,"[0.4417931667358982, 0.5582068332641018]","[0.6, 0.4]",4.062509536743164,"{""adammandic87_3d7a58a6_4380_4e3"": 1.251571303007172, ""phungkhaccuong_731c6dec_a942_4"": 0.9426205635071128}",phungkhaccuong_731c6dec_a942_4,continuous_primal_dual_psd,4,-0.13346172132302306,-0.13346172133803222,1.5009160581058723e-11,"[0.272614848068957, 0.727385151931043]",primal=Optimization terminated successfully; dual=outer=Optimization terminated successfully; inner=Optimization terminated successfully,0,1.8190098774265921,0.0,-0.13346172132302309,
magnitude_prune,pair,duyphu_0112d9da_9934_4614_b233+denbeo_d9ae91c0_fed9_4fb4_8ddd,57.81817261374925,24.36988658905026,0,"[0.5548221690918784, 0.4451778309081216]","[0.8, 0.2]",16.03292226791382,"{""denbeo_d9ae91c0_fed9_4fb4_8ddd"": -14.890709590911833, ""duyphu_0112d9da_9934_4614_b233"": -24.36988658905026}",duyphu_0112d9da_9934_4614_b233,continuous_primal_dual_psd,4,57.81817261374925,57.81817261374918,7.105427357601002e-14,"[0.5047051268180726, 0.49529487318192744]",primal=Optimization terminated successfully; dual=outer=Optimization terminated successfully; inner=Optimization terminated successfully,1,-115.8855855464936,115.8855855464936,57.818172613749105,
magnitude_prune,pair,phungkhaccuong_2b1522e6_bef2_7+nhung03_7b6cdc3c_7130_4c2c_a2c,34.3341672198862,21.89392156600949,0,"[0.37063960405148183, 0.6293603959485181]","[0.8, 0.2]",3.878188133239746,"{""nhung03_7b6cdc3c_7130_4c2c_a2c"": -21.89392156600949, ""phungkhaccuong_2b1522e6_bef2_7"": -8.891287517547575}",nhung03_7b6cdc3c_7130_4c2c_a2c,continuous_primal_dual_psd,4,34.3341672198862,34.33416721988487,1.3287149158713873e-12,"[0.9016473913334304, 0.09835260866656961]",primal=Optimization terminated successfully; dual=outer=Optimization terminated successfully; inner=Optimization terminated successfully,1,-79.22649383544926,79.22649383544926,34.3341672198862,
magnitude_prune,pair,hongngo_7e251dfc_e0f7_4f73_aae+nhung02_08157847_d833_4d45_90f,48.20856526527597,36.68486185073849,0,"[0.5669219728452478, 0.4330780271547522]","[0.8, 0.2]",10.75754165649414,"{""hongngo_7e251dfc_e0f7_4f73_aae"": -36.68486185073849, ""nhung02_08157847_d833_4d45_90f"": -29.59423370361325}",hongngo_7e251dfc_e0f7_4f73_aae,continuous_primal_dual_psd,4,48.20856526527597,48.20856526527597,0.0,"[0.0, 1.0]",primal=Optimization terminated successfully; dual=outer=Optimization terminated successfully; inner=Optimization terminated successfully,0,245.29218673706043,0.0,48.20856526527597,
magnitude_prune,pair,versil91_8444c3be_8779_4769_a0+datlaaaaaaa_e8cccbe1_c136_409a,2.8603864431380934,11.381807994842497,0,"[0.8, 0.19999999999999996]","[0.8, 0.2]",0.0,"{""datlaaaaaaa_e8cccbe1_c136_409a"": -11.381807994842497, ""versil91_8444c3be_8779_4769_a0"": 0.5499955296633551}",datlaaaaaaa_e8cccbe1_c136_409a,continuous_primal_dual_psd,4,2.8603864431380934,2.8603864431380934,0.0,"[1.0, 0.0]",primal=Optimization terminated successfully; dual=outer=Optimization terminated successfully; inner=Optimization terminated successfully,1,-4.6624243259429905,4.6624243259429905,1.3684106588363363,
magnitude_prune,pair,hongngo_9d92894f_7b7b_49e0_8f3+versil91_474890ea_012d_4a25_96,11.127091121673557,7.057140580002779,0,"[0.2, 0.8]","[0.2, 0.8]",0.0,"{""hongngo_9d92894f_7b7b_49e0_8f3"": -3.645816516876188, ""versil91_474890ea_012d_4a25_96"": -7.057140580002779}",versil91_474890ea_012d_4a25_96,continuous_primal_dual_psd,4,11.127091121673557,11.127091121673557,0.0,"[1.0, 0.0]",primal=Optimization terminated successfully; dual=outer=Optimization terminated successfully; inner=Optimization terminated successfully,0,106.7709922790528,0.0,11.127091121673557,
magnitude_prune,pair,lhong4759_f68c5c87_934d_4399_b+cunghoctienganh_4909ad74_a335,39.22989531381005,31.813791465759245,0,"[0.5391281856369229, 0.4608718143630771]","[0.4, 0.6]",7.267630100250244,"{""cunghoctienganh_4909ad74_a335"": -24.762490463256803, ""lhong4759_f68c5c87_934d_4399_b"": -31.813791465759245}",lhong4759_f68c5c87_934d_4399_b,continuous_primal_dual_psd,4,39.22989531381005,39.22989531381005,0.0,"[0.0, 1.0]",primal=Optimization terminated successfully; dual=outer=Optimization terminated successfully; inner=Optimization terminated successfully,0,152.89932489395136,0.0,39.22989531381005,
magnitude_prune,pair,tuanna08go_6af2bb68_a65f_4331+nbninh_0d8b128b_8753_46c3_b80f,3.536337194482712,0.3666666666666679,0,"[0.7412660020972885, 0.25873399790271145]","[0.8, 0.2]",0.0,"{""nbninh_0d8b128b_8753_46c3_b80f"": 4.820832538604769, ""tuanna08go_6af2bb68_a65f_4331"": -0.3666666666666679}",tuanna08go_6af2bb68_a65f_4331,continuous_primal_dual_psd,4,3.536337194482712,3.536337194474296,8.416378705078387e-12,"[0.4942789269298755, 0.5057210730701246]",primal=Positive directional derivative for linesearch; dual=outer=Optimization terminated successfully; inner=Optimization terminated successfully,0,92.56616234779347,0.0,3.5363371944827193,
magnitude_prune,pair,versil91_01a5620a_fb5f_4bab_94+denbeo_d9ae91c0_fed9_4fb4_8ddd,16.434854340553223,4.916229392842783,0,"[0.8, 0.19999999999999996]","[0.8, 0.2]",0.0,"{""denbeo_d9ae91c0_fed9_4fb4_8ddd"": 0.46987228393557956, ""versil91_01a5620a_fb5f_4bab_94"": -4.916229392842783}",versil91_01a5620a_fb5f_4bab_94,continuous_primal_dual_psd,4,16.434854340553223,16.434854340553223,0.0,"[0.0, 1.0]",primal=Optimization terminated successfully; dual=outer=Optimization terminated successfully; inner=Optimization terminated successfully,0,41.5540812223562,0.0,16.434854340553223,
magnitude_prune,pair,phungkhaccuong_a992b7f5_9d18_c+datlaaaaaaa_0dbe42c8_b07b_4785,34.12620313167571,16.95000238418576,0,"[0.8, 0.19999999999999996]","[0.6, 0.4]",0.2083420753479004,"{""datlaaaaaaa_0dbe42c8_b07b_4785"": -12.07820482254025, ""phungkhaccuong_a992b7f5_9d18_c"": -16.95000238418576}",phungkhaccuong_a992b7f5_9d18_c,continuous_primal_dual_psd,4,34.12620313167571,34.12620313167571,0.0,"[0.0, 1.0]",primal=Optimization terminated successfully; dual=outer=Optimization terminated successfully; inner=Optimization terminated successfully,1,-15.625208616256682,15.625208616256682,30.975722146034208,
magnitude_prune,pair,versil91_e9f26c47_9b78_4e3f_81+tuanna08go_7647f014_8af3_4266,-0.11404907853317323,-0.006721366104327116,1,"[0.2666670379565201, 0.7333329620434799]","[0.4, 0.6]",0.13282708093169596,"{""tuanna08go_7647f014_8af3_4266"": 0.006721366104327116, ""versil91_e9f26c47_9b78_4e3f_81"": 3.0115448438447805}",tuanna08go_7647f014_8af3_4266,continuous_primal_dual_psd,4,-0.11404907853317323,-0.11404907853317323,0.0,"[0.0, 1.0]",primal=Optimization terminated successfully; dual=outer=Optimization terminated successfully; inner=Optimization terminated successfully,0,3.719009339226879,0.0,-0.11404907853317323,
magnitude_prune,pair,duyphu_4909ad74_a335_4972_9ed8+mrhungddddh_9b1deaac_4565_48f2,5.720927048964056,15.438500118255583,0,"[0.3599600455568107, 0.6400399544431893]","[0.4, 0.6]",0.0,"{""duyphu_4909ad74_a335_4972_9ed8"": -15.438500118255583, ""mrhungddddh_9b1deaac_4565_48f2"": -12.526932430267301}",duyphu_4909ad74_a335_4972_9ed8,continuous_primal_dual_psd,4,5.720927048964056,5.720927048964056,0.0,"[0.0, 1.0]",primal=Optimization terminated successfully; dual=outer=Optimization terminated successfully; inner=Optimization terminated successfully,0,177.67518758773795,0.0,5.720927048964056,
magnitude_prune,pair,thaffggg_8c87f3d3_d4bb_475a_a8+nhung02_08157847_d833_4d45_90f,51.769128513336156,39.85501832962033,0,"[0.2, 0.8]","[0.2, 0.8]",0.0,"{""nhung02_08157847_d833_4d45_90f"": -34.40995521545407, ""thaffggg_8c87f3d3_d4bb_475a_a8"": -39.85501832962033}",thaffggg_8c87f3d3_d4bb_475a_a8,continuous_primal_dual_psd,4,51.769128513336156,51.769128513336156,0.0,"[0.0, 1.0]",primal=Optimization terminated successfully; dual=outer=Optimization terminated successfully; inner=Optimization terminated successfully,1,-279.9479663372039,279.9479663372039,47.173962068557714,
magnitude_prune,pair,taronklm_trained_model+duyphu_7aba420b_74ac_4209_b514,-37.92932098224497,-0.7853835481721236,1,"[0.46229881561255753, 0.5377011843874424]","[0.6, 0.4]",0.28957814558587675,"{""duyphu_7aba420b_74ac_4209_b514"": 43.942341136932406, ""taronklm_trained_model"": 0.7853835481721236}",taronklm_trained_model,continuous_primal_dual_psd,4,-37.92932098224497,-37.92932098224497,0.0,"[1.0, 0.0]",primal=Optimization terminated successfully; dual=outer=Optimization terminated successfully; inner=Optimization terminated successfully,0,453.1249403953551,0.0,-37.929320982244974,
magnitude_prune,pair,datlaaaaaaa_cc1f8701_0976_4f48+nbninh_c4ae10ba_efe4_401e_8dd7,5.804981943643069,10.060444545745817,0,"[0.2170366123833574, 0.7829633876166426]","[0.2, 0.8]",0.0,"{""datlaaaaaaa_cc1f8701_0976_4f48"": 4.508325386047396, ""nbninh_c4ae10ba_efe4_401e_8dd7"": -10.060444545745817}",nbninh_c4ae10ba_efe4_401e_8dd7,continuous_primal_dual_psd,4,5.804981943643069,5.804981943643069,0.0,"[1.0, 0.0]",primal=Optimization terminated successfully; dual=outer=Optimization terminated successfully; inner=Optimization terminated successfully,0,14.008584544170226,0.0,5.804981943643069,
magnitude_prune,pair,mrhungddddh_911f6275_22fd_4f41+mrhunghddddd_d692685b_fdb4_477,19.390199425437615,7.470849227905241,0,"[0.7203199626267495, 0.27968003737325053]","[0.6, 0.4]",5.312490463256836,"{""mrhungddddh_911f6275_22fd_4f41"": -5.074992847442594, ""mrhunghddddd_d692685b_fdb4_477"": -7.470849227905241}",mrhunghddddd_d692685b_fdb4_477,continuous_primal_dual_psd,4,19.390199425437615,19.390199425437615,0.0,"[0.0, 1.0]",primal=Optimization terminated successfully; dual=outer=Optimization terminated successfully; inner=Optimization terminated successfully,0,355.3317487239835,0.0,19.390199425437615,
magnitude_prune,pair,laquythang_8444c3be_8779_4769+chauhoang_4909ad74_a335_4972_9,49.83306802322356,29.55416746139523,0,"[0.6373342692102156, 0.36266573078978437]","[0.2, 0.8]",10.416674613952637,"{""chauhoang_4909ad74_a335_4972_9"": -28.514674377441374, ""laquythang_8444c3be_8779_4769"": -29.55416746139523}",laquythang_8444c3be_8779_4769,continuous_primal_dual_psd,4,49.83306802322356,49.83306802322356,0.0,"[0.0, 1.0]",primal=Optimization terminated successfully; dual=outer=Optimization terminated successfully; inner=Optimization terminated successfully,0,78.12440395355199,0.0,49.83306802322357,
magnitude_prune,pair,chauhoang_2aa4f343_5524_f86e_b+duyphu_0112d9da_9934_4614_b233,22.799437713623036,14.85210962295529,0,"[0.2, 0.8]","[0.2, 0.8]",0.0,"{""chauhoang_2aa4f343_5524_f86e_b"": -10.155144405364958, ""duyphu_0112d9da_9934_4614_b233"": -14.85210962295529}",duyphu_0112d9da_9934_4614_b233,continuous_primal_dual_psd,4,22.799437713623036,22.799437713623036,0.0,"[1.0, 0.0]",primal=Optimization terminated successfully; dual=outer=Optimization terminated successfully; inner=Optimization terminated successfully,1,-3.19644808769224,3.19644808769224,22.73550875186919,
magnitude_prune,pair,tuanna08go_c1cf0152_7ae6_43b6+versil91_63cd5c4a_5a68_4c25_bd,0.5010984865496078,0.05483477984798853,0,"[0.20000000000000193, 0.799999999999998]","[0.6, 0.4]",0.41936126933967316,"{""tuanna08go_c1cf0152_7ae6_43b6"": -0.051692199706998565, ""versil91_63cd5c4a_5a68_4c25_bd"": -0.05483477984798853}",versil91_63cd5c4a_5a68_4c25_bd,continuous_primal_dual_psd,4,0.5010984865496078,0.5010984865496078,0.0,"[0.0, 1.0]",primal=Optimization terminated successfully; dual=outer=Optimization terminated successfully; inner=Optimization terminated successfully,1,-53.38534712791444,53.38534712791444,0.43953578539243826,
magnitude_prune,pair,cunghoctienganh_b7496e73_1762+hongngo_687b8c72_c89b_4cb7_b7c,6.412802385212739,39.95188779830929,0,"[0.4738071016857094, 0.5261928983142906]","[0.2, 0.8]",0.2556920051574707,"{""cunghoctienganh_b7496e73_1762"": -39.95188779830929, ""hongngo_687b8c72_c89b_4cb7_b7c"": -34.423771572113004}",cunghoctienganh_b7496e73_1762,continuous_primal_dual_psd,4,6.412802385212739,6.412802385212739,0.0,"[0.0, 1.0]",primal=Optimization terminated successfully; dual=outer=Optimization terminated successfully; inner=Optimization terminated successfully,0,164.6633446216583,0.0,6.412802385212739,
magnitude_prune,pair,nblinh63_0eb73af3_0631_437a_ad+mrhungddddh_fe499423_02f3_4cfd,73.51241953372949,50.10558671951291,0,"[0.8, 0.19999999999999996]","[0.8, 0.2]",0.0,"{""mrhungddddh_fe499423_02f3_4cfd"": -28.35223979949948, ""nblinh63_0eb73af3_0631_437a_ad"": -50.10558671951291}",nblinh63_0eb73af3_0631_437a_ad,continuous_primal_dual_psd,4,73.51241953372949,73.5124195337295,0.0,"[0.9999999999999996, 5.273559366969494e-16]",primal=Optimization terminated successfully; dual=outer=Optimization terminated successfully; inner=Optimization terminated successfully,1,-49.47885870933509,49.47885870933509,68.73504168987272,
magnitude_prune,pair,nbninh_a1f78795_1b61_4923_9235+nhung03_7b6cdc3c_7130_4c2c_a2c,70.58353371620186,65.3874904632568,0,"[0.20000000000000379, 0.7999999999999963]","[0.2, 0.8]",0.0,"{""nbninh_a1f78795_1b61_4923_9235"": -65.3874904632568, ""nhung03_7b6cdc3c_7130_4c2c_a2c"": -30.89231557846066}",nbninh_a1f78795_1b61_4923_9235,continuous_primal_dual_psd,4,70.58353371620186,70.58353371620186,0.0,"[0.0, 1.0]",primal=Optimization terminated successfully; dual=outer=Optimization terminated successfully; inner=Optimization terminated successfully,1,-81.43022656440732,81.43022656440732,70.3207487583161,
magnitude_prune,pair,cunghoctienganh_c1cf0152_7ae6+nhung02_db2c9545_4607_487b_9cc,11.63364357948302,14.4784123420715,0,"[0.8, 0.19999999999999996]","[0.8, 0.2]",0.0,"{""cunghoctienganh_c1cf0152_7ae6"": -2.7833253860473306, ""nhung02_db2c9545_4607_487b_9cc"": -14.4784123420715}",nhung02_db2c9545_4607_487b_9cc,continuous_primal_dual_psd,4,11.63364357948302,11.63364357948302,0.0,"[0.9999999999999998, 2.7755575615628914e-16]",primal=Optimization terminated successfully; dual=outer=Optimization terminated successfully; inner=Optimization terminated successfully,0,214.28823471069333,0.0,11.63364357948302,
magnitude_prune,pair,adammandic87_3d7a58a6_4380_4e3+mrhunghd_9e58333c_df22_4a00_9c,8.891642165183974,1.741674613952604,0,"[0.8, 0.19999999999999996]","[0.8, 0.2]",0.0,"{""adammandic87_3d7a58a6_4380_4e3"": -0.17215457990517796, ""mrhunghd_9e58333c_df22_4a00_9c"": -1.741674613952604}",mrhunghd_9e58333c_df22_4a00_9c,continuous_primal_dual_psd,4,8.891642165183974,8.891642165183974,0.0,"[0.0, 1.0]",primal=Optimization terminated successfully; dual=outer=Optimization terminated successfully; inner=Optimization terminated successfully,1,-9.92491841316216,9.92491841316216,5.715668272972082,
magnitude_prune,pair,thaffggg_8a78a9b2_d3fa_4615_b8+laquythang_efe15045_778f_4dfa,60.59488244056699,49.592045021057096,0,"[0.2, 0.8]","[0.2, 0.8]",0.0,"{""laquythang_efe15045_778f_4dfa"": -49.592045021057096, ""thaffggg_8a78a9b2_d3fa_4615_b8"": -3.5124928474425943}",laquythang_efe15045_778f_4dfa,continuous_primal_dual_psd,4,60.59488244056699,60.59488244056699,0.0,"[1.0, 0.0]",primal=Optimization terminated successfully; dual=outer=Optimization terminated successfully; inner=Optimization terminated successfully,0,14.914572238921798,0.0,60.59488244056699,
magnitude_prune,pair,phungkhaccuong_731c6dec_a942_4+adammandic87_f28f18cf_4abb_4db,3.1479162693023355,2.4948865890502603,0,"[0.2, 0.8]","[0.2, 0.8]",0.0,"{""adammandic87_f28f18cf_4abb_4db"": 2.67556600570682, ""phungkhaccuong_731c6dec_a942_4"": -2.4948865890502603}",phungkhaccuong_731c6dec_a942_4,continuous_primal_dual_psd,4,3.1479162693023355,3.1479162693023355,0.0,"[5.551115123125783e-17, 1.0]",primal=Optimization terminated successfully; dual=outer=Optimization terminated successfully; inner=Optimization terminated successfully,1,-44.27075386047362,44.27075386047362,2.2625011920928633,
magnitude_prune,pair,nhoxinh_9214fc0d_4490_4bdd_9ff+hongngo_9d92894f_7b7b_49e0_8f3,78.62347669048916,46.74384899139401,0,"[0.4231307767635964, 0.5768692232364037]","[0.6, 0.4]",19.313812255859368,"{""hongngo_9d92894f_7b7b_49e0_8f3"": -40.93600816726681, ""nhoxinh_9214fc0d_4490_4bdd_9ff"": -46.74384899139401}",nhoxinh_9214fc0d_4490_4bdd_9ff,continuous_primal_dual_psd,4,78.62347669048916,78.62347669048916,0.0,"[0.0, 1.0]",primal=Optimization terminated successfully; dual=outer=Optimization terminated successfully; inner=Optimization terminated successfully,0,52.083283662795694,0.0,78.62347669048916,
magnitude_prune,pair,phungkhaccuong_2b1522e6_bef2_7+nhoxinh_2f944a50_cbd3_4334_af8,1.0871593043277272,-4.900953102111849,1,"[0.5772384457106707, 0.42276155428932927]","[0.8, 0.2]",0.34526586532592773,"{""nhoxinh_2f944a50_cbd3_4334_af8"": 4.900953102111849, ""phungkhaccuong_2b1522e6_bef2_7"": 10.739383029937777}",nhoxinh_2f944a50_cbd3_4334_af8,continuous_primal_dual_psd,4,1.0871593043277272,1.0871593043277272,0.0,"[1.0, 0.0]",primal=Optimization terminated successfully; dual=outer=Optimization terminated successfully; inner=Optimization terminated successfully,0,101.56258940696716,0.0,1.0871593043277272,
magnitude_prune,pair,versil91_121ef6e9_0ded_4fc3_8c+versil91_474890ea_012d_4a25_96,0.5831625994695195,0.17916269302364896,0,"[0.5089173445374123, 0.49108265546258767]","[0.6, 0.4]",0.0,"{""versil91_121ef6e9_0ded_4fc3_8c"": -0.17916269302364896, ""versil91_474890ea_012d_4a25_96"": 2.692856763333778}",versil91_121ef6e9_0ded_4fc3_8c,continuous_primal_dual_psd,4,0.5831625994695195,0.5831625994695195,0.0,"[1.0, 0.0]",primal=Optimization terminated successfully; dual=outer=Optimization terminated successfully; inner=Optimization terminated successfully,0,19.7312506723875,0.0,0.5831625994695195,
magnitude_prune,pair,versil91_8444c3be_8779_4769_a0+nhoxinh_0c66c9c5_5cc2_46a8_9db,13.33721048833613,11.66154451370236,0,"[0.7999999999997695, 0.20000000000023055]","[0.8, 0.2]",0.0,"{""nhoxinh_0c66c9c5_5cc2_46a8_9db"": -11.66154451370236, ""versil91_8444c3be_8779_4769_a0"": -4.8874894947089205}",nhoxinh_0c66c9c5_5cc2_46a8_9db,continuous_primal_dual_psd,4,13.33721048833613,13.33721048833613,0.0,"[1.0, 5.551115123125783e-17]",primal=Optimization terminated successfully; dual=outer=Optimization terminated successfully; inner=Optimization terminated successfully,0,6.155222654342647,0.0,13.33721048833613,
magnitude_prune,pair,hongngo_7e251dfc_e0f7_4f73_aae+datlaaaaaaa_e8cccbe1_c136_409a,24.710792733226043,34.052279663085905,0,"[0.4316923926493507, 0.5683076073506492]","[0.4, 0.6]",0.0,"{""datlaaaaaaa_e8cccbe1_c136_409a"": -34.052279663085905, ""hongngo_7e251dfc_e0f7_4f73_aae"": -11.637499999999967}",datlaaaaaaa_e8cccbe1_c136_409a,continuous_primal_dual_psd,4,24.710792733226043,24.710792733226043,0.0,"[1.0, 0.0]",primal=Optimization terminated successfully; dual=outer=Optimization terminated successfully; inner=Optimization terminated successfully,0,22.43623137474058,0.0,24.710792733226043,
magnitude_prune,pair,lhong4759_f68c5c87_934d_4399_b+cunghoctienganh_c1cf0152_7ae6,9.96731348037716,6.012502384185758,0,"[0.2, 0.8]","[0.2, 0.8]",0.0,"{""cunghoctienganh_c1cf0152_7ae6"": -3.5124928474425943, ""lhong4759_f68c5c87_934d_4399_b"": -6.012502384185758}",lhong4759_f68c5c87_934d_4399_b,continuous_primal_dual_psd,4,9.96731348037716,9.96731348037716,0.0,"[0.0, 1.0]",primal=Optimization terminated successfully; dual=outer=Optimization terminated successfully; inner=Optimization terminated successfully,0,20.89738845825183,0.0,9.967313480377157,
magnitude_prune,pair,tuanna08go_6af2bb68_a65f_4331+nhung02_08157847_d833_4d45_90f,5.623434853553878,6.116667461395231,0,"[0.7999999999999967, 0.2000000000000033]","[0.8, 0.2]",0.0,"{""nhung02_08157847_d833_4d45_90f"": -6.116667461395231, ""tuanna08go_6af2bb68_a65f_4331"": -1.0333333333333345}",nhung02_08157847_d833_4d45_90f,continuous_primal_dual_psd,4,5.623434853553878,5.623434853553878,0.0,"[1.0, 0.0]",primal=Optimization terminated successfully; dual=outer=Optimization terminated successfully; inner=Optimization terminated successfully,0,44.034272432327214,0.0,5.62343485355388,
magnitude_prune,pair,cunghoctienganh_4909ad74_a335+nbninh_a1f78795_1b61_4923_9235,32.5560743331909,41.31552286148068,0,"[0.2, 0.8]","[0.4, 0.6]",13.721585273742676,"{""cunghoctienganh_4909ad74_a335"": -23.199990463256803, ""nbninh_a1f78795_1b61_4923_9235"": -41.31552286148068}",nbninh_a1f78795_1b61_4923_9235,continuous_primal_dual_psd,4,32.5560743331909,32.5560743331909,0.0,"[1.0, 0.0]",primal=Optimization terminated successfully; dual=outer=Optimization terminated successfully; inner=Optimization terminated successfully,0,33.398866653442276,0.0,32.5560743331909,
magnitude_prune,pair,nbninh_0d8b128b_8753_46c3_b80f+datlaaaaaaa_0dbe42c8_b07b_4785,44.00187326997763,18.929174613952604,0,"[0.3557753494041565, 0.6442246505958436]","[0.6, 0.4]",0.9615302085876465,"{""datlaaaaaaa_0dbe42c8_b07b_4785"": -18.929174613952604, ""nbninh_0d8b128b_8753_46c3_b80f"": -10.22724218368527}",datlaaaaaaa_0dbe42c8_b07b_4785,continuous_primal_dual_psd,4,44.00187326997763,44.00187326997763,0.0,"[1.0, 0.0]",primal=Optimization terminated successfully; dual=outer=Optimization terminated successfully; inner=Optimization terminated successfully,0,193.89197230339053,0.0,44.00187326997764,
magnitude_prune,pair,versil91_e9f26c47_9b78_4e3f_81+mrhungddddh_911f6275_22fd_4f41,9.988915395736669,2.991655540466276,0,"[0.20000000000000046, 0.7999999999999996]","[0.8, 0.2]",9.479165077209473,"{""mrhungddddh_911f6275_22fd_4f41"": -2.991655540466276, ""versil91_e9f26c47_9b78_4e3f_81"": -1.4500028610338547}",mrhungddddh_911f6275_22fd_4f41,continuous_primal_dual_psd,4,9.988915395736669,9.988915395736669,0.0,"[0.0, 1.0]",primal=Optimization terminated successfully; dual=outer=Optimization terminated successfully; inner=Optimization terminated successfully,1,-47.59430885314942,47.59430885314942,9.037029218673677,
magnitude_prune,pair,chauhoang_4909ad74_a335_4972_9+versil91_121ef6e9_0ded_4fc3_8c,5.731261444091756,5.776491832733122,0,"[0.2, 0.8]","[0.2, 0.8]",0.0,"{""chauhoang_4909ad74_a335_4972_9"": -5.776491832733122, ""versil91_121ef6e9_0ded_4fc3_8c"": -4.866674613952604}",chauhoang_4909ad74_a335_4972_9,continuous_primal_dual_psd,4,5.731261444091756,5.731261444091756,0.0,"[1.0, 5.551115123125783e-17]",primal=Optimization terminated successfully; dual=outer=Optimization terminated successfully; inner=Optimization terminated successfully,1,-41.280083407691464,41.280083407691464,5.731261444091755,
magnitude_prune,pair,laquythang_8444c3be_8779_4769+nblinh63_0eb73af3_0631_437a_ad,70.13749308586176,69.03332777023311,0,"[0.20000000000001006, 0.7999999999999899]","[0.4, 0.6]",5.312514305114746,"{""laquythang_8444c3be_8779_4769"": -69.03332777023311, ""nblinh63_0eb73af3_0631_437a_ad"": -60.352543067932096}",laquythang_8444c3be_8779_4769,continuous_primal_dual_psd,4,70.13749308586176,70.13749308586176,0.0,"[0.0, 1.0]",primal=Optimization terminated successfully; dual=outer=Optimization terminated successfully; inner=Optimization terminated successfully,1,-80.72912693023692,80.72912693023692,68.52291054725687,
magnitude_prune,pair,mrhunghd_9e58333c_df22_4a00_9c+mrhungddddh_9b1deaac_4565_48f2,42.12830521666318,39.47404928207394,0,"[0.3940586418509802, 0.6059413581490198]","[0.6, 0.4]",5.937504768371582,"{""mrhungddddh_9b1deaac_4565_48f2"": -39.47404928207394, ""mrhunghd_9e58333c_df22_4a00_9c"": -35.07501192092892}",mrhungddddh_9b1deaac_4565_48f2,continuous_primal_dual_psd,4,42.12830521666318,42.12830521666318,0.0,"[1.0, 0.0]",primal=Optimization terminated successfully; dual=outer=Optimization terminated successfully; inner=Optimization terminated successfully,0,184.9779486656188,0.0,42.12830521666318,
magnitude_prune,pair,datlaaaaaaa_cc1f8701_0976_4f48+chauhoang_2aa4f343_5524_f86e_b,39.90508773898226,25.283339691162077,0,"[0.37790119872914424, 0.6220988012708557]","[0.2, 0.8]",6.145811080932617,"{""chauhoang_2aa4f343_5524_f86e_b"": -21.341028881072965, ""datlaaaaaaa_cc1f8701_0976_4f48"": -25.283339691162077}",datlaaaaaaa_cc1f8701_0976_4f48,continuous_primal_dual_psd,4,39.90508773898226,39.90508773898226,0.0,"[0.0, 1.0]",primal=Optimization terminated successfully; dual=outer=Optimization terminated successfully; inner=Optimization terminated successfully,0,108.30953717231728,0.0,39.90508773898225,
magnitude_prune,pair,taronklm_trained_model+hongngo_9d92894f_7b7b_49e0_8f3,-16.358604732615127,-0.5296469860359051,1,"[0.5765282191232282, 0.42347178087677184]","[0.8, 0.2]",0.27079210831761036,"{""hongngo_9d92894f_7b7b_49e0_8f3"": 44.73704986572269, ""taronklm_trained_model"": 0.5296469860359051}",taronklm_trained_model,continuous_primal_dual_psd,4,-16.358604732615127,-16.358604732615127,0.0,"[1.0, 0.0]",primal=Optimization terminated successfully; dual=outer=Optimization terminated successfully; inner=Optimization terminated successfully,0,66.40613079071049,0.0,-16.358604732615113,
magnitude_prune,pair,thaffggg_8a78a9b2_d3fa_4615_b8+mrhunghddddd_d692685b_fdb4_477,109.30889077186585,75.28332777023311,0,"[0.2, 0.8]","[0.2, 0.8]",0.0,"{""mrhunghddddd_d692685b_fdb4_477"": -75.28332777023311, ""thaffggg_8a78a9b2_d3fa_4615_b8"": -60.964420509338346}",mrhunghddddd_d692685b_fdb4_477,continuous_primal_dual_psd,4,109.30889077186585,109.30889077186585,0.0,"[1.0, 0.0]",primal=Optimization terminated successfully; dual=outer=Optimization terminated successfully; inner=Optimization terminated successfully,1,-88.89660239219704,88.89660239219704,107.5309587240219,
magnitude_prune,pair,denbeo_d9ae91c0_fed9_4fb4_8ddd+nhung02_db2c9545_4607_487b_9cc,124.08827610015894,82.6034099578857,0,"[0.20000000000000298, 0.799999999999997]","[0.8, 0.2]",30.05683422088623,"{""denbeo_d9ae91c0_fed9_4fb4_8ddd"": -74.24165315628048, ""nhung02_db2c9545_4607_487b_9cc"": -82.6034099578857}",nhung02_db2c9545_4607_487b_9cc,continuous_primal_dual_psd,4,124.08827610015894,124.08827610015894,0.0,"[1.0, 0.0]",primal=Optimization terminated successfully; dual=outer=Optimization terminated successfully; inner=Optimization terminated successfully,1,-216.74662828445463,216.74662828445463,120.28146154880535,
magnitude_prune,pair,phungkhaccuong_a992b7f5_9d18_c+versil91_63cd5c4a_5a68_4c25_bd,6.020008397102323,3.2000095367431314,0,"[0.2, 0.8]","[0.2, 0.8]",0.0,"{""phungkhaccuong_a992b7f5_9d18_c"": -3.2000095367431314, ""versil91_63cd5c4a_5a68_4c25_bd"": -0.37741923575298003}",phungkhaccuong_a992b7f5_9d18_c,continuous_primal_dual_psd,4,6.020008397102323,6.020008397102323,0.0,"[1.0, 0.0]",primal=Optimization terminated successfully; dual=outer=Optimization terminated successfully; inner=Optimization terminated successfully,0,12.335294381820624,0.0,6.020008397102324,
magnitude_prune,pair,adammandic87_3d7a58a6_4380_4e3+nbninh_c4ae10ba_efe4_401e_8dd7,0.36621006928476674,5.955687236785856,0,"[0.2, 0.8]","[0.8, 0.2]",5.368590354919434,"{""adammandic87_3d7a58a6_4380_4e3"": -0.4869267013443503, ""nbninh_c4ae10ba_efe4_401e_8dd7"": -5.955687236785856}",nbninh_c4ae10ba_efe4_401e_8dd7,continuous_primal_dual_psd,4,0.36621006928476674,0.36621006928476674,0.0,"[1.0, 0.0]",primal=Optimization terminated successfully; dual=outer=Optimization terminated successfully; inner=Optimization terminated successfully,1,-10.129360098024513,10.129360098024513,0.1854641849842057,
magnitude_prune,pair,versil91_8444c3be_8779_4769_a0+cunghoctienganh_b7496e73_1762,-5.002484250068722,4.771974754333463,0,"[0.8, 0.19999999999999996]","[0.8, 0.2]",0.0,"{""cunghoctienganh_b7496e73_1762"": -4.771974754333463, ""versil91_8444c3be_8779_4769_a0"": -0.012505140887140023}",cunghoctienganh_b7496e73_1762,continuous_primal_dual_psd,4,-5.002484250068722,-5.002484250068722,0.0,"[1.0, 5.551115123125783e-17]",primal=Optimization terminated successfully; dual=outer=Optimization terminated successfully; inner=Optimization terminated successfully,0,8.71390104293822,0.0,-5.002484250068721,
magnitude_prune,pair,versil91_01a5620a_fb5f_4bab_94+phungkhaccuong_2b1522e6_bef2_7,-2.8143997222412604,0.338821873743466,0,"[0.5043773249671937, 0.4956226750328063]","[0.6, 0.4]",0.0,"{""phungkhaccuong_2b1522e6_bef2_7"": 10.332199859619173, ""versil91_01a5620a_fb5f_4bab_94"": -0.338821873743466}",versil91_01a5620a_fb5f_4bab_94,continuous_primal_dual_psd,4,-2.8143997222412604,-2.814399722241261,4.440892098500626e-16,"[0.955496957371164, 0.044503042628835955]",primal=Optimization terminated successfully; dual=outer=Optimization terminated successfully; inner=Optimization terminated successfully,0,11.824448671553627,0.0,-2.8143997222412604,
magnitude_prune,pair,duyphu_7aba420b_74ac_4209_b514+nhoxinh_2f944a50_cbd3_4334_af8,0.35467894877474393,12.371769618988004,0,"[0.4857728415922416, 0.5142271584077585]","[0.2, 0.8]",1.017618179321289,"{""duyphu_7aba420b_74ac_4209_b514"": -7.820490074157682, ""nhoxinh_2f944a50_cbd3_4334_af8"": -12.371769618988004}",nhoxinh_2f944a50_cbd3_4334_af8,continuous_primal_dual_psd,4,0.35467894877474393,0.35467894875537326,1.937067173329865e-11,"[0.5955138513752684, 0.4044861486247316]",primal=Optimization terminated successfully; dual=outer=Optimization terminated successfully; inner=Optimization terminated successfully,0,31.249821186065653,0.0,0.3546789487747448,
magnitude_prune,pair,tuanna08go_c1cf0152_7ae6_43b6+thaffggg_8c87f3d3_d4bb_475a_a8,27.5541669845581,6.680479717254606,0,"[0.20000000000000057, 0.7999999999999994]","[0.8, 0.2]",46.01399898529053,"{""thaffggg_8c87f3d3_d4bb_475a_a8"": -6.680479717254606, ""tuanna08go_c1cf0152_7ae6_43b6"": -4.260614585876432}",thaffggg_8c87f3d3_d4bb_475a_a8,continuous_primal_dual_psd,4,27.5541669845581,27.5541669845581,0.0,"[0.0, 1.0]",primal=Optimization terminated successfully; dual=outer=Optimization terminated successfully; inner=Optimization terminated successfully,1,-100.26052594184881,100.26052594184881,25.548956465721112,
magnitude_prune,pair,duyphu_4909ad74_a335_4972_9ed8+nhoxinh_9214fc0d_4490_4bdd_9ff,48.61458527528634,52.752748203277555,0,"[0.7379787119133913, 0.26202128808660874]","[0.8, 0.2]",0.0,"{""duyphu_4909ad74_a335_4972_9ed8"": -52.752748203277555, ""nhoxinh_9214fc0d_4490_4bdd_9ff"": -43.89273233413693}",duyphu_4909ad74_a335_4972_9ed8,continuous_primal_dual_psd,4,48.61458527528634,48.614585275286124,2.1316282072803006e-13,"[0.5952601773224392, 0.40473982267756087]",primal=Optimization terminated successfully; dual=outer=Optimization terminated successfully; inner=Optimization terminated successfully,0,19.530951976775995,0.0,48.614585275286345,
magnitude_prune,pair,duyphu_0112d9da_9934_4614_b233+mrhungddddh_fe499423_02f3_4cfd,19.91078812802934,24.184849929809538,0,"[0.7959377949833476, 0.2040622050166524]","[0.8, 0.2]",0.0,"{""duyphu_0112d9da_9934_4614_b233"": -24.184849929809538, ""mrhungddddh_fe499423_02f3_4cfd"": -15.36346979141232}",duyphu_0112d9da_9934_4614_b233,continuous_primal_dual_psd,4,19.91078812802934,19.910788128029083,2.5579538487363607e-13,"[0.5711621088233483, 0.42883789117665166]",primal=Optimization terminated successfully; dual=outer=Optimization terminated successfully; inner=Optimization terminated successfully,0,76.9409537315367,0.0,19.910788128029353,
magnitude_prune,pair,phungkhaccuong_731c6dec_a942_4+datlaaaaaaa_e8cccbe1_c136_409a,1.5675436618149579,8.304169845581022,0,"[0.4107257972804254, 0.5892742027195745]","[0.8, 0.2]",14.384472370147705,"{""datlaaaaaaa_e8cccbe1_c136_409a"": -6.722727489471403, ""phungkhaccuong_731c6dec_a942_4"": -8.304169845581022}",phungkhaccuong_731c6dec_a942_4,continuous_primal_dual_psd,4,1.5675436618149579,1.5675436617739802,4.097766570509975e-11,"[0.8348271647975172, 0.16517283520248283]",primal=Optimization terminated successfully; dual=outer=Optimization terminated successfully; inner=Optimization terminated successfully,1,-48.17709326744078,48.17709326744078,1.5675436618149579,
magnitude_prune,pair,hongngo_7e251dfc_e0f7_4f73_aae+nhung03_7b6cdc3c_7130_4c2c_a2c,60.75020022392274,42.669692707061735,0,"[0.7999999999999995, 0.2000000000000005]","[0.6, 0.4]",6.145834922790527,"{""hongngo_7e251dfc_e0f7_4f73_aae"": -42.669692707061735, ""nhung03_7b6cdc3c_7130_4c2c_a2c"": -33.14391679763791}",hongngo_7e251dfc_e0f7_4f73_aae,continuous_primal_dual_psd,4,60.75020022392274,60.75020022392274,0.0,"[0.0, 1.0]",primal=Optimization terminated successfully; dual=outer=Optimization terminated successfully; inner=Optimization terminated successfully,0,34.45476293563814,0.0,60.75020022392273,
magnitude_prune,pair,tuanna08go_7647f014_8af3_4266+nhoxinh_0c66c9c5_5cc2_46a8_9db,0.10867778697854225,0.6125060200389268,0,"[0.7999999999998931, 0.20000000000010687]","[0.8, 0.2]",0.0,"{""nhoxinh_0c66c9c5_5cc2_46a8_9db"": 3.098079490661654, ""tuanna08go_7647f014_8af3_4266"": -0.6125060200389268}",tuanna08go_7647f014_8af3_4266,continuous_primal_dual_psd,4,0.10867778697854225,0.10867778697854225,0.0,"[1.0, 0.0]",primal=Optimization terminated successfully; dual=outer=Optimization terminated successfully; inner=Optimization terminated successfully,0,4.648770540837184,0.0,0.10867778697854247,
magnitude_prune,pair,laquythang_efe15045_778f_4dfa+hongngo_687b8c72_c89b_4cb7_b7c,9.951732657023623,15.885022354125944,0,"[0.7782040289484117, 0.22179597105158833]","[0.4, 0.6]",20.55361270904541,"{""hongngo_687b8c72_c89b_4cb7_b7c"": -15.885022354125944, ""laquythang_efe15045_778f_4dfa"": -7.177272510528532}",hongngo_687b8c72_c89b_4cb7_b7c,continuous_primal_dual_psd,4,9.951732657023623,9.951732657023623,0.0,"[1.0, 0.0]",primal=Optimization terminated successfully; dual=outer=Optimization terminated successfully; inner=Optimization terminated successfully,0,58.59374999999998,0.0,9.951732657023623,
magnitude_prune,pair,adammandic87_f28f18cf_4abb_4db+versil91_474890ea_012d_4a25_96,-0.5812429666519499,0.34015483856197903,0,"[0.2, 0.8]","[0.2, 0.8]",0.0,"{""adammandic87_f28f18cf_4abb_4db"": -0.34015483856197903, ""versil91_474890ea_012d_4a25_96"": -0.23571087000416022}",adammandic87_f28f18cf_4abb_4db,continuous_primal_dual_psd,4,-0.5812429666519499,-0.5812429666519499,0.0,"[1.0, 0.0]",primal=Optimization terminated successfully; dual=outer=Optimization terminated successfully; inner=Optimization terminated successfully,1,-68.18175315856932,68.18175315856932,-0.5812429666519499,
magnitude_prune,pair,lhong4759_f68c5c87_934d_4399_b+phungkhaccuong_2b1522e6_bef2_7,17.348643016815164,23.14392633438107,0,"[0.2, 0.8]","[0.2, 0.8]",0.0,"{""lhong4759_f68c5c87_934d_4399_b"": -23.14392633438107, ""phungkhaccuong_2b1522e6_bef2_7"": -10.709479522705045}",lhong4759_f68c5c87_934d_4399_b,continuous_primal_dual_psd,4,17.348643016815164,17.348643016815164,0.0,"[0.0, 1.0]",primal=Optimization terminated successfully; dual=outer=Optimization terminated successfully; inner=Optimization terminated successfully,0,90.44498205184937,0.0,17.348643016815164,
magnitude_prune,pair,versil91_e9f26c47_9b78_4e3f_81+thaffggg_8c87f3d3_d4bb_475a_a8,1.475876683283376,2.3730868266556717,0,"[0.737647426654508, 0.262352573345492]","[0.8, 0.2]",0.0,"{""thaffggg_8c87f3d3_d4bb_475a_a8"": 1.4066546440124839, ""versil91_e9f26c47_9b78_4e3f_81"": -2.3730868266556717}",versil91_e9f26c47_9b78_4e3f_81,continuous_primal_dual_psd,4,1.475876683283376,1.475876683283376,0.0,"[1.0, 0.0]",primal=Optimization terminated successfully; dual=outer=Optimization terminated successfully; inner=Optimization terminated successfully,0,24.056507608506315,0.0,1.475876683283376,
magnitude_prune,pair,tuanna08go_c1cf0152_7ae6_43b6+chauhoang_4909ad74_a335_4972_9,32.46039278507231,7.869294357299772,0,"[0.7999999999999999, 0.20000000000000007]","[0.8, 0.2]",0.0,"{""chauhoang_4909ad74_a335_4972_9"": -2.8831393241881997, ""tuanna08go_c1cf0152_7ae6_43b6"": -7.869294357299772}",tuanna08go_c1cf0152_7ae6_43b6,continuous_primal_dual_psd,4,32.46039278507231,32.46039278507231,0.0,"[0.0, 1.0]",primal=Optimization terminated successfully; dual=outer=Optimization terminated successfully; inner=Optimization terminated successfully,1,-72.91659712791443,72.91659712791443,9.127081704139693,
magnitude_prune,pair,thaffggg_8a78a9b2_d3fa_4615_b8+denbeo_d9ae91c0_fed9_4fb4_8ddd,63.72407051294968,33.45640010833737,0,"[0.5410441207679497, 0.4589558792320503]","[0.6, 0.4]",0.0,"{""denbeo_d9ae91c0_fed9_4fb4_8ddd"": -22.05416269302365, ""thaffggg_8a78a9b2_d3fa_4615_b8"": -33.45640010833737}",thaffggg_8a78a9b2_d3fa_4615_b8,continuous_primal_dual_psd,4,63.72407051294968,63.72407051294968,0.0,"[0.0, 1.0]",primal=Optimization terminated successfully; dual=outer=Optimization terminated successfully; inner=Optimization terminated successfully,0,312.4999999999996,0.0,63.72407051294968,
magnitude_prune,pair,chauhoang_2aa4f343_5524_f86e_b+mrhungddddh_9b1deaac_4565_48f2,15.68436137226523,13.70481557846066,0,"[0.48860285950490495, 0.511397140495095]","[0.4, 0.6]",0.0,"{""chauhoang_2aa4f343_5524_f86e_b"": -6.4371854782104165, ""mrhungddddh_9b1deaac_4565_48f2"": -13.70481557846066}",mrhungddddh_9b1deaac_4565_48f2,continuous_primal_dual_psd,4,15.68436137226523,15.68436137226523,0.0,"[1.0, 0.0]",primal=Optimization terminated successfully; dual=outer=Optimization terminated successfully; inner=Optimization terminated successfully,0,181.93662166595456,0.0,15.68436137226523,
magnitude_prune,triple,datlaaaaaaa_cc1f8701_0976_4f48+nbninh_c4ae10ba_efe4_401e_8dd7+thaffggg_8c87f3d3_d4bb_475a_a8,28.839281771339728,11.45174808502194,0,"[0.2, 0.22524851000055982, 0.5747514899994401]","[0.2, 0.6, 0.2]",20.498239994049072,"{""datlaaaaaaa_cc1f8701_0976_4f48"": -2.5749952316283853, ""nbninh_c4ae10ba_efe4_401e_8dd7"": -11.45174808502194, ""thaffggg_8c87f3d3_d4bb_475a_a8"": -2.7585775375365884}",nbninh_c4ae10ba_efe4_401e_8dd7,continuous_primal_dual_psd,6,28.839281771339728,28.839281771319133,2.0595081196006504e-11,"[0.7710274314098614, 0.0, 0.22897256859013854]",primal=Optimization terminated successfully; dual=outer=Optimization terminated successfully; inner=Optimization terminated successfully,1,-208.1342807837184,208.13428078371842,28.83928177133972,
magnitude_prune,triple,taronklm_trained_model+phungkhaccuong_a992b7f5_9d18_c+versil91_474890ea_012d_4a25_96,-22.677797892804925,-0.6948329609233725,1,"[0.49213879066949845, 0.20000000000002824, 0.30786120933047334]","[0.6, 0.2, 0.2]",0.3431429696328226,"{""phungkhaccuong_a992b7f5_9d18_c"": 74.92500238418582, ""taronklm_trained_model"": 0.6948329609233725, ""versil91_474890ea_012d_4a25_96"": 38.33570555667724}",taronklm_trained_model,continuous_primal_dual_psd,6,-22.677797892804925,-22.677797892804925,0.0,"[0.0, 1.0, 0.0]",primal=Optimization terminated successfully; dual=outer=Optimization terminated successfully; inner=Optimization terminated successfully,1,-210.61989168110554,210.6198916811055,-31.052340273191327,
magnitude_prune,triple,versil91_01a5620a_fb5f_4bab_94+nhung02_db2c9545_4607_487b_9cc+nhung03_7b6cdc3c_7130_4c2c_a2c,66.1556817573866,18.200019073486295,0,"[0.2, 0.2, 0.6]","[0.6, 0.2, 0.2]",16.13636016845703,"{""nhung02_db2c9545_4607_487b_9cc"": -18.200019073486295, ""nhung03_7b6cdc3c_7130_4c2c_a2c"": -9.425976943969694, ""versil91_01a5620a_fb5f_4bab_94"": -5.028025733815842}",nhung02_db2c9545_4607_487b_9cc,continuous_primal_dual_psd,6,66.1556817573866,66.15568175725036,1.362394641546416e-10,"[0.0, 5.3404942795522355e-12, 0.9999999999946596]",primal=Optimization terminated successfully; dual=outer=Optimization terminated successfully; inner=Optimization terminated successfully,1,-351.92248696103104,351.9224869610311,52.08257741928102,
magnitude_prune,triple,chauhoang_2aa4f343_5524_f86e_b+phungkhaccuong_731c6dec_a942_4+mrhunghd_9e58333c_df22_4a00_9c,52.29863543230161,12.214437198638883,0,"[0.20000000000008533, 0.2664628205710425, 0.5335371794288721]","[0.4, 0.4, 0.2]",13.878190517425537,"{""chauhoang_2aa4f343_5524_f86e_b"": -2.5269300460815103, ""mrhunghd_9e58333c_df22_4a00_9c"": -11.533334922790495, ""phungkhaccuong_731c6dec_a942_4"": -12.214437198638883}",phungkhaccuong_731c6dec_a942_4,continuous_primal_dual_psd,6,52.29863543230161,52.29863543230161,0.0,"[1.0, 0.0, 0.0]",primal=Optimization terminated successfully; dual=outer=Optimization terminated successfully; inner=Optimization terminated successfully,1,-842.1533154149588,842.1533154149588,22.764119458202472,
magnitude_prune,triple,versil91_e9f26c47_9b78_4e3f_81+tuanna08go_c1cf0152_7ae6_43b6+hongngo_9d92894f_7b7b_49e0_8f3,4.826846584734241,2.200005722067718,0,"[0.31129303140108766, 0.47850016164089526, 0.21020680695801708]","[0.4, 0.4, 0.2]",0.0,"{""hongngo_9d92894f_7b7b_49e0_8f3"": 2.2020786285400717, ""tuanna08go_c1cf0152_7ae6_43b6"": -1.850929927825895, ""versil91_e9f26c47_9b78_4e3f_81"": -2.200005722067718}",versil91_e9f26c47_9b78_4e3f_81,continuous_primal_dual_psd,6,4.826846584734241,4.826846584706104,2.8137492336099967e-11,"[0.0, 0.5244879257868325, 0.4755120742131675]",primal=Optimization terminated successfully; dual=outer=Optimization terminated successfully; inner=Optimization terminated successfully,1,-102.63243554619312,102.63243554619312,4.8268465847342465,
magnitude_prune,triple,chauhoang_4909ad74_a335_4972_9+hongngo_7e251dfc_e0f7_4f73_aae+nhung02_08157847_d833_4d45_90f,59.279692001496265,20.217040252685514,0,"[0.2, 0.2, 0.6]","[0.4, 0.4, 0.2]",5.303025245666504,"{""chauhoang_4909ad74_a335_4972_9"": -10.048773956298795, ""hongngo_7e251dfc_e0f7_4f73_aae"": -20.217040252685514, ""nhung02_08157847_d833_4d45_90f"": -16.236868572235075}",hongngo_7e251dfc_e0f7_4f73_aae,continuous_primal_dual_psd,6,59.279692001496265,59.27969200149455,1.7124079931818414e-12,"[0.9999999999999423, 5.774717224798153e-14, 0.0]",primal=Positive directional derivative for linesearch; dual=outer=Optimization terminated successfully; inner=Optimization terminated successfully,1,-493.1583961628263,493.15839616282625,41.84582538604736,
magnitude_prune,triple,duyphu_0112d9da_9934_4614_b233+nhoxinh_9214fc0d_4490_4bdd_9ff+datlaaaaaaa_0dbe42c8_b07b_4785,47.78617511814729,22.494879436492887,0,"[0.2, 0.2, 0.6]","[0.4, 0.2, 0.4]",6.850957870483398,"{""datlaaaaaaa_0dbe42c8_b07b_4785"": -12.599042129516569, ""duyphu_0112d9da_9934_4614_b233"": -20.401361656188932, ""nhoxinh_9214fc0d_4490_4bdd_9ff"": -22.494879436492887}",nhoxinh_9214fc0d_4490_4bdd_9ff,continuous_primal_dual_psd,6,47.78617511814729,47.78617511814729,0.0,"[0.0, 0.0, 1.0]",primal=Optimization terminated successfully; dual=outer=Optimization terminated successfully; inner=Optimization terminated successfully,1,-629.4429388581439,629.4429388581439,23.086360168456984,
magnitude_prune,triple,laquythang_8444c3be_8779_4769+cunghoctienganh_b7496e73_1762+nblinh63_0eb73af3_0631_437a_ad,75.56798169219519,93.11477251052852,0,"[0.22802626947752383, 0.2000000000000012, 0.571973730522475]","[0.2, 0.2, 0.6]",0.0,"{""cunghoctienganh_b7496e73_1762"": -93.11477251052852, ""laquythang_8444c3be_8779_4769"": -81.74165792465206, ""nblinh63_0eb73af3_0631_437a_ad"": -55.992844772338835}",cunghoctienganh_b7496e73_1762,continuous_primal_dual_psd,6,75.56798169219519,75.56798169219381,1.3784529073745944e-12,"[0.0, 0.6474961523824027, 0.3525038476175974]",primal=Optimization terminated successfully; dual=outer=Optimization terminated successfully; inner=Optimization terminated successfully,1,-754.9836307342587,754.9836307342587,72.21787484589385,
magnitude_prune,triple,duyphu_7aba420b_74ac_4209_b514+cunghoctienganh_c1cf0152_7ae6+phungkhaccuong_2b1522e6_bef2_7,16.974882817691924,-3.267809677124056,1,"[0.2, 0.2, 0.6]","[0.2, 0.4, 0.4]",5.938243865966797,"{""cunghoctienganh_c1cf0152_7ae6"": 10.237500000000033, ""duyphu_7aba420b_74ac_4209_b514"": 5.517217445373568, ""phungkhaccuong_2b1522e6_bef2_7"": 3.267809677124056}",phungkhaccuong_2b1522e6_bef2_7,continuous_primal_dual_psd,6,16.974882817691924,16.974882817691924,0.0,"[0.0, 0.0, 1.0]",primal=Optimization terminated successfully; dual=outer=Optimization terminated successfully; inner=Optimization terminated successfully,1,-367.70845278778717,367.70845278778717,6.974044513702381,
magnitude_prune,triple,nhoxinh_0c66c9c5_5cc2_46a8_9db+mrhungddddh_911f6275_22fd_4f41+mrhunghddddd_d692685b_fdb4_477,21.17990339653153,24.554160308837858,0,"[0.20000000000012813, 0.5690250808765489, 0.23097491912332302]","[0.2, 0.6, 0.2]",0.0,"{""mrhungddddh_911f6275_22fd_4f41"": -24.554160308837858, ""mrhunghddddd_d692685b_fdb4_477"": -14.762499999999967, ""nhoxinh_0c66c9c5_5cc2_46a8_9db"": -16.349032592773405}",mrhungddddh_911f6275_22fd_4f41,continuous_primal_dual_psd,6,21.17990339653153,21.17990339653153,0.0,"[0.0, 0.0, 1.0]",primal=Optimization terminated successfully; dual=outer=Optimization terminated successfully; inner=Optimization terminated successfully,1,-116.52316576139374,116.52316576139374,21.17990339653157,
magnitude_prune,triple,adammandic87_3d7a58a6_4380_4e3+laquythang_efe15045_778f_4dfa+versil91_63cd5c4a_5a68_4c25_bd,1.0663352348676938,-1.2032342615391889,1,"[0.2, 0.2, 0.6]","[0.2, 0.4, 0.4]",0.8064574481045182,"{""adammandic87_3d7a58a6_4380_4e3"": 2.9101677209262222, ""laquythang_efe15045_778f_4dfa"": 2.197715568542513, ""versil91_63cd5c4a_5a68_4c25_bd"": 1.2032342615391889}",versil91_63cd5c4a_5a68_4c25_bd,continuous_primal_dual_psd,6,1.0663352348676938,1.0663352348676938,0.0,"[1.0, 0.0, 0.0]",primal=Optimization terminated successfully; dual=outer=Optimization terminated successfully; inner=Optimization terminated successfully,1,-30.97814140371064,30.978141403710637,0.2220711088629249,
magnitude_prune,triple,thaffggg_8a78a9b2_d3fa_4615_b8+nhoxinh_2f944a50_cbd3_4334_af8+versil91_121ef6e9_0ded_4fc3_8c,12.6665115503496,10.026934814453092,0,"[0.20000000000000712, 0.2154290466350814, 0.5845709533649115]","[0.2, 0.6, 0.2]",0.9331226348876953,"{""nhoxinh_2f944a50_cbd3_4334_af8"": -10.026934814453092, ""thaffggg_8a78a9b2_d3fa_4615_b8"": -5.131092739105192, ""versil91_121ef6e9_0ded_4fc3_8c"": -5.075004768371549}",nhoxinh_2f944a50_cbd3_4334_af8,continuous_primal_dual_psd,6,12.6665115503496,12.66651155034959,1.0658141036401503e-14,"[0.9637476656601717, 0.03625233433982826, 0.0]",primal=Optimization terminated successfully; dual=outer=Optimization terminated successfully; inner=Optimization terminated successfully,1,-228.86816608664788,228.8681660866479,12.666511550349599,
magnitude_prune,triple,versil91_8444c3be_8779_4769_a0+tuanna08go_6af2bb68_a65f_4331+mrhungddddh_fe499423_02f3_4cfd,35.87846965991058,0.7624988824158521,0,"[0.2611684250055298, 0.20000000000001422, 0.538831574994456]","[0.4, 0.4, 0.2]",12.229159042236216,"{""mrhungddddh_fe499423_02f3_4cfd"": 0.1333444595337241, ""tuanna08go_6af2bb68_a65f_4331"": -0.7148145887586819, ""versil91_8444c3be_8779_4769_a0"": -0.7624988824158521}",versil91_8444c3be_8779_4769_a0,continuous_primal_dual_psd,6,35.87846965991058,35.87846965990933,1.2505552149377763e-12,"[1.883839166548586e-14, 0.6946803904186798, 0.3053196095813013]",primal=Optimization terminated successfully; dual=outer=Optimization terminated successfully; inner=Optimization terminated successfully,1,-375.6147254027119,375.79002305983306,35.71514257660129,
magnitude_prune,triple,duyphu_4909ad74_a335_4972_9ed8+nbninh_a1f78795_1b61_4923_9235+hongngo_687b8c72_c89b_4cb7_b7c,7.4917271657156945,20.426109504699674,0,"[0.2, 0.44111825333027704, 0.35888174666972295]","[0.2, 0.2, 0.6]",2.2341132164001465,"{""duyphu_4909ad74_a335_4972_9ed8"": -18.301263523101774, ""hongngo_687b8c72_c89b_4cb7_b7c"": -20.426109504699674, ""nbninh_a1f78795_1b61_4923_9235"": -19.781437587738004}",hongngo_687b8c72_c89b_4cb7_b7c,continuous_primal_dual_psd,6,7.4917271657156945,7.491727165715213,4.813927034774679e-13,"[0.6760716443755448, 0.0, 0.3239283556244553]",primal=Optimization terminated successfully; dual=outer=Optimization terminated successfully; inner=Optimization terminated successfully,1,-79.9036576361382,79.90365763613818,7.491727165715705,
magnitude_prune,triple,tuanna08go_7647f014_8af3_4266+nbninh_0d8b128b_8753_46c3_b80f+mrhungddddh_9b1deaac_4565_48f2,1.5193770102667905,0.9280914739763562,0,"[0.41279235376885476, 0.3872076462311355, 0.20000000000000973]","[0.6, 0.2, 0.2]",0.513599694788442,"{""mrhungddddh_9b1deaac_4565_48f2"": 12.833639907836947, ""nbninh_0d8b128b_8753_46c3_b80f"": 18.43460493087772, ""tuanna08go_7647f014_8af3_4266"": -0.9280914739763562}",tuanna08go_7647f014_8af3_4266,continuous_primal_dual_psd,6,1.5193770102667905,1.5193770102663415,4.489741911584133e-13,"[0.6905712565820105, 0.3094287434179894, 0.0]",primal=Optimization terminated successfully; dual=outer=Optimization terminated successfully; inner=Optimization terminated successfully,1,-76.02698240917859,76.02698240917859,1.519377010266794,
magnitude_prune,triple,cunghoctienganh_4909ad74_a335+datlaaaaaaa_e8cccbe1_c136_409a+adammandic87_f28f18cf_4abb_4db,27.857229215157243,18.285229873657194,0,"[0.20000000000001422, 0.2, 0.5999999999999858]","[0.2, 0.2, 0.6]",0.0,"{""adammandic87_f28f18cf_4abb_4db"": -7.547333908081022, ""cunghoctienganh_4909ad74_a335"": -5.387499999999967, ""datlaaaaaaa_e8cccbe1_c136_409a"": -18.285229873657194}",datlaaaaaaa_e8cccbe1_c136_409a,continuous_primal_dual_psd,6,27.857229215157243,27.857229215153254,3.9896974612929625e-12,"[0.9999999999994054, 0.0, 5.945244296864178e-13]",primal=Optimization terminated successfully; dual=outer=Optimization terminated successfully; inner=Optimization terminated successfully,1,-404.5668130270209,404.5668130270209,14.791646671295819,
magnitude_prune,triple,lhong4759_f68c5c87_934d_4399_b+phungkhaccuong_731c6dec_a942_4+denbeo_d9ae91c0_fed9_4fb4_8ddd,78.27965427627036,13.38430948257443,0,"[0.2, 0.2, 0.6]","[0.2, 0.6, 0.2]",21.85896635055542,"{""denbeo_d9ae91c0_fed9_4fb4_8ddd"": -1.6935855865478189, ""lhong4759_f68c5c87_934d_4399_b"": -11.693599891662565, ""phungkhaccuong_731c6dec_a942_4"": -13.38430948257443}",phungkhaccuong_731c6dec_a942_4,continuous_primal_dual_psd,6,78.27965427627036,78.279654276269,1.3642420526593924e-12,"[1.1076470687580761e-13, 0.0, 0.9999999999998892]",primal=Positive directional derivative for linesearch; dual=outer=Optimization terminated successfully; inner=Optimization terminated successfully,1,-649.7919086556485,649.7919086556486,58.6545617103577,
magnitude_prune,triple,thaffggg_8a78a9b2_d3fa_4615_b8+denbeo_d9ae91c0_fed9_4fb4_8ddd+thaffggg_8c87f3d3_d4bb_475a_a8,153.33613493911605,57.33608312606808,0,"[0.20000000000012796, 0.20000000000002843, 0.5999999999998435]","[0.6, 0.2, 0.2]",10.43270826339721,"{""denbeo_d9ae91c0_fed9_4fb4_8ddd"": -44.40993375778195, ""thaffggg_8a78a9b2_d3fa_4615_b8"": -49.257686805725065, ""thaffggg_8c87f3d3_d4bb_475a_a8"": -57.33608312606808}",thaffggg_8c87f3d3_d4bb_475a_a8,continuous_primal_dual_psd,6,153.33613493911605,153.33613493911605,0.0,"[1.0, 0.0, 0.0]",primal=Optimization terminated successfully; dual=outer=Optimization terminated successfully; inner=Optimization terminated successfully,1,-1464.0428493627169,1464.0428493627169,99.98032159804286,
magnitude_prune,triple,tuanna08go_6af2bb68_a65f_4331+datlaaaaaaa_cc1f8701_0976_4f48+mrhunghddddd_d692685b_fdb4_477,22.453394603729052,14.241650772094694,0,"[0.6, 0.2, 0.19999999999999996]","[0.6, 0.2, 0.2]",0.0,"{""datlaaaaaaa_cc1f8701_0976_4f48"": -14.241650772094694, ""mrhunghddddd_d692685b_fdb4_477"": -9.97084684371945, ""tuanna08go_6af2bb68_a65f_4331"": -1.5962961832682305}",datlaaaaaaa_cc1f8701_0976_4f48,continuous_primal_dual_psd,6,22.453394603729052,22.453394603729052,0.0,"[1.0, 0.0, 0.0]",primal=Optimization terminated successfully; dual=outer=Optimization terminated successfully; inner=Optimization terminated successfully,1,-112.40901844873251,112.40901844873248,18.816271495819127,
magnitude_prune,triple,taronklm_trained_model+nbninh_0d8b128b_8753_46c3_b80f+mrhunghd_9e58333c_df22_4a00_9c,-38.973258463353574,-0.4973480916759133,1,"[0.5235034969334322, 0.20000000000000004, 0.2764965030665677]","[0.6, 0.2, 0.2]",0.0,"{""mrhunghd_9e58333c_df22_4a00_9c"": 50.13333253860477, ""nbninh_0d8b128b_8753_46c3_b80f"": 51.888129043579134, ""taronklm_trained_model"": 0.4973480916759133}",taronklm_trained_model,continuous_primal_dual_psd,6,-38.973258463353574,-38.973258463353574,0.0,"[1.0, 0.0, 0.0]",primal=Optimization terminated successfully; dual=outer=Optimization terminated successfully; inner=Optimization terminated successfully,1,-128.81443564904177,128.81443564904174,-39.803864148783575,
magnitude_prune,triple,duyphu_4909ad74_a335_4972_9ed8+nbninh_c4ae10ba_efe4_401e_8dd7+mrhungddddh_9b1deaac_4565_48f2,-0.22368472942074824,7.740357589721647,0,"[0.2793265868214508, 0.3980591042892408, 0.3226143088893084]","[0.4, 0.4, 0.2]",1.443040370941162,"{""duyphu_4909ad74_a335_4972_9ed8"": -5.282607746124235, ""mrhungddddh_9b1deaac_4565_48f2"": 1.8721073150635092, ""nbninh_c4ae10ba_efe4_401e_8dd7"": -7.740357589721647}",nbninh_c4ae10ba_efe4_401e_8dd7,continuous_primal_dual_psd,6,-0.22368472942074824,-0.22368472948985857,6.91103285710426e-11,"[0.04286737446463189, 0.9571326255353682, 0.0]",primal=Optimization terminated successfully; dual=outer=Optimization terminated successfully; inner=Optimization terminated successfully,1,-187.7980118453661,187.79801184536612,-0.2236847294929537,
magnitude_prune,triple,cunghoctienganh_c1cf0152_7ae6+nbninh_a1f78795_1b61_4923_9235+hongngo_7e251dfc_e0f7_4f73_aae,22.560445285631033,7.802274894714323,0,"[0.6000000000000598, 0.20000000000002638, 0.1999999999999138]","[0.6, 0.2, 0.2]",0.0,"{""cunghoctienganh_c1cf0152_7ae6"": -0.5958468437194497, ""hongngo_7e251dfc_e0f7_4f73_aae"": -7.385602664947477, ""nbninh_a1f78795_1b61_4923_9235"": -7.802274894714323}",nbninh_a1f78795_1b61_4923_9235,continuous_primal_dual_psd,6,22.560445285631033,22.560445285631033,0.0,"[1.0, 0.0, 0.0]",primal=Optimization terminated successfully; dual=outer=Optimization terminated successfully; inner=Optimization terminated successfully,1,-122.21630060594221,122.21630060594225,6.239774894709546,
magnitude_prune,triple,versil91_01a5620a_fb5f_4bab_94+versil91_e9f26c47_9b78_4e3f_81+duyphu_7aba420b_74ac_4209_b514,1.1482712243751014,1.5668422698974283,0,"[0.26482775663287744, 0.2, 0.5351722433671225]","[0.4, 0.4, 0.2]",15.340912342071533,"{""duyphu_7aba420b_74ac_4209_b514"": -1.5668422698974283, ""versil91_01a5620a_fb5f_4bab_94"": -1.1791164053075995, ""versil91_e9f26c47_9b78_4e3f_81"": -1.4500028610338547}",duyphu_7aba420b_74ac_4209_b514,continuous_primal_dual_psd,6,1.1482712243751014,1.1482712243749134,1.8807178037150152e-13,"[0.5076694203433132, 0.4923305796566869, 0.0]",primal=Optimization terminated successfully; dual=outer=Optimization terminated successfully; inner=Optimization terminated successfully,1,-42.22652032685134,42.93608281294495,1.1338123222061527,
magnitude_prune,triple,nhung02_db2c9545_4607_487b_9cc+datlaaaaaaa_0dbe42c8_b07b_4785+datlaaaaaaa_e8cccbe1_c136_409a,50.311880980913074,37.432947826385465,0,"[0.20000000000002055, 0.20000000000001422, 0.5999999999999652]","[0.2, 0.6, 0.2]",11.05114221572876,"{""datlaaaaaaa_0dbe42c8_b07b_4785"": -13.720837306976286, ""datlaaaaaaa_e8cccbe1_c136_409a"": -32.74545974731442, ""nhung02_db2c9545_4607_487b_9cc"": -37.432947826385465}",nhung02_db2c9545_4607_487b_9cc,continuous_primal_dual_psd,6,50.311880980913074,50.311880980913074,0.0,"[0.0, 1.0, 0.0]",primal=Optimization terminated successfully; dual=outer=Optimization terminated successfully; inner=Optimization terminated successfully,1,-349.7886623633225,349.7886623633225,38.99544782638584,
magnitude_prune,triple,cunghoctienganh_4909ad74_a335+nhoxinh_0c66c9c5_5cc2_46a8_9db+nhung02_08157847_d833_4d45_90f,51.940599155426,36.46923608779904,0,"[0.2, 0.2, 0.6]","[0.4, 0.2, 0.4]",5.264437198638916,"{""cunghoctienganh_4909ad74_a335"": -33.92917222976681, ""nhoxinh_0c66c9c5_5cc2_46a8_9db"": -36.46923608779904, ""nhung02_08157847_d833_4d45_90f"": -28.969219398498502}",nhoxinh_0c66c9c5_5cc2_46a8_9db,continuous_primal_dual_psd,6,51.940599155426,51.94059915542599,7.105427357601002e-15,"[0.0, 2.5266036112891192e-15, 0.9999999999999974]",primal=Optimization terminated successfully; dual=outer=Optimization terminated successfully; inner=Optimization terminated successfully,1,-496.21417108604373,496.21417108604373,46.14653892517087,
magnitude_prune,triple,chauhoang_4909ad74_a335_4972_9+mrhungddddh_fe499423_02f3_4cfd+mrhungddddh_911f6275_22fd_4f41,32.252299925902406,40.595832538604704,0,"[0.23252967195523386, 0.2, 0.5674703280447662]","[0.4, 0.4, 0.2]",1.5865445137023926,"{""chauhoang_4909ad74_a335_4972_9"": -22.651496601104704, ""mrhungddddh_911f6275_22fd_4f41"": -40.595832538604704, ""mrhungddddh_fe499423_02f3_4cfd"": -36.86988658905026}",mrhungddddh_911f6275_22fd_4f41,continuous_primal_dual_psd,6,32.252299925902406,32.252299925902314,9.237055564881302e-14,"[0.9999999999999485, 0.0, 5.1458837191373355e-14]",primal=Optimization terminated successfully; dual=outer=Optimization terminated successfully; inner=Optimization terminated successfully,1,-174.66882774919665,174.66882774919668,32.252299925902406,
magnitude_prune,triple,laquythang_efe15045_778f_4dfa+phungkhaccuong_2b1522e6_bef2_7+phungkhaccuong_a992b7f5_9d18_c,22.176518511149307,18.65455217361447,0,"[0.2, 0.2, 0.6]","[0.2, 0.6, 0.2]",17.386364936828613,"{""laquythang_efe15045_778f_4dfa"": -18.65455217361447, ""phungkhaccuong_2b1522e6_bef2_7"": -10.359087657928434, ""phungkhaccuong_a992b7f5_9d18_c"": -11.533334922790495}",laquythang_efe15045_778f_4dfa,continuous_primal_dual_psd,6,22.176518511149307,22.176518511149307,0.0,"[0.0, 0.0, 1.0]",primal=Optimization terminated successfully; dual=outer=Optimization terminated successfully; inner=Optimization terminated successfully,1,-479.9805553467787,479.9805553467788,18.592622947692885,
magnitude_prune,triple,adammandic87_3d7a58a6_4380_4e3+cunghoctienganh_b7496e73_1762+hongngo_687b8c72_c89b_4cb7_b7c,12.907847314298026,20.87991542816159,0,"[0.6, 0.2, 0.19999999999999996]","[0.6, 0.2, 0.2]",0.0,"{""adammandic87_3d7a58a6_4380_4e3"": -1.2254211034423028, ""cunghoctienganh_b7496e73_1762"": -20.87991542816159, ""hongngo_687b8c72_c89b_4cb7_b7c"": -17.608514499664274}",cunghoctienganh_b7496e73_1762,continuous_primal_dual_psd,6,12.907847314298026,12.907847314298026,0.0,"[0.0, 0.0, 1.0]",primal=Optimization terminated successfully; dual=outer=Optimization terminated successfully; inner=Optimization terminated successfully,1,-224.7284111846772,224.72841118467719,2.2981770593825646,
magnitude_prune,triple,versil91_8444c3be_8779_4769_a0+duyphu_0112d9da_9934_4614_b233+versil91_474890ea_012d_4a25_96,7.07478813897318,2.9872924804687173,0,"[0.21501355540684994, 0.2014685969649715, 0.5835178476281786]","[0.2, 0.2, 0.6]",0.0,"{""duyphu_0112d9da_9934_4614_b233"": -2.9872924804687173, ""versil91_474890ea_012d_4a25_96"": -1.1642785033420984, ""versil91_8444c3be_8779_4769_a0"": -0.918749664724763}",duyphu_0112d9da_9934_4614_b233,continuous_primal_dual_psd,6,7.07478813897318,7.074788138964475,8.705036691480927e-12,"[0.6429262075389819, 0.09424191120461745, 0.2628318812564006]",primal=Optimization terminated successfully; dual=outer=Optimization terminated successfully; inner=Optimization terminated successfully,1,-131.83176735459244,131.83176735459244,6.638376383104584,
magnitude_prune,triple,tuanna08go_7647f014_8af3_4266+nhoxinh_9214fc0d_4490_4bdd_9ff+versil91_63cd5c4a_5a68_4c25_bd,4.520834826485902,5.198112201690641,0,"[0.2, 0.2, 0.6]","[0.6, 0.2, 0.2]",2.1787524223327637,"{""nhoxinh_9214fc0d_4490_4bdd_9ff"": -5.198112201690641, ""tuanna08go_7647f014_8af3_4266"": -1.2256892282221763, ""versil91_63cd5c4a_5a68_4c25_bd"": -0.21612700780048427}",nhoxinh_9214fc0d_4490_4bdd_9ff,continuous_primal_dual_psd,6,4.520834826485902,4.520834826485902,0.0,"[0.0, 0.0, 1.0]",primal=Optimization terminated successfully; dual=outer=Optimization terminated successfully; inner=Optimization terminated successfully,1,-210.35138135033728,210.35138135033725,1.0556533584826497,
magnitude_prune,triple,tuanna08go_c1cf0152_7ae6_43b6+hongngo_9d92894f_7b7b_49e0_8f3+nblinh63_0eb73af3_0631_437a_ad,44.65836591720579,11.718359661102262,0,"[0.2, 0.20000000000000018, 0.5999999999999999]","[0.6, 0.2, 0.2]",23.85927438735962,"{""hongngo_9d92894f_7b7b_49e0_8f3"": -10.236719322204557, ""nblinh63_0eb73af3_0631_437a_ad"": -11.718359661102262, ""tuanna08go_c1cf0152_7ae6_43b6"": -8.460787010192838}",nblinh63_0eb73af3_0631_437a_ad,continuous_primal_dual_psd,6,44.65836591720579,44.65836591720579,0.0,"[0.0, 0.0, 1.0]",primal=Optimization terminated successfully; dual=outer=Optimization terminated successfully; inner=Optimization terminated successfully,1,-194.0384188484314,194.2510813665905,37.47083253860475,
magnitude_prune,triple,chauhoang_2aa4f343_5524_f86e_b+nhoxinh_2f944a50_cbd3_4334_af8+nhung03_7b6cdc3c_7130_4c2c_a2c,57.23041740318487,27.627459239959684,0,"[0.22355060935944007, 0.2, 0.5764493906405599]","[0.2, 0.6, 0.2]",12.543690204620361,"{""chauhoang_2aa4f343_5524_f86e_b"": -24.345830154418913, ""nhoxinh_2f944a50_cbd3_4334_af8"": -27.627459239959684, ""nhung03_7b6cdc3c_7130_4c2c_a2c"": -13.825014305114713}",nhoxinh_2f944a50_cbd3_4334_af8,continuous_primal_dual_psd,6,57.23041740318487,57.230417403184575,2.984279490192421e-13,"[0.35205099297873577, 0.6479490070212026, 6.160873438853929e-14]",primal=Optimization terminated successfully; dual=outer=Optimization terminated successfully; inner=Optimization terminated successfully,1,-638.7523295195956,638.7523295195956,56.07497093225386,
magnitude_prune,triple,laquythang_8444c3be_8779_4769+adammandic87_f28f18cf_4abb_4db+versil91_121ef6e9_0ded_4fc3_8c,33.411255550384496,18.199995231628385,0,"[0.2, 0.2, 0.6]","[0.2, 0.4, 0.4]",1.0416626930236816,"{""adammandic87_f28f18cf_4abb_4db"": -4.687467288970915, ""laquythang_8444c3be_8779_4769"": -15.699997615814176, ""versil91_121ef6e9_0ded_4fc3_8c"": -18.199995231628385}",versil91_121ef6e9_0ded_4fc3_8c,continuous_primal_dual_psd,6,33.411255550384496,33.41125555037958,4.916955731459893e-12,"[0.9999999999994382, 5.618838727624761e-13, 0.0]",primal=Optimization terminated successfully; dual=outer=Optimization terminated successfully; inner=Optimization terminated successfully,1,-746.9736874593477,748.7597454874573,24.65834922790525,
magnitude_prune,triple,lhong4759_f68c5c87_934d_4399_b+nhoxinh_0c66c9c5_5cc2_46a8_9db+nblinh63_0eb73af3_0631_437a_ad,98.98125834465023,48.712828826904264,0,"[0.2, 0.2, 0.6]","[0.4, 0.2, 0.4]",10.072100162506104,"{""lhong4759_f68c5c87_934d_4399_b"": -48.712828826904264, ""nblinh63_0eb73af3_0631_437a_ad"": -29.854276847839323, ""nhoxinh_0c66c9c5_5cc2_46a8_9db"": -41.13269157409665}",lhong4759_f68c5c87_934d_4399_b,continuous_primal_dual_psd,6,98.98125834465023,98.98125834465023,0.0,"[0.0, 0.0, 1.0]",primal=Optimization terminated successfully; dual=outer=Optimization terminated successfully; inner=Optimization terminated successfully,1,-1093.1036226406486,1093.6479522295938,57.6318056106568,
magnitude_prune,triple,taronklm_trained_model+laquythang_efe15045_778f_4dfa+phungkhaccuong_2b1522e6_bef2_7,-19.195689391696433,-0.3768419379634888,1,"[0.5451573902757252, 0.20000000000003137, 0.25484260972424344]","[0.6, 0.2, 0.2]",0.0,"{""laquythang_efe15045_778f_4dfa"": 63.95908288955692, ""phungkhaccuong_2b1522e6_bef2_7"": 37.77063779830936, ""taronklm_trained_model"": 0.3768419379634888}",taronklm_trained_model,continuous_primal_dual_psd,6,-19.195689391696433,-19.195689391696433,0.0,"[0.0, 1.0, 0.0]",primal=Optimization terminated successfully; dual=outer=Optimization terminated successfully; inner=Optimization terminated successfully,1,-449.7828249461225,449.7828249461225,-35.03635103538563,
magnitude_prune,triple,phungkhaccuong_731c6dec_a942_4+hongngo_9d92894f_7b7b_49e0_8f3+versil91_474890ea_012d_4a25_96,7.47136892201557,6.581428718566862,0,"[0.2897079313577368, 0.20000000000004986, 0.5102920686422133]","[0.2, 0.2, 0.6]",0.0,"{""hongngo_9d92894f_7b7b_49e0_8f3"": -4.616096687316862, ""phungkhaccuong_731c6dec_a942_4"": -6.581428718566862, ""versil91_474890ea_012d_4a25_96"": -4.807148549993109}",phungkhaccuong_731c6dec_a942_4,continuous_primal_dual_psd,6,7.47136892201557,7.47136892201557,0.0,"[0.0, 1.0, 0.0]",primal=Optimization terminated successfully; dual=outer=Optimization terminated successfully; inner=Optimization terminated successfully,1,-103.69833368975787,103.69833368975787,7.328060849280773,
magnitude_prune,triple,chauhoang_2aa4f343_5524_f86e_b+thaffggg_8c87f3d3_d4bb_475a_a8+datlaaaaaaa_e8cccbe1_c136_409a,18.721156912954346,24.76250238418576,0,"[0.2, 0.20000000000027454, 0.5999999999997254]","[0.4, 0.4, 0.2]",6.676149368286133,"{""chauhoang_2aa4f343_5524_f86e_b"": -20.98846740722653, ""datlaaaaaaa_e8cccbe1_c136_409a"": -24.76250238418576, ""thaffggg_8c87f3d3_d4bb_475a_a8"": -15.415921878814665}",datlaaaaaaa_e8cccbe1_c136_409a,continuous_primal_dual_psd,6,18.721156912954346,18.721156912954346,0.0,"[0.0, 1.0, 0.0]",primal=Optimization terminated successfully; dual=outer=Optimization terminated successfully; inner=Optimization terminated successfully,1,-368.60283981856,368.60283981855997,14.345851612098876,
magnitude_prune,triple,duyphu_0112d9da_9934_4614_b233+mrhunghd_9e58333c_df22_4a00_9c+nhung02_db2c9545_4607_487b_9cc,24.916408642366946,24.23730201721188,0,"[0.5098357156486826, 0.20000000000000778, 0.2901642843513097]","[0.6, 0.2, 0.2]",0.0,"{""duyphu_0112d9da_9934_4614_b233"": -24.23730201721188, ""mrhunghd_9e58333c_df22_4a00_9c"": -14.866676998138395, ""nhung02_db2c9545_4607_487b_9cc"": -23.48410196304318}",duyphu_0112d9da_9934_4614_b233,continuous_primal_dual_psd,6,24.916408642366946,24.916408642362796,4.149569576838985e-12,"[0.0, 1.0, 0.0]",primal=Optimization terminated successfully; dual=outer=Optimization terminated successfully; inner=Optimization terminated successfully,1,-321.74545219607023,321.74545219607023,24.680750567616155,
magnitude_prune,triple,datlaaaaaaa_cc1f8701_0976_4f48+duyphu_4909ad74_a335_4972_9ed8+nbninh_0d8b128b_8753_46c3_b80f,65.16604132652283,28.84540863037106,0,"[0.2, 0.2, 0.6]","[0.2, 0.2, 0.6]",0.0,"{""datlaaaaaaa_cc1f8701_0976_4f48"": -27.15832300186154, ""duyphu_4909ad74_a335_4972_9ed8"": -28.84540863037106, ""nbninh_0d8b128b_8753_46c3_b80f"": -18.13589639663693}",duyphu_4909ad74_a335_4972_9ed8,continuous_primal_dual_psd,6,65.16604132652283,65.16604132652283,0.0,"[1.0, 0.0, 0.0]",primal=Optimization terminated successfully; dual=outer=Optimization terminated successfully; inner=Optimization terminated successfully,1,-630.8622774878467,630.9043387315791,51.836362552642875,
magnitude_prune,triple,cunghoctienganh_b7496e73_1762+chauhoang_4909ad74_a335_4972_9+nhoxinh_9214fc0d_4490_4bdd_9ff,27.029811232663633,26.021960449218717,0,"[0.5999999999999984, 0.2, 0.2000000000000015]","[0.4, 0.4, 0.2]",3.76894474029541,"{""chauhoang_4909ad74_a335_4972_9"": -12.631812763214079, ""cunghoctienganh_b7496e73_1762"": -26.021960449218717, ""nhoxinh_9214fc0d_4490_4bdd_9ff"": -18.497946929931608}",cunghoctienganh_b7496e73_1762,continuous_primal_dual_psd,6,27.029811232663633,27.0298112326625,1.1333156635373598e-12,"[0.0, 1.2223555501121482e-13, 0.9999999999998779]",primal=Optimization terminated successfully; dual=outer=Optimization terminated successfully; inner=Optimization terminated successfully,1,-163.66168420619604,163.661684206196,18.92916269302369,
magnitude_prune,triple,adammandic87_3d7a58a6_4380_4e3+tuanna08go_c1cf0152_7ae6_43b6+hongngo_687b8c72_c89b_4cb7_b7c,-0.07984745383217273,0.10920159651877141,0,"[0.4384971518437246, 0.3036677585369574, 0.257835089619318]","[0.2, 0.6, 0.2]",1.0702151265831905,"{""adammandic87_3d7a58a6_4380_4e3"": -0.10920159651877141, ""hongngo_687b8c72_c89b_4cb7_b7c"": 1.293012428283724, ""tuanna08go_c1cf0152_7ae6_43b6"": 1.2784450531006186}",adammandic87_3d7a58a6_4380_4e3,continuous_primal_dual_psd,6,-0.07984745383217273,-0.0798474538338676,1.694866469392764e-12,"[0.9413668597241559, 0.05863314027582918, 1.4879226615497522e-14]",primal=Optimization terminated successfully; dual=outer=Optimization terminated successfully; inner=Optimization terminated successfully,1,-95.3675958186713,95.3675958186713,-0.07984745383390823,
magnitude_prune,triple,cunghoctienganh_c1cf0152_7ae6+mrhungddddh_fe499423_02f3_4cfd+mrhunghddddd_d692685b_fdb4_477,84.32857362130372,26.116660308837858,0,"[0.2, 0.2, 0.6]","[0.6, 0.2, 0.2]",39.27084207534789,"{""cunghoctienganh_c1cf0152_7ae6"": -26.116660308837858, ""mrhungddddh_fe499423_02f3_4cfd"": -17.574992847442594, ""mrhunghddddd_d692685b_fdb4_477"": -25.908353996276823}",cunghoctienganh_c1cf0152_7ae6,continuous_primal_dual_psd,6,84.32857362130372,84.32857362130368,4.263256414560601e-14,"[1.8156603788568813e-15, 0.9999999999999981, 0.0]",primal=Optimization terminated successfully; dual=outer=Optimization terminated successfully; inner=Optimization terminated successfully,1,-505.2808778894364,505.28087788943634,64.12803239822387,
magnitude_prune,triple,nhung02_08157847_d833_4d45_90f+mrhungddddh_911f6275_22fd_4f41+versil91_63cd5c4a_5a68_4c25_bd,9.385837423184832,1.1516152849406307,0,"[0.2, 0.21603373646188453, 0.5839662635381154]","[0.2, 0.2, 0.6]",0.0,"{""mrhungddddh_911f6275_22fd_4f41"": 0.8625000000000327, ""nhung02_08157847_d833_4d45_90f"": 1.8240302085876792, ""versil91_63cd5c4a_5a68_4c25_bd"": -1.1516152849406307}",versil91_63cd5c4a_5a68_4c25_bd,continuous_primal_dual_psd,6,9.385837423184832,9.385837423184832,0.0,"[0.0, 1.0, 0.0]",primal=Optimization terminated successfully; dual=outer=Optimization terminated successfully; inner=Optimization terminated successfully,1,-191.75263845332452,191.7526384533245,3.4524978872114014,
magnitude_prune,triple,nbninh_c4ae10ba_efe4_401e_8dd7+adammandic87_f28f18cf_4abb_4db+versil91_121ef6e9_0ded_4fc3_8c,4.244069282027788,2.9253870964049966,0,"[0.2, 0.2, 0.6]","[0.2, 0.2, 0.6]",0.0,"{""adammandic87_f28f18cf_4abb_4db"": 4.4937580108642905, ""nbninh_c4ae10ba_efe4_401e_8dd7"": -2.9253870964049966, ""versil91_121ef6e9_0ded_4fc3_8c"": 6.279167461395296}",nbninh_c4ae10ba_efe4_401e_8dd7,continuous_primal_dual_psd,6,4.244069282027788,4.244069282027785,3.552713678800501e-15,"[0.0, 0.9999999999999941, 5.8286708792820434e-15]",primal=Optimization terminated successfully; dual=outer=Optimization terminated successfully; inner=Optimization terminated successfully,1,-112.11664739820249,112.11664739820249,0.49891658598014177,
magnitude_prune,triple,thaffggg_8a78a9b2_d3fa_4615_b8+datlaaaaaaa_0dbe42c8_b07b_4785+nhung03_7b6cdc3c_7130_4c2c_a2c,115.32722893794045,46.45320482254025,0,"[0.2, 0.2, 0.6]","[0.4, 0.2, 0.4]",10.985565185546875,"{""datlaaaaaaa_0dbe42c8_b07b_4785"": -46.45320482254025, ""nhung03_7b6cdc3c_7130_4c2c_a2c"": -39.2977745056152, ""thaffggg_8a78a9b2_d3fa_4615_b8"": -44.137516689300504}",datlaaaaaaa_0dbe42c8_b07b_4785,continuous_primal_dual_psd,6,115.32722893794045,115.32722893793289,7.560174708487466e-12,"[2.3242519020525956e-13, 0.0, 0.9999999999997675]",primal=Optimization terminated successfully; dual=outer=Optimization terminated successfully; inner=Optimization terminated successfully,1,-934.9691437239553,934.9691437239553,81.57121248245238,
