method,query_kind,adapters,predicted_score,heldout_score,feasible,predicted_weights,heldout_weights,coefficient_regret,margins,obstructing_tasks,certificate_type,grid_points,primal_upper,dual_lower,certificate_gap,dual_weights,certificate_message,psd_projected,quadratic_min_eigenvalue,quadratic_psd_adjustment,unprojected_jet_max,error
linear,pair,lhong4759_f68c5c87_934d_4399_b+adammandic87_3d7a58a6_4380_4e3,-0.2510310367562001,0.8623029747801226,0,"[0.27982688288092955, 0.7201731171190704]","[0.2, 0.8]",0.0,"{""adammandic87_3d7a58a6_4380_4e3"": -0.8623029747801226, ""lhong4759_f68c5c87_934d_4399_b"": 4.508337306976351}",adammandic87_3d7a58a6_4380_4e3,continuous_primal_dual_psd,4,-0.2510310367562001,-0.2510310367562001,0.0,"[0.0, 1.0]",primal=Optimization terminated successfully; dual=outer=Optimization terminated successfully; inner=Optimization terminated successfully,0,54.68211191746398,0.0,-0.2510310367562003,
linear,pair,lhong4759_f68c5c87_934d_4399_b+versil91_01a5620a_fb5f_4bab_94,2.6033181868856867,7.05416507720944,0,"[0.20000000000000254, 0.7999999999999975]","[0.2, 0.8]",0.0,"{""lhong4759_f68c5c87_934d_4399_b"": -7.05416507720944, ""versil91_01a5620a_fb5f_4bab_94"": 0.08571720513022313}",lhong4759_f68c5c87_934d_4399_b,continuous_primal_dual_psd,4,2.6033181868856867,2.6033181868856867,0.0,"[1.1102230246251568e-16, 0.9999999999999999]",primal=Optimization terminated successfully; dual=outer=Optimization terminated successfully; inner=Optimization terminated successfully,1,-33.54460000991828,33.54460000991828,2.6033181868856863,
linear,pair,lhong4759_f68c5c87_934d_4399_b+taronklm_trained_model,-28.915533462414402,-0.46351794531216817,1,"[0.5109819381769668, 0.4890180618230332]","[0.2, 0.8]",0.6905716550300955,"{""lhong4759_f68c5c87_934d_4399_b"": 70.91457538604739, ""taronklm_trained_model"": 0.46351794531216817}",taronklm_trained_model,continuous_primal_dual_psd,4,-28.915533462414402,-28.915533462414402,0.0,"[1.0, 0.0]",primal=Optimization terminated successfully; dual=outer=Optimization terminated successfully; inner=Optimization terminated successfully,0,872.3774552345277,0.0,-28.915533462414416,
linear,pair,adammandic87_3d7a58a6_4380_4e3+versil91_01a5620a_fb5f_4bab_94,-1.1915601867908285,-1.1036651716421992,1,"[0.6346712875863906, 0.3653287124136094]","[0.8, 0.2]",0.3141363844574576,"{""adammandic87_3d7a58a6_4380_4e3"": 1.1036651716421992, ""versil91_01a5620a_fb5f_4bab_94"": 2.680955365244228}",adammandic87_3d7a58a6_4380_4e3,continuous_primal_dual_psd,4,-1.1915601867908285,-1.1915601867908292,6.661338147750939e-16,"[0.19577692859578516, 0.8042230714042149]",primal=Optimization terminated successfully; dual=outer=Optimization terminated successfully; inner=Optimization terminated successfully,0,13.3456926808828,0.0,-1.191560186790829,
linear,pair,adammandic87_3d7a58a6_4380_4e3+taronklm_trained_model,-6.953776203240718,-0.7492692772786537,1,"[0.7135913561542387, 0.28640864384576126]","[0.6, 0.4]",0.4855972011110679,"{""adammandic87_3d7a58a6_4380_4e3"": 24.225437714820504, ""taronklm_trained_model"": 0.7492692772786537}",taronklm_trained_model,continuous_primal_dual_psd,4,-6.953776203240718,-6.953776203240718,0.0,"[1.0, 0.0]",primal=Optimization terminated successfully; dual=outer=Optimization terminated successfully; inner=Optimization terminated successfully,0,99.87126117398049,0.0,-6.953776203240711,
linear,pair,adammandic87_3d7a58a6_4380_4e3+versil91_e9f26c47_9b78_4e3f_81,-1.5757499361975809,-0.8294147346312203,1,"[0.7697780729284381, 0.23022192707156186]","[0.8, 0.2]",0.0,"{""adammandic87_3d7a58a6_4380_4e3"": 1.875921647976105, ""versil91_e9f26c47_9b78_4e3f_81"": 0.8294147346312203}",versil91_e9f26c47_9b78_4e3f_81,continuous_primal_dual_psd,4,-1.5757499361975809,-1.5757499361975809,0.0,"[0.363750582197191, 0.6362494178028091]",primal=Optimization terminated successfully; dual=outer=Optimization terminated successfully; inner=Optimization terminated successfully,0,5.059526782993561,0.0,-1.5757499361975806,
linear,pair,versil91_01a5620a_fb5f_4bab_94+taronklm_trained_model,-25.120585495450797,-0.686443414370754,1,"[0.40912387653427834, 0.5908761234657216]","[0.4, 0.6]",0.0,"{""taronklm_trained_model"": 0.686443414370754, ""versil91_01a5620a_fb5f_4bab_94"": 2.9666712079803514}",taronklm_trained_model,continuous_primal_dual_psd,4,-25.120585495450797,-25.120585546668433,5.121763635429488e-08,"[0.9646708552298224, 0.035329144770177574]",primal=Positive directional derivative for linesearch; dual=outer=Optimization terminated successfully; inner=Optimization terminated successfully,0,116.50833054623317,0.0,-25.12058549545079,
linear,pair,versil91_01a5620a_fb5f_4bab_94+versil91_e9f26c47_9b78_4e3f_81,0.002628475793749141,-0.7049802084174712,1,"[0.5421937105539628, 0.4578062894460372]","[0.6, 0.4]",0.0,"{""versil91_01a5620a_fb5f_4bab_94"": 0.990480407410326, ""versil91_e9f26c47_9b78_4e3f_81"": 0.7049802084174712}",versil91_e9f26c47_9b78_4e3f_81,continuous_primal_dual_psd,4,0.002628475793749141,0.002628475793749141,0.0,"[1.0, 0.0]",primal=Optimization terminated successfully; dual=outer=Optimization terminated successfully; inner=Optimization terminated successfully,0,2.306608203493802,0.0,0.002628475793749141,
linear,pair,versil91_01a5620a_fb5f_4bab_94+versil91_8444c3be_8779_4769_a0,0.52999661574026,-0.25238160114004327,1,"[0.6522270943393672, 0.3477729056606328]","[0.8, 0.2]",0.28043764213409517,"{""versil91_01a5620a_fb5f_4bab_94"": 0.25238160114004327, ""versil91_8444c3be_8779_4769_a0"": 1.1631186872426709}",versil91_01a5620a_fb5f_4bab_94,continuous_primal_dual_psd,4,0.52999661574026,0.52999661574026,0.0,"[1.0, 0.0]",primal=Optimization terminated successfully; dual=outer=Optimization terminated successfully; inner=Optimization terminated successfully,0,9.293537387506872,0.0,0.5299966157402602,
linear,pair,taronklm_trained_model+versil91_e9f26c47_9b78_4e3f_81,-17.163678997181307,-0.7528591359762543,1,"[0.5437910308678704, 0.4562089691321296]","[0.6, 0.4]",0.0,"{""taronklm_trained_model"": 0.7528591359762543, ""versil91_e9f26c47_9b78_4e3f_81"": 3.055664835608682}",taronklm_trained_model,continuous_primal_dual_psd,4,-17.163678997181307,-17.163678997181307,0.0,"[0.0, 1.0]",primal=Optimization terminated successfully; dual=outer=Optimization terminated successfully; inner=Optimization terminated successfully,0,122.47003366919272,0.0,-17.163678997181307,
linear,pair,taronklm_trained_model+versil91_8444c3be_8779_4769_a0,-40.02224399873531,-0.6798615404778566,1,"[0.3450938991122258, 0.6549061008877741]","[0.6, 0.4]",0.27404087329914273,"{""taronklm_trained_model"": 0.6798615404778566, ""versil91_8444c3be_8779_4769_a0"": 5.652936820591802}",taronklm_trained_model,continuous_primal_dual_psd,4,-40.02224399873531,-40.02224399873531,0.0,"[1.0, 0.0]",primal=Optimization terminated successfully; dual=outer=Optimization terminated successfully; inner=Optimization terminated successfully,0,640.2243673801423,0.0,-40.02224399873531,
linear,pair,taronklm_trained_model+tuanna08go_6af2bb68_a65f_4331,-4.565663004113022,-0.8269680575530892,1,"[0.529472516180976, 0.470527483819024]","[0.6, 0.4]",0.0,"{""taronklm_trained_model"": 0.8269680575530892, ""tuanna08go_6af2bb68_a65f_4331"": 22.937819290161165}",taronklm_trained_model,continuous_primal_dual_psd,4,-4.565663004113022,-4.565663004113022,0.0,"[0.0, 1.0]",primal=Optimization terminated successfully; dual=outer=Optimization terminated successfully; inner=Optimization terminated successfully,0,36.796076582227734,0.0,-4.565663004113022,
linear,pair,versil91_e9f26c47_9b78_4e3f_81+versil91_8444c3be_8779_4769_a0,0.18634621391471035,-0.41764313853262086,1,"[0.20288331433403894, 0.7971166856659611]","[0.8, 0.2]",0.947960611672626,"{""versil91_8444c3be_8779_4769_a0"": 0.41764313853262086, ""versil91_e9f26c47_9b78_4e3f_81"": 0.8882374720628922}",versil91_8444c3be_8779_4769_a0,continuous_primal_dual_psd,4,0.18634621391471035,0.1863462139146327,7.763234499691407e-14,"[0.9662202162978911, 0.033779783702108934]",primal=Optimization terminated successfully; dual=outer=Optimization terminated successfully; inner=Optimization terminated successfully,1,-89.84357118606566,89.84357118606566,0.18634621391471035,
linear,pair,versil91_e9f26c47_9b78_4e3f_81+tuanna08go_6af2bb68_a65f_4331,-0.18327705025091268,-0.4470602094945641,1,"[0.2, 0.8]","[0.8, 0.2]",1.17647157821041,"{""tuanna08go_6af2bb68_a65f_4331"": 0.6301253318786948, ""versil91_e9f26c47_9b78_4e3f_81"": 0.4470602094945641}",versil91_e9f26c47_9b78_4e3f_81,continuous_primal_dual_psd,4,-0.18327705025091268,-0.18327705025091268,0.0,"[0.0, 1.0]",primal=Optimization terminated successfully; dual=outer=Optimization terminated successfully; inner=Optimization terminated successfully,1,-4.607506057950094,4.607506057950094,-0.2754271714099146,
linear,pair,versil91_e9f26c47_9b78_4e3f_81+duyphu_7aba420b_74ac_4209_b514,1.4607138218530098,3.8249999999999673,0,"[0.8, 0.19999999999999996]","[0.8, 0.2]",0.0,"{""duyphu_7aba420b_74ac_4209_b514"": -3.8249999999999673, ""versil91_e9f26c47_9b78_4e3f_81"": -0.19999663408461568}",duyphu_7aba420b_74ac_4209_b514,continuous_primal_dual_psd,4,1.4607138218530098,1.4607138218530098,0.0,"[1.0, 0.0]",primal=Optimization terminated successfully; dual=outer=Optimization terminated successfully; inner=Optimization terminated successfully,0,18.601198653232277,0.0,1.4607138218530107,
linear,pair,versil91_8444c3be_8779_4769_a0+tuanna08go_6af2bb68_a65f_4331,-0.1941385242491056,-0.6427586564378962,1,"[0.3395026615666661, 0.6604973384333339]","[0.4, 0.6]",0.0,"{""tuanna08go_6af2bb68_a65f_4331"": 2.7375071525574057, ""versil91_8444c3be_8779_4769_a0"": 0.6427586564378962}",versil91_8444c3be_8779_4769_a0,continuous_primal_dual_psd,4,-0.1941385242491056,-0.1941385242491056,0.0,"[0.0, 1.0]",primal=Optimization terminated successfully; dual=outer=Optimization terminated successfully; inner=Optimization terminated successfully,0,6.868585805206108,0.0,-0.19413852424910558,
linear,pair,versil91_8444c3be_8779_4769_a0+duyphu_7aba420b_74ac_4209_b514,-1.3437368479036458,1.2192307692307747,0,"[0.6294584272451276, 0.37054157275487243]","[0.8, 0.2]",2.2932739991407747,"{""duyphu_7aba420b_74ac_4209_b514"": 0.3416746139526694, ""versil91_8444c3be_8779_4769_a0"": -1.2192307692307747}",versil91_8444c3be_8779_4769_a0,continuous_primal_dual_psd,4,-1.3437368479036458,-1.3437368479036458,0.0,"[0.0, 1.0]",primal=Optimization terminated successfully; dual=outer=Optimization terminated successfully; inner=Optimization terminated successfully,0,88.72359991073607,0.0,-1.3437368479036458,
linear,pair,versil91_8444c3be_8779_4769_a0+thaffggg_8a78a9b2_d3fa_4615_b8,9.74167234897606,10.472729873657194,0,"[0.8, 0.19999999999999996]","[0.8, 0.2]",0.0,"{""thaffggg_8a78a9b2_d3fa_4615_b8"": -10.472729873657194, ""versil91_8444c3be_8779_4769_a0"": -2.710181866650875}",thaffggg_8a78a9b2_d3fa_4615_b8,continuous_primal_dual_psd,4,9.74167234897606,9.74167234897606,0.0,"[1.6653345369377348e-16, 0.9999999999999998]",primal=Optimization terminated successfully; dual=outer=Optimization terminated successfully; inner=Optimization terminated successfully,0,156.25014901161177,0.0,9.741672348976067,
linear,pair,tuanna08go_6af2bb68_a65f_4331+duyphu_7aba420b_74ac_4209_b514,23.38880724906919,11.32500476837155,0,"[0.2, 0.8]","[0.8, 0.2]",23.85416030883789,"{""duyphu_7aba420b_74ac_4209_b514"": -11.32500476837155, ""tuanna08go_6af2bb68_a65f_4331"": -10.459616851806608}",duyphu_7aba420b_74ac_4209_b514,continuous_primal_dual_psd,4,23.38880724906919,23.38880724906919,0.0,"[0.0, 1.0]",primal=Optimization terminated successfully; dual=outer=Optimization terminated successfully; inner=Optimization terminated successfully,1,-108.5002720355988,108.5002720355988,21.218801808357213,
linear,pair,tuanna08go_6af2bb68_a65f_4331+thaffggg_8a78a9b2_d3fa_4615_b8,1.4499980926529474,2.31858797073361,0,"[0.7999999999999744, 0.2000000000000256]","[0.8, 0.2]",0.0,"{""thaffggg_8a78a9b2_d3fa_4615_b8"": 3.4433334350586264, ""tuanna08go_6af2bb68_a65f_4331"": -2.31858797073361}",tuanna08go_6af2bb68_a65f_4331,continuous_primal_dual_psd,4,1.4499980926529474,1.4499980926529474,0.0,"[5.551115123125783e-17, 1.0]",primal=Optimization terminated successfully; dual=outer=Optimization terminated successfully; inner=Optimization terminated successfully,0,12.244040867532826,0.0,1.4499980926529474,
linear,pair,tuanna08go_6af2bb68_a65f_4331+datlaaaaaaa_cc1f8701_0976_4f48,13.411659669876045,20.980444622039762,0,"[0.8, 0.19999999999999996]","[0.8, 0.2]",0.0,"{""datlaaaaaaa_cc1f8701_0976_4f48"": -16.164758872985807, ""tuanna08go_6af2bb68_a65f_4331"": -20.980444622039762}",tuanna08go_6af2bb68_a65f_4331,continuous_primal_dual_psd,4,13.411659669876045,13.411659669876045,0.0,"[0.0, 1.0]",primal=Optimization terminated successfully; dual=outer=Optimization terminated successfully; inner=Optimization terminated successfully,1,-17.704770886322486,17.704770886322486,13.411659669876046,
linear,pair,duyphu_7aba420b_74ac_4209_b514+thaffggg_8a78a9b2_d3fa_4615_b8,37.87188298702239,44.55416507720944,0,"[0.8, 0.19999999999999996]","[0.8, 0.2]",0.0,"{""duyphu_7aba420b_74ac_4209_b514"": -44.55416507720944, ""thaffggg_8a78a9b2_d3fa_4615_b8"": -30.06187982559201}",duyphu_7aba420b_74ac_4209_b514,continuous_primal_dual_psd,4,37.87188298702239,37.87188298702239,0.0,"[0.0, 1.0]",primal=Optimization terminated successfully; dual=outer=Optimization terminated successfully; inner=Optimization terminated successfully,0,165.36489129066467,0.0,37.871882987022396,
linear,pair,duyphu_7aba420b_74ac_4209_b514+datlaaaaaaa_cc1f8701_0976_4f48,75.87269832427694,67.57500476837154,0,"[0.4368810977869897, 0.5631189022130103]","[0.6, 0.4]",16.041672229766846,"{""datlaaaaaaa_cc1f8701_0976_4f48"": -67.57500476837154, ""duyphu_7aba420b_74ac_4209_b514"": -64.03334445953365}",datlaaaaaaa_cc1f8701_0976_4f48,continuous_primal_dual_psd,4,75.87269832427694,75.8726983233178,9.591332172931288e-10,"[0.9817698272725921, 0.018230172727407925]",primal=Optimization terminated successfully; dual=outer=Optimization terminated successfully; inner=Optimization terminated successfully,1,-121.3939487934111,121.3939487934111,75.87269832427693,
linear,pair,duyphu_7aba420b_74ac_4209_b514+tuanna08go_7647f014_8af3_4266,-0.014094305487443302,1.5953278518029188,0,"[0.2, 0.8]","[0.2, 0.8]",0.0,"{""duyphu_7aba420b_74ac_4209_b514"": 5.23749284744266, ""tuanna08go_7647f014_8af3_4266"": -1.5953278518029188}",tuanna08go_7647f014_8af3_4266,continuous_primal_dual_psd,4,-0.014094305487443302,-0.014094305487443302,0.0,"[0.0, 1.0]",primal=Optimization terminated successfully; dual=outer=Optimization terminated successfully; inner=Optimization terminated successfully,1,-68.29097867012021,68.29097867012021,-0.014094305487443302,
linear,pair,thaffggg_8a78a9b2_d3fa_4615_b8+datlaaaaaaa_cc1f8701_0976_4f48,39.04585836916933,39.033332538604704,0,"[0.5054902543946012, 0.49450974560539884]","[0.4, 0.6]",3.4935832023620605,"{""datlaaaaaaa_cc1f8701_0976_4f48"": -39.033332538604704, ""thaffggg_8a78a9b2_d3fa_4615_b8"": -37.50945634841916}",datlaaaaaaa_cc1f8701_0976_4f48,continuous_primal_dual_psd,4,39.04585836916933,39.04585836916933,0.0,"[1.0, 0.0]",primal=Optimization terminated successfully; dual=outer=Optimization terminated successfully; inner=Optimization terminated successfully,0,464.84366059303284,0.0,39.04585836916932,
linear,pair,thaffggg_8a78a9b2_d3fa_4615_b8+tuanna08go_7647f014_8af3_4266,0.09832130871291214,-0.6355143217217788,1,"[0.2, 0.8]","[0.2, 0.8]",0.0,"{""thaffggg_8a78a9b2_d3fa_4615_b8"": 18.661889362335238, ""tuanna08go_7647f014_8af3_4266"": 0.6355143217217788}",tuanna08go_7647f014_8af3_4266,continuous_primal_dual_psd,4,0.09832130871291214,0.09832130871291214,0.0,"[0.0, 1.0]",primal=Optimization terminated successfully; dual=outer=Optimization terminated successfully; inner=Optimization terminated successfully,0,5.95635863489611,0.0,0.09832130871291217,
linear,pair,thaffggg_8a78a9b2_d3fa_4615_b8+tuanna08go_c1cf0152_7ae6_43b6,26.59582622051239,22.693005275726286,0,"[0.2, 0.8]","[0.2, 0.8]",0.0,"{""thaffggg_8a78a9b2_d3fa_4615_b8"": -22.693005275726286, ""tuanna08go_c1cf0152_7ae6_43b6"": -12.380519580841032}",thaffggg_8a78a9b2_d3fa_4615_b8,continuous_primal_dual_psd,4,26.59582622051239,26.59582622051239,0.0,"[1.0, 0.0]",primal=Optimization terminated successfully; dual=outer=Optimization terminated successfully; inner=Optimization terminated successfully,0,122.39575386047329,0.0,26.59582622051239,
linear,pair,datlaaaaaaa_cc1f8701_0976_4f48+tuanna08go_7647f014_8af3_4266,0.4488960764788139,1.178508240648983,0,"[0.205761406861261, 0.794238593138739]","[0.2, 0.8]",0.0,"{""datlaaaaaaa_cc1f8701_0976_4f48"": 8.178195285797152, ""tuanna08go_7647f014_8af3_4266"": -1.178508240648983}",tuanna08go_7647f014_8af3_4266,continuous_primal_dual_psd,4,0.4488960764788139,0.4488960764788139,0.0,"[1.0, 0.0]",primal=Optimization terminated successfully; dual=outer=Optimization terminated successfully; inner=Optimization terminated successfully,0,0.5872395268289113,0.0,0.4488960764788157,
linear,pair,datlaaaaaaa_cc1f8701_0976_4f48+tuanna08go_c1cf0152_7ae6_43b6,1.9665820121764748,2.797904682159391,0,"[0.2, 0.8]","[0.2, 0.8]",0.0,"{""datlaaaaaaa_cc1f8701_0976_4f48"": 0.8384554862976401, ""tuanna08go_c1cf0152_7ae6_43b6"": -2.797904682159391}",tuanna08go_c1cf0152_7ae6_43b6,continuous_primal_dual_psd,4,1.9665820121764748,1.9665820121764748,0.0,"[1.0, 0.0]",primal=Optimization terminated successfully; dual=outer=Optimization terminated successfully; inner=Optimization terminated successfully,0,7.812529802322266,0.0,1.9665820121764757,
linear,pair,datlaaaaaaa_cc1f8701_0976_4f48+laquythang_8444c3be_8779_4769,112.00208492279047,79.91402454376217,0,"[0.2, 0.8]","[0.4, 0.6]",5.662858486175537,"{""datlaaaaaaa_cc1f8701_0976_4f48"": -77.09423608779903, ""laquythang_8444c3be_8779_4769"": -79.91402454376217}",laquythang_8444c3be_8779_4769,continuous_primal_dual_psd,4,112.00208492279047,112.00208492279047,0.0,"[9.992007221626409e-16, 0.999999999999999]",primal=Optimization terminated successfully; dual=outer=Optimization terminated successfully; inner=Optimization terminated successfully,1,-188.4014904499062,188.4014904499062,108.23405511379235,
linear,pair,tuanna08go_7647f014_8af3_4266+tuanna08go_c1cf0152_7ae6_43b6,-0.39765140672121624,-1.54299208359333,1,"[0.8, 0.19999999999999996]","[0.8, 0.2]",0.0,"{""tuanna08go_7647f014_8af3_4266"": 1.54299208359333, ""tuanna08go_c1cf0152_7ae6_43b6"": 8.66626195907596}",tuanna08go_7647f014_8af3_4266,continuous_primal_dual_psd,4,-0.39765140672121624,-0.39765140672121624,0.0,"[1.0, 0.0]",primal=Optimization terminated successfully; dual=outer=Optimization terminated successfully; inner=Optimization terminated successfully,0,5.321711620643029e-14,0.0,-0.3976514067212161,
linear,pair,tuanna08go_7647f014_8af3_4266+laquythang_8444c3be_8779_4769,3.460017514238782,1.5915898885340667,0,"[0.7999999999998614, 0.20000000000013862]","[0.8, 0.2]",0.0,"{""laquythang_8444c3be_8779_4769"": 19.290527629852328, ""tuanna08go_7647f014_8af3_4266"": -1.5915898885340667}",tuanna08go_7647f014_8af3_4266,continuous_primal_dual_psd,4,3.460017514238782,3.460017514238782,0.0,"[5.551115123125783e-17, 1.0]",primal=Optimization terminated successfully; dual=outer=Optimization terminated successfully; inner=Optimization terminated successfully,1,-2.4328878712946413,2.4328878712946413,3.460017514238782,
linear,pair,tuanna08go_7647f014_8af3_4266+laquythang_efe15045_778f_4dfa,-0.2600676545711289,0.9074783736495093,0,"[0.7999999999999998, 0.20000000000000018]","[0.8, 0.2]",0.0,"{""laquythang_efe15045_778f_4dfa"": 21.4590876579285, ""tuanna08go_7647f014_8af3_4266"": -0.9074783736495093}",tuanna08go_7647f014_8af3_4266,continuous_primal_dual_psd,4,-0.2600676545711289,-0.2600676545711289,0.0,"[1.0, 0.0]",primal=Optimization terminated successfully; dual=outer=Optimization terminated successfully; inner=Optimization terminated successfully,0,3.7751736487807275,0.0,-0.2600676545711289,
linear,pair,tuanna08go_c1cf0152_7ae6_43b6+laquythang_8444c3be_8779_4769,15.257274580001848,11.419716548919645,0,"[0.8, 0.19999999999999996]","[0.8, 0.2]",0.0,"{""laquythang_8444c3be_8779_4769"": -11.419716548919645, ""tuanna08go_c1cf0152_7ae6_43b6"": -6.57193965911862}",laquythang_8444c3be_8779_4769,continuous_primal_dual_psd,4,15.257274580001848,15.257274580001848,0.0,"[1.0, 0.0]",primal=Optimization terminated successfully; dual=outer=Optimization terminated successfully; inner=Optimization terminated successfully,1,-1.3020634651186518,1.3020634651186518,14.84061427116388,
linear,pair,tuanna08go_c1cf0152_7ae6_43b6+laquythang_efe15045_778f_4dfa,-6.985562698381813,0.5863577842712075,0,"[0.6442160302841912, 0.35578396971580883]","[0.8, 0.2]",0.9986996650695801,"{""laquythang_efe15045_778f_4dfa"": -0.5863577842712075, ""tuanna08go_c1cf0152_7ae6_43b6"": 2.9079525947571128}",laquythang_efe15045_778f_4dfa,continuous_primal_dual_psd,4,-6.985562698381813,-6.985562698381812,0.0,"[1.734723475976807e-16, 0.9999999999999998]",primal=Optimization terminated successfully; dual=outer=Optimization terminated successfully; inner=Optimization terminated successfully,0,277.94495224952686,0.0,-6.98556269838182,
linear,pair,tuanna08go_c1cf0152_7ae6_43b6+cunghoctienganh_c1cf0152_7ae6,2.229729366302459,2.2297293663024575,0,"[0.2, 0.8]","[0.2, 0.8]",0.0,"{""cunghoctienganh_c1cf0152_7ae6"": -0.6999999999999673, ""tuanna08go_c1cf0152_7ae6_43b6"": -2.2297293663024575}",tuanna08go_c1cf0152_7ae6_43b6,continuous_primal_dual_psd,4,2.229729366302459,2.229729366302459,0.0,"[5.551115123125783e-17, 1.0]",primal=Optimization terminated successfully; dual=outer=Optimization terminated successfully; inner=Optimization terminated successfully,1,-2.9239025279984583e-15,2.9239025279984583e-15,2.229729366302459,
linear,pair,laquythang_8444c3be_8779_4769+laquythang_efe15045_778f_4dfa,66.73030406212982,51.15455694198605,0,"[0.2433998740027436, 0.7566001259972563]","[0.4, 0.6]",6.818187236785889,"{""laquythang_8444c3be_8779_4769"": -50.36856241226193, ""laquythang_efe15045_778f_4dfa"": -51.15455694198605}",laquythang_efe15045_778f_4dfa,continuous_primal_dual_psd,4,66.73030406212982,66.73030406210633,2.3490542844228912e-11,"[0.014054814462443737, 0.9859451855375562]",primal=Optimization terminated successfully; dual=outer=Optimization terminated successfully; inner=Optimization terminated successfully,0,63.60188126563994,0.0,66.73030406212982,
linear,pair,laquythang_8444c3be_8779_4769+cunghoctienganh_c1cf0152_7ae6,11.248874139785734,21.135619354248014,0,"[0.2, 0.8]","[0.2, 0.8]",0.0,"{""cunghoctienganh_c1cf0152_7ae6"": -19.866660308837858, ""laquythang_8444c3be_8779_4769"": -21.135619354248014}",laquythang_8444c3be_8779_4769,continuous_primal_dual_psd,4,11.248874139785734,11.248874139785734,0.0,"[1.0, 0.0]",primal=Optimization terminated successfully; dual=outer=Optimization terminated successfully; inner=Optimization terminated successfully,1,-86.63848042488107,86.63848042488107,9.516104531288113,
linear,pair,laquythang_8444c3be_8779_4769+cunghoctienganh_4909ad74_a335,32.509254664619625,37.338247966766325,0,"[0.5288010315421267, 0.47119896845787335]","[0.4, 0.6]",4.469692707061768,"{""cunghoctienganh_4909ad74_a335"": -35.3496224403381, ""laquythang_8444c3be_8779_4769"": -37.338247966766325}",laquythang_8444c3be_8779_4769,continuous_primal_dual_psd,4,32.509254664619625,32.509254664619625,0.0,"[0.0, 1.0]",primal=Optimization terminated successfully; dual=outer=Optimization terminated successfully; inner=Optimization terminated successfully,0,164.56335783004764,0.0,32.509254664619625,
linear,pair,laquythang_efe15045_778f_4dfa+cunghoctienganh_c1cf0152_7ae6,-0.9227561954969046,11.012497615814176,0,"[0.22182017705416765, 0.7781798229458323]","[0.2, 0.8]",0.0,"{""cunghoctienganh_c1cf0152_7ae6"": -11.012497615814176, ""laquythang_efe15045_778f_4dfa"": -5.472722721099821}",cunghoctienganh_c1cf0152_7ae6,continuous_primal_dual_psd,4,-0.9227561954969046,-0.9227561955358706,3.896605260678143e-11,"[0.21083918884015226, 0.7891608111598477]",primal=Optimization terminated successfully; dual=outer=Optimization terminated successfully; inner=Optimization terminated successfully,1,-7.511824369430552,7.511824369430552,-0.9227561954969046,
linear,pair,laquythang_efe15045_778f_4dfa+cunghoctienganh_4909ad74_a335,63.22003788948058,69.62045736312862,0,"[0.2, 0.8]","[0.4, 0.6]",9.403407573699951,"{""cunghoctienganh_4909ad74_a335"": -69.62045736312862, ""laquythang_efe15045_778f_4dfa"": -48.6545712471008}",cunghoctienganh_4909ad74_a335,continuous_primal_dual_psd,4,63.22003788948058,63.22003788948058,0.0,"[1.0, 2.088909150634449e-18]",primal=Optimization terminated successfully; dual=outer=Optimization terminated successfully; inner=Optimization terminated successfully,1,-128.7057995796206,128.7057995796206,60.645921897888165,
linear,pair,laquythang_efe15045_778f_4dfa+cunghoctienganh_b7496e73_1762,41.91418656867398,48.787131977081266,0,"[0.5575916955872925, 0.4424083044127075]","[0.8, 0.2]",4.962098598480225,"{""cunghoctienganh_b7496e73_1762"": -48.787131977081266, ""laquythang_efe15045_778f_4dfa"": -42.74546213150021}",cunghoctienganh_b7496e73_1762,continuous_primal_dual_psd,4,41.91418656867398,41.91418656867398,0.0,"[1.0, 0.0]",primal=Optimization terminated successfully; dual=outer=Optimization terminated successfully; inner=Optimization terminated successfully,1,-10.516792535782072,10.516792535782072,41.91418656867398,
linear,pair,cunghoctienganh_c1cf0152_7ae6+cunghoctienganh_4909ad74_a335,8.489652347565013,16.38181514739987,0,"[0.7999999999999929, 0.20000000000000706]","[0.8, 0.2]",0.0,"{""cunghoctienganh_4909ad74_a335"": -16.38181514739987, ""cunghoctienganh_c1cf0152_7ae6"": -12.991669845581022}",cunghoctienganh_4909ad74_a335,continuous_primal_dual_psd,4,8.489652347565013,8.489652347565013,0.0,"[1.0, 0.0]",primal=Optimization terminated successfully; dual=outer=Optimization terminated successfully; inner=Optimization terminated successfully,0,119.92782354354866,0.0,8.489652347565013,
linear,pair,cunghoctienganh_c1cf0152_7ae6+cunghoctienganh_b7496e73_1762,5.920591095802536,1.0124952316283853,0,"[0.674314846596346, 0.325685153403654]","[0.8, 0.2]",13.645827770233154,"{""cunghoctienganh_b7496e73_1762"": -0.6053120613097818, ""cunghoctienganh_c1cf0152_7ae6"": -1.0124952316283853}",cunghoctienganh_c1cf0152_7ae6,continuous_primal_dual_psd,4,5.920591095802536,5.920591095802536,0.0,"[1.0, 0.0]",primal=Optimization terminated successfully; dual=outer=Optimization terminated successfully; inner=Optimization terminated successfully,0,74.51951503753662,0.0,5.920591095802536,
linear,pair,cunghoctienganh_c1cf0152_7ae6+chauhoang_4909ad74_a335_4972_9,6.316987943649245,8.427277278900114,0,"[0.8, 0.19999999999999996]","[0.8, 0.2]",0.0,"{""chauhoang_4909ad74_a335_4972_9"": -8.427277278900114, ""cunghoctienganh_c1cf0152_7ae6"": -8.304157924652067}",chauhoang_4909ad74_a335_4972_9,continuous_primal_dual_psd,4,6.316987943649245,6.316987943649245,0.0,"[5.551115123125783e-17, 1.0]",primal=Optimization terminated successfully; dual=outer=Optimization terminated successfully; inner=Optimization terminated successfully,0,76.47693157196048,0.0,6.316987943649252,
linear,pair,cunghoctienganh_4909ad74_a335+cunghoctienganh_b7496e73_1762,30.19960531508281,60.30227251052853,0,"[0.4000826380601568, 0.5999173619398432]","[0.8, 0.2]",4.081451892852776,"{""cunghoctienganh_4909ad74_a335"": -58.313635063171354, ""cunghoctienganh_b7496e73_1762"": -60.30227251052853}",cunghoctienganh_b7496e73_1762,continuous_primal_dual_psd,4,30.19960531508281,30.19960531508281,0.0,"[0.0, 1.0]",primal=Optimization terminated successfully; dual=outer=Optimization terminated successfully; inner=Optimization terminated successfully,0,169.57134008407584,0.0,30.199605315082813,
linear,pair,cunghoctienganh_4909ad74_a335+chauhoang_4909ad74_a335_4972_9,92.03412897586821,99.33636493682857,0,"[0.2, 0.8]","[0.2, 0.8]",0.0,"{""chauhoang_4909ad74_a335_4972_9"": -99.33636493682857, ""cunghoctienganh_4909ad74_a335"": -96.10717601776119}",chauhoang_4909ad74_a335_4972_9,continuous_primal_dual_psd,4,92.03412897586821,92.03412897586821,0.0,"[0.0, 1.0]",primal=Optimization terminated successfully; dual=outer=Optimization terminated successfully; inner=Optimization terminated successfully,1,-95.55250406265242,95.55250406265242,92.0341289758682,
linear,pair,cunghoctienganh_4909ad74_a335+chauhoang_2aa4f343_5524_f86e_b,56.88435902078444,65.64319438934322,0,"[0.471650041969137, 0.528349958030863]","[0.6, 0.4]",5.2651286125183105,"{""chauhoang_2aa4f343_5524_f86e_b"": -58.61668891906735, ""cunghoctienganh_4909ad74_a335"": -65.64319438934322}",cunghoctienganh_4909ad74_a335,continuous_primal_dual_psd,4,56.88435902078444,56.88435902078444,0.0,"[0.0, 1.0]",primal=Optimization terminated successfully; dual=outer=Optimization terminated successfully; inner=Optimization terminated successfully,0,60.29620766639708,0.0,56.88435902078444,
linear,pair,cunghoctienganh_b7496e73_1762+chauhoang_4909ad74_a335_4972_9,19.870188904011243,20.03711767196652,0,"[0.5755371126521818, 0.42446288734781823]","[0.6, 0.4]",0.0,"{""chauhoang_4909ad74_a335_4972_9"": -14.677277278900114, ""cunghoctienganh_b7496e73_1762"": -20.03711767196652}",cunghoctienganh_b7496e73_1762,continuous_primal_dual_psd,4,19.870188904011243,19.870188904011243,0.0,"[0.9999999999999998, 2.7755575615628914e-16]",primal=Optimization terminated successfully; dual=outer=Optimization terminated successfully; inner=Optimization terminated successfully,0,290.8654510974881,0.0,19.870188904011243,
linear,pair,cunghoctienganh_b7496e73_1762+chauhoang_2aa4f343_5524_f86e_b,32.92240805625914,48.44620532989499,0,"[0.20000000000000118, 0.7999999999999988]","[0.4, 0.6]",2.821993827819824,"{""chauhoang_2aa4f343_5524_f86e_b"": -36.949995231628385, ""cunghoctienganh_b7496e73_1762"": -48.44620532989499}",cunghoctienganh_b7496e73_1762,continuous_primal_dual_psd,4,32.92240805625914,32.92240805625914,0.0,"[0.0, 1.0]",primal=Optimization terminated successfully; dual=outer=Optimization terminated successfully; inner=Optimization terminated successfully,0,52.21098661422706,0.0,32.92240805625914,
linear,pair,cunghoctienganh_b7496e73_1762+duyphu_4909ad74_a335_4972_9ed8,69.80797357559203,66.09770364761349,0,"[0.2, 0.8]","[0.6, 0.4]",8.125019073486328,"{""cunghoctienganh_b7496e73_1762"": -66.09770364761349, ""duyphu_4909ad74_a335_4972_9ed8"": -46.29293985366818}",cunghoctienganh_b7496e73_1762,continuous_primal_dual_psd,4,69.80797357559203,69.80797357559203,0.0,"[0.0, 1.0]",primal=Optimization terminated successfully; dual=outer=Optimization terminated successfully; inner=Optimization terminated successfully,0,19.413232803344403,0.0,69.80797357559203,
linear,pair,chauhoang_4909ad74_a335_4972_9+chauhoang_2aa4f343_5524_f86e_b,63.348612260818484,68.65455217361446,0,"[0.2, 0.8]","[0.2, 0.8]",0.0,"{""chauhoang_2aa4f343_5524_f86e_b"": -65.70000953674312, ""chauhoang_4909ad74_a335_4972_9"": -68.65455217361446}",chauhoang_4909ad74_a335_4972_9,continuous_primal_dual_psd,4,63.348612260818484,63.348612260818484,0.0,"[0.0, 1.0]",primal=Optimization terminated successfully; dual=outer=Optimization terminated successfully; inner=Optimization terminated successfully,1,-154.2830467224121,154.2830467224121,60.26295132637024,
linear,pair,chauhoang_4909ad74_a335_4972_9+duyphu_4909ad74_a335_4972_9ed8,45.373552114074094,54.9045712471008,0,"[0.24734930475636918, 0.7526506952436308]","[0.4, 0.6]",1.136314868927002,"{""chauhoang_4909ad74_a335_4972_9"": -54.9045712471008, ""duyphu_4909ad74_a335_4972_9ed8"": -42.767301273345915}",chauhoang_4909ad74_a335_4972_9,continuous_primal_dual_psd,4,45.373552114074094,45.37355211404885,2.524558340155636e-11,"[0.4340668787251976, 0.5659331212748024]",primal=Optimization terminated successfully; dual=outer=Optimization terminated successfully; inner=Optimization terminated successfully,1,-1.183301210403755,1.183301210403755,45.373552114074094,
linear,pair,chauhoang_4909ad74_a335_4972_9+duyphu_0112d9da_9934_4614_b233,33.336220455169645,47.972729873657194,0,"[0.2, 0.8]","[0.2, 0.8]",0.0,"{""chauhoang_4909ad74_a335_4972_9"": -47.972729873657194, ""duyphu_0112d9da_9934_4614_b233"": -43.28158206939694}",chauhoang_4909ad74_a335_4972_9,continuous_primal_dual_psd,4,33.336220455169645,33.336220455169645,0.0,"[1.0, 0.0]",primal=Optimization terminated successfully; dual=outer=Optimization terminated successfully; inner=Optimization terminated successfully,0,38.060843944549234,0.0,33.336220455169645,
linear,pair,chauhoang_2aa4f343_5524_f86e_b+duyphu_4909ad74_a335_4972_9ed8,61.168373521585146,56.84584684371945,0,"[0.35337246099433534, 0.6466275390056646]","[0.8, 0.2]",22.395825386047356,"{""chauhoang_2aa4f343_5524_f86e_b"": -56.84584684371945, ""duyphu_4909ad74_a335_4972_9ed8"": -55.587807369232145}",chauhoang_2aa4f343_5524_f86e_b,continuous_primal_dual_psd,4,61.168373521585146,61.16837352153837,4.6775028295087395e-11,"[0.39355355159764677, 0.6064464484023533]",primal=Positive directional derivative for linesearch; dual=outer=Optimization terminated successfully; inner=Optimization terminated successfully,1,-188.03745508193964,188.03745508193964,61.16837352158515,
linear,pair,chauhoang_2aa4f343_5524_f86e_b+duyphu_0112d9da_9934_4614_b233,26.82105600498119,36.533334922790495,0,"[0.4067879768760755, 0.5932120231239245]","[0.4, 0.6]",0.0,"{""chauhoang_2aa4f343_5524_f86e_b"": -36.533334922790495, ""duyphu_0112d9da_9934_4614_b233"": -33.999839496612516}",chauhoang_2aa4f343_5524_f86e_b,continuous_primal_dual_psd,4,26.82105600498119,26.821056004980235,9.556799795973347e-13,"[0.16849587380918865, 0.8315041261908114]",primal=Optimization terminated successfully; dual=outer=Optimization terminated successfully; inner=Optimization terminated successfully,0,33.38977694511403,0.0,26.82105600498119,
linear,pair,chauhoang_2aa4f343_5524_f86e_b+phungkhaccuong_2b1522e6_bef2_7,43.94153640488107,34.76250476837155,0,"[0.7609422454866214, 0.23905775451337863]","[0.2, 0.8]",12.187492847442627,"{""chauhoang_2aa4f343_5524_f86e_b"": -34.76250476837155, ""phungkhaccuong_2b1522e6_bef2_7"": -19.04135055541989}",chauhoang_2aa4f343_5524_f86e_b,continuous_primal_dual_psd,4,43.94153640488107,43.94153640480276,7.830891490812064e-11,"[0.10599210123714106, 0.894007898762859]",primal=Optimization terminated successfully; dual=outer=Optimization terminated successfully; inner=Optimization terminated successfully,1,-17.99285411834716,17.99285411834716,43.94153640488106,
linear,pair,duyphu_4909ad74_a335_4972_9ed8+duyphu_0112d9da_9934_4614_b233,35.7135657233056,46.96604318618771,0,"[0.2622803971706117, 0.7377196028293883]","[0.4, 0.6]",1.1684060096740723,"{""duyphu_0112d9da_9934_4614_b233"": -43.798771572113004, ""duyphu_4909ad74_a335_4972_9ed8"": -46.96604318618771}",duyphu_4909ad74_a335_4972_9ed8,continuous_primal_dual_psd,4,35.7135657233056,35.7135657233056,0.0,"[1.0, 0.0]",primal=Optimization terminated successfully; dual=outer=Optimization terminated successfully; inner=Optimization terminated successfully,0,44.27075386047351,0.0,35.7135657233056,
linear,pair,duyphu_4909ad74_a335_4972_9ed8+phungkhaccuong_2b1522e6_bef2_7,28.534249734228204,6.4692289352416665,0,"[0.3529577573112695, 0.6470422426887306]","[0.2, 0.8]",12.051284313201904,"{""duyphu_4909ad74_a335_4972_9ed8"": -6.4692289352416665, ""phungkhaccuong_2b1522e6_bef2_7"": -2.6230842590331704}",duyphu_4909ad74_a335_4972_9ed8,continuous_primal_dual_psd,4,28.534249734228204,28.534249734228204,0.0,"[1.0, 0.0]",primal=Optimization terminated successfully; dual=outer=Optimization terminated successfully; inner=Optimization terminated successfully,0,179.21403050422668,0.0,28.534249734228204,
linear,pair,duyphu_4909ad74_a335_4972_9ed8+phungkhaccuong_a992b7f5_9d18_c,45.377078723907445,50.16677684783932,0,"[0.2, 0.8]","[0.2, 0.8]",0.0,"{""duyphu_4909ad74_a335_4972_9ed8"": -44.20161552429196, ""phungkhaccuong_a992b7f5_9d18_c"": -50.16677684783932}",phungkhaccuong_a992b7f5_9d18_c,continuous_primal_dual_psd,4,45.377078723907445,45.377078723907445,0.0,"[1.0, 0.0]",primal=Optimization terminated successfully; dual=outer=Optimization terminated successfully; inner=Optimization terminated successfully,0,88.54195475578283,0.0,45.377078723907445,
linear,pair,duyphu_0112d9da_9934_4614_b233+phungkhaccuong_2b1522e6_bef2_7,29.11114552503298,21.236136627197233,0,"[0.3509087260588935, 0.6490912739411066]","[0.4, 0.6]",0.0,"{""duyphu_0112d9da_9934_4614_b233"": -21.236136627197233, ""phungkhaccuong_2b1522e6_bef2_7"": -10.2753192901611}",duyphu_0112d9da_9934_4614_b233,continuous_primal_dual_psd,4,29.11114552503298,29.11114552503298,0.0,"[0.0, 1.0]",primal=Optimization terminated successfully; dual=outer=Optimization terminated successfully; inner=Optimization terminated successfully,1,-40.3645634651185,40.3645634651185,29.11114552503298,
linear,pair,duyphu_0112d9da_9934_4614_b233+phungkhaccuong_a992b7f5_9d18_c,18.075003695487947,40.350356769561735,0,"[0.2, 0.8]","[0.6, 0.4]",7.202804088592529,"{""duyphu_0112d9da_9934_4614_b233"": -37.206414413452116, ""phungkhaccuong_a992b7f5_9d18_c"": -40.350356769561735}",phungkhaccuong_a992b7f5_9d18_c,continuous_primal_dual_psd,4,18.075003695487947,18.075003695487947,0.0,"[5.551115123125783e-17, 1.0]",primal=Optimization terminated successfully; dual=outer=Optimization terminated successfully; inner=Optimization terminated successfully,0,28.64584326744069,0.0,18.075003695487947,
linear,pair,duyphu_0112d9da_9934_4614_b233+phungkhaccuong_731c6dec_a942_4,8.595833849906892,0.6942175360979599,0,"[0.20000000000000023, 0.7999999999999998]","[0.2, 0.8]",0.0,"{""duyphu_0112d9da_9934_4614_b233"": 6.985005664825472, ""phungkhaccuong_731c6dec_a942_4"": -0.6942175360979599}",phungkhaccuong_731c6dec_a942_4,continuous_primal_dual_psd,4,8.595833849906892,8.595833849906892,0.0,"[1.0, 0.0]",primal=Optimization terminated successfully; dual=outer=Optimization terminated successfully; inner=Optimization terminated successfully,0,6.539137780076728,0.0,8.595833849906892,
linear,pair,phungkhaccuong_2b1522e6_bef2_7+phungkhaccuong_a992b7f5_9d18_c,26.470837068557717,10.070625019073454,0,"[0.20000000000000046, 0.7999999999999996]","[0.6, 0.4]",26.127636432647705,"{""phungkhaccuong_2b1522e6_bef2_7"": 3.8593023300171225, ""phungkhaccuong_a992b7f5_9d18_c"": -10.070625019073454}",phungkhaccuong_a992b7f5_9d18_c,continuous_primal_dual_psd,4,26.470837068557717,26.470837068557717,0.0,"[1.0, 0.0]",primal=Optimization terminated successfully; dual=outer=Optimization terminated successfully; inner=Optimization terminated successfully,1,-35.274475812912065,35.274475812912065,25.76534755229947,
linear,pair,phungkhaccuong_2b1522e6_bef2_7+phungkhaccuong_731c6dec_a942_4,-1.3037463785481964,-1.326971895382026,1,"[0.2, 0.8]","[0.4, 0.6]",0.4258163728136878,"{""phungkhaccuong_2b1522e6_bef2_7"": 13.907369899749789, ""phungkhaccuong_731c6dec_a942_4"": 1.326971895382026}",phungkhaccuong_731c6dec_a942_4,continuous_primal_dual_psd,4,-1.3037463785481964,-1.3037463785481964,0.0,"[0.0, 1.0]",primal=Optimization terminated successfully; dual=outer=Optimization terminated successfully; inner=Optimization terminated successfully,0,0.5781272615536512,0.0,-1.3037463785481964,
linear,pair,phungkhaccuong_2b1522e6_bef2_7+denbeo_d9ae91c0_fed9_4fb4_8ddd,54.25135650278625,24.241676998138395,0,"[0.4820028447652123, 0.5179971552347877]","[0.8, 0.2]",40.880692005157464,"{""denbeo_d9ae91c0_fed9_4fb4_8ddd"": -24.241676998138395, ""phungkhaccuong_2b1522e6_bef2_7"": -13.80096979141232}",denbeo_d9ae91c0_fed9_4fb4_8ddd,continuous_primal_dual_psd,4,54.25135650278625,54.25135650273628,4.9972470606007846e-11,"[0.5485013445751461, 0.45149865542485396]",primal=Optimization terminated successfully; dual=outer=Optimization terminated successfully; inner=Optimization terminated successfully,1,-106.16987943649289,106.16987943649289,54.25135650269514,
linear,pair,phungkhaccuong_a992b7f5_9d18_c+phungkhaccuong_731c6dec_a942_4,-0.30637743298683356,1.0718701565194684,0,"[0.2, 0.8]","[0.2, 0.8]",0.0,"{""phungkhaccuong_731c6dec_a942_4"": -1.0718701565194684, ""phungkhaccuong_a992b7f5_9d18_c"": 4.920610713958773}",phungkhaccuong_731c6dec_a942_4,continuous_primal_dual_psd,4,-0.30637743298683356,-0.30637743298683356,0.0,"[0.0, 1.0]",primal=Optimization terminated successfully; dual=outer=Optimization terminated successfully; inner=Optimization terminated successfully,1,-27.343779802322388,27.343779802322388,-0.30637743298683356,
linear,pair,phungkhaccuong_a992b7f5_9d18_c+denbeo_d9ae91c0_fed9_4fb4_8ddd,101.05417079925542,78.92916507720943,0,"[0.2, 0.8]","[0.8, 0.2]",40.549254417419434,"{""denbeo_d9ae91c0_fed9_4fb4_8ddd"": -78.92916507720943, ""phungkhaccuong_a992b7f5_9d18_c"": -57.44825906753537}",denbeo_d9ae91c0_fed9_4fb4_8ddd,continuous_primal_dual_psd,4,101.05417079925542,101.05417079925542,0.0,"[1.0, 0.0]",primal=Optimization terminated successfully; dual=outer=Optimization terminated successfully; inner=Optimization terminated successfully,1,-278.7457406520843,278.7457406520843,96.78333706855778,
linear,pair,phungkhaccuong_a992b7f5_9d18_c+nbninh_c4ae10ba_efe4_401e_8dd7,10.07452563846829,4.260602664947477,0,"[0.4325250179893985, 0.5674749820106015]","[0.2, 0.8]",9.214019775390625,"{""nbninh_c4ae10ba_efe4_401e_8dd7"": -4.260602664947477, ""phungkhaccuong_a992b7f5_9d18_c"": 2.298256683349642}",nbninh_c4ae10ba_efe4_401e_8dd7,continuous_primal_dual_psd,4,10.07452563846829,10.07452563846829,0.0,"[0.9999999999999998, 2.7755575615628914e-16]",primal=Optimization terminated successfully; dual=outer=Optimization terminated successfully; inner=Optimization terminated successfully,0,15.825331211090072,0.0,10.07452563846829,
linear,pair,phungkhaccuong_731c6dec_a942_4+denbeo_d9ae91c0_fed9_4fb4_8ddd,1.65919061228373,0.15279554478620888,0,"[0.756105775883792, 0.24389422411620798]","[0.8, 0.2]",0.0,"{""denbeo_d9ae91c0_fed9_4fb4_8ddd"": 7.254549789428744, ""phungkhaccuong_731c6dec_a942_4"": -0.15279554478620888}",phungkhaccuong_731c6dec_a942_4,continuous_primal_dual_psd,4,1.65919061228373,1.65919061228373,0.0,"[0.0, 1.0]",primal=Optimization terminated successfully; dual=outer=Optimization terminated successfully; inner=Optimization terminated successfully,0,57.236823372808466,0.0,1.6591906122837372,
linear,pair,phungkhaccuong_731c6dec_a942_4+nbninh_c4ae10ba_efe4_401e_8dd7,-2.066827899223487,1.168209788954628,0,"[0.5459448592864555, 0.45405514071354447]","[0.8, 0.2]",0.0443144360278549,"{""nbninh_c4ae10ba_efe4_401e_8dd7"": 6.781062412261996, ""phungkhaccuong_731c6dec_a942_4"": -1.168209788954628}",phungkhaccuong_731c6dec_a942_4,continuous_primal_dual_psd,4,-2.066827899223487,-2.066827899223487,0.0,"[1.0, 0.0]",primal=Optimization terminated successfully; dual=outer=Optimization terminated successfully; inner=Optimization terminated successfully,0,18.779852508144554,0.0,-2.066827899223487,
linear,pair,phungkhaccuong_731c6dec_a942_4+nbninh_0d8b128b_8753_46c3_b80f,-1.045507219872313,3.3420593261718423,0,"[0.7229165743830345, 0.27708342561696553]","[0.8, 0.2]",0.0,"{""nbninh_0d8b128b_8753_46c3_b80f"": -3.3420593261718423, ""phungkhaccuong_731c6dec_a942_4"": -1.2067417610804354}",nbninh_0d8b128b_8753_46c3_b80f,continuous_primal_dual_psd,4,-1.045507219872313,-1.045507219872313,0.0,"[1.0, 0.0]",primal=Optimization terminated successfully; dual=outer=Optimization terminated successfully; inner=Optimization terminated successfully,0,65.35080330385551,0.0,-1.045507219872313,
linear,pair,denbeo_d9ae91c0_fed9_4fb4_8ddd+nbninh_c4ae10ba_efe4_401e_8dd7,8.204008412361125,34.080687236785856,0,"[0.2, 0.8]","[0.2, 0.8]",0.0,"{""denbeo_d9ae91c0_fed9_4fb4_8ddd"": -34.080687236785856, ""nbninh_c4ae10ba_efe4_401e_8dd7"": -15.169695091247526}",denbeo_d9ae91c0_fed9_4fb4_8ddd,continuous_primal_dual_psd,4,8.204008412361125,8.204008412361125,0.0,"[0.0, 1.0]",primal=Optimization terminated successfully; dual=outer=Optimization terminated successfully; inner=Optimization terminated successfully,0,83.93451571464537,0.0,8.204008412361127,
linear,pair,denbeo_d9ae91c0_fed9_4fb4_8ddd+nbninh_0d8b128b_8753_46c3_b80f,69.2866010288567,89.1185433387756,0,"[0.7665514030584364, 0.2334485969415636]","[0.6, 0.4]",21.003806591033936,"{""denbeo_d9ae91c0_fed9_4fb4_8ddd"": -89.1185433387756, ""nbninh_0d8b128b_8753_46c3_b80f"": -75.44430799484249}",denbeo_d9ae91c0_fed9_4fb4_8ddd,continuous_primal_dual_psd,4,69.2866010288567,69.2866010288567,0.0,"[0.0, 1.0]",primal=Optimization terminated successfully; dual=outer=Optimization terminated successfully; inner=Optimization terminated successfully,1,-67.1076774597168,67.1076774597168,69.2866010288567,
linear,pair,denbeo_d9ae91c0_fed9_4fb4_8ddd+nbninh_a1f78795_1b61_4923_9235,67.48848028183014,87.98218078613277,0,"[0.200000000000005, 0.7999999999999949]","[0.2, 0.8]",0.0,"{""denbeo_d9ae91c0_fed9_4fb4_8ddd"": -87.98218078613277, ""nbninh_a1f78795_1b61_4923_9235"": -47.96325273513791}",denbeo_d9ae91c0_fed9_4fb4_8ddd,continuous_primal_dual_psd,4,67.48848028183014,67.48848028183014,0.0,"[0.0, 1.0]",primal=Optimization terminated successfully; dual=outer=Optimization terminated successfully; inner=Optimization terminated successfully,1,-104.16656732559235,104.16656732559235,65.40514893531818,
linear,pair,nbninh_c4ae10ba_efe4_401e_8dd7+nbninh_0d8b128b_8753_46c3_b80f,32.25912925014862,8.218947124481168,0,"[0.6698947430383927, 0.3301052569616073]","[0.8, 0.2]",5.729174613952637,"{""nbninh_0d8b128b_8753_46c3_b80f"": 3.248867321014437, ""nbninh_c4ae10ba_efe4_401e_8dd7"": -8.218947124481168}",nbninh_c4ae10ba_efe4_401e_8dd7,continuous_primal_dual_psd,4,32.25912925014862,32.25912925014862,0.0,"[0.0, 1.0]",primal=Optimization terminated successfully; dual=outer=Optimization terminated successfully; inner=Optimization terminated successfully,0,26.642829179763797,0.0,32.25912925014862,
linear,pair,nbninh_c4ae10ba_efe4_401e_8dd7+nbninh_a1f78795_1b61_4923_9235,14.892715883254986,8.607199859619108,0,"[0.7999999999999983, 0.20000000000000173]","[0.8, 0.2]",0.0,"{""nbninh_a1f78795_1b61_4923_9235"": -8.607199859619108, ""nbninh_c4ae10ba_efe4_401e_8dd7"": -0.37801570892330716}",nbninh_a1f78795_1b61_4923_9235,continuous_primal_dual_psd,4,14.892715883254986,14.892715883254986,0.0,"[0.0, 1.0]",primal=Optimization terminated successfully; dual=outer=Optimization terminated successfully; inner=Optimization terminated successfully,0,159.1545343399047,0.0,14.892715883254986,
linear,pair,nbninh_c4ae10ba_efe4_401e_8dd7+nhoxinh_2f944a50_cbd3_4334_af8,27.539820742607116,15.756812763214079,0,"[0.8, 0.19999999999999996]","[0.8, 0.2]",0.0,"{""nbninh_c4ae10ba_efe4_401e_8dd7"": -15.756812763214079, ""nhoxinh_2f944a50_cbd3_4334_af8"": 1.5158980369568198}",nbninh_c4ae10ba_efe4_401e_8dd7,continuous_primal_dual_psd,4,27.539820742607116,27.539820742607116,0.0,"[1.0, 0.0]",primal=Optimization terminated successfully; dual=outer=Optimization terminated successfully; inner=Optimization terminated successfully,1,-76.52267813682566,76.52267813682566,9.431961846351584,
linear,pair,nbninh_0d8b128b_8753_46c3_b80f+nbninh_a1f78795_1b61_4923_9235,10.852023450509535,19.450011920928922,0,"[0.5303852971862434, 0.4696147028137566]","[0.4, 0.6]",8.352279663085938,"{""nbninh_0d8b128b_8753_46c3_b80f"": -19.450011920928922, ""nbninh_a1f78795_1b61_4923_9235"": -14.980319213867155}",nbninh_0d8b128b_8753_46c3_b80f,continuous_primal_dual_psd,4,10.852023450509535,10.852023450509535,0.0,"[1.0, 0.0]",primal=Optimization terminated successfully; dual=outer=Optimization terminated successfully; inner=Optimization terminated successfully,0,239.1822636127472,0.0,10.852023450509527,
linear,pair,nbninh_0d8b128b_8753_46c3_b80f+nhoxinh_2f944a50_cbd3_4334_af8,40.234463882446256,58.99544067382809,0,"[0.2, 0.8]","[0.2, 0.8]",0.0,"{""nbninh_0d8b128b_8753_46c3_b80f"": -49.93293590545651, ""nhoxinh_2f944a50_cbd3_4334_af8"": -58.99544067382809}",nhoxinh_2f944a50_cbd3_4334_af8,continuous_primal_dual_psd,4,40.234463882446256,40.23446388244625,7.105427357601002e-15,"[0.9999999999999991, 8.049116928532383e-16]",primal=Optimization terminated successfully; dual=outer=Optimization terminated successfully; inner=Optimization terminated successfully,1,-134.31444764137285,134.31444764137285,39.674752426147435,
linear,triple,laquythang_efe15045_778f_4dfa+datlaaaaaaa_e8cccbe1_c136_409a+versil91_121ef6e9_0ded_4fc3_8c,1.2412834786884503,11.102107238769499,0,"[0.26467644124555534, 0.20000000000000362, 0.535323558754441]","[0.2, 0.2, 0.6]",0.0,"{""datlaaaaaaa_e8cccbe1_c136_409a"": -11.102107238769499, ""laquythang_efe15045_778f_4dfa"": -0.8136422157287271, ""versil91_121ef6e9_0ded_4fc3_8c"": -1.7744452476501138}",datlaaaaaaa_e8cccbe1_c136_409a,continuous_primal_dual_psd,6,1.2412834786884503,1.2412834786884503,0.0,"[0.0, 0.0, 1.0]",primal=Optimization terminated successfully; dual=outer=Optimization terminated successfully; inner=Optimization terminated successfully,1,-69.2891557330699,69.28915573306989,0.05957019679304154,
linear,triple,duyphu_0112d9da_9934_4614_b233+thaffggg_8c87f3d3_d4bb_475a_a8+mrhunghd_9e58333c_df22_4a00_9c,61.698514075302015,45.989933681488004,0,"[0.4438564531964261, 0.2, 0.35614354680357385]","[0.4, 0.4, 0.2]",9.659087657928467,"{""duyphu_0112d9da_9934_4614_b233"": -45.989933681488004, ""mrhunghd_9e58333c_df22_4a00_9c"": -45.98043270111081, ""thaffggg_8c87f3d3_d4bb_475a_a8"": -25.614777278900114}",duyphu_0112d9da_9934_4614_b233,continuous_primal_dual_psd,6,61.698514075302015,61.69851407513195,1.7006129837682238e-10,"[0.1560958825430159, 9.052369995844643e-14, 0.8439041174568936]",primal=Optimization terminated successfully; dual=outer=Optimization terminated successfully; inner=Optimization terminated successfully,1,-363.2665323258911,363.2665323258911,51.727695657686866,
linear,triple,phungkhaccuong_2b1522e6_bef2_7+phungkhaccuong_a992b7f5_9d18_c+hongngo_7e251dfc_e0f7_4f73_aae,78.34872826431662,39.93077583312985,0,"[0.3121497582766616, 0.2, 0.48785024172333835]","[0.6, 0.2, 0.2]",10.673081874847412,"{""hongngo_7e251dfc_e0f7_4f73_aae"": -30.01890487670895, ""phungkhaccuong_2b1522e6_bef2_7"": -24.201610755920377, ""phungkhaccuong_a992b7f5_9d18_c"": -39.93077583312985}",phungkhaccuong_a992b7f5_9d18_c,continuous_primal_dual_psd,6,78.34872826431662,78.34872826342118,8.954401664595935e-10,"[0.753564114725748, 2.0183315624195337e-17, 0.24643588527425195]",primal=Optimization terminated successfully; dual=outer=Optimization terminated successfully; inner=Optimization terminated successfully,1,-517.8801184054905,517.8801184054904,64.16349485995198,
linear,triple,taronklm_trained_model+chauhoang_4909ad74_a335_4972_9+nbninh_c4ae10ba_efe4_401e_8dd7,-33.67028463086719,-0.6325068688516857,1,"[0.4310964155367545, 0.2, 0.36890358446324556]","[0.6, 0.2, 0.2]",0.11180448236286344,"{""chauhoang_4909ad74_a335_4972_9"": 49.07273941040042, ""nbninh_c4ae10ba_efe4_401e_8dd7"": 44.044312763214144, ""taronklm_trained_model"": 0.6325068688516857}",taronklm_trained_model,continuous_primal_dual_psd,6,-33.67028463086719,-33.670284630888204,2.1017854123783763e-11,"[0.6093785171823599, 0.39062148281763925, 6.316363107960352e-16]",primal=Optimization terminated successfully; dual=outer=Optimization terminated successfully; inner=Optimization terminated successfully,1,-69.96917043945997,69.96917043945999,-33.670284630867194,
linear,triple,adammandic87_3d7a58a6_4380_4e3+cunghoctienganh_4909ad74_a335+mrhunghddddd_d692685b_fdb4_477,17.644697954329885,20.61477012634274,0,"[0.5999999999999901, 0.2000000000000018, 0.20000000000000817]","[0.6, 0.2, 0.2]",0.0,"{""adammandic87_3d7a58a6_4380_4e3"": -3.645032311641758, ""cunghoctienganh_4909ad74_a335"": -20.61477012634274, ""mrhunghddddd_d692685b_fdb4_477"": -4.866662693023649}",cunghoctienganh_4909ad74_a335,continuous_primal_dual_psd,6,17.644697954329885,17.644697954329885,0.0,"[0.0, 0.0, 1.0]",primal=Optimization terminated successfully; dual=outer=Optimization terminated successfully; inner=Optimization terminated successfully,1,-164.4825573730338,164.48255737303384,12.281432819366978,
linear,triple,duyphu_7aba420b_74ac_4209_b514+tuanna08go_c1cf0152_7ae6_43b6+nhoxinh_0c66c9c5_5cc2_46a8_9db,45.05023102690602,11.741676998138395,0,"[0.2, 0.2, 0.6]","[0.2, 0.6, 0.2]",28.854167461395264,"{""duyphu_7aba420b_74ac_4209_b514"": -11.741676998138395, ""nhoxinh_0c66c9c5_5cc2_46a8_9db"": 2.6478856086731284, ""tuanna08go_c1cf0152_7ae6_43b6"": -9.27955217361447}",duyphu_7aba420b_74ac_4209_b514,continuous_primal_dual_psd,6,45.05023102690602,45.05023102690602,0.0,"[1.0, 0.0, 0.0]",primal=Optimization terminated successfully; dual=outer=Optimization terminated successfully; inner=Optimization terminated successfully,1,-438.14044113387706,438.1404411338771,42.15834445953373,
linear,triple,lhong4759_f68c5c87_934d_4399_b+tuanna08go_6af2bb68_a65f_4331+mrhungddddh_9b1deaac_4565_48f2,23.75649438976545,12.262502384185758,0,"[0.2, 0.6000000000604306, 0.1999999999395694]","[0.2, 0.6, 0.2]",0.0,"{""lhong4759_f68c5c87_934d_4399_b"": -12.262502384185758, ""mrhungddddh_9b1deaac_4565_48f2"": 11.800000000000033, ""tuanna08go_6af2bb68_a65f_4331"": -4.8426301002502115}",lhong4759_f68c5c87_934d_4399_b,continuous_primal_dual_psd,6,23.75649438976545,23.756494389765777,0.0,"[0.0, 0.0, 1.0]",primal=Optimization terminated successfully; dual=outer=Optimization terminated successfully; inner=Optimization terminated successfully,1,-196.46188385462625,196.46188385462625,16.4328128765536,
linear,triple,versil91_e9f26c47_9b78_4e3f_81+nhoxinh_2f944a50_cbd3_4334_af8+hongngo_9d92894f_7b7b_49e0_8f3,13.002927491725828,3.4126719982766613,0,"[0.6000000000000052, 0.20000000000000356, 0.1999999999999913]","[0.6, 0.2, 0.2]",0.0,"{""hongngo_9d92894f_7b7b_49e0_8f3"": 0.5120962142944663, ""nhoxinh_2f944a50_cbd3_4334_af8"": -2.4045497894286783, ""versil91_e9f26c47_9b78_4e3f_81"": -3.4126719982766613}",versil91_e9f26c47_9b78_4e3f_81,continuous_primal_dual_psd,6,13.002927491725828,13.002927491725828,0.0,"[0.0, 0.0, 1.0]",primal=Optimization terminated successfully; dual=outer=Optimization terminated successfully; inner=Optimization terminated successfully,1,-214.99583713567472,214.99583713567472,5.515697669982674,
linear,triple,versil91_01a5620a_fb5f_4bab_94+versil91_8444c3be_8779_4769_a0+thaffggg_8a78a9b2_d3fa_4615_b8,12.366292104715455,6.897559833526579,0,"[0.3722411787218469, 0.42775882127824183, 0.19999999999991125]","[0.4, 0.4, 0.2]",0.0,"{""thaffggg_8a78a9b2_d3fa_4615_b8"": -6.897559833526579, ""versil91_01a5620a_fb5f_4bab_94"": -1.7000000000000082, ""versil91_8444c3be_8779_4769_a0"": -2.028052338497088}",thaffggg_8a78a9b2_d3fa_4615_b8,continuous_primal_dual_psd,6,12.366292104715455,12.366292104715455,0.0,"[0.0, 1.0, 0.0]",primal=Optimization terminated successfully; dual=outer=Optimization terminated successfully; inner=Optimization terminated successfully,1,-81.2541841426777,81.25418414267773,11.554850832563044,
linear,triple,denbeo_d9ae91c0_fed9_4fb4_8ddd+mrhungddddh_911f6275_22fd_4f41+nhung03_7b6cdc3c_7130_4c2c_a2c,38.11332752064459,61.09772033691403,0,"[0.45713173646571786, 0.20315852294983544, 0.3397097405844467]","[0.4, 0.4, 0.2]",11.988639831542962,"{""denbeo_d9ae91c0_fed9_4fb4_8ddd"": -60.756805610656706, ""mrhungddddh_911f6275_22fd_4f41"": -36.722734642028776, ""nhung03_7b6cdc3c_7130_4c2c_a2c"": -61.09772033691403}",nhung03_7b6cdc3c_7130_4c2c_a2c,continuous_primal_dual_psd,6,38.11332752064459,38.11332752064459,0.0,"[0.0, 1.0, 0.0]",primal=Optimization terminated successfully; dual=outer=Optimization terminated successfully; inner=Optimization terminated successfully,1,-73.48379948988631,73.48379948988632,38.11332752064458,
linear,triple,chauhoang_2aa4f343_5524_f86e_b+duyphu_4909ad74_a335_4972_9ed8+hongngo_687b8c72_c89b_4cb7_b7c,76.03653378486626,64.45000476837154,0,"[0.2, 0.2, 0.6]","[0.4, 0.2, 0.4]",9.006404876708984,"{""chauhoang_2aa4f343_5524_f86e_b"": -64.45000476837154, ""duyphu_4909ad74_a335_4972_9ed8"": -54.714420509338346, ""hongngo_687b8c72_c89b_4cb7_b7c"": -51.6280443191528}",chauhoang_2aa4f343_5524_f86e_b,continuous_primal_dual_psd,6,76.03653378486626,76.03653378486626,0.0,"[0.0, 0.0, 1.0]",primal=Optimization terminated successfully; dual=outer=Optimization terminated successfully; inner=Optimization terminated successfully,1,-404.29197606282446,408.9604537376817,60.78013486862179,
linear,triple,phungkhaccuong_731c6dec_a942_4+nhung02_08157847_d833_4d45_90f+nhung02_db2c9545_4607_487b_9cc,42.00043189437448,3.304162693023649,0,"[0.39772577619839217, 0.2, 0.4022742238016078]","[0.6, 0.2, 0.2]",26.250004768371582,"{""nhung02_08157847_d833_4d45_90f"": 10.205456542968783, ""nhung02_db2c9545_4607_487b_9cc"": -3.304162693023649, ""phungkhaccuong_731c6dec_a942_4"": -1.985164729880841}",nhung02_db2c9545_4607_487b_9cc,continuous_primal_dual_psd,6,42.00043189437448,42.00043189437448,0.0,"[0.0, 0.0, 1.0]",primal=Optimization terminated successfully; dual=outer=Optimization terminated successfully; inner=Optimization terminated successfully,1,-377.8115053735953,377.8115053735953,22.331329196595895,
linear,triple,datlaaaaaaa_cc1f8701_0976_4f48+nblinh63_0eb73af3_0631_437a_ad+datlaaaaaaa_0dbe42c8_b07b_4785,108.61643232637097,88.19999999999996,0,"[0.2, 0.2, 0.6]","[0.2, 0.4, 0.4]",17.660987377166748,"{""datlaaaaaaa_0dbe42c8_b07b_4785"": -68.09581823348995, ""datlaaaaaaa_cc1f8701_0976_4f48"": -45.18717832565304, ""nblinh63_0eb73af3_0631_437a_ad"": -88.19999999999996}",nblinh63_0eb73af3_0631_437a_ad,continuous_primal_dual_psd,6,108.61643232637097,108.61643232637097,0.0,"[1.0, 0.0, 0.0]",primal=Optimization terminated successfully; dual=outer=Optimization terminated successfully; inner=Optimization terminated successfully,1,-784.8316459943635,784.8316459943635,87.24720783233653,
linear,triple,tuanna08go_7647f014_8af3_4266+versil91_63cd5c4a_5a68_4c25_bd+versil91_474890ea_012d_4a25_96,0.5143656573366869,-1.1420572868871424,1,"[0.2, 0.2, 0.6]","[0.6, 0.2, 0.2]",2.3887879455272913,"{""tuanna08go_7647f014_8af3_4266"": 1.1420572868871424, ""versil91_474890ea_012d_4a25_96"": 24.981793689727816, ""versil91_63cd5c4a_5a68_4c25_bd"": 1.3204102128136586}",tuanna08go_7647f014_8af3_4266,continuous_primal_dual_psd,6,0.5143656573366869,0.5143656573366869,0.0,"[1.0, 0.0, 0.0]",primal=Optimization terminated successfully; dual=outer=Optimization terminated successfully; inner=Optimization terminated successfully,1,-46.5853280837126,46.5853280837126,0.31745001753097174,
linear,triple,laquythang_8444c3be_8779_4769+cunghoctienganh_b7496e73_1762+adammandic87_f28f18cf_4abb_4db,44.507184066705804,39.771977138519254,0,"[0.22229251349726606, 0.20000000000000814, 0.5777074865027259]","[0.2, 0.2, 0.6]",0.0,"{""adammandic87_f28f18cf_4abb_4db"": -32.26250715255734, ""cunghoctienganh_b7496e73_1762"": -39.771977138519254, ""laquythang_8444c3be_8779_4769"": -38.967064094543424}",cunghoctienganh_b7496e73_1762,continuous_primal_dual_psd,6,44.507184066705804,44.507184066705804,0.0,"[4.996003610813203e-16, 0.0, 0.9999999999999996]",primal=Optimization terminated successfully; dual=outer=Optimization terminated successfully; inner=Optimization terminated successfully,1,-150.19016139483432,150.19016139483432,44.39115845111211,
linear,triple,cunghoctienganh_c1cf0152_7ae6+nhoxinh_9214fc0d_4490_4bdd_9ff+mrhungddddh_fe499423_02f3_4cfd,84.37771905810423,56.552282047271696,0,"[0.6, 0.2, 0.19999999999999996]","[0.6, 0.2, 0.2]",0.0,"{""cunghoctienganh_c1cf0152_7ae6"": -43.09583015441891, ""mrhungddddh_fe499423_02f3_4cfd"": -56.552282047271696, ""nhoxinh_9214fc0d_4490_4bdd_9ff"": -31.32500953674313}",mrhungddddh_fe499423_02f3_4cfd,continuous_primal_dual_psd,6,84.37771905810423,84.37771905810423,0.0,"[0.0, 0.0, 1.0]",primal=Optimization terminated successfully; dual=outer=Optimization terminated successfully; inner=Optimization terminated successfully,1,-426.07051954036666,426.07051954036666,43.94008226394663,
linear,triple,nbninh_0d8b128b_8753_46c3_b80f+nbninh_a1f78795_1b61_4923_9235+nhoxinh_0c66c9c5_5cc2_46a8_9db,84.89390684480837,43.09585399627682,0,"[0.2, 0.2, 0.6]","[0.4, 0.4, 0.2]",30.96590042114257,"{""nbninh_0d8b128b_8753_46c3_b80f"": -34.10910673141476, ""nbninh_a1f78795_1b61_4923_9235"": -43.09585399627682, ""nhoxinh_0c66c9c5_5cc2_46a8_9db"": -41.14581651687619}",nbninh_a1f78795_1b61_4923_9235,continuous_primal_dual_psd,6,84.89390684480837,84.89390684480837,0.0,"[0.0, 0.0, 1.0]",primal=Optimization terminated successfully; dual=outer=Optimization terminated successfully; inner=Optimization terminated successfully,1,-502.53386830229766,502.53386830229766,64.86668891906736,
linear,triple,hongngo_687b8c72_c89b_4cb7_b7c+mrhungddddh_911f6275_22fd_4f41+versil91_121ef6e9_0ded_4fc3_8c,16.50127477645872,13.906589221954313,0,"[0.2, 0.2, 0.6]","[0.2, 0.2, 0.6]",0.0,"{""hongngo_687b8c72_c89b_4cb7_b7c"": 0.7583468437195151, ""mrhungddddh_911f6275_22fd_4f41"": 5.758330154418978, ""versil91_121ef6e9_0ded_4fc3_8c"": -13.906589221954313}",versil91_121ef6e9_0ded_4fc3_8c,continuous_primal_dual_psd,6,16.50127477645872,16.50127477645872,0.0,"[0.0, 1.0, 0.0]",primal=Optimization terminated successfully; dual=outer=Optimization terminated successfully; inner=Optimization terminated successfully,1,-32.82163913286281,32.82163913286281,16.50127477645872,
linear,triple,tuanna08go_c1cf0152_7ae6_43b6+chauhoang_4909ad74_a335_4972_9+thaffggg_8c87f3d3_d4bb_475a_a8,17.055268255037745,9.67727012634274,0,"[0.5618057532802168, 0.20000000000000284, 0.2381942467197804]","[0.6, 0.2, 0.2]",0.0,"{""chauhoang_4909ad74_a335_4972_9"": -9.67727012634274, ""thaffggg_8c87f3d3_d4bb_475a_a8"": 0.06705217361453464, ""tuanna08go_c1cf0152_7ae6_43b6"": -5.520811748504606}",chauhoang_4909ad74_a335_4972_9,continuous_primal_dual_psd,6,17.055268255037745,17.055268255037745,0.0,"[0.9999999999999996, 0.0, 5.551115123125781e-16]",primal=Optimization terminated successfully; dual=outer=Optimization terminated successfully; inner=Optimization terminated successfully,1,-130.64803550072628,130.6480355007263,12.833197408613545,
linear,triple,taronklm_trained_model+nbninh_a1f78795_1b61_4923_9235+datlaaaaaaa_e8cccbe1_c136_409a,-21.683945846899753,-0.5342935342730245,1,"[0.40854188126113383, 0.2, 0.39145811873886616]","[0.6, 0.2, 0.2]",0.11368495627327868,"{""datlaaaaaaa_e8cccbe1_c136_409a"": 49.5097845077515, ""nbninh_a1f78795_1b61_4923_9235"": 40.42689495086673, ""taronklm_trained_model"": 0.5342935342730245}",taronklm_trained_model,continuous_primal_dual_psd,6,-21.683945846899753,-21.683945846909786,1.0032863428932615e-11,"[0.41495378180118553, 0.0, 0.5850462181988145]",primal=Optimization terminated successfully; dual=outer=Optimization terminated successfully; inner=Optimization terminated successfully,1,-51.31949003790012,51.31949003790011,-22.132408430035774,
linear,triple,versil91_e9f26c47_9b78_4e3f_81+laquythang_efe15045_778f_4dfa+nbninh_0d8b128b_8753_46c3_b80f,9.25783918579527,3.068783154266644,0,"[0.3439060294910161, 0.3908852977305334, 0.2652086727784505]","[0.4, 0.4, 0.2]",0.0,"{""laquythang_efe15045_778f_4dfa"": -2.859082889556852, ""nbninh_0d8b128b_8753_46c3_b80f"": 4.953405189514193, ""versil91_e9f26c47_9b78_4e3f_81"": -3.068783154266644}",versil91_e9f26c47_9b78_4e3f_81,continuous_primal_dual_psd,6,9.25783918579527,9.257839185794042,1.227462576025573e-12,"[0.7028218206439506, 0.2971781793560495, 2.162714698173309e-17]",primal=Optimization terminated successfully; dual=outer=Optimization terminated successfully; inner=Optimization terminated successfully,1,-83.22340924445075,83.22340924445076,9.25783918579113,
linear,triple,tuanna08go_7647f014_8af3_4266+phungkhaccuong_2b1522e6_bef2_7+nhung03_7b6cdc3c_7130_4c2c_a2c,86.78019207177127,4.105451774597135,0,"[0.2, 0.2, 0.6]","[0.4, 0.4, 0.2]",37.31570243835449,"{""nhung03_7b6cdc3c_7130_4c2c_a2c"": -2.830687236785856, ""phungkhaccuong_2b1522e6_bef2_7"": -4.105451774597135, ""tuanna08go_7647f014_8af3_4266"": -3.691591112089965}",phungkhaccuong_2b1522e6_bef2_7,continuous_primal_dual_psd,6,86.78019207177127,86.78019207177115,1.1368683772161603e-13,"[0.0, 0.999999999999996, 3.969718617282792e-15]",primal=Optimization terminated successfully; dual=outer=Optimization terminated successfully; inner=Optimization terminated successfully,1,-1256.41158556123,1256.41158556123,41.966036033630395,
linear,triple,duyphu_7aba420b_74ac_4209_b514+denbeo_d9ae91c0_fed9_4fb4_8ddd+nhung02_08157847_d833_4d45_90f,62.26360551228236,37.00681037902829,0,"[0.2, 0.2, 0.6]","[0.6, 0.2, 0.2]",11.070096492767334,"{""denbeo_d9ae91c0_fed9_4fb4_8ddd"": -37.00681037902829, ""duyphu_7aba420b_74ac_4209_b514"": -18.72084445953366, ""nhung02_08157847_d833_4d45_90f"": -8.61666507720944}",denbeo_d9ae91c0_fed9_4fb4_8ddd,continuous_primal_dual_psd,6,62.26360551228236,62.26360551228236,0.0,"[0.0, 0.0, 1.0]",primal=Optimization terminated successfully; dual=outer=Optimization terminated successfully; inner=Optimization terminated successfully,1,-544.989090084787,544.989090084787,41.09772748947142,
linear,triple,versil91_8444c3be_8779_4769_a0+nhoxinh_9214fc0d_4490_4bdd_9ff+mrhunghddddd_d692685b_fdb4_477,99.46679093969323,40.38750238418576,0,"[0.20740414523646067, 0.2, 0.5925958547635393]","[0.6, 0.2, 0.2]",24.35097694396972,"{""mrhunghddddd_d692685b_fdb4_477"": -38.84103603363034, ""nhoxinh_9214fc0d_4490_4bdd_9ff"": -40.38750238418576, ""versil91_8444c3be_8779_4769_a0"": -13.080079825834549}",nhoxinh_9214fc0d_4490_4bdd_9ff,continuous_primal_dual_psd,6,99.46679093969323,99.466790939684,9.2228447101661e-12,"[0.2092991892371658, 0.7907008107628343, 0.0]",primal=Optimization terminated successfully; dual=outer=Optimization terminated successfully; inner=Optimization terminated successfully,1,-678.3356780528361,680.0479809944408,97.88590600102611,
linear,triple,lhong4759_f68c5c87_934d_4399_b+tuanna08go_6af2bb68_a65f_4331+hongngo_7e251dfc_e0f7_4f73_aae,76.31794943021762,23.51250953674313,0,"[0.2, 0.2, 0.6]","[0.2, 0.6, 0.2]",29.583323001861572,"{""hongngo_7e251dfc_e0f7_4f73_aae"": -9.578195285797086, ""lhong4759_f68c5c87_934d_4399_b"": -23.51250953674313, ""tuanna08go_6af2bb68_a65f_4331"": -18.119874668121305}",lhong4759_f68c5c87_934d_4399_b,continuous_primal_dual_psd,6,76.31794943021762,76.31794943021762,0.0,"[0.0, 0.0, 1.0]",primal=Optimization terminated successfully; dual=outer=Optimization terminated successfully; inner=Optimization terminated successfully,1,-551.2286305832266,551.2286305832266,55.37802286148072,
linear,triple,cunghoctienganh_4909ad74_a335+chauhoang_2aa4f343_5524_f86e_b+duyphu_0112d9da_9934_4614_b233,37.44369739083533,53.48408527374264,0,"[0.2537676087341234, 0.2, 0.5462323912658766]","[0.2, 0.2, 0.6]",0.0,"{""chauhoang_2aa4f343_5524_f86e_b"": -45.700016689300504, ""cunghoctienganh_4909ad74_a335"": -53.48408527374264, ""duyphu_0112d9da_9934_4614_b233"": -52.69884176254269}",cunghoctienganh_4909ad74_a335,continuous_primal_dual_psd,6,37.44369739083533,37.44369739083207,3.26139115713886e-12,"[0.2678046478113214, 0.7321953521886782, 5.551154256783341e-16]",primal=Optimization terminated successfully; dual=outer=Optimization terminated successfully; inner=Optimization terminated successfully,1,-291.8325090165742,291.8325090165742,36.86079748933457,
linear,triple,cunghoctienganh_c1cf0152_7ae6+hongngo_9d92894f_7b7b_49e0_8f3+versil91_63cd5c4a_5a68_4c25_bd,22.695142255350213,3.7208468437194497,0,"[0.2, 0.2, 0.6]","[0.2, 0.2, 0.6]",0.0,"{""cunghoctienganh_c1cf0152_7ae6"": -3.7208468437194497, ""hongngo_9d92894f_7b7b_49e0_8f3"": 0.39847784042361667, ""versil91_63cd5c4a_5a68_4c25_bd"": -1.516329104463672}",cunghoctienganh_c1cf0152_7ae6,continuous_primal_dual_psd,6,22.695142255350213,22.695142255350213,0.0,"[0.0, 1.0, 0.0]",primal=Optimization terminated successfully; dual=outer=Optimization terminated successfully; inner=Optimization terminated successfully,1,-392.8841840956306,392.8841840956306,6.998077106475796,
linear,triple,adammandic87_3d7a58a6_4380_4e3+laquythang_8444c3be_8779_4769+versil91_474890ea_012d_4a25_96,10.873886501152711,4.450002384185758,0,"[0.2786232497006068, 0.2, 0.5213767502993931]","[0.2, 0.2, 0.6]",0.0,"{""adammandic87_3d7a58a6_4380_4e3"": -3.566495743958672, ""laquythang_8444c3be_8779_4769"": -4.099610519409147, ""versil91_474890ea_012d_4a25_96"": -4.450002384185758}",versil91_474890ea_012d_4a25_96,continuous_primal_dual_psd,6,10.873886501152711,10.873886501134365,1.8346213437325787e-11,"[5.141811715434728e-14, 0.7937606192572758, 0.20623938074267284]",primal=Optimization terminated successfully; dual=outer=Optimization terminated successfully; inner=Optimization terminated successfully,1,-226.84551676161195,226.84551676161198,7.719325896977809,
linear,triple,datlaaaaaaa_cc1f8701_0976_4f48+duyphu_4909ad74_a335_4972_9ed8+nhung02_db2c9545_4607_487b_9cc,157.39327263803042,55.70000715255734,0,"[0.2, 0.2, 0.6]","[0.2, 0.6, 0.2]",84.79968309402466,"{""datlaaaaaaa_cc1f8701_0976_4f48"": -54.25770587921139, ""duyphu_4909ad74_a335_4972_9ed8"": -46.02853364944455, ""nhung02_db2c9545_4607_487b_9cc"": -55.70000715255734}",nhung02_db2c9545_4607_487b_9cc,continuous_primal_dual_psd,6,157.39327263803042,157.39327263793064,9.978862181014847e-11,"[0.9999999999982994, 0.0, 1.7006799045537932e-12]",primal=Optimization terminated successfully; dual=outer=Optimization terminated successfully; inner=Optimization terminated successfully,1,-1852.657591376268,1852.6575913762679,108.04847784042371,
linear,triple,cunghoctienganh_b7496e73_1762+nhoxinh_2f944a50_cbd3_4334_af8+mrhungddddh_9b1deaac_4565_48f2,57.969443383335566,42.13940210342404,0,"[0.2020845558365667, 0.20000000000001728, 0.597915444163416]","[0.2, 0.4, 0.4]",6.6666364669799805,"{""cunghoctienganh_b7496e73_1762"": -42.13940210342404, ""mrhungddddh_9b1deaac_4565_48f2"": -16.01250476837155, ""nhoxinh_2f944a50_cbd3_4334_af8"": -41.798487377166715}",cunghoctienganh_b7496e73_1762,continuous_primal_dual_psd,6,57.969443383335566,57.96944338332541,1.0153655694011832e-11,"[0.3351222615520658, 0.0, 0.6648777384479342]",primal=Optimization terminated successfully; dual=outer=Optimization terminated successfully; inner=Optimization terminated successfully,1,-685.4603084863403,685.4603084863403,57.969443383320304,
linear,triple,versil91_01a5620a_fb5f_4bab_94+phungkhaccuong_a992b7f5_9d18_c+mrhungddddh_fe499423_02f3_4cfd,12.925082660740912,8.322385025024381,0,"[0.31947367702642193, 0.48052632297358333, 0.19999999999999474]","[0.6, 0.2, 0.2]",4.167389869689941,"{""mrhungddddh_fe499423_02f3_4cfd"": -6.751146984100309, ""phungkhaccuong_a992b7f5_9d18_c"": -8.322385025024381, ""versil91_01a5620a_fb5f_4bab_94"": -1.1523829635341674}",phungkhaccuong_a992b7f5_9d18_c,continuous_primal_dual_psd,6,12.925082660740912,12.925082660740852,6.039613253960852e-14,"[0.0, 0.1933654688751332, 0.8066345311248668]",primal=Optimization terminated successfully; dual=outer=Optimization terminated successfully; inner=Optimization terminated successfully,1,-231.59478970771067,231.59478970771067,10.0741412343602,
linear,triple,thaffggg_8a78a9b2_d3fa_4615_b8+phungkhaccuong_731c6dec_a942_4+datlaaaaaaa_0dbe42c8_b07b_4785,53.03742415086538,29.45000238418576,0,"[0.2, 0.4304488866816959, 0.36955111331830404]","[0.2, 0.6, 0.2]",14.999985694885254,"{""datlaaaaaaa_0dbe42c8_b07b_4785"": -29.45000238418576, ""phungkhaccuong_731c6dec_a942_4"": -8.5323716106248, ""thaffggg_8a78a9b2_d3fa_4615_b8"": -17.133596611022917}",datlaaaaaaa_0dbe42c8_b07b_4785,continuous_primal_dual_psd,6,53.03742415086538,53.03742415085778,7.595701845275471e-12,"[0.14109778743202958, 0.0, 0.8589022125679705]",primal=Optimization terminated successfully; dual=outer=Optimization terminated successfully; inner=Optimization terminated successfully,1,-560.337279378051,560.3372793780509,35.2064440993162,
linear,triple,nbninh_c4ae10ba_efe4_401e_8dd7+mrhunghd_9e58333c_df22_4a00_9c+adammandic87_f28f18cf_4abb_4db,26.608573496985283,6.196799945831266,0,"[0.2, 0.2, 0.6]","[0.4, 0.2, 0.4]",1.250004768371582,"{""adammandic87_f28f18cf_4abb_4db"": 1.5916674613952964, ""mrhunghd_9e58333c_df22_4a00_9c"": -6.196799945831266, ""nbninh_c4ae10ba_efe4_401e_8dd7"": 6.572720336914095}",mrhunghd_9e58333c_df22_4a00_9c,continuous_primal_dual_psd,6,26.608573496985283,26.608573496985283,0.0,"[0.0, 0.0, 1.0]",primal=Optimization terminated successfully; dual=outer=Optimization terminated successfully; inner=Optimization terminated successfully,1,-430.7897479522305,430.7897479522305,11.012509536743128,
linear,triple,nbninh_c4ae10ba_efe4_401e_8dd7+nbninh_a1f78795_1b61_4923_9235+nblinh63_0eb73af3_0631_437a_ad,-3.0734194827434322,17.035225105285612,0,"[0.5689454499230098, 0.20000000000008578, 0.23105455007690445]","[0.4, 0.2, 0.4]",0.09469985961914062,"{""nblinh63_0eb73af3_0631_437a_ad"": -17.035225105285612, ""nbninh_a1f78795_1b61_4923_9235"": -8.24735469818112, ""nbninh_c4ae10ba_efe4_401e_8dd7"": -6.258717250823942}",nblinh63_0eb73af3_0631_437a_ad,continuous_primal_dual_psd,6,-3.0734194827434322,-3.0734194827434322,0.0,"[1.0, 0.0, 0.0]",primal=Optimization terminated successfully; dual=outer=Optimization terminated successfully; inner=Optimization terminated successfully,0,22.19141024742594,0.0,-3.0734194827434216,
linear,triple,nbninh_0d8b128b_8753_46c3_b80f+versil91_121ef6e9_0ded_4fc3_8c+versil91_63cd5c4a_5a68_4c25_bd,9.499141610066948,7.234087657928434,0,"[0.2, 0.2, 0.6]","[0.2, 0.2, 0.6]",0.0,"{""nbninh_0d8b128b_8753_46c3_b80f"": -7.177272510528532, ""versil91_121ef6e9_0ded_4fc3_8c"": -7.234087657928434, ""versil91_63cd5c4a_5a68_4c25_bd"": -1.6591842454363743}",versil91_121ef6e9_0ded_4fc3_8c,continuous_primal_dual_psd,6,9.499141610066948,9.499141610066948,0.0,"[1.0, 0.0, 0.0]",primal=Optimization terminated successfully; dual=outer=Optimization terminated successfully; inner=Optimization terminated successfully,1,-189.08221071762378,189.08221071762378,2.366676998138369,
linear,triple,denbeo_d9ae91c0_fed9_4fb4_8ddd+nhoxinh_0c66c9c5_5cc2_46a8_9db+datlaaaaaaa_e8cccbe1_c136_409a,15.187172759432105,51.10211677551266,0,"[0.2, 0.20000000000009538, 0.5999999999999046]","[0.2, 0.4, 0.4]",3.234243392944336,"{""datlaaaaaaa_e8cccbe1_c136_409a"": -51.10211677551266, ""denbeo_d9ae91c0_fed9_4fb4_8ddd"": -49.4405180931091, ""nhoxinh_0c66c9c5_5cc2_46a8_9db"": -39.563635063171354}",datlaaaaaaa_e8cccbe1_c136_409a,continuous_primal_dual_psd,6,15.187172759432105,15.187172759432105,0.0,"[0.0, 1.0, 0.0]",primal=Optimization terminated successfully; dual=outer=Optimization terminated successfully; inner=Optimization terminated successfully,1,-200.3689032027806,244.1894901308399,15.179172229769847,
linear,triple,chauhoang_4909ad74_a335_4972_9+nhoxinh_2f944a50_cbd3_4334_af8+mrhunghd_9e58333c_df22_4a00_9c,23.12886314544015,22.959616851806608,0,"[0.21543843885116212, 0.20000000000000073, 0.5845615611488372]","[0.2, 0.4, 0.4]",8.64945650100708,"{""chauhoang_4909ad74_a335_4972_9"": -16.72271795272824, ""mrhunghd_9e58333c_df22_4a00_9c"": -22.959616851806608, ""nhoxinh_2f944a50_cbd3_4334_af8"": -22.347739410400358}",mrhunghd_9e58333c_df22_4a00_9c,continuous_primal_dual_psd,6,23.12886314544015,23.128863145428543,1.1606715588641237e-11,"[0.8187788868092921, 9.70522957504234e-14, 0.18122111319061093]",primal=Optimization terminated successfully; dual=outer=Optimization terminated successfully; inner=Optimization terminated successfully,1,-184.99142567687196,184.99142567687196,23.12886314538241,
linear,triple,datlaaaaaaa_cc1f8701_0976_4f48+laquythang_8444c3be_8779_4769+thaffggg_8c87f3d3_d4bb_475a_a8,103.53579182451959,75.92727251052852,0,"[0.20000000000001802, 0.20000000000000193, 0.5999999999999801]","[0.2, 0.2, 0.6]",0.0,"{""datlaaaaaaa_cc1f8701_0976_4f48"": -58.68077583312985, ""laquythang_8444c3be_8779_4769"": -59.00494165420529, ""thaffggg_8c87f3d3_d4bb_475a_a8"": -75.92727251052852}",thaffggg_8c87f3d3_d4bb_475a_a8,continuous_primal_dual_psd,6,103.53579182451959,103.53579182451959,0.0,"[0.0, 1.0, 0.0]",primal=Optimization terminated successfully; dual=outer=Optimization terminated successfully; inner=Optimization terminated successfully,1,-416.7329764901277,416.73297649012784,92.64710254669383,
linear,triple,versil91_e9f26c47_9b78_4e3f_81+laquythang_efe15045_778f_4dfa+hongngo_9d92894f_7b7b_49e0_8f3,-0.9817854054139907,0.7226256832808351,0,"[0.5290847736652521, 0.2709152263354912, 0.19999999999925677]","[0.6, 0.2, 0.2]",0.0,"{""hongngo_9d92894f_7b7b_49e0_8f3"": 6.84734277725223, ""laquythang_efe15045_778f_4dfa"": 3.8454502105713217, ""versil91_e9f26c47_9b78_4e3f_81"": -0.7226256832808351}",versil91_e9f26c47_9b78_4e3f_81,continuous_primal_dual_psd,6,-0.9817854054139907,-0.9817854054165966,2.6059154834001674e-12,"[0.8917298911212374, 0.10827010887876272, 0.0]",primal=Optimization terminated successfully; dual=outer=Optimization terminated successfully; inner=Optimization terminated successfully,1,-38.45773873245231,38.45773873245232,-0.9817854054139892,
linear,triple,adammandic87_3d7a58a6_4380_4e3+tuanna08go_7647f014_8af3_4266+nblinh63_0eb73af3_0631_437a_ad,18.18442518809478,1.1790592220819933,0,"[0.23363111414440998, 0.5663688858555906, 0.1999999999999994]","[0.4, 0.4, 0.2]",0.32586574282275915,"{""adammandic87_3d7a58a6_4380_4e3"": -1.1790592220819933, ""nblinh63_0eb73af3_0631_437a_ad"": 0.6257622718811362, ""tuanna08go_7647f014_8af3_4266"": -0.6598153654149781}",adammandic87_3d7a58a6_4380_4e3,continuous_primal_dual_psd,6,18.18442518809478,18.18442518809478,0.0,"[0.0, 0.0, 1.0]",primal=Optimization terminated successfully; dual=outer=Optimization terminated successfully; inner=Optimization terminated successfully,1,-220.50084261449837,220.50084261449837,0.16826129441206455,
linear,triple,thaffggg_8a78a9b2_d3fa_4615_b8+mrhungddddh_fe499423_02f3_4cfd+mrhunghddddd_d692685b_fdb4_477,100.0565233267913,80.05898303985592,0,"[0.2, 0.2, 0.6]","[0.4, 0.4, 0.2]",18.794429302215576,"{""mrhungddddh_fe499423_02f3_4cfd"": -75.19810504913326, ""mrhunghddddd_d692685b_fdb4_477"": -80.05898303985592, ""thaffggg_8a78a9b2_d3fa_4615_b8"": -46.67029685974118}",mrhunghddddd_d692685b_fdb4_477,continuous_primal_dual_psd,6,100.0565233267913,100.05652332660773,1.8356161035626428e-10,"[0.9999999999964109, 3.5892302582084777e-12, 0.0]",primal=Optimization terminated successfully; dual=outer=Optimization terminated successfully; inner=Optimization terminated successfully,1,-416.27890859483864,416.27890859483864,83.51247615814206,
linear,triple,mrhungddddh_9b1deaac_4565_48f2+mrhungddddh_911f6275_22fd_4f41+datlaaaaaaa_0dbe42c8_b07b_4785,28.924961844044674,26.637497615814176,0,"[0.2454739059630054, 0.3318720199913535, 0.42265407404564104]","[0.2, 0.6, 0.2]",1.4583468437194824,"{""datlaaaaaaa_0dbe42c8_b07b_4785"": -24.76250238418576, ""mrhungddddh_911f6275_22fd_4f41"": -15.586367321014372, ""mrhungddddh_9b1deaac_4565_48f2"": -26.637497615814176}",mrhungddddh_9b1deaac_4565_48f2,continuous_primal_dual_psd,6,28.924961844044674,28.92496184404328,1.3926637620897964e-12,"[0.046528962692977356, 0.9391075004191017, 0.014363536887920888]",primal=Optimization terminated successfully; dual=outer=Optimization terminated successfully; inner=Optimization terminated successfully,1,-412.8221795079844,412.82217950798446,28.920144894932147,
linear,triple,taronklm_trained_model+tuanna08go_6af2bb68_a65f_4331+versil91_474890ea_012d_4a25_96,-4.529229533950022,-0.8206427097418141,1,"[0.512353419915092, 0.2, 0.28764658008490795]","[0.6, 0.2, 0.2]",0.0,"{""taronklm_trained_model"": 0.8206427097418141, ""tuanna08go_6af2bb68_a65f_4331"": 19.083651828765902, ""versil91_474890ea_012d_4a25_96"": 67.19773702621463}",taronklm_trained_model,continuous_primal_dual_psd,6,-4.529229533950022,-4.529229533950022,0.0,"[0.0, 1.0, 0.0]",primal=Optimization terminated successfully; dual=outer=Optimization terminated successfully; inner=Optimization terminated successfully,1,-156.207064486256,156.207064486256,-4.632796407444368,
linear,triple,cunghoctienganh_b7496e73_1762+phungkhaccuong_a992b7f5_9d18_c+adammandic87_f28f18cf_4abb_4db,21.582301610177986,26.457586956024137,0,"[0.2816500818486389, 0.20000000000000015, 0.518349918151361]","[0.2, 0.2, 0.6]",0.0,"{""adammandic87_f28f18cf_4abb_4db"": -18.095830154418913, ""cunghoctienganh_b7496e73_1762"": -26.457586956024137, ""phungkhaccuong_a992b7f5_9d18_c"": -25.75245208740231}",cunghoctienganh_b7496e73_1762,continuous_primal_dual_psd,6,21.582301610177986,21.582301610151006,2.6979307676811004e-11,"[0.3310821859785367, 2.998849066101431e-14, 0.6689178140214334]",primal=Optimization terminated successfully; dual=outer=Optimization terminated successfully; inner=Optimization terminated successfully,1,-207.861957744673,207.86195774467296,21.50930799702238,
linear,triple,lhong4759_f68c5c87_934d_4399_b+cunghoctienganh_c1cf0152_7ae6+phungkhaccuong_2b1522e6_bef2_7,20.296242174080287,12.15832538604733,0,"[0.20000000000084045, 0.22879535556151556, 0.571204644437644]","[0.2, 0.6, 0.2]",10.520851612091064,"{""cunghoctienganh_c1cf0152_7ae6"": -8.512499999999967, ""lhong4759_f68c5c87_934d_4399_b"": -12.15832538604733, ""phungkhaccuong_2b1522e6_bef2_7"": -2.8875023841857583}",lhong4759_f68c5c87_934d_4399_b,continuous_primal_dual_psd,6,20.296242174080287,20.296242173545632,5.34654986950045e-10,"[0.2512771393153921, 2.122663373777217e-11, 0.7487228606633813]",primal=Positive directional derivative for linesearch; dual=outer=Optimization terminated successfully; inner=Optimization terminated successfully,1,-760.7889468808979,760.7889468808979,20.29115805385039,
ties,pair,lhong4759_f68c5c87_934d_4399_b+adammandic87_3d7a58a6_4380_4e3,-1.0305848174458603,1.032462242668513,0,"[0.2, 0.8]","[0.2, 0.8]",0.0,"{""adammandic87_3d7a58a6_4380_4e3"": -1.032462242668513, ""lhong4759_f68c5c87_934d_4399_b"": 1.383337306976351}",adammandic87_3d7a58a6_4380_4e3,continuous_primal_dual_psd,4,-1.0305848174458603,-1.0305848174458603,0.0,"[0.0, 1.0]",primal=Optimization terminated successfully; dual=outer=Optimization terminated successfully; inner=Optimization terminated successfully,0,8.505230074719007,0.0,-1.0305848174458603,
ties,pair,lhong4759_f68c5c87_934d_4399_b+versil91_01a5620a_fb5f_4bab_94,3.3400381352185584,7.26250715255734,0,"[0.2, 0.8]","[0.2, 0.8]",0.0,"{""lhong4759_f68c5c87_934d_4399_b"": -7.26250715255734, ""versil91_01a5620a_fb5f_4bab_94"": -1.5333301544137563}",lhong4759_f68c5c87_934d_4399_b,continuous_primal_dual_psd,4,3.3400381352185584,3.3400381352185584,0.0,"[0.0, 1.0]",primal=Optimization terminated successfully; dual=outer=Optimization terminated successfully; inner=Optimization terminated successfully,1,-20.10494470596318,20.10494470596318,3.340038135218559,
ties,pair,lhong4759_f68c5c87_934d_4399_b+taronklm_trained_model,-23.416696119308522,-0.056047354886831977,1,"[0.2, 0.8]","[0.2, 0.8]",0.0,"{""lhong4759_f68c5c87_934d_4399_b"": 50.39374523162845, ""taronklm_trained_model"": 0.056047354886831977}",taronklm_trained_model,continuous_primal_dual_psd,4,-23.416696119308522,-23.416696119308522,0.0,"[1.0, 0.0]",primal=Optimization terminated successfully; dual=outer=Optimization terminated successfully; inner=Optimization terminated successfully,1,-23.137032985687156,23.137032985687156,-23.416696119308522,
ties,pair,adammandic87_3d7a58a6_4380_4e3+versil91_01a5620a_fb5f_4bab_94,1.2594828679837098,-0.46492613304947755,1,"[0.2, 0.8]","[0.8, 0.2]",0.8638758811142491,"{""adammandic87_3d7a58a6_4380_4e3"": 0.46492613304947755, ""versil91_01a5620a_fb5f_4bab_94"": 0.7047645646742026}",adammandic87_3d7a58a6_4380_4e3,continuous_primal_dual_psd,4,1.2594828679837098,1.2594828679837098,0.0,"[1.6653345369377348e-16, 0.9999999999999998]",primal=Optimization terminated successfully; dual=outer=Optimization terminated successfully; inner=Optimization terminated successfully,1,-20.498641048410967,20.498641048410967,0.8495100470154904,
ties,pair,adammandic87_3d7a58a6_4380_4e3+taronklm_trained_model,-4.786021778009861,-0.34863644120850407,1,"[0.46414435937256804, 0.535855640627432]","[0.2, 0.8]",0.12496779973576955,"{""adammandic87_3d7a58a6_4380_4e3"": 20.263387828677438, ""taronklm_trained_model"": 0.34863644120850407}",taronklm_trained_model,continuous_primal_dual_psd,4,-4.786021778009861,-4.786021778009861,0.0,"[1.0, 0.0]",primal=Optimization terminated successfully; dual=outer=Optimization terminated successfully; inner=Optimization terminated successfully,0,27.362512429735265,0.0,-4.786021778009861,
ties,pair,adammandic87_3d7a58a6_4380_4e3+versil91_e9f26c47_9b78_4e3f_81,0.9613101512116491,0.6345528602641052,0,"[0.2, 0.8]","[0.8, 0.2]",0.14921684225789333,"{""adammandic87_3d7a58a6_4380_4e3"": -0.6345528602641052, ""versil91_e9f26c47_9b78_4e3f_81"": 0.2864252632145738}",adammandic87_3d7a58a6_4380_4e3,continuous_primal_dual_psd,4,0.9613101512116491,0.9613101512116491,0.0,"[5.551115123125783e-17, 1.0]",primal=Optimization terminated successfully; dual=outer=Optimization terminated successfully; inner=Optimization terminated successfully,1,-9.300583715899958,9.300583715899958,0.77529847689365,
ties,pair,versil91_01a5620a_fb5f_4bab_94+taronklm_trained_model,-21.011700823059527,-0.49334986262296565,1,"[0.2, 0.8]","[0.2, 0.8]",0.0,"{""taronklm_trained_model"": 0.49334986262296565, ""versil91_01a5620a_fb5f_4bab_94"": 6.776203062116989}",taronklm_trained_model,continuous_primal_dual_psd,4,-21.011700823059527,-21.011700823059527,0.0,"[1.0, 0.0]",primal=Optimization terminated successfully; dual=outer=Optimization terminated successfully; inner=Optimization terminated successfully,1,-5.703896558219629,5.703896558219629,-21.12577875422392,
ties,pair,versil91_01a5620a_fb5f_4bab_94+versil91_e9f26c47_9b78_4e3f_81,2.2298169740165337,0.14796294800334903,0,"[0.2, 0.8]","[0.6, 0.4]",0.23529431564208203,"{""versil91_01a5620a_fb5f_4bab_94"": -0.057140716237838535, ""versil91_e9f26c47_9b78_4e3f_81"": -0.14796294800334903}",versil91_e9f26c47_9b78_4e3f_81,continuous_primal_dual_psd,4,2.2298169740165337,2.2298169740165337,0.0,"[1.0, 5.551115123125783e-17]",primal=Optimization terminated successfully; dual=outer=Optimization terminated successfully; inner=Optimization terminated successfully,1,-11.663149154067053,11.663149154067053,1.9965539909351924,
ties,pair,versil91_01a5620a_fb5f_4bab_94+versil91_8444c3be_8779_4769_a0,4.9500066757201875,0.5571420786319464,0,"[0.2, 0.8]","[0.2, 0.8]",0.0,"{""versil91_01a5620a_fb5f_4bab_94"": -0.5571420786319464, ""versil91_8444c3be_8779_4769_a0"": -0.32217499481650974}",versil91_01a5620a_fb5f_4bab_94,continuous_primal_dual_psd,4,4.9500066757201875,4.9500066757201875,0.0,"[5.551115123125783e-17, 1.0]",primal=Optimization terminated successfully; dual=outer=Optimization terminated successfully; inner=Optimization terminated successfully,1,-31.249821186065677,31.249821186065677,4.325010251998873,
ties,pair,taronklm_trained_model+versil91_e9f26c47_9b78_4e3f_81,-17.554284579609668,-0.6943070578459851,1,"[0.8, 0.19999999999999996]","[0.8, 0.2]",0.0,"{""taronklm_trained_model"": 0.6943070578459851, ""versil91_e9f26c47_9b78_4e3f_81"": 8.80454061986697}",taronklm_trained_model,continuous_primal_dual_psd,4,-17.554284579609668,-17.554284579609668,0.0,"[0.0, 1.0]",primal=Optimization terminated successfully; dual=outer=Optimization terminated successfully; inner=Optimization terminated successfully,0,44.45682200786286,0.0,-17.554284579609664,
ties,pair,taronklm_trained_model+versil91_8444c3be_8779_4769_a0,-38.36774523232218,-0.49514468436854386,1,"[0.5934583328068395, 0.40654166719316054]","[0.8, 0.2]",0.057440536845387746,"{""taronklm_trained_model"": 0.49514468436854386, ""versil91_8444c3be_8779_4769_a0"": 8.671030923254637}",taronklm_trained_model,continuous_primal_dual_psd,4,-38.36774523232218,-38.36774523232218,0.0,"[1.0, 0.0]",primal=Optimization terminated successfully; dual=outer=Optimization terminated successfully; inner=Optimization terminated successfully,0,197.26544618606593,0.0,-38.36774523232218,
ties,pair,taronklm_trained_model+tuanna08go_6af2bb68_a65f_4331,-3.3561873797002857,-0.40291473456114285,1,"[0.8, 0.19999999999999996]","[0.8, 0.2]",0.0,"{""taronklm_trained_model"": 0.40291473456114285, ""tuanna08go_6af2bb68_a65f_4331"": 32.62531452178958}",taronklm_trained_model,continuous_primal_dual_psd,4,-3.3561873797002857,-3.3561873797002857,0.0,"[0.0, 1.0]",primal=Optimization terminated successfully; dual=outer=Optimization terminated successfully; inner=Optimization terminated successfully,0,2.39973770365024,0.0,-3.3561873797002857,
ties,pair,versil91_e9f26c47_9b78_4e3f_81+versil91_8444c3be_8779_4769_a0,3.137503337860077,0.6773776826345793,0,"[0.2, 0.8]","[0.4, 0.6]",0.7126719982766513,"{""versil91_8444c3be_8779_4769_a0"": -0.013346020556268661, ""versil91_e9f26c47_9b78_4e3f_81"": -0.6773776826345793}",versil91_e9f26c47_9b78_4e3f_81,continuous_primal_dual_psd,4,3.137503337860077,3.137503337860077,0.0,"[0.0, 1.0]",primal=Optimization terminated successfully; dual=outer=Optimization terminated successfully; inner=Optimization terminated successfully,1,-15.624761581420888,15.624761581420888,2.825008106231659,
ties,pair,versil91_e9f26c47_9b78_4e3f_81+tuanna08go_6af2bb68_a65f_4331,0.15802041085217922,-0.8000033659153843,1,"[0.2, 0.8]","[0.4, 0.6]",1.1764749441258044,"{""tuanna08go_6af2bb68_a65f_4331"": 2.6092975616455405, ""versil91_e9f26c47_9b78_4e3f_81"": 0.8000033659153843}",versil91_e9f26c47_9b78_4e3f_81,continuous_primal_dual_psd,4,0.15802041085217922,0.15802041085217922,0.0,"[0.0, 1.0]",primal=Optimization terminated successfully; dual=outer=Optimization terminated successfully; inner=Optimization terminated successfully,1,-4.735467722439908,4.735467722439908,0.06331105640338104,
ties,pair,versil91_e9f26c47_9b78_4e3f_81+duyphu_7aba420b_74ac_4209_b514,0.595119647902294,4.554167461395231,0,"[0.6415814551460651, 0.3584185448539349]","[0.8, 0.2]",3.5416603088378906,"{""duyphu_7aba420b_74ac_4209_b514"": -4.554167461395231, ""versil91_e9f26c47_9b78_4e3f_81"": -0.6411738966529438}",duyphu_7aba420b_74ac_4209_b514,continuous_primal_dual_psd,4,0.595119647902294,0.595119647902294,0.0,"[1.0, 0.0]",primal=Optimization terminated successfully; dual=outer=Optimization terminated successfully; inner=Optimization terminated successfully,0,47.99096326860921,0.0,0.595119647902294,
ties,pair,versil91_8444c3be_8779_4769_a0+tuanna08go_6af2bb68_a65f_4331,-0.011783902830222903,-0.7999999999999945,1,"[0.37699064751384453, 0.6230093524861555]","[0.6, 0.4]",0.9411784307336868,"{""tuanna08go_6af2bb68_a65f_4331"": 4.692622947692904, ""versil91_8444c3be_8779_4769_a0"": 0.7999999999999945}",versil91_8444c3be_8779_4769_a0,continuous_primal_dual_psd,4,-0.011783902830222903,-0.011783902830222903,0.0,"[0.0, 1.0]",primal=Optimization terminated successfully; dual=outer=Optimization terminated successfully; inner=Optimization terminated successfully,0,6.804604972961203,0.0,-0.011783902830222848,
ties,pair,versil91_8444c3be_8779_4769_a0+duyphu_7aba420b_74ac_4209_b514,5.227672377575411,0.983937087171594,0,"[0.2548680124965734, 0.7451319875034266]","[0.8, 0.2]",15.341062912828374,"{""duyphu_7aba420b_74ac_4209_b514"": 0.6541698455810874, ""versil91_8444c3be_8779_4769_a0"": -0.983937087171594}",versil91_8444c3be_8779_4769_a0,continuous_primal_dual_psd,4,5.227672377575411,5.227672377548755,2.665601073204016e-11,"[0.7198157848110137, 0.2801842151889863]",primal=Optimization terminated successfully; dual=outer=Optimization terminated successfully; inner=Optimization terminated successfully,1,-46.87502980232239,46.87502980232239,5.227672377575411,
ties,pair,versil91_8444c3be_8779_4769_a0+thaffggg_8a78a9b2_d3fa_4615_b8,5.950006318092327,3.5409123420715005,0,"[0.7999999999999999, 0.20000000000000007]","[0.8, 0.2]",0.0,"{""thaffggg_8a78a9b2_d3fa_4615_b8"": -3.5409123420715005, ""versil91_8444c3be_8779_4769_a0"": -1.880996564082823}",thaffggg_8a78a9b2_d3fa_4615_b8,continuous_primal_dual_psd,4,5.950006318092327,5.950006318092327,0.0,"[1.0, 0.0]",primal=Optimization terminated successfully; dual=outer=Optimization terminated successfully; inner=Optimization terminated successfully,0,7.812529802322309,0.0,5.950006318092327,
ties,pair,tuanna08go_6af2bb68_a65f_4331+duyphu_7aba420b_74ac_4209_b514,0.10742159752297065,2.5750071525573404,0,"[0.8, 0.19999999999999996]","[0.6, 0.4]",1.2740373611450195,"{""duyphu_7aba420b_74ac_4209_b514"": -2.5750071525573404, ""tuanna08go_6af2bb68_a65f_4331"": 1.1750071525574057}",duyphu_7aba420b_74ac_4209_b514,continuous_primal_dual_psd,4,0.10742159752297065,0.10742159752297065,0.0,"[1.0, 0.0]",primal=Optimization terminated successfully; dual=outer=Optimization terminated successfully; inner=Optimization terminated successfully,1,-5.572438240051267,5.572438240051267,0.07329371319401357,
ties,pair,tuanna08go_6af2bb68_a65f_4331+thaffggg_8a78a9b2_d3fa_4615_b8,0.04411362021951648,-2.553197669982943,1,"[0.8, 0.19999999999999996]","[0.6, 0.4]",0.4647493362426758,"{""thaffggg_8a78a9b2_d3fa_4615_b8"": 4.01153259277347, ""tuanna08go_6af2bb68_a65f_4331"": 2.553197669982943}",tuanna08go_6af2bb68_a65f_4331,continuous_primal_dual_psd,4,0.04411362021951648,0.04411362021951648,0.0,"[1.0, 0.0]",primal=Optimization terminated successfully; dual=outer=Optimization terminated successfully; inner=Optimization terminated successfully,0,3.0503676302101224,0.0,0.04411362021951659,
ties,pair,tuanna08go_6af2bb68_a65f_4331+datlaaaaaaa_cc1f8701_0976_4f48,20.427730154991114,1.8458396911620767,0,"[0.8, 0.19999999999999996]","[0.8, 0.2]",0.0,"{""datlaaaaaaa_cc1f8701_0976_4f48"": 2.136525440216097, ""tuanna08go_6af2bb68_a65f_4331"": -1.8458396911620767}",tuanna08go_6af2bb68_a65f_4331,continuous_primal_dual_psd,4,20.427730154991114,20.427730154991114,0.0,"[0.0, 1.0]",primal=Optimization terminated successfully; dual=outer=Optimization terminated successfully; inner=Optimization terminated successfully,1,-71.61453366279596,71.61453366279596,-0.11296970595311873,
ties,pair,duyphu_7aba420b_74ac_4209_b514+thaffggg_8a78a9b2_d3fa_4615_b8,25.418751907348607,14.241662693023649,0,"[0.2, 0.8]","[0.8, 0.2]",13.750004768371582,"{""duyphu_7aba420b_74ac_4209_b514"": -14.241662693023649, ""thaffggg_8a78a9b2_d3fa_4615_b8"": -8.654549789428678}",duyphu_7aba420b_74ac_4209_b514,continuous_primal_dual_psd,4,25.418751907348607,25.418751907348607,0.0,"[0.0, 1.0]",primal=Optimization terminated successfully; dual=outer=Optimization terminated successfully; inner=Optimization terminated successfully,1,-57.29138851165779,57.29138851165779,24.27292413711545,
ties,pair,duyphu_7aba420b_74ac_4209_b514+datlaaaaaaa_cc1f8701_0976_4f48,5.836850476264916,10.804167461395231,0,"[0.8, 0.19999999999999996]","[0.8, 0.2]",0.0,"{""datlaaaaaaa_cc1f8701_0976_4f48"": -2.1583349227904947, ""duyphu_7aba420b_74ac_4209_b514"": -10.804167461395231}",duyphu_7aba420b_74ac_4209_b514,continuous_primal_dual_psd,4,5.836850476264916,5.836850476264916,0.0,"[0.0, 1.0]",primal=Optimization terminated successfully; dual=outer=Optimization terminated successfully; inner=Optimization terminated successfully,0,29.711574316024763,0.0,5.836850476264917,
ties,pair,duyphu_7aba420b_74ac_4209_b514+tuanna08go_7647f014_8af3_4266,-0.12751713446005158,-0.23925044965678346,1,"[0.2, 0.8]","[0.2, 0.8]",0.0,"{""duyphu_7aba420b_74ac_4209_b514"": 8.98749523162845, ""tuanna08go_7647f014_8af3_4266"": 0.23925044965678346}",tuanna08go_7647f014_8af3_4266,continuous_primal_dual_psd,4,-0.12751713446005158,-0.12751713446005158,0.0,"[0.0, 1.0]",primal=Optimization terminated successfully; dual=outer=Optimization terminated successfully; inner=Optimization terminated successfully,1,-66.65199995040886,66.65199995040886,-0.13590665458764173,
ties,pair,thaffggg_8a78a9b2_d3fa_4615_b8+datlaaaaaaa_cc1f8701_0976_4f48,8.92783001098941,8.15192766189572,0,"[0.5740332397151766, 0.4259667602848234]","[0.6, 0.4]",0.0,"{""datlaaaaaaa_cc1f8701_0976_4f48"": -8.15192766189572, ""thaffggg_8a78a9b2_d3fa_4615_b8"": -6.338122558593717}",datlaaaaaaa_cc1f8701_0976_4f48,continuous_primal_dual_psd,4,8.92783001098941,8.92783001098941,0.0,"[1.0, 5.551115123125783e-17]",primal=Optimization terminated successfully; dual=outer=Optimization terminated successfully; inner=Optimization terminated successfully,0,235.67706346511832,0.0,8.92783001098941,
ties,pair,thaffggg_8a78a9b2_d3fa_4615_b8+tuanna08go_7647f014_8af3_4266,0.6154359720165078,0.9915886649781687,0,"[0.20000000000000195, 0.799999999999998]","[0.2, 0.8]",0.0,"{""thaffggg_8a78a9b2_d3fa_4615_b8"": 8.55698280334476, ""tuanna08go_7647f014_8af3_4266"": -0.9915886649781687}",tuanna08go_7647f014_8af3_4266,continuous_primal_dual_psd,4,0.6154359720165078,0.6154359720165078,0.0,"[0.0, 1.0]",primal=Optimization terminated successfully; dual=outer=Optimization terminated successfully; inner=Optimization terminated successfully,1,-3.8590698101317154,3.8590698101317154,0.538254575813872,
ties,pair,thaffggg_8a78a9b2_d3fa_4615_b8+tuanna08go_c1cf0152_7ae6_43b6,6.220831346512799,8.147552680969206,0,"[0.20000000000001364, 0.7999999999999864]","[0.2, 0.8]",0.0,"{""thaffggg_8a78a9b2_d3fa_4615_b8"": -8.147552680969206, ""tuanna08go_c1cf0152_7ae6_43b6"": -7.579377365112272}",thaffggg_8a78a9b2_d3fa_4615_b8,continuous_primal_dual_psd,4,6.220831346512799,6.220831346512799,0.0,"[0.0, 1.0]",primal=Optimization terminated successfully; dual=outer=Optimization terminated successfully; inner=Optimization terminated successfully,1,-54.68741059303285,54.68741059303285,5.127083134651993,
ties,pair,datlaaaaaaa_cc1f8701_0976_4f48+tuanna08go_7647f014_8af3_4266,0.04463058806903506,0.7242998201372921,0,"[0.20000000000000215, 0.7999999999999978]","[0.2, 0.8]",0.0,"{""datlaaaaaaa_cc1f8701_0976_4f48"": 6.174990463256869, ""tuanna08go_7647f014_8af3_4266"": -0.7242998201372921}",tuanna08go_7647f014_8af3_4266,continuous_primal_dual_psd,4,0.04463058806903506,0.04463058806903506,0.0,"[0.0, 1.0]",primal=Optimization terminated successfully; dual=outer=Optimization terminated successfully; inner=Optimization terminated successfully,0,2.4328782705437835,0.0,0.04463058806903506,
ties,pair,datlaaaaaaa_cc1f8701_0976_4f48+tuanna08go_c1cf0152_7ae6_43b6,6.91306955814358,4.994872283935514,0,"[0.2, 0.8]","[0.2, 0.8]",0.0,"{""datlaaaaaaa_cc1f8701_0976_4f48"": -4.994872283935514, ""tuanna08go_c1cf0152_7ae6_43b6"": -2.911534976959196}",datlaaaaaaa_cc1f8701_0976_4f48,continuous_primal_dual_psd,4,6.91306955814358,6.91306955814358,0.0,"[0.9999999999999999, 1.6653345369377348e-16]",primal=Optimization terminated successfully; dual=outer=Optimization terminated successfully; inner=Optimization terminated successfully,0,73.86371493339526,0.0,6.913069558143581,
ties,pair,datlaaaaaaa_cc1f8701_0976_4f48+laquythang_8444c3be_8779_4769,31.550954055786104,27.575019073486295,0,"[0.2, 0.8]","[0.4, 0.6]",9.157180786132812,"{""datlaaaaaaa_cc1f8701_0976_4f48"": -25.828209590911833, ""laquythang_8444c3be_8779_4769"": -27.575019073486295}",laquythang_8444c3be_8779_4769,continuous_primal_dual_psd,4,31.550954055786104,31.550954055786104,0.0,"[0.0, 1.0]",primal=Optimization terminated successfully; dual=outer=Optimization terminated successfully; inner=Optimization terminated successfully,1,-67.70834326744102,67.70834326744102,30.467050147056558,
ties,pair,tuanna08go_7647f014_8af3_4266+tuanna08go_c1cf0152_7ae6_43b6,0.4510600593111426,-0.23925044965678346,1,"[0.4041922333860938, 0.5958077666139062]","[0.8, 0.2]",1.2308391146349522,"{""tuanna08go_7647f014_8af3_4266"": 0.23925044965678346, ""tuanna08go_c1cf0152_7ae6_43b6"": 8.126482295990023}",tuanna08go_7647f014_8af3_4266,continuous_primal_dual_psd,4,0.4510600593111426,0.45106005931114207,5.551115123125783e-16,"[0.9672092420884983, 0.03279075791150162]",primal=Optimization terminated successfully; dual=outer=Optimization terminated successfully; inner=Optimization terminated successfully,1,-74.21880960464473,74.21880960464473,0.3756785385760705,
ties,pair,tuanna08go_7647f014_8af3_4266+laquythang_8444c3be_8779_4769,0.9664434172067737,0.8214929829069332,0,"[0.8, 0.19999999999999996]","[0.8, 0.2]",0.0,"{""laquythang_8444c3be_8779_4769"": 8.324596214294466, ""tuanna08go_7647f014_8af3_4266"": -0.8214929829069332}",tuanna08go_7647f014_8af3_4266,continuous_primal_dual_psd,4,0.9664434172067737,0.9664434172067737,0.0,"[1.0, 0.0]",primal=Optimization terminated successfully; dual=outer=Optimization terminated successfully; inner=Optimization terminated successfully,1,-2.348996510319081,2.348996510319081,0.21476453390466776,
ties,pair,tuanna08go_7647f014_8af3_4266+laquythang_efe15045_778f_4dfa,-0.056913947074624716,-0.7289725801123134,1,"[0.7206895648246721, 0.27931043517532794]","[0.8, 0.2]",0.0,"{""laquythang_efe15045_778f_4dfa"": 21.800002384185824, ""tuanna08go_7647f014_8af3_4266"": 0.7289725801123134}",tuanna08go_7647f014_8af3_4266,continuous_primal_dual_psd,4,-0.056913947074624716,-0.056913947074624716,0.0,"[1.0, 0.0]",primal=Optimization terminated successfully; dual=outer=Optimization terminated successfully; inner=Optimization terminated successfully,0,4.865775742589273,0.0,-0.056913947074624494,
ties,pair,tuanna08go_c1cf0152_7ae6_43b6+laquythang_8444c3be_8779_4769,5.064594817161769,6.012514305114713,0,"[0.7999999999999929, 0.20000000000000706]","[0.8, 0.2]",0.0,"{""laquythang_8444c3be_8779_4769"": -6.012514305114713, ""tuanna08go_c1cf0152_7ae6_43b6"": -4.360404682159391}",laquythang_8444c3be_8779_4769,continuous_primal_dual_psd,4,5.064594817161769,5.064594817161769,0.0,"[1.0, 0.0]",primal=Optimization terminated successfully; dual=outer=Optimization terminated successfully; inner=Optimization terminated successfully,0,0.00044703483572608584,0.0,5.064594817161769,
ties,pair,tuanna08go_c1cf0152_7ae6_43b6+laquythang_efe15045_778f_4dfa,2.5550008535384756,-3.0500023841858237,1,"[0.8, 0.19999999999999996]","[0.8, 0.2]",0.0,"{""laquythang_efe15045_778f_4dfa"": 3.1636326789856284, ""tuanna08go_c1cf0152_7ae6_43b6"": 3.0500023841858237}",tuanna08go_c1cf0152_7ae6_43b6,continuous_primal_dual_psd,4,2.5550008535384756,2.5550008535384756,0.0,"[0.0, 1.0]",primal=Optimization terminated successfully; dual=outer=Optimization terminated successfully; inner=Optimization terminated successfully,1,-27.043372392654415,27.043372392654415,-1.2739633798599597,
ties,pair,tuanna08go_c1cf0152_7ae6_43b6+cunghoctienganh_c1cf0152_7ae6,2.229729366302459,2.2297293663024575,0,"[0.2, 0.8]","[0.2, 0.8]",0.0,"{""cunghoctienganh_c1cf0152_7ae6"": -0.6999999999999673, ""tuanna08go_c1cf0152_7ae6_43b6"": -2.2297293663024575}",tuanna08go_c1cf0152_7ae6_43b6,continuous_primal_dual_psd,4,2.229729366302459,2.229729366302459,0.0,"[5.551115123125783e-17, 1.0]",primal=Optimization terminated successfully; dual=outer=Optimization terminated successfully; inner=Optimization terminated successfully,1,-2.9239025279984583e-15,2.9239025279984583e-15,2.229729366302459,
ties,pair,laquythang_8444c3be_8779_4769+laquythang_efe15045_778f_4dfa,4.929972362518495,-2.3681967735290854,1,"[0.20000000000000312, 0.7999999999999969]","[0.2, 0.8]",0.0,"{""laquythang_8444c3be_8779_4769"": 3.1636445999145835, ""laquythang_efe15045_778f_4dfa"": 2.3681967735290854}",laquythang_efe15045_778f_4dfa,continuous_primal_dual_psd,4,4.929972362518495,4.9299723625184955,0.0,"[1.0, 1.1102230246251565e-16]",primal=Optimization terminated successfully; dual=outer=Optimization terminated successfully; inner=Optimization terminated successfully,1,-152.24382281303406,152.24382281303406,3.173164200782904,
ties,pair,laquythang_8444c3be_8779_4769+cunghoctienganh_c1cf0152_7ae6,4.0721905946958135,11.37235469818112,0,"[0.2000000000004216, 0.7999999999995784]","[0.2, 0.8]",0.0,"{""cunghoctienganh_c1cf0152_7ae6"": -11.116662693023649, ""laquythang_8444c3be_8779_4769"": -11.37235469818112}",laquythang_8444c3be_8779_4769,continuous_primal_dual_psd,4,4.0721905946958135,4.0721905946958135,0.0,"[1.0, 0.0]",primal=Optimization terminated successfully; dual=outer=Optimization terminated successfully; inner=Optimization terminated successfully,0,10.717064142227098,0.0,4.0721905946958135,
ties,pair,laquythang_8444c3be_8779_4769+cunghoctienganh_4909ad74_a335,4.9346093856333635,10.595837306976286,0,"[0.6363117716484513, 0.3636882283515487]","[0.6, 0.4]",0.0,"{""cunghoctienganh_4909ad74_a335"": -10.595837306976286, ""laquythang_8444c3be_8779_4769"": -9.14696760177609}",cunghoctienganh_4909ad74_a335,continuous_primal_dual_psd,4,4.9346093856333635,4.934609385599847,3.3516300845803926e-11,"[0.7252343541214686, 0.2747656458785313]",primal=Optimization terminated successfully; dual=outer=Optimization terminated successfully; inner=Optimization terminated successfully,0,55.6892156600952,0.0,4.9346093856333635,
ties,pair,laquythang_efe15045_778f_4dfa+cunghoctienganh_c1cf0152_7ae6,-0.590061473846474,7.991662693023649,0,"[0.2, 0.8]","[0.2, 0.8]",0.0,"{""cunghoctienganh_c1cf0152_7ae6"": -7.991662693023649, ""laquythang_efe15045_778f_4dfa"": -1.9499928474425943}",cunghoctienganh_c1cf0152_7ae6,continuous_primal_dual_psd,4,-0.590061473846474,-0.590061473846474,0.0,"[1.0, 0.0]",primal=Optimization terminated successfully; dual=outer=Optimization terminated successfully; inner=Optimization terminated successfully,0,38.06084394454955,0.0,-0.590061473846474,
ties,pair,laquythang_efe15045_778f_4dfa+cunghoctienganh_4909ad74_a335,13.829000663757299,13.455680084228483,0,"[0.2, 0.8]","[0.8, 0.2]",3.8162946701049805,"{""cunghoctienganh_4909ad74_a335"": -13.455680084228483, ""laquythang_efe15045_778f_4dfa"": -2.177277278900114}",cunghoctienganh_4909ad74_a335,continuous_primal_dual_psd,4,13.829000663757299,13.829000663757299,0.0,"[1.0, 0.0]",primal=Optimization terminated successfully; dual=outer=Optimization terminated successfully; inner=Optimization terminated successfully,1,-43.5695052146912,43.5695052146912,12.957610559463475,
ties,pair,laquythang_efe15045_778f_4dfa+cunghoctienganh_b7496e73_1762,-0.9225957870483832,-0.09543590545657565,1,"[0.8, 0.19999999999999996]","[0.8, 0.2]",0.0,"{""cunghoctienganh_b7496e73_1762"": 0.606807994842562, ""laquythang_efe15045_778f_4dfa"": 0.09543590545657565}",laquythang_efe15045_778f_4dfa,continuous_primal_dual_psd,4,-0.9225957870483832,-0.9225957870483832,0.0,"[1.0, 0.0]",primal=Optimization terminated successfully; dual=outer=Optimization terminated successfully; inner=Optimization terminated successfully,0,38.06084394454957,0.0,-0.9225957870483814,
ties,pair,cunghoctienganh_c1cf0152_7ae6+cunghoctienganh_4909ad74_a335,9.920533370971675,12.86856241226193,0,"[0.7999999999999952, 0.20000000000000484]","[0.8, 0.2]",0.0,"{""cunghoctienganh_4909ad74_a335"": -12.86856241226193, ""cunghoctienganh_c1cf0152_7ae6"": -5.804160308837858}",cunghoctienganh_4909ad74_a335,continuous_primal_dual_psd,4,9.920533370971675,9.920533370971675,0.0,"[1.0, 0.0]",primal=Optimization terminated successfully; dual=outer=Optimization terminated successfully; inner=Optimization terminated successfully,0,63.10090422630301,0.0,9.920533370971672,
ties,pair,cunghoctienganh_c1cf0152_7ae6+cunghoctienganh_b7496e73_1762,1.0568465810081236,4.563632678985563,0,"[0.7076491914379267, 0.2923508085620733]","[0.8, 0.2]",0.0,"{""cunghoctienganh_b7496e73_1762"": -4.563632678985563, ""cunghoctienganh_c1cf0152_7ae6"": 0.02915554046634128}",cunghoctienganh_b7496e73_1762,continuous_primal_dual_psd,4,1.0568465810081236,1.0568465810077396,3.8391512191537913e-13,"[0.5813451920337819, 0.41865480796621823]",primal=Optimization terminated successfully; dual=outer=Optimization terminated successfully; inner=Optimization terminated successfully,0,133.7777078151703,0.0,1.0568465810081236,
ties,pair,cunghoctienganh_c1cf0152_7ae6+chauhoang_4909ad74_a335_4972_9,6.9586635351180774,6.324997615814176,0,"[0.8, 0.19999999999999996]","[0.8, 0.2]",0.0,"{""chauhoang_4909ad74_a335_4972_9"": -4.222729873657194, ""cunghoctienganh_c1cf0152_7ae6"": -6.324997615814176}",cunghoctienganh_c1cf0152_7ae6,continuous_primal_dual_psd,4,6.9586635351180774,6.9586635351180774,0.0,"[1.0, 0.0]",primal=Optimization terminated successfully; dual=outer=Optimization terminated successfully; inner=Optimization terminated successfully,1,-18.88498663902285,18.88498663902285,2.755296301841703,
ties,pair,cunghoctienganh_4909ad74_a335+cunghoctienganh_b7496e73_1762,1.2633145570754667,20.08446760177609,0,"[0.2, 0.8]","[0.4, 0.6]",0.3598451614379883,"{""cunghoctienganh_4909ad74_a335"": -20.08446760177609, ""cunghoctienganh_b7496e73_1762"": -10.188630294799772}",cunghoctienganh_4909ad74_a335,continuous_primal_dual_psd,4,1.2633145570754667,1.2633145570754667,0.0,"[0.0, 1.0]",primal=Optimization terminated successfully; dual=outer=Optimization terminated successfully; inner=Optimization terminated successfully,0,38.06099295616149,0.0,1.2633145570754667,
ties,pair,cunghoctienganh_4909ad74_a335+chauhoang_4909ad74_a335_4972_9,19.868654849244194,33.65454978942868,0,"[0.35943243448025597, 0.640567565519744]","[0.8, 0.2]",3.153407573699951,"{""chauhoang_4909ad74_a335_4972_9"": -33.65454978942868, ""cunghoctienganh_4909ad74_a335"": -31.419697475433317}",chauhoang_4909ad74_a335_4972_9,continuous_primal_dual_psd,4,19.868654849244194,19.86865484924416,3.552713678800501e-14,"[0.10883116061433612, 0.8911688393856639]",primal=Optimization terminated successfully; dual=outer=Optimization terminated successfully; inner=Optimization terminated successfully,1,-62.49994039535523,62.49994039535523,19.86865484924416,
ties,pair,cunghoctienganh_4909ad74_a335+chauhoang_2aa4f343_5524_f86e_b,14.209113788604707,25.027647686004606,0,"[0.2, 0.8]","[0.2, 0.8]",0.0,"{""chauhoang_2aa4f343_5524_f86e_b"": -17.15834445953366, ""cunghoctienganh_4909ad74_a335"": -25.027647686004606}",cunghoctienganh_4909ad74_a335,continuous_primal_dual_psd,4,14.209113788604707,14.209113788604707,0.0,"[0.0, 1.0]",primal=Optimization terminated successfully; dual=outer=Optimization terminated successfully; inner=Optimization terminated successfully,1,-26.396661996841452,26.396661996841452,13.681180548667879,
ties,pair,cunghoctienganh_b7496e73_1762+chauhoang_4909ad74_a335_4972_9,3.9471954822539956,2.518180084228483,0,"[0.7999999999999893, 0.20000000000001072]","[0.8, 0.2]",0.0,"{""chauhoang_4909ad74_a335_4972_9"": 3.1636326789856284, ""cunghoctienganh_b7496e73_1762"": -2.518180084228483}",cunghoctienganh_b7496e73_1762,continuous_primal_dual_psd,4,3.9471954822539956,3.9471954822539956,0.0,"[0.0, 1.0]",primal=Optimization terminated successfully; dual=outer=Optimization terminated successfully; inner=Optimization terminated successfully,0,16.626715660095236,0.0,3.9471954822539956,
ties,pair,cunghoctienganh_b7496e73_1762+chauhoang_2aa4f343_5524_f86e_b,0.6997101150535912,7.366660308837858,0,"[0.472322762978138, 0.527677237021862]","[0.2, 0.8]",5.284082889556885,"{""chauhoang_2aa4f343_5524_f86e_b"": -3.4083396911620767, ""cunghoctienganh_b7496e73_1762"": -7.366660308837858}",cunghoctienganh_b7496e73_1762,continuous_primal_dual_psd,4,0.6997101150535912,0.6997101150535912,0.0,"[0.0, 1.0]",primal=Optimization terminated successfully; dual=outer=Optimization terminated successfully; inner=Optimization terminated successfully,0,59.595406055450454,0.0,0.6997101150535894,
ties,pair,cunghoctienganh_b7496e73_1762+duyphu_4909ad74_a335_4972_9ed8,8.35725733480955,13.30416507720944,0,"[0.40139362358401537, 0.5986063764159846]","[0.6, 0.4]",3.6939144134521484,"{""cunghoctienganh_b7496e73_1762"": -11.590138149261442, ""duyphu_4909ad74_a335_4972_9ed8"": -13.30416507720944}",duyphu_4909ad74_a335_4972_9ed8,continuous_primal_dual_psd,4,8.35725733480955,8.357257334803988,5.561773264162184e-12,"[0.47062166643923864, 0.5293783335607615]",primal=Optimization terminated successfully; dual=outer=Optimization terminated successfully; inner=Optimization terminated successfully,0,14.678388833999614,0.0,8.357257334809551,
ties,pair,chauhoang_4909ad74_a335_4972_9+chauhoang_2aa4f343_5524_f86e_b,8.887302891595036,13.540914726257292,0,"[0.25221622329332527, 0.7477837767066747]","[0.2, 0.8]",0.0,"{""chauhoang_2aa4f343_5524_f86e_b"": -9.345844459533659, ""chauhoang_4909ad74_a335_4972_9"": -13.540914726257292}",chauhoang_4909ad74_a335_4972_9,continuous_primal_dual_psd,4,8.887302891595036,8.887302891595036,0.0,"[0.0, 1.0]",primal=Optimization terminated successfully; dual=outer=Optimization terminated successfully; inner=Optimization terminated successfully,0,24.038553237915014,0.0,8.887302891595036,
ties,pair,chauhoang_4909ad74_a335_4972_9+duyphu_4909ad74_a335_4972_9ed8,13.072313090174948,13.427284431457487,0,"[0.2748530068305607, 0.7251469931694393]","[0.2, 0.8]",0.0,"{""chauhoang_4909ad74_a335_4972_9"": -13.427284431457487, ""duyphu_4909ad74_a335_4972_9ed8"": -10.956421566009489}",chauhoang_4909ad74_a335_4972_9,continuous_primal_dual_psd,4,13.072313090174948,13.072313090171406,3.5420555377640994e-12,"[0.8705574246194234, 0.12944257538057657]",primal=Optimization terminated successfully; dual=outer=Optimization terminated successfully; inner=Optimization terminated successfully,1,-2.0033121109009144,2.0033121109009144,13.072313090174948,
ties,pair,chauhoang_4909ad74_a335_4972_9+duyphu_0112d9da_9934_4614_b233,7.849443030357325,11.301687431335417,0,"[0.2, 0.8]","[0.2, 0.8]",0.0,"{""chauhoang_4909ad74_a335_4972_9"": -4.336372089385954, ""duyphu_0112d9da_9934_4614_b233"": -11.301687431335417}",duyphu_0112d9da_9934_4614_b233,continuous_primal_dual_psd,4,7.849443030357325,7.849443030357325,0.0,"[1.0, 0.0]",primal=Optimization terminated successfully; dual=outer=Optimization terminated successfully; inner=Optimization terminated successfully,1,-20.83331346511842,20.83331346511842,7.849443030357325,
ties,pair,chauhoang_2aa4f343_5524_f86e_b+duyphu_4909ad74_a335_4972_9ed8,19.63372297286984,15.908339691162077,0,"[0.2, 0.8]","[0.6, 0.4]",6.875002384185791,"{""chauhoang_2aa4f343_5524_f86e_b"": -15.908339691162077, ""duyphu_4909ad74_a335_4972_9ed8"": -11.949995231628385}",chauhoang_2aa4f343_5524_f86e_b,continuous_primal_dual_psd,4,19.63372297286984,19.63372297286984,0.0,"[0.0, 1.0]",primal=Optimization terminated successfully; dual=outer=Optimization terminated successfully; inner=Optimization terminated successfully,1,-162.1684432029724,162.1684432029724,16.390354108810392,
ties,pair,chauhoang_2aa4f343_5524_f86e_b+duyphu_0112d9da_9934_4614_b233,4.878692938190235,6.693592739105192,0,"[0.37846306975788757, 0.6215369302421124]","[0.4, 0.6]",0.0,"{""chauhoang_2aa4f343_5524_f86e_b"": -1.9500047683715493, ""duyphu_0112d9da_9934_4614_b233"": -6.693592739105192}",duyphu_0112d9da_9934_4614_b233,continuous_primal_dual_psd,4,4.878692938190235,4.878692938190235,0.0,"[1.0, 0.0]",primal=Optimization terminated successfully; dual=outer=Optimization terminated successfully; inner=Optimization terminated successfully,0,74.21836256980893,0.0,4.878692938190236,
ties,pair,chauhoang_2aa4f343_5524_f86e_b+phungkhaccuong_2b1522e6_bef2_7,-1.3203042030334833,1.116672229766813,0,"[0.2, 0.8]","[0.2, 0.8]",0.0,"{""chauhoang_2aa4f343_5524_f86e_b"": -1.116672229766813, ""phungkhaccuong_2b1522e6_bef2_7"": -0.41153736114498685}",chauhoang_2aa4f343_5524_f86e_b,continuous_primal_dual_psd,4,-1.3203042030334833,-1.3203042030334833,0.0,"[1.0, 0.0]",primal=Optimization terminated successfully; dual=outer=Optimization terminated successfully; inner=Optimization terminated successfully,1,-71.02295756340027,71.02295756340027,-1.320304203033483,
ties,pair,duyphu_4909ad74_a335_4972_9ed8+duyphu_0112d9da_9934_4614_b233,4.939587783813442,11.093357276916471,0,"[0.2, 0.8]","[0.4, 0.6]",1.8895745277404785,"{""duyphu_0112d9da_9934_4614_b233"": -11.093357276916471, ""duyphu_4909ad74_a335_4972_9ed8"": -10.203197669982877}",duyphu_0112d9da_9934_4614_b233,continuous_primal_dual_psd,4,4.939587783813442,4.939587783813442,0.0,"[0.0, 1.0]",primal=Optimization terminated successfully; dual=outer=Optimization terminated successfully; inner=Optimization terminated successfully,1,-101.56258940696719,101.56258940696719,4.01629991531369,
ties,pair,duyphu_4909ad74_a335_4972_9ed8+phungkhaccuong_2b1522e6_bef2_7,-6.591269264394846,-4.275962638855013,1,"[0.26751781139851327, 0.7324821886014867]","[0.2, 0.8]",0.0,"{""duyphu_4909ad74_a335_4972_9ed8"": 6.279167461395296, ""phungkhaccuong_2b1522e6_bef2_7"": 4.275962638855013}",phungkhaccuong_2b1522e6_bef2_7,continuous_primal_dual_psd,4,-6.591269264394846,-6.591269264394846,0.0,"[0.0, 1.0]",primal=Optimization terminated successfully; dual=outer=Optimization terminated successfully; inner=Optimization terminated successfully,0,62.97335028648378,0.0,-6.591269264394846,
ties,pair,duyphu_4909ad74_a335_4972_9ed8+phungkhaccuong_a992b7f5_9d18_c,15.73788113594052,13.199999999999967,0,"[0.2, 0.8]","[0.2, 0.8]",0.0,"{""duyphu_4909ad74_a335_4972_9ed8"": -10.724034976959196, ""phungkhaccuong_a992b7f5_9d18_c"": -13.199999999999967}",phungkhaccuong_a992b7f5_9d18_c,continuous_primal_dual_psd,4,15.73788113594052,15.73788113594052,0.0,"[1.0, 0.0]",primal=Optimization terminated successfully; dual=outer=Optimization terminated successfully; inner=Optimization terminated successfully,1,-26.04141831398011,26.04141831398011,15.662123632430998,
ties,pair,duyphu_0112d9da_9934_4614_b233+phungkhaccuong_2b1522e6_bef2_7,-2.4761395931244268,-3.561362552642855,1,"[0.2, 0.8]","[0.2, 0.8]",0.0,"{""duyphu_0112d9da_9934_4614_b233"": 3.561362552642855, ""phungkhaccuong_2b1522e6_bef2_7"": 6.591662693023714}",duyphu_0112d9da_9934_4614_b233,continuous_primal_dual_psd,4,-2.4761395931244268,-2.4761395931244268,0.0,"[0.0, 1.0]",primal=Optimization terminated successfully; dual=outer=Optimization terminated successfully; inner=Optimization terminated successfully,1,-37.40519285202026,37.40519285202026,-3.0812530994415632,
ties,pair,duyphu_0112d9da_9934_4614_b233+phungkhaccuong_a992b7f5_9d18_c,2.6583572806218077,10.037115287780729,0,"[0.22529556541154147, 0.7747044345884585]","[0.4, 0.6]",5.180668830871582,"{""duyphu_0112d9da_9934_4614_b233"": -10.037115287780729, ""phungkhaccuong_a992b7f5_9d18_c"": -7.063642215728727}",duyphu_0112d9da_9934_4614_b233,continuous_primal_dual_psd,4,2.6583572806218077,2.6583572806202476,1.56008539420327e-12,"[0.604277243689741, 0.39572275631025894]",primal=Optimization terminated successfully; dual=outer=Optimization terminated successfully; inner=Optimization terminated successfully,1,-40.36486148834229,40.36486148834229,2.6583572806218077,
ties,pair,duyphu_0112d9da_9934_4614_b233+phungkhaccuong_731c6dec_a942_4,3.401227523684075,0.13160126224590263,0,"[0.5795466049187855, 0.4204533950812145]","[0.4, 0.6]",1.433522282132817,"{""duyphu_0112d9da_9934_4614_b233"": 0.5354373931885092, ""phungkhaccuong_731c6dec_a942_4"": -0.13160126224590263}",phungkhaccuong_731c6dec_a942_4,continuous_primal_dual_psd,4,3.401227523684075,3.4012275236840748,4.440892098500626e-16,"[0.32977353873019544, 0.6702264612698046]",primal=Optimization terminated successfully; dual=outer=Optimization terminated successfully; inner=Optimization terminated successfully,1,-14.314196091086178,14.314196091086178,3.4012275236840734,
ties,pair,phungkhaccuong_2b1522e6_bef2_7+phungkhaccuong_a992b7f5_9d18_c,-0.6699142078382696,-0.9433358192444175,1,"[0.517235903825931, 0.482764096174069]","[0.6, 0.4]",0.0,"{""phungkhaccuong_2b1522e6_bef2_7"": 2.8416603088379233, ""phungkhaccuong_a992b7f5_9d18_c"": 0.9433358192444175}",phungkhaccuong_a992b7f5_9d18_c,continuous_primal_dual_psd,4,-0.6699142078382696,-0.6699142078382696,0.0,"[1.0, 0.0]",primal=Optimization terminated successfully; dual=outer=Optimization terminated successfully; inner=Optimization terminated successfully,0,28.645843267440817,0.0,-0.6699142078382696,
ties,pair,phungkhaccuong_2b1522e6_bef2_7+phungkhaccuong_731c6dec_a942_4,-0.2933023606764351,-0.7894016459647595,1,"[0.2, 0.8]","[0.4, 0.6]",0.22157945672975465,"{""phungkhaccuong_2b1522e6_bef2_7"": 6.070837306976351, ""phungkhaccuong_731c6dec_a942_4"": 0.7894016459647595}",phungkhaccuong_731c6dec_a942_4,continuous_primal_dual_psd,4,-0.2933023606764351,-0.2933023606764351,0.0,"[0.0, 1.0]",primal=Optimization terminated successfully; dual=outer=Optimization terminated successfully; inner=Optimization terminated successfully,1,-17.942528953818623,17.942528953818623,-0.6521529397528076,
ties,pair,phungkhaccuong_2b1522e6_bef2_7+denbeo_d9ae91c0_fed9_4fb4_8ddd,18.959476423263524,-2.8890221595764487,1,"[0.2, 0.8]","[0.8, 0.2]",35.49243211746216,"{""denbeo_d9ae91c0_fed9_4fb4_8ddd"": 2.8890221595764487, ""phungkhaccuong_2b1522e6_bef2_7"": 2.9698698997497885}",denbeo_d9ae91c0_fed9_4fb4_8ddd,continuous_primal_dual_psd,4,18.959476423263524,18.959476423263524,0.0,"[1.0, 0.0]",primal=Optimization terminated successfully; dual=outer=Optimization terminated successfully; inner=Optimization terminated successfully,1,-137.54725456237793,137.54725456237793,16.208531332015966,
ties,pair,phungkhaccuong_a992b7f5_9d18_c+phungkhaccuong_731c6dec_a942_4,2.403127026557892,0.43988372008412463,0,"[0.2, 0.8]","[0.2, 0.8]",0.0,"{""phungkhaccuong_731c6dec_a942_4"": -0.43988372008412463, ""phungkhaccuong_a992b7f5_9d18_c"": 2.936360168457064}",phungkhaccuong_731c6dec_a942_4,continuous_primal_dual_psd,4,2.403127026557892,2.403127026557892,0.0,"[1.0, 0.0]",primal=Optimization terminated successfully; dual=outer=Optimization terminated successfully; inner=Optimization terminated successfully,0,14.11485311320285,0.0,2.403127026557892,
ties,pair,phungkhaccuong_a992b7f5_9d18_c+denbeo_d9ae91c0_fed9_4fb4_8ddd,3.3947584085448295,16.94127626419064,0,"[0.6377808265852831, 0.3622191734147169]","[0.8, 0.2]",0.5106091499328613,"{""denbeo_d9ae91c0_fed9_4fb4_8ddd"": -13.815525245666471, ""phungkhaccuong_a992b7f5_9d18_c"": -16.94127626419064}",phungkhaccuong_a992b7f5_9d18_c,continuous_primal_dual_psd,4,3.3947584085448295,3.3947584085448295,0.0,"[1.0, 0.0]",primal=Optimization terminated successfully; dual=outer=Optimization terminated successfully; inner=Optimization terminated successfully,0,11.71857118606567,0.0,3.3947584085448295,
ties,pair,phungkhaccuong_a992b7f5_9d18_c+nbninh_c4ae10ba_efe4_401e_8dd7,-4.253134059906042,-2.746984291076693,1,"[0.2, 0.8]","[0.2, 0.8]",0.0,"{""nbninh_c4ae10ba_efe4_401e_8dd7"": 2.746984291076693, ""phungkhaccuong_a992b7f5_9d18_c"": 6.2755196571350425}",nbninh_c4ae10ba_efe4_401e_8dd7,continuous_primal_dual_psd,4,-4.253134059906042,-4.253134059906042,0.0,"[1.0, 0.0]",primal=Optimization terminated successfully; dual=outer=Optimization terminated successfully; inner=Optimization terminated successfully,0,11.718571186065674,0.0,-4.253134059906041,
ties,pair,phungkhaccuong_731c6dec_a942_4+denbeo_d9ae91c0_fed9_4fb4_8ddd,4.939471589783299,-0.4714825567998453,1,"[0.5223065803505007, 0.4776934196494993]","[0.8, 0.2]",3.273602227606899,"{""denbeo_d9ae91c0_fed9_4fb4_8ddd"": 5.6825726509094565, ""phungkhaccuong_731c6dec_a942_4"": 0.4714825567998453}",phungkhaccuong_731c6dec_a942_4,continuous_primal_dual_psd,4,4.939471589783299,4.939471589783299,0.0,"[5.551115123125783e-17, 1.0]",primal=Optimization terminated successfully; dual=outer=Optimization terminated successfully; inner=Optimization terminated successfully,0,6.598813136645878,0.0,4.939471589783301,
ties,pair,phungkhaccuong_731c6dec_a942_4+nbninh_c4ae10ba_efe4_401e_8dd7,-1.541139678734543,0.36088662829478674,0,"[0.3933186216339341, 0.6066813783660658]","[0.8, 0.2]",1.0966884068003955,"{""nbninh_c4ae10ba_efe4_401e_8dd7"": 7.207199859619173, ""phungkhaccuong_731c6dec_a942_4"": -0.36088662829478674}",phungkhaccuong_731c6dec_a942_4,continuous_primal_dual_psd,4,-1.541139678734543,-1.541139678734543,0.0,"[1.0, 0.0]",primal=Optimization terminated successfully; dual=outer=Optimization terminated successfully; inner=Optimization terminated successfully,0,17.48404900260294,0.0,-1.5411396787345433,
ties,pair,phungkhaccuong_731c6dec_a942_4+nbninh_0d8b128b_8753_46c3_b80f,0.14746623007775828,0.45915213167718855,0,"[0.6243904485673637, 0.3756095514326363]","[0.8, 0.2]",8.19539765775149,"{""nbninh_0d8b128b_8753_46c3_b80f"": 0.8909194946289389, ""phungkhaccuong_731c6dec_a942_4"": -0.45915213167718855}",phungkhaccuong_731c6dec_a942_4,continuous_primal_dual_psd,4,0.14746623007775828,0.14746623007775828,0.0,"[1.0, 0.0]",primal=Optimization terminated successfully; dual=outer=Optimization terminated successfully; inner=Optimization terminated successfully,0,13.078127261553652,0.0,0.14746623007775783,
ties,pair,denbeo_d9ae91c0_fed9_4fb4_8ddd+nbninh_c4ae10ba_efe4_401e_8dd7,-5.529962706565466,1.912108135223356,0,"[0.2000000000000109, 0.7999999999999892]","[0.2, 0.8]",0.0,"{""denbeo_d9ae91c0_fed9_4fb4_8ddd"": -1.912108135223356, ""nbninh_c4ae10ba_efe4_401e_8dd7"": 1.695832538604769}",denbeo_d9ae91c0_fed9_4fb4_8ddd,continuous_primal_dual_psd,4,-5.529962706565466,-5.529962706565466,0.0,"[7.771561172376096e-16, 0.9999999999999992]",primal=Optimization terminated successfully; dual=outer=Optimization terminated successfully; inner=Optimization terminated successfully,0,50.2802431583404,0.0,-5.529962706565466,
ties,pair,denbeo_d9ae91c0_fed9_4fb4_8ddd+nbninh_0d8b128b_8753_46c3_b80f,16.906738948821992,14.932945442199674,0,"[0.2, 0.8]","[0.2, 0.8]",0.0,"{""denbeo_d9ae91c0_fed9_4fb4_8ddd"": -13.04847307205197, ""nbninh_0d8b128b_8753_46c3_b80f"": -14.932945442199674}",nbninh_0d8b128b_8753_46c3_b80f,continuous_primal_dual_psd,4,16.906738948821992,16.906738948821992,0.0,"[1.0, 0.0]",primal=Optimization terminated successfully; dual=outer=Optimization terminated successfully; inner=Optimization terminated successfully,1,-67.40763783454904,67.40763783454904,15.558586192131012,
ties,pair,denbeo_d9ae91c0_fed9_4fb4_8ddd+nbninh_a1f78795_1b61_4923_9235,13.76814973450103,22.53711528778073,0,"[0.29773287156037265, 0.7022671284396274]","[0.4, 0.6]",5.17045259475708,"{""denbeo_d9ae91c0_fed9_4fb4_8ddd"": -22.53711528778073, ""nbninh_a1f78795_1b61_4923_9235"": -16.145065498352018}",denbeo_d9ae91c0_fed9_4fb4_8ddd,continuous_primal_dual_psd,4,13.76814973450103,13.76814973450103,0.0,"[0.0, 1.0]",primal=Optimization terminated successfully; dual=outer=Optimization terminated successfully; inner=Optimization terminated successfully,0,24.73965287208554,0.0,13.76814973450103,
ties,pair,nbninh_c4ae10ba_efe4_401e_8dd7+nbninh_0d8b128b_8753_46c3_b80f,11.589426469802827,-2.311357784271273,1,"[0.2, 0.8]","[0.6, 0.4]",11.761367321014404,"{""nbninh_0d8b128b_8753_46c3_b80f"": 3.248867321014437, ""nbninh_c4ae10ba_efe4_401e_8dd7"": 2.311357784271273}",nbninh_c4ae10ba_efe4_401e_8dd7,continuous_primal_dual_psd,4,11.589426469802827,11.589426469802827,0.0,"[1.0, 0.0]",primal=Optimization terminated successfully; dual=outer=Optimization terminated successfully; inner=Optimization terminated successfully,1,-104.16686534881589,104.16686534881589,9.506089162826509,
ties,pair,nbninh_c4ae10ba_efe4_401e_8dd7+nbninh_a1f78795_1b61_4923_9235,-6.474365400929241,-4.2905061721802085,1,"[0.7041690554566185, 0.29583094454338155]","[0.8, 0.2]",0.0,"{""nbninh_a1f78795_1b61_4923_9235"": 4.2905061721802085, ""nbninh_c4ae10ba_efe4_401e_8dd7"": 7.955309677124056}",nbninh_a1f78795_1b61_4923_9235,continuous_primal_dual_psd,4,-6.474365400929241,-6.474365400929241,0.0,"[1.0, 0.0]",primal=Optimization terminated successfully; dual=outer=Optimization terminated successfully; inner=Optimization terminated successfully,0,31.24982118606565,0.0,-6.474365400929241,
ties,pair,nbninh_c4ae10ba_efe4_401e_8dd7+nhoxinh_2f944a50_cbd3_4334_af8,1.634850016085604,1.3249904632568033,0,"[0.7084511285851353, 0.29154887141486474]","[0.8, 0.2]",0.0,"{""nbninh_c4ae10ba_efe4_401e_8dd7"": -1.3249904632568033, ""nhoxinh_2f944a50_cbd3_4334_af8"": 2.4250000000000327}",nbninh_c4ae10ba_efe4_401e_8dd7,continuous_primal_dual_psd,4,1.634850016085604,1.634850016054515,3.108913126936841e-11,"[0.7508586987493336, 0.24914130125066644]",primal=Optimization terminated successfully; dual=outer=Optimization terminated successfully; inner=Optimization terminated successfully,0,35.45641899108884,0.0,1.634850016085604,
ties,pair,nbninh_0d8b128b_8753_46c3_b80f+nbninh_a1f78795_1b61_4923_9235,2.06842153206963,8.739772510528532,0,"[0.6721184770508848, 0.3278815229491152]","[0.8, 0.2]",2.8882503509521484,"{""nbninh_0d8b128b_8753_46c3_b80f"": -8.2284123420715, ""nbninh_a1f78795_1b61_4923_9235"": -8.739772510528532}",nbninh_a1f78795_1b61_4923_9235,continuous_primal_dual_psd,4,2.06842153206963,2.0684215320696295,4.440892098500626e-16,"[0.9999999999999996, 3.885780586188047e-16]",primal=Optimization terminated successfully; dual=outer=Optimization terminated successfully; inner=Optimization terminated successfully,0,36.85891628265381,0.0,2.06842153206963,
ties,pair,nbninh_0d8b128b_8753_46c3_b80f+nhoxinh_2f944a50_cbd3_4334_af8,10.615255724572869,15.85153646469113,0,"[0.2697765426769517, 0.7302234573230483]","[0.2, 0.8]",0.0,"{""nbninh_0d8b128b_8753_46c3_b80f"": -11.694303226470915, ""nhoxinh_2f944a50_cbd3_4334_af8"": -15.85153646469113}",nhoxinh_2f944a50_cbd3_4334_af8,continuous_primal_dual_psd,4,10.615255724572869,10.615255724572721,1.474376176702208e-13,"[0.1345104114809515, 0.8654895885190486]",primal=Optimization terminated successfully; dual=outer=Optimization terminated successfully; inner=Optimization terminated successfully,1,-86.23778820037843,86.23778820037843,10.389279018555472,
ties,triple,laquythang_efe15045_778f_4dfa+datlaaaaaaa_e8cccbe1_c136_409a+versil91_121ef6e9_0ded_4fc3_8c,1.164479227444032,-4.186353015899691,1,"[0.2, 0.2, 0.6]","[0.4, 0.2, 0.4]",4.2380452156066895,"{""datlaaaaaaa_e8cccbe1_c136_409a"": 4.186353015899691, ""laquythang_efe15045_778f_4dfa"": 6.118187236785921, ""versil91_121ef6e9_0ded_4fc3_8c"": 4.475554752349886}",datlaaaaaaa_e8cccbe1_c136_409a,continuous_primal_dual_psd,6,1.164479227444032,1.164479227444032,0.0,"[0.0, 1.0, 0.0]",primal=Optimization terminated successfully; dual=outer=Optimization terminated successfully; inner=Optimization terminated successfully,1,-92.09490236142693,92.09490236142695,-0.39523653822050225,
ties,triple,duyphu_0112d9da_9934_4614_b233+thaffggg_8c87f3d3_d4bb_475a_a8+mrhunghd_9e58333c_df22_4a00_9c,8.724108087888922,2.7643830299377115,0,"[0.2846526846656735, 0.2, 0.5153473153343264]","[0.2, 0.2, 0.6]",0.0,"{""duyphu_0112d9da_9934_4614_b233"": -2.7643830299377115, ""mrhunghd_9e58333c_df22_4a00_9c"": -1.0926277160644204, ""thaffggg_8c87f3d3_d4bb_475a_a8"": 0.010225105285677216}",duyphu_0112d9da_9934_4614_b233,continuous_primal_dual_psd,6,8.724108087888922,8.724108087888885,3.730349362740526e-14,"[0.0, 0.9999999999999771, 2.28705943072777e-14]",primal=Optimization terminated successfully; dual=outer=Optimization terminated successfully; inner=Optimization terminated successfully,1,-134.06156508127705,134.06156508127705,8.007590450120551,
ties,triple,phungkhaccuong_2b1522e6_bef2_7+phungkhaccuong_a992b7f5_9d18_c+hongngo_7e251dfc_e0f7_4f73_aae,27.072055479795104,2.238479328155485,0,"[0.2, 0.2, 0.6]","[0.6, 0.2, 0.2]",7.131397724151611,"{""hongngo_7e251dfc_e0f7_4f73_aae"": 3.386530208587679, ""phungkhaccuong_2b1522e6_bef2_7"": 0.1333444595337241, ""phungkhaccuong_a992b7f5_9d18_c"": -2.238479328155485}",phungkhaccuong_a992b7f5_9d18_c,continuous_primal_dual_psd,6,27.072055479795104,27.072055479795104,0.0,"[0.0, 1.0, 0.0]",primal=Optimization terminated successfully; dual=outer=Optimization terminated successfully; inner=Optimization terminated successfully,1,-648.16124009811,648.16124009811,7.698109817504868,
ties,triple,taronklm_trained_model+chauhoang_4909ad74_a335_4972_9+nbninh_c4ae10ba_efe4_401e_8dd7,-9.751872861738578,0.1707240685380882,0,"[0.5999999999999845, 0.2, 0.2000000000000155]","[0.6, 0.2, 0.2]",0.0,"{""chauhoang_4909ad74_a335_4972_9"": 29.754552173614535, ""nbninh_c4ae10ba_efe4_401e_8dd7"": 27.98372201919559, ""taronklm_trained_model"": -0.1707240685380882}",taronklm_trained_model,continuous_primal_dual_psd,6,-9.751872861738578,-9.751872861738578,0.0,"[0.0, 1.0, 0.0]",primal=Optimization terminated successfully; dual=outer=Optimization terminated successfully; inner=Optimization terminated successfully,1,-272.98005790426487,272.98005790426487,-16.431412029267207,
ties,triple,adammandic87_3d7a58a6_4380_4e3+cunghoctienganh_4909ad74_a335+mrhunghddddd_d692685b_fdb4_477,17.216448415892238,1.88371248245236,0,"[0.2, 0.2, 0.6]","[0.6, 0.2, 0.2]",4.015147686004639,"{""adammandic87_3d7a58a6_4380_4e3"": -1.731418581583198, ""cunghoctienganh_4909ad74_a335"": -1.88371248245236, ""mrhunghddddd_d692685b_fdb4_477"": -1.429167461395231}",cunghoctienganh_4909ad74_a335,continuous_primal_dual_psd,6,17.216448415892238,17.216448415892238,0.0,"[0.0, 0.0, 1.0]",primal=Optimization terminated successfully; dual=outer=Optimization terminated successfully; inner=Optimization terminated successfully,1,-258.1014568475675,258.1014568475675,8.7208420753479,
ties,triple,duyphu_7aba420b_74ac_4209_b514+tuanna08go_c1cf0152_7ae6_43b6+nhoxinh_0c66c9c5_5cc2_46a8_9db,0.45036826964335575,4.92859191894528,0,"[0.2000000000000075, 0.5443927376255782, 0.25560726237441433]","[0.4, 0.4, 0.2]",0.9702682495117188,"{""duyphu_7aba420b_74ac_4209_b514"": -4.762509536743131, ""nhoxinh_0c66c9c5_5cc2_46a8_9db"": -1.268175315856901, ""tuanna08go_c1cf0152_7ae6_43b6"": -4.92859191894528}",tuanna08go_c1cf0152_7ae6_43b6,continuous_primal_dual_psd,6,0.45036826964335575,0.45036826964335575,0.0,"[0.0, 0.0, 1.0]",primal=Optimization terminated successfully; dual=outer=Optimization terminated successfully; inner=Optimization terminated successfully,1,-78.35466189814976,78.35466189814976,0.3615427314309031,
ties,triple,lhong4759_f68c5c87_934d_4399_b+tuanna08go_6af2bb68_a65f_4331+mrhungddddh_9b1deaac_4565_48f2,5.692006173979366,1.429167461395231,0,"[0.24970401021647778, 0.2747994373819289, 0.4754965524015933]","[0.2, 0.6, 0.2]",4.375004768371582,"{""lhong4759_f68c5c87_934d_4399_b"": -1.429167461395231, ""mrhungddddh_9b1deaac_4565_48f2"": 0.02915554046634128, ""tuanna08go_6af2bb68_a65f_4331"": 2.008339691162142}",lhong4759_f68c5c87_934d_4399_b,continuous_primal_dual_psd,6,5.692006173979366,5.692006173979296,7.016609515630989e-14,"[0.09251360141153933, 0.0, 0.9074863985884607]",primal=Optimization terminated successfully; dual=outer=Optimization terminated successfully; inner=Optimization terminated successfully,1,-194.7282322302259,194.72823223022587,5.692006173979289,
ties,triple,versil91_e9f26c47_9b78_4e3f_81+nhoxinh_2f944a50_cbd3_4334_af8+hongngo_9d92894f_7b7b_49e0_8f3,7.71193100648113,5.76629943847653,0,"[0.40653419757696485, 0.26040936766810274, 0.3330564347549324]","[0.4, 0.4, 0.2]",3.5416603088378906,"{""hongngo_9d92894f_7b7b_49e0_8f3"": -5.76629943847653, ""nhoxinh_2f944a50_cbd3_4334_af8"": -5.453792285919157, ""versil91_e9f26c47_9b78_4e3f_81"": -2.390049680911231}",hongngo_9d92894f_7b7b_49e0_8f3,continuous_primal_dual_psd,6,7.71193100648113,7.711931006478243,2.887468042445107e-12,"[0.23809525887372912, 0.7439112628076574, 0.0179934783186135]",primal=Optimization terminated successfully; dual=outer=Optimization terminated successfully; inner=Optimization terminated successfully,1,-130.84599567421043,130.84599567421043,7.453160753107361,
ties,triple,versil91_01a5620a_fb5f_4bab_94+versil91_8444c3be_8779_4769_a0+thaffggg_8a78a9b2_d3fa_4615_b8,3.535679677609592,2.911546897888151,0,"[0.5324638332121788, 0.2675361667872687, 0.2000000000005524]","[0.2, 0.6, 0.2]",1.8181800842285156,"{""thaffggg_8a78a9b2_d3fa_4615_b8"": -2.911546897888151, ""versil91_01a5620a_fb5f_4bab_94"": -0.8666643960098283, ""versil91_8444c3be_8779_4769_a0"": -0.03823420514795729}",thaffggg_8a78a9b2_d3fa_4615_b8,continuous_primal_dual_psd,6,3.535679677609592,3.5356796775982406,1.135136429297745e-11,"[0.0, 0.5013468517968508, 0.4986531482031492]",primal=Optimization terminated successfully; dual=outer=Optimization terminated successfully; inner=Optimization terminated successfully,1,-154.4523690644802,154.45236906448022,3.4683188062776376,
ties,triple,denbeo_d9ae91c0_fed9_4fb4_8ddd+mrhungddddh_911f6275_22fd_4f41+nhung03_7b6cdc3c_7130_4c2c_a2c,27.418130673007433,14.620450210571256,0,"[0.2, 0.2, 0.6]","[0.6, 0.2, 0.2]",2.954554557800293,"{""denbeo_d9ae91c0_fed9_4fb4_8ddd"": -11.3534123420715, ""mrhungddddh_911f6275_22fd_4f41"": -4.0143877983092935, ""nhung03_7b6cdc3c_7130_4c2c_a2c"": -14.620450210571256}",nhung03_7b6cdc3c_7130_4c2c_a2c,continuous_primal_dual_psd,6,27.418130673007433,27.418130673007433,0.0,"[0.0, 1.0, 0.0]",primal=Optimization terminated successfully; dual=outer=Optimization terminated successfully; inner=Optimization terminated successfully,1,-344.3915659219938,344.3915659219938,13.72083730697627,
ties,triple,chauhoang_2aa4f343_5524_f86e_b+duyphu_4909ad74_a335_4972_9ed8+hongngo_687b8c72_c89b_4cb7_b7c,4.68322641937454,4.137495231628385,0,"[0.35159981528053297, 0.2, 0.44840018471946697]","[0.4, 0.2, 0.4]",0.0,"{""chauhoang_2aa4f343_5524_f86e_b"": -0.5958468437194497, ""duyphu_4909ad74_a335_4972_9ed8"": -4.137495231628385, ""hongngo_687b8c72_c89b_4cb7_b7c"": -1.7795354843139322}",duyphu_4909ad74_a335_4972_9ed8,continuous_primal_dual_psd,6,4.68322641937454,4.68322641937454,0.0,"[0.0, 0.0, 1.0]",primal=Optimization terminated successfully; dual=outer=Optimization terminated successfully; inner=Optimization terminated successfully,1,-87.81771225300156,87.81771225300156,4.297019727398187,
ties,triple,phungkhaccuong_731c6dec_a942_4+nhung02_08157847_d833_4d45_90f+nhung02_db2c9545_4607_487b_9cc,9.769295362062111,0.0749976158141763,0,"[0.2, 0.2, 0.6]","[0.4, 0.4, 0.2]",1.875007152557373,"{""nhung02_08157847_d833_4d45_90f"": -0.0749976158141763, ""nhung02_db2c9545_4607_487b_9cc"": 1.7999976158142417, ""phungkhaccuong_731c6dec_a942_4"": 0.4522165707369416}",nhung02_08157847_d833_4d45_90f,continuous_primal_dual_psd,6,9.769295362062111,9.769295362062099,1.2434497875801753e-14,"[0.0, 0.9999999999999978, 2.3314683517128236e-15]",primal=Optimization terminated successfully; dual=outer=Optimization terminated successfully; inner=Optimization terminated successfully,1,-292.1217794177822,292.1217794177822,0.9651453018188101,
ties,triple,datlaaaaaaa_cc1f8701_0976_4f48+nblinh63_0eb73af3_0631_437a_ad+datlaaaaaaa_0dbe42c8_b07b_4785,30.029820973713647,12.470844459533659,0,"[0.20000000000001666, 0.2, 0.5999999999999833]","[0.2, 0.2, 0.6]",0.0,"{""datlaaaaaaa_0dbe42c8_b07b_4785"": -12.470844459533659, ""datlaaaaaaa_cc1f8701_0976_4f48"": -10.155144405364958, ""nblinh63_0eb73af3_0631_437a_ad"": -12.253025245666471}",datlaaaaaaa_0dbe42c8_b07b_4785,continuous_primal_dual_psd,6,30.029820973713647,30.029820973713647,0.0,"[1.0, 0.0, 0.0]",primal=Optimization terminated successfully; dual=outer=Optimization terminated successfully; inner=Optimization terminated successfully,1,-510.9050482061059,510.9050482061059,11.467054557799958,
ties,triple,tuanna08go_7647f014_8af3_4266+versil91_63cd5c4a_5a68_4c25_bd+versil91_474890ea_012d_4a25_96,5.854497671067485,0.2990652032938216,0,"[0.2, 0.2, 0.6]","[0.4, 0.4, 0.2]",5.741856675520843,"{""tuanna08go_7647f014_8af3_4266"": -0.2990652032938216, ""versil91_474890ea_012d_4a25_96"": 2.3681848526001303, ""versil91_63cd5c4a_5a68_4c25_bd"": 0.2591865809682146}",tuanna08go_7647f014_8af3_4266,continuous_primal_dual_psd,6,5.854497671067485,5.854497671067485,0.0,"[0.0, 1.0, 0.0]",primal=Optimization terminated successfully; dual=outer=Optimization terminated successfully; inner=Optimization terminated successfully,1,-103.4191628236664,103.41916282366641,1.7248927670073295,
ties,triple,laquythang_8444c3be_8779_4769+cunghoctienganh_b7496e73_1762+adammandic87_f28f18cf_4abb_4db,14.185688731147287,6.609085273742643,0,"[0.2, 0.20000000000008505, 0.5999999999999149]","[0.2, 0.2, 0.6]",0.0,"{""adammandic87_f28f18cf_4abb_4db"": 2.32083492279056, ""cunghoctienganh_b7496e73_1762"": -6.609085273742643, ""laquythang_8444c3be_8779_4769"": -5.359092426300016}",cunghoctienganh_b7496e73_1762,continuous_primal_dual_psd,6,14.185688731147287,14.185688731147287,0.0,"[0.0, 0.0, 1.0]",primal=Optimization terminated successfully; dual=outer=Optimization terminated successfully; inner=Optimization terminated successfully,1,-167.40119184613707,167.40119184613707,7.489779663087077,
ties,triple,cunghoctienganh_c1cf0152_7ae6+nhoxinh_9214fc0d_4490_4bdd_9ff+mrhungddddh_fe499423_02f3_4cfd,13.109291439427103,11.864784431457487,0,"[0.4692784061379538, 0.2, 0.33072159386204625]","[0.6, 0.2, 0.2]",7.689380645751953,"{""cunghoctienganh_c1cf0152_7ae6"": -8.824995231628385, ""mrhungddddh_fe499423_02f3_4cfd"": -11.864784431457487, ""nhoxinh_9214fc0d_4490_4bdd_9ff"": -2.5750071525573404}",mrhungddddh_fe499423_02f3_4cfd,continuous_primal_dual_psd,6,13.109291439427103,13.109291439427015,8.881784197001252e-14,"[0.9999999999999827, 1.73749903353834e-14, 0.0]",primal=Optimization terminated successfully; dual=outer=Optimization terminated successfully; inner=Optimization terminated successfully,1,-589.146784807064,589.146784807064,7.896510510503528,
ties,triple,nbninh_0d8b128b_8753_46c3_b80f+nbninh_a1f78795_1b61_4923_9235+nhoxinh_0c66c9c5_5cc2_46a8_9db,13.935297573414287,11.069312763214079,0,"[0.329815396944464, 0.4701846030554466, 0.20000000000008944]","[0.6, 0.2, 0.2]",3.1818389892578125,"{""nbninh_0d8b128b_8753_46c3_b80f"": -4.7909051895141275, ""nbninh_a1f78795_1b61_4923_9235"": -11.069312763214079, ""nhoxinh_0c66c9c5_5cc2_46a8_9db"": -5.988457870483366}",nbninh_a1f78795_1b61_4923_9235,continuous_primal_dual_psd,6,13.935297573414287,13.935297573409096,5.190514684727532e-12,"[0.4095203199721444, 1.7353152547900385e-13, 0.5904796800276821]",primal=Optimization terminated successfully; dual=outer=Optimization terminated successfully; inner=Optimization terminated successfully,1,-123.03691239612081,123.03691239612084,8.991864940647051,
ties,triple,hongngo_687b8c72_c89b_4cb7_b7c+mrhungddddh_911f6275_22fd_4f41+versil91_121ef6e9_0ded_4fc3_8c,17.358663749694813,3.001871776580778,0,"[0.2, 0.2, 0.6]","[0.2, 0.4, 0.4]",0.1274704933166504,"{""hongngo_687b8c72_c89b_4cb7_b7c"": 2.8416722297668784, ""mrhungddddh_911f6275_22fd_4f41"": 6.6863506317139, ""versil91_121ef6e9_0ded_4fc3_8c"": -3.001871776580778}",versil91_121ef6e9_0ded_4fc3_8c,continuous_primal_dual_psd,6,17.358663749694813,17.358663749694813,0.0,"[0.0, 1.0, 0.0]",primal=Optimization terminated successfully; dual=outer=Optimization terminated successfully; inner=Optimization terminated successfully,1,-357.67913787888597,359.30546456638797,3.977254104614235,
ties,triple,tuanna08go_c1cf0152_7ae6_43b6+chauhoang_4909ad74_a335_4972_9+thaffggg_8c87f3d3_d4bb_475a_a8,17.462291952061364,2.717045021057096,0,"[0.22305787927092222, 0.29221868953212177, 0.48472343119695604]","[0.6, 0.2, 0.2]",10.710227489471436,"{""chauhoang_4909ad74_a335_4972_9"": 0.5500047683716147, ""thaffggg_8c87f3d3_d4bb_475a_a8"": -2.717045021057096, ""tuanna08go_c1cf0152_7ae6_43b6"": -1.580682468414274}",thaffggg_8c87f3d3_d4bb_475a_a8,continuous_primal_dual_psd,6,17.462291952061364,17.46229195206131,5.3290705182007514e-14,"[0.0, 0.166744625396182, 0.8332553746038179]",primal=Optimization terminated successfully; dual=outer=Optimization terminated successfully; inner=Optimization terminated successfully,1,-130.57137049477285,130.57137049477285,15.226589739508759,
ties,triple,taronklm_trained_model+nbninh_a1f78795_1b61_4923_9235+datlaaaaaaa_e8cccbe1_c136_409a,6.141279363672528,0.20953074019610968,0,"[0.2, 0.2, 0.6]","[0.6, 0.2, 0.2]",0.3424227209798952,"{""datlaaaaaaa_e8cccbe1_c136_409a"": 24.45734434127811, ""nbninh_a1f78795_1b61_4923_9235"": 34.79243211746219, ""taronklm_trained_model"": -0.20953074019610968}",taronklm_trained_model,continuous_primal_dual_psd,6,6.141279363672528,6.141279363672528,0.0,"[0.0, 1.0, 0.0]",primal=Optimization terminated successfully; dual=outer=Optimization terminated successfully; inner=Optimization terminated successfully,1,-372.9010177025706,372.9010177025706,-5.633356948228878,
ties,triple,versil91_e9f26c47_9b78_4e3f_81+laquythang_efe15045_778f_4dfa+nbninh_0d8b128b_8753_46c3_b80f,6.086898729360888,0.25203705199667104,0,"[0.20950104156903168, 0.20000000000000007, 0.5904989584309682]","[0.2, 0.6, 0.2]",3.970704742589478,"{""laquythang_efe15045_778f_4dfa"": 3.9590924263000815, ""nbninh_0d8b128b_8753_46c3_b80f"": 5.947729873657259, ""versil91_e9f26c47_9b78_4e3f_81"": -0.25203705199667104}",versil91_e9f26c47_9b78_4e3f_81,continuous_primal_dual_psd,6,6.086898729360888,6.086898729358641,2.247091401841317e-12,"[0.0, 0.576494176988776, 0.4235058230112239]",primal=Optimization terminated successfully; dual=outer=Optimization terminated successfully; inner=Optimization terminated successfully,1,-126.24090731826178,126.24090731826176,4.451645648791526,
ties,triple,tuanna08go_7647f014_8af3_4266+phungkhaccuong_2b1522e6_bef2_7+nhung03_7b6cdc3c_7130_4c2c_a2c,1.5010027670399664,1.724299820137292,0,"[0.5540672441546064, 0.20000000000000073, 0.24593275584539287]","[0.2, 0.6, 0.2]",2.8539002340313764,"{""nhung03_7b6cdc3c_7130_4c2c_a2c"": 1.0045378684997885, ""phungkhaccuong_2b1522e6_bef2_7"": -0.2833396911620767, ""tuanna08go_7647f014_8af3_4266"": -1.724299820137292}",tuanna08go_7647f014_8af3_4266,continuous_primal_dual_psd,6,1.5010027670399664,1.5010027670345483,5.418110404775689e-12,"[0.9786368687480044, 1.5585862750319635e-14, 0.021363131251980166]",primal=Optimization terminated successfully; dual=outer=Optimization terminated successfully; inner=Optimization terminated successfully,1,-226.56992044678947,226.56992044678944,0.6342735487994936,
ties,triple,duyphu_7aba420b_74ac_4209_b514+denbeo_d9ae91c0_fed9_4fb4_8ddd+nhung02_08157847_d833_4d45_90f,2.333715228837953,1.429167461395231,0,"[0.41909611092364163, 0.20000000000000004, 0.3809038890763583]","[0.4, 0.2, 0.4]",0.0,"{""denbeo_d9ae91c0_fed9_4fb4_8ddd"": 0.39847784042361667, ""duyphu_7aba420b_74ac_4209_b514"": -1.429167461395231, ""nhung02_08157847_d833_4d45_90f"": 9.660574722290072}",duyphu_7aba420b_74ac_4209_b514,continuous_primal_dual_psd,6,2.333715228837953,2.3337152288379452,7.549516567451064e-15,"[0.0, 4.2743586448068345e-15, 0.9999999999999958]",primal=Optimization terminated successfully; dual=outer=Optimization terminated successfully; inner=Optimization terminated successfully,1,-204.31302547034213,204.31302547034218,1.105591307924941,
ties,triple,versil91_8444c3be_8779_4769_a0+nhoxinh_9214fc0d_4490_4bdd_9ff+mrhunghddddd_d692685b_fdb4_477,21.90035562132287,5.595842075347868,0,"[0.23614489044434767, 0.2000000000000107, 0.5638551095556417]","[0.4, 0.2, 0.4]",8.669865131378174,"{""mrhunghddddd_d692685b_fdb4_477"": -5.595842075347868, ""nhoxinh_9214fc0d_4490_4bdd_9ff"": -2.054157924652067, ""versil91_8444c3be_8779_4769_a0"": -2.3617657948520536}",mrhunghddddd_d692685b_fdb4_477,continuous_primal_dual_psd,6,21.90035562132287,21.90035562132287,0.0,"[1.0, 0.0, 0.0]",primal=Optimization terminated successfully; dual=outer=Optimization terminated successfully; inner=Optimization terminated successfully,1,-347.52525160099606,347.52525160099606,13.786415296834276,
ties,triple,lhong4759_f68c5c87_934d_4399_b+tuanna08go_6af2bb68_a65f_4331+hongngo_7e251dfc_e0f7_4f73_aae,11.291834783554052,2.7833253860473306,0,"[0.2, 0.2, 0.6]","[0.2, 0.6, 0.2]",5.000007152557373,"{""hongngo_7e251dfc_e0f7_4f73_aae"": 0.029167461395296357, ""lhong4759_f68c5c87_934d_4399_b"": -2.7833253860473306, ""tuanna08go_6af2bb68_a65f_4331"": 0.4698603630066245}",lhong4759_f68c5c87_934d_4399_b,continuous_primal_dual_psd,6,11.291834783554052,11.291834783554052,0.0,"[0.0, 0.0, 1.0]",primal=Optimization terminated successfully; dual=outer=Optimization terminated successfully; inner=Optimization terminated successfully,1,-265.68811673551863,265.68811673551863,8.171585273742656,
ties,triple,cunghoctienganh_4909ad74_a335+chauhoang_2aa4f343_5524_f86e_b+duyphu_0112d9da_9934_4614_b233,7.975669878285469,8.82500715255734,0,"[0.2141421200064196, 0.20000000000000498, 0.5858578799935754]","[0.2, 0.2, 0.6]",0.0,"{""chauhoang_2aa4f343_5524_f86e_b"": -8.82500715255734, ""cunghoctienganh_4909ad74_a335"": -8.607199859619108, ""duyphu_0112d9da_9934_4614_b233"": -7.063630294799772}",chauhoang_2aa4f343_5524_f86e_b,continuous_primal_dual_psd,6,7.975669878285469,7.9756698782854665,2.6645352591003757e-15,"[0.0, 0.9999999999999987, 1.3877787807814439e-15]",primal=Optimization terminated successfully; dual=outer=Optimization terminated successfully; inner=Optimization terminated successfully,1,-79.0401499375234,79.0401499375234,7.975669878285467,
ties,triple,cunghoctienganh_c1cf0152_7ae6+hongngo_9d92894f_7b7b_49e0_8f3+versil91_63cd5c4a_5a68_4c25_bd,11.467430305890131,6.324997615814176,0,"[0.2, 0.20000000000010007, 0.5999999999999]","[0.2, 0.2, 0.6]",0.0,"{""cunghoctienganh_c1cf0152_7ae6"": -6.324997615814176, ""hongngo_9d92894f_7b7b_49e0_8f3"": -5.624249649047819, ""versil91_63cd5c4a_5a68_4c25_bd"": -2.251024364268235}",cunghoctienganh_c1cf0152_7ae6,continuous_primal_dual_psd,6,11.467430305890131,11.467430305890094,3.730349362740526e-14,"[1.745825706222754e-13, 0.9999999999998255, 0.0]",primal=Optimization terminated successfully; dual=outer=Optimization terminated successfully; inner=Optimization terminated successfully,1,-118.24309839318079,118.24309839318079,9.498086643219278,
ties,triple,adammandic87_3d7a58a6_4380_4e3+laquythang_8444c3be_8779_4769+versil91_474890ea_012d_4a25_96,3.8113525271145474,0.8136422157287271,0,"[0.21299313551961968, 0.20000000000010348, 0.5870068644802768]","[0.4, 0.2, 0.4]",1.9318103790283203,"{""adammandic87_3d7a58a6_4380_4e3"": -0.2418832035485234, ""laquythang_8444c3be_8779_4769"": 1.0518877983093589, ""versil91_474890ea_012d_4a25_96"": -0.8136422157287271}",versil91_474890ea_012d_4a25_96,continuous_primal_dual_psd,6,3.8113525271145474,3.811352527114245,3.0242475190789264e-13,"[0.8025489267768452, 0.19745107322315486, 2.753235141146751e-17]",primal=Optimization terminated successfully; dual=outer=Optimization terminated successfully; inner=Optimization terminated successfully,1,-86.90846371661279,86.90846371661279,3.8113525271130158,
ties,triple,datlaaaaaaa_cc1f8701_0976_4f48+duyphu_4909ad74_a335_4972_9ed8+nhung02_db2c9545_4607_487b_9cc,22.828160555440643,14.99488658905026,0,"[0.20000000000002843, 0.20000000000002843, 0.5999999999999431]","[0.2, 0.6, 0.2]",4.791665077209473,"{""datlaaaaaaa_cc1f8701_0976_4f48"": -14.99488658905026, ""duyphu_4909ad74_a335_4972_9ed8"": -12.07820482254025, ""nhung02_db2c9545_4607_487b_9cc"": -13.30416507720944}",datlaaaaaaa_cc1f8701_0976_4f48,continuous_primal_dual_psd,6,22.828160555440643,22.828160555440643,0.0,"[0.0, 0.0, 1.0]",primal=Optimization terminated successfully; dual=outer=Optimization terminated successfully; inner=Optimization terminated successfully,1,-454.86757810404924,454.86757810404924,14.96137685775626,
ties,triple,cunghoctienganh_b7496e73_1762+nhoxinh_2f944a50_cbd3_4334_af8+mrhungddddh_9b1deaac_4565_48f2,2.31276665238952,1.4765293121337564,0,"[0.4035275777212379, 0.20000000000000065, 0.39647242227876145]","[0.4, 0.2, 0.4]",0.0,"{""cunghoctienganh_b7496e73_1762"": -1.4765293121337564, ""mrhungddddh_9b1deaac_4565_48f2"": 4.09165315628055, ""nhoxinh_2f944a50_cbd3_4334_af8"": -0.9083420753478677}",cunghoctienganh_b7496e73_1762,continuous_primal_dual_psd,6,2.31276665238952,2.31276665238952,0.0,"[0.0, 0.0, 1.0]",primal=Optimization terminated successfully; dual=outer=Optimization terminated successfully; inner=Optimization terminated successfully,1,-25.52549417464134,25.525494174641338,2.31276665238952,
ties,triple,versil91_01a5620a_fb5f_4bab_94+phungkhaccuong_a992b7f5_9d18_c+mrhungddddh_fe499423_02f3_4cfd,1.7248527518774452,4.624834728240934,0,"[0.3736961113590924, 0.42397660729629866, 0.20232728134460887]","[0.2, 0.6, 0.2]",4.588425159454346,"{""mrhungddddh_fe499423_02f3_4cfd"": -3.436759185790983, ""phungkhaccuong_a992b7f5_9d18_c"": -4.624834728240934, ""versil91_01a5620a_fb5f_4bab_94"": -1.7476183988599567}",phungkhaccuong_a992b7f5_9d18_c,continuous_primal_dual_psd,6,1.7248527518774452,1.7248527518772567,1.8851586958135158e-13,"[0.8559010625617061, 0.14409893743829355, 2.7310966017437083e-16]",primal=Optimization terminated successfully; dual=outer=Optimization terminated successfully; inner=Optimization terminated successfully,1,-52.20495602083207,52.20495602083206,1.316319480889712,
ties,triple,thaffggg_8a78a9b2_d3fa_4615_b8+phungkhaccuong_731c6dec_a942_4+datlaaaaaaa_0dbe42c8_b07b_4785,8.8939991066712,4.336372089385954,0,"[0.25344129068928206, 0.20000000000001522, 0.5465587093107027]","[0.2, 0.6, 0.2]",2.902102470397949,"{""datlaaaaaaa_0dbe42c8_b07b_4785"": -4.033342075347868, ""phungkhaccuong_731c6dec_a942_4"": -1.5863202524491864, ""thaffggg_8a78a9b2_d3fa_4615_b8"": -4.336372089385954}",thaffggg_8a78a9b2_d3fa_4615_b8,continuous_primal_dual_psd,6,8.8939991066712,8.893999106670753,4.476419235288631e-13,"[0.4686787696463567, 0.0, 0.5313212303536433]",primal=Optimization terminated successfully; dual=outer=Optimization terminated successfully; inner=Optimization terminated successfully,1,-118.51690365939297,118.51690365939295,7.829229534313428,
ties,triple,nbninh_c4ae10ba_efe4_401e_8dd7+mrhunghd_9e58333c_df22_4a00_9c+adammandic87_f28f18cf_4abb_4db,-0.9847984281317073,-2.1125047683716147,1,"[0.23233289576722813, 0.2, 0.5676671042327719]","[0.4, 0.2, 0.4]",3.8541674613952637,"{""adammandic87_f28f18cf_4abb_4db"": 2.945837306976351, ""mrhunghd_9e58333c_df22_4a00_9c"": 2.1125047683716147, ""nbninh_c4ae10ba_efe4_401e_8dd7"": 4.820832538604769}",mrhunghd_9e58333c_df22_4a00_9c,continuous_primal_dual_psd,6,-0.9847984281317073,-0.984798428131711,3.774758283725532e-15,"[0.27180939225038725, 0.0, 0.7281906077496129]",primal=Optimization terminated successfully; dual=outer=Optimization terminated successfully; inner=Optimization terminated successfully,1,-21.23069597383865,21.230695973838646,-0.9847984281317202,
ties,triple,nbninh_c4ae10ba_efe4_401e_8dd7+nbninh_a1f78795_1b61_4923_9235+nblinh63_0eb73af3_0631_437a_ad,6.227325526957397,1.4575869560241372,0,"[0.2, 0.2, 0.6]","[0.6, 0.2, 0.2]",7.1212053298950195,"{""nblinh63_0eb73af3_0631_437a_ad"": -1.4575869560241372, ""nbninh_a1f78795_1b61_4923_9235"": 2.2356002807617514, ""nbninh_c4ae10ba_efe4_401e_8dd7"": -0.9272844314574868}",nblinh63_0eb73af3_0631_437a_ad,continuous_primal_dual_psd,6,6.227325526957397,6.227325526957397,0.0,"[0.0, 0.0, 1.0]",primal=Optimization terminated successfully; dual=outer=Optimization terminated successfully; inner=Optimization terminated successfully,1,-208.4012236021395,208.4012236021395,-0.7823675155639691,
ties,triple,nbninh_0d8b128b_8753_46c3_b80f+versil91_121ef6e9_0ded_4fc3_8c+versil91_63cd5c4a_5a68_4c25_bd,5.923634413179551,3.0863554000854165,0,"[0.2, 0.2, 0.6]","[0.2, 0.6, 0.2]",3.4943342208862305,"{""nbninh_0d8b128b_8753_46c3_b80f"": -3.0863554000854165, ""versil91_121ef6e9_0ded_4fc3_8c"": -2.135017585754362, ""versil91_63cd5c4a_5a68_4c25_bd"": -1.2102039386409107}",nbninh_0d8b128b_8753_46c3_b80f,continuous_primal_dual_psd,6,5.923634413179551,5.923634413179551,0.0,"[0.0, 0.0, 1.0]",primal=Optimization terminated successfully; dual=outer=Optimization terminated successfully; inner=Optimization terminated successfully,1,-83.77895308073421,83.77895308073421,2.936518068334862,
ties,triple,denbeo_d9ae91c0_fed9_4fb4_8ddd+nhoxinh_0c66c9c5_5cc2_46a8_9db+datlaaaaaaa_e8cccbe1_c136_409a,15.578109379832384,20.586374473571745,0,"[0.2, 0.2000000000000724, 0.5999999999999276]","[0.2, 0.2, 0.6]",0.0,"{""datlaaaaaaa_e8cccbe1_c136_409a"": -20.586374473571745, ""denbeo_d9ae91c0_fed9_4fb4_8ddd"": -16.94052524566647, ""nhoxinh_0c66c9c5_5cc2_46a8_9db"": -14.22272033691403}",datlaaaaaaa_e8cccbe1_c136_409a,continuous_primal_dual_psd,6,15.578109379832384,15.578109379832384,0.0,"[0.0, 1.0, 0.0]",primal=Optimization terminated successfully; dual=outer=Optimization terminated successfully; inner=Optimization terminated successfully,1,-238.15624449234656,238.15624449234653,9.137502384187973,
ties,triple,chauhoang_4909ad74_a335_4972_9+nhoxinh_2f944a50_cbd3_4334_af8+mrhunghd_9e58333c_df22_4a00_9c,12.107108032928725,7.44244165420529,0,"[0.2, 0.22478818768577016, 0.5752118123142298]","[0.6, 0.2, 0.2]",7.386350631713867,"{""chauhoang_4909ad74_a335_4972_9"": -7.290926647186247, ""mrhunghd_9e58333c_df22_4a00_9c"": -4.682377052307096, ""nhoxinh_2f944a50_cbd3_4334_af8"": -7.44244165420529}",nhoxinh_2f944a50_cbd3_4334_af8,continuous_primal_dual_psd,6,12.107108032928725,12.107108032928203,5.222489107836736e-13,"[5.094156432914865e-14, 0.24844704530722111, 0.751552954692728]",primal=Optimization terminated successfully; dual=outer=Optimization terminated successfully; inner=Optimization terminated successfully,1,-259.0498573397752,259.04985733977526,12.102627285610879,
ties,triple,datlaaaaaaa_cc1f8701_0976_4f48+laquythang_8444c3be_8779_4769+thaffggg_8c87f3d3_d4bb_475a_a8,14.757758006610816,7.575002384185758,0,"[0.2, 0.2, 0.6]","[0.4, 0.2, 0.4]",4.294872283935547,"{""datlaaaaaaa_cc1f8701_0976_4f48"": -7.575002384185758, ""laquythang_8444c3be_8779_4769"": -7.395079803466764, ""thaffggg_8c87f3d3_d4bb_475a_a8"": -5.1034123420715005}",datlaaaaaaa_cc1f8701_0976_4f48,continuous_primal_dual_psd,6,14.757758006610816,14.757758006610795,2.1316282072803006e-14,"[0.0, 2.1649348980190505e-15, 0.9999999999999978]",primal=Optimization terminated successfully; dual=outer=Optimization terminated successfully; inner=Optimization terminated successfully,1,-118.08564318666492,118.08564318666492,10.074999999999967,
ties,triple,versil91_e9f26c47_9b78_4e3f_81+laquythang_efe15045_778f_4dfa+hongngo_9d92894f_7b7b_49e0_8f3,1.8458315641188412,-1.0782837870587185,1,"[0.2, 0.2, 0.6]","[0.2, 0.6, 0.2]",2.2488724183428923,"{""hongngo_9d92894f_7b7b_49e0_8f3"": 2.614387798309359, ""laquythang_efe15045_778f_4dfa"": 5.777260589599642, ""versil91_e9f26c47_9b78_4e3f_81"": 1.0782837870587185}",versil91_e9f26c47_9b78_4e3f_81,continuous_primal_dual_psd,6,1.8458315641188412,1.8458315641188412,0.0,"[1.0, 0.0, 0.0]",primal=Optimization terminated successfully; dual=outer=Optimization terminated successfully; inner=Optimization terminated successfully,1,-50.127340848975734,50.12734084897573,0.5333325007618106,
ties,triple,adammandic87_3d7a58a6_4380_4e3+tuanna08go_7647f014_8af3_4266+nblinh63_0eb73af3_0631_437a_ad,12.430754375457733,1.260215652609492,0,"[0.2, 0.2, 0.6]","[0.2, 0.6, 0.2]",7.441672145699801,"{""adammandic87_3d7a58a6_4380_4e3"": -1.260215652609492, ""nblinh63_0eb73af3_0631_437a_ad"": 2.472349929809603, ""tuanna08go_7647f014_8af3_4266"": -1.1130847067748382}",adammandic87_3d7a58a6_4380_4e3,continuous_primal_dual_psd,6,12.430754375457733,12.430754375457733,0.0,"[0.0, 0.0, 1.0]",primal=Optimization terminated successfully; dual=outer=Optimization terminated successfully; inner=Optimization terminated successfully,1,-111.2112018038579,117.46823320040778,8.200016689300512,
ties,triple,thaffggg_8a78a9b2_d3fa_4615_b8+mrhungddddh_fe499423_02f3_4cfd+mrhunghddddd_d692685b_fdb4_477,6.874314022064148,11.448112201690641,0,"[0.2, 0.6, 0.19999999999999996]","[0.2, 0.6, 0.2]",0.0,"{""mrhungddddh_fe499423_02f3_4cfd"": -11.448112201690641, ""mrhunghddddd_d692685b_fdb4_477"": -5.387499999999967, ""thaffggg_8a78a9b2_d3fa_4615_b8"": -7.2909147262572915}",mrhungddddh_fe499423_02f3_4cfd,continuous_primal_dual_psd,6,6.874314022064148,6.874314022064049,9.85878045867139e-14,"[0.0, 0.0, 1.0]",primal=Optimization terminated successfully; dual=outer=Optimization terminated successfully; inner=Optimization terminated successfully,1,-165.42671132396697,165.51816708531433,4.762497615814196,
ties,triple,mrhungddddh_9b1deaac_4565_48f2+mrhungddddh_911f6275_22fd_4f41+datlaaaaaaa_0dbe42c8_b07b_4785,0.3216745059759507,-2.320823001861605,1,"[0.37500596465813923, 0.2, 0.42499403534186075]","[0.2, 0.4, 0.4]",3.0208349227905273,"{""datlaaaaaaa_0dbe42c8_b07b_4785"": 2.320823001861605, ""mrhungddddh_911f6275_22fd_4f41"": 4.792413043975863, ""mrhungddddh_9b1deaac_4565_48f2"": 5.549988079071078}",datlaaaaaaa_0dbe42c8_b07b_4785,continuous_primal_dual_psd,6,0.3216745059759507,0.3216745059759507,0.0,"[1.0, 0.0, 0.0]",primal=Optimization terminated successfully; dual=outer=Optimization terminated successfully; inner=Optimization terminated successfully,1,-160.79901335547507,160.79901335547507,-0.576600550802925,
ties,triple,taronklm_trained_model+tuanna08go_6af2bb68_a65f_4331+versil91_474890ea_012d_4a25_96,-0.9604005739540913,0.07122831875776017,0,"[0.3591295715492308, 0.20000000000009807, 0.44087042845067115]","[0.6, 0.2, 0.2]",0.21147132126642107,"{""taronklm_trained_model"": -0.07122831875776017, ""tuanna08go_6af2bb68_a65f_4331"": 19.8929517745972, ""versil91_474890ea_012d_4a25_96"": 40.322717952728304}",taronklm_trained_model,continuous_primal_dual_psd,6,-0.9604005739540913,-0.9604005739566236,2.5323076968675196e-12,"[3.77138755455012e-15, 0.6616932519588048, 0.33830674804119143]",primal=Optimization terminated successfully; dual=outer=Optimization terminated successfully; inner=Optimization terminated successfully,1,-123.15303806249842,123.31464743353207,-0.9604005739540911,
ties,triple,cunghoctienganh_b7496e73_1762+phungkhaccuong_a992b7f5_9d18_c+adammandic87_f28f18cf_4abb_4db,2.3037230155778836,-0.04299573898318698,1,"[0.26834631622357874, 0.2, 0.5316536837764212]","[0.4, 0.2, 0.4]",3.015720844268799,"{""adammandic87_f28f18cf_4abb_4db"": 9.404167461395296, ""cunghoctienganh_b7496e73_1762"": 1.1560767173767417, ""phungkhaccuong_a992b7f5_9d18_c"": 0.04299573898318698}",phungkhaccuong_a992b7f5_9d18_c,continuous_primal_dual_psd,6,2.3037230155778836,2.303723015577776,1.0746958878371515e-13,"[2.0845652953847735e-15, 0.005033981783107881, 0.99496601821689]",primal=Optimization terminated successfully; dual=outer=Optimization terminated successfully; inner=Optimization terminated successfully,1,-119.83502618085618,119.83502618085618,2.23940642077542,
ties,triple,lhong4759_f68c5c87_934d_4399_b+cunghoctienganh_c1cf0152_7ae6+phungkhaccuong_2b1522e6_bef2_7,2.0941363111367632,5.491676998138395,0,"[0.20000000000000004, 0.26498022597627857, 0.5350197740237214]","[0.2, 0.4, 0.4]",2.812504768371582,"{""cunghoctienganh_c1cf0152_7ae6"": 1.5916674613952964, ""lhong4759_f68c5c87_934d_4399_b"": -5.491676998138395, ""phungkhaccuong_2b1522e6_bef2_7"": 2.7375071525574057}",lhong4759_f68c5c87_934d_4399_b,continuous_primal_dual_psd,6,2.0941363111367632,2.094136311003499,1.332640664486462e-10,"[0.37914226821657454, 7.103222716866586e-15, 0.6208577317834185]",primal=Optimization terminated successfully; dual=outer=Optimization terminated successfully; inner=Optimization terminated successfully,1,-341.33127990121295,341.3312799012129,1.4903659227520492,
dare_ties,pair,lhong4759_f68c5c87_934d_4399_b+adammandic87_3d7a58a6_4380_4e3,-0.7938190885292924,-0.6848199544572172,1,"[0.266225677875618, 0.733774322124382]","[0.2, 0.8]",0.0,"{""adammandic87_3d7a58a6_4380_4e3"": 0.6848199544572172, ""lhong4759_f68c5c87_934d_4399_b"": 4.924997615814242}",adammandic87_3d7a58a6_4380_4e3,continuous_primal_dual_psd,4,-0.7938190885292924,-0.7938190885292924,0.0,"[0.0, 1.0]",primal=Optimization terminated successfully; dual=outer=Optimization terminated successfully; inner=Optimization terminated successfully,1,-43.706446886062714,43.706446886062714,-0.7938190885292922,
dare_ties,pair,lhong4759_f68c5c87_934d_4399_b+versil91_01a5620a_fb5f_4bab_94,6.0662598133086725,1.5333325386047036,0,"[0.2, 0.8]","[0.2, 0.8]",0.0,"{""lhong4759_f68c5c87_934d_4399_b"": -1.5333325386047036, ""versil91_01a5620a_fb5f_4bab_94"": 0.03809608148205869}",lhong4759_f68c5c87_934d_4399_b,continuous_primal_dual_psd,4,6.0662598133086725,6.0662598133086725,0.0,"[1.0, 0.0]",primal=Optimization terminated successfully; dual=outer=Optimization terminated successfully; inner=Optimization terminated successfully,1,-177.88454890251165,177.88454890251165,2.5085688352584388,
dare_ties,pair,lhong4759_f68c5c87_934d_4399_b+taronklm_trained_model,-34.035577195221265,-0.40795788237719555,1,"[0.41361679410781255, 0.5863832058921874]","[0.2, 0.8]",0.2163433799592442,"{""lhong4759_f68c5c87_934d_4399_b"": 66.22708730697634, ""taronklm_trained_model"": 0.40795788237719555}",taronklm_trained_model,continuous_primal_dual_psd,4,-34.035577195221265,-34.035577195221265,0.0,"[1.0, 0.0]",primal=Optimization terminated successfully; dual=outer=Optimization terminated successfully; inner=Optimization terminated successfully,0,781.3504338264464,0.0,-34.03557719522127,
dare_ties,pair,adammandic87_3d7a58a6_4380_4e3+versil91_01a5620a_fb5f_4bab_94,-0.3804580488742211,-1.7633499312903798,1,"[0.4249596428929493, 0.5750403571070507]","[0.6, 0.4]",1.3403119449268581,"{""adammandic87_3d7a58a6_4380_4e3"": 1.7633499312903798, ""versil91_01a5620a_fb5f_4bab_94"": 3.347626573224588}",adammandic87_3d7a58a6_4380_4e3,continuous_primal_dual_psd,4,-0.3804580488742211,-0.3804580488745092,2.881028748902281e-13,"[0.835715191242327, 0.16428480875767307]",primal=Optimization terminated successfully; dual=outer=Optimization terminated successfully; inner=Optimization terminated successfully,1,-2.2336777445750085,2.2336777445750085,-0.3804580488742211,
dare_ties,pair,adammandic87_3d7a58a6_4380_4e3+taronklm_trained_model,-4.17869856518039,-0.7019146056524826,1,"[0.20000000000000034, 0.7999999999999996]","[0.4, 0.6]",0.02102739126102582,"{""adammandic87_3d7a58a6_4380_4e3"": 23.144277988868044, ""taronklm_trained_model"": 0.7019146056524826}",taronklm_trained_model,continuous_primal_dual_psd,4,-4.17869856518039,-4.17869856518039,0.0,"[1.0, 0.0]",primal=Optimization terminated successfully; dual=outer=Optimization terminated successfully; inner=Optimization terminated successfully,1,-21.434426307678233,21.434426307678233,-4.243991421245973,
dare_ties,pair,adammandic87_3d7a58a6_4380_4e3+versil91_e9f26c47_9b78_4e3f_81,0.07305048314196572,-0.7117692597678764,1,"[0.3003782123883581, 0.699621787611642]","[0.6, 0.4]",0.09502652341330742,"{""adammandic87_3d7a58a6_4380_4e3"": 1.5748713960408667, ""versil91_e9f26c47_9b78_4e3f_81"": 0.7117692597678764}",versil91_e9f26c47_9b78_4e3f_81,continuous_primal_dual_psd,4,0.07305048314196572,0.07305048302084954,1.2111617264665142e-10,"[0.7173568633353743, 0.2826431366646257]",primal=Optimization terminated successfully; dual=outer=Optimization terminated successfully; inner=Optimization terminated successfully,1,-5.49832054785416,5.49832054785416,0.07305048314196572,
dare_ties,pair,versil91_01a5620a_fb5f_4bab_94+taronklm_trained_model,-23.837236820475614,-0.6555003861879637,1,"[0.2847531982138675, 0.7152468017861324]","[0.2, 0.8]",0.0,"{""taronklm_trained_model"": 0.6555003861879637, ""versil91_01a5620a_fb5f_4bab_94"": 2.561914817670788}",taronklm_trained_model,continuous_primal_dual_psd,4,-23.837236820475614,-23.83723682047563,1.7763568394002505e-14,"[0.8211595821091764, 0.17884041789082367]",primal=Optimization terminated successfully; dual=outer=Optimization terminated successfully; inner=Optimization terminated successfully,0,44.476784416842506,0.0,-23.837236820475617,
dare_ties,pair,versil91_01a5620a_fb5f_4bab_94+versil91_e9f26c47_9b78_4e3f_81,0.6341710317022751,0.0891402105716771,0,"[0.3055452733686296, 0.6944547266313704]","[0.8, 0.2]",0.9185549452028975,"{""versil91_01a5620a_fb5f_4bab_94"": 0.585718567524331, ""versil91_e9f26c47_9b78_4e3f_81"": -0.0891402105716771}",versil91_e9f26c47_9b78_4e3f_81,continuous_primal_dual_psd,4,0.6341710317022751,0.6341710317022751,0.0,"[1.0, 0.0]",primal=Optimization terminated successfully; dual=outer=Optimization terminated successfully; inner=Optimization terminated successfully,0,4.4485962625948,0.0,0.6341710317022751,
dare_ties,pair,versil91_01a5620a_fb5f_4bab_94+versil91_8444c3be_8779_4769_a0,1.2312502384185446,0.2972905127217851,0,"[0.2, 0.8]","[0.8, 0.2]",0.09318444511212542,"{""versil91_01a5620a_fb5f_4bab_94"": 0.8714289606840228, ""versil91_8444c3be_8779_4769_a0"": -0.2972905127217851}",versil91_8444c3be_8779_4769_a0,continuous_primal_dual_psd,4,1.2312502384185446,1.2312502384185446,0.0,"[0.0, 1.0]",primal=Optimization terminated successfully; dual=outer=Optimization terminated successfully; inner=Optimization terminated successfully,1,-46.874880790710435,46.874880790710435,0.9279080987363817,
dare_ties,pair,taronklm_trained_model+versil91_e9f26c47_9b78_4e3f_81,-12.211380435579006,-0.6778954144026046,1,"[0.44843886627292623, 0.5515611337270738]","[0.8, 0.2]",0.6721941007179072,"{""taronklm_trained_model"": 0.6778954144026046, ""versil91_e9f26c47_9b78_4e3f_81"": 4.544351993968269}",taronklm_trained_model,continuous_primal_dual_psd,4,-12.211380435579006,-12.21138043560807,2.9064750606266898e-11,"[0.19364333762942693, 0.806356662370573]",primal=Optimization terminated successfully; dual=outer=Optimization terminated successfully; inner=Optimization terminated successfully,1,-60.69689989089965,60.69689989089965,-12.21138043561505,
dare_ties,pair,taronklm_trained_model+versil91_8444c3be_8779_4769_a0,-34.227489576263565,-0.7332848186272362,1,"[0.4069162984049701, 0.5930837015950299]","[0.8, 0.2]",0.43439614470567395,"{""taronklm_trained_model"": 0.7332848186272362, ""versil91_8444c3be_8779_4769_a0"": 10.079401528390742}",taronklm_trained_model,continuous_primal_dual_psd,4,-34.227489576263565,-34.2274895762656,2.0321522242738865e-12,"[1.0, 0.0]",primal=Optimization terminated successfully; dual=outer=Optimization terminated successfully; inner=Optimization terminated successfully,0,117.58781969547282,0.0,-34.227489576263565,
dare_ties,pair,taronklm_trained_model+tuanna08go_6af2bb68_a65f_4331,-3.057887150271542,-0.8050858662952484,1,"[0.8, 0.19999999999999996]","[0.8, 0.2]",0.0,"{""taronklm_trained_model"": 0.8050858662952484, ""tuanna08go_6af2bb68_a65f_4331"": 25.67819051742557}",taronklm_trained_model,continuous_primal_dual_psd,4,-3.057887150271542,-3.057887150271542,0.0,"[0.0, 1.0]",primal=Optimization terminated successfully; dual=outer=Optimization terminated successfully; inner=Optimization terminated successfully,1,-3.0396981909213703,3.0396981909213703,-4.030590571366381,
dare_ties,pair,versil91_e9f26c47_9b78_4e3f_81+versil91_8444c3be_8779_4769_a0,1.746343973031093,0.013346020556268661,0,"[0.2958098525801908, 0.7041901474198091]","[0.2, 0.8]",0.0,"{""versil91_8444c3be_8779_4769_a0"": -0.013346020556268661, ""versil91_e9f26c47_9b78_4e3f_81"": 0.2638029458491431}",versil91_8444c3be_8779_4769_a0,continuous_primal_dual_psd,4,1.746343973031093,1.7463439730303536,7.394085344003543e-13,"[0.863945373563835, 0.13605462643616495]",primal=Optimization terminated successfully; dual=outer=Optimization terminated successfully; inner=Optimization terminated successfully,1,-7.886877257309567,7.886877257309567,1.7463439730310928,
dare_ties,pair,versil91_e9f26c47_9b78_4e3f_81+tuanna08go_6af2bb68_a65f_4331,0.09615289505060953,-0.3814484207124869,1,"[0.3898434809814532, 0.6101565190185467]","[0.2, 0.8]",3.9420302955598663,"{""tuanna08go_6af2bb68_a65f_4331"": 2.008339691162142, ""versil91_e9f26c47_9b78_4e3f_81"": 0.3814484207124869}",versil91_e9f26c47_9b78_4e3f_81,continuous_primal_dual_psd,4,0.09615289505060953,0.09615289505060953,0.0,"[0.0, 1.0]",primal=Optimization terminated successfully; dual=outer=Optimization terminated successfully; inner=Optimization terminated successfully,0,6.7619451175500105,0.0,0.09615289505060953,
dare_ties,pair,versil91_e9f26c47_9b78_4e3f_81+duyphu_7aba420b_74ac_4209_b514,28.276919794082634,7.05416507720944,0,"[0.2, 0.8]","[0.8, 0.2]",22.0833420753479,"{""duyphu_7aba420b_74ac_4209_b514"": -7.05416507720944, ""versil91_e9f26c47_9b78_4e3f_81"": -2.1185549452029075}",duyphu_7aba420b_74ac_4209_b514,continuous_primal_dual_psd,4,28.276919794082634,28.276919794082634,0.0,"[0.0, 1.0]",primal=Optimization terminated successfully; dual=outer=Optimization terminated successfully; inner=Optimization terminated successfully,1,-154.72024679183951,154.72024679183951,25.182514858245842,
dare_ties,pair,versil91_8444c3be_8779_4769_a0+tuanna08go_6af2bb68_a65f_4331,-0.0738270731136069,0.17916269302364896,0,"[0.24645686164927535, 0.7535431383507246]","[0.8, 0.2]",5.592954158782959,"{""tuanna08go_6af2bb68_a65f_4331"": -0.17916269302364896, ""versil91_8444c3be_8779_4769_a0"": 0.016062912828405964}",tuanna08go_6af2bb68_a65f_4331,continuous_primal_dual_psd,4,-0.0738270731136069,-0.0738270731136069,0.0,"[0.0, 1.0]",primal=Optimization terminated successfully; dual=outer=Optimization terminated successfully; inner=Optimization terminated successfully,0,2.709044032561123,0.0,-0.0738270731136069,
dare_ties,pair,versil91_8444c3be_8779_4769_a0+duyphu_7aba420b_74ac_4209_b514,5.977968645095782,0.24411525132549944,0,"[0.2, 0.8]","[0.8, 0.2]",12.018387132860259,"{""duyphu_7aba420b_74ac_4209_b514"": 4.924997615814242, ""versil91_8444c3be_8779_4769_a0"": -0.24411525132549944}",versil91_8444c3be_8779_4769_a0,continuous_primal_dual_psd,4,5.977968645095782,5.977968645095782,0.0,"[0.0, 1.0]",primal=Optimization terminated successfully; dual=outer=Optimization terminated successfully; inner=Optimization terminated successfully,1,-245.8477020263672,245.8477020263672,1.0610146045684372,
dare_ties,pair,versil91_8444c3be_8779_4769_a0+thaffggg_8a78a9b2_d3fa_4615_b8,6.590248563636592,5.699995231628385,0,"[0.7012121257659863, 0.29878787423401365]","[0.8, 0.2]",0.0,"{""thaffggg_8a78a9b2_d3fa_4615_b8"": -5.699995231628385, ""versil91_8444c3be_8779_4769_a0"": -2.1558810461775475}",thaffggg_8a78a9b2_d3fa_4615_b8,continuous_primal_dual_psd,4,6.590248563636592,6.590248563636592,0.0,"[0.9999999999999999, 1.6653345369377348e-16]",primal=Optimization terminated successfully; dual=outer=Optimization terminated successfully; inner=Optimization terminated successfully,0,515.6250298023224,0.0,6.590248563636607,
dare_ties,pair,tuanna08go_6af2bb68_a65f_4331+duyphu_7aba420b_74ac_4209_b514,9.956988763809722,7.158330154418913,0,"[0.2000000000000111, 0.7999999999999889]","[0.8, 0.2]",3.3333420753479004,"{""duyphu_7aba420b_74ac_4209_b514"": -2.2624999999999673, ""tuanna08go_6af2bb68_a65f_4331"": -7.158330154418913}",tuanna08go_6af2bb68_a65f_4331,continuous_primal_dual_psd,4,9.956988763809722,9.956988763809722,0.0,"[0.0, 1.0]",primal=Optimization terminated successfully; dual=outer=Optimization terminated successfully; inner=Optimization terminated successfully,1,-100.08677840232852,100.08677840232852,7.955253195762929,
dare_ties,pair,tuanna08go_6af2bb68_a65f_4331+thaffggg_8a78a9b2_d3fa_4615_b8,3.040369962150976,-9.708651828765902,1,"[0.49029484968933373, 0.5097051503106662]","[0.6, 0.4]",39.78804349899292,"{""thaffggg_8a78a9b2_d3fa_4615_b8"": 11.161884593963656, ""tuanna08go_6af2bb68_a65f_4331"": 9.708651828765902}",tuanna08go_6af2bb68_a65f_4331,continuous_primal_dual_psd,4,3.040369962150976,3.0403699621259457,2.503020013477908e-11,"[0.9863157929628179, 0.013684207037182088]",primal=Optimization terminated successfully; dual=outer=Optimization terminated successfully; inner=Optimization terminated successfully,1,-10.836158228500725,10.836158228500725,3.0403699621509723,
dare_ties,pair,tuanna08go_6af2bb68_a65f_4331+datlaaaaaaa_cc1f8701_0976_4f48,0.6041328336998077,11.74166507720944,0,"[0.7860724015611927, 0.21392759843880726]","[0.8, 0.2]",0.0,"{""datlaaaaaaa_cc1f8701_0976_4f48"": -7.703211975097624, ""tuanna08go_6af2bb68_a65f_4331"": -11.74166507720944}",tuanna08go_6af2bb68_a65f_4331,continuous_primal_dual_psd,4,0.6041328336998077,0.6041328336941655,5.642264433447508e-12,"[0.9131335472810201, 0.08686645271897986]",primal=Optimization terminated successfully; dual=outer=Optimization terminated successfully; inner=Optimization terminated successfully,0,20.733799637955137,0.0,0.6041328336998006,
dare_ties,pair,duyphu_7aba420b_74ac_4209_b514+thaffggg_8a78a9b2_d3fa_4615_b8,39.07222372533282,34.345832538604704,0,"[0.49692305571386924, 0.5030769442861307]","[0.4, 0.6]",0.0,"{""duyphu_7aba420b_74ac_4209_b514"": -34.345832538604704, ""thaffggg_8a78a9b2_d3fa_4615_b8"": -32.553139400482145}",duyphu_7aba420b_74ac_4209_b514,continuous_primal_dual_psd,4,39.07222372533282,39.07222372533282,0.0,"[0.0, 1.0]",primal=Optimization terminated successfully; dual=outer=Optimization terminated successfully; inner=Optimization terminated successfully,0,33.854544162750166,0.0,39.07222372533282,
dare_ties,pair,duyphu_7aba420b_74ac_4209_b514+datlaaaaaaa_cc1f8701_0976_4f48,41.6090983867645,21.66154689788815,0,"[0.2, 0.8]","[0.8, 0.2]",26.330125331878662,"{""datlaaaaaaa_cc1f8701_0976_4f48"": -21.66154689788815, ""duyphu_7aba420b_74ac_4209_b514"": -8.512499999999967}",datlaaaaaaa_cc1f8701_0976_4f48,continuous_primal_dual_psd,4,41.6090983867645,41.6090983867645,0.0,"[0.0, 1.0]",primal=Optimization terminated successfully; dual=outer=Optimization terminated successfully; inner=Optimization terminated successfully,1,-740.8852875232695,740.8852875232695,26.791392636299108,
dare_ties,pair,duyphu_7aba420b_74ac_4209_b514+tuanna08go_7647f014_8af3_4266,-0.08926198260106527,-1.924301043693172,1,"[0.20000000000003498, 0.799999999999965]","[0.2, 0.8]",0.0,"{""duyphu_7aba420b_74ac_4209_b514"": 2.2166579246521323, ""tuanna08go_7647f014_8af3_4266"": 1.924301043693172}",tuanna08go_7647f014_8af3_4266,continuous_primal_dual_psd,4,-0.08926198260106527,-0.08926198260106527,0.0,"[0.0, 1.0]",primal=Optimization terminated successfully; dual=outer=Optimization terminated successfully; inner=Optimization terminated successfully,1,-317.3077106475828,317.3077106475828,-0.12281900702884349,
dare_ties,pair,thaffggg_8a78a9b2_d3fa_4615_b8+datlaaaaaaa_cc1f8701_0976_4f48,22.564585876464818,9.222725105285612,0,"[0.2, 0.8]","[0.2, 0.8]",0.0,"{""datlaaaaaaa_cc1f8701_0976_4f48"": -8.61666507720944, ""thaffggg_8a78a9b2_d3fa_4615_b8"": -9.222725105285612}",thaffggg_8a78a9b2_d3fa_4615_b8,continuous_primal_dual_psd,4,22.564585876464818,22.564585876464818,0.0,"[5.551115123125783e-17, 1.0]",primal=Optimization terminated successfully; dual=outer=Optimization terminated successfully; inner=Optimization terminated successfully,1,-112.92576789855957,112.92576789855957,20.981252264976483,
dare_ties,pair,thaffggg_8a78a9b2_d3fa_4615_b8+tuanna08go_7647f014_8af3_4266,8.423953574891591,6.722727489471403,0,"[0.3400001584566155, 0.6599998415433845]","[0.2, 0.8]",9.895122051239014,"{""thaffggg_8a78a9b2_d3fa_4615_b8"": -6.722727489471403, ""tuanna08go_7647f014_8af3_4266"": -2.1383205471742066}",thaffggg_8a78a9b2_d3fa_4615_b8,continuous_primal_dual_psd,4,8.423953574891591,8.423953574891591,0.0,"[1.0, 0.0]",primal=Optimization terminated successfully; dual=outer=Optimization terminated successfully; inner=Optimization terminated successfully,0,17.36578534334013,0.0,8.423953574891591,
dare_ties,pair,thaffggg_8a78a9b2_d3fa_4615_b8+tuanna08go_c1cf0152_7ae6_43b6,12.163534832000696,8.715739917755094,0,"[0.2, 0.8]","[0.2, 0.8]",0.0,"{""thaffggg_8a78a9b2_d3fa_4615_b8"": -4.965761375427213, ""tuanna08go_c1cf0152_7ae6_43b6"": -8.715739917755094}",tuanna08go_c1cf0152_7ae6_43b6,continuous_primal_dual_psd,4,12.163534832000696,12.163534832000696,0.0,"[1.0, 0.0]",primal=Optimization terminated successfully; dual=outer=Optimization terminated successfully; inner=Optimization terminated successfully,1,-31.24982118606576,31.24982118606576,12.163534832000696,
dare_ties,pair,datlaaaaaaa_cc1f8701_0976_4f48+tuanna08go_7647f014_8af3_4266,-0.029261579369598723,-1.186915905003111,1,"[0.35999999390037274, 0.6400000060996273]","[0.4, 0.6]",0.0,"{""datlaaaaaaa_cc1f8701_0976_4f48"": 19.556400108337435, ""tuanna08go_7647f014_8af3_4266"": 1.186915905003111}",tuanna08go_7647f014_8af3_4266,continuous_primal_dual_psd,4,-0.029261579369598723,-0.029261579369598723,0.0,"[0.0, 1.0]",primal=Optimization terminated successfully; dual=outer=Optimization terminated successfully; inner=Optimization terminated successfully,0,11.409393105816015,0.0,-0.029261579369598723,
dare_ties,pair,datlaaaaaaa_cc1f8701_0976_4f48+tuanna08go_c1cf0152_7ae6_43b6,3.746395778655952,-2.5145977020264,1,"[0.2, 0.8]","[0.2, 0.8]",0.0,"{""datlaaaaaaa_cc1f8701_0976_4f48"": 3.0500023841858237, ""tuanna08go_c1cf0152_7ae6_43b6"": 2.5145977020264}",tuanna08go_c1cf0152_7ae6_43b6,continuous_primal_dual_psd,4,3.746395778655952,3.746395778655952,0.0,"[1.0, 0.0]",primal=Optimization terminated successfully; dual=outer=Optimization terminated successfully; inner=Optimization terminated successfully,1,-649.8584151268008,649.8584151268008,-4.914566802978564,
dare_ties,pair,datlaaaaaaa_cc1f8701_0976_4f48+laquythang_8444c3be_8779_4769,62.60120109188165,44.56218786239621,0,"[0.3466346452369476, 0.6533653547630525]","[0.6, 0.4]",18.211686611175537,"{""datlaaaaaaa_cc1f8701_0976_4f48"": -44.56218786239621, ""laquythang_8444c3be_8779_4769"": -37.21516437530514}",datlaaaaaaa_cc1f8701_0976_4f48,continuous_primal_dual_psd,4,62.60120109188165,62.60120109188165,0.0,"[1.0, 0.0]",primal=Optimization terminated successfully; dual=outer=Optimization terminated successfully; inner=Optimization terminated successfully,0,149.85769987106303,0.0,62.60120109188165,
dare_ties,pair,tuanna08go_7647f014_8af3_4266+tuanna08go_c1cf0152_7ae6_43b6,-0.35939913508755694,-1.7542053616219366,1,"[0.8, 0.19999999999999996]","[0.4, 0.6]",1.1140201152589655,"{""tuanna08go_7647f014_8af3_4266"": 1.7542053616219366, ""tuanna08go_c1cf0152_7ae6_43b6"": 5.635222721099886}",tuanna08go_7647f014_8af3_4266,continuous_primal_dual_psd,4,-0.35939913508755694,-0.35939913508755694,0.0,"[1.0, 0.0]",primal=Optimization terminated successfully; dual=outer=Optimization terminated successfully; inner=Optimization terminated successfully,1,-0.9228097711065787,0.9228097711065787,-0.6546982618416621,
dare_ties,pair,tuanna08go_7647f014_8af3_4266+laquythang_8444c3be_8779_4769,3.169208985664824,1.0401852463629893,0,"[0.6615589575238408, 0.33844104247615925]","[0.6, 0.4]",0.0,"{""laquythang_8444c3be_8779_4769"": 3.1920402526855796, ""tuanna08go_7647f014_8af3_4266"": -1.0401852463629893}",tuanna08go_7647f014_8af3_4266,continuous_primal_dual_psd,4,3.169208985664824,3.169208985664824,0.0,"[0.0, 1.0]",primal=Optimization terminated successfully; dual=outer=Optimization terminated successfully; inner=Optimization terminated successfully,0,8.389260907317036,0.0,3.169208985664824,
dare_ties,pair,tuanna08go_7647f014_8af3_4266+laquythang_efe15045_778f_4dfa,18.48044700622556,0.3691596618091589,0,"[0.2, 0.8]","[0.6, 0.4]",15.330837954005018,"{""laquythang_efe15045_778f_4dfa"": 15.777286815643343, ""tuanna08go_7647f014_8af3_4266"": -0.3691596618091589}",tuanna08go_7647f014_8af3_4266,continuous_primal_dual_psd,4,18.48044700622556,18.48044700622556,0.0,"[0.0, 1.0]",primal=Optimization terminated successfully; dual=outer=Optimization terminated successfully; inner=Optimization terminated successfully,1,-83.63366127014156,83.63366127014156,16.80777378082273,
dare_ties,pair,tuanna08go_c1cf0152_7ae6_43b6+laquythang_8444c3be_8779_4769,45.353343287544746,8.985987377166715,0,"[0.5181403538238223, 0.4818596461761777]","[0.8, 0.2]",3.243744373321533,"{""laquythang_8444c3be_8779_4769"": -8.985987377166715, ""tuanna08go_c1cf0152_7ae6_43b6"": 1.293012428283724}",laquythang_8444c3be_8779_4769,continuous_primal_dual_psd,4,45.353343287544746,45.353343287544746,0.0,"[0.3660743114283287, 0.6339256885716714]",primal=Optimization terminated successfully; dual=outer=Optimization terminated successfully; inner=Optimization terminated successfully,1,-156.2501490116119,156.2501490116119,30.67144554195123,
dare_ties,pair,tuanna08go_c1cf0152_7ae6_43b6+laquythang_efe15045_778f_4dfa,-6.771882329454485,-11.686369705200228,1,"[0.662232361852008, 0.33776763814799204]","[0.6, 0.4]",0.0,"{""laquythang_efe15045_778f_4dfa"": 11.686369705200228, ""tuanna08go_c1cf0152_7ae6_43b6"": 13.390919494628939}",laquythang_efe15045_778f_4dfa,continuous_primal_dual_psd,4,-6.771882329454485,-6.771882329454485,0.0,"[0.0, 1.0]",primal=Optimization terminated successfully; dual=outer=Optimization terminated successfully; inner=Optimization terminated successfully,0,332.0311009883881,0.0,-6.771882329454485,
dare_ties,pair,tuanna08go_c1cf0152_7ae6_43b6+cunghoctienganh_c1cf0152_7ae6,2.229729366302459,2.2297293663024575,0,"[0.2, 0.8]","[0.2, 0.8]",0.0,"{""cunghoctienganh_c1cf0152_7ae6"": -0.6999999999999673, ""tuanna08go_c1cf0152_7ae6_43b6"": -2.2297293663024575}",tuanna08go_c1cf0152_7ae6_43b6,continuous_primal_dual_psd,4,2.229729366302459,2.229729366302459,0.0,"[5.551115123125783e-17, 1.0]",primal=Optimization terminated successfully; dual=outer=Optimization terminated successfully; inner=Optimization terminated successfully,1,-2.9239025279984583e-15,2.9239025279984583e-15,2.229729366302459,
dare_ties,pair,laquythang_8444c3be_8779_4769+laquythang_efe15045_778f_4dfa,32.53493793010711,13.124254417419401,0,"[0.8, 0.19999999999999996]","[0.8, 0.2]",0.0,"{""laquythang_8444c3be_8779_4769"": -13.124254417419401, ""laquythang_efe15045_778f_4dfa"": -8.540919494628874}",laquythang_8444c3be_8779_4769,continuous_primal_dual_psd,4,32.53493793010711,32.53493793010711,0.0,"[0.0, 1.0]",primal=Optimization terminated successfully; dual=outer=Optimization terminated successfully; inner=Optimization terminated successfully,0,3.9061903953552486,0.0,32.53493793010711,
dare_ties,pair,laquythang_8444c3be_8779_4769+cunghoctienganh_c1cf0152_7ae6,8.755286407470665,9.345832538604704,0,"[0.2, 0.8]","[0.2, 0.8]",0.0,"{""cunghoctienganh_c1cf0152_7ae6"": -9.345832538604704, ""laquythang_8444c3be_8779_4769"": -8.209481906890836}",cunghoctienganh_c1cf0152_7ae6,continuous_primal_dual_psd,4,8.755286407470665,8.755286407470665,0.0,"[1.0, 5.551115123125783e-17]",primal=Optimization terminated successfully; dual=outer=Optimization terminated successfully; inner=Optimization terminated successfully,1,-58.19305777549738,58.19305777549738,7.591425251960717,
dare_ties,pair,laquythang_8444c3be_8779_4769+cunghoctienganh_4909ad74_a335,21.33002408386264,24.724605751037565,0,"[0.438576745281925, 0.5614232547180751]","[0.6, 0.4]",8.863639831542969,"{""cunghoctienganh_4909ad74_a335"": -24.724605751037565, ""laquythang_8444c3be_8779_4769"": -15.690532398223844}",cunghoctienganh_4909ad74_a335,continuous_primal_dual_psd,4,21.33002408386264,21.33002408386264,0.0,"[1.0, 5.551115123125783e-17]",primal=Optimization terminated successfully; dual=outer=Optimization terminated successfully; inner=Optimization terminated successfully,0,344.85146403312666,0.0,21.33002408386264,
dare_ties,pair,laquythang_efe15045_778f_4dfa+cunghoctienganh_c1cf0152_7ae6,2.7993697643279525,10.595837306976286,0,"[0.2, 0.8]","[0.2, 0.8]",0.0,"{""cunghoctienganh_c1cf0152_7ae6"": -10.595837306976286, ""laquythang_efe15045_778f_4dfa"": -0.8136422157287271}",cunghoctienganh_c1cf0152_7ae6,continuous_primal_dual_psd,4,2.7993697643279525,2.7993697643279525,0.0,"[1.0, 0.0]",primal=Optimization terminated successfully; dual=outer=Optimization terminated successfully; inner=Optimization terminated successfully,1,-163.2612943649293,163.2612943649293,-0.4658561229706346,
dare_ties,pair,laquythang_efe15045_778f_4dfa+cunghoctienganh_4909ad74_a335,31.29696316719054,18.569305610656706,0,"[0.2, 0.8]","[0.6, 0.4]",15.776515007019043,"{""cunghoctienganh_4909ad74_a335"": -18.569305610656706, ""laquythang_efe15045_778f_4dfa"": -13.88181753158566}",cunghoctienganh_4909ad74_a335,continuous_primal_dual_psd,4,31.29696316719054,31.29696316719054,0.0,"[1.0, 0.0]",primal=Optimization terminated successfully; dual=outer=Optimization terminated successfully; inner=Optimization terminated successfully,1,-322.2154080867765,322.2154080867765,29.25369210243224,
dare_ties,pair,laquythang_efe15045_778f_4dfa+cunghoctienganh_b7496e73_1762,14.283311292863516,9.90455455780026,0,"[0.31026172777394334, 0.6897382722260567]","[0.4, 0.6]",0.0,"{""cunghoctienganh_b7496e73_1762"": -9.90455455780026, ""laquythang_efe15045_778f_4dfa"": -8.654549789428678}",cunghoctienganh_b7496e73_1762,continuous_primal_dual_psd,4,14.283311292863516,14.28331128943689,3.4266260939830318e-09,"[0.868963861407144, 0.13103613859285607]",primal=Positive directional derivative for linesearch; dual=outer=Optimization terminated successfully; inner=Optimization terminated successfully,1,-128.90636920928958,128.90636920928958,14.283311292863516,
dare_ties,pair,cunghoctienganh_c1cf0152_7ae6+cunghoctienganh_4909ad74_a335,7.49504927511822,8.38938064575192,0,"[0.7445652461074685, 0.25543475389253145]","[0.8, 0.2]",0.0,"{""cunghoctienganh_4909ad74_a335"": -8.38938064575192, ""cunghoctienganh_c1cf0152_7ae6"": -7.575002384185758}",cunghoctienganh_4909ad74_a335,continuous_primal_dual_psd,4,7.49504927511822,7.49504927511822,0.0,"[0.9999999999999996, 4.718447854656915e-16]",primal=Optimization terminated successfully; dual=outer=Optimization terminated successfully; inner=Optimization terminated successfully,0,416.9672727584838,0.0,7.495049275118205,
dare_ties,pair,cunghoctienganh_c1cf0152_7ae6+cunghoctienganh_b7496e73_1762,11.239715290069558,4.128030014038053,0,"[0.8, 0.19999999999999996]","[0.8, 0.2]",0.0,"{""cunghoctienganh_b7496e73_1762"": -4.128030014038053, ""cunghoctienganh_c1cf0152_7ae6"": -4.033342075347868}",cunghoctienganh_b7496e73_1762,continuous_primal_dual_psd,4,11.239715290069558,11.239715290069558,0.0,"[0.0, 1.0]",primal=Optimization terminated successfully; dual=outer=Optimization terminated successfully; inner=Optimization terminated successfully,1,-17.728507518768346,17.728507518768346,5.566592884063686,
dare_ties,pair,cunghoctienganh_c1cf0152_7ae6+chauhoang_4909ad74_a335_4972_9,12.54912235188635,14.970842075347868,0,"[0.5947480799830767, 0.40525192001692334]","[0.8, 0.2]",5.160963535308838,"{""chauhoang_4909ad74_a335_4972_9"": -10.472741794586149, ""cunghoctienganh_c1cf0152_7ae6"": -14.970842075347868}",cunghoctienganh_c1cf0152_7ae6,continuous_primal_dual_psd,4,12.54912235188635,12.549122351886313,3.730349362740526e-14,"[0.9487177299015066, 0.051282270098493385]",primal=Optimization terminated successfully; dual=outer=Optimization terminated successfully; inner=Optimization terminated successfully,1,-23.437142372131365,23.437142372131365,12.549122351886346,
dare_ties,pair,cunghoctienganh_4909ad74_a335+cunghoctienganh_b7496e73_1762,17.074207735061606,33.71136493682858,0,"[0.2, 0.8]","[0.2, 0.8]",0.0,"{""cunghoctienganh_4909ad74_a335"": -22.91591472625729, ""cunghoctienganh_b7496e73_1762"": -33.71136493682858}",cunghoctienganh_b7496e73_1762,continuous_primal_dual_psd,4,17.074207735061606,17.074207735061606,0.0,"[0.0, 1.0]",primal=Optimization terminated successfully; dual=outer=Optimization terminated successfully; inner=Optimization terminated successfully,1,-609.4752252101898,609.4752252101898,4.8847032308578076,
dare_ties,pair,cunghoctienganh_4909ad74_a335+chauhoang_4909ad74_a335_4972_9,40.71613513786491,53.739777278900114,0,"[0.42094063331752596, 0.579059366682474]","[0.6, 0.4]",33.71212482452392,"{""chauhoang_4909ad74_a335_4972_9"": -37.17726774215695, ""cunghoctienganh_4909ad74_a335"": -53.739777278900114}",cunghoctienganh_4909ad74_a335,continuous_primal_dual_psd,4,40.71613513786491,40.71613513786491,0.0,"[0.0, 1.0]",primal=Optimization terminated successfully; dual=outer=Optimization terminated successfully; inner=Optimization terminated successfully,0,349.9597311019896,0.0,40.71613513786491,
dare_ties,pair,cunghoctienganh_4909ad74_a335+chauhoang_2aa4f343_5524_f86e_b,15.102318816528111,38.228419494628874,0,"[0.4500044077639801, 0.5499955922360199]","[0.4, 0.6]",0.0,"{""chauhoang_2aa4f343_5524_f86e_b"": -25.804153156280485, ""cunghoctienganh_4909ad74_a335"": -38.228419494628874}",cunghoctienganh_4909ad74_a335,continuous_primal_dual_psd,4,15.102318816528111,15.102318816528111,0.0,"[0.0, 1.0]",primal=Optimization terminated successfully; dual=outer=Optimization terminated successfully; inner=Optimization terminated successfully,0,175.18043518066392,0.0,15.102318816528111,
dare_ties,pair,cunghoctienganh_b7496e73_1762+chauhoang_4909ad74_a335_4972_9,17.94130748400131,8.824995231628385,0,"[0.2169360075144579, 0.783063992485542]","[0.4, 0.6]",1.6477346420288086,"{""chauhoang_4909ad74_a335_4972_9"": 7.7090948104858725, ""cunghoctienganh_b7496e73_1762"": -8.824995231628385}",cunghoctienganh_b7496e73_1762,continuous_primal_dual_psd,4,17.94130748400131,17.941307483977077,2.4233060003098217e-11,"[0.7839246800274098, 0.21607531997259025]",primal=Optimization terminated successfully; dual=outer=Optimization terminated successfully; inner=Optimization terminated successfully,1,-146.2338864803314,146.2338864803314,17.94130748397355,
dare_ties,pair,cunghoctienganh_b7496e73_1762+chauhoang_2aa4f343_5524_f86e_b,6.042867374420133,10.34013338088986,0,"[0.2, 0.8]","[0.2, 0.8]",0.0,"{""chauhoang_2aa4f343_5524_f86e_b"": 0.6541579246521323, ""cunghoctienganh_b7496e73_1762"": -10.34013338088986}",cunghoctienganh_b7496e73_1762,continuous_primal_dual_psd,4,6.042867374420133,6.042867374420133,0.0,"[0.0, 1.0]",primal=Optimization terminated successfully; dual=outer=Optimization terminated successfully; inner=Optimization terminated successfully,1,-401.3422131538393,401.3422131538393,3.1884873628616,
dare_ties,pair,cunghoctienganh_b7496e73_1762+duyphu_4909ad74_a335_4972_9ed8,35.340157222747756,27.855447006225553,0,"[0.2, 0.8]","[0.8, 0.2]",1.4022588729858398,"{""cunghoctienganh_b7496e73_1762"": -22.878030014038053, ""duyphu_4909ad74_a335_4972_9ed8"": -27.855447006225553}",duyphu_4909ad74_a335_4972_9ed8,continuous_primal_dual_psd,4,35.340157222747756,35.340157222747756,0.0,"[0.0, 1.0]",primal=Optimization terminated successfully; dual=outer=Optimization terminated successfully; inner=Optimization terminated successfully,1,-333.3339095115662,333.3339095115662,28.673479032516433,
dare_ties,pair,chauhoang_4909ad74_a335_4972_9+chauhoang_2aa4f343_5524_f86e_b,22.686211214252374,28.095832538604704,0,"[0.39298989441765503, 0.6070101055823449]","[0.4, 0.6]",0.0,"{""chauhoang_2aa4f343_5524_f86e_b"": -28.095832538604704, ""chauhoang_4909ad74_a335_4972_9"": -19.790926647186247}",chauhoang_2aa4f343_5524_f86e_b,continuous_primal_dual_psd,4,22.686211214252374,22.686211214252374,0.0,"[1.0, 0.0]",primal=Optimization terminated successfully; dual=outer=Optimization terminated successfully; inner=Optimization terminated successfully,0,60.35104393959041,0.0,22.686211214252374,
dare_ties,pair,chauhoang_4909ad74_a335_4972_9+duyphu_4909ad74_a335_4972_9ed8,34.39895472432128,35.92729873657223,0,"[0.2315869989213513, 0.7684130010786487]","[0.8, 0.2]",3.5066843032836914,"{""chauhoang_4909ad74_a335_4972_9"": -35.92729873657223, ""duyphu_4909ad74_a335_4972_9ed8"": -26.212826442718473}",chauhoang_4909ad74_a335_4972_9,continuous_primal_dual_psd,4,34.39895472432128,34.39895472432127,7.105427357601002e-15,"[0.8826670496525032, 0.11733295034749683]",primal=Optimization terminated successfully; dual=outer=Optimization terminated successfully; inner=Optimization terminated successfully,1,-415.24603962898266,415.24603962898266,34.39895472432127,
dare_ties,pair,chauhoang_4909ad74_a335_4972_9+duyphu_0112d9da_9934_4614_b233,13.208022785186726,20.131829452514616,0,"[0.2, 0.8]","[0.2, 0.8]",0.0,"{""chauhoang_4909ad74_a335_4972_9"": -20.131829452514616, ""duyphu_0112d9da_9934_4614_b233"": -16.737285327911344}",chauhoang_4909ad74_a335_4972_9,continuous_primal_dual_psd,4,13.208022785186726,13.208022785186726,0.0,"[0.9999999999999998, 2.220446049250313e-16]",primal=Optimization terminated successfully; dual=outer=Optimization terminated successfully; inner=Optimization terminated successfully,1,-167.96886920928958,167.96886920928958,11.405137252807574,
dare_ties,pair,chauhoang_2aa4f343_5524_f86e_b+duyphu_4909ad74_a335_4972_9ed8,23.813627433776823,19.13750476837155,0,"[0.2, 0.8]","[0.8, 0.2]",21.66668176651001,"{""chauhoang_2aa4f343_5524_f86e_b"": -19.13750476837155, ""duyphu_4909ad74_a335_4972_9ed8"": -12.390700054168668}",chauhoang_2aa4f343_5524_f86e_b,continuous_primal_dual_psd,4,23.813627433776823,23.813627433776823,0.0,"[0.0, 1.0]",primal=Optimization terminated successfully; dual=outer=Optimization terminated successfully; inner=Optimization terminated successfully,1,-381.9932043552398,381.9932043552398,17.82404906749722,
dare_ties,pair,chauhoang_2aa4f343_5524_f86e_b+duyphu_0112d9da_9934_4614_b233,6.900197548535488,9.74283523559567,0,"[0.3811019915080138, 0.6188980084919862]","[0.4, 0.6]",0.0,"{""chauhoang_2aa4f343_5524_f86e_b"": -9.241667461395231, ""duyphu_0112d9da_9934_4614_b233"": -9.74283523559567}",duyphu_0112d9da_9934_4614_b233,continuous_primal_dual_psd,4,6.900197548535488,6.900197548535488,0.0,"[1.0, 0.0]",primal=Optimization terminated successfully; dual=outer=Optimization terminated successfully; inner=Optimization terminated successfully,0,249.99976158142096,0.0,6.900197548535488,
dare_ties,pair,chauhoang_2aa4f343_5524_f86e_b+phungkhaccuong_2b1522e6_bef2_7,11.285334780792223,14.033332538604704,0,"[0.48775541189056615, 0.5122445881094339]","[0.4, 0.6]",0.0,"{""chauhoang_2aa4f343_5524_f86e_b"": -14.033332538604704, ""phungkhaccuong_2b1522e6_bef2_7"": -3.488472175598112}",chauhoang_2aa4f343_5524_f86e_b,continuous_primal_dual_psd,4,11.285334780792223,11.285334780792223,0.0,"[1.0, 0.0]",primal=Optimization terminated successfully; dual=outer=Optimization terminated successfully; inner=Optimization terminated successfully,0,132.6937973499298,0.0,11.285334780792223,
dare_ties,pair,duyphu_4909ad74_a335_4972_9ed8+duyphu_0112d9da_9934_4614_b233,9.998288822174043,22.57063694000241,0,"[0.2, 0.8]","[0.2, 0.8]",0.0,"{""duyphu_0112d9da_9934_4614_b233"": -22.57063694000241, ""duyphu_4909ad74_a335_4972_9ed8"": -13.64070482254025}",duyphu_0112d9da_9934_4614_b233,continuous_primal_dual_psd,4,9.998288822174043,9.998288822174043,0.0,"[1.0, 5.551115123125783e-17]",primal=Optimization terminated successfully; dual=outer=Optimization terminated successfully; inner=Optimization terminated successfully,1,-19.5315480232239,19.5315480232239,9.998288822174043,
dare_ties,pair,duyphu_4909ad74_a335_4972_9ed8+phungkhaccuong_2b1522e6_bef2_7,-9.710980293698618,8.015707206726042,0,"[0.7791094705210533, 0.22089052947894672]","[0.8, 0.2]",0.0,"{""duyphu_4909ad74_a335_4972_9ed8"": -8.015707206726042, ""phungkhaccuong_2b1522e6_bef2_7"": -6.741657924652067}",duyphu_4909ad74_a335_4972_9ed8,continuous_primal_dual_psd,4,-9.710980293698618,-9.71098029369971,1.0906830993917538e-12,"[0.733723731707345, 0.26627626829265505]",primal=Optimization terminated successfully; dual=outer=Optimization terminated successfully; inner=Optimization terminated successfully,0,101.08888149261476,0.0,-9.710980293698608,
dare_ties,pair,duyphu_4909ad74_a335_4972_9ed8+phungkhaccuong_a992b7f5_9d18_c,27.879933786392176,12.783339691162077,0,"[0.2, 0.8]","[0.2, 0.8]",0.0,"{""duyphu_4909ad74_a335_4972_9ed8"": -12.783339691162077, ""phungkhaccuong_a992b7f5_9d18_c"": -12.579384517669645}",duyphu_4909ad74_a335_4972_9ed8,continuous_primal_dual_psd,4,27.879933786392176,27.879933786392176,0.0,"[1.0, 0.0]",primal=Optimization terminated successfully; dual=outer=Optimization terminated successfully; inner=Optimization terminated successfully,1,-366.9504821300506,366.9504821300506,20.540924143791162,
dare_ties,pair,duyphu_0112d9da_9934_4614_b233+phungkhaccuong_2b1522e6_bef2_7,-3.3750018894237375,0.12308664321896146,0,"[0.4137254989823501, 0.5862745010176499]","[0.4, 0.6]",0.0,"{""duyphu_0112d9da_9934_4614_b233"": -0.12308664321896146, ""phungkhaccuong_2b1522e6_bef2_7"": 3.6750047683716147}",duyphu_0112d9da_9934_4614_b233,continuous_primal_dual_psd,4,-3.3750018894237375,-3.3750018894237375,0.0,"[1.0, 0.0]",primal=Optimization terminated successfully; dual=outer=Optimization terminated successfully; inner=Optimization terminated successfully,0,132.81255960464475,0.0,-3.3750018894237384,
dare_ties,pair,duyphu_0112d9da_9934_4614_b233+phungkhaccuong_a992b7f5_9d18_c,11.695252174824487,19.05227012634274,0,"[0.27025240178119725, 0.7297475982188028]","[0.6, 0.4]",6.00961446762085,"{""duyphu_0112d9da_9934_4614_b233"": -19.05227012634274, ""phungkhaccuong_a992b7f5_9d18_c"": -17.404547405242887}",duyphu_0112d9da_9934_4614_b233,continuous_primal_dual_psd,4,11.695252174824487,11.695252174688601,1.3588596914360096e-10,"[0.2860193231014835, 0.7139806768985166]",primal=Optimization terminated successfully; dual=outer=Optimization terminated successfully; inner=Optimization terminated successfully,1,-89.84401822090148,89.84401822090148,11.695252174824489,
dare_ties,pair,duyphu_0112d9da_9934_4614_b233+phungkhaccuong_731c6dec_a942_4,13.02269134197602,0.4129118247020915,0,"[0.3422224120936767, 0.6577775879063232]","[0.2, 0.8]",13.04788233804812,"{""duyphu_0112d9da_9934_4614_b233"": 4.834672737121615, ""phungkhaccuong_731c6dec_a942_4"": -0.4129118247020915}",phungkhaccuong_731c6dec_a942_4,continuous_primal_dual_psd,4,13.02269134197602,13.02269134197602,0.0,"[1.0, 0.0]",primal=Optimization terminated successfully; dual=outer=Optimization terminated successfully; inner=Optimization terminated successfully,0,13.975304130768516,0.0,13.02269134197602,
dare_ties,pair,phungkhaccuong_2b1522e6_bef2_7+phungkhaccuong_a992b7f5_9d18_c,18.70379991531369,-3.4987299919128745,1,"[0.2, 0.8]","[0.8, 0.2]",19.259929656982422,"{""phungkhaccuong_2b1522e6_bef2_7"": 3.4987299919128745, ""phungkhaccuong_a992b7f5_9d18_c"": 10.156652259826693}",phungkhaccuong_2b1522e6_bef2_7,continuous_primal_dual_psd,4,18.70379991531369,18.70379991531369,0.0,"[1.0, 0.0]",primal=Optimization terminated successfully; dual=outer=Optimization terminated successfully; inner=Optimization terminated successfully,1,-174.00607466697696,174.00607466697696,15.223678421974151,
dare_ties,pair,phungkhaccuong_2b1522e6_bef2_7+phungkhaccuong_731c6dec_a942_4,-1.4366788706527744,-1.4329457336137175,1,"[0.20000000000000745, 0.7999999999999925]","[0.2, 0.8]",0.0,"{""phungkhaccuong_2b1522e6_bef2_7"": 7.865700054168734, ""phungkhaccuong_731c6dec_a942_4"": 1.4329457336137175}",phungkhaccuong_731c6dec_a942_4,continuous_primal_dual_psd,4,-1.4366788706527744,-1.4366788706527744,0.0,"[0.0, 1.0]",primal=Optimization terminated successfully; dual=outer=Optimization terminated successfully; inner=Optimization terminated successfully,1,-44.50768232345578,44.50768232345578,-1.4366788706527744,
dare_ties,pair,phungkhaccuong_2b1522e6_bef2_7+denbeo_d9ae91c0_fed9_4fb4_8ddd,17.836525008513632,13.891282749175993,0,"[0.6238853779867121, 0.37611462201328794]","[0.8, 0.2]",13.759469985961914,"{""denbeo_d9ae91c0_fed9_4fb4_8ddd"": -13.891282749175993, ""phungkhaccuong_2b1522e6_bef2_7"": -8.119872283935514}",denbeo_d9ae91c0_fed9_4fb4_8ddd,continuous_primal_dual_psd,4,17.836525008513632,17.836525008513632,0.0,"[1.0, 0.0]",primal=Optimization terminated successfully; dual=outer=Optimization terminated successfully; inner=Optimization terminated successfully,0,198.61742854118347,0.0,17.836525008513632,
dare_ties,pair,phungkhaccuong_a992b7f5_9d18_c+phungkhaccuong_731c6dec_a942_4,6.981247138977019,1.722732257842985,0,"[0.2, 0.8]","[0.4, 0.6]",8.409082889556885,"{""phungkhaccuong_731c6dec_a942_4"": -0.8849709300210366, ""phungkhaccuong_a992b7f5_9d18_c"": -1.722732257842985}",phungkhaccuong_a992b7f5_9d18_c,continuous_primal_dual_psd,4,6.981247138977019,6.981247138977019,0.0,"[1.0, 0.0]",primal=Optimization terminated successfully; dual=outer=Optimization terminated successfully; inner=Optimization terminated successfully,1,-58.59389901161192,58.59389901161192,5.80936915874478,
dare_ties,pair,phungkhaccuong_a992b7f5_9d18_c+denbeo_d9ae91c0_fed9_4fb4_8ddd,2.227771196430794,27.52693004608151,0,"[0.7166667421660979, 0.28333325783390206]","[0.8, 0.2]",0.0,"{""denbeo_d9ae91c0_fed9_4fb4_8ddd"": -27.309838008880583, ""phungkhaccuong_a992b7f5_9d18_c"": -27.52693004608151}",phungkhaccuong_a992b7f5_9d18_c,continuous_primal_dual_psd,4,2.227771196430794,2.227771196430794,0.0,"[1.0, 0.0]",primal=Optimization terminated successfully; dual=outer=Optimization terminated successfully; inner=Optimization terminated successfully,0,144.53098177909857,0.0,2.227771196430794,
dare_ties,pair,phungkhaccuong_a992b7f5_9d18_c+nbninh_c4ae10ba_efe4_401e_8dd7,-4.081261682510419,-6.677624511718783,1,"[0.2, 0.8]","[0.2, 0.8]",0.0,"{""nbninh_c4ae10ba_efe4_401e_8dd7"": 8.968552875518832, ""phungkhaccuong_a992b7f5_9d18_c"": 6.677624511718783}",phungkhaccuong_a992b7f5_9d18_c,continuous_primal_dual_psd,4,-4.081261682510419,-4.081261682510419,0.0,"[1.0, 0.0]",primal=Optimization terminated successfully; dual=outer=Optimization terminated successfully; inner=Optimization terminated successfully,1,-191.40616059303278,191.40616059303278,-7.909384894371076,
dare_ties,pair,phungkhaccuong_731c6dec_a942_4+denbeo_d9ae91c0_fed9_4fb4_8ddd,-1.7642168053029188,1.0853561042104851,0,"[0.61038490787741, 0.38961509212259005]","[0.8, 0.2]",17.71123393790374,"{""denbeo_d9ae91c0_fed9_4fb4_8ddd"": 13.16363506317142, ""phungkhaccuong_731c6dec_a942_4"": -1.0853561042104851}",phungkhaccuong_731c6dec_a942_4,continuous_primal_dual_psd,4,-1.7642168053029188,-1.7642168053029188,0.0,"[1.0, 0.0]",primal=Optimization terminated successfully; dual=outer=Optimization terminated successfully; inner=Optimization terminated successfully,0,101.016675880953,0.0,-1.7642168053029188,
dare_ties,pair,phungkhaccuong_731c6dec_a942_4+nbninh_c4ae10ba_efe4_401e_8dd7,-0.9149909715812466,-0.5813105624561816,1,"[0.20000000000000007, 0.7999999999999999]","[0.4, 0.6]",2.8111773280844856,"{""nbninh_c4ae10ba_efe4_401e_8dd7"": 1.8947093963623374, ""phungkhaccuong_731c6dec_a942_4"": 0.5813105624561816}",phungkhaccuong_731c6dec_a942_4,continuous_primal_dual_psd,4,-0.9149909715812466,-0.9149909715812466,0.0,"[1.0, 0.0]",primal=Optimization terminated successfully; dual=outer=Optimization terminated successfully; inner=Optimization terminated successfully,1,-3.1697935920768194,3.1697935920768194,-0.978386843422783,
dare_ties,pair,phungkhaccuong_731c6dec_a942_4+nbninh_0d8b128b_8753_46c3_b80f,8.742470216751064,1.0409147262572915,0,"[0.2, 0.8]","[0.8, 0.2]",3.2737291695322375,"{""nbninh_0d8b128b_8753_46c3_b80f"": -1.0409147262572915, ""phungkhaccuong_731c6dec_a942_4"": -0.2510610481686107}",nbninh_0d8b128b_8753_46c3_b80f,continuous_primal_dual_psd,4,8.742470216751064,8.742470216751064,0.0,"[0.0, 1.0]",primal=Optimization terminated successfully; dual=outer=Optimization terminated successfully; inner=Optimization terminated successfully,1,-220.9533751010895,220.9533751010895,4.323402714729273,
dare_ties,pair,denbeo_d9ae91c0_fed9_4fb4_8ddd+nbninh_c4ae10ba_efe4_401e_8dd7,-4.925783205031899,14.137497615814176,0,"[0.20000000000001422, 0.7999999999999858]","[0.4, 0.6]",2.2537827491760254,"{""denbeo_d9ae91c0_fed9_4fb4_8ddd"": -14.137497615814176, ""nbninh_c4ae10ba_efe4_401e_8dd7"": -1.8363625526427896}",denbeo_d9ae91c0_fed9_4fb4_8ddd,continuous_primal_dual_psd,4,-4.925783205031899,-4.925783205031899,0.0,"[0.0, 1.0]",primal=Optimization terminated successfully; dual=outer=Optimization terminated successfully; inner=Optimization terminated successfully,0,164.86406326293942,0.0,-4.925783205031898,
dare_ties,pair,denbeo_d9ae91c0_fed9_4fb4_8ddd+nbninh_0d8b128b_8753_46c3_b80f,17.986254736052814,15.169695091247526,0,"[0.5828519052165143, 0.4171480947834857]","[0.4, 0.6]",42.234861850738525,"{""denbeo_d9ae91c0_fed9_4fb4_8ddd"": -15.169695091247526, ""nbninh_0d8b128b_8753_46c3_b80f"": -12.830677700042692}",denbeo_d9ae91c0_fed9_4fb4_8ddd,continuous_primal_dual_psd,4,17.986254736052814,17.986254736052814,0.0,"[0.0, 1.0]",primal=Optimization terminated successfully; dual=outer=Optimization terminated successfully; inner=Optimization terminated successfully,0,215.34442901611314,0.0,17.986254736052814,
dare_ties,pair,denbeo_d9ae91c0_fed9_4fb4_8ddd+nbninh_a1f78795_1b61_4923_9235,31.772117090225187,41.72271795272824,0,"[0.2, 0.8]","[0.2, 0.8]",0.0,"{""denbeo_d9ae91c0_fed9_4fb4_8ddd"": -41.72271795272824, ""nbninh_a1f78795_1b61_4923_9235"": -21.211376857757536}",denbeo_d9ae91c0_fed9_4fb4_8ddd,continuous_primal_dual_psd,4,31.772117090225187,31.772117090225187,0.0,"[0.0, 1.0]",primal=Optimization terminated successfully; dual=outer=Optimization terminated successfully; inner=Optimization terminated successfully,1,-309.89572405815125,309.89572405815125,28.038139414787256,
dare_ties,pair,nbninh_c4ae10ba_efe4_401e_8dd7+nbninh_0d8b128b_8753_46c3_b80f,12.584602308273276,2.234092426300016,0,"[0.8, 0.19999999999999996]","[0.8, 0.2]",0.0,"{""nbninh_0d8b128b_8753_46c3_b80f"": 3.760215568542513, ""nbninh_c4ae10ba_efe4_401e_8dd7"": -2.234092426300016}",nbninh_c4ae10ba_efe4_401e_8dd7,continuous_primal_dual_psd,4,12.584602308273276,12.584602308273276,0.0,"[0.0, 1.0]",primal=Optimization terminated successfully; dual=outer=Optimization terminated successfully; inner=Optimization terminated successfully,0,46.47418856620781,0.0,12.584602308273276,
dare_ties,pair,nbninh_c4ae10ba_efe4_401e_8dd7+nbninh_a1f78795_1b61_4923_9235,3.174365234375287,9.74356241226193,0,"[0.20000000000000448, 0.7999999999999955]","[0.2, 0.8]",0.0,"{""nbninh_a1f78795_1b61_4923_9235"": -5.415919494628874, ""nbninh_c4ae10ba_efe4_401e_8dd7"": -9.74356241226193}",nbninh_c4ae10ba_efe4_401e_8dd7,continuous_primal_dual_psd,4,3.174365234375287,3.174365234375287,0.0,"[0.0, 1.0]",primal=Optimization terminated successfully; dual=outer=Optimization terminated successfully; inner=Optimization terminated successfully,1,-103.26519608497621,103.26519608497621,1.1090613126756703,
dare_ties,pair,nbninh_c4ae10ba_efe4_401e_8dd7+nhoxinh_2f944a50_cbd3_4334_af8,26.452407312393127,-0.15226297378543308,1,"[0.8, 0.19999999999999996]","[0.8, 0.2]",0.0,"{""nbninh_c4ae10ba_efe4_401e_8dd7"": 1.9420593261719077, ""nhoxinh_2f944a50_cbd3_4334_af8"": 0.15226297378543308}",nhoxinh_2f944a50_cbd3_4334_af8,continuous_primal_dual_psd,4,26.452407312393127,26.452407312393127,0.0,"[1.0, 0.0]",primal=Optimization terminated successfully; dual=outer=Optimization terminated successfully; inner=Optimization terminated successfully,1,-92.74840354919424,92.74840354919424,-3.2270818233490353,
dare_ties,pair,nbninh_0d8b128b_8753_46c3_b80f+nbninh_a1f78795_1b61_4923_9235,0.16934141273760872,10.718956661224333,0,"[0.466367594579143, 0.533632405420857]","[0.4, 0.6]",0.0,"{""nbninh_0d8b128b_8753_46c3_b80f"": 2.453407573699984, ""nbninh_a1f78795_1b61_4923_9235"": -10.718956661224333}",nbninh_a1f78795_1b61_4923_9235,continuous_primal_dual_psd,4,0.16934141273760872,0.16934141273760872,0.0,"[1.0, 0.0]",primal=Optimization terminated successfully; dual=outer=Optimization terminated successfully; inner=Optimization terminated successfully,0,692.1075284481049,0.0,0.16934141273762293,
dare_ties,pair,nbninh_0d8b128b_8753_46c3_b80f+nhoxinh_2f944a50_cbd3_4334_af8,37.92670157502476,33.824995231628385,0,"[0.2819973772982402, 0.7180026227017597]","[0.8, 0.2]",12.61364221572876,"{""nbninh_0d8b128b_8753_46c3_b80f"": -22.461357784271208, ""nhoxinh_2f944a50_cbd3_4334_af8"": -33.824995231628385}",nhoxinh_2f944a50_cbd3_4334_af8,continuous_primal_dual_psd,4,37.92670157502476,37.92670157501908,5.6772364587232005e-12,"[0.27551667158151416, 0.7244833284184858]",primal=Optimization terminated successfully; dual=outer=Optimization terminated successfully; inner=Optimization terminated successfully,1,-118.79011988639826,118.79011988639826,37.92670157502476,
dare_ties,triple,laquythang_efe15045_778f_4dfa+datlaaaaaaa_e8cccbe1_c136_409a+versil91_121ef6e9_0ded_4fc3_8c,13.660543552142274,-0.8821576118469565,1,"[0.2, 0.2, 0.6]","[0.6, 0.2, 0.2]",2.263975143432617,"{""datlaaaaaaa_e8cccbe1_c136_409a"": 0.8821576118469565, ""laquythang_efe15045_778f_4dfa"": 3.5045593261719077, ""versil91_121ef6e9_0ded_4fc3_8c"": 3.0696599960327475}",datlaaaaaaa_e8cccbe1_c136_409a,continuous_primal_dual_psd,6,13.660543552142274,13.660543552142274,0.0,"[1.0, 0.0, 0.0]",primal=Optimization terminated successfully; dual=outer=Optimization terminated successfully; inner=Optimization terminated successfully,1,-455.5991627421746,455.59916274217466,-0.966661217105092,
dare_ties,triple,duyphu_0112d9da_9934_4614_b233+thaffggg_8c87f3d3_d4bb_475a_a8+mrhunghd_9e58333c_df22_4a00_9c,26.826734401364988,8.39376754760739,0,"[0.2, 0.2, 0.6]","[0.4, 0.2, 0.4]",3.8447022438049316,"{""duyphu_0112d9da_9934_4614_b233"": -8.39376754760739, ""mrhunghd_9e58333c_df22_4a00_9c"": -5.235257816314665, ""thaffggg_8c87f3d3_d4bb_475a_a8"": 0.7772772789001792}",duyphu_0112d9da_9934_4614_b233,continuous_primal_dual_psd,6,26.826734401364988,26.826734401364988,0.0,"[0.0, 1.0, 0.0]",primal=Optimization terminated successfully; dual=outer=Optimization terminated successfully; inner=Optimization terminated successfully,1,-213.65269256242345,213.65269256242343,18.849042129516576,
dare_ties,triple,phungkhaccuong_2b1522e6_bef2_7+phungkhaccuong_a992b7f5_9d18_c+hongngo_7e251dfc_e0f7_4f73_aae,75.67649240586682,13.427272510528532,0,"[0.21768819717575702, 0.2, 0.582311802824243]","[0.4, 0.4, 0.2]",14.58042860031128,"{""hongngo_7e251dfc_e0f7_4f73_aae"": -10.932388973236051, ""phungkhaccuong_2b1522e6_bef2_7"": -10.363462638854948, ""phungkhaccuong_a992b7f5_9d18_c"": -13.427272510528532}",phungkhaccuong_a992b7f5_9d18_c,continuous_primal_dual_psd,6,75.67649240586682,75.67649240586428,2.5437429940211587e-12,"[1.0252909632412269e-13, 0.0, 0.9999999999998974]",primal=Optimization terminated successfully; dual=outer=Optimization terminated successfully; inner=Optimization terminated successfully,1,-1382.595647278601,1382.595647278601,30.071880083606896,
dare_ties,triple,taronklm_trained_model+chauhoang_4909ad74_a335_4972_9+nbninh_c4ae10ba_efe4_401e_8dd7,75.0481105677163,-0.22024965669191907,1,"[0.2, 0.2, 0.6]","[0.6, 0.2, 0.2]",0.5851781726433442,"{""chauhoang_4909ad74_a335_4972_9"": 36.91363029479984, ""nbninh_c4ae10ba_efe4_401e_8dd7"": 31.975182819366488, ""taronklm_trained_model"": 0.22024965669191907}",taronklm_trained_model,continuous_primal_dual_psd,6,75.0481105677163,75.0481105677163,0.0,"[0.0, 0.0, 1.0]",primal=Optimization terminated successfully; dual=outer=Optimization terminated successfully; inner=Optimization terminated successfully,1,-2579.5395208133377,2579.5395208133377,-6.511530208587695,
dare_ties,triple,adammandic87_3d7a58a6_4380_4e3+cunghoctienganh_4909ad74_a335+mrhunghddddd_d692685b_fdb4_477,9.262082434959382,12.366667461395231,0,"[0.4541945012747486, 0.20000000000023865, 0.34580549872501276]","[0.6, 0.2, 0.2]",3.276515007019043,"{""adammandic87_3d7a58a6_4380_4e3"": -3.752361007213695, ""cunghoctienganh_4909ad74_a335"": -5.643180084228483, ""mrhunghddddd_d692685b_fdb4_477"": -12.366667461395231}",mrhunghddddd_d692685b_fdb4_477,continuous_primal_dual_psd,6,9.262082434959382,9.262082434959282,9.947598300641403e-14,"[0.0, 0.0, 1.0]",primal=Optimization terminated successfully; dual=outer=Optimization terminated successfully; inner=Optimization terminated successfully,1,-641.9439483367049,641.9439483367049,6.295663231351769,
dare_ties,triple,duyphu_7aba420b_74ac_4209_b514+tuanna08go_c1cf0152_7ae6_43b6+nhoxinh_0c66c9c5_5cc2_46a8_9db,18.18119996551168,10.354724597930876,0,"[0.2, 0.6, 0.19999999999999996]","[0.2, 0.2, 0.6]",3.498685359954834,"{""duyphu_7aba420b_74ac_4209_b514"": -3.92916507720944, ""nhoxinh_0c66c9c5_5cc2_46a8_9db"": -8.654549789428678, ""tuanna08go_c1cf0152_7ae6_43b6"": -10.354724597930876}",tuanna08go_c1cf0152_7ae6_43b6,continuous_primal_dual_psd,6,18.18119996551168,18.18119996551168,0.0,"[1.0, 0.0, 0.0]",primal=Optimization terminated successfully; dual=outer=Optimization terminated successfully; inner=Optimization terminated successfully,1,-513.1046241748793,513.1046241748794,9.047904682159386,
dare_ties,triple,lhong4759_f68c5c87_934d_4399_b+tuanna08go_6af2bb68_a65f_4331+mrhungddddh_9b1deaac_4565_48f2,11.223039102554283,-1.4874904632568686,1,"[0.2, 0.2, 0.6]","[0.2, 0.4, 0.4]",6.25,"{""lhong4759_f68c5c87_934d_4399_b"": 1.4874904632568686, ""mrhungddddh_9b1deaac_4565_48f2"": 14.820846843719515, ""tuanna08go_6af2bb68_a65f_4331"": 2.4730771064758628}",lhong4759_f68c5c87_934d_4399_b,continuous_primal_dual_psd,6,11.223039102554283,11.223039102554283,0.0,"[0.0, 0.0, 1.0]",primal=Optimization terminated successfully; dual=outer=Optimization terminated successfully; inner=Optimization terminated successfully,1,-355.50652942625373,357.72130556712483,8.057227802276579,
dare_ties,triple,versil91_e9f26c47_9b78_4e3f_81+nhoxinh_2f944a50_cbd3_4334_af8+hongngo_9d92894f_7b7b_49e0_8f3,25.316475616232044,2.9782837870587384,0,"[0.2, 0.2, 0.6]","[0.2, 0.2, 0.6]",0.0,"{""hongngo_9d92894f_7b7b_49e0_8f3"": 6.553789901733431, ""nhoxinh_2f944a50_cbd3_4334_af8"": 9.224244880676302, ""versil91_e9f26c47_9b78_4e3f_81"": -2.9782837870587384}",versil91_e9f26c47_9b78_4e3f_81,continuous_primal_dual_psd,6,25.316475616232044,25.316475616232044,0.0,"[0.0, 0.0, 1.0]",primal=Optimization terminated successfully; dual=outer=Optimization terminated successfully; inner=Optimization terminated successfully,1,-473.18165942823913,473.18165942823913,10.331419181823696,
dare_ties,triple,versil91_01a5620a_fb5f_4bab_94+versil91_8444c3be_8779_4769_a0+thaffggg_8a78a9b2_d3fa_4615_b8,6.809743800598023,1.7000000000000082,0,"[0.6, 0.2, 0.19999999999999996]","[0.4, 0.2, 0.4]",5.416106224060018,"{""thaffggg_8a78a9b2_d3fa_4615_b8"": -0.8136541366576822, ""versil91_01a5620a_fb5f_4bab_94"": -1.7000000000000082, ""versil91_8444c3be_8779_4769_a0"": 0.2751081129113419}",versil91_01a5620a_fb5f_4bab_94,continuous_primal_dual_psd,6,6.809743800598023,6.809743800598023,0.0,"[0.0, 1.0, 0.0]",primal=Optimization terminated successfully; dual=outer=Optimization terminated successfully; inner=Optimization terminated successfully,1,-205.2809509599371,205.28095095993712,5.7000071525573555,
dare_ties,triple,denbeo_d9ae91c0_fed9_4fb4_8ddd+mrhungddddh_911f6275_22fd_4f41+nhung03_7b6cdc3c_7130_4c2c_a2c,18.89237287684395,17.53712005615231,0,"[0.4173908600510565, 0.2, 0.3826091399489435]","[0.4, 0.2, 0.4]",0.0,"{""denbeo_d9ae91c0_fed9_4fb4_8ddd"": -17.53712005615231, ""mrhungddddh_911f6275_22fd_4f41"": -7.556071949005094, ""nhung03_7b6cdc3c_7130_4c2c_a2c"": -13.342061710357633}",denbeo_d9ae91c0_fed9_4fb4_8ddd,continuous_primal_dual_psd,6,18.89237287684395,18.89237287684395,0.0,"[0.0, 1.0, 0.0]",primal=Positive directional derivative for linesearch; dual=outer=Optimization terminated successfully; inner=Optimization terminated successfully,1,-655.0328122420415,655.0328122420416,9.241500835281819,
dare_ties,triple,chauhoang_2aa4f343_5524_f86e_b+duyphu_4909ad74_a335_4972_9ed8+hongngo_687b8c72_c89b_4cb7_b7c,40.87627239228225,12.831416797637907,0,"[0.2, 0.20000000000004542, 0.5999999999999546]","[0.2, 0.6, 0.2]",3.28524112701416,"{""chauhoang_2aa4f343_5524_f86e_b"": -8.929160308837858, ""duyphu_4909ad74_a335_4972_9ed8"": -12.831416797637907, ""hongngo_687b8c72_c89b_4cb7_b7c"": -10.434833240509}",duyphu_4909ad74_a335_4972_9ed8,continuous_primal_dual_psd,6,40.87627239228225,40.87627239228071,1.5418777365994174e-12,"[0.0, 1.2073675392797118e-13, 0.9999999999998792]",primal=Optimization terminated successfully; dual=outer=Optimization terminated successfully; inner=Optimization terminated successfully,1,-766.5874313876895,780.2307511335213,12.600508403775919,
dare_ties,triple,phungkhaccuong_731c6dec_a942_4+nhung02_08157847_d833_4d45_90f+nhung02_db2c9545_4607_487b_9cc,2.292133793919376,-0.13814922346651196,1,"[0.4155282426368113, 0.2000000000000108, 0.38447175736317785]","[0.2, 0.6, 0.2]",0.9344864303715185,"{""nhung02_08157847_d833_4d45_90f"": 1.5115349769592612, ""nhung02_db2c9545_4607_487b_9cc"": 1.1749952316284507, ""phungkhaccuong_731c6dec_a942_4"": 0.13814922346651196}",phungkhaccuong_731c6dec_a942_4,continuous_primal_dual_psd,6,2.292133793919376,2.2921337939193736,2.6645352591003757e-15,"[1.0547118733938975e-15, 0.9999999999999989, 0.0]",primal=Optimization terminated successfully; dual=outer=Optimization terminated successfully; inner=Optimization terminated successfully,1,-324.89699993619047,324.8969999361904,1.834038192459919,
dare_ties,triple,datlaaaaaaa_cc1f8701_0976_4f48+nblinh63_0eb73af3_0631_437a_ad+datlaaaaaaa_0dbe42c8_b07b_4785,21.639092827390485,24.800387096404997,0,"[0.20000000000002985, 0.47747643398582157, 0.32252356601414855]","[0.2, 0.4, 0.4]",0.0,"{""datlaaaaaaa_0dbe42c8_b07b_4785"": -13.51250715255734, ""datlaaaaaaa_cc1f8701_0976_4f48"": -6.324997615814176, ""nblinh63_0eb73af3_0631_437a_ad"": -24.800387096404997}",nblinh63_0eb73af3_0631_437a_ad,continuous_primal_dual_psd,6,21.639092827390485,21.639092827390485,0.0,"[1.0, 0.0, 0.0]",primal=Optimization terminated successfully; dual=outer=Optimization terminated successfully; inner=Optimization terminated successfully,1,-711.9059868014575,711.9059868014575,20.716566211416698,
dare_ties,triple,tuanna08go_7647f014_8af3_4266+versil91_63cd5c4a_5a68_4c25_bd+versil91_474890ea_012d_4a25_96,8.023662558426446,-0.15714485902729422,1,"[0.2, 0.2, 0.6]","[0.4, 0.4, 0.2]",1.5739681408489332,"{""tuanna08go_7647f014_8af3_4266"": 0.31682389359957, ""versil91_474890ea_012d_4a25_96"": 4.072710800170931, ""versil91_63cd5c4a_5a68_4c25_bd"": 0.15714485902729422}",versil91_63cd5c4a_5a68_4c25_bd,continuous_primal_dual_psd,6,8.023662558426446,8.023662558426446,0.0,"[0.0, 1.0, 0.0]",primal=Optimization terminated successfully; dual=outer=Optimization terminated successfully; inner=Optimization terminated successfully,1,-196.88870452639904,254.331963922748,0.8618227911135338,
dare_ties,triple,laquythang_8444c3be_8779_4769+cunghoctienganh_b7496e73_1762+adammandic87_f28f18cf_4abb_4db,80.45737702138311,0.7568032264709146,0,"[0.2, 0.2, 0.6]","[0.4, 0.4, 0.2]",12.33903169631958,"{""adammandic87_f28f18cf_4abb_4db"": 0.029167461395296357, ""cunghoctienganh_b7496e73_1762"": -0.39698190689083646, ""laquythang_8444c3be_8779_4769"": -0.7568032264709146}",laquythang_8444c3be_8779_4769,continuous_primal_dual_psd,6,80.45737702138311,80.45737702138301,9.947598300641403e-14,"[5.4622972811554717e-14, 0.0, 0.9999999999999454]",primal=Optimization terminated successfully; dual=outer=Optimization terminated successfully; inner=Optimization terminated successfully,1,-1661.6575594686583,1661.6575594686583,20.307377052306997,
dare_ties,triple,cunghoctienganh_c1cf0152_7ae6+nhoxinh_9214fc0d_4490_4bdd_9ff+mrhungddddh_fe499423_02f3_4cfd,102.16651338388009,21.192434501647917,0,"[0.2, 0.20000000000011559, 0.5999999999998844]","[0.4, 0.4, 0.2]",42.63256788253784,"{""cunghoctienganh_c1cf0152_7ae6"": -20.908334922790495, ""mrhungddddh_fe499423_02f3_4cfd"": -21.192434501647917, ""nhoxinh_9214fc0d_4490_4bdd_9ff"": -12.470832538604704}",mrhungddddh_fe499423_02f3_4cfd,continuous_primal_dual_psd,6,102.16651338388009,102.16651338388009,0.0,"[0.0, 1.0, 0.0]",primal=Optimization terminated successfully; dual=outer=Optimization terminated successfully; inner=Optimization terminated successfully,1,-1381.9765074914317,1381.9765074914317,52.87949151994753,
dare_ties,triple,nbninh_0d8b128b_8753_46c3_b80f+nbninh_a1f78795_1b61_4923_9235+nhoxinh_0c66c9c5_5cc2_46a8_9db,66.88826664142603,10.87045974731442,0,"[0.2685351957898684, 0.20000000000000645, 0.5314648042101251]","[0.4, 0.4, 0.2]",28.598487377166748,"{""nbninh_0d8b128b_8753_46c3_b80f"": -9.30795974731442, ""nbninh_a1f78795_1b61_4923_9235"": -10.87045974731442, ""nhoxinh_0c66c9c5_5cc2_46a8_9db"": -7.011202049255338}",nbninh_a1f78795_1b61_4923_9235,continuous_primal_dual_psd,6,66.88826664142603,66.88826664142603,0.0,"[1.0, 0.0, 0.0]",primal=Optimization terminated successfully; dual=outer=Optimization terminated successfully; inner=Optimization terminated successfully,1,-1382.3430037459016,1382.3430037459016,20.347438887331933,
dare_ties,triple,hongngo_687b8c72_c89b_4cb7_b7c+mrhungddddh_911f6275_22fd_4f41+versil91_121ef6e9_0ded_4fc3_8c,8.174895885393937,3.9961964607238443,0,"[0.2, 0.3127357883548039, 0.48726421164519607]","[0.2, 0.4, 0.4]",0.0,"{""hongngo_687b8c72_c89b_4cb7_b7c"": 6.004545021057162, ""mrhungddddh_911f6275_22fd_4f41"": 7.5575678825378745, ""versil91_121ef6e9_0ded_4fc3_8c"": -3.9961964607238443}",versil91_121ef6e9_0ded_4fc3_8c,continuous_primal_dual_psd,6,8.174895885393937,8.174895885393937,0.0,"[0.0, 1.0, 0.0]",primal=Optimization terminated successfully; dual=outer=Optimization terminated successfully; inner=Optimization terminated successfully,1,-490.32666531170435,490.32666531170435,6.851589152713868,
dare_ties,triple,tuanna08go_c1cf0152_7ae6_43b6+chauhoang_4909ad74_a335_4972_9+thaffggg_8c87f3d3_d4bb_475a_a8,6.650053883993252,6.320622634887663,0,"[0.200000000000004, 0.4215491415304757, 0.3784508584695203]","[0.2, 0.4, 0.4]",0.0,"{""chauhoang_4909ad74_a335_4972_9"": -2.518192005157438, ""thaffggg_8c87f3d3_d4bb_475a_a8"": -2.9727131843566568, ""tuanna08go_c1cf0152_7ae6_43b6"": -6.320622634887663}",tuanna08go_c1cf0152_7ae6_43b6,continuous_primal_dual_psd,6,6.650053883993252,6.650053883993252,0.0,"[1.0, 0.0, 1.445619303332111e-17]",primal=Optimization terminated successfully; dual=outer=Optimization terminated successfully; inner=Optimization terminated successfully,1,-258.8060797871326,258.8060797871326,6.6491742066930275,
dare_ties,triple,taronklm_trained_model+nbninh_a1f78795_1b61_4923_9235+datlaaaaaaa_e8cccbe1_c136_409a,-12.664118166590626,0.10815473171181081,0,"[0.2879526828119692, 0.2772698263349234, 0.43477749085310746]","[0.4, 0.4, 0.2]",0.24053322991946327,"{""datlaaaaaaa_e8cccbe1_c136_409a"": 39.575347232818636, ""nbninh_a1f78795_1b61_4923_9235"": 40.512093830108675, ""taronklm_trained_model"": -0.10815473171181081}",taronklm_trained_model,continuous_primal_dual_psd,6,-12.664118166590626,-12.664118166591829,1.2025935802739696e-12,"[2.722122112131977e-15, 0.1783637650475123, 0.8216362349524851]",primal=Optimization terminated successfully; dual=outer=Optimization terminated successfully; inner=Optimization terminated successfully,1,-93.47995145880364,93.47995145880364,-12.66411816659063,
dare_ties,triple,versil91_e9f26c47_9b78_4e3f_81+laquythang_efe15045_778f_4dfa+nbninh_0d8b128b_8753_46c3_b80f,46.98245570338358,2.2909075736999185,0,"[0.3231525562267268, 0.2, 0.47684744377327326]","[0.2, 0.6, 0.2]",9.772729873657227,"{""laquythang_efe15045_778f_4dfa"": -2.2909075736999185, ""nbninh_0d8b128b_8753_46c3_b80f"": -1.8363625526427896, ""versil91_e9f26c47_9b78_4e3f_81"": 0.019457683711652192}",laquythang_efe15045_778f_4dfa,continuous_primal_dual_psd,6,46.98245570338358,46.98245570338358,0.0,"[0.0, 0.0, 1.0]",primal=Optimization terminated successfully; dual=outer=Optimization terminated successfully; inner=Optimization terminated successfully,1,-1383.737020640916,1383.7370206409157,7.263934817634402,
dare_ties,triple,tuanna08go_7647f014_8af3_4266+phungkhaccuong_2b1522e6_bef2_7+nhung03_7b6cdc3c_7130_4c2c_a2c,54.91201068406719,-0.19906581507175244,1,"[0.2, 0.2, 0.6]","[0.4, 0.4, 0.2]",15.971173130135197,"{""nhung03_7b6cdc3c_7130_4c2c_a2c"": 14.72613506317142, ""phungkhaccuong_2b1522e6_bef2_7"": 3.9875000000000327, ""tuanna08go_7647f014_8af3_4266"": 0.19906581507175244}",tuanna08go_7647f014_8af3_4266,continuous_primal_dual_psd,6,54.91201068406719,54.91201068406719,0.0,"[0.0, 1.0, 0.0]",primal=Optimization terminated successfully; dual=outer=Optimization terminated successfully; inner=Optimization terminated successfully,1,-1337.8072481047634,1337.8072481047632,5.900314521789516,
dare_ties,triple,duyphu_7aba420b_74ac_4209_b514+denbeo_d9ae91c0_fed9_4fb4_8ddd+nhung02_08157847_d833_4d45_90f,31.34619279164513,2.4708420753478677,0,"[0.2472316485046659, 0.38926549576058955, 0.3635028557347446]","[0.6, 0.2, 0.2]",14.791655540466309,"{""denbeo_d9ae91c0_fed9_4fb4_8ddd"": -0.03711290359493802, ""duyphu_7aba420b_74ac_4209_b514"": -2.4708420753478677, ""nhung02_08157847_d833_4d45_90f"": 6.904169845581087}",duyphu_7aba420b_74ac_4209_b514,continuous_primal_dual_psd,6,31.34619279164513,31.346192791641062,4.0678571622265736e-12,"[0.2594910393597516, 0.0, 0.7405089606402485]",primal=Optimization terminated successfully; dual=outer=Optimization terminated successfully; inner=Optimization terminated successfully,1,-966.7276463695471,966.7276463695472,21.194847610130655,
dare_ties,triple,versil91_8444c3be_8779_4769_a0+nhoxinh_9214fc0d_4490_4bdd_9ff+mrhunghddddd_d692685b_fdb4_477,97.96196292502452,4.2657048225402505,0,"[0.2, 0.20000000000000664, 0.5999999999999933]","[0.4, 0.4, 0.2]",26.298081874847412,"{""mrhunghddddd_d692685b_fdb4_477"": -4.2657048225402505, ""nhoxinh_9214fc0d_4490_4bdd_9ff"": 3.570827770233187, ""versil91_8444c3be_8779_4769_a0"": -3.2147026154438607}",mrhunghddddd_d692685b_fdb4_477,continuous_primal_dual_psd,6,97.96196292502452,97.96196292502452,0.0,"[0.0, 1.0, 0.0]",primal=Optimization terminated successfully; dual=outer=Optimization terminated successfully; inner=Optimization terminated successfully,1,-1851.7182959429404,1851.7182959429404,26.978400421142823,
dare_ties,triple,lhong4759_f68c5c87_934d_4399_b+tuanna08go_6af2bb68_a65f_4331+hongngo_7e251dfc_e0f7_4f73_aae,7.832176300123493,4.450002384185758,0,"[0.2, 0.41735539575851205, 0.38264460424148794]","[0.2, 0.6, 0.2]",11.979162693023682,"{""hongngo_7e251dfc_e0f7_4f73_aae"": 4.716667461395296, ""lhong4759_f68c5c87_934d_4399_b"": -4.450002384185758, ""tuanna08go_6af2bb68_a65f_4331"": 0.46987228393557956}",lhong4759_f68c5c87_934d_4399_b,continuous_primal_dual_psd,6,7.832176300123493,7.832176300123086,4.0678571622265736e-13,"[0.0, 5.4622972811554717e-14, 0.9999999999999454]",primal=Optimization terminated successfully; dual=outer=Optimization terminated successfully; inner=Optimization terminated successfully,1,-516.2605897967464,516.2605897967464,5.732014713207079,
dare_ties,triple,cunghoctienganh_4909ad74_a335+chauhoang_2aa4f343_5524_f86e_b+duyphu_0112d9da_9934_4614_b233,30.543741655367022,25.9178072929382,0,"[0.2000000000000675, 0.2, 0.5999999999999325]","[0.2, 0.4, 0.4]",5.12310266494751,"{""chauhoang_2aa4f343_5524_f86e_b"": -17.054179382324186, ""cunghoctienganh_4909ad74_a335"": -25.9178072929382, ""duyphu_0112d9da_9934_4614_b233"": -19.21835250854489}",cunghoctienganh_4909ad74_a335,continuous_primal_dual_psd,6,30.543741655367022,30.543741655367022,0.0,"[0.0, 0.0, 1.0]",primal=Optimization terminated successfully; dual=outer=Optimization terminated successfully; inner=Optimization terminated successfully,1,-632.491132241734,633.8833008358097,15.250566673279373,
dare_ties,triple,cunghoctienganh_c1cf0152_7ae6+hongngo_9d92894f_7b7b_49e0_8f3+versil91_63cd5c4a_5a68_4c25_bd,11.023286721937396,2.4708420753478677,0,"[0.25059324593619053, 0.20000000000007215, 0.5494067540637373]","[0.4, 0.2, 0.4]",9.829556941986084,"{""cunghoctienganh_c1cf0152_7ae6"": -2.4708420753478677, ""hongngo_9d92894f_7b7b_49e0_8f3"": -1.268187236785856, ""versil91_63cd5c4a_5a68_4c25_bd"": -1.3530614151454603}",cunghoctienganh_c1cf0152_7ae6,continuous_primal_dual_psd,6,11.023286721937396,11.023286721937396,0.0,"[0.0, 1.0, 0.0]",primal=Optimization terminated successfully; dual=outer=Optimization terminated successfully; inner=Optimization terminated successfully,1,-566.3559723654713,566.3559723654713,6.467328896578493,
dare_ties,triple,adammandic87_3d7a58a6_4380_4e3+laquythang_8444c3be_8779_4769+versil91_474890ea_012d_4a25_96,10.07497741836142,1.4827260414366832,0,"[0.2000000000000051, 0.20000000000000145, 0.5999999999999934]","[0.2, 0.6, 0.2]",5.0127289375061554,"{""adammandic87_3d7a58a6_4380_4e3"": -1.4827260414366832, ""laquythang_8444c3be_8779_4769"": -1.296582889556852, ""versil91_474890ea_012d_4a25_96"": 1.1181920051575034}",adammandic87_3d7a58a6_4380_4e3,continuous_primal_dual_psd,6,10.07497741836142,10.07497741836142,0.0,"[0.0, 0.0, 1.0]",primal=Optimization terminated successfully; dual=outer=Optimization terminated successfully; inner=Optimization terminated successfully,1,-267.51526543834814,268.47349781269065,1.6484533447171859,
dare_ties,triple,datlaaaaaaa_cc1f8701_0976_4f48+duyphu_4909ad74_a335_4972_9ed8+nhung02_db2c9545_4607_487b_9cc,58.20529477916179,16.22084684371945,0,"[0.2, 0.2, 0.6]","[0.2, 0.6, 0.2]",7.395815849304199,"{""datlaaaaaaa_cc1f8701_0976_4f48"": -15.25128192901608, ""duyphu_4909ad74_a335_4972_9ed8"": -10.563770008087126, ""nhung02_db2c9545_4607_487b_9cc"": -16.22084684371945}",nhung02_db2c9545_4607_487b_9cc,continuous_primal_dual_psd,6,58.20529477916179,58.20529477916179,0.0,"[1.0, 0.0, 0.0]",primal=Optimization terminated successfully; dual=outer=Optimization terminated successfully; inner=Optimization terminated successfully,1,-1359.4951893398102,1359.4951893398102,15.510621738433793,
dare_ties,triple,cunghoctienganh_b7496e73_1762+nhoxinh_2f944a50_cbd3_4334_af8+mrhungddddh_9b1deaac_4565_48f2,19.85180080530122,1.741662693023649,0,"[0.2, 0.2, 0.6]","[0.2, 0.2, 0.6]",0.0,"{""cunghoctienganh_b7496e73_1762"": -1.741662693023649, ""mrhungddddh_9b1deaac_4565_48f2"": 15.237507152557406, ""nhoxinh_2f944a50_cbd3_4334_af8"": 0.3416626930237143}",cunghoctienganh_b7496e73_1762,continuous_primal_dual_psd,6,19.85180080530122,19.851800805301107,1.1368683772161603e-13,"[0.0, 1.0991207943788987e-14, 0.9999999999999891]",primal=Optimization terminated successfully; dual=outer=Optimization terminated successfully; inner=Optimization terminated successfully,1,-650.2731328270426,650.2731328270424,0.7174999237059656,
dare_ties,triple,versil91_01a5620a_fb5f_4bab_94+phungkhaccuong_a992b7f5_9d18_c+mrhungddddh_fe499423_02f3_4cfd,22.57411107841122,-1.0142868820520843,1,"[0.2000000000000127, 0.3298194421753754, 0.4701805578246119]","[0.2, 0.6, 0.2]",14.517316896090138,"{""mrhungddddh_fe499423_02f3_4cfd"": 5.3700654983520835, ""phungkhaccuong_a992b7f5_9d18_c"": 8.382162380218539, ""versil91_01a5620a_fb5f_4bab_94"": 1.0142868820520843}",versil91_01a5620a_fb5f_4bab_94,continuous_primal_dual_psd,6,22.57411107841122,22.574111078409345,1.8758328224066645e-12,"[4.293787547735949e-13, 0.9999999999995706, 0.0]",primal=Optimization terminated successfully; dual=outer=Optimization terminated successfully; inner=Optimization terminated successfully,1,-463.11468235281075,463.11468235281075,6.245877964306257,
dare_ties,triple,thaffggg_8a78a9b2_d3fa_4615_b8+phungkhaccuong_731c6dec_a942_4+datlaaaaaaa_0dbe42c8_b07b_4785,5.363800655374149,9.965756607055631,0,"[0.35100454831448824, 0.393633730119063, 0.25536172156644876]","[0.2, 0.4, 0.4]",7.106626033782959,"{""datlaaaaaaa_0dbe42c8_b07b_4785"": -6.84584684371945, ""phungkhaccuong_731c6dec_a942_4"": -4.229864340098144, ""thaffggg_8a78a9b2_d3fa_4615_b8"": -9.965756607055631}",thaffggg_8a78a9b2_d3fa_4615_b8,continuous_primal_dual_psd,6,5.363800655374149,5.363800655373,1.149302875091962e-12,"[0.28457777306821164, 0.0, 0.7154222269317884]",primal=Optimization terminated successfully; dual=outer=Optimization terminated successfully; inner=Optimization terminated successfully,0,0.004010264208986314,0.0,5.3638006553741455,
dare_ties,triple,nbninh_c4ae10ba_efe4_401e_8dd7+mrhunghd_9e58333c_df22_4a00_9c+adammandic87_f28f18cf_4abb_4db,9.816241281616108,-5.36569051742557,1,"[0.20000000000002885, 0.20000000000000703, 0.5999999999999641]","[0.4, 0.2, 0.4]",2.6849985122680664,"{""adammandic87_f28f18cf_4abb_4db"": 13.154169845581087, ""mrhunghd_9e58333c_df22_4a00_9c"": 5.36569051742557, ""nbninh_c4ae10ba_efe4_401e_8dd7"": 8.94014530181888}",mrhunghd_9e58333c_df22_4a00_9c,continuous_primal_dual_psd,6,9.816241281616108,9.816241281615717,3.907985046680551e-13,"[0.9999999999999449, 0.0, 5.5067062021404735e-14]",primal=Optimization terminated successfully; dual=outer=Optimization terminated successfully; inner=Optimization terminated successfully,1,-534.1728231894981,534.1728231894981,2.631822299956465,
dare_ties,triple,nbninh_c4ae10ba_efe4_401e_8dd7+nbninh_a1f78795_1b61_4923_9235+nblinh63_0eb73af3_0631_437a_ad,4.7832524095487905,-3.6181777000427573,1,"[0.21864853711175808, 0.44287794861727975, 0.3384735142709622]","[0.4, 0.4, 0.2]",14.649617671966553,"{""nblinh63_0eb73af3_0631_437a_ad"": 7.917413043975863, ""nbninh_a1f78795_1b61_4923_9235"": 3.6181777000427573, ""nbninh_c4ae10ba_efe4_401e_8dd7"": 8.627650070190462}",nbninh_a1f78795_1b61_4923_9235,continuous_primal_dual_psd,6,4.7832524095487905,4.783252409548179,6.110667527536862e-13,"[2.7155064605188745e-14, 0.6057536495899407, 0.39424635041003214]",primal=Optimization terminated successfully; dual=outer=Optimization terminated successfully; inner=Optimization terminated successfully,1,-202.36488449983975,202.3648844998397,-2.513509214656085,
dare_ties,triple,nbninh_0d8b128b_8753_46c3_b80f+versil91_121ef6e9_0ded_4fc3_8c+versil91_63cd5c4a_5a68_4c25_bd,9.04536552429197,4.061749649047819,0,"[0.2, 0.2, 0.6]","[0.2, 0.6, 0.2]",0.9141802787780762,"{""nbninh_0d8b128b_8753_46c3_b80f"": -1.9784123420715005, ""versil91_121ef6e9_0ded_4fc3_8c"": -4.061749649047819, ""versil91_63cd5c4a_5a68_4c25_bd"": -0.6591842454363742}",versil91_121ef6e9_0ded_4fc3_8c,continuous_primal_dual_psd,6,9.04536552429197,9.04536552429197,0.0,"[1.0, 0.0, 0.0]",primal=Optimization terminated successfully; dual=outer=Optimization terminated successfully; inner=Optimization terminated successfully,1,-298.2505950825366,302.631872623888,1.9655643454543585,
dare_ties,triple,denbeo_d9ae91c0_fed9_4fb4_8ddd+nhoxinh_0c66c9c5_5cc2_46a8_9db+datlaaaaaaa_e8cccbe1_c136_409a,21.643260301381556,27.52693004608151,0,"[0.2, 0.20396555983376613, 0.5960344401662339]","[0.6, 0.2, 0.2]",2.6048898696899414,"{""datlaaaaaaa_e8cccbe1_c136_409a"": -27.52693004608151, ""denbeo_d9ae91c0_fed9_4fb4_8ddd"": -24.440518093109098, ""nhoxinh_0c66c9c5_5cc2_46a8_9db"": -17.86783046722409}",datlaaaaaaa_e8cccbe1_c136_409a,continuous_primal_dual_psd,6,21.643260301381556,21.643260301381556,0.0,"[0.0, 1.0, 0.0]",primal=Optimization terminated successfully; dual=outer=Optimization terminated successfully; inner=Optimization terminated successfully,1,-248.9651933098047,248.96519330980473,16.163184469558303,
dare_ties,triple,chauhoang_4909ad74_a335_4972_9+nhoxinh_2f944a50_cbd3_4334_af8+mrhunghd_9e58333c_df22_4a00_9c,10.158182581227226,2.669695091247526,0,"[0.2000000000000097, 0.4715992636267093, 0.32840073637328104]","[0.4, 0.4, 0.2]",1.6761422157287598,"{""chauhoang_4909ad74_a335_4972_9"": 3.845462131500277, ""mrhunghd_9e58333c_df22_4a00_9c"": -1.6374976158141763, ""nhoxinh_2f944a50_cbd3_4334_af8"": -2.669695091247526}",nhoxinh_2f944a50_cbd3_4334_af8,continuous_primal_dual_psd,6,10.158182581227226,10.158182581227221,5.329070518200751e-15,"[0.9999999999999989, 1.1102230246251554e-15, 0.0]",primal=Optimization terminated successfully; dual=outer=Optimization terminated successfully; inner=Optimization terminated successfully,1,-152.044159093976,152.044159093976,6.179262399958934,
dare_ties,triple,datlaaaaaaa_cc1f8701_0976_4f48+laquythang_8444c3be_8779_4769+thaffggg_8c87f3d3_d4bb_475a_a8,68.14932318103978,21.343937587738004,0,"[0.20000000000010912, 0.2, 0.5999999999998908]","[0.2, 0.2, 0.6]",0.0,"{""datlaaaaaaa_cc1f8701_0976_4f48"": -12.703207206726042, ""laquythang_8444c3be_8779_4769"": -21.343937587738004, ""thaffggg_8c87f3d3_d4bb_475a_a8"": -3.342035484313932}",laquythang_8444c3be_8779_4769,continuous_primal_dual_psd,6,68.14932318103978,68.1493231810385,1.2789769243681803e-12,"[0.0, 1.8640644583452902e-13, 0.9999999999998135]",primal=Optimization terminated successfully; dual=outer=Optimization terminated successfully; inner=Optimization terminated successfully,1,-1319.1553278794217,1319.155327879422,17.911544513716034,
dare_ties,triple,versil91_e9f26c47_9b78_4e3f_81+laquythang_efe15045_778f_4dfa+hongngo_9d92894f_7b7b_49e0_8f3,-1.3625526834084027,-1.1891435764870515,1,"[0.2763342023132515, 0.5236657976864323, 0.20000000000031615]","[0.4, 0.4, 0.2]",2.1164160870155833,"{""hongngo_9d92894f_7b7b_49e0_8f3"": 11.496969985961947, ""laquythang_efe15045_778f_4dfa"": 10.095462131500277, ""versil91_e9f26c47_9b78_4e3f_81"": 1.1891435764870515}",versil91_e9f26c47_9b78_4e3f_81,continuous_primal_dual_psd,6,-1.3625526834084027,-1.3625526834098545,1.4517276269998547e-12,"[0.8048720370588582, 1.748196990637005e-17, 0.19512796294114176]",primal=Optimization terminated successfully; dual=outer=Optimization terminated successfully; inner=Optimization terminated successfully,1,-185.32970227445838,185.32970227445836,-1.3625526834084019,
dare_ties,triple,adammandic87_3d7a58a6_4380_4e3+tuanna08go_7647f014_8af3_4266+nblinh63_0eb73af3_0631_437a_ad,9.59384150505693,0.9905773914075188,0,"[0.20000000000004514, 0.6000000000000094, 0.19999999999994544]","[0.2, 0.4, 0.4]",1.531416933870707,"{""adammandic87_3d7a58a6_4380_4e3"": -0.9905773914075188, ""nblinh63_0eb73af3_0631_437a_ad"": 1.4780371665954917, ""tuanna08go_7647f014_8af3_4266"": -0.28317732995632816}",adammandic87_3d7a58a6_4380_4e3,continuous_primal_dual_psd,6,9.59384150505693,9.59384150505693,0.0,"[0.0, 0.0, 1.0]",primal=Optimization terminated successfully; dual=outer=Optimization terminated successfully; inner=Optimization terminated successfully,1,-311.5754904281061,316.6053908778356,0.5120806632047311,
dare_ties,triple,thaffggg_8a78a9b2_d3fa_4615_b8+mrhungddddh_fe499423_02f3_4cfd+mrhunghddddd_d692685b_fdb4_477,64.61128631260632,5.927279663085905,0,"[0.31452727783664186, 0.2, 0.48547272216335813]","[0.4, 0.2, 0.4]",0.0,"{""mrhungddddh_fe499423_02f3_4cfd"": -5.927279663085905, ""mrhunghddddd_d692685b_fdb4_477"": -4.610267353057829, ""thaffggg_8a78a9b2_d3fa_4615_b8"": -4.624834728240934}",mrhungddddh_fe499423_02f3_4cfd,continuous_primal_dual_psd,6,64.61128631260632,64.61128631260632,0.0,"[1.0, 0.0, 0.0]",primal=Optimization terminated successfully; dual=outer=Optimization terminated successfully; inner=Optimization terminated successfully,1,-1915.6079993860535,1915.6079993860535,10.499373599836721,
dare_ties,triple,mrhungddddh_9b1deaac_4565_48f2+mrhungddddh_911f6275_22fd_4f41+datlaaaaaaa_0dbe42c8_b07b_4785,13.295279973322339,4.033342075347868,0,"[0.2596543006741099, 0.20000000000000712, 0.540345699325883]","[0.2, 0.2, 0.6]",0.0,"{""datlaaaaaaa_0dbe42c8_b07b_4785"": -2.4708301544189126, ""mrhungddddh_911f6275_22fd_4f41"": -3.162124824523893, ""mrhungddddh_9b1deaac_4565_48f2"": -4.033342075347868}",mrhungddddh_9b1deaac_4565_48f2,continuous_primal_dual_psd,6,13.295279973322339,13.295279973321858,4.813927034774679e-13,"[1.2675321694323093e-13, 0.516806185697694, 0.4831938143021792]",primal=Optimization terminated successfully; dual=outer=Optimization terminated successfully; inner=Optimization terminated successfully,1,-232.22316273516648,232.22316273516648,10.611364476172243,
dare_ties,triple,taronklm_trained_model+tuanna08go_6af2bb68_a65f_4331+versil91_474890ea_012d_4a25_96,-2.5598187075876373,-0.3788953281048204,1,"[0.6, 0.2, 0.19999999999999996]","[0.6, 0.2, 0.2]",0.0,"{""taronklm_trained_model"": 0.3788953281048204, ""tuanna08go_6af2bb68_a65f_4331"": 24.267956542968783, ""versil91_474890ea_012d_4a25_96"": 59.52727489471439}",taronklm_trained_model,continuous_primal_dual_psd,6,-2.5598187075876373,-2.5598187075876373,0.0,"[0.0, 1.0, 0.0]",primal=Optimization terminated successfully; dual=outer=Optimization terminated successfully; inner=Optimization terminated successfully,1,-276.02401470405835,276.0240147040583,-3.0491478769964027,
dare_ties,triple,cunghoctienganh_b7496e73_1762+phungkhaccuong_a992b7f5_9d18_c+adammandic87_f28f18cf_4abb_4db,35.102287626501216,5.984094810485807,0,"[0.20000000000008478, 0.20000000000000076, 0.5999999999999145]","[0.2, 0.2, 0.6]",0.0,"{""adammandic87_f28f18cf_4abb_4db"": -1.429167461395231, ""cunghoctienganh_b7496e73_1762"": -5.984094810485807, ""phungkhaccuong_a992b7f5_9d18_c"": -0.3590971946715982}",cunghoctienganh_b7496e73_1762,continuous_primal_dual_psd,6,35.102287626501216,35.102287626501216,0.0,"[0.0, 0.0, 1.0]",primal=Optimization terminated successfully; dual=outer=Optimization terminated successfully; inner=Optimization terminated successfully,1,-863.5681776172413,863.5681776172413,4.100361537935678,
dare_ties,triple,lhong4759_f68c5c87_934d_4399_b+cunghoctienganh_c1cf0152_7ae6+phungkhaccuong_2b1522e6_bef2_7,10.542652082445777,7.26250715255734,0,"[0.2, 0.20000000000006996, 0.59999999999993]","[0.2, 0.6, 0.2]",2.9166698455810547,"{""cunghoctienganh_c1cf0152_7ae6"": -2.7833373069762857, ""lhong4759_f68c5c87_934d_4399_b"": -7.26250715255734, ""phungkhaccuong_2b1522e6_bef2_7"": 3.258344459533724}",lhong4759_f68c5c87_934d_4399_b,continuous_primal_dual_psd,6,10.542652082445777,10.542652082445777,0.0,"[1.0, 0.0, 0.0]",primal=Optimization terminated successfully; dual=outer=Optimization terminated successfully; inner=Optimization terminated successfully,1,-627.5700187082718,627.768547289231,4.7719866752631495,
magnitude_prune,pair,lhong4759_f68c5c87_934d_4399_b+adammandic87_3d7a58a6_4380_4e3,0.922663178326097,1.5115214647504966,0,"[0.2897608772727115, 0.7102391227272885]","[0.2, 0.8]",0.0,"{""adammandic87_3d7a58a6_4380_4e3"": -1.5115214647504966, ""lhong4759_f68c5c87_934d_4399_b"": 0.6541579246521323}",adammandic87_3d7a58a6_4380_4e3,continuous_primal_dual_psd,4,0.922663178326097,0.922663178326097,0.0,"[1.0, 0.0]",primal=Optimization terminated successfully; dual=outer=Optimization terminated successfully; inner=Optimization terminated successfully,0,23.797223408035297,0.0,0.922663178326097,
magnitude_prune,pair,lhong4759_f68c5c87_934d_4399_b+versil91_01a5620a_fb5f_4bab_94,2.787110142353538,7.575002384185758,0,"[0.2, 0.8]","[0.2, 0.8]",0.0,"{""lhong4759_f68c5c87_934d_4399_b"": -7.575002384185758, ""versil91_01a5620a_fb5f_4bab_94"": 0.41904872193807924}",lhong4759_f68c5c87_934d_4399_b,continuous_primal_dual_psd,4,2.787110142353538,2.787110142353538,0.0,"[0.0, 1.0]",primal=Optimization terminated successfully; dual=outer=Optimization terminated successfully; inner=Optimization terminated successfully,1,-195.3674852848053,195.3674852848053,2.1294256267130995,
magnitude_prune,pair,lhong4759_f68c5c87_934d_4399_b+taronklm_trained_model,-40.30266965220925,-0.5678859689917636,1,"[0.4421170813891508, 0.5578829186108492]","[0.2, 0.8]",0.12941267363662945,"{""lhong4759_f68c5c87_934d_4399_b"": 75.86250000000003, ""taronklm_trained_model"": 0.5678859689917636}",taronklm_trained_model,continuous_primal_dual_psd,4,-40.30266965220925,-40.30266965220925,0.0,"[0.9999999999999996, 5.551115123125783e-16]",primal=Optimization terminated successfully; dual=outer=Optimization terminated successfully; inner=Optimization terminated successfully,0,519.0303921699526,0.0,-40.30266965220924,
magnitude_prune,pair,adammandic87_3d7a58a6_4380_4e3+versil91_01a5620a_fb5f_4bab_94,-0.4568579323894486,-0.5277501145160076,1,"[0.5664165219532978, 0.43358347804670216]","[0.6, 0.4]",0.0,"{""adammandic87_3d7a58a6_4380_4e3"": 0.5277501145160076, ""versil91_01a5620a_fb5f_4bab_94"": 2.0380988062702747}",adammandic87_3d7a58a6_4380_4e3,continuous_primal_dual_psd,4,-0.4568579323894486,-0.45685793238944866,5.551115123125783e-17,"[2.2204460492503136e-16, 0.9999999999999998]",primal=Optimization terminated successfully; dual=outer=Optimization terminated successfully; inner=Optimization terminated successfully,0,17.311010508718066,0.0,-0.4568579323894486,
magnitude_prune,pair,adammandic87_3d7a58a6_4380_4e3+taronklm_trained_model,-7.551811782991482,-0.7596971055378853,1,"[0.5934576184233326, 0.40654238157666744]","[0.2, 0.8]",0.1636890344353984,"{""adammandic87_3d7a58a6_4380_4e3"": 26.0003074631489, ""taronklm_trained_model"": 0.7596971055378853}",taronklm_trained_model,continuous_primal_dual_psd,4,-7.551811782991482,-7.551811782991482,0.0,"[1.0, 0.0]",primal=Optimization terminated successfully; dual=outer=Optimization terminated successfully; inner=Optimization terminated successfully,0,92.18227168269854,0.0,-7.55181178299148,
magnitude_prune,pair,adammandic87_3d7a58a6_4380_4e3+versil91_e9f26c47_9b78_4e3f_81,0.5544513015136738,-0.27059199719954835,1,"[0.3281180536423921, 0.6718819463576079]","[0.8, 0.2]",0.5203314938563496,"{""adammandic87_3d7a58a6_4380_4e3"": 0.9282727689149056, ""versil91_e9f26c47_9b78_4e3f_81"": 0.27059199719954835}",versil91_e9f26c47_9b78_4e3f_81,continuous_primal_dual_psd,4,0.5544513015136738,0.5544513015136716,2.220446049250313e-15,"[0.6112927081657173, 0.38870729183428265]",primal=Optimization terminated successfully; dual=outer=Optimization terminated successfully; inner=Optimization terminated successfully,1,-10.051629733204837,10.051629733204837,0.438296666990246,
magnitude_prune,pair,versil91_01a5620a_fb5f_4bab_94+taronklm_trained_model,-25.016097811924116,-0.7434565512177342,1,"[0.2599230022469361, 0.7400769977530639]","[0.2, 0.8]",0.0,"{""taronklm_trained_model"": 0.7434565512177342, ""versil91_01a5620a_fb5f_4bab_94"": 2.4428606461562694}",taronklm_trained_model,continuous_primal_dual_psd,4,-25.016097811924116,-25.016097811924116,0.0,"[1.0, 0.0]",primal=Optimization terminated successfully; dual=outer=Optimization terminated successfully; inner=Optimization terminated successfully,0,107.66841773441432,0.0,-25.016097811924116,
magnitude_prune,pair,versil91_01a5620a_fb5f_4bab_94+versil91_e9f26c47_9b78_4e3f_81,1.2261922840600925,0.5303174731400052,0,"[0.2, 0.8]","[0.2, 0.8]",0.0,"{""versil91_01a5620a_fb5f_4bab_94"": 0.585718567524331, ""versil91_e9f26c47_9b78_4e3f_81"": -0.5303174731400052}",versil91_e9f26c47_9b78_4e3f_81,continuous_primal_dual_psd,4,1.2261922840600925,1.2261922840600925,0.0,"[0.0, 1.0]",primal=Optimization terminated successfully; dual=outer=Optimization terminated successfully; inner=Optimization terminated successfully,1,-9.821450872451713,9.821450872451713,1.029763266611058,
magnitude_prune,pair,versil91_01a5620a_fb5f_4bab_94+versil91_8444c3be_8779_4769_a0,2.760927110007802,0.39047768262212634,0,"[0.40502073766649543, 0.5949792623335046]","[0.8, 0.2]",0.5238105618240821,"{""versil91_01a5620a_fb5f_4bab_94"": -0.39047768262212634, ""versil91_8444c3be_8779_4769_a0"": -0.0280560409940519}",versil91_01a5620a_fb5f_4bab_94,continuous_primal_dual_psd,4,2.760927110007802,2.7609271100078026,0.0,"[0.040241825983656415, 0.9597581740163437]",primal=Optimization terminated successfully; dual=outer=Optimization terminated successfully; inner=Optimization terminated successfully,1,-13.874232586390495,13.874232586390495,2.760927110007801,
magnitude_prune,pair,taronklm_trained_model+versil91_e9f26c47_9b78_4e3f_81,-16.748803970226234,-0.7229419969135086,1,"[0.6922886803842183, 0.3077113196157817]","[0.8, 0.2]",0.1288141845149925,"{""taronklm_trained_model"": 0.7229419969135086, ""versil91_e9f26c47_9b78_4e3f_81"": 4.938019360745338}",taronklm_trained_model,continuous_primal_dual_psd,4,-16.748803970226234,-16.748803970226234,0.0,"[0.0, 1.0]",primal=Optimization terminated successfully; dual=outer=Optimization terminated successfully; inner=Optimization terminated successfully,0,78.34809274513822,0.0,-16.74880397022623,
magnitude_prune,pair,taronklm_trained_model+versil91_8444c3be_8779_4769_a0,-35.035453104015595,-0.6012223080417692,1,"[0.494762574100104, 0.505237425899896]","[0.8, 0.2]",0.298743560216162,"{""taronklm_trained_model"": 0.6012223080417692, ""versil91_8444c3be_8779_4769_a0"": 8.210621723290181}",taronklm_trained_model,continuous_primal_dual_psd,4,-35.035453104015595,-35.035453104015595,0.0,"[1.0, 0.0]",primal=Optimization terminated successfully; dual=outer=Optimization terminated successfully; inner=Optimization terminated successfully,0,312.0994567871095,0.0,-35.0354531040156,
magnitude_prune,pair,taronklm_trained_model+tuanna08go_6af2bb68_a65f_4331,-4.655943074447114,-0.6608854970440312,1,"[0.6612621651273074, 0.3387378348726926]","[0.8, 0.2]",0.08496458024736253,"{""taronklm_trained_model"": 0.6608854970440312, ""tuanna08go_6af2bb68_a65f_4331"": 19.131728935241732}",taronklm_trained_model,continuous_primal_dual_psd,4,-4.655943074447114,-4.655943074447114,0.0,"[0.0, 1.0]",primal=Optimization terminated successfully; dual=outer=Optimization terminated successfully; inner=Optimization terminated successfully,0,27.37842567768843,0.0,-4.655943074447114,
magnitude_prune,pair,versil91_e9f26c47_9b78_4e3f_81+versil91_8444c3be_8779_4769_a0,0.23558369385760858,-0.7638029458491431,1,"[0.5082409877953454, 0.49175901220465457]","[0.8, 0.2]",0.93891476125746,"{""versil91_8444c3be_8779_4769_a0"": 1.0941189538224523, ""versil91_e9f26c47_9b78_4e3f_81"": 0.7638029458491431}",versil91_e9f26c47_9b78_4e3f_81,continuous_primal_dual_psd,4,0.23558369385760858,0.23558369385760858,0.0,"[1.0, 0.0]",primal=Optimization terminated successfully; dual=outer=Optimization terminated successfully; inner=Optimization terminated successfully,0,14.80654576062902,0.0,0.23558369385760836,
magnitude_prune,pair,versil91_e9f26c47_9b78_4e3f_81+tuanna08go_6af2bb68_a65f_4331,0.21535894428404384,-0.6301253318786948,1,"[0.20000000000000012, 0.7999999999999998]","[0.6, 0.4]",1.676282802864514,"{""tuanna08go_6af2bb68_a65f_4331"": 0.6301253318786948, ""versil91_e9f26c47_9b78_4e3f_81"": 0.8882374720628922}",tuanna08go_6af2bb68_a65f_4331,continuous_primal_dual_psd,4,0.21535894428404384,0.21535894428404384,0.0,"[0.0, 1.0]",primal=Optimization terminated successfully; dual=outer=Optimization terminated successfully; inner=Optimization terminated successfully,1,-4.7618928680257575,4.7618928680257575,0.21535894428404384,
magnitude_prune,pair,versil91_e9f26c47_9b78_4e3f_81+duyphu_7aba420b_74ac_4209_b514,14.543535184860202,1.429179382324186,0,"[0.2, 0.8]","[0.8, 0.2]",19.791650772094727,"{""duyphu_7aba420b_74ac_4209_b514"": -1.429179382324186, ""versil91_e9f26c47_9b78_4e3f_81"": -0.3470568435791898}",duyphu_7aba420b_74ac_4209_b514,continuous_primal_dual_psd,4,14.543535184860202,14.543535184860202,0.0,"[0.0, 1.0]",primal=Optimization terminated successfully; dual=outer=Optimization terminated successfully; inner=Optimization terminated successfully,1,-92.98488497734068,92.98488497734068,12.683837485313388,
magnitude_prune,pair,versil91_8444c3be_8779_4769_a0+tuanna08go_6af2bb68_a65f_4331,-0.0914286527572983,-0.8147063179408137,1,"[0.20486451927904542, 0.7951354807209545]","[0.6, 0.4]",2.7251155179052753,"{""tuanna08go_6af2bb68_a65f_4331"": 2.32083492279056, ""versil91_8444c3be_8779_4769_a0"": 0.8147063179408137}",versil91_8444c3be_8779_4769_a0,continuous_primal_dual_psd,4,-0.0914286527572983,-0.0914286527572983,0.0,"[0.0, 1.0]",primal=Optimization terminated successfully; dual=outer=Optimization terminated successfully; inner=Optimization terminated successfully,0,3.9462424955890096,0.0,-0.0914286527572983,
magnitude_prune,pair,versil91_8444c3be_8779_4769_a0+duyphu_7aba420b_74ac_4209_b514,-0.057376393893726174,1.9500047683715493,0,"[0.6124505680363239, 0.3875494319636761]","[0.8, 0.2]",4.166674613952637,"{""duyphu_7aba420b_74ac_4209_b514"": -1.9500047683715493, ""versil91_8444c3be_8779_4769_a0"": -1.3911784307336923}",duyphu_7aba420b_74ac_4209_b514,continuous_primal_dual_psd,4,-0.057376393893726174,-0.057376393900233115,6.5069408194950995e-12,"[0.6191296430053039, 0.3808703569946961]",primal=Optimization terminated successfully; dual=outer=Optimization terminated successfully; inner=Optimization terminated successfully,1,-0.00014901161193273224,0.00014901161193273224,-0.05737639389372795,
magnitude_prune,pair,versil91_8444c3be_8779_4769_a0+thaffggg_8a78a9b2_d3fa_4615_b8,6.996868920326129,6.154552173614469,0,"[0.8, 0.19999999999999996]","[0.8, 0.2]",0.0,"{""thaffggg_8a78a9b2_d3fa_4615_b8"": -6.154552173614469, ""versil91_8444c3be_8779_4769_a0"": -2.067646841029596}",thaffggg_8a78a9b2_d3fa_4615_b8,continuous_primal_dual_psd,4,6.996868920326129,6.996868920326129,0.0,"[1.0, 0.0]",primal=Optimization terminated successfully; dual=outer=Optimization terminated successfully; inner=Optimization terminated successfully,0,126.30209326744064,0.0,6.996868920326129,
magnitude_prune,pair,tuanna08go_6af2bb68_a65f_4331+duyphu_7aba420b_74ac_4209_b514,13.40367264747617,10.908344459533659,0,"[0.2, 0.8]","[0.8, 0.2]",20.24836540222168,"{""duyphu_7aba420b_74ac_4209_b514"": -10.908344459533659, ""tuanna08go_6af2bb68_a65f_4331"": -8.61666507720944}",duyphu_7aba420b_74ac_4209_b514,continuous_primal_dual_psd,4,13.40367264747617,13.40367264747617,0.0,"[0.0, 1.0]",primal=Optimization terminated successfully; dual=outer=Optimization terminated successfully; inner=Optimization terminated successfully,1,-126.96668505668642,126.96668505668642,10.864338946342441,
magnitude_prune,pair,tuanna08go_6af2bb68_a65f_4331+thaffggg_8a78a9b2_d3fa_4615_b8,0.24403177344698657,3.696802330017057,0,"[0.8, 0.19999999999999996]","[0.8, 0.2]",0.0,"{""thaffggg_8a78a9b2_d3fa_4615_b8"": 7.245799827575716, ""tuanna08go_6af2bb68_a65f_4331"": -3.696802330017057}",tuanna08go_6af2bb68_a65f_4331,continuous_primal_dual_psd,4,0.24403177344698657,0.24403177344698657,0.0,"[1.0, 0.0]",primal=Optimization terminated successfully; dual=outer=Optimization terminated successfully; inner=Optimization terminated successfully,1,-0.383974502188311,0.383974502188311,0.12115993274672703,
magnitude_prune,pair,tuanna08go_6af2bb68_a65f_4331+datlaaaaaaa_cc1f8701_0976_4f48,2.841558527947674,9.81058187484738,0,"[0.7999999999999842, 0.20000000000001583]","[0.8, 0.2]",0.0,"{""datlaaaaaaa_cc1f8701_0976_4f48"": -2.28654451370236, ""tuanna08go_6af2bb68_a65f_4331"": -9.81058187484738}",tuanna08go_6af2bb68_a65f_4331,continuous_primal_dual_psd,4,2.841558527947674,2.841558527947674,0.0,"[5.551115123125783e-17, 1.0]",primal=Optimization terminated successfully; dual=outer=Optimization terminated successfully; inner=Optimization terminated successfully,1,-7.871164014344317,7.871164014344317,2.8415585279476723,
magnitude_prune,pair,duyphu_7aba420b_74ac_4209_b514+thaffggg_8a78a9b2_d3fa_4615_b8,38.41354019641875,29.241684150695768,0,"[0.8, 0.19999999999999996]","[0.8, 0.2]",0.0,"{""duyphu_7aba420b_74ac_4209_b514"": -29.241684150695768, ""thaffggg_8a78a9b2_d3fa_4615_b8"": -27.063635063171354}",duyphu_7aba420b_74ac_4209_b514,continuous_primal_dual_psd,4,38.41354019641875,38.41354019641875,0.0,"[0.0, 1.0]",primal=Optimization terminated successfully; dual=outer=Optimization terminated successfully; inner=Optimization terminated successfully,0,46.98470234870902,0.0,38.41354019641875,
magnitude_prune,pair,duyphu_7aba420b_74ac_4209_b514+datlaaaaaaa_cc1f8701_0976_4f48,25.83593196868894,47.14231796264645,0,"[0.8, 0.19999999999999996]","[0.8, 0.2]",0.0,"{""datlaaaaaaa_cc1f8701_0976_4f48"": -47.14231796264645, ""duyphu_7aba420b_74ac_4209_b514"": -39.866676998138395}",datlaaaaaaa_cc1f8701_0976_4f48,continuous_primal_dual_psd,4,25.83593196868894,25.83593196868894,0.0,"[1.0, 5.551115123125783e-17]",primal=Optimization terminated successfully; dual=outer=Optimization terminated successfully; inner=Optimization terminated successfully,0,55.83494901657102,0.0,25.83593196868894,
magnitude_prune,pair,duyphu_7aba420b_74ac_4209_b514+tuanna08go_7647f014_8af3_4266,0.09295279925252457,-0.3158848144477389,1,"[0.2, 0.8]","[0.2, 0.8]",0.0,"{""duyphu_7aba420b_74ac_4209_b514"": 1.5916674613952964, ""tuanna08go_7647f014_8af3_4266"": 0.3158848144477389}",tuanna08go_7647f014_8af3_4266,continuous_primal_dual_psd,4,0.09295279925252457,0.09295279925252457,0.0,"[0.0, 1.0]",primal=Optimization terminated successfully; dual=outer=Optimization terminated successfully; inner=Optimization terminated successfully,1,-7.102191448211667,7.102191448211667,0.09295279925252457,
magnitude_prune,pair,thaffggg_8a78a9b2_d3fa_4615_b8+datlaaaaaaa_cc1f8701_0976_4f48,20.99559033257156,18.23205060958859,0,"[0.5966082000559596, 0.4033917999440404]","[0.6, 0.4]",0.0,"{""datlaaaaaaa_cc1f8701_0976_4f48"": -18.23205060958859, ""thaffggg_8a78a9b2_d3fa_4615_b8"": -13.26994009017941}",datlaaaaaaa_cc1f8701_0976_4f48,continuous_primal_dual_psd,4,20.99559033257156,20.99559033257156,0.0,"[1.0, 0.0]",primal=Optimization terminated successfully; dual=outer=Optimization terminated successfully; inner=Optimization terminated successfully,0,170.5731451511383,0.0,20.99559033257156,
magnitude_prune,pair,thaffggg_8a78a9b2_d3fa_4615_b8+tuanna08go_7647f014_8af3_4266,0.1912753752645494,0.6560743432563808,0,"[0.2, 0.8]","[0.2, 0.8]",0.0,"{""thaffggg_8a78a9b2_d3fa_4615_b8"": 16.048237609863314, ""tuanna08go_7647f014_8af3_4266"": -0.6560743432563808}",tuanna08go_7647f014_8af3_4266,continuous_primal_dual_psd,4,0.1912753752645494,0.1912753752645494,0.0,"[0.0, 1.0]",primal=Optimization terminated successfully; dual=outer=Optimization terminated successfully; inner=Optimization terminated successfully,1,-0.6711452889307603,0.6711452889307603,0.1778524694859342,
magnitude_prune,pair,thaffggg_8a78a9b2_d3fa_4615_b8+tuanna08go_c1cf0152_7ae6_43b6,25.231254768371542,10.306671333312956,0,"[0.2, 0.8]","[0.2, 0.8]",0.0,"{""thaffggg_8a78a9b2_d3fa_4615_b8"": -10.306671333312956, ""tuanna08go_c1cf0152_7ae6_43b6"": -9.710052680969206}",thaffggg_8a78a9b2_d3fa_4615_b8,continuous_primal_dual_psd,4,25.231254768371542,25.231254768371542,0.0,"[1.0, 0.0]",primal=Optimization terminated successfully; dual=outer=Optimization terminated successfully; inner=Optimization terminated successfully,0,46.87488079071032,0.0,25.231254768371542,
magnitude_prune,pair,datlaaaaaaa_cc1f8701_0976_4f48+tuanna08go_7647f014_8af3_4266,0.1741609231774804,1.0850469233687032,0,"[0.2, 0.8]","[0.2, 0.8]",0.0,"{""datlaaaaaaa_cc1f8701_0976_4f48"": -0.8602649688720376, ""tuanna08go_7647f014_8af3_4266"": -1.0850469233687032}",tuanna08go_7647f014_8af3_4266,continuous_primal_dual_psd,4,0.1741609231774804,0.1741609231774804,0.0,"[0.0, 1.0]",primal=Optimization terminated successfully; dual=outer=Optimization terminated successfully; inner=Optimization terminated successfully,0,5.117440224765095,0.0,0.17416092317748041,
magnitude_prune,pair,datlaaaaaaa_cc1f8701_0976_4f48+tuanna08go_c1cf0152_7ae6_43b6,2.2018934011458877,1.4532119750976236,0,"[0.2, 0.8]","[0.2, 0.8]",0.0,"{""datlaaaaaaa_cc1f8701_0976_4f48"": -1.4532119750976236, ""tuanna08go_c1cf0152_7ae6_43b6"": 1.4066427230835288}",datlaaaaaaa_cc1f8701_0976_4f48,continuous_primal_dual_psd,4,2.2018934011458877,2.2018934011458877,0.0,"[1.0, 0.0]",primal=Optimization terminated successfully; dual=outer=Optimization terminated successfully; inner=Optimization terminated successfully,0,127.60370969772336,0.0,2.2018934011458877,
magnitude_prune,pair,datlaaaaaaa_cc1f8701_0976_4f48+laquythang_8444c3be_8779_4769,84.8466403007507,61.276939582824674,0,"[0.2, 0.8]","[0.2, 0.8]",0.0,"{""datlaaaaaaa_cc1f8701_0976_4f48"": -61.276939582824674, ""laquythang_8444c3be_8779_4769"": -58.4367544174194}",datlaaaaaaa_cc1f8701_0976_4f48,continuous_primal_dual_psd,4,84.8466403007507,84.8466403007507,0.0,"[1.1102230246251565e-16, 0.9999999999999999]",primal=Optimization terminated successfully; dual=outer=Optimization terminated successfully; inner=Optimization terminated successfully,1,-222.25618362426783,222.25618362426783,82.98455543518064,
magnitude_prune,pair,tuanna08go_7647f014_8af3_4266+tuanna08go_c1cf0152_7ae6_43b6,-0.05000009600750821,-0.1504661747971865,1,"[0.8, 0.19999999999999996]","[0.6, 0.4]",0.3364503419838735,"{""tuanna08go_7647f014_8af3_4266"": 0.1504661747971865, ""tuanna08go_c1cf0152_7ae6_43b6"": 5.49318485260013}",tuanna08go_7647f014_8af3_4266,continuous_primal_dual_psd,4,-0.05000009600750821,-0.05000009600750821,0.0,"[1.0, 0.0]",primal=Optimization terminated successfully; dual=outer=Optimization terminated successfully; inner=Optimization terminated successfully,1,-19.531100988387994,19.531100988387994,-0.05000009600750821,
magnitude_prune,pair,tuanna08go_7647f014_8af3_4266+laquythang_8444c3be_8779_4769,0.1184565218477599,0.9186922634560651,0,"[0.7999999999999547, 0.20000000000004525]","[0.8, 0.2]",0.0,"{""laquythang_8444c3be_8779_4769"": 8.419307994842562, ""tuanna08go_7647f014_8af3_4266"": -0.9186922634560651}",tuanna08go_7647f014_8af3_4266,continuous_primal_dual_psd,4,0.1184565218477599,0.1184565218477599,0.0,"[1.0, 0.0]",primal=Optimization terminated successfully; dual=outer=Optimization terminated successfully; inner=Optimization terminated successfully,0,2.0973224273924,0.0,0.11845652184776001,
magnitude_prune,pair,tuanna08go_7647f014_8af3_4266+laquythang_efe15045_778f_4dfa,-0.235906366565116,-0.6392522849906307,1,"[0.7999999999999999, 0.20000000000000007]","[0.8, 0.2]",0.0,"{""laquythang_efe15045_778f_4dfa"": 17.254552173614535, ""tuanna08go_7647f014_8af3_4266"": 0.6392522849906307}",tuanna08go_7647f014_8af3_4266,continuous_primal_dual_psd,4,-0.235906366565116,-0.235906366565116,0.0,"[1.0, 0.0]",primal=Optimization terminated successfully; dual=outer=Optimization terminated successfully; inner=Optimization terminated successfully,0,0.41946160525322346,0.0,-0.235906366565116,
magnitude_prune,pair,tuanna08go_c1cf0152_7ae6_43b6+laquythang_8444c3be_8779_4769,7.809397649765046,8.967068862915006,0,"[0.7999999999999975, 0.2000000000000025]","[0.8, 0.2]",0.0,"{""laquythang_8444c3be_8779_4769"": -8.967068862915006, ""tuanna08go_c1cf0152_7ae6_43b6"": -1.9499928474425943}",laquythang_8444c3be_8779_4769,continuous_primal_dual_psd,4,7.809397649765046,7.809397649765046,0.0,"[1.0, 0.0]",primal=Optimization terminated successfully; dual=outer=Optimization terminated successfully; inner=Optimization terminated successfully,0,165.36474227905276,0.0,7.809397649765053,
magnitude_prune,pair,tuanna08go_c1cf0152_7ae6_43b6+laquythang_efe15045_778f_4dfa,-4.20784347057346,-4.855069446563753,1,"[0.7999999999999993, 0.20000000000000073]","[0.6, 0.4]",2.6005148887634277,"{""laquythang_efe15045_778f_4dfa"": 8.39090042114261, ""tuanna08go_c1cf0152_7ae6_43b6"": 4.855069446563753}",tuanna08go_c1cf0152_7ae6_43b6,continuous_primal_dual_psd,4,-4.20784347057346,-4.20784347057346,0.0,"[0.0, 1.0]",primal=Optimization terminated successfully; dual=outer=Optimization terminated successfully; inner=Optimization terminated successfully,0,14.022439718246458,0.0,-4.207843470573461,
magnitude_prune,pair,tuanna08go_c1cf0152_7ae6_43b6+cunghoctienganh_c1cf0152_7ae6,2.229729366302459,2.2297293663024575,0,"[0.2, 0.8]","[0.2, 0.8]",0.0,"{""cunghoctienganh_c1cf0152_7ae6"": -0.6999999999999673, ""tuanna08go_c1cf0152_7ae6_43b6"": -2.2297293663024575}",tuanna08go_c1cf0152_7ae6_43b6,continuous_primal_dual_psd,4,2.229729366302459,2.229729366302459,0.0,"[5.551115123125783e-17, 1.0]",primal=Optimization terminated successfully; dual=outer=Optimization terminated successfully; inner=Optimization terminated successfully,1,-2.9239025279984583e-15,2.9239025279984583e-15,2.229729366302459,
magnitude_prune,pair,laquythang_8444c3be_8779_4769+laquythang_efe15045_778f_4dfa,35.90667440768329,33.200016689300504,0,"[0.308799241846314, 0.691200758153686]","[0.2, 0.8]",6.354165077209473,"{""laquythang_8444c3be_8779_4769"": -29.544714164733854, ""laquythang_efe15045_778f_4dfa"": -33.200016689300504}",laquythang_efe15045_778f_4dfa,continuous_primal_dual_psd,4,35.90667440768329,35.90667440768321,7.815970093361102e-14,"[0.29196448574744477, 0.7080355142525552]",primal=Optimization terminated successfully; dual=outer=Optimization terminated successfully; inner=Optimization terminated successfully,0,25.04050731658924,0.0,35.90667440768329,
magnitude_prune,pair,laquythang_8444c3be_8779_4769+cunghoctienganh_c1cf0152_7ae6,7.552954030036894,13.23789663314816,0,"[0.2, 0.8]","[0.2, 0.8]",0.0,"{""cunghoctienganh_c1cf0152_7ae6"": -12.574997615814176, ""laquythang_8444c3be_8779_4769"": -13.23789663314816}",laquythang_8444c3be_8779_4769,continuous_primal_dual_psd,4,7.552954030036894,7.552954030036894,0.0,"[1.0, 0.0]",primal=Optimization terminated successfully; dual=outer=Optimization terminated successfully; inner=Optimization terminated successfully,0,3.6236643791197762,0.0,7.5529540300368945,
magnitude_prune,pair,laquythang_8444c3be_8779_4769+cunghoctienganh_4909ad74_a335,25.967688393740993,33.484092426300016,0,"[0.4279366855563757, 0.5720633144436242]","[0.6, 0.4]",1.6572117805480957,"{""cunghoctienganh_4909ad74_a335"": -26.7700702667236, ""laquythang_8444c3be_8779_4769"": -33.484092426300016}",laquythang_8444c3be_8779_4769,continuous_primal_dual_psd,4,25.967688393740993,25.967688393740993,0.0,"[0.0, 1.0]",primal=Optimization terminated successfully; dual=outer=Optimization terminated successfully; inner=Optimization terminated successfully,0,127.20316648483275,0.0,25.967688393740993,
magnitude_prune,pair,laquythang_efe15045_778f_4dfa+cunghoctienganh_c1cf0152_7ae6,-2.4089684072050517,7.783344459533659,0,"[0.35323150392755037, 0.6467684960724496]","[0.2, 0.8]",6.562495231628418,"{""cunghoctienganh_c1cf0152_7ae6"": -7.783344459533659, ""laquythang_efe15045_778f_4dfa"": -6.950011920928922}",cunghoctienganh_c1cf0152_7ae6,continuous_primal_dual_psd,4,-2.4089684072050517,-2.4089684072050517,0.0,"[1.0, 0.0]",primal=Optimization terminated successfully; dual=outer=Optimization terminated successfully; inner=Optimization terminated successfully,0,206.57569169998172,0.0,-2.4089684072050517,
magnitude_prune,pair,laquythang_efe15045_778f_4dfa+cunghoctienganh_4909ad74_a335,24.631432822270305,51.54280967712399,0,"[0.6182022494150152, 0.3817977505849848]","[0.2, 0.8]",2.5757431983947754,"{""cunghoctienganh_4909ad74_a335"": -51.54280967712399, ""laquythang_efe15045_778f_4dfa"": -40.70002145767209}",cunghoctienganh_4909ad74_a335,continuous_primal_dual_psd,4,24.631432822270305,24.631432822270305,0.0,"[1.0, 0.0]",primal=Optimization terminated successfully; dual=outer=Optimization terminated successfully; inner=Optimization terminated successfully,0,34.555047750472994,0.0,24.631432822270305,
magnitude_prune,pair,laquythang_efe15045_778f_4dfa+cunghoctienganh_b7496e73_1762,22.161685585346014,19.658342075347868,0,"[0.3799981724292633, 0.6200018275707366]","[0.8, 0.2]",8.20072889328003,"{""cunghoctienganh_b7496e73_1762"": -19.658342075347868, ""laquythang_efe15045_778f_4dfa"": -19.563630294799772}",cunghoctienganh_b7496e73_1762,continuous_primal_dual_psd,4,22.161685585346014,22.161685585343584,2.4300561562995426e-12,"[0.5995165278428047, 0.4004834721571952]",primal=Optimization terminated successfully; dual=outer=Optimization terminated successfully; inner=Optimization terminated successfully,1,-72.31533527374269,72.31533527374269,22.161685585346014,
magnitude_prune,pair,cunghoctienganh_c1cf0152_7ae6+cunghoctienganh_4909ad74_a335,19.56955678462977,9.658339691162077,0,"[0.8, 0.19999999999999996]","[0.8, 0.2]",0.0,"{""cunghoctienganh_4909ad74_a335"": -7.186749649047819, ""cunghoctienganh_c1cf0152_7ae6"": -9.658339691162077}",cunghoctienganh_c1cf0152_7ae6,continuous_primal_dual_psd,4,19.56955678462977,19.56955678462977,0.0,"[1.0, 0.0]",primal=Optimization terminated successfully; dual=outer=Optimization terminated successfully; inner=Optimization terminated successfully,1,-26.86098217964168,26.86098217964168,10.974042487144432,
magnitude_prune,pair,cunghoctienganh_c1cf0152_7ae6+cunghoctienganh_b7496e73_1762,4.081979465484572,5.453780364990202,0,"[0.8, 0.19999999999999996]","[0.8, 0.2]",0.0,"{""cunghoctienganh_b7496e73_1762"": -5.453780364990202, ""cunghoctienganh_c1cf0152_7ae6"": -5.074992847442594}",cunghoctienganh_b7496e73_1762,continuous_primal_dual_psd,4,4.081979465484572,4.081979465484572,0.0,"[1.0, 0.0]",primal=Optimization terminated successfully; dual=outer=Optimization terminated successfully; inner=Optimization terminated successfully,0,134.12326574325573,0.0,4.081979465484572,
magnitude_prune,pair,cunghoctienganh_c1cf0152_7ae6+chauhoang_4909ad74_a335_4972_9,5.208191943168613,12.745454978942838,0,"[0.8, 0.19999999999999996]","[0.8, 0.2]",0.0,"{""chauhoang_4909ad74_a335_4972_9"": -12.745454978942838, ""cunghoctienganh_c1cf0152_7ae6"": -6.012502384185758}",chauhoang_4909ad74_a335_4972_9,continuous_primal_dual_psd,4,5.208191943168613,5.208191943168613,0.0,"[1.0, 5.551115123125783e-17]",primal=Optimization terminated successfully; dual=outer=Optimization terminated successfully; inner=Optimization terminated successfully,0,29.18288111686701,0.0,5.208191943168613,
magnitude_prune,pair,cunghoctienganh_4909ad74_a335+cunghoctienganh_b7496e73_1762,17.116614716874462,37.49925203323361,0,"[0.42532818083718404, 0.574671819162816]","[0.6, 0.4]",5.8806657791137695,"{""cunghoctienganh_4909ad74_a335"": -37.49925203323361, ""cunghoctienganh_b7496e73_1762"": -33.427277278900114}",cunghoctienganh_4909ad74_a335,continuous_primal_dual_psd,4,17.116614716874462,17.116614716874462,0.0,"[0.0, 1.0]",primal=Optimization terminated successfully; dual=outer=Optimization terminated successfully; inner=Optimization terminated successfully,0,136.11763715744019,0.0,17.11661471687446,
magnitude_prune,pair,cunghoctienganh_4909ad74_a335+chauhoang_4909ad74_a335_4972_9,78.51874222312522,84.13750238418575,0,"[0.47049234108868926, 0.5295076589113108]","[0.8, 0.2]",14.242398738861084,"{""chauhoang_4909ad74_a335_4972_9"": -76.9500166893005, ""cunghoctienganh_4909ad74_a335"": -84.13750238418575}",cunghoctienganh_4909ad74_a335,continuous_primal_dual_psd,4,78.51874222312522,78.51874222312522,0.0,"[0.0, 1.0]",primal=Optimization terminated successfully; dual=outer=Optimization terminated successfully; inner=Optimization terminated successfully,0,23.237019777297753,0.0,78.5187422231252,
magnitude_prune,pair,cunghoctienganh_4909ad74_a335+chauhoang_2aa4f343_5524_f86e_b,35.94345338344574,54.09015722274777,0,"[0.2, 0.8]","[0.2, 0.8]",0.0,"{""chauhoang_2aa4f343_5524_f86e_b"": -47.57501192092892, ""cunghoctienganh_4909ad74_a335"": -54.09015722274777}",cunghoctienganh_4909ad74_a335,continuous_primal_dual_psd,4,35.94345338344574,35.94345338344574,0.0,"[0.0, 1.0]",primal=Optimization terminated successfully; dual=outer=Optimization terminated successfully; inner=Optimization terminated successfully,0,25.040060281753544,0.0,35.94345338344574,
magnitude_prune,pair,cunghoctienganh_b7496e73_1762+chauhoang_4909ad74_a335_4972_9,13.85312592540047,14.809849929809538,0,"[0.5412479005429873, 0.4587520994570127]","[0.6, 0.4]",0.0,"{""chauhoang_4909ad74_a335_4972_9"": -10.700002384185758, ""cunghoctienganh_b7496e73_1762"": -14.809849929809538}",cunghoctienganh_b7496e73_1762,continuous_primal_dual_psd,4,13.85312592540047,13.85312592540047,0.0,"[0.0, 1.0]",primal=Optimization terminated successfully; dual=outer=Optimization terminated successfully; inner=Optimization terminated successfully,0,129.80759143829334,0.0,13.85312592540047,
magnitude_prune,pair,cunghoctienganh_b7496e73_1762+chauhoang_2aa4f343_5524_f86e_b,15.10454576621941,33.61666507720944,0,"[0.4344514770760546, 0.5655485229239454]","[0.4, 0.6]",0.0,"{""chauhoang_2aa4f343_5524_f86e_b"": -21.012511920928922, ""cunghoctienganh_b7496e73_1762"": -33.61666507720944}",cunghoctienganh_b7496e73_1762,continuous_primal_dual_psd,4,15.10454576621941,15.10454576621941,0.0,"[0.0, 1.0]",primal=Optimization terminated successfully; dual=outer=Optimization terminated successfully; inner=Optimization terminated successfully,0,261.4273130893706,0.0,15.10454576621941,
magnitude_prune,pair,cunghoctienganh_b7496e73_1762+duyphu_4909ad74_a335_4972_9ed8,50.87237424850464,48.10529060363766,0,"[0.2, 0.8]","[0.4, 0.6]",13.522744178771973,"{""cunghoctienganh_b7496e73_1762"": -48.10529060363766, ""duyphu_4909ad74_a335_4972_9ed8"": -42.46281690597531}",cunghoctienganh_b7496e73_1762,continuous_primal_dual_psd,4,50.87237424850464,50.87237424850464,0.0,"[0.0, 1.0]",primal=Optimization terminated successfully; dual=outer=Optimization terminated successfully; inner=Optimization terminated successfully,1,-186.55300140380862,186.55300140380862,47.14131422042846,
magnitude_prune,pair,chauhoang_4909ad74_a335_4972_9+chauhoang_2aa4f343_5524_f86e_b,38.60475103270778,47.97271795272824,0,"[0.46601531584810285, 0.5339846841518971]","[0.2, 0.8]",6.060600280761719,"{""chauhoang_2aa4f343_5524_f86e_b"": -39.55415792465207, ""chauhoang_4909ad74_a335_4972_9"": -47.97271795272824}",chauhoang_4909ad74_a335_4972_9,continuous_primal_dual_psd,4,38.60475103270778,38.60475103270778,0.0,"[0.0, 1.0]",primal=Optimization terminated successfully; dual=outer=Optimization terminated successfully; inner=Optimization terminated successfully,0,113.34493756294252,0.0,38.60475103270778,
magnitude_prune,pair,chauhoang_4909ad74_a335_4972_9+duyphu_4909ad74_a335_4972_9ed8,38.77386159896851,36.597421836852995,0,"[0.2, 0.8]","[0.6, 0.4]",2.3980259895324707,"{""chauhoang_4909ad74_a335_4972_9"": -33.76818008422848, ""duyphu_4909ad74_a335_4972_9ed8"": -36.597421836852995}",duyphu_4909ad74_a335_4972_9ed8,continuous_primal_dual_psd,4,38.77386159896851,38.77386159896851,0.0,"[0.0, 1.0]",primal=Optimization terminated successfully; dual=outer=Optimization terminated successfully; inner=Optimization terminated successfully,1,-65.57807326316836,65.57807326316836,37.46230013370514,
magnitude_prune,pair,chauhoang_4909ad74_a335_4972_9+duyphu_0112d9da_9934_4614_b233,17.64270014762875,27.20642395019528,0,"[0.2, 0.8]","[0.2, 0.8]",0.0,"{""chauhoang_4909ad74_a335_4972_9"": -17.972734642028776, ""duyphu_0112d9da_9934_4614_b233"": -27.20642395019528}",duyphu_0112d9da_9934_4614_b233,continuous_primal_dual_psd,4,17.64270014762875,17.64270014762875,0.0,"[0.0, 1.0]",primal=Optimization terminated successfully; dual=outer=Optimization terminated successfully; inner=Optimization terminated successfully,0,26.04186534881583,0.0,17.64270014762875,
magnitude_prune,pair,chauhoang_2aa4f343_5524_f86e_b+duyphu_4909ad74_a335_4972_9ed8,38.311760497093196,38.512495231628385,0,"[0.8, 0.19999999999999996]","[0.8, 0.2]",0.0,"{""chauhoang_2aa4f343_5524_f86e_b"": -38.512495231628385, ""duyphu_4909ad74_a335_4972_9ed8"": -34.28974456787106}",chauhoang_2aa4f343_5524_f86e_b,continuous_primal_dual_psd,4,38.311760497093196,38.311760497093196,0.0,"[0.0, 1.0]",primal=Optimization terminated successfully; dual=outer=Optimization terminated successfully; inner=Optimization terminated successfully,0,13.731271028518696,0.0,38.311760497093196,
magnitude_prune,pair,chauhoang_2aa4f343_5524_f86e_b+duyphu_0112d9da_9934_4614_b233,15.154337574413915,19.762495231628385,0,"[0.21946412659518835, 0.7805358734048117]","[0.2, 0.8]",0.0,"{""chauhoang_2aa4f343_5524_f86e_b"": -19.762495231628385, ""duyphu_0112d9da_9934_4614_b233"": -18.578782749175993}",chauhoang_2aa4f343_5524_f86e_b,continuous_primal_dual_psd,4,15.154337574413915,15.154337574413914,1.7763568394002505e-15,"[0.10614573714586735, 0.8938542628541326]",primal=Optimization terminated successfully; dual=outer=Optimization terminated successfully; inner=Optimization terminated successfully,1,-32.31540322303779,32.31540322303779,15.154337574413915,
magnitude_prune,pair,chauhoang_2aa4f343_5524_f86e_b+phungkhaccuong_2b1522e6_bef2_7,20.24640030860899,16.533342075347868,0,"[0.2, 0.8]","[0.2, 0.8]",0.0,"{""chauhoang_2aa4f343_5524_f86e_b"": -16.533342075347868, ""phungkhaccuong_2b1522e6_bef2_7"": -12.462821674346891}",chauhoang_2aa4f343_5524_f86e_b,continuous_primal_dual_psd,4,20.24640030860899,20.24640030860899,0.0,"[0.0, 1.0]",primal=Optimization terminated successfully; dual=outer=Optimization terminated successfully; inner=Optimization terminated successfully,0,27.006864547729467,0.0,20.24640030860899,
magnitude_prune,pair,duyphu_4909ad74_a335_4972_9ed8+duyphu_0112d9da_9934_4614_b233,13.757762980461097,27.77461118698117,0,"[0.2000000000000009, 0.7999999999999992]","[0.2, 0.8]",0.0,"{""duyphu_0112d9da_9934_4614_b233"": -27.77461118698117, ""duyphu_4909ad74_a335_4972_9ed8"": -23.272112083435026}",duyphu_0112d9da_9934_4614_b233,continuous_primal_dual_psd,4,13.757762980461097,13.757762980461097,0.0,"[0.9999999999999996, 4.371503159461554e-16]",primal=Optimization terminated successfully; dual=outer=Optimization terminated successfully; inner=Optimization terminated successfully,1,-29.947906732559282,29.947906732559282,13.757762980461097,
magnitude_prune,pair,duyphu_4909ad74_a335_4972_9ed8+phungkhaccuong_2b1522e6_bef2_7,11.861586941302939,4.730454158782926,0,"[0.3632907915463929, 0.6367092084536071]","[0.2, 0.8]",7.732367515563965,"{""duyphu_4909ad74_a335_4972_9ed8"": -4.730454158782926, ""phungkhaccuong_2b1522e6_bef2_7"": -4.602244567871061}",duyphu_4909ad74_a335_4972_9ed8,continuous_primal_dual_psd,4,11.861586941302939,11.861586941302939,0.0,"[0.0, 1.0]",primal=Optimization terminated successfully; dual=outer=Optimization terminated successfully; inner=Optimization terminated successfully,0,202.88869738578785,0.0,11.861586941302937,
magnitude_prune,pair,duyphu_4909ad74_a335_4972_9ed8+phungkhaccuong_a992b7f5_9d18_c,31.020285791847837,43.61960000991818,0,"[0.46952379336324523, 0.5304762066367548]","[0.8, 0.2]",13.916075229644775,"{""duyphu_4909ad74_a335_4972_9ed8"": -38.54455060958859, ""phungkhaccuong_a992b7f5_9d18_c"": -43.61960000991818}",phungkhaccuong_a992b7f5_9d18_c,continuous_primal_dual_psd,4,31.020285791847837,31.020285791847837,0.0,"[1.0, 0.0]",primal=Optimization terminated successfully; dual=outer=Optimization terminated successfully; inner=Optimization terminated successfully,0,7.812231779098418,0.0,31.020285791847837,
magnitude_prune,pair,duyphu_0112d9da_9934_4614_b233+phungkhaccuong_2b1522e6_bef2_7,9.424540495051167,5.535367202758756,0,"[0.6956499623627119, 0.3043500376372881]","[0.2, 0.8]",7.092082500457764,"{""duyphu_0112d9da_9934_4614_b233"": -5.535367202758756, ""phungkhaccuong_2b1522e6_bef2_7"": -0.7721096992492349}",duyphu_0112d9da_9934_4614_b233,continuous_primal_dual_psd,4,9.424540495051167,9.424540495050984,1.829647544582258e-13,"[0.1893252408435066, 0.8106747591564933]",primal=Optimization terminated successfully; dual=outer=Optimization terminated successfully; inner=Optimization terminated successfully,0,10.179728269577007,0.0,9.424540495051163,
magnitude_prune,pair,duyphu_0112d9da_9934_4614_b233+phungkhaccuong_a992b7f5_9d18_c,9.471984775896939,30.922892761230436,0,"[0.592429157445356, 0.40757084255464404]","[0.8, 0.2]",1.1742591857910156,"{""duyphu_0112d9da_9934_4614_b233"": -30.922892761230436, ""phungkhaccuong_a992b7f5_9d18_c"": -26.206985187530485}",duyphu_0112d9da_9934_4614_b233,continuous_primal_dual_psd,4,9.471984775896939,9.471984775892235,4.703792910731863e-12,"[0.34995627745955654, 0.6500437225404434]",primal=Optimization terminated successfully; dual=outer=Optimization terminated successfully; inner=Optimization terminated successfully,1,-13.020485639572158,13.020485639572158,9.471984775896937,
magnitude_prune,pair,duyphu_0112d9da_9934_4614_b233+phungkhaccuong_731c6dec_a942_4,5.280139874346425,0.7038541674246521,0,"[0.47614049317985235, 0.5238595068201477]","[0.4, 0.6]",0.0,"{""duyphu_0112d9da_9934_4614_b233"": 6.075915622711214, ""phungkhaccuong_731c6dec_a942_4"": -0.7038541674246521}",phungkhaccuong_731c6dec_a942_4,continuous_primal_dual_psd,4,5.280139874346425,5.280139874346425,0.0,"[1.0, 0.0]",primal=Optimization terminated successfully; dual=outer=Optimization terminated successfully; inner=Optimization terminated successfully,1,-4.146784767716938,4.146784767716938,5.280139874346425,
magnitude_prune,pair,phungkhaccuong_2b1522e6_bef2_7+phungkhaccuong_a992b7f5_9d18_c,11.125208806992132,11.495450210571256,0,"[0.7999999999999708, 0.20000000000002915]","[0.6, 0.4]",0.10491609573364258,"{""phungkhaccuong_2b1522e6_bef2_7"": 0.21346502304080417, ""phungkhaccuong_a992b7f5_9d18_c"": -11.495450210571256}",phungkhaccuong_a992b7f5_9d18_c,continuous_primal_dual_psd,4,11.125208806992132,11.125208806992132,0.0,"[1.0, 0.0]",primal=Optimization terminated successfully; dual=outer=Optimization terminated successfully; inner=Optimization terminated successfully,0,9.233057498931808,0.0,11.125208806992132,
magnitude_prune,pair,phungkhaccuong_2b1522e6_bef2_7+phungkhaccuong_731c6dec_a942_4,-0.6888341831831797,-0.8375702494172591,1,"[0.20000000000000023, 0.7999999999999998]","[0.4, 0.6]",0.12523982429459513,"{""phungkhaccuong_2b1522e6_bef2_7"": 9.011527824401888, ""phungkhaccuong_731c6dec_a942_4"": 0.8375702494172591}",phungkhaccuong_731c6dec_a942_4,continuous_primal_dual_psd,4,-0.6888341831831797,-0.6888341831831797,0.0,"[0.0, 1.0]",primal=Optimization terminated successfully; dual=outer=Optimization terminated successfully; inner=Optimization terminated successfully,1,-3.4489508763854038,3.4489508763854038,-0.7578132007108879,
magnitude_prune,pair,phungkhaccuong_2b1522e6_bef2_7+denbeo_d9ae91c0_fed9_4fb4_8ddd,35.410232615470896,17.982199859619108,0,"[0.8, 0.19999999999999996]","[0.8, 0.2]",0.0,"{""denbeo_d9ae91c0_fed9_4fb4_8ddd"": -17.982199859619108, ""phungkhaccuong_2b1522e6_bef2_7"": -11.036542129516569}",denbeo_d9ae91c0_fed9_4fb4_8ddd,continuous_primal_dual_psd,4,35.410232615470896,35.410232615470896,0.0,"[1.0, 0.0]",primal=Optimization terminated successfully; dual=outer=Optimization terminated successfully; inner=Optimization terminated successfully,0,22.253543138504053,0.0,35.410232615470896,
magnitude_prune,pair,phungkhaccuong_a992b7f5_9d18_c+phungkhaccuong_731c6dec_a942_4,1.6062504768372512,1.8363625526427896,0,"[0.20000000000000573, 0.7999999999999943]","[0.2, 0.8]",0.0,"{""phungkhaccuong_731c6dec_a942_4"": -1.2298643400981442, ""phungkhaccuong_a992b7f5_9d18_c"": -1.8363625526427896}",phungkhaccuong_a992b7f5_9d18_c,continuous_primal_dual_psd,4,1.6062504768372512,1.6062504768372512,0.0,"[1.0, 0.0]",primal=Optimization terminated successfully; dual=outer=Optimization terminated successfully; inner=Optimization terminated successfully,1,-13.02063465118409,13.02063465118409,1.3458377838135545,
magnitude_prune,pair,phungkhaccuong_a992b7f5_9d18_c+denbeo_d9ae91c0_fed9_4fb4_8ddd,24.51921582149017,55.66211051940915,0,"[0.7856221786127846, 0.2143778213872154]","[0.8, 0.2]",0.0,"{""denbeo_d9ae91c0_fed9_4fb4_8ddd"": -55.66211051940915, ""phungkhaccuong_a992b7f5_9d18_c"": -50.061896514892545}",denbeo_d9ae91c0_fed9_4fb4_8ddd,continuous_primal_dual_psd,4,24.51921582149017,24.519215821488068,2.1032064978498966e-12,"[0.5365538829335549, 0.4634461170664452]",primal=Optimization terminated successfully; dual=outer=Optimization terminated successfully; inner=Optimization terminated successfully,0,58.593600988387834,0.0,24.51921582149017,
magnitude_prune,pair,phungkhaccuong_a992b7f5_9d18_c+nbninh_c4ae10ba_efe4_401e_8dd7,3.359693948971543,-1.6484706878662436,1,"[0.6103991211004564, 0.38960087889954365]","[0.2, 0.8]",16.875004768371582,"{""nbninh_c4ae10ba_efe4_401e_8dd7"": 1.6484706878662436, ""phungkhaccuong_a992b7f5_9d18_c"": 6.223067569732699}",nbninh_c4ae10ba_efe4_401e_8dd7,continuous_primal_dual_psd,4,3.359693948971543,3.359693948971543,0.0,"[1.0, 0.0]",primal=Optimization terminated successfully; dual=outer=Optimization terminated successfully; inner=Optimization terminated successfully,0,32.55233168601987,0.0,3.359693948971544,
magnitude_prune,pair,phungkhaccuong_731c6dec_a942_4+denbeo_d9ae91c0_fed9_4fb4_8ddd,4.8955244541167815,0.4244719014458658,0,"[0.8, 0.19999999999999996]","[0.8, 0.2]",0.0,"{""denbeo_d9ae91c0_fed9_4fb4_8ddd"": 11.231812763214144, ""phungkhaccuong_731c6dec_a942_4"": -0.4244719014458658}",phungkhaccuong_731c6dec_a942_4,continuous_primal_dual_psd,4,4.8955244541167815,4.8955244541167815,0.0,"[0.0, 1.0]",primal=Optimization terminated successfully; dual=outer=Optimization terminated successfully; inner=Optimization terminated successfully,0,53.60843119063605,0.0,4.895524454116785,
magnitude_prune,pair,phungkhaccuong_731c6dec_a942_4+nbninh_c4ae10ba_efe4_401e_8dd7,-2.639668847350807,0.45144622235805915,0,"[0.3334380295048852, 0.6665619704951148]","[0.8, 0.2]",0.9460489326454531,"{""nbninh_c4ae10ba_efe4_401e_8dd7"": -0.188627910613981, ""phungkhaccuong_731c6dec_a942_4"": -0.45144622235805915}",phungkhaccuong_731c6dec_a942_4,continuous_primal_dual_psd,4,-2.639668847350807,-2.639668847358934,8.126832540256146e-12,"[0.9993406278017091, 0.0006593721982909593]",primal=Optimization terminated successfully; dual=outer=Optimization terminated successfully; inner=Optimization terminated successfully,1,-20.8333134651184,20.8333134651184,-2.639668847350807,
magnitude_prune,pair,phungkhaccuong_731c6dec_a942_4+nbninh_0d8b128b_8753_46c3_b80f,-0.040833566076420524,3.9954573631286294,0,"[0.7586295555057153, 0.24137044449428469]","[0.8, 0.2]",0.0,"{""nbninh_0d8b128b_8753_46c3_b80f"": -3.9954573631286294, ""phungkhaccuong_731c6dec_a942_4"": -2.56512596990888}",nbninh_0d8b128b_8753_46c3_b80f,continuous_primal_dual_psd,4,-0.040833566076420524,-0.040833566076420524,0.0,"[1.0, 0.0]",primal=Optimization terminated successfully; dual=outer=Optimization terminated successfully; inner=Optimization terminated successfully,0,23.584608503560336,0.0,-0.040833566076420524,
magnitude_prune,pair,denbeo_d9ae91c0_fed9_4fb4_8ddd+nbninh_c4ae10ba_efe4_401e_8dd7,2.6078606367117776,17.85908050537106,0,"[0.20000000000001802, 0.799999999999982]","[0.2, 0.8]",0.0,"{""denbeo_d9ae91c0_fed9_4fb4_8ddd"": -17.85908050537106, ""nbninh_c4ae10ba_efe4_401e_8dd7"": -10.141292285919157}",denbeo_d9ae91c0_fed9_4fb4_8ddd,continuous_primal_dual_psd,4,2.6078606367117776,2.6078606367117776,0.0,"[0.0, 1.0]",primal=Optimization terminated successfully; dual=outer=Optimization terminated successfully; inner=Optimization terminated successfully,1,-74.11852478981018,74.11852478981018,2.6078606367117776,
magnitude_prune,pair,denbeo_d9ae91c0_fed9_4fb4_8ddd+nbninh_0d8b128b_8753_46c3_b80f,39.312581491470304,66.00303955078121,0,"[0.2, 0.8]","[0.2, 0.8]",0.0,"{""denbeo_d9ae91c0_fed9_4fb4_8ddd"": -66.00303955078121, ""nbninh_0d8b128b_8753_46c3_b80f"": -39.02386732101437}",denbeo_d9ae91c0_fed9_4fb4_8ddd,continuous_primal_dual_psd,4,39.312581491470304,39.312581491470304,0.0,"[0.0, 1.0]",primal=Optimization terminated successfully; dual=outer=Optimization terminated successfully; inner=Optimization terminated successfully,1,-83.53367447853086,83.53367447853086,39.312581491470304,
magnitude_prune,pair,denbeo_d9ae91c0_fed9_4fb4_8ddd+nbninh_a1f78795_1b61_4923_9235,38.69263751924031,58.323100280761686,0,"[0.2697243281783878, 0.7302756718216121]","[0.4, 0.6]",6.1742544174194265,"{""denbeo_d9ae91c0_fed9_4fb4_8ddd"": -58.323100280761686, ""nbninh_a1f78795_1b61_4923_9235"": -35.97461290359494}",denbeo_d9ae91c0_fed9_4fb4_8ddd,continuous_primal_dual_psd,4,38.69263751924031,38.69263751924031,0.0,"[0.0, 1.0]",primal=Optimization terminated successfully; dual=outer=Optimization terminated successfully; inner=Optimization terminated successfully,0,11.318027973174985,0.0,38.69263751924031,
magnitude_prune,pair,nbninh_c4ae10ba_efe4_401e_8dd7+nbninh_0d8b128b_8753_46c3_b80f,16.526050678956125,0.6337077140807779,0,"[0.7750483934159171, 0.22495160658408286]","[0.8, 0.2]",0.0,"{""nbninh_0d8b128b_8753_46c3_b80f"": 8.277270126342806, ""nbninh_c4ae10ba_efe4_401e_8dd7"": -0.6337077140807779}",nbninh_c4ae10ba_efe4_401e_8dd7,continuous_primal_dual_psd,4,16.526050678956125,16.52605067895611,1.4210854715202004e-14,"[0.8855109885491468, 0.11448901145085325]",primal=Optimization terminated successfully; dual=outer=Optimization terminated successfully; inner=Optimization terminated successfully,1,-43.26924681663519,43.26924681663519,16.52605067895601,
magnitude_prune,pair,nbninh_c4ae10ba_efe4_401e_8dd7+nbninh_a1f78795_1b61_4923_9235,-1.049995946884195,-2.3681967735290854,1,"[0.8, 0.19999999999999996]","[0.8, 0.2]",0.0,"{""nbninh_a1f78795_1b61_4923_9235"": 8.504554557800326, ""nbninh_c4ae10ba_efe4_401e_8dd7"": 2.3681967735290854}",nbninh_c4ae10ba_efe4_401e_8dd7,continuous_primal_dual_psd,4,-1.049995946884195,-1.049995946884195,0.0,"[0.0, 1.0]",primal=Optimization terminated successfully; dual=outer=Optimization terminated successfully; inner=Optimization terminated successfully,0,38.46153616905215,0.0,-1.0499959468841915,
magnitude_prune,pair,nbninh_c4ae10ba_efe4_401e_8dd7+nhoxinh_2f944a50_cbd3_4334_af8,2.949942856546894,4.932954978942838,0,"[0.679356408696131, 0.320643591303869]","[0.8, 0.2]",8.34280252456665,"{""nbninh_c4ae10ba_efe4_401e_8dd7"": -4.932954978942838, ""nhoxinh_2f944a50_cbd3_4334_af8"": 2.7280061721802085}",nbninh_c4ae10ba_efe4_401e_8dd7,continuous_primal_dual_psd,4,2.949942856546894,2.9499428565457393,1.1546319456101628e-12,"[0.16103914261378566, 0.8389608573862144]",primal=Optimization terminated successfully; dual=outer=Optimization terminated successfully; inner=Optimization terminated successfully,0,13.020783662796031,0.0,2.949942856546894,
magnitude_prune,pair,nbninh_0d8b128b_8753_46c3_b80f+nbninh_a1f78795_1b61_4923_9235,10.071584762461079,18.91022033691403,0,"[0.6149514860808523, 0.38504851391914774]","[0.6, 0.4]",0.0,"{""nbninh_0d8b128b_8753_46c3_b80f"": -18.91022033691403, ""nbninh_a1f78795_1b61_4923_9235"": -18.89130182266232}",nbninh_0d8b128b_8753_46c3_b80f,continuous_primal_dual_psd,4,10.071584762461079,10.071584762461015,6.394884621840902e-14,"[0.1771234524952971, 0.822876547504703]",primal=Optimization terminated successfully; dual=outer=Optimization terminated successfully; inner=Optimization terminated successfully,0,96.25405073165886,0.0,10.071584762461082,
magnitude_prune,pair,nbninh_0d8b128b_8753_46c3_b80f+nhoxinh_2f944a50_cbd3_4334_af8,23.057346353515605,39.14698667526242,0,"[0.43413529680357565, 0.5658647031964243]","[0.2, 0.8]",9.90527868270874,"{""nbninh_0d8b128b_8753_46c3_b80f"": -30.302277278900114, ""nhoxinh_2f944a50_cbd3_4334_af8"": -39.14698667526242}",nhoxinh_2f944a50_cbd3_4334_af8,continuous_primal_dual_psd,4,23.057346353515605,23.057346353515605,0.0,"[1.0, 0.0]",primal=Optimization terminated successfully; dual=outer=Optimization terminated successfully; inner=Optimization terminated successfully,0,212.43959665298453,0.0,23.057346353515605,
magnitude_prune,triple,laquythang_efe15045_778f_4dfa+datlaaaaaaa_e8cccbe1_c136_409a+versil91_121ef6e9_0ded_4fc3_8c,-0.7747943796639722,5.079379749298063,0,"[0.20000000000000193, 0.2005209027922162, 0.5994790972077819]","[0.2, 0.2, 0.6]",0.0,"{""datlaaaaaaa_e8cccbe1_c136_409a"": -5.079379749298063, ""laquythang_efe15045_778f_4dfa"": 3.2772868156433432, ""versil91_121ef6e9_0ded_4fc3_8c"": -0.5907446861266763}",datlaaaaaaa_e8cccbe1_c136_409a,continuous_primal_dual_psd,6,-0.7747943796639722,-0.7747943796639722,0.0,"[0.0, 0.0, 1.0]",primal=Optimization terminated successfully; dual=outer=Optimization terminated successfully; inner=Optimization terminated successfully,1,-17.856979141343725,17.856979141343725,-1.3005473286711693,
magnitude_prune,triple,duyphu_0112d9da_9934_4614_b233+thaffggg_8c87f3d3_d4bb_475a_a8+mrhunghd_9e58333c_df22_4a00_9c,28.894596112083725,32.230451774597135,0,"[0.5429523620697585, 0.2, 0.25704763793024155]","[0.6, 0.2, 0.2]",0.0,"{""duyphu_0112d9da_9934_4614_b233"": -19.933691692352262, ""mrhunghd_9e58333c_df22_4a00_9c"": -32.230451774597135, ""thaffggg_8c87f3d3_d4bb_475a_a8"": -23.569300842285124}",mrhunghd_9e58333c_df22_4a00_9c,continuous_primal_dual_psd,6,28.894596112083725,28.89459611205754,2.6187052526438492e-11,"[0.539222529950492, 0.4607774700495049, 3.108909511573928e-15]",primal=Optimization terminated successfully; dual=outer=Optimization terminated successfully; inner=Optimization terminated successfully,1,-880.7882792516623,880.7882792516622,28.894596112083725,
magnitude_prune,triple,phungkhaccuong_2b1522e6_bef2_7+phungkhaccuong_a992b7f5_9d18_c+hongngo_7e251dfc_e0f7_4f73_aae,89.6792705163722,35.00070877075192,0,"[0.20000000000011758, 0.2000000000001137, 0.5999999999997687]","[0.6, 0.2, 0.2]",31.687057018280022,"{""hongngo_7e251dfc_e0f7_4f73_aae"": -9.68238420486447, ""phungkhaccuong_2b1522e6_bef2_7"": -11.58142395019528, ""phungkhaccuong_a992b7f5_9d18_c"": -35.00070877075192}",phungkhaccuong_a992b7f5_9d18_c,continuous_primal_dual_psd,6,89.6792705163722,89.6792705163722,0.0,"[1.0, 0.0, 0.0]",primal=Optimization terminated successfully; dual=outer=Optimization terminated successfully; inner=Optimization terminated successfully,1,-1060.018264032826,1060.018264032826,61.4102274894608,
magnitude_prune,triple,taronklm_trained_model+chauhoang_4909ad74_a335_4972_9+nbninh_c4ae10ba_efe4_401e_8dd7,-31.670681343251808,-0.6119068775890674,1,"[0.5651208643071903, 0.2, 0.23487913569280972]","[0.6, 0.2, 0.2]",0.0,"{""chauhoang_4909ad74_a335_4972_9"": 56.85681991577152, ""nbninh_c4ae10ba_efe4_401e_8dd7"": 58.98277454376224, ""taronklm_trained_model"": 0.6119068775890674}",taronklm_trained_model,continuous_primal_dual_psd,6,-31.670681343251808,-31.670681343253122,1.3145040611561853e-12,"[0.48488543384641103, 0.515114566153589, 0.0]",primal=Optimization terminated successfully; dual=outer=Optimization terminated successfully; inner=Optimization terminated successfully,1,-118.81178322391095,118.81178322391096,-35.495377486594,
magnitude_prune,triple,adammandic87_3d7a58a6_4380_4e3+cunghoctienganh_4909ad74_a335+mrhunghddddd_d692685b_fdb4_477,19.45839054295537,18.22841472625729,0,"[0.2000000000000014, 0.4306020733269226, 0.369397926673076]","[0.6, 0.2, 0.2]",19.024622440338135,"{""adammandic87_3d7a58a6_4380_4e3"": -3.0560245311434233, ""cunghoctienganh_4909ad74_a335"": -18.22841472625729, ""mrhunghddddd_d692685b_fdb4_477"": -4.321816635131803}",cunghoctienganh_4909ad74_a335,continuous_primal_dual_psd,6,19.45839054295537,19.45839054295537,0.0,"[0.0, 0.0, 1.0]",primal=Optimization terminated successfully; dual=outer=Optimization terminated successfully; inner=Optimization terminated successfully,1,-230.6044805447582,230.6044805447582,19.279723961448457,
magnitude_prune,triple,duyphu_7aba420b_74ac_4209_b514+tuanna08go_c1cf0152_7ae6_43b6+nhoxinh_0c66c9c5_5cc2_46a8_9db,8.119872233975684,11.61346740722653,0,"[0.2, 0.5002424455380725, 0.29975755446192753]","[0.2, 0.6, 0.2]",0.0,"{""duyphu_7aba420b_74ac_4209_b514"": -6.429174613952604, ""nhoxinh_0c66c9c5_5cc2_46a8_9db"": 0.6636350631714194, ""tuanna08go_c1cf0152_7ae6_43b6"": -11.61346740722653}",tuanna08go_c1cf0152_7ae6_43b6,continuous_primal_dual_psd,6,8.119872233975684,8.119872233975363,3.2152058793144533e-13,"[0.6371577429255064, 0.3628422570744924, 1.095610768541121e-15]",primal=Optimization terminated successfully; dual=outer=Optimization terminated successfully; inner=Optimization terminated successfully,1,-91.64423781693978,91.64423781693976,8.119872233975663,
magnitude_prune,triple,lhong4759_f68c5c87_934d_4399_b+tuanna08go_6af2bb68_a65f_4331+mrhungddddh_9b1deaac_4565_48f2,36.42142585558585,14.86666507720944,0,"[0.34170230530012696, 0.20000000000000645, 0.4582976946998666]","[0.2, 0.6, 0.2]",13.958334922790527,"{""lhong4759_f68c5c87_934d_4399_b"": -14.86666507720944, ""mrhungddddh_9b1deaac_4565_48f2"": 10.966679382324251, ""tuanna08go_6af2bb68_a65f_4331"": -3.92916507720944}",lhong4759_f68c5c87_934d_4399_b,continuous_primal_dual_psd,6,36.42142585558585,36.42142585554906,3.679190285765799e-11,"[1.1957142050934026e-12, 0.0, 0.9999999999988043]",primal=Optimization terminated successfully; dual=outer=Optimization terminated successfully; inner=Optimization terminated successfully,1,-176.50507689548704,176.50507689548706,30.51892477474673,
magnitude_prune,triple,versil91_e9f26c47_9b78_4e3f_81+nhoxinh_2f944a50_cbd3_4334_af8+hongngo_9d92894f_7b7b_49e0_8f3,13.879443564008398,5.453792285919157,0,"[0.6000000000000029, 0.20000000000000356, 0.19999999999999352]","[0.6, 0.2, 0.2]",0.0,"{""hongngo_9d92894f_7b7b_49e0_8f3"": -1.6469747543334634, ""nhoxinh_2f944a50_cbd3_4334_af8"": -5.453792285919157, ""versil91_e9f26c47_9b78_4e3f_81"": -2.0303208390553995}",nhoxinh_2f944a50_cbd3_4334_af8,continuous_primal_dual_psd,6,13.879443564008398,13.879443564008398,0.0,"[0.0, 1.0, 0.0]",primal=Optimization terminated successfully; dual=outer=Optimization terminated successfully; inner=Optimization terminated successfully,1,-150.51809102260066,150.5180910226007,12.310579490661562,
magnitude_prune,triple,versil91_01a5620a_fb5f_4bab_94+versil91_8444c3be_8779_4769_a0+thaffggg_8a78a9b2_d3fa_4615_b8,5.700007152557404,2.4045617103576333,0,"[0.4, 0.4, 0.19999999999999996]","[0.6, 0.2, 0.2]",5.856645107269287,"{""thaffggg_8a78a9b2_d3fa_4615_b8"": -2.4045617103576333, ""versil91_01a5620a_fb5f_4bab_94"": -0.1285710393159773, ""versil91_8444c3be_8779_4769_a0"": -1.269007138414152}",thaffggg_8a78a9b2_d3fa_4615_b8,continuous_primal_dual_psd,6,5.700007152557404,5.700007152557404,0.0,"[0.0, 0.9999999999999998, 1.6653345369377346e-16]",primal=Optimization terminated successfully; dual=outer=Optimization terminated successfully; inner=Optimization terminated successfully,1,-13.694005857818329,13.694005857818336,5.700007152557404,
magnitude_prune,triple,denbeo_d9ae91c0_fed9_4fb4_8ddd+mrhungddddh_911f6275_22fd_4f41+nhung03_7b6cdc3c_7130_4c2c_a2c,46.07622927033671,42.376139831542936,0,"[0.2, 0.2, 0.6]","[0.2, 0.4, 0.4]",9.507560729980469,"{""denbeo_d9ae91c0_fed9_4fb4_8ddd"": -42.376139831542936, ""mrhungddddh_911f6275_22fd_4f41"": -19.506827068328825, ""nhung03_7b6cdc3c_7130_4c2c_a2c"": -35.75681753158566}",denbeo_d9ae91c0_fed9_4fb4_8ddd,continuous_primal_dual_psd,6,46.07622927033671,46.07622927033671,0.0,"[0.0, 1.0, 0.0]",primal=Optimization terminated successfully; dual=outer=Optimization terminated successfully; inner=Optimization terminated successfully,1,-458.0567168614979,458.0567168614978,39.68236751556395,
magnitude_prune,triple,chauhoang_2aa4f343_5524_f86e_b+duyphu_4909ad74_a335_4972_9ed8+hongngo_687b8c72_c89b_4cb7_b7c,31.136586747924895,37.47082061767575,0,"[0.2189988414587892, 0.2, 0.5810011585412108]","[0.2, 0.2, 0.6]",0.0,"{""chauhoang_2aa4f343_5524_f86e_b"": -37.47082061767575, ""duyphu_4909ad74_a335_4972_9ed8"": -35.740068626403776, ""hongngo_687b8c72_c89b_4cb7_b7c"": -35.112884712219206}",chauhoang_2aa4f343_5524_f86e_b,continuous_primal_dual_psd,6,31.136586747924895,31.136586747920244,4.650502205549856e-12,"[2.3609937895336693e-13, 0.7104390791052615, 0.28956092089450247]",primal=Optimization terminated successfully; dual=outer=Optimization terminated successfully; inner=Optimization terminated successfully,1,-167.31882145426277,167.31882145426277,30.410591394573363,
magnitude_prune,triple,phungkhaccuong_731c6dec_a942_4+nhung02_08157847_d833_4d45_90f+nhung02_db2c9545_4607_487b_9cc,7.25528880577545,7.783344459533659,0,"[0.6000000000000032, 0.20000000000002133, 0.19999999999997553]","[0.6, 0.2, 0.2]",0.0,"{""nhung02_08157847_d833_4d45_90f"": 3.2022326469421714, ""nhung02_db2c9545_4607_487b_9cc"": -7.783344459533659, ""phungkhaccuong_731c6dec_a942_4"": -1.0506710229188416}",nhung02_db2c9545_4607_487b_9cc,continuous_primal_dual_psd,6,7.25528880577545,7.25528880577545,0.0,"[0.0, 1.0, 0.0]",primal=Optimization terminated successfully; dual=outer=Optimization terminated successfully; inner=Optimization terminated successfully,1,-114.87148691871693,114.87148691871688,4.715159606934689,
magnitude_prune,triple,datlaaaaaaa_cc1f8701_0976_4f48+nblinh63_0eb73af3_0631_437a_ad+datlaaaaaaa_0dbe42c8_b07b_4785,72.10432846819381,73.75872440338131,0,"[0.20000000000003676, 0.20000000000004267, 0.5999999999999206]","[0.2, 0.4, 0.4]",13.399600982666016,"{""datlaaaaaaa_0dbe42c8_b07b_4785"": -47.054174613952604, ""datlaaaaaaa_cc1f8701_0976_4f48"": -43.68077821731564, ""nblinh63_0eb73af3_0631_437a_ad"": -73.75872440338131}",nblinh63_0eb73af3_0631_437a_ad,continuous_primal_dual_psd,6,72.10432846819381,72.10432846819123,2.5863755581667647e-12,"[1.4904188994058202e-12, 0.0, 0.9999999999985096]",primal=Optimization terminated successfully; dual=outer=Optimization terminated successfully; inner=Optimization terminated successfully,1,-328.968445292199,328.968445292199,69.68674964904697,
magnitude_prune,triple,tuanna08go_7647f014_8af3_4266+versil91_63cd5c4a_5a68_4c25_bd+versil91_474890ea_012d_4a25_96,3.328614515782517,-0.30000233553184386,1,"[0.20000000000000223, 0.20000000000000545, 0.5999999999999923]","[0.6, 0.2, 0.2]",0.9028061138724665,"{""tuanna08go_7647f014_8af3_4266"": 0.5831767181783608, ""versil91_474890ea_012d_4a25_96"": 16.686364936828646, ""versil91_63cd5c4a_5a68_4c25_bd"": 0.30000233553184386}",versil91_63cd5c4a_5a68_4c25_bd,continuous_primal_dual_psd,6,3.328614515782517,3.328614515782517,0.0,"[0.0, 1.0, 0.0]",primal=Optimization terminated successfully; dual=outer=Optimization terminated successfully; inner=Optimization terminated successfully,1,-132.0343345118936,134.64149181650203,0.5590602093808497,
magnitude_prune,triple,laquythang_8444c3be_8779_4769+cunghoctienganh_b7496e73_1762+adammandic87_f28f18cf_4abb_4db,58.419606161117514,24.828794670104948,0,"[0.2, 0.2, 0.6]","[0.2, 0.2, 0.6]",0.0,"{""adammandic87_f28f18cf_4abb_4db"": -24.137499999999967, ""cunghoctienganh_b7496e73_1762"": -15.150740814208952, ""laquythang_8444c3be_8779_4769"": -24.828794670104948}",laquythang_8444c3be_8779_4769,continuous_primal_dual_psd,6,58.419606161117514,58.419606161117514,0.0,"[0.0, 0.0, 1.0]",primal=Optimization terminated successfully; dual=outer=Optimization terminated successfully; inner=Optimization terminated successfully,1,-854.6613642655698,879.5050451910039,31.47723979949949,
magnitude_prune,triple,cunghoctienganh_c1cf0152_7ae6+nhoxinh_9214fc0d_4490_4bdd_9ff+mrhungddddh_fe499423_02f3_4cfd,81.84749947566335,43.92916269302365,0,"[0.2000000000000516, 0.2, 0.5999999999999484]","[0.6, 0.2, 0.2]",45.14206647872924,"{""cunghoctienganh_c1cf0152_7ae6"": -23.82500476837155, ""mrhungddddh_fe499423_02f3_4cfd"": -43.92916269302365, ""nhoxinh_9214fc0d_4490_4bdd_9ff"": -26.741674613952604}",mrhungddddh_fe499423_02f3_4cfd,continuous_primal_dual_psd,6,81.84749947566335,81.84749947566327,8.526512829121202e-14,"[0.0, 0.9999999999999931, 6.93889390390718e-15]",primal=Optimization terminated successfully; dual=outer=Optimization terminated successfully; inner=Optimization terminated successfully,1,-610.7657828338108,610.7657828338108,61.345401477814406,
magnitude_prune,triple,nbninh_0d8b128b_8753_46c3_b80f+nbninh_a1f78795_1b61_4923_9235+nhoxinh_0c66c9c5_5cc2_46a8_9db,74.53031455878201,35.09393043518063,0,"[0.20000000000011908, 0.2, 0.5999999999998809]","[0.4, 0.4, 0.2]",26.316308975219727,"{""nbninh_0d8b128b_8753_46c3_b80f"": -30.58636493682858, ""nbninh_a1f78795_1b61_4923_9235"": -35.09393043518063, ""nhoxinh_0c66c9c5_5cc2_46a8_9db"": -9.72973413467404}",nbninh_a1f78795_1b61_4923_9235,continuous_primal_dual_psd,6,74.53031455878201,74.53031455877974,2.2737367544323206e-12,"[0.9999999999998086, 0.0, 1.914579605965716e-13]",primal=Optimization terminated successfully; dual=outer=Optimization terminated successfully; inner=Optimization terminated successfully,1,-936.1028687541091,936.1028687541091,50.075009536746045,
magnitude_prune,triple,hongngo_687b8c72_c89b_4cb7_b7c+mrhungddddh_911f6275_22fd_4f41+versil91_121ef6e9_0ded_4fc3_8c,11.626181961930776,13.006964397430387,0,"[0.224303034511027, 0.20000000000000362, 0.5756969654889694]","[0.2, 0.2, 0.6]",0.0,"{""hongngo_687b8c72_c89b_4cb7_b7c"": 4.299995231628451, ""mrhungddddh_911f6275_22fd_4f41"": 2.5765269279480307, ""versil91_121ef6e9_0ded_4fc3_8c"": -13.006964397430387}",versil91_121ef6e9_0ded_4fc3_8c,continuous_primal_dual_psd,6,11.626181961930776,11.62618196193077,5.329070518200751e-15,"[6.369904603786795e-15, 0.9999999999999936, 0.0]",primal=Optimization terminated successfully; dual=outer=Optimization terminated successfully; inner=Optimization terminated successfully,1,-122.34644997494057,122.34644997494057,11.626181961930776,
magnitude_prune,triple,tuanna08go_c1cf0152_7ae6_43b6+chauhoang_4909ad74_a335_4972_9+thaffggg_8c87f3d3_d4bb_475a_a8,25.069823390514614,14.449992847442594,0,"[0.5008653905518141, 0.2991346094492631, 0.19999999999892282]","[0.6, 0.2, 0.2]",0.0,"{""chauhoang_4909ad74_a335_4972_9"": -14.449992847442594, ""thaffggg_8c87f3d3_d4bb_475a_a8"": -5.984094810485807, ""tuanna08go_c1cf0152_7ae6_43b6"": -8.484080505371061}",chauhoang_4909ad74_a335_4972_9,continuous_primal_dual_psd,6,25.069823390514614,25.069823390514614,0.0,"[0.0, 0.0, 1.0]",primal=Optimization terminated successfully; dual=outer=Optimization terminated successfully; inner=Optimization terminated successfully,1,-41.39594247337094,41.395942473370944,20.973065966100435,
magnitude_prune,triple,taronklm_trained_model+nbninh_a1f78795_1b61_4923_9235+datlaaaaaaa_e8cccbe1_c136_409a,-14.64845821744863,-0.6019060189153546,1,"[0.4939640882121981, 0.20000000000001497, 0.3060359117877869]","[0.6, 0.2, 0.2]",0.2977176710961174,"{""datlaaaaaaa_e8cccbe1_c136_409a"": 53.81922416687015, ""nbninh_a1f78795_1b61_4923_9235"": 59.64090518951419, ""taronklm_trained_model"": 0.6019060189153546}",taronklm_trained_model,continuous_primal_dual_psd,6,-14.64845821744863,-14.64845821744863,0.0,"[0.0, 0.0, 1.0]",primal=Optimization terminated successfully; dual=outer=Optimization terminated successfully; inner=Optimization terminated successfully,1,-92.36618143733375,92.36618143733375,-21.22830323130128,
magnitude_prune,triple,versil91_e9f26c47_9b78_4e3f_81+laquythang_efe15045_778f_4dfa+nbninh_0d8b128b_8753_46c3_b80f,17.5688086503113,1.215839997845824,0,"[0.2, 0.2, 0.6]","[0.4, 0.4, 0.2]",9.938707407397063,"{""laquythang_efe15045_778f_4dfa"": 3.731807994842562, ""nbninh_0d8b128b_8753_46c3_b80f"": 4.356798458099398, ""versil91_e9f26c47_9b78_4e3f_81"": -1.215839997845824}",versil91_e9f26c47_9b78_4e3f_81,continuous_primal_dual_psd,6,17.5688086503113,17.5688086503113,0.0,"[0.0, 1.0, 0.0]",primal=Optimization terminated successfully; dual=outer=Optimization terminated successfully; inner=Optimization terminated successfully,1,-186.17404018243568,186.17404018243565,13.408318233489982,
magnitude_prune,triple,tuanna08go_7647f014_8af3_4266+phungkhaccuong_2b1522e6_bef2_7+nhung03_7b6cdc3c_7130_4c2c_a2c,37.78201710451228,2.121496653574628,0,"[0.2, 0.2000000000000813, 0.5999999999999187]","[0.4, 0.4, 0.2]",29.231920456868455,"{""nhung03_7b6cdc3c_7130_4c2c_a2c"": -1.0409147262572915, ""phungkhaccuong_2b1522e6_bef2_7"": -2.054157924652067, ""tuanna08go_7647f014_8af3_4266"": -2.121496653574628}",tuanna08go_7647f014_8af3_4266,continuous_primal_dual_psd,6,37.78201710451228,37.78201710451228,0.0,"[0.0, 0.0, 1.0]",primal=Optimization terminated successfully; dual=outer=Optimization terminated successfully; inner=Optimization terminated successfully,1,-405.24932281718213,405.24932281718213,34.14697952269786,
magnitude_prune,triple,duyphu_7aba420b_74ac_4209_b514+denbeo_d9ae91c0_fed9_4fb4_8ddd+nhung02_08157847_d833_4d45_90f,33.20113990558429,32.300379943847624,0,"[0.33381893668372464, 0.2, 0.4661810633162753]","[0.6, 0.2, 0.2]",8.721601963043213,"{""denbeo_d9ae91c0_fed9_4fb4_8ddd"": -32.300379943847624, ""duyphu_7aba420b_74ac_4209_b514"": -18.61666746139523, ""nhung02_08157847_d833_4d45_90f"": -10.227254104614225}",denbeo_d9ae91c0_fed9_4fb4_8ddd,continuous_primal_dual_psd,6,33.20113990558429,33.20113990558429,0.0,"[1.0, 0.0, 0.0]",primal=Optimization terminated successfully; dual=outer=Optimization terminated successfully; inner=Optimization terminated successfully,1,-383.20472160192344,383.20472160192344,27.973754436830518,
magnitude_prune,triple,versil91_8444c3be_8779_4769_a0+nhoxinh_9214fc0d_4490_4bdd_9ff+mrhunghddddd_d692685b_fdb4_477,103.91019887924196,31.01250238418576,0,"[0.2, 0.2, 0.6]","[0.6, 0.2, 0.2]",29.375016689300537,"{""mrhunghddddd_d692685b_fdb4_477"": -29.578211975097624, ""nhoxinh_9214fc0d_4490_4bdd_9ff"": -31.01250238418576, ""versil91_8444c3be_8779_4769_a0"": -8.679632564201302}",nhoxinh_9214fc0d_4490_4bdd_9ff,continuous_primal_dual_psd,6,103.91019887924196,103.91019887924023,1.7337242752546445e-12,"[0.0, 1.877387134640787e-13, 0.9999999999998122]",primal=Optimization terminated successfully; dual=outer=Optimization terminated successfully; inner=Optimization terminated successfully,1,-803.1900291337765,817.8572032743588,84.09452743530278,
magnitude_prune,triple,lhong4759_f68c5c87_934d_4399_b+tuanna08go_6af2bb68_a65f_4331+hongngo_7e251dfc_e0f7_4f73_aae,84.98071792679205,16.01250476837155,0,"[0.2, 0.2000000000000314, 0.5999999999999686]","[0.2, 0.6, 0.2]",37.0833158493042,"{""hongngo_7e251dfc_e0f7_4f73_aae"": -12.262490463256803, ""lhong4759_f68c5c87_934d_4399_b"": -16.01250476837155, ""tuanna08go_6af2bb68_a65f_4331"": -11.741676998138395}",lhong4759_f68c5c87_934d_4399_b,continuous_primal_dual_psd,6,84.98071792679205,84.98071792679205,0.0,"[0.0, 0.0, 1.0]",primal=Optimization terminated successfully; dual=outer=Optimization terminated successfully; inner=Optimization terminated successfully,1,-974.6844003989754,974.6844003989755,47.290924262998985,
magnitude_prune,triple,cunghoctienganh_4909ad74_a335+chauhoang_2aa4f343_5524_f86e_b+duyphu_0112d9da_9934_4614_b233,35.38753099442605,39.58257741928097,0,"[0.2, 0.2000000000000427, 0.5999999999999572]","[0.2, 0.2, 0.6]",0.0,"{""chauhoang_2aa4f343_5524_f86e_b"": -30.804172229766813, ""cunghoctienganh_4909ad74_a335"": -39.58257741928097, ""duyphu_0112d9da_9934_4614_b233"": -30.83256788253781}",cunghoctienganh_4909ad74_a335,continuous_primal_dual_psd,6,35.38753099442605,35.38753099442605,0.0,"[0.0, 0.0, 1.0]",primal=Optimization terminated successfully; dual=outer=Optimization terminated successfully; inner=Optimization terminated successfully,1,-665.4037826569288,665.5062848391314,20.96078701019349,
magnitude_prune,triple,cunghoctienganh_c1cf0152_7ae6+hongngo_9d92894f_7b7b_49e0_8f3+versil91_63cd5c4a_5a68_4c25_bd,17.72322363853453,4.762497615814176,0,"[0.2, 0.2, 0.6]","[0.6, 0.2, 0.2]",0.5208373069763184,"{""cunghoctienganh_c1cf0152_7ae6"": -4.762497615814176, ""hongngo_9d92894f_7b7b_49e0_8f3"": -2.1488577842712075, ""versil91_63cd5c4a_5a68_4c25_bd"": -0.9040834438818443}",cunghoctienganh_c1cf0152_7ae6,continuous_primal_dual_psd,6,17.72322363853453,17.72322363853453,0.0,"[1.0, 0.0, 0.0]",primal=Optimization terminated successfully; dual=outer=Optimization terminated successfully; inner=Optimization terminated successfully,1,-331.0543358182341,332.1676345624239,4.881241989135693,
magnitude_prune,triple,adammandic87_3d7a58a6_4380_4e3+laquythang_8444c3be_8779_4769+versil91_474890ea_012d_4a25_96,6.79576389629267,2.215161991119352,0,"[0.2, 0.2, 0.6]","[0.2, 0.2, 0.6]",0.0,"{""adammandic87_3d7a58a6_4380_4e3"": -1.809951853841322, ""laquythang_8444c3be_8779_4769"": -2.215161991119352, ""versil91_474890ea_012d_4a25_96"": -1.9500166893005044}",laquythang_8444c3be_8779_4769,continuous_primal_dual_psd,6,6.79576389629267,6.79576389629267,0.0,"[0.0, 0.0, 1.0]",primal=Optimization terminated successfully; dual=outer=Optimization terminated successfully; inner=Optimization terminated successfully,1,-36.44131770012486,36.44131770012486,5.34284879334347,
magnitude_prune,triple,datlaaaaaaa_cc1f8701_0976_4f48+duyphu_4909ad74_a335_4972_9ed8+nhung02_db2c9545_4607_487b_9cc,98.29835050850048,48.72085161209103,0,"[0.2000000000000134, 0.2111401211256066, 0.58885987887438]","[0.2, 0.6, 0.2]",64.16664123535156,"{""datlaaaaaaa_cc1f8701_0976_4f48"": -40.587833595275846, ""duyphu_4909ad74_a335_4972_9ed8"": -40.772107315063444, ""nhung02_db2c9545_4607_487b_9cc"": -48.72085161209103}",nhung02_db2c9545_4607_487b_9cc,continuous_primal_dual_psd,6,98.29835050850048,98.29835050849672,3.751665644813329e-12,"[0.206321771933491, 0.7936782280664351, 7.386939226836854e-14]",primal=Optimization terminated successfully; dual=outer=Optimization terminated successfully; inner=Optimization terminated successfully,1,-570.0223522640309,570.0223522640309,98.29835050849002,
magnitude_prune,triple,cunghoctienganh_b7496e73_1762+nhoxinh_2f944a50_cbd3_4334_af8+mrhungddddh_9b1deaac_4565_48f2,33.70410116328664,22.575011920928922,0,"[0.20000000000001422, 0.29475033333185907, 0.5052496666681268]","[0.2, 0.4, 0.4]",4.772710800170898,"{""cunghoctienganh_b7496e73_1762"": -20.188644599914518, ""mrhungddddh_9b1deaac_4565_48f2"": -0.17915077209469388, ""nhoxinh_2f944a50_cbd3_4334_af8"": -22.575011920928922}",nhoxinh_2f944a50_cbd3_4334_af8,continuous_primal_dual_psd,6,33.70410116328664,33.704101163268156,1.8481216557120206e-11,"[0.3544222500068362, 7.992710488890081e-13, 0.6455777499923646]",primal=Optimization terminated successfully; dual=outer=Optimization terminated successfully; inner=Optimization terminated successfully,1,-472.5373326087814,472.5373326087814,33.26855323845838,
magnitude_prune,triple,versil91_01a5620a_fb5f_4bab_94+phungkhaccuong_a992b7f5_9d18_c+mrhungddddh_fe499423_02f3_4cfd,1.8834408064358001,7.526925277709928,0,"[0.5926752561722016, 0.20732474382780236, 0.19999999999999596]","[0.4, 0.4, 0.2]",0.815129280090332,"{""mrhungddddh_fe499423_02f3_4cfd"": -6.429162693023649, ""phungkhaccuong_a992b7f5_9d18_c"": -7.526925277709928, ""versil91_01a5620a_fb5f_4bab_94"": -1.0571407162378386}",phungkhaccuong_a992b7f5_9d18_c,continuous_primal_dual_psd,6,1.8834408064358001,1.8834408064356294,1.7075230118734908e-13,"[1.6801270088863643e-16, 0.17107233730831709, 0.8289276626916828]",primal=Optimization terminated successfully; dual=outer=Optimization terminated successfully; inner=Optimization terminated successfully,1,-55.58171980863109,55.5817198086311,1.8834408064357908,
magnitude_prune,triple,thaffggg_8a78a9b2_d3fa_4615_b8+phungkhaccuong_731c6dec_a942_4+datlaaaaaaa_0dbe42c8_b07b_4785,54.13753099442031,19.554176998138395,0,"[0.2, 0.20000000000005483, 0.5999999999999451]","[0.2, 0.6, 0.2]",13.479757308959961,"{""datlaaaaaaa_0dbe42c8_b07b_4785"": -19.554176998138395, ""phungkhaccuong_731c6dec_a942_4"": -5.407129360800044, ""thaffggg_8a78a9b2_d3fa_4615_b8"": -11.67903251647946}",datlaaaaaaa_0dbe42c8_b07b_4785,continuous_primal_dual_psd,6,54.13753099442031,54.1375309944203,7.105427357601002e-15,"[0.9999999999999998, 0.0, 1.8849111581791752e-16]",primal=Optimization terminated successfully; dual=outer=Optimization terminated successfully; inner=Optimization terminated successfully,1,-469.3076936613868,469.30769366138674,38.09583492279069,
magnitude_prune,triple,nbninh_c4ae10ba_efe4_401e_8dd7+mrhunghd_9e58333c_df22_4a00_9c+adammandic87_f28f18cf_4abb_4db,20.336215969373626,1.381090354919401,0,"[0.2000000000000071, 0.20000000000000237, 0.5999999999999905]","[0.4, 0.2, 0.4]",2.9647469520568848,"{""adammandic87_f28f18cf_4abb_4db"": 3.3624976158142417, ""mrhunghd_9e58333c_df22_4a00_9c"": -1.381090354919401, ""nbninh_c4ae10ba_efe4_401e_8dd7"": 6.298121738433871}",mrhunghd_9e58333c_df22_4a00_9c,continuous_primal_dual_psd,6,20.336215969373626,20.336215969373626,0.0,"[1.0, 0.0, 0.0]",primal=Optimization terminated successfully; dual=outer=Optimization terminated successfully; inner=Optimization terminated successfully,1,-398.1401313023996,398.14013130239965,10.557952594756735,
magnitude_prune,triple,nbninh_c4ae10ba_efe4_401e_8dd7+nbninh_a1f78795_1b61_4923_9235+nblinh63_0eb73af3_0631_437a_ad,-6.351265239724043,9.980300140380827,0,"[0.600000000001635, 0.2, 0.19999999999836504]","[0.6, 0.2, 0.2]",0.0,"{""nblinh63_0eb73af3_0631_437a_ad"": -9.980300140380827, ""nbninh_a1f78795_1b61_4923_9235"": 5.180677700042757, ""nbninh_c4ae10ba_efe4_401e_8dd7"": 8.504554557800326}",nblinh63_0eb73af3_0631_437a_ad,continuous_primal_dual_psd,6,-6.351265239724043,-6.351265239724043,0.0,"[1.0, 0.0, 0.0]",primal=Optimization terminated successfully; dual=outer=Optimization terminated successfully; inner=Optimization terminated successfully,1,-58.11508124762194,58.11508124762194,-6.351265239724055,
magnitude_prune,triple,nbninh_0d8b128b_8753_46c3_b80f+versil91_121ef6e9_0ded_4fc3_8c+versil91_63cd5c4a_5a68_4c25_bd,8.276131820678685,8.853402805328336,0,"[0.2, 0.2, 0.6]","[0.2, 0.2, 0.6]",0.0,"{""nbninh_0d8b128b_8753_46c3_b80f"": -8.853402805328336, ""versil91_121ef6e9_0ded_4fc3_8c"": -8.242979717254606, ""versil91_63cd5c4a_5a68_4c25_bd"": -0.9244889856318116}",nbninh_0d8b128b_8753_46c3_b80f,continuous_primal_dual_psd,6,8.276131820678685,8.276131820678685,0.0,"[1.0, 0.0, 0.0]",primal=Optimization terminated successfully; dual=outer=Optimization terminated successfully; inner=Optimization terminated successfully,1,-219.59571279569286,219.6027596226503,2.4261399517875866,
magnitude_prune,triple,denbeo_d9ae91c0_fed9_4fb4_8ddd+nhoxinh_0c66c9c5_5cc2_46a8_9db+datlaaaaaaa_e8cccbe1_c136_409a,12.172353300490691,34.047892761230436,0,"[0.2, 0.2, 0.6]","[0.2, 0.2, 0.6]",0.0,"{""datlaaaaaaa_e8cccbe1_c136_409a"": -28.5409123420715, ""denbeo_d9ae91c0_fed9_4fb4_8ddd"": -29.790905189514127, ""nhoxinh_0c66c9c5_5cc2_46a8_9db"": -34.047892761230436}",nhoxinh_0c66c9c5_5cc2_46a8_9db,continuous_primal_dual_psd,6,12.172353300490691,12.172353300490691,0.0,"[1.0, 0.0, 0.0]",primal=Optimization terminated successfully; dual=outer=Optimization terminated successfully; inner=Optimization terminated successfully,1,-101.54162457855341,101.5416245785534,12.15834922790524,
magnitude_prune,triple,chauhoang_4909ad74_a335_4972_9+nhoxinh_2f944a50_cbd3_4334_af8+mrhunghd_9e58333c_df22_4a00_9c,20.085721512720568,16.453197669982877,0,"[0.20000000000000193, 0.21103010629334032, 0.5889698937066578]","[0.4, 0.2, 0.4]",8.451366424560547,"{""chauhoang_4909ad74_a335_4972_9"": -14.563635063171354, ""mrhunghd_9e58333c_df22_4a00_9c"": -16.453197669982877, ""nhoxinh_2f944a50_cbd3_4334_af8"": -16.230300140380827}",mrhunghd_9e58333c_df22_4a00_9c,continuous_primal_dual_psd,6,20.085721512720568,20.085721512716205,4.362732397567015e-12,"[1.962337877733936e-15, 0.586345607204597, 0.4136543927954009]",primal=Optimization terminated successfully; dual=outer=Optimization terminated successfully; inner=Optimization terminated successfully,1,-273.7511042482671,273.75908655728654,20.080252612298573,
magnitude_prune,triple,datlaaaaaaa_cc1f8701_0976_4f48+laquythang_8444c3be_8779_4769+thaffggg_8c87f3d3_d4bb_475a_a8,84.03331346511837,59.70568962097165,0,"[0.2, 0.2, 0.6]","[0.4, 0.2, 0.4]",2.580845355987549,"{""datlaaaaaaa_cc1f8701_0976_4f48"": -54.86668653488156, ""laquythang_8444c3be_8779_4769"": -51.52386732101437, ""thaffggg_8c87f3d3_d4bb_475a_a8"": -59.70568962097165}",thaffggg_8c87f3d3_d4bb_475a_a8,continuous_primal_dual_psd,6,84.03331346511837,84.03331346511837,0.0,"[1.0, 0.0, 0.0]",primal=Optimization terminated successfully; dual=outer=Optimization terminated successfully; inner=Optimization terminated successfully,1,-851.7366946643687,856.8356632505548,58.80898542404176,
magnitude_prune,triple,versil91_e9f26c47_9b78_4e3f_81+laquythang_efe15045_778f_4dfa+hongngo_9d92894f_7b7b_49e0_8f3,-1.2546427758641414,0.25882273743168194,0,"[0.4734895851037787, 0.25047218823296646, 0.27603822666325484]","[0.6, 0.2, 0.2]",3.0294147346312306,"{""hongngo_9d92894f_7b7b_49e0_8f3"": 8.79809551239017, ""laquythang_efe15045_778f_4dfa"": 2.7090757369995444, ""versil91_e9f26c47_9b78_4e3f_81"": -0.25882273743168194}",versil91_e9f26c47_9b78_4e3f_81,continuous_primal_dual_psd,6,-1.2546427758641414,-1.2546427758688425,4.701128375472763e-12,"[0.8827245748985979, 0.11727542510140199, 1.8235789130752342e-16]",primal=Optimization terminated successfully; dual=outer=Optimization terminated successfully; inner=Optimization terminated successfully,1,-94.5876812778646,94.5876812778646,-1.2546427758694665,
magnitude_prune,triple,adammandic87_3d7a58a6_4380_4e3+tuanna08go_7647f014_8af3_4266+nblinh63_0eb73af3_0631_437a_ad,2.132876320981273,1.9879608239880673,0,"[0.20000000000000234, 0.5191348783563464, 0.2808651216436513]","[0.2, 0.6, 0.2]",0.0,"{""adammandic87_3d7a58a6_4380_4e3"": -1.9879608239880673, ""nblinh63_0eb73af3_0631_437a_ad"": -0.46325035095211575, ""tuanna08go_7647f014_8af3_4266"": -1.0607501621211657}",adammandic87_3d7a58a6_4380_4e3,continuous_primal_dual_psd,6,2.132876320981273,2.132876320981273,0.0,"[1.0, 0.0, 0.0]",primal=Optimization terminated successfully; dual=outer=Optimization terminated successfully; inner=Optimization terminated successfully,1,-32.71111289180062,32.71111289180062,0.6692211487688466,
magnitude_prune,triple,thaffggg_8a78a9b2_d3fa_4615_b8+mrhungddddh_fe499423_02f3_4cfd+mrhunghddddd_d692685b_fdb4_477,99.96262639807007,65.19812650680538,0,"[0.3417981730089839, 0.2, 0.4582018269910161]","[0.6, 0.2, 0.2]",19.895827770233154,"{""mrhungddddh_fe499423_02f3_4cfd"": -65.19812650680538, ""mrhunghddddd_d692685b_fdb4_477"": -53.849056434631315, ""thaffggg_8a78a9b2_d3fa_4615_b8"": -42.963996601104704}",mrhungddddh_fe499423_02f3_4cfd,continuous_primal_dual_psd,6,99.96262639807007,99.96262639807007,0.0,"[1.0, 0.0, 0.0]",primal=Optimization terminated successfully; dual=outer=Optimization terminated successfully; inner=Optimization terminated successfully,1,-400.01148474915533,400.0114847491553,74.09494356051187,
magnitude_prune,triple,mrhungddddh_9b1deaac_4565_48f2+mrhungddddh_911f6275_22fd_4f41+datlaaaaaaa_0dbe42c8_b07b_4785,21.36603885890301,12.802282047271696,0,"[0.34880148226814567, 0.20000000000001755, 0.4511985177318367]","[0.2, 0.4, 0.4]",0.6060481071472168,"{""datlaaaaaaa_0dbe42c8_b07b_4785"": -12.679162693023649, ""mrhungddddh_911f6275_22fd_4f41"": -12.802282047271696, ""mrhungddddh_9b1deaac_4565_48f2"": -7.991662693023649}",mrhungddddh_911f6275_22fd_4f41,continuous_primal_dual_psd,6,21.36603885890301,21.366038858901277,1.7337242752546445e-12,"[0.459578232091865, 0.5404217679081346, 3.945910637984225e-16]",primal=Optimization terminated successfully; dual=outer=Optimization terminated successfully; inner=Optimization terminated successfully,1,-239.18637347411402,239.18637347411405,21.366038858903014,
magnitude_prune,triple,taronklm_trained_model+tuanna08go_6af2bb68_a65f_4331+versil91_474890ea_012d_4a25_96,-4.346956325985011,-0.6304555210244853,1,"[0.543109679481508, 0.2, 0.25689032051849203]","[0.6, 0.2, 0.2]",0.0,"{""taronklm_trained_model"": 0.6304555210244853, ""tuanna08go_6af2bb68_a65f_4331"": 25.43780498504642, ""versil91_474890ea_012d_4a25_96"": 76.57272510528567}",taronklm_trained_model,continuous_primal_dual_psd,6,-4.346956325985011,-4.346956325985011,0.0,"[0.0, 1.0, 0.0]",primal=Optimization terminated successfully; dual=outer=Optimization terminated successfully; inner=Optimization terminated successfully,1,-255.79635520896574,255.79635520896576,-4.368196160617168,
magnitude_prune,triple,cunghoctienganh_b7496e73_1762+phungkhaccuong_a992b7f5_9d18_c+adammandic87_f28f18cf_4abb_4db,16.42206625526703,12.859085273742643,0,"[0.20000000000000162, 0.20000000000000318, 0.5999999999999952]","[0.2, 0.2, 0.6]",0.0,"{""adammandic87_f28f18cf_4abb_4db"": -6.84582300186154, ""cunghoctienganh_b7496e73_1762"": -8.559849929809538, ""phungkhaccuong_a992b7f5_9d18_c"": -12.859085273742643}",phungkhaccuong_a992b7f5_9d18_c,continuous_primal_dual_psd,6,16.42206625526703,16.42206625526703,0.0,"[0.0, 0.0, 1.0]",primal=Optimization terminated successfully; dual=outer=Optimization terminated successfully; inner=Optimization terminated successfully,1,-65.24844632909551,65.24844632909551,13.825002384185737,
magnitude_prune,triple,lhong4759_f68c5c87_934d_4399_b+cunghoctienganh_c1cf0152_7ae6+phungkhaccuong_2b1522e6_bef2_7,9.700466958733056,16.22084684371945,0,"[0.2, 0.20000000000000215, 0.5999999999999979]","[0.2, 0.6, 0.2]",12.2916579246521,"{""cunghoctienganh_c1cf0152_7ae6"": -9.76250476837155, ""lhong4759_f68c5c87_934d_4399_b"": -16.22084684371945, ""phungkhaccuong_2b1522e6_bef2_7"": -2.6551277160644204}",lhong4759_f68c5c87_934d_4399_b,continuous_primal_dual_psd,6,9.700466958733056,9.700466958733056,0.0,"[0.0, 0.0, 1.0]",primal=Optimization terminated successfully; dual=outer=Optimization terminated successfully; inner=Optimization terminated successfully,1,-151.10887997257453,151.10887997257447,8.843949508666945,
