method,query_kind,adapters,predicted_score,heldout_score,feasible,predicted_weights,heldout_weights,coefficient_regret,margins,obstructing_tasks,certificate_type,grid_points,primal_upper,dual_lower,certificate_gap,dual_weights,certificate_message,psd_projected,quadratic_min_eigenvalue,quadratic_psd_adjustment,error,source_run,slice_id
dare_ties,pair,addition+modadd,40.81665621109847,14.45002861022946,0,"[0.29382127247634277, 0.7061787275236573]","[0.8, 0.2]",26.527738571166992,"{""addition"": -14.45002861022946, ""modadd"": -13.199999999999967}",addition,continuous_primal_dual_psd,4,40.81665621109847,40.81665621109847,0.0,"[0.06935660347796098, 0.9306433965220391]",primal=Optimization terminated successfully; dual=outer=Optimization terminated successfully; inner=Optimization terminated successfully,1,-312.4997019767762,312.4997019767762,,pythia410m_10x_licenseclean_contcert_20260504_dare_ties_20260504_deep6_licenseclean,pythia410m_10x_licenseclean_contcert_20260504
dare_ties,pair,addition+multiplication,7.325001430514639,9.449985694885221,0,"[0.20000000000001503, 0.799999999999985]","[0.2, 0.8]",0.0,"{""addition"": -1.9500286102294595, ""multiplication"": -9.449985694885221}",multiplication,continuous_primal_dual_psd,4,7.325001430514639,7.325001430514639,0.0,"[5.551115123125783e-17, 1.0]",primal=Optimization terminated successfully; dual=outer=Optimization terminated successfully; inner=Optimization terminated successfully,1,-531.2499403953553,531.2499403953553,,pythia410m_10x_licenseclean_contcert_20260504_dare_ties_20260504_deep6_licenseclean,pythia410m_10x_licenseclean_contcert_20260504
dare_ties,pair,addition+subtraction,24.325004291535407,14.45000476837155,0,"[0.20000000000002527, 0.7999999999999747]","[0.4, 0.6]",20.000028610229492,"{""addition"": -9.450033378601042, ""subtraction"": -14.45000476837155}",subtraction,continuous_primal_dual_psd,4,24.325004291535407,24.325004291535407,0.0,"[0.0, 1.0]",primal=Optimization terminated successfully; dual=outer=Optimization terminated successfully; inner=Optimization terminated successfully,1,-62.49994039535537,62.49994039535537,,pythia410m_10x_licenseclean_contcert_20260504_dare_ties_20260504_deep6_licenseclean,pythia410m_10x_licenseclean_contcert_20260504
dare_ties,pair,authors+addition,24.949978065490683,11.53332300186154,0,"[0.2, 0.8]","[0.8, 0.2]",14.166676998138428,"{""addition"": 5.5499761581421225, ""authors"": -11.53332300186154}",authors,continuous_primal_dual_psd,4,24.949978065490683,24.949978065490683,0.0,"[0.0, 1.0]",primal=Optimization terminated successfully; dual=outer=Optimization terminated successfully; inner=Optimization terminated successfully,1,-531.250238418579,531.250238418579,,pythia410m_10x_licenseclean_contcert_20260504_dare_ties_20260504_deep6_licenseclean,pythia410m_10x_licenseclean_contcert_20260504
dare_ties,pair,authors+modadd,39.31110925674437,18.755534362792936,0,"[0.2, 0.8]","[0.2, 0.8]",0.0,"{""authors"": -4.450002384185758, ""modadd"": -18.755534362792936}",modadd,continuous_primal_dual_psd,4,39.31110925674437,39.31110925674437,0.0,"[0.0, 1.0]",primal=Optimization terminated successfully; dual=outer=Optimization terminated successfully; inner=Optimization terminated successfully,1,-416.8526828289031,416.8526828289031,,pythia410m_10x_licenseclean_contcert_20260504_dare_ties_20260504_deep6_licenseclean,pythia410m_10x_licenseclean_contcert_20260504
dare_ties,pair,authors+multiplication,23.57502765655515,17.783334922790495,0,"[0.2, 0.8]","[0.8, 0.2]",0.4166603088378906,"{""authors"": -17.783334922790495, ""multiplication"": -1.9500047683715493}",authors,continuous_primal_dual_psd,4,23.57502765655515,23.57502765655515,0.0,"[0.0, 1.0]",primal=Optimization terminated successfully; dual=outer=Optimization terminated successfully; inner=Optimization terminated successfully,1,-171.87505960464478,171.87505960464478,,pythia410m_10x_licenseclean_contcert_20260504_dare_ties_20260504_deep6_licenseclean,pythia410m_10x_licenseclean_contcert_20260504
dare_ties,pair,authors+subtraction,23.450029563903783,20.075014305114713,0,"[0.2, 0.8]","[0.4, 0.6]",11.874961853027344,"{""authors"": -20.075014305114713, ""subtraction"": -8.20000476837155}",authors,continuous_primal_dual_psd,4,23.450029563903783,23.450029563903783,0.0,"[0.0, 1.0]",primal=Optimization terminated successfully; dual=outer=Optimization terminated successfully; inner=Optimization terminated successfully,1,-31.249821186065734,31.249821186065734,,pythia410m_10x_licenseclean_contcert_20260504_dare_ties_20260504_deep6_licenseclean,pythia410m_10x_licenseclean_contcert_20260504
dare_ties,pair,capitals+addition,-0.041002136752137375,-0.2444444444444432,1,"[0.5728205152828845, 0.42717948471711553]","[0.4, 0.6]",14.694473054673903,"{""addition"": 5.550000000000033, ""capitals"": 0.2444444444444432}",capitals,continuous_primal_dual_psd,4,-0.041002136752137375,-0.041002136752137375,0.0,"[1.0, 0.0]",primal=Optimization terminated successfully; dual=outer=Optimization terminated successfully; inner=Optimization terminated successfully,0,16.249999999999996,0.0,,pythia410m_10x_licenseclean_contcert_20260504_dare_ties_20260504_deep6_licenseclean,pythia410m_10x_licenseclean_contcert_20260504
dare_ties,pair,capitals+authors,16.595036458969094,10.074999999999967,0,"[0.7999999999999999, 0.20000000000000007]","[0.8, 0.2]",0.0,"{""authors"": -10.074999999999967, ""capitals"": 0.13333333333333208}",authors,continuous_primal_dual_psd,4,16.595036458969094,16.595036458969094,0.0,"[0.0, 1.0]",primal=Optimization terminated successfully; dual=outer=Optimization terminated successfully; inner=Optimization terminated successfully,1,-49.66497421264651,49.66497421264651,,pythia410m_10x_licenseclean_contcert_20260504_dare_ties_20260504_deep6_licenseclean,pythia410m_10x_licenseclean_contcert_20260504
dare_ties,pair,capitals+hemisphere,0.1333333333333334,-0.02222222222222096,1,"[0.2, 0.8]","[0.6, 0.4]",0.05555555555555555,"{""capitals"": 0.02222222222222096, ""hemisphere"": 0.034175541026542675}",capitals,continuous_primal_dual_psd,4,0.1333333333333334,0.1333333333333334,0.0,"[1.0, 0.0]",primal=Optimization terminated successfully; dual=outer=Optimization terminated successfully; inner=Optimization terminated successfully,1,-2.9687647521636507,2.9687647521636507,,pythia410m_10x_licenseclean_contcert_20260504_dare_ties_20260504_deep6_licenseclean,pythia410m_10x_licenseclean_contcert_20260504
dare_ties,pair,capitals+modadd,39.86666507720949,-0.07777777777777652,1,"[0.20000000000000062, 0.7999999999999994]","[0.8, 0.2]",29.94445239173038,"{""capitals"": 0.07777777777777652, ""modadd"": 11.800023841857943}",capitals,continuous_primal_dual_psd,4,39.86666507720949,39.86666507720949,0.0,"[0.0, 1.0]",primal=Optimization terminated successfully; dual=outer=Optimization terminated successfully; inner=Optimization terminated successfully,1,-190.97179174423212,190.97179174423212,,pythia410m_10x_licenseclean_contcert_20260504_dare_ties_20260504_deep6_licenseclean,pythia410m_10x_licenseclean_contcert_20260504
dare_ties,pair,capitals+multiplication,23.82503337860105,11.949971389770475,0,"[0.2, 0.8]","[0.8, 0.2]",6.25002384185791,"{""capitals"": -0.2555555555555568, ""multiplication"": -11.949971389770475}",multiplication,continuous_primal_dual_psd,4,23.82503337860105,23.82503337860105,0.0,"[0.0, 1.0]",primal=Optimization terminated successfully; dual=outer=Optimization terminated successfully; inner=Optimization terminated successfully,1,-234.37499999999997,234.37499999999997,,pythia410m_10x_licenseclean_contcert_20260504_dare_ties_20260504_deep6_licenseclean,pythia410m_10x_licenseclean_contcert_20260504
dare_ties,pair,capitals+nli,-0.46414568919317745,0.4222222222222235,0,"[0.47268723120804396, 0.5273127687919561]","[0.8, 0.2]",8.462306128607821,"{""capitals"": -0.4222222222222235, ""nli"": 0.044056701660188935}",capitals,continuous_primal_dual_psd,4,-0.46414568919317745,-0.46414568922669885,3.35214078717172e-11,"[0.9866991555506948, 0.013300844449305295]",primal=Optimization terminated successfully; dual=outer=Optimization terminated successfully; inner=Optimization terminated successfully,0,13.333333333333332,0.0,,pythia410m_10x_licenseclean_contcert_20260504_dare_ties_20260504_deep6_licenseclean,pythia410m_10x_licenseclean_contcert_20260504
dare_ties,pair,capitals+subtraction,23.825009536743142,1.3111111111111124,0,"[0.2, 0.8]","[0.8, 0.2]",25.638893657260436,"{""capitals"": -1.3111111111111124, ""subtraction"": -0.6999761581420572}",capitals,continuous_primal_dual_psd,4,23.825009536743142,23.825009536743142,0.0,"[0.0, 1.0]",primal=Optimization terminated successfully; dual=outer=Optimization terminated successfully; inner=Optimization terminated successfully,1,-156.2497019767762,156.2497019767762,,pythia410m_10x_licenseclean_contcert_20260504_dare_ties_20260504_deep6_licenseclean,pythia410m_10x_licenseclean_contcert_20260504
dare_ties,pair,hemisphere+addition,23.57500381469724,20.70002861022946,0,"[0.2, 0.8]","[0.8, 0.2]",4.999995231628418,"{""addition"": -20.70002861022946, ""hemisphere"": -0.39620289471714276}",addition,continuous_primal_dual_psd,4,23.57500381469724,23.57500381469724,0.0,"[0.0, 1.0]",primal=Optimization terminated successfully; dual=outer=Optimization terminated successfully; inner=Optimization terminated successfully,1,-218.74934434890758,218.74934434890758,,pythia410m_10x_licenseclean_contcert_20260504_dare_ties_20260504_deep6_licenseclean,pythia410m_10x_licenseclean_contcert_20260504
dare_ties,pair,hemisphere+authors,0.5799836374259364,0.49164600372311185,0,"[0.5892615069546684, 0.4107384930453316]","[0.6, 0.4]",0.0,"{""authors"": -0.49164600372311185, ""hemisphere"": 0.9455684503558944}",authors,continuous_primal_dual_psd,4,0.5799836374259364,0.5799836374095355,1.6400880653577588e-11,"[0.9645158092683106, 0.03548419073168942]",primal=Optimization terminated successfully; dual=outer=Optimization terminated successfully; inner=Optimization terminated successfully,1,-7.812509834775766,7.812509834775766,,pythia410m_10x_licenseclean_contcert_20260504_dare_ties_20260504_deep6_licenseclean,pythia410m_10x_licenseclean_contcert_20260504
dare_ties,pair,hemisphere+modadd,31.394410800933812,-0.6164573098539161,1,"[0.2, 0.8]","[0.8, 0.2]",27.705340900552127,"{""hemisphere"": 0.6164573098539161, ""modadd"": 7.633325386047396}",hemisphere,continuous_primal_dual_psd,4,31.394410800933812,31.394410800933812,0.0,"[0.0, 1.0]",primal=Optimization terminated successfully; dual=outer=Optimization terminated successfully; inner=Optimization terminated successfully,1,-208.33313465118414,208.33313465118414,,pythia410m_10x_licenseclean_contcert_20260504_dare_ties_20260504_deep6_licenseclean,pythia410m_10x_licenseclean_contcert_20260504
dare_ties,pair,hemisphere+multiplication,1.825032901770598,9.449985694885221,0,"[0.20000000000003604, 0.799999999999964]","[0.2, 0.8]",0.0,"{""hemisphere"": -2.624049926938917, ""multiplication"": -9.449985694885221}",multiplication,continuous_primal_dual_psd,4,1.825032901770598,1.825032901770598,0.0,"[0.0, 1.0]",primal=Optimization terminated successfully; dual=outer=Optimization terminated successfully; inner=Optimization terminated successfully,1,-281.2504768371582,281.2504768371582,,pythia410m_10x_licenseclean_contcert_20260504_dare_ties_20260504_deep6_licenseclean,pythia410m_10x_licenseclean_contcert_20260504
dare_ties,pair,hemisphere+nli,15.235582065582758,6.503585052490202,0,"[0.20000000000000595, 0.799999999999994]","[0.2, 0.8]",0.0,"{""hemisphere"": 0.33797264630940943, ""nli"": -6.503585052490202}",nli,continuous_primal_dual_psd,4,15.235582065582758,15.235582065582758,0.0,"[0.0, 1.0]",primal=Optimization terminated successfully; dual=outer=Optimization terminated successfully; inner=Optimization terminated successfully,1,-180.4898679256439,180.4898679256439,,pythia410m_10x_licenseclean_contcert_20260504_dare_ties_20260504_deep6_licenseclean,pythia410m_10x_licenseclean_contcert_20260504
dare_ties,pair,hemisphere+subtraction,13.697158810126751,4.449990463256803,0,"[0.42727275249381863, 0.5727272475061813]","[0.6, 0.4]",11.249995231628418,"{""hemisphere"": -0.5354396493067657, ""subtraction"": -4.449990463256803}",subtraction,continuous_primal_dual_psd,4,13.697158810126751,13.697158810126751,0.0,"[0.0, 1.0]",primal=Optimization terminated successfully; dual=outer=Optimization terminated successfully; inner=Optimization terminated successfully,0,7.96872541306058,0.0,,pythia410m_10x_licenseclean_contcert_20260504_dare_ties_20260504_deep6_licenseclean,pythia410m_10x_licenseclean_contcert_20260504
dare_ties,pair,multiplication+modadd,27.08887643814112,14.58890743255612,0,"[0.20000000000000423, 0.7999999999999958]","[0.2, 0.8]",0.0,"{""modadd"": -14.58890743255612, ""multiplication"": -0.6999761581420572}",modadd,continuous_primal_dual_psd,4,27.08887643814112,27.08887643814112,0.0,"[0.0, 1.0]",primal=Optimization terminated successfully; dual=outer=Optimization terminated successfully; inner=Optimization terminated successfully,1,-104.16716337203992,104.16716337203992,,pythia410m_10x_licenseclean_contcert_20260504_dare_ties_20260504_deep6_licenseclean,pythia410m_10x_licenseclean_contcert_20260504
dare_ties,pair,nli+addition,16.07498712540267,18.200019073486295,0,"[0.20000000000004156, 0.7999999999999584]","[0.8, 0.2]",10.000014305114746,"{""addition"": -18.200019073486295, ""nli"": -9.926202964782682}",addition,continuous_primal_dual_psd,4,16.07498712540267,16.07498712540267,0.0,"[0.0, 1.0]",primal=Optimization terminated successfully; dual=outer=Optimization terminated successfully; inner=Optimization terminated successfully,1,-296.87494039535517,296.87494039535517,,pythia410m_10x_licenseclean_contcert_20260504_dare_ties_20260504_deep6_licenseclean,pythia410m_10x_licenseclean_contcert_20260504
dare_ties,pair,nli+authors,-0.15052289241539007,8.40832300186154,0,"[0.5322200232469414, 0.4677799767530586]","[0.6, 0.4]",0.0,"{""authors"": -8.40832300186154, ""nli"": 5.103585052490267}",authors,continuous_primal_dual_psd,4,-0.15052289241539007,-0.15052289241647396,1.0838829833659247e-12,"[0.5733061894892879, 0.42669381051071215]",primal=Optimization terminated successfully; dual=outer=Optimization terminated successfully; inner=Optimization terminated successfully,1,-35.156160593032794,35.156160593032794,,pythia410m_10x_licenseclean_contcert_20260504_dare_ties_20260504_deep6_licenseclean,pythia410m_10x_licenseclean_contcert_20260504
dare_ties,pair,nli+modadd,17.019433450698827,10.422185134887663,0,"[0.8, 0.19999999999999996]","[0.8, 0.2]",0.0,"{""modadd"": -10.422185134887663, ""nli"": 3.4666746139526694}",modadd,continuous_primal_dual_psd,4,17.019433450698827,17.019433450698827,0.0,"[0.0, 1.0]",primal=Optimization terminated successfully; dual=outer=Optimization terminated successfully; inner=Optimization terminated successfully,0,17.36134290695181,0.0,,pythia410m_10x_licenseclean_contcert_20260504_dare_ties_20260504_deep6_licenseclean,pythia410m_10x_licenseclean_contcert_20260504
dare_ties,pair,nli+multiplication,3.2000190734862812,5.699995231628385,0,"[0.2, 0.8]","[0.4, 0.6]",1.2500286102294922,"{""multiplication"": -5.699995231628385, ""nli"": 0.044056701660188935}",multiplication,continuous_primal_dual_psd,4,3.2000190734862812,3.2000190734862812,0.0,"[0.0, 1.0]",primal=Optimization terminated successfully; dual=outer=Optimization terminated successfully; inner=Optimization terminated successfully,1,-281.24988079071045,281.24988079071045,,pythia410m_10x_licenseclean_contcert_20260504_dare_ties_20260504_deep6_licenseclean,pythia410m_10x_licenseclean_contcert_20260504
dare_ties,pair,nli+subtraction,22.01254553794859,18.200019073486295,0,"[0.8, 0.19999999999999996]","[0.8, 0.2]",0.0,"{""nli"": -14.53928060531613, ""subtraction"": -18.200019073486295}",subtraction,continuous_primal_dual_psd,4,22.01254553794859,22.01254553794859,0.0,"[0.0, 1.0]",primal=Optimization terminated successfully; dual=outer=Optimization terminated successfully; inner=Optimization terminated successfully,0,15.625059604644814,0.0,,pythia410m_10x_licenseclean_contcert_20260504_dare_ties_20260504_deep6_licenseclean,pythia410m_10x_licenseclean_contcert_20260504
dare_ties,pair,population+addition,18.648215007781957,-2.7595727920532553,1,"[0.2, 0.8]","[0.8, 0.2]",19.70961093902588,"{""addition"": 4.2999713897705405, ""population"": 2.7595727920532553}",population,continuous_primal_dual_psd,4,18.648215007781957,18.648215007781957,0.0,"[1.0, 0.0]",primal=Optimization terminated successfully; dual=outer=Optimization terminated successfully; inner=Optimization terminated successfully,1,-110.08471250534065,110.08471250534065,,pythia410m_10x_licenseclean_contcert_20260504_dare_ties_20260504_deep6_licenseclean,pythia410m_10x_licenseclean_contcert_20260504
dare_ties,pair,population+authors,5.845089382108329,9.241667461395231,0,"[0.49530830449589863, 0.5046916955041014]","[0.6, 0.4]",8.333349227905273,"{""authors"": -9.241667461395231, ""population"": 13.466641235351595}",authors,continuous_primal_dual_psd,4,5.845089382108329,5.845089382108329,0.0,"[1.0, 0.0]",primal=Optimization terminated successfully; dual=outer=Optimization terminated successfully; inner=Optimization terminated successfully,0,54.12936210632319,0.0,,pythia410m_10x_licenseclean_contcert_20260504_dare_ties_20260504_deep6_licenseclean,pythia410m_10x_licenseclean_contcert_20260504
dare_ties,pair,population+capitals,1.864280117554383,-1.6888888888888876,1,"[0.5847500529151974, 0.41524994708480256]","[0.6, 0.4]",0.0,"{""capitals"": 1.6888888888888876, ""population"": 2.6585548400879233}",capitals,continuous_primal_dual_psd,4,1.864280117554383,1.864280117554383,0.0,"[1.0, 5.551115123125783e-17]",primal=Optimization terminated successfully; dual=outer=Optimization terminated successfully; inner=Optimization terminated successfully,0,2.9166666666666705,0.0,,pythia410m_10x_licenseclean_contcert_20260504_dare_ties_20260504_deep6_licenseclean,pythia410m_10x_licenseclean_contcert_20260504
dare_ties,pair,population+hemisphere,2.8559343794262624,0.26961837729482097,0,"[0.5662826034732289, 0.4337173965267711]","[0.2, 0.8]",0.7721513742974743,"{""hemisphere"": -0.26961837729482097, ""population"": 5.512091445922884}",hemisphere,continuous_primal_dual_psd,4,2.8559343794262624,2.855934309332287,7.009397551271945e-08,"[0.42614103502426837, 0.5738589649757316]",primal=Positive directional derivative for linesearch; dual=outer=Optimization terminated successfully; inner=Optimization terminated successfully,1,-9.218725413060586,9.218725413060586,,pythia410m_10x_licenseclean_contcert_20260504_dare_ties_20260504_deep6_licenseclean,pythia410m_10x_licenseclean_contcert_20260504
dare_ties,pair,population+modadd,21.218160176408187,6.255534362792936,0,"[0.41432079795599536, 0.5856792020440047]","[0.6, 0.4]",10.606098175048828,"{""modadd"": -6.255534362792936, ""population"": -5.447509956359831}",modadd,continuous_primal_dual_psd,4,21.218160176408187,21.218160176399834,8.352429858859978e-12,"[0.5975524109594617, 0.40244758904053834]",primal=Optimization terminated successfully; dual=outer=Optimization terminated successfully; inner=Optimization terminated successfully,1,-64.51159715652467,64.51159715652467,,pythia410m_10x_licenseclean_contcert_20260504_dare_ties_20260504_deep6_licenseclean,pythia410m_10x_licenseclean_contcert_20260504
dare_ties,pair,population+multiplication,11.50185842276371,-0.5500047683716147,1,"[0.3233332294707792, 0.6766667705292209]","[0.8, 0.2]",8.749985694885254,"{""multiplication"": 0.5500047683716147, ""population"": 1.8504827499389975}",multiplication,continuous_primal_dual_psd,4,11.50185842276371,11.501858391450451,3.1313259540866056e-08,"[0.8828022643742507, 0.11719773562574928]",primal=Positive directional derivative for linesearch; dual=outer=Optimization terminated successfully; inner=Optimization terminated successfully,1,-45.96740007400512,45.96740007400512,,pythia410m_10x_licenseclean_contcert_20260504_dare_ties_20260504_deep6_licenseclean,pythia410m_10x_licenseclean_contcert_20260504
dare_ties,pair,population+nli,9.859252643585172,-5.991884994506869,1,"[0.2, 0.8]","[0.8, 0.2]",9.965705871582031,"{""nli"": 16.41310148239139, ""population"": 5.991884994506869}",population,continuous_primal_dual_psd,4,9.859252643585172,9.859252643585172,0.0,"[0.0, 1.0]",primal=Optimization terminated successfully; dual=outer=Optimization terminated successfully; inner=Optimization terminated successfully,1,-252.32791900634763,252.32791900634763,,pythia410m_10x_licenseclean_contcert_20260504_dare_ties_20260504_deep6_licenseclean,pythia410m_10x_licenseclean_contcert_20260504
dare_ties,pair,population+subtraction,17.950010967255043,9.450009536743131,0,"[0.2000000000000086, 0.7999999999999914]","[0.8, 0.2]",10.000014305114746,"{""population"": 5.486842918396029, ""subtraction"": -9.450009536743131}",subtraction,continuous_primal_dual_psd,4,17.950010967255043,17.950010967255043,0.0,"[0.0, 1.0]",primal=Optimization terminated successfully; dual=outer=Optimization terminated successfully; inner=Optimization terminated successfully,1,-109.3748211860657,109.3748211860657,,pythia410m_10x_licenseclean_contcert_20260504_dare_ties_20260504_deep6_licenseclean,pythia410m_10x_licenseclean_contcert_20260504
dare_ties,pair,sciq+addition,17.574990463256785,10.700038146972624,0,"[0.2, 0.8]","[0.8, 0.2]",11.249971389770508,"{""addition"": -10.700038146972624, ""sciq"": -0.6865973680112968}",addition,continuous_primal_dual_psd,4,17.574990463256785,17.574990463256785,0.0,"[0.0, 1.0]",primal=Optimization terminated successfully; dual=outer=Optimization terminated successfully; inner=Optimization terminated successfully,1,-406.25035762786877,406.25035762786877,,pythia410m_10x_licenseclean_contcert_20260504_dare_ties_20260504_deep6_licenseclean,pythia410m_10x_licenseclean_contcert_20260504
dare_ties,pair,sciq+authors,-1.0035904411662955,11.324992847442594,0,"[0.5648436597380059, 0.4351563402619941]","[0.4, 0.6]",3.5416722297668457,"{""authors"": -11.324992847442594, ""sciq"": 0.6565684279478328}",authors,continuous_primal_dual_psd,4,-1.0035904411662955,-1.0035904411675705,1.2749801214795298e-12,"[0.5249269220358211, 0.47507307796417886]",primal=Optimization terminated successfully; dual=outer=Optimization terminated successfully; inner=Optimization terminated successfully,0,30.067676188596806,0.0,,pythia410m_10x_licenseclean_contcert_20260504_dare_ties_20260504_deep6_licenseclean,pythia410m_10x_licenseclean_contcert_20260504
dare_ties,pair,sciq+capitals,0.23833333333333334,0.033333333333334596,0,"[0.20000000000000104, 0.7999999999999989]","[0.4, 0.6]",0.4444444444444444,"{""capitals"": -0.033333333333334596, ""sciq"": 0.39115314609094376}",capitals,continuous_primal_dual_psd,4,0.23833333333333334,0.23833333333333334,0.0,"[0.0, 1.0]",primal=Optimization terminated successfully; dual=outer=Optimization terminated successfully; inner=Optimization terminated successfully,1,-7.432493926877565,7.432493926877565,,pythia410m_10x_licenseclean_contcert_20260504_dare_ties_20260504_deep6_licenseclean,pythia410m_10x_licenseclean_contcert_20260504
dare_ties,pair,sciq+hemisphere,-0.765001101494887,-0.7936730846759642,1,"[0.2, 0.8]","[0.2, 0.8]",0.0,"{""hemisphere"": 0.7936730846759642, ""sciq"": 1.4554978066760806}",hemisphere,continuous_primal_dual_psd,4,-0.765001101494887,-0.765001101494887,0.0,"[0.0, 1.0]",primal=Optimization terminated successfully; dual=outer=Optimization terminated successfully; inner=Optimization terminated successfully,1,-7.187450826121167,7.187450826121167,,pythia410m_10x_licenseclean_contcert_20260504_dare_ties_20260504_deep6_licenseclean,pythia410m_10x_licenseclean_contcert_20260504
dare_ties,pair,sciq+modadd,9.824624586307664,3.4777671813964517,0,"[0.7622211387922108, 0.23777886120778924]","[0.8, 0.2]",0.0,"{""modadd"": -3.4777671813964517, ""sciq"": 0.6726545930941169}",modadd,continuous_primal_dual_psd,4,9.824624586307664,9.824624586307664,0.0,"[0.0, 1.0]",primal=Optimization terminated successfully; dual=outer=Optimization terminated successfully; inner=Optimization terminated successfully,0,23.310817132669662,0.0,,pythia410m_10x_licenseclean_contcert_20260504_dare_ties_20260504_deep6_licenseclean,pythia410m_10x_licenseclean_contcert_20260504
dare_ties,pair,sciq+multiplication,-0.9329220313440025,9.450009536743131,0,"[0.39160056534306575, 0.6083994346569342]","[0.4, 0.6]",0.0,"{""multiplication"": -9.450009536743131, ""sciq"": 0.9568363517264707}",multiplication,continuous_primal_dual_psd,4,-0.9329220313440025,-0.9329220313526921,8.689604591438638e-12,"[0.9911136236162158, 0.008886376383784221]",primal=Optimization terminated successfully; dual=outer=Optimization terminated successfully; inner=Optimization terminated successfully,0,2.1264434296998004e-05,0.0,,pythia410m_10x_licenseclean_contcert_20260504_dare_ties_20260504_deep6_licenseclean,pythia410m_10x_licenseclean_contcert_20260504
dare_ties,pair,sciq+nli,5.713294044714647,2.0392925262450845,0,"[0.4959368133019369, 0.5040631866980632]","[0.8, 0.2]",3.4225940704345703,"{""nli"": -2.0392925262450845, ""sciq"": -0.26836459110750777}",nli,continuous_primal_dual_psd,4,5.713294044714647,5.713294044714647,0.0,"[0.0, 1.0]",primal=Optimization terminated successfully; dual=outer=Optimization terminated successfully; inner=Optimization terminated successfully,1,-7.263547996379945,7.263547996379945,,pythia410m_10x_licenseclean_contcert_20260504_dare_ties_20260504_deep6_licenseclean,pythia410m_10x_licenseclean_contcert_20260504
dare_ties,pair,sciq+population,1.4556164105029836,-0.592225915048296,1,"[0.4348491389556113, 0.5651508610443887]","[0.8, 0.2]",0.05630050416919463,"{""population"": 7.10298709869388, ""sciq"": 0.592225915048296}",sciq,continuous_primal_dual_psd,4,1.4556164105029836,1.4556164105029836,0.0,"[0.0, 1.0]",primal=Optimization terminated successfully; dual=outer=Optimization terminated successfully; inner=Optimization terminated successfully,0,0.5067527337556762,0.0,,pythia410m_10x_licenseclean_contcert_20260504_dare_ties_20260504_deep6_licenseclean,pythia410m_10x_licenseclean_contcert_20260504
dare_ties,pair,sciq+subtraction,25.075011920928926,3.199985694885221,0,"[0.2, 0.8]","[0.8, 0.2]",17.500019073486328,"{""sciq"": 1.2490622667747668, ""subtraction"": -3.199985694885221}",subtraction,continuous_primal_dual_psd,4,25.075011920928926,25.075011920928926,0.0,"[0.0, 1.0]",primal=Optimization terminated successfully; dual=outer=Optimization terminated successfully; inner=Optimization terminated successfully,1,-312.50029802322376,312.50029802322376,,pythia410m_10x_licenseclean_contcert_20260504_dare_ties_20260504_deep6_licenseclean,pythia410m_10x_licenseclean_contcert_20260504
dare_ties,pair,subtraction+modadd,18.547222089767413,2.0888835906982095,0,"[0.8, 0.19999999999999996]","[0.4, 0.6]",2.361130714416504,"{""modadd"": -2.0888835906982095, ""subtraction"": 19.299980926513705}",modadd,continuous_primal_dual_psd,4,18.547222089767413,18.547222089767413,0.0,"[0.0, 1.0]",primal=Optimization terminated successfully; dual=outer=Optimization terminated successfully; inner=Optimization terminated successfully,0,52.08343267440786,0.0,,pythia410m_10x_licenseclean_contcert_20260504_dare_ties_20260504_deep6_licenseclean,pythia410m_10x_licenseclean_contcert_20260504
dare_ties,pair,subtraction+multiplication,23.762522411346435,4.449990463256803,0,"[0.8, 0.19999999999999996]","[0.8, 0.2]",0.0,"{""multiplication"": -4.449990463256803, ""subtraction"": -1.9500047683715493}",multiplication,continuous_primal_dual_psd,4,23.762522411346435,23.762522411346435,0.0,"[1.0, 0.0]",primal=Optimization terminated successfully; dual=outer=Optimization terminated successfully; inner=Optimization terminated successfully,1,-78.12500000000011,78.12500000000011,,pythia410m_10x_licenseclean_contcert_20260504_dare_ties_20260504_deep6_licenseclean,pythia410m_10x_licenseclean_contcert_20260504
dare_ties,triple,addition+multiplication+modadd,42.36669845583654,20.144465637207,0,"[0.20000000000007848, 0.20000000000001789, 0.5999999999999036]","[0.2, 0.6, 0.2]",0.5555391311645508,"{""addition"": -1.9500047683715493, ""modadd"": -20.144465637207, ""multiplication"": -10.699990463256803}",modadd,continuous_primal_dual_psd,6,42.36669845583654,42.36669845583654,0.0,"[0.0, 0.0, 1.0]",primal=Optimization terminated successfully; dual=outer=Optimization terminated successfully; inner=Optimization terminated successfully,1,-708.4421095773564,755.9564144654809,,pythia410m_10x_licenseclean_contcert_20260504_dare_ties_20260504_deep6_licenseclean,pythia410m_10x_licenseclean_contcert_20260504
dare_ties,triple,addition+subtraction+modadd,25.999195866324214,9.03334922790524,0,"[0.21688617885758069, 0.2, 0.5831138211424193]","[0.2, 0.2, 0.6]",0.0,"{""addition"": -8.20000476837155, ""modadd"": -9.03334922790524, ""subtraction"": 4.2999713897705405}",modadd,continuous_primal_dual_psd,6,25.999195866324214,25.9991946508256,1.2154986137602464e-06,"[3.957762714684122e-19, 0.7765967975419013, 0.22340320245809878]",primal=Optimization terminated successfully; dual=outer=Optimization terminated successfully; inner=Optimization terminated successfully,1,-815.9622428859602,815.9622428859602,,pythia410m_10x_licenseclean_contcert_20260504_dare_ties_20260504_deep6_licenseclean,pythia410m_10x_licenseclean_contcert_20260504
dare_ties,triple,addition+subtraction+multiplication,18.199995231609442,25.699976158142057,0,"[0.20000000000000007, 0.3999996821170345, 0.4000003178829654]","[0.2, 0.4, 0.4]",0.0,"{""addition"": -10.700038146972624, ""multiplication"": -25.699976158142057, ""subtraction"": -16.949990463256803}",multiplication,continuous_primal_dual_psd,6,18.199995231609442,18.199995231609442,0.0,"[0.0, 1.0, 0.0]",primal=Optimization terminated successfully; dual=outer=Optimization terminated successfully; inner=Optimization terminated successfully,1,-581.4001674118176,581.4001674118176,,pythia410m_10x_licenseclean_contcert_20260504_dare_ties_20260504_deep6_licenseclean,pythia410m_10x_licenseclean_contcert_20260504
dare_ties,triple,authors+addition+modadd,51.10254376407968,11.325016689300504,0,"[0.2, 0.2, 0.6]","[0.6, 0.2, 0.2]",19.3750262260437,"{""addition"": -9.450033378601042, ""authors"": -11.325016689300504, ""modadd"": -0.6999999999999673}",authors,continuous_primal_dual_psd,6,51.10254376407968,51.10254376407968,0.0,"[0.0, 0.0, 1.0]",primal=Optimization terminated successfully; dual=outer=Optimization terminated successfully; inner=Optimization terminated successfully,1,-1015.7600899101994,1015.7600899101996,,pythia410m_10x_licenseclean_contcert_20260504_dare_ties_20260504_deep6_licenseclean,pythia410m_10x_licenseclean_contcert_20260504
dare_ties,triple,authors+addition+multiplication,10.702421594858492,15.700033378601042,0,"[0.35535848271682163, 0.20000000000000198, 0.44464151728317636]","[0.2, 0.4, 0.4]",9.999942779541016,"{""addition"": -15.700033378601042, ""authors"": -3.8250119209289224, ""multiplication"": -10.699966621398893}",addition,continuous_primal_dual_psd,6,10.702421594858492,10.70242159485835,1.4210854715202004e-13,"[0.0, 0.19259198331465968, 0.8074080166853403]",primal=Optimization terminated successfully; dual=outer=Optimization terminated successfully; inner=Optimization terminated successfully,1,-475.14394626265516,475.1439462626551,,pythia410m_10x_licenseclean_contcert_20260504_dare_ties_20260504_deep6_licenseclean,pythia410m_10x_licenseclean_contcert_20260504
dare_ties,triple,authors+addition+subtraction,37.539737873144205,8.616676998138395,0,"[0.4524628256812191, 0.2, 0.34753717431878095]","[0.6, 0.2, 0.2]",14.583337306976318,"{""addition"": -8.20002861022946, ""authors"": -8.616676998138395, ""subtraction"": 3.0499904632568686}",authors,continuous_primal_dual_psd,6,37.539737873144205,37.539737873144205,0.0,"[0.0, 0.0, 1.0]",primal=Optimization terminated successfully; dual=outer=Optimization terminated successfully; inner=Optimization terminated successfully,1,-381.7296347474211,381.7296347474211,,pythia410m_10x_licenseclean_contcert_20260504_dare_ties_20260504_deep6_licenseclean,pythia410m_10x_licenseclean_contcert_20260504
dare_ties,triple,authors+multiplication+modadd,22.324135091917952,9.449985694885221,0,"[0.29635016612314913, 0.2000000000001209, 0.50364983387673]","[0.6, 0.2, 0.2]",2.500009536743164,"{""authors"": -0.4916817665099771, ""modadd"": -0.6999999999999673, ""multiplication"": -9.449985694885221}",multiplication,continuous_primal_dual_psd,6,22.324135091917952,22.324135091900054,1.7898571513796924e-11,"[0.0, 0.3965256612492563, 0.6034743387507436]",primal=Optimization terminated successfully; dual=outer=Optimization terminated successfully; inner=Optimization terminated successfully,1,-360.75930277616544,360.7593027761655,,pythia410m_10x_licenseclean_contcert_20260504_dare_ties_20260504_deep6_licenseclean,pythia410m_10x_licenseclean_contcert_20260504
dare_ties,triple,authors+subtraction+modadd,38.588053962629935,10.422208976745573,0,"[0.2, 0.229247956487774, 0.570752043512226]","[0.4, 0.2, 0.4]",19.02778148651123,"{""authors"": -3.4083396911620767, ""modadd"": -10.422208976745573, ""subtraction"": -5.700019073486295}",modadd,continuous_primal_dual_psd,6,38.588053962629935,38.58805396231885,3.1108271514312946e-10,"[0.23578385629254633, 5.792219105940169e-14, 0.7642161437073958]",primal=Optimization terminated successfully; dual=outer=Optimization terminated successfully; inner=Optimization terminated successfully,1,-833.2750454623745,833.3719332160317,,pythia410m_10x_licenseclean_contcert_20260504_dare_ties_20260504_deep6_licenseclean,pythia410m_10x_licenseclean_contcert_20260504
dare_ties,triple,authors+subtraction+multiplication,45.23737737386746,13.200023841857877,0,"[0.2649903428632864, 0.20000000000000012, 0.5350096571367136]","[0.2, 0.6, 0.2]",2.4999618530273438,"{""authors"": 12.008330154418978, ""multiplication"": -10.699990463256803, ""subtraction"": -13.200023841857877}",subtraction,continuous_primal_dual_psd,6,45.23737737386746,45.23737737386105,6.409095476556104e-12,"[0.0, 0.9999999999996207, 3.793532409138298e-13]",primal=Optimization terminated successfully; dual=outer=Optimization terminated successfully; inner=Optimization terminated successfully,1,-1142.832522166121,1142.8325221661212,,pythia410m_10x_licenseclean_contcert_20260504_dare_ties_20260504_deep6_licenseclean,pythia410m_10x_licenseclean_contcert_20260504
dare_ties,triple,capitals+addition+modadd,21.795884892776396,10.700038146972624,0,"[0.21450699470852674, 0.20000000000000398, 0.5854930052914693]","[0.4, 0.2, 0.4]",13.749980926513672,"{""addition"": -10.700038146972624, ""capitals"": -0.477777777777779, ""modadd"": -7.644417953491178}",addition,continuous_primal_dual_psd,6,21.795884892776396,21.795884887951136,4.825260191410052e-09,"[0.0, 0.5526124196439556, 0.44738758035604437]",primal=Positive directional derivative for linesearch; dual=outer=Optimization terminated successfully; inner=Optimization terminated successfully,1,-422.3089648770354,422.30896487703546,,pythia410m_10x_licenseclean_contcert_20260504_dare_ties_20260504_deep6_licenseclean,pythia410m_10x_licenseclean_contcert_20260504
dare_ties,triple,capitals+addition+multiplication,29.27827165649464,1.9499809265136392,0,"[0.2, 0.3116703328677962, 0.4883296671322037]","[0.6, 0.2, 0.2]",22.500014305114746,"{""addition"": 8.049985694885287, ""capitals"": -1.2555555555555569, ""multiplication"": -1.9499809265136392}",multiplication,continuous_primal_dual_psd,6,29.27827165649464,29.278271656489714,4.924061158817494e-12,"[0.0, 0.3370468013215909, 0.662953198678409]",primal=Optimization terminated successfully; dual=outer=Optimization terminated successfully; inner=Optimization terminated successfully,1,-532.6057900415915,532.6057900415915,,pythia410m_10x_licenseclean_contcert_20260504_dare_ties_20260504_deep6_licenseclean,pythia410m_10x_licenseclean_contcert_20260504
dare_ties,triple,capitals+addition+subtraction,23.0490826170426,0.6999999999999673,0,"[0.20000000000004087, 0.20000000000007925, 0.5999999999998799]","[0.2, 0.2, 0.6]",0.0,"{""addition"": 5.550000000000033, ""capitals"": 0.02222222222222096, ""subtraction"": -0.6999999999999673}",subtraction,continuous_primal_dual_psd,6,23.0490826170426,23.049082617042345,2.5579538487363607e-13,"[0.0, 5.218048215737964e-14, 0.9999999999999478]",primal=Optimization terminated successfully; dual=outer=Optimization terminated successfully; inner=Optimization terminated successfully,1,-1013.0114659423671,1027.9288746942327,,pythia410m_10x_licenseclean_contcert_20260504_dare_ties_20260504_deep6_licenseclean,pythia410m_10x_licenseclean_contcert_20260504
dare_ties,triple,capitals+authors+addition,6.542926694664608,8.20002861022946,0,"[0.2, 0.3434799459568069, 0.45652005404319307]","[0.6, 0.2, 0.2]",9.999990463256836,"{""addition"": -8.20002861022946, ""authors"": -6.741681766509977, ""capitals"": -1.477777777777779}",addition,continuous_primal_dual_psd,6,6.542926694664608,6.542926694663429,1.1795009413617663e-12,"[1.9556578578768306e-13, 0.0, 0.9999999999998044]",primal=Optimization terminated successfully; dual=outer=Optimization terminated successfully; inner=Optimization terminated successfully,1,-447.33295451897203,447.332954518972,,pythia410m_10x_licenseclean_contcert_20260504_dare_ties_20260504_deep6_licenseclean,pythia410m_10x_licenseclean_contcert_20260504
dare_ties,triple,capitals+authors+modadd,10.14445610046884,6.5333158493041665,0,"[0.36000000005096233, 0.43999999994890315, 0.20000000000013451]","[0.4, 0.4, 0.2]",0.0,"{""authors"": -6.5333158493041665, ""capitals"": -0.1444444444444457, ""modadd"": 4.855534362793001}",authors,continuous_primal_dual_psd,6,10.14445610046884,10.144456100468748,9.237055564881302e-14,"[9.936496070395052e-15, 0.0, 0.99999999999999]",primal=Optimization terminated successfully; dual=outer=Optimization terminated successfully; inner=Optimization terminated successfully,1,-143.20132718519267,143.20132718519267,,pythia410m_10x_licenseclean_contcert_20260504_dare_ties_20260504_deep6_licenseclean,pythia410m_10x_licenseclean_contcert_20260504
dare_ties,triple,capitals+authors+multiplication,55.3047861194618,13.199952316284147,0,"[0.2, 0.2, 0.6]","[0.2, 0.2, 0.6]",0.0,"{""authors"": 10.966655540466341, ""capitals"": -1.1444444444444457, ""multiplication"": -13.199952316284147}",multiplication,continuous_primal_dual_psd,6,55.3047861194618,55.3047861194618,0.0,"[0.0, 0.0, 1.0]",primal=Optimization terminated successfully; dual=outer=Optimization terminated successfully; inner=Optimization terminated successfully,1,-1081.8015512985464,1081.8015512985464,,pythia410m_10x_licenseclean_contcert_20260504_dare_ties_20260504_deep6_licenseclean,pythia410m_10x_licenseclean_contcert_20260504
dare_ties,triple,capitals+authors+subtraction,17.67414410277441,0.3111111111111124,0,"[0.2764432876714469, 0.20000000000002754, 0.5235567123285256]","[0.4, 0.4, 0.2]",15.38892226748993,"{""authors"": 2.2166698455810874, ""capitals"": -0.3111111111111124, ""subtraction"": 4.2999713897705405}",capitals,continuous_primal_dual_psd,6,17.67414410277441,17.674144102758326,1.6083134823929868e-11,"[0.0, 0.30495602378444864, 0.6950439762155513]",primal=Optimization terminated successfully; dual=outer=Optimization terminated successfully; inner=Optimization terminated successfully,1,-620.7564887080672,620.7564887080672,,pythia410m_10x_licenseclean_contcert_20260504_dare_ties_20260504_deep6_licenseclean,pythia410m_10x_licenseclean_contcert_20260504
dare_ties,triple,capitals+hemisphere+addition,34.65534097424003,9.450033378601042,0,"[0.3322429539264407, 0.20000000000009818, 0.46775704607346114]","[0.2, 0.6, 0.2]",0.0,"{""addition"": -9.450033378601042, ""capitals"": -0.8666666666666679, ""hemisphere"": -0.8772125878605544}",addition,continuous_primal_dual_psd,6,34.65534097424003,34.65534097424003,0.0,"[0.0, 0.0, 1.0]",primal=Optimization terminated successfully; dual=outer=Optimization terminated successfully; inner=Optimization terminated successfully,1,-927.5488229471086,927.5488229471088,,pythia410m_10x_licenseclean_contcert_20260504_dare_ties_20260504_deep6_licenseclean,pythia410m_10x_licenseclean_contcert_20260504
dare_ties,triple,capitals+hemisphere+authors,0.3666666666666667,-0.6417729385537793,1,"[0.2, 0.2, 0.6]","[0.2, 0.2, 0.6]",0.0,"{""authors"": 3.258332538604769, ""capitals"": 0.6888888888888877, ""hemisphere"": 0.6417729385537793}",hemisphere,continuous_primal_dual_psd,6,0.3666666666666667,0.3666666666666667,0.0,"[1.0, 0.0, 0.0]",primal=Optimization terminated successfully; dual=outer=Optimization terminated successfully; inner=Optimization terminated successfully,1,-179.38815123605426,179.38815123605426,,pythia410m_10x_licenseclean_contcert_20260504_dare_ties_20260504_deep6_licenseclean,pythia410m_10x_licenseclean_contcert_20260504
dare_ties,triple,capitals+hemisphere+modadd,10.42318728011955,0.6444444444444457,0,"[0.2000000000000072, 0.4433163029005989, 0.35668369709939385]","[0.6, 0.2, 0.2]",1.4444391462537638,"{""capitals"": -0.6444444444444457, ""hemisphere"": 0.00886309928818265, ""modadd"": 2.077767181396517}",capitals,continuous_primal_dual_psd,6,10.42318728011955,10.42318728011955,0.0,"[0.0, 0.0, 1.0]",primal=Optimization terminated successfully; dual=outer=Optimization terminated successfully; inner=Optimization terminated successfully,1,-107.04939622603248,107.04939622603248,,pythia410m_10x_licenseclean_contcert_20260504_dare_ties_20260504_deep6_licenseclean,pythia410m_10x_licenseclean_contcert_20260504
dare_ties,triple,capitals+hemisphere+multiplication,9.88635808626691,16.949966621398893,0,"[0.48989672146412316, 0.20000000000000015, 0.3101032785358767]","[0.4, 0.4, 0.2]",2.384185791015625e-05,"{""capitals"": -0.8666666666666679, ""hemisphere"": -0.8772157748220575, ""multiplication"": -16.949966621398893}",multiplication,continuous_primal_dual_psd,6,9.88635808626691,9.88635808626691,0.0,"[0.0, 0.0, 1.0]",primal=Optimization terminated successfully; dual=outer=Optimization terminated successfully; inner=Optimization terminated successfully,1,-163.9458923965208,163.9458923965208,,pythia410m_10x_licenseclean_contcert_20260504_dare_ties_20260504_deep6_licenseclean,pythia410m_10x_licenseclean_contcert_20260504
dare_ties,triple,capitals+hemisphere+nli,15.673769387884045,0.3111111111111124,0,"[0.20000000000001514, 0.20000000000001422, 0.5999999999999707]","[0.6, 0.2, 0.2]",6.192473941379089,"{""capitals"": -0.3111111111111124, ""hemisphere"": 0.32531881566135673, ""nli"": 2.4250119209289878}",capitals,continuous_primal_dual_psd,6,15.673769387884045,15.673769387884045,0.0,"[0.0, 0.0, 1.0]",primal=Optimization terminated successfully; dual=outer=Optimization terminated successfully; inner=Optimization terminated successfully,1,-182.22407435379583,182.22407435379583,,pythia410m_10x_licenseclean_contcert_20260504_dare_ties_20260504_deep6_licenseclean,pythia410m_10x_licenseclean_contcert_20260504
dare_ties,triple,capitals+hemisphere+subtraction,41.3250834465027,1.598734298239054,0,"[0.2, 0.2, 0.6]","[0.6, 0.2, 0.2]",0.5696183772948114,"{""capitals"": -0.9222222222222235, ""hemisphere"": -1.598734298239054, ""subtraction"": 0.5500047683716147}",hemisphere,continuous_primal_dual_psd,6,41.3250834465027,41.3250834465027,0.0,"[0.0, 0.0, 1.0]",primal=Optimization terminated successfully; dual=outer=Optimization terminated successfully; inner=Optimization terminated successfully,1,-924.3806763825303,925.445024786376,,pythia410m_10x_licenseclean_contcert_20260504_dare_ties_20260504_deep6_licenseclean,pythia410m_10x_licenseclean_contcert_20260504
dare_ties,triple,capitals+multiplication+modadd,12.098125305672937,10.422232818603483,0,"[0.4284089345416106, 0.2, 0.3715910654583894]","[0.2, 0.6, 0.2]",24.02775287628174,"{""capitals"": -0.6444444444444457, ""modadd"": -10.422232818603483, ""multiplication"": -8.19998092651364}",modadd,continuous_primal_dual_psd,6,12.098125305672937,12.098125305672937,0.0,"[0.0, 0.0, 1.0]",primal=Optimization terminated successfully; dual=outer=Optimization terminated successfully; inner=Optimization terminated successfully,1,-413.06153789411695,413.061537894117,,pythia410m_10x_licenseclean_contcert_20260504_dare_ties_20260504_deep6_licenseclean,pythia410m_10x_licenseclean_contcert_20260504
dare_ties,triple,capitals+nli+addition,60.69997854232789,5.61070747375485,0,"[0.2, 0.2, 0.6]","[0.6, 0.2, 0.2]",32.58931636810303,"{""addition"": -3.2000095367431314, ""capitals"": -0.3111111111111124, ""nli"": -5.61070747375485}",nli,continuous_primal_dual_psd,6,60.69997854232789,60.69997854232789,0.0,"[0.0, 0.0, 1.0]",primal=Optimization terminated successfully; dual=outer=Optimization terminated successfully; inner=Optimization terminated successfully,1,-864.0343152555165,867.1518997248867,,pythia410m_10x_licenseclean_contcert_20260504_dare_ties_20260504_deep6_licenseclean,pythia410m_10x_licenseclean_contcert_20260504
dare_ties,triple,capitals+nli+authors,-0.33340184371362813,-0.3416865348816245,1,"[0.2, 0.4017742270555695, 0.3982257729444305]","[0.2, 0.4, 0.4]",0.0,"{""authors"": 15.758332538604769, ""capitals"": 0.5777777777777765, ""nli"": 0.3416865348816245}",nli,continuous_primal_dual_psd,6,-0.33340184371362813,-0.33340184371362813,0.0,"[1.0, 0.0, 0.0]",primal=Optimization terminated successfully; dual=outer=Optimization terminated successfully; inner=Optimization terminated successfully,1,-71.54440865231099,71.54440865231099,,pythia410m_10x_licenseclean_contcert_20260504_dare_ties_20260504_deep6_licenseclean,pythia410m_10x_licenseclean_contcert_20260504
dare_ties,triple,capitals+nli+modadd,10.424987832742971,3.4777671813964517,0,"[0.5986703942679451, 0.2, 0.20132960573205483]","[0.2, 0.4, 0.4]",0.049626827239990234,"{""capitals"": -0.477777777777779, ""modadd"": -3.4777671813964517, ""nli"": 8.228585052490267}",modadd,continuous_primal_dual_psd,6,10.424987832742971,10.424987832742971,0.0,"[0.0, 0.0, 1.0]",primal=Optimization terminated successfully; dual=outer=Optimization terminated successfully; inner=Optimization terminated successfully,1,-119.40431531305131,119.40431531305131,,pythia410m_10x_licenseclean_contcert_20260504_dare_ties_20260504_deep6_licenseclean,pythia410m_10x_licenseclean_contcert_20260504
dare_ties,triple,capitals+nli+multiplication,15.520218246042162,10.700014305114713,0,"[0.4729087495526824, 0.20000000000012813, 0.32709125044718945]","[0.6, 0.2, 0.2]",4.999947547912598,"{""capitals"": -0.08888888888889016, ""multiplication"": -10.700014305114713, ""nli"": 1.6809671401977866}",multiplication,continuous_primal_dual_psd,6,15.520218246042162,15.520218246042162,0.0,"[0.0, 0.0, 1.0]",primal=Optimization terminated successfully; dual=outer=Optimization terminated successfully; inner=Optimization terminated successfully,1,-500.8933455600491,500.89334556004917,,pythia410m_10x_licenseclean_contcert_20260504_dare_ties_20260504_deep6_licenseclean,pythia410m_10x_licenseclean_contcert_20260504
dare_ties,triple,capitals+nli+subtraction,6.416153485076478,0.8666666666666679,0,"[0.2, 0.454876373436925, 0.34512362656307505]","[0.2, 0.4, 0.4]",0.0,"{""capitals"": -0.8666666666666679, ""nli"": 4.210719394683871, ""subtraction"": 14.300009536743197}",capitals,continuous_primal_dual_psd,6,6.416153485076478,6.416153485076478,0.0,"[0.0, 0.0, 1.0]",primal=Optimization terminated successfully; dual=outer=Optimization terminated successfully; inner=Optimization terminated successfully,1,-384.38316071634074,384.38316071634074,,pythia410m_10x_licenseclean_contcert_20260504_dare_ties_20260504_deep6_licenseclean,pythia410m_10x_licenseclean_contcert_20260504
dare_ties,triple,capitals+subtraction+modadd,75.76257672429603,0.033333333333334596,0,"[0.20000000000017656, 0.2, 0.5999999999998235]","[0.6, 0.2, 0.2]",29.83331743876136,"{""capitals"": -0.033333333333334596, ""modadd"": 2.077767181396517, ""subtraction"": 1.8000095367431967}",capitals,continuous_primal_dual_psd,6,75.76257672429603,75.76257672426175,3.427658157306723e-11,"[0.0, 0.9999999999989735, 1.0264566974161347e-12]",primal=Optimization terminated successfully; dual=outer=Optimization terminated successfully; inner=Optimization terminated successfully,1,-1498.7812468153006,1498.7812468153004,,pythia410m_10x_licenseclean_contcert_20260504_dare_ties_20260504_deep6_licenseclean,pythia410m_10x_licenseclean_contcert_20260504
dare_ties,triple,capitals+subtraction+multiplication,36.85630633953372,13.199999999999967,0,"[0.2, 0.2, 0.6]","[0.2, 0.4, 0.4]",1.2499809265136719,"{""capitals"": 0.13333333333333208, ""multiplication"": -13.199999999999967, ""subtraction"": -1.9499809265136392}",multiplication,continuous_primal_dual_psd,6,36.85630633953372,36.85630633952276,1.0956568985420745e-11,"[0.0, 5.121666085796335e-11, 0.9999999999487834]",primal=Optimization terminated successfully; dual=outer=Optimization terminated successfully; inner=Optimization terminated successfully,1,-976.1064241636005,976.1064241636004,,pythia410m_10x_licenseclean_contcert_20260504_dare_ties_20260504_deep6_licenseclean,pythia410m_10x_licenseclean_contcert_20260504
dare_ties,triple,hemisphere+addition+modadd,24.045312609716568,10.700038146972624,0,"[0.3121178425657636, 0.4878821574342385, 0.19999999999999796]","[0.4, 0.4, 0.2]",0.0,"{""addition"": -10.700038146972624, ""hemisphere"": -0.8645555702509986, ""modadd"": 4.855558204650912}",addition,continuous_primal_dual_psd,6,24.045312609716568,24.045312609716568,0.0,"[0.0, 0.0, 1.0]",primal=Optimization terminated successfully; dual=outer=Optimization terminated successfully; inner=Optimization terminated successfully,1,-195.81176065288025,195.81176065288028,,pythia410m_10x_licenseclean_contcert_20260504_dare_ties_20260504_deep6_licenseclean,pythia410m_10x_licenseclean_contcert_20260504
dare_ties,triple,hemisphere+addition+multiplication,24.197447650592864,15.699985694885221,0,"[0.3751444354973922, 0.20000000000000068, 0.4248555645026071]","[0.6, 0.2, 0.2]",7.499980926513672,"{""addition"": -13.200047683715788, ""hemisphere"": -1.1430338598724992, ""multiplication"": -15.699985694885221}",multiplication,continuous_primal_dual_psd,6,24.197447650592864,24.197447650592864,0.0,"[0.0, 0.0, 1.0]",primal=Optimization terminated successfully; dual=outer=Optimization terminated successfully; inner=Optimization terminated successfully,1,-349.58727197440203,349.5872719744021,,pythia410m_10x_licenseclean_contcert_20260504_dare_ties_20260504_deep6_licenseclean,pythia410m_10x_licenseclean_contcert_20260504
dare_ties,triple,hemisphere+addition+subtraction,65.70003337860113,11.950019073486295,0,"[0.2, 0.2, 0.6]","[0.2, 0.2, 0.6]",0.0,"{""addition"": -9.450009536743131, ""hemisphere"": -2.1936683042337286, ""subtraction"": -11.950019073486295}",subtraction,continuous_primal_dual_psd,6,65.70003337860113,65.70003337860113,0.0,"[0.0, 0.0, 1.0]",primal=Optimization terminated successfully; dual=outer=Optimization terminated successfully; inner=Optimization terminated successfully,1,-1225.1271561197307,1225.127156119731,,pythia410m_10x_licenseclean_contcert_20260504_dare_ties_20260504_deep6_licenseclean,pythia410m_10x_licenseclean_contcert_20260504
dare_ties,triple,hemisphere+authors+addition,8.263993056805758,6.9500238418578775,0,"[0.2, 0.2106912142851557, 0.5893087857148442]","[0.6, 0.2, 0.2]",5.000019073486328,"{""addition"": -6.9500238418578775, ""authors"": -6.324985694885221, ""hemisphere"": -0.4215185234170059}",addition,continuous_primal_dual_psd,6,8.263993056805758,8.263993056803645,2.112088282046898e-12,"[0.0, 0.7286954803328635, 0.27130451966713653]",primal=Optimization terminated successfully; dual=outer=Optimization terminated successfully; inner=Optimization terminated successfully,1,-332.78426532274335,332.7842653227434,,pythia410m_10x_licenseclean_contcert_20260504_dare_ties_20260504_deep6_licenseclean,pythia410m_10x_licenseclean_contcert_20260504
dare_ties,triple,hemisphere+authors+modadd,13.452524403297758,7.366684150695768,0,"[0.41818183802632547, 0.2, 0.38181816197367446]","[0.2, 0.6, 0.2]",6.666660308837891,"{""authors"": -7.366684150695768, ""hemisphere"": -0.13038162270519804, ""modadd"": -6.255558204650846}",authors,continuous_primal_dual_psd,6,13.452524403297758,13.452524403297758,0.0,"[0.0, 0.0, 1.0]",primal=Optimization terminated successfully; dual=outer=Optimization terminated successfully; inner=Optimization terminated successfully,1,-173.6107468605699,173.61074686056986,,pythia410m_10x_licenseclean_contcert_20260504_dare_ties_20260504_deep6_licenseclean,pythia410m_10x_licenseclean_contcert_20260504
dare_ties,triple,hemisphere+authors+multiplication,9.366687806384654,13.199976158142057,0,"[0.27333269647181296, 0.2933328213087358, 0.43333448221945126]","[0.2, 0.4, 0.4]",0.0,"{""authors"": -0.07498569488522122, ""hemisphere"": 0.07215137429746468, ""multiplication"": -13.199976158142057}",multiplication,continuous_primal_dual_psd,6,9.366687806384654,9.366687806384654,0.0,"[0.0, 0.0, 1.0]",primal=Optimization terminated successfully; dual=outer=Optimization terminated successfully; inner=Optimization terminated successfully,1,-563.7732002876312,563.7732002876312,,pythia410m_10x_licenseclean_contcert_20260504_dare_ties_20260504_deep6_licenseclean,pythia410m_10x_licenseclean_contcert_20260504
dare_ties,triple,hemisphere+authors+subtraction,5.0583918489376885,6.949999999999967,0,"[0.2, 0.3583749025044702, 0.4416250974955298]","[0.2, 0.4, 0.4]",0.0,"{""authors"": 4.300007152557406, ""hemisphere"": -0.9658244589734574, ""subtraction"": -6.949999999999967}",subtraction,continuous_primal_dual_psd,6,5.0583918489376885,5.058391848936729,9.592326932761353e-13,"[2.786104680296054e-13, 0.0, 0.9999999999997213]",primal=Optimization terminated successfully; dual=outer=Optimization terminated successfully; inner=Optimization terminated successfully,1,-229.1228939566344,229.12289395663444,,pythia410m_10x_licenseclean_contcert_20260504_dare_ties_20260504_deep6_licenseclean,pythia410m_10x_licenseclean_contcert_20260504
dare_ties,triple,hemisphere+multiplication+modadd,42.36666269302368,8.19998092651364,0,"[0.2, 0.2, 0.6]","[0.2, 0.2, 0.6]",0.0,"{""hemisphere"": -0.408858318845947, ""modadd"": -7.644441795349088, ""multiplication"": -8.19998092651364}",multiplication,continuous_primal_dual_psd,6,42.36666269302368,42.36666269302368,0.0,"[0.0, 0.0, 1.0]",primal=Optimization terminated successfully; dual=outer=Optimization terminated successfully; inner=Optimization terminated successfully,1,-1015.8697068264089,1015.9861436073675,,pythia410m_10x_licenseclean_contcert_20260504_dare_ties_20260504_deep6_licenseclean,pythia410m_10x_licenseclean_contcert_20260504
dare_ties,triple,hemisphere+nli+addition,14.544920926306817,1.2952358245849283,0,"[0.2, 0.2, 0.6]","[0.4, 0.2, 0.4]",16.904807090759277,"{""addition"": -0.6999999999999673, ""hemisphere"": -0.4088615058074501, ""nli"": -1.2952358245849283}",nli,continuous_primal_dual_psd,6,14.544920926306817,14.544920926306817,0.0,"[0.0, 1.0, 0.0]",primal=Optimization terminated successfully; dual=outer=Optimization terminated successfully; inner=Optimization terminated successfully,1,-251.3484250272142,251.3484250272142,,pythia410m_10x_licenseclean_contcert_20260504_dare_ties_20260504_deep6_licenseclean,pythia410m_10x_licenseclean_contcert_20260504
dare_ties,triple,hemisphere+nli+authors,2.6377881729912653,0.551179122924772,0,"[0.2, 0.2, 0.6]","[0.2, 0.4, 0.4]",14.107143878936768,"{""authors"": 12.841686534881624, ""hemisphere"": 0.3759484795803314, ""nli"": -0.551179122924772}",nli,continuous_primal_dual_psd,6,2.6377881729912653,2.6377881729912653,0.0,"[1.0, 0.0, 0.0]",primal=Optimization terminated successfully; dual=outer=Optimization terminated successfully; inner=Optimization terminated successfully,1,-109.50679673021668,109.50679673021665,,pythia410m_10x_licenseclean_contcert_20260504_dare_ties_20260504_deep6_licenseclean,pythia410m_10x_licenseclean_contcert_20260504
dare_ties,triple,hemisphere+nli+modadd,36.419418973844664,-0.04683893255910465,1,"[0.2, 0.2, 0.6]","[0.6, 0.2, 0.2]",10.469047909304678,"{""hemisphere"": 0.04683893255910465, ""modadd"": 0.6888835906982749, ""nli"": 0.1928537368774741}",hemisphere,continuous_primal_dual_psd,6,36.419418973844664,36.41941897384014,4.526157226791838e-12,"[0.0, 0.9999999999994971, 5.029865413061742e-13]",primal=Optimization terminated successfully; dual=outer=Optimization terminated successfully; inner=Optimization terminated successfully,1,-927.8299931300876,927.8299931300876,,pythia410m_10x_licenseclean_contcert_20260504_dare_ties_20260504_deep6_licenseclean,pythia410m_10x_licenseclean_contcert_20260504
dare_ties,triple,hemisphere+nli+multiplication,100.11549277738398,5.700019073486295,0,"[0.2, 0.20000000000006635, 0.5999999999999337]","[0.6, 0.2, 0.2]",1.2499809265136719,"{""hemisphere"": 0.021518523416986887, ""multiplication"": -5.700019073486295, ""nli"": -1.741662693023649}",multiplication,continuous_primal_dual_psd,6,100.11549277738398,100.11549277738398,0.0,"[0.0, 0.0, 1.0]",primal=Optimization terminated successfully; dual=outer=Optimization terminated successfully; inner=Optimization terminated successfully,1,-2536.3857080890552,2536.3857080890552,,pythia410m_10x_licenseclean_contcert_20260504_dare_ties_20260504_deep6_licenseclean,pythia410m_10x_licenseclean_contcert_20260504
dare_ties,triple,hemisphere+nli+subtraction,13.958014339603082,5.699995231628385,0,"[0.34498072473619545, 0.20000000000000356, 0.4550192752638009]","[0.2, 0.6, 0.2]",7.500028610229492,"{""hemisphere"": -1.1683526755338653, ""nli"": -0.8487970352172525, ""subtraction"": -5.699995231628385}",subtraction,continuous_primal_dual_psd,6,13.958014339603082,13.958014339599385,3.696598582791921e-12,"[3.543429533949842e-13, 0.5283654641341486, 0.47163453586549703]",primal=Optimization terminated successfully; dual=outer=Optimization terminated successfully; inner=Optimization terminated successfully,1,-260.29572195848897,260.2957219584889,,pythia410m_10x_licenseclean_contcert_20260504_dare_ties_20260504_deep6_licenseclean,pythia410m_10x_licenseclean_contcert_20260504
dare_ties,triple,hemisphere+subtraction+modadd,22.072148224250697,10.699990463256803,0,"[0.2, 0.34364039398903584, 0.45635960601096415]","[0.4, 0.4, 0.2]",7.500004768371582,"{""hemisphere"": -0.5607584649681319, ""modadd"": -9.03332538604733, ""subtraction"": -10.699990463256803}",subtraction,continuous_primal_dual_psd,6,22.072148224250697,22.072148224250064,6.323830348264892e-13,"[0.0, 0.9999999999998987, 1.0130785099703527e-13]",primal=Optimization terminated successfully; dual=outer=Optimization terminated successfully; inner=Optimization terminated successfully,1,-314.4461604038543,314.4461604038543,,pythia410m_10x_licenseclean_contcert_20260504_dare_ties_20260504_deep6_licenseclean,pythia410m_10x_licenseclean_contcert_20260504
dare_ties,triple,hemisphere+subtraction+multiplication,8.311362201547524,15.699985694885221,0,"[0.2, 0.6, 0.19999999999999996]","[0.2, 0.6, 0.2]",0.0,"{""hemisphere"": -1.244305935556461, ""multiplication"": -15.699985694885221, ""subtraction"": -3.2000095367431314}",multiplication,continuous_primal_dual_psd,6,8.311362201547524,8.311362201547054,4.707345624410664e-13,"[1.1657341758564144e-15, 0.999999999999992, 6.827871601444713e-15]",primal=Optimization terminated successfully; dual=outer=Optimization terminated successfully; inner=Optimization terminated successfully,1,-550.7630690209724,550.7630690209724,,pythia410m_10x_licenseclean_contcert_20260504_dare_ties_20260504_deep6_licenseclean,pythia410m_10x_licenseclean_contcert_20260504
dare_ties,triple,nli+addition+modadd,20.584566565673803,10.422208976745573,0,"[0.2983328352556275, 0.2, 0.5016671647443725]","[0.2, 0.4, 0.4]",5.277824401855469,"{""addition"": -0.6999999999999673, ""modadd"": -10.422208976745573, ""nli"": 7.18691043853763}",modadd,continuous_primal_dual_psd,6,20.584566565673803,20.584566565666456,7.347011887759436e-12,"[0.34287971901985737, 0.0, 0.6571202809801426]",primal=Optimization terminated successfully; dual=outer=Optimization terminated successfully; inner=Optimization terminated successfully,1,-242.22124871984,242.22124871984002,,pythia410m_10x_licenseclean_contcert_20260504_dare_ties_20260504_deep6_licenseclean,pythia410m_10x_licenseclean_contcert_20260504
dare_ties,triple,nli+addition+multiplication,40.12348457458591,10.699990463256803,0,"[0.2, 0.2, 0.6]","[0.2, 0.2, 0.6]",0.0,"{""addition"": -0.7000238418578775, ""multiplication"": -10.699990463256803, ""nli"": -2.33689851760861}",multiplication,continuous_primal_dual_psd,6,40.12348457458591,40.12348457458591,0.0,"[0.0, 0.0, 1.0]",primal=Optimization terminated successfully; dual=outer=Optimization terminated successfully; inner=Optimization terminated successfully,1,-727.0093851065564,727.0093851065564,,pythia410m_10x_licenseclean_contcert_20260504_dare_ties_20260504_deep6_licenseclean,pythia410m_10x_licenseclean_contcert_20260504
dare_ties,triple,nli+addition+subtraction,21.704593245142,10.700038146972624,0,"[0.40577692561515494, 0.2000000000000031, 0.39422307438484194]","[0.2, 0.4, 0.4]",12.5,"{""addition"": -10.700038146972624, ""nli"": 0.044056701660188935, ""subtraction"": -8.20000476837155}",addition,continuous_primal_dual_psd,6,21.704593245142,21.704593245134784,7.215561481643817e-12,"[0.5779968248256242, 5.132029656722639e-13, 0.42200317517386254]",primal=Optimization terminated successfully; dual=outer=Optimization terminated successfully; inner=Optimization terminated successfully,1,-438.7643859405656,438.76438594056555,,pythia410m_10x_licenseclean_contcert_20260504_dare_ties_20260504_deep6_licenseclean,pythia410m_10x_licenseclean_contcert_20260504
dare_ties,triple,nli+authors+addition,7.736030097841706,3.2000095367431314,0,"[0.2677381536804034, 0.3325192896486198, 0.3997425566709768]","[0.2, 0.4, 0.4]",0.0,"{""addition"": -3.2000095367431314, ""authors"": -2.366676998138395, ""nli"": 4.061922359466585}",addition,continuous_primal_dual_psd,6,7.736030097841706,7.7360300978216285,2.007727317732133e-11,"[0.839337391895637, 0.0, 0.16066260810436306]",primal=Optimization terminated successfully; dual=outer=Optimization terminated successfully; inner=Optimization terminated successfully,1,-673.401571550443,673.4015715504429,,pythia410m_10x_licenseclean_contcert_20260504_dare_ties_20260504_deep6_licenseclean,pythia410m_10x_licenseclean_contcert_20260504
dare_ties,triple,nli+authors+modadd,15.43983842101425,2.0888835906982095,0,"[0.2, 0.24237493852623138, 0.5576250614737686]","[0.4, 0.2, 0.4]",5.555558204650879,"{""authors"": 9.508320617675814, ""modadd"": -2.0888835906982095, ""nli"": -0.10476417541500638}",modadd,continuous_primal_dual_psd,6,15.43983842101425,15.43983842095528,5.896971799757011e-11,"[0.36589840820155356, 0.0, 0.6341015917984464]",primal=Optimization terminated successfully; dual=outer=Optimization terminated successfully; inner=Optimization terminated successfully,1,-339.650151589403,339.7530551931233,,pythia410m_10x_licenseclean_contcert_20260504_dare_ties_20260504_deep6_licenseclean,pythia410m_10x_licenseclean_contcert_20260504
dare_ties,triple,nli+authors+multiplication,0.18079614131521282,10.700014305114713,0,"[0.20000000000000254, 0.30783598406028373, 0.4921640159397137]","[0.2, 0.4, 0.4]",0.0,"{""authors"": 10.550007152557406, ""multiplication"": -10.700014305114713, ""nli"": 3.76429252624515}",multiplication,continuous_primal_dual_psd,6,0.18079614131521282,0.18079614131430974,9.03083163805718e-13,"[0.9177579111845187, 4.158803736163592e-14, 0.08224208881543964]",primal=Optimization terminated successfully; dual=outer=Optimization terminated successfully; inner=Optimization terminated successfully,1,-62.11871996646759,62.118719966467594,,pythia410m_10x_licenseclean_contcert_20260504_dare_ties_20260504_deep6_licenseclean,pythia410m_10x_licenseclean_contcert_20260504
dare_ties,triple,nli+authors+subtraction,52.06285458575126,4.449990463256803,0,"[0.2, 0.20000000000000578, 0.5999999999999942]","[0.2, 0.6, 0.2]",1.2500286102294922,"{""authors"": 0.758323001861605, ""nli"": 7.484516429901156, ""subtraction"": -4.449990463256803}",subtraction,continuous_primal_dual_psd,6,52.06285458575126,52.06285458575126,0.0,"[0.0, 0.0, 1.0]",primal=Optimization terminated successfully; dual=outer=Optimization terminated successfully; inner=Optimization terminated successfully,1,-665.5327953807864,665.5327953807865,,pythia410m_10x_licenseclean_contcert_20260504_dare_ties_20260504_deep6_licenseclean,pythia410m_10x_licenseclean_contcert_20260504
dare_ties,triple,nli+multiplication+modadd,15.561020217600422,15.699985694885221,0,"[0.32343923611112324, 0.22193942423173763, 0.45462133965713913]","[0.4, 0.4, 0.2]",7.500004768371582,"{""modadd"": -2.0888835906982095, ""multiplication"": -15.699985694885221, ""nli"": 6.145235824584994}",multiplication,continuous_primal_dual_psd,6,15.561020217600422,15.56102021758656,1.3862688774679555e-11,"[0.4765809658739097, 0.006796745686699559, 0.5166222884393908]",primal=Optimization terminated successfully; dual=outer=Optimization terminated successfully; inner=Optimization terminated successfully,1,-378.2800747779038,378.2800747779038,,pythia410m_10x_licenseclean_contcert_20260504_dare_ties_20260504_deep6_licenseclean,pythia410m_10x_licenseclean_contcert_20260504
dare_ties,triple,nli+subtraction+modadd,55.95181318002282,10.422208976745573,0,"[0.2, 0.2, 0.6]","[0.4, 0.4, 0.2]",8.333349227905273,"{""modadd"": -10.422208976745573, ""nli"": 4.954776096344027, ""subtraction"": -4.449990463256803}",modadd,continuous_primal_dual_psd,6,55.95181318002282,55.95181318001278,1.0039968856290216e-11,"[0.0, 0.999999999999313, 6.871170299400373e-13]",primal=Optimization terminated successfully; dual=outer=Optimization terminated successfully; inner=Optimization terminated successfully,1,-1084.6620964480478,1084.6620964480478,,pythia410m_10x_licenseclean_contcert_20260504_dare_ties_20260504_deep6_licenseclean,pythia410m_10x_licenseclean_contcert_20260504
dare_ties,triple,nli+subtraction+multiplication,37.02239434274753,21.94996185302731,0,"[0.2, 0.2, 0.6]","[0.6, 0.2, 0.2]",3.750014305114746,"{""multiplication"": -21.94996185302731, ""nli"": 2.2761910438537925, ""subtraction"": -8.20000476837155}",multiplication,continuous_primal_dual_psd,6,37.02239434274753,37.02239434274753,0.0,"[0.0, 1.0, 0.0]",primal=Optimization terminated successfully; dual=outer=Optimization terminated successfully; inner=Optimization terminated successfully,1,-474.3853108758685,474.3853108758686,,pythia410m_10x_licenseclean_contcert_20260504_dare_ties_20260504_deep6_licenseclean,pythia410m_10x_licenseclean_contcert_20260504
dare_ties,triple,population+addition+modadd,16.970315941134757,3.5030633926391275,0,"[0.21517538835064146, 0.2837101212879743, 0.5011144903613842]","[0.6, 0.2, 0.2]",27.196955680847168,"{""addition"": 1.7999856948852866, ""modadd"": 4.855558204650912, ""population"": -3.5030633926391275}",population,continuous_primal_dual_psd,6,16.970315941134757,16.970315941134114,6.430411758628907e-13,"[0.31695688801157196, 6.078750831933453e-16, 0.6830431119884274]",primal=Optimization terminated successfully; dual=outer=Optimization terminated successfully; inner=Optimization terminated successfully,1,-292.006181675336,292.00618167533605,,pythia410m_10x_licenseclean_contcert_20260504_dare_ties_20260504_deep6_licenseclean,pythia410m_10x_licenseclean_contcert_20260504
dare_ties,triple,population+addition+multiplication,25.00227056244502,11.949971389770475,0,"[0.20000000000000692, 0.2323932037606697, 0.5676067962393234]","[0.6, 0.2, 0.2]",16.250014305114746,"{""addition"": -1.9500047683715493, ""multiplication"": -11.949971389770475, ""population"": 7.986852455139193}",multiplication,continuous_primal_dual_psd,6,25.00227056244502,25.002270562439584,5.4356519285647664e-12,"[0.6546553363098009, 0.0, 0.34534466369019917]",primal=Optimization terminated successfully; dual=outer=Optimization terminated successfully; inner=Optimization terminated successfully,1,-336.63891199432214,336.63891199432214,,pythia410m_10x_licenseclean_contcert_20260504_dare_ties_20260504_deep6_licenseclean,pythia410m_10x_licenseclean_contcert_20260504
dare_ties,triple,population+addition+subtraction,31.719667879631274,2.316168022155729,0,"[0.22816518718774323, 0.2, 0.5718348128122568]","[0.2, 0.6, 0.2]",34.633851051330566,"{""addition"": 1.7999856948852866, ""population"": -2.316168022155729, ""subtraction"": 4.299995231628451}",population,continuous_primal_dual_psd,6,31.719667879631274,31.719667879594077,3.7196912217041245e-11,"[0.6699269616241179, 0.0, 0.3300730383758821]",primal=Optimization terminated successfully; dual=outer=Optimization terminated successfully; inner=Optimization terminated successfully,1,-533.5413840857482,533.5413840857482,,pythia410m_10x_licenseclean_contcert_20260504_dare_ties_20260504_deep6_licenseclean,pythia410m_10x_licenseclean_contcert_20260504
dare_ties,triple,population+authors+addition,29.434788892202487,2.991667461395231,0,"[0.20439457043114792, 0.20000000000000032, 0.5956054295688518]","[0.4, 0.2, 0.4]",30.20836114883423,"{""addition"": 10.54997138977054, ""authors"": -2.991667461395231, ""population"": -0.39699382781979153}",authors,continuous_primal_dual_psd,6,29.434788892202487,29.434788892192607,9.880096740744193e-12,"[0.5888022194702907, 2.4205662084815225e-13, 0.41119778052946726]",primal=Optimization terminated successfully; dual=outer=Optimization terminated successfully; inner=Optimization terminated successfully,1,-838.8342179357733,838.8342179357733,,pythia410m_10x_licenseclean_contcert_20260504_dare_ties_20260504_deep6_licenseclean,pythia410m_10x_licenseclean_contcert_20260504
dare_ties,triple,population+authors+modadd,19.46998543990724,0.6999999999999673,0,"[0.2, 0.21332259163207914, 0.5866774083679208]","[0.4, 0.4, 0.2]",12.5,"{""authors"": 9.508320617675814, ""modadd"": -0.6999999999999673, ""population"": 8.365628051757845}",modadd,continuous_primal_dual_psd,6,19.46998543990724,19.469985439903386,3.8546943414985435e-12,"[0.32366885821137525, 0.0, 0.6763311417886249]",primal=Optimization terminated successfully; dual=outer=Optimization terminated successfully; inner=Optimization terminated successfully,1,-413.8564387107851,413.856438710785,,pythia410m_10x_licenseclean_contcert_20260504_dare_ties_20260504_deep6_licenseclean,pythia410m_10x_licenseclean_contcert_20260504
dare_ties,triple,population+authors+multiplication,65.07501907348859,6.741646003723112,0,"[0.2, 0.20000000000000545, 0.5999999999999945]","[0.6, 0.2, 0.2]",10.208320617675781,"{""authors"": -6.741646003723112, ""multiplication"": -3.199961853027311, ""population"": -2.1394044876098306}",authors,continuous_primal_dual_psd,6,65.07501907348859,65.07501907348859,0.0,"[0.0, 0.0, 1.0]",primal=Optimization terminated successfully; dual=outer=Optimization terminated successfully; inner=Optimization terminated successfully,1,-1574.5237253213168,1574.6411142675197,,pythia410m_10x_licenseclean_contcert_20260504_dare_ties_20260504_deep6_licenseclean,pythia410m_10x_licenseclean_contcert_20260504
dare_ties,triple,population+authors+subtraction,28.59657744263582,-1.825210380554232,1,"[0.31567493247916445, 0.2, 0.4843250675208355]","[0.4, 0.2, 0.4]",0.0,"{""authors"": 4.300007152557406, ""population"": 1.825210380554232, ""subtraction"": 14.299985694885287}",population,continuous_primal_dual_psd,6,28.59657744263582,28.596577433086388,9.549431467803515e-09,"[1.1734484030085763e-13, 0.4365127318602437, 0.5634872681396389]",primal=Optimization terminated successfully; dual=outer=Optimization terminated successfully; inner=Optimization terminated successfully,1,-813.0574069161306,813.0574069161307,,pythia410m_10x_licenseclean_contcert_20260504_dare_ties_20260504_deep6_licenseclean,pythia410m_10x_licenseclean_contcert_20260504
dare_ties,triple,population+capitals+addition,5.054956560902433,0.2555555555555568,0,"[0.2, 0.343035444042793, 0.456964555957207]","[0.2, 0.6, 0.2]",5.444463517930739,"{""addition"": 13.049980926513705, ""capitals"": -0.2555555555555568, ""population"": 1.9009798049927085}",capitals,continuous_primal_dual_psd,6,5.054956560902433,5.054956553297658,7.604774587832708e-09,"[0.9979936183438441, 0.0, 0.002006381656155861]",primal=Optimization terminated successfully; dual=outer=Optimization terminated successfully; inner=Optimization terminated successfully,1,-414.01009744204964,414.0100974420496,,pythia410m_10x_licenseclean_contcert_20260504_dare_ties_20260504_deep6_licenseclean,pythia410m_10x_licenseclean_contcert_20260504
dare_ties,triple,population+capitals+authors,66.63748927117473,-0.6333333333333321,1,"[0.2, 0.20000000000002577, 0.5999999999999742]","[0.6, 0.2, 0.2]",2.999998410542772,"{""authors"": 11.591646003723177, ""capitals"": 0.6333333333333321, ""population"": 11.042401123046908}",capitals,continuous_primal_dual_psd,6,66.63748927117473,66.63748927117473,0.0,"[0.0, 0.0, 1.0]",primal=Optimization terminated successfully; dual=outer=Optimization terminated successfully; inner=Optimization terminated successfully,1,-1820.3314212428227,1831.0168363591551,,pythia410m_10x_licenseclean_contcert_20260504_dare_ties_20260504_deep6_licenseclean,pythia410m_10x_licenseclean_contcert_20260504
dare_ties,triple,population+capitals+hemisphere,10.814661406236144,-0.02222222222222096,1,"[0.2, 0.200000000000001, 0.599999999999999]","[0.4, 0.2, 0.4]",0.14145840538869217,"{""capitals"": 0.02222222222222096, ""hemisphere"": 0.7556972514050422, ""population"": 3.214093971252474}",capitals,continuous_primal_dual_psd,6,10.814661406236144,10.814661406236144,0.0,"[1.0, 0.0, 0.0]",primal=Optimization terminated successfully; dual=outer=Optimization terminated successfully; inner=Optimization terminated successfully,1,-209.0259032654258,209.0259032654258,,pythia410m_10x_licenseclean_contcert_20260504_dare_ties_20260504_deep6_licenseclean,pythia410m_10x_licenseclean_contcert_20260504
dare_ties,triple,population+capitals+modadd,23.797315578185593,3.5030633926391275,0,"[0.2, 0.2, 0.6]","[0.4, 0.2, 0.4]",1.3635873794555664,"{""capitals"": 0.5222222222222209, ""modadd"": 0.6888835906982749, ""population"": -3.5030633926391275}",population,continuous_primal_dual_psd,6,23.797315578185593,23.797315578185593,0.0,"[1.0, 0.0, 0.0]",primal=Optimization terminated successfully; dual=outer=Optimization terminated successfully; inner=Optimization terminated successfully,1,-766.6986243622621,766.698624362262,,pythia410m_10x_licenseclean_contcert_20260504_dare_ties_20260504_deep6_licenseclean,pythia410m_10x_licenseclean_contcert_20260504
dare_ties,triple,population+capitals+multiplication,11.016196507573246,4.449990463256803,0,"[0.22167582471712596, 0.3639342920300137, 0.4143898832528603]","[0.6, 0.2, 0.2]",9.999990463256836,"{""capitals"": -0.08888888888889016, ""multiplication"": -4.449990463256803, ""population"": 8.84542160034183}",multiplication,continuous_primal_dual_psd,6,11.016196507573246,11.016196507573078,1.687538997430238e-13,"[0.7265882010459522, 0.0, 0.2734117989540477]",primal=Optimization terminated successfully; dual=outer=Optimization terminated successfully; inner=Optimization terminated successfully,1,-687.4998759580104,687.4998759580104,,pythia410m_10x_licenseclean_contcert_20260504_dare_ties_20260504_deep6_licenseclean,pythia410m_10x_licenseclean_contcert_20260504
dare_ties,triple,population+capitals+nli,22.811713886260968,-0.13333333333333208,1,"[0.2, 0.2, 0.6]","[0.4, 0.2, 0.4]",1.1111111111111112,"{""capitals"": 0.13333333333333208, ""nli"": 7.186922359466585, ""population"": 2.0019739151001303}",capitals,continuous_primal_dual_psd,6,22.811713886260968,22.811713886260875,9.237055564881302e-14,"[1.9650947535864886e-14, 0.0, 0.9999999999999805]",primal=Optimization terminated successfully; dual=outer=Optimization terminated successfully; inner=Optimization terminated successfully,1,-518.5158907784619,519.4685573063359,,pythia410m_10x_licenseclean_contcert_20260504_dare_ties_20260504_deep6_licenseclean,pythia410m_10x_licenseclean_contcert_20260504
dare_ties,triple,population+capitals+subtraction,25.34296497875526,-0.13333333333333208,1,"[0.2, 0.21344647809997266, 0.5865535219000273]","[0.6, 0.2, 0.2]",9.583342870076464,"{""capitals"": 0.13333333333333208, ""population"": 1.2949197769165366, ""subtraction"": 8.049985694885287}",capitals,continuous_primal_dual_psd,6,25.34296497875526,25.342964969969373,8.78588579666939e-09,"[0.7131554844081613, 0.0, 0.2868445155918386]",primal=Optimization terminated successfully; dual=outer=Optimization terminated successfully; inner=Optimization terminated successfully,1,-602.5019555738442,602.5019555738443,,pythia410m_10x_licenseclean_contcert_20260504_dare_ties_20260504_deep6_licenseclean,pythia410m_10x_licenseclean_contcert_20260504
dare_ties,triple,population+hemisphere+addition,1.8836337744666736,4.450014305114713,0,"[0.34948589895151255, 0.26811644665654966, 0.38239765439193785]","[0.2, 0.4, 0.4]",0.0,"{""addition"": -4.450014305114713, ""hemisphere"": -0.5860756871487466, ""population"": 5.360600280761751}",addition,continuous_primal_dual_psd,6,1.8836337744666736,1.8836337744122422,5.44313483175074e-11,"[0.27523919003728187, 0.7247608099626864, 3.174705587824934e-14]",primal=Optimization terminated successfully; dual=outer=Optimization terminated successfully; inner=Optimization terminated successfully,1,-46.316377119160165,46.316377119160165,,pythia410m_10x_licenseclean_contcert_20260504_dare_ties_20260504_deep6_licenseclean,pythia410m_10x_licenseclean_contcert_20260504
dare_ties,triple,population+hemisphere+authors,2.839807623910522,6.0030729293822915,0,"[0.2, 0.42346148354517116, 0.37653851645482883]","[0.6, 0.2, 0.2]",4.905271530151367,"{""authors"": -1.741674613952604, ""hemisphere"": -1.2949371929561873, ""population"": -6.0030729293822915}",population,continuous_primal_dual_psd,6,2.839807623910522,2.839807623910522,0.0,"[1.0, 0.0, 0.0]",primal=Optimization terminated successfully; dual=outer=Optimization terminated successfully; inner=Optimization terminated successfully,1,-576.6695295207378,576.6695295207378,,pythia410m_10x_licenseclean_contcert_20260504_dare_ties_20260504_deep6_licenseclean,pythia410m_10x_licenseclean_contcert_20260504
dare_ties,triple,population+hemisphere+modadd,70.30589751696198,6.255534362792936,0,"[0.2, 0.2, 0.6]","[0.6, 0.2, 0.2]",2.7777910232543945,"{""hemisphere"": -1.1683526755338653, ""modadd"": -6.255534362792936, ""population"": 1.623198318481478}",modadd,continuous_primal_dual_psd,6,70.30589751696198,70.30589751696198,0.0,"[0.0, 0.0, 1.0]",primal=Optimization terminated successfully; dual=outer=Optimization terminated successfully; inner=Optimization terminated successfully,1,-1274.2262455011687,1274.226245501169,,pythia410m_10x_licenseclean_contcert_20260504_dare_ties_20260504_deep6_licenseclean,pythia410m_10x_licenseclean_contcert_20260504
dare_ties,triple,population+hemisphere+multiplication,6.403662871595067,8.19998092651364,0,"[0.37763269592709103, 0.20000000000005771, 0.4223673040728513]","[0.4, 0.2, 0.4]",0.0,"{""hemisphere"": -0.8519001461221944, ""multiplication"": -8.19998092651364, ""population"": 5.461594390869173}",multiplication,continuous_primal_dual_psd,6,6.403662871595067,6.403662871592902,2.1653789872289053e-12,"[0.6064130144686901, 0.0, 0.3935869855313099]",primal=Optimization terminated successfully; dual=outer=Optimization terminated successfully; inner=Optimization terminated successfully,1,-233.1014329997437,233.1014329997437,,pythia410m_10x_licenseclean_contcert_20260504_dare_ties_20260504_deep6_licenseclean,pythia410m_10x_licenseclean_contcert_20260504
dare_ties,triple,population+hemisphere+nli,11.9400949001312,0.21898871337584627,0,"[0.2, 0.2, 0.6]","[0.4, 0.4, 0.2]",8.814348593600439,"{""hemisphere"": -0.21898871337584627, ""nli"": 1.383325386047396, ""population"": 6.269642639160189}",hemisphere,continuous_primal_dual_psd,6,11.9400949001312,11.9400949001312,0.0,"[0.0, 0.0, 1.0]",primal=Optimization terminated successfully; dual=outer=Optimization terminated successfully; inner=Optimization terminated successfully,1,-124.75768383878884,130.86757938938524,,pythia410m_10x_licenseclean_contcert_20260504_dare_ties_20260504_deep6_licenseclean,pythia410m_10x_licenseclean_contcert_20260504
dare_ties,triple,population+hemisphere+subtraction,29.573165578550853,9.285882186889616,0,"[0.2, 0.2, 0.6]","[0.4, 0.2, 0.4]",3.9141416549682617,"{""hemisphere"": -2.307594210565743, ""population"": -9.285882186889616, ""subtraction"": 5.5499761581421225}",population,continuous_primal_dual_psd,6,29.573165578550853,29.573165578550338,5.151434834260726e-13,"[0.9999999999997387, 0.0, 2.614020111479248e-13]",primal=Optimization terminated successfully; dual=outer=Optimization terminated successfully; inner=Optimization terminated successfully,1,-854.2798307733922,854.2798307733921,,pythia410m_10x_licenseclean_contcert_20260504_dare_ties_20260504_deep6_licenseclean,pythia410m_10x_licenseclean_contcert_20260504
dare_ties,triple,population+multiplication+modadd,33.06379824301888,6.949999999999967,0,"[0.2, 0.23891265297271513, 0.5610873470272848]","[0.2, 0.4, 0.4]",2.500009536743164,"{""modadd"": -6.255534362792936, ""multiplication"": -6.949999999999967, ""population"": -6.003049087524381}",multiplication,continuous_primal_dual_psd,6,33.06379824301888,33.063798242264355,7.545253311036504e-10,"[0.16599633137964, 0.0, 0.8340036686203599]",primal=Optimization terminated successfully; dual=outer=Optimization terminated successfully; inner=Optimization terminated successfully,1,-675.8411484652162,675.8411484652161,,pythia410m_10x_licenseclean_contcert_20260504_dare_ties_20260504_deep6_licenseclean,pythia410m_10x_licenseclean_contcert_20260504
dare_ties,triple,population+nli+addition,22.03848875757561,0.6999880790710122,0,"[0.2, 0.28582550365671, 0.5141744963432899]","[0.4, 0.4, 0.2]",21.25002145767212,"{""addition"": 0.5499809265137046, ""nli"": -0.6999880790710122, ""population"": 1.522180366516146}",nli,continuous_primal_dual_psd,6,22.03848875757561,22.038488757368874,2.0673596168307995e-10,"[0.4134137601318191, 0.0, 0.5865862398681809]",primal=Positive directional derivative for linesearch; dual=outer=Optimization terminated successfully; inner=Optimization terminated successfully,1,-219.27266191666467,239.84051344996038,,pythia410m_10x_licenseclean_contcert_20260504_dare_ties_20260504_deep6_licenseclean,pythia410m_10x_licenseclean_contcert_20260504
dare_ties,triple,population+nli+authors,37.06859682655045,2.1880895614623697,0,"[0.2, 0.2, 0.6]","[0.6, 0.2, 0.2]",4.345250129699707,"{""authors"": 15.341672229766878, ""nli"": -2.1880895614623697, ""population"": 1.7999856948852866}",nli,continuous_primal_dual_psd,6,37.06859682655045,37.06859682655045,0.0,"[0.0, 0.0, 1.0]",primal=Optimization terminated successfully; dual=outer=Optimization terminated successfully; inner=Optimization terminated successfully,1,-1292.5160794266708,1292.5160794266708,,pythia410m_10x_licenseclean_contcert_20260504_dare_ties_20260504_deep6_licenseclean,pythia410m_10x_licenseclean_contcert_20260504
dare_ties,triple,population+nli+modadd,26.636371860989332,0.8488208770751626,0,"[0.2000000000000441, 0.2305404262272081, 0.5694595737727478]","[0.2, 0.4, 0.4]",12.351155281066895,"{""modadd"": -0.6999999999999673, ""nli"": -0.8488208770751626, ""population"": 5.209061431884798}",nli,continuous_primal_dual_psd,6,26.636371860989332,26.636371860981576,7.755573960821494e-12,"[4.720234767858161e-14, 0.3222369164352317, 0.6777630835647211]",primal=Optimization terminated successfully; dual=outer=Optimization terminated successfully; inner=Optimization terminated successfully,1,-746.9186465242268,746.9186465242267,,pythia410m_10x_licenseclean_contcert_20260504_dare_ties_20260504_deep6_licenseclean,pythia410m_10x_licenseclean_contcert_20260504
dare_ties,triple,population+nli+multiplication,18.616051963211596,2.0392925262450845,0,"[0.2, 0.3434487732973536, 0.45655122670264636]","[0.6, 0.2, 0.2]",4.910707473754883,"{""multiplication"": 4.300019073486361, ""nli"": -2.0392925262450845, ""population"": 9.249493408203158}",nli,continuous_primal_dual_psd,6,18.616051963211596,18.61605196320371,7.887024366937112e-12,"[0.20044877188048227, 4.346652415575898e-13, 0.7995512281190831]",primal=Optimization terminated successfully; dual=outer=Optimization terminated successfully; inner=Optimization terminated successfully,1,-351.9449840461285,351.94498404612847,,pythia410m_10x_licenseclean_contcert_20260504_dare_ties_20260504_deep6_licenseclean,pythia410m_10x_licenseclean_contcert_20260504
dare_ties,triple,population+nli+subtraction,35.109148707355764,0.6999999999999673,0,"[0.2, 0.20000000000003906, 0.5999999999999609]","[0.4, 0.4, 0.2]",2.500009536743164,"{""nli"": -0.6999999999999673, ""population"": 7.380768585205111, ""subtraction"": 8.050009536743197}",nli,continuous_primal_dual_psd,6,35.109148707355764,35.109148707355764,0.0,"[0.0, 0.0, 1.0]",primal=Optimization terminated successfully; dual=outer=Optimization terminated successfully; inner=Optimization terminated successfully,1,-642.377445258106,642.3774452581059,,pythia410m_10x_licenseclean_contcert_20260504_dare_ties_20260504_deep6_licenseclean,pythia410m_10x_licenseclean_contcert_20260504
dare_ties,triple,population+subtraction+modadd,42.50664802826686,10.700014305114713,0,"[0.2, 0.2, 0.6]","[0.4, 0.2, 0.4]",14.999985694885254,"{""modadd"": -10.422185134887663, ""population"": -3.7050754547118814, ""subtraction"": -10.700014305114713}",subtraction,continuous_primal_dual_psd,6,42.50664802826686,42.50664802826686,0.0,"[0.0, 1.0, 0.0]",primal=Optimization terminated successfully; dual=outer=Optimization terminated successfully; inner=Optimization terminated successfully,1,-1018.7815208469021,1018.7815208469021,,pythia410m_10x_licenseclean_contcert_20260504_dare_ties_20260504_deep6_licenseclean,pythia410m_10x_licenseclean_contcert_20260504
dare_ties,triple,population+subtraction+multiplication,12.58319515951095,10.699990463256803,0,"[0.3509551799735601, 0.20000000000002616, 0.44904482002641366]","[0.2, 0.6, 0.2]",8.749985694885254,"{""multiplication"": -10.699990463256803, ""population"": -5.119231414794889, ""subtraction"": 1.7999856948852866}",multiplication,continuous_primal_dual_psd,6,12.58319515951095,12.58319515951095,0.0,"[0.0, 0.0, 1.0]",primal=Optimization terminated successfully; dual=outer=Optimization terminated successfully; inner=Optimization terminated successfully,1,-891.9073586827196,891.9073586827196,,pythia410m_10x_licenseclean_contcert_20260504_dare_ties_20260504_deep6_licenseclean,pythia410m_10x_licenseclean_contcert_20260504
dare_ties,triple,sciq+addition+modadd,20.90089883878798,-0.11233415840255145,1,"[0.2342565438525593, 0.3442157916621069, 0.42152766448533374]","[0.6, 0.2, 0.2]",9.145683386307793,"{""addition"": 4.299995231628451, ""modadd"": 10.41111640930179, ""sciq"": 0.11233415840255145}",sciq,continuous_primal_dual_psd,6,20.90089883878798,20.90089883877924,8.739675649849232e-12,"[3.1503375738039847e-13, 0.018685702165980853, 0.9813142978337042]",primal=Optimization terminated successfully; dual=outer=Optimization terminated successfully; inner=Optimization terminated successfully,1,-1250.530694331731,1250.5306943317312,,pythia410m_10x_licenseclean_contcert_20260504_dare_ties_20260504_deep6_licenseclean,pythia410m_10x_licenseclean_contcert_20260504
dare_ties,triple,sciq+addition+multiplication,1.653354003800004,9.449985694885221,0,"[0.5326442772475736, 0.20000000000004264, 0.26735572275238373]","[0.4, 0.2, 0.4]",5.000019073486328,"{""addition"": -6.9500238418578775, ""multiplication"": -9.449985694885221, ""sciq"": -0.0002668499358378927}",multiplication,continuous_primal_dual_psd,6,1.653354003800004,1.6533540038000034,6.661338147750939e-16,"[0.0, 0.999999999999996, 3.94129173741929e-15]",primal=Optimization terminated successfully; dual=outer=Optimization terminated successfully; inner=Optimization terminated successfully,1,-295.80810959951225,295.8081095995123,,pythia410m_10x_licenseclean_contcert_20260504_dare_ties_20260504_deep6_licenseclean,pythia410m_10x_licenseclean_contcert_20260504
dare_ties,triple,sciq+addition+subtraction,6.176213636373404,13.200023841857877,0,"[0.2, 0.4289957542272566, 0.3710042457727434]","[0.2, 0.4, 0.4]",0.0,"{""addition"": -13.200023841857877, ""sciq"": 0.388471760618963, ""subtraction"": -5.699995231628385}",addition,continuous_primal_dual_psd,6,6.176213636373404,6.176213636373404,0.0,"[0.0, 0.0, 1.0]",primal=Optimization terminated successfully; dual=outer=Optimization terminated successfully; inner=Optimization terminated successfully,1,-660.2110875922889,660.2110875922889,,pythia410m_10x_licenseclean_contcert_20260504_dare_ties_20260504_deep6_licenseclean,pythia410m_10x_licenseclean_contcert_20260504
dare_ties,triple,sciq+authors+addition,-0.8074170111105161,9.241679382324186,0,"[0.4067856410334919, 0.2, 0.393214358966508]","[0.6, 0.2, 0.2]",2.7083396911621094,"{""addition"": -6.9500238418578775, ""authors"": -9.241679382324186, ""sciq"": -0.0029503830934189544}",authors,continuous_primal_dual_psd,6,-0.8074170111105161,-0.8074170111759265,6.541034380802557e-11,"[0.9772289701361101, 0.0, 0.022771029863889812]",primal=Optimization terminated successfully; dual=outer=Optimization terminated successfully; inner=Optimization terminated successfully,1,-769.183654807958,769.183654807958,,pythia410m_10x_licenseclean_contcert_20260504_dare_ties_20260504_deep6_licenseclean,pythia410m_10x_licenseclean_contcert_20260504
dare_ties,triple,sciq+authors+modadd,29.35643201828661,-0.03994641524427239,1,"[0.20000000000060628, 0.2, 0.5999999999993937]","[0.4, 0.4, 0.2]",7.684388210593361,"{""authors"": 0.3416746139526694, ""modadd"": 9.022208976745638, ""sciq"": 0.03994641524427239}",sciq,continuous_primal_dual_psd,6,29.35643201828661,29.35643201828661,0.0,"[0.0, 0.0, 1.0]",primal=Optimization terminated successfully; dual=outer=Optimization terminated successfully; inner=Optimization terminated successfully,1,-407.5777219431324,407.5777219431325,,pythia410m_10x_licenseclean_contcert_20260504_dare_ties_20260504_deep6_licenseclean,pythia410m_10x_licenseclean_contcert_20260504
dare_ties,triple,sciq+authors+multiplication,4.1666531826647955,10.074999999999967,0,"[0.2, 0.29790236331980813, 0.5020976366801919]","[0.2, 0.2, 0.6]",0.0,"{""authors"": -10.074999999999967, ""multiplication"": -3.199985694885221, ""sciq"": 0.9621980488276322}",authors,continuous_primal_dual_psd,6,4.1666531826647955,4.1666531826647955,0.0,"[0.0, 0.0, 1.0]",primal=Optimization terminated successfully; dual=outer=Optimization terminated successfully; inner=Optimization terminated successfully,1,-392.53164013955916,392.53164013955916,,pythia410m_10x_licenseclean_contcert_20260504_dare_ties_20260504_deep6_licenseclean,pythia410m_10x_licenseclean_contcert_20260504
dare_ties,triple,sciq+authors+subtraction,18.989391266751923,3.199985694885221,0,"[0.3104757790451083, 0.2, 0.4895242209548917]","[0.6, 0.2, 0.2]",2.500033378601074,"{""authors"": 3.883323001861605, ""sciq"": 1.0238623977835886, ""subtraction"": -3.199985694885221}",subtraction,continuous_primal_dual_psd,6,18.989391266751923,18.989391266680173,7.175060545705492e-11,"[1.6830017767160108e-12, 0.6942721900191835, 0.3057278099791335]",primal=Optimization terminated successfully; dual=outer=Optimization terminated successfully; inner=Optimization terminated successfully,1,-479.2428307005307,479.24283070053076,,pythia410m_10x_licenseclean_contcert_20260504_dare_ties_20260504_deep6_licenseclean,pythia410m_10x_licenseclean_contcert_20260504
dare_ties,triple,sciq+capitals+addition,43.5627637943153,6.9500238418578775,0,"[0.2000000000000405, 0.2000000000000093, 0.5999999999999501]","[0.6, 0.2, 0.2]",7.500004768371582,"{""addition"": -6.9500238418578775, ""capitals"": -0.08888888888889016, ""sciq"": 0.38579252283258253}",addition,continuous_primal_dual_psd,6,43.5627637943153,43.5627637943153,0.0,"[0.0, 0.0, 1.0]",primal=Optimization terminated successfully; dual=outer=Optimization terminated successfully; inner=Optimization terminated successfully,1,-1172.0254625570326,1172.0254625570326,,pythia410m_10x_licenseclean_contcert_20260504_dare_ties_20260504_deep6_licenseclean,pythia410m_10x_licenseclean_contcert_20260504
dare_ties,triple,sciq+capitals+authors,11.560611446385828,0.7555555555555569,0,"[0.2, 0.2, 0.6]","[0.2, 0.6, 0.2]",6.194444444444411,"{""authors"": 2.633330154418978, ""capitals"": -0.7555555555555569, ""sciq"": 0.5171589341036366}",capitals,continuous_primal_dual_psd,6,11.560611446385828,11.560611446385828,0.0,"[0.0, 0.0, 1.0]",primal=Optimization terminated successfully; dual=outer=Optimization terminated successfully; inner=Optimization terminated successfully,1,-599.9138915513365,599.9138915513364,,pythia410m_10x_licenseclean_contcert_20260504_dare_ties_20260504_deep6_licenseclean,pythia410m_10x_licenseclean_contcert_20260504
dare_ties,triple,sciq+capitals+hemisphere,3.031085540865151,0.1444444444444457,0,"[0.2, 0.2, 0.6]","[0.2, 0.4, 0.4]",0.2222222222222222,"{""capitals"": -0.1444444444444457, ""hemisphere"": 0.05949116972640579, ""sciq"": 0.010456544266484829}",capitals,continuous_primal_dual_psd,6,3.031085540865151,3.031085540865151,0.0,"[1.0, 0.0, 0.0]",primal=Optimization terminated successfully; dual=outer=Optimization terminated successfully; inner=Optimization terminated successfully,1,-120.46937517040118,120.56771905980371,,pythia410m_10x_licenseclean_contcert_20260504_dare_ties_20260504_deep6_licenseclean,pythia410m_10x_licenseclean_contcert_20260504
dare_ties,triple,sciq+capitals+modadd,9.63523256338356,0.6999999999999673,0,"[0.2, 0.41052584883514104, 0.38947415116485895]","[0.6, 0.2, 0.2]",2.7777671813964844,"{""capitals"": -0.08888888888889016, ""modadd"": -0.6999999999999673, ""sciq"": -0.13967849146563435}",modadd,continuous_primal_dual_psd,6,9.63523256338356,9.635232563382388,1.1723955140041653e-12,"[0.6865478465794592, 1.2467995710112968e-13, 0.31345215342041605]",primal=Optimization terminated successfully; dual=outer=Optimization terminated successfully; inner=Optimization terminated successfully,1,-175.43357592424397,175.43357592424397,,pythia410m_10x_licenseclean_contcert_20260504_dare_ties_20260504_deep6_licenseclean,pythia410m_10x_licenseclean_contcert_20260504
dare_ties,triple,sciq+capitals+multiplication,67.49797973327351,3.199985694885221,0,"[0.2, 0.2, 0.6]","[0.2, 0.6, 0.2]",6.24997615814209,"{""capitals"": -1.5333333333333345, ""multiplication"": -3.199985694885221, ""sciq"": 0.1847197538752302}",multiplication,continuous_primal_dual_psd,6,67.49797973327351,67.49797973327351,0.0,"[0.0, 0.0, 1.0]",primal=Optimization terminated successfully; dual=outer=Optimization terminated successfully; inner=Optimization terminated successfully,1,-1697.0297682982377,1697.0297682982377,,pythia410m_10x_licenseclean_contcert_20260504_dare_ties_20260504_deep6_licenseclean,pythia410m_10x_licenseclean_contcert_20260504
dare_ties,triple,sciq+capitals+nli,7.065906051189584,0.9222222222222235,0,"[0.24963235226990502, 0.2, 0.5503676477300949]","[0.6, 0.2, 0.2]",4.986103163825107,"{""capitals"": -0.9222222222222235, ""nli"": 8.228585052490267, ""sciq"": 0.018499626839626946}",capitals,continuous_primal_dual_psd,6,7.065906051189584,7.065906051158949,3.063505005229672e-11,"[0.5865822572980048, 0.0, 0.41341774270199516]",primal=Optimization terminated successfully; dual=outer=Optimization terminated successfully; inner=Optimization terminated successfully,1,-153.10633787967163,153.53173655378603,,pythia410m_10x_licenseclean_contcert_20260504_dare_ties_20260504_deep6_licenseclean,pythia410m_10x_licenseclean_contcert_20260504
dare_ties,triple,sciq+capitals+subtraction,0.5396576013022951,-0.07777777777777652,1,"[0.22894789308562524, 0.4039472875285503, 0.3671048193858244]","[0.2, 0.4, 0.4]",0.0,"{""capitals"": 0.07777777777777652, ""sciq"": 0.21152823938103701, ""subtraction"": 9.299990463256869}",capitals,continuous_primal_dual_psd,6,0.5396576013022951,0.5396576013022951,0.0,"[0.0, 0.0, 1.0]",primal=Optimization terminated successfully; dual=outer=Optimization terminated successfully; inner=Optimization terminated successfully,1,-20.94486329842188,20.94486329842188,,pythia410m_10x_licenseclean_contcert_20260504_dare_ties_20260504_deep6_licenseclean,pythia410m_10x_licenseclean_contcert_20260504
dare_ties,triple,sciq+hemisphere+addition,9.636743014012097,9.450009536743131,0,"[0.2725301067362605, 0.25284902086664446, 0.47462087239709505]","[0.4, 0.4, 0.2]",21.250009536743164,"{""addition"": -9.450009536743131, ""hemisphere"": -0.28227539490437675, ""sciq"": 0.4179627054395507}",addition,continuous_primal_dual_psd,6,9.636743014012097,9.636743013998052,1.404565352913778e-11,"[0.0, 0.6116200706205095, 0.3883799293794906]",primal=Optimization terminated successfully; dual=outer=Optimization terminated successfully; inner=Optimization terminated successfully,1,-123.27574306327782,126.83803901717009,,pythia410m_10x_licenseclean_contcert_20260504_dare_ties_20260504_deep6_licenseclean,pythia410m_10x_licenseclean_contcert_20260504
dare_ties,triple,sciq+hemisphere+authors,2.11498517579673,6.324997615814176,0,"[0.3021332683528255, 0.2, 0.49786673164717454]","[0.6, 0.2, 0.2]",13.124990463256836,"{""authors"": -6.324997615814176, ""hemisphere"": 0.21139131584859072, ""sciq"": 0.4662212008784034}",authors,continuous_primal_dual_psd,6,2.11498517579673,2.114985175796717,1.2878587085651816e-14,"[0.0, 0.36336516564731136, 0.6366348343526886]",primal=Optimization terminated successfully; dual=outer=Optimization terminated successfully; inner=Optimization terminated successfully,1,-58.247639626887214,58.24763962688721,,pythia410m_10x_licenseclean_contcert_20260504_dare_ties_20260504_deep6_licenseclean,pythia410m_10x_licenseclean_contcert_20260504
dare_ties,triple,sciq+hemisphere+modadd,13.227266096682976,3.4777671813964517,0,"[0.20000000000000528, 0.3982715895443863, 0.4017284104556085]","[0.2, 0.4, 0.4]",0.0,"{""hemisphere"": -0.28227539490437675, ""modadd"": -3.4777671813964517, ""sciq"": -0.27640874752345}",modadd,continuous_primal_dual_psd,6,13.227266096682976,13.227266096682976,0.0,"[0.0, 0.0, 1.0]",primal=Optimization terminated successfully; dual=outer=Optimization terminated successfully; inner=Optimization terminated successfully,1,-142.69988024685972,142.69988024685972,,pythia410m_10x_licenseclean_contcert_20260504_dare_ties_20260504_deep6_licenseclean,pythia410m_10x_licenseclean_contcert_20260504
dare_ties,triple,sciq+hemisphere+multiplication,32.58245562761792,14.44998092651364,0,"[0.20000000000037624, 0.2, 0.5999999999996237]","[0.4, 0.4, 0.2]",2.499985694885254,"{""hemisphere"": -0.3835426901460839, ""multiplication"": -14.44998092651364, ""sciq"": 0.33753402739372984}",multiplication,continuous_primal_dual_psd,6,32.58245562761792,32.58245562761792,0.0,"[0.0, 0.0, 1.0]",primal=Optimization terminated successfully; dual=outer=Optimization terminated successfully; inner=Optimization terminated successfully,1,-328.5163221887865,328.5163221887865,,pythia410m_10x_licenseclean_contcert_20260504_dare_ties_20260504_deep6_licenseclean,pythia410m_10x_licenseclean_contcert_20260504
dare_ties,triple,sciq+hemisphere+nli,20.360908264176484,3.2297641754150064,0,"[0.2, 0.2, 0.6]","[0.2, 0.6, 0.2]",0.4464268684387207,"{""hemisphere"": -0.13037843574369493, ""nli"": -3.2297641754150064, ""sciq"": 0.3670238983715174}",nli,continuous_primal_dual_psd,6,20.360908264176484,20.360908264176484,0.0,"[0.0, 0.0, 1.0]",primal=Optimization terminated successfully; dual=outer=Optimization terminated successfully; inner=Optimization terminated successfully,1,-253.42294040576456,253.42294040576456,,pythia410m_10x_licenseclean_contcert_20260504_dare_ties_20260504_deep6_licenseclean,pythia410m_10x_licenseclean_contcert_20260504
dare_ties,triple,sciq+hemisphere+subtraction,40.076751763464856,1.2443027485949578,0,"[0.2000000000001137, 0.20000000000009205, 0.5999999999997943]","[0.2, 0.2, 0.6]",0.0,"{""hemisphere"": -1.2443027485949578, ""sciq"": 0.9166230865463605, ""subtraction"": 1.8000095367431967}",hemisphere,continuous_primal_dual_psd,6,40.076751763464856,40.076751763464856,0.0,"[0.0, 0.0, 1.0]",primal=Optimization terminated successfully; dual=outer=Optimization terminated successfully; inner=Optimization terminated successfully,1,-1172.0193776001888,1172.019377600189,,pythia410m_10x_licenseclean_contcert_20260504_dare_ties_20260504_deep6_licenseclean,pythia410m_10x_licenseclean_contcert_20260504
dare_ties,triple,sciq+multiplication+modadd,24.194736147646825,9.449985694885221,0,"[0.20000000000002843, 0.271260854312925, 0.5287391456870465]","[0.4, 0.4, 0.2]",2.500009536743164,"{""modadd"": 3.4666507720947592, ""multiplication"": -9.449985694885221, ""sciq"": 0.6109945395093612}",multiplication,continuous_primal_dual_psd,6,24.194736147646825,24.1947361476391,7.723599537712289e-12,"[0.0, 0.21195096944157896, 0.7880490305584211]",primal=Optimization terminated successfully; dual=outer=Optimization terminated successfully; inner=Optimization terminated successfully,1,-451.3880610466651,451.38806104666514,,pythia410m_10x_licenseclean_contcert_20260504_dare_ties_20260504_deep6_licenseclean,pythia410m_10x_licenseclean_contcert_20260504
dare_ties,triple,sciq+nli+addition,21.772738813621196,3.2000095367431314,0,"[0.2, 0.281479803823247, 0.5185201961767529]","[0.2, 0.4, 0.4]",17.500019073486328,"{""addition"": -3.2000095367431314, ""nli"": 2.722617912292513, ""sciq"": 0.03190440651393042}",addition,continuous_primal_dual_psd,6,21.772738813621196,21.772738813621196,0.0,"[0.0, 0.0, 1.0]",primal=Optimization terminated successfully; dual=outer=Optimization terminated successfully; inner=Optimization terminated successfully,1,-672.0528969107836,672.0528969107836,,pythia410m_10x_licenseclean_contcert_20260504_dare_ties_20260504_deep6_licenseclean,pythia410m_10x_licenseclean_contcert_20260504
dare_ties,triple,sciq+nli+authors,-1.5237022553551638,-0.5171600079464367,1,"[0.3089385440177999, 0.20000000000000123, 0.49106145598219886]","[0.4, 0.4, 0.2]",9.967157623760613,"{""authors"": 3.4666626930237143, ""nli"": 6.74048357009891, ""sciq"": 0.5171600079464367}",sciq,continuous_primal_dual_psd,6,-1.5237022553551638,-1.5237022553551638,0.0,"[1.0, 0.0, 0.0]",primal=Optimization terminated successfully; dual=outer=Optimization terminated successfully; inner=Optimization terminated successfully,1,-225.42919902057082,225.42919902057082,,pythia410m_10x_licenseclean_contcert_20260504_dare_ties_20260504_deep6_licenseclean,pythia410m_10x_licenseclean_contcert_20260504
dare_ties,triple,sciq+nli+modadd,12.21485996438814,0.195978995634829,0,"[0.20000000000002013, 0.3966754827572248, 0.4033245172427551]","[0.6, 0.2, 0.2]",7.448438957856349,"{""modadd"": 2.077767181396517, ""nli"": 3.76429252624515, ""sciq"": -0.195978995634829}",sciq,continuous_primal_dual_psd,6,12.21485996438814,12.214859964388133,7.105427357601002e-15,"[0.0, 6.661338147750935e-16, 0.9999999999999993]",primal=Optimization terminated successfully; dual=outer=Optimization terminated successfully; inner=Optimization terminated successfully,1,-239.2332255512182,239.2332255512182,,pythia410m_10x_licenseclean_contcert_20260504_dare_ties_20260504_deep6_licenseclean,pythia410m_10x_licenseclean_contcert_20260504
dare_ties,triple,sciq+nli+multiplication,7.623124951381914,1.9500047683715493,0,"[0.20000000000004464, 0.32852474399232534, 0.4714752560076301]","[0.6, 0.2, 0.2]",14.999985694885254,"{""multiplication"": -1.9500047683715493, ""nli"": 0.19286565780642917, ""sciq"": -0.26836459110750777}",multiplication,continuous_primal_dual_psd,6,7.623124951381914,7.623124951381914,0.0,"[0.0, 0.0, 1.0]",primal=Optimization terminated successfully; dual=outer=Optimization terminated successfully; inner=Optimization terminated successfully,1,-288.1100389437903,288.1100389437903,,pythia410m_10x_licenseclean_contcert_20260504_dare_ties_20260504_deep6_licenseclean,pythia410m_10x_licenseclean_contcert_20260504
dare_ties,triple,sciq+nli+subtraction,58.200076293945294,2.336910438537565,0,"[0.2, 0.2, 0.6]","[0.2, 0.6, 0.2]",12.113094329833984,"{""nli"": -2.336910438537565, ""sciq"": 0.21152931322383717, ""subtraction"": 5.5499761581421225}",nli,continuous_primal_dual_psd,6,58.200076293945294,58.200076293945294,0.0,"[0.0, 0.0, 1.0]",primal=Optimization terminated successfully; dual=outer=Optimization terminated successfully; inner=Optimization terminated successfully,1,-950.0560813316501,979.2786248443686,,pythia410m_10x_licenseclean_contcert_20260504_dare_ties_20260504_deep6_licenseclean,pythia410m_10x_licenseclean_contcert_20260504
dare_ties,triple,sciq+population+addition,21.448785836815535,6.9500238418578775,0,"[0.37757562126989447, 0.2, 0.4224243787301055]","[0.6, 0.2, 0.2]",1.250004768371582,"{""addition"": -6.9500238418578775, ""population"": 0.10804824829104831, ""sciq"": -0.38096559944589714}",addition,continuous_primal_dual_psd,6,21.448785836815535,21.448785836815535,0.0,"[0.0, 1.0, 0.0]",primal=Optimization terminated successfully; dual=outer=Optimization terminated successfully; inner=Optimization terminated successfully,1,-353.8888405229677,353.88884052296766,,pythia410m_10x_licenseclean_contcert_20260504_dare_ties_20260504_deep6_licenseclean,pythia410m_10x_licenseclean_contcert_20260504
dare_ties,triple,sciq+population+authors,4.476219119992288,2.316191864013639,0,"[0.26727996681662464, 0.20000000000016857, 0.5327200331832068]","[0.2, 0.4, 0.4]",24.42547082901001,"{""authors"": 2.216646003723177, ""population"": -2.316191864013639, ""sciq"": 0.17935805677406885}",population,continuous_primal_dual_psd,6,4.476219119992288,4.476219119987447,4.8405723873656825e-12,"[0.8208654694593389, 0.0, 0.17913453054066097]",primal=Optimization terminated successfully; dual=outer=Optimization terminated successfully; inner=Optimization terminated successfully,1,-325.4053109258017,325.40531092580164,,pythia410m_10x_licenseclean_contcert_20260504_dare_ties_20260504_deep6_licenseclean,pythia410m_10x_licenseclean_contcert_20260504
dare_ties,triple,sciq+population+capitals,1.1357206368293902,-0.13333333333333208,1,"[0.2522226819625135, 0.3677161777907838, 0.3800611402467027]","[0.2, 0.6, 0.2]",0.4444444444444445,"{""capitals"": 0.13333333333333208, ""population"": 1.269647407531771, ""sciq"": 1.8093848491519327}",capitals,continuous_primal_dual_psd,6,1.1357206368293902,1.1357206367346622,9.472800321930208e-11,"[0.3589111487278835, 0.6410888512721162, 2.388946313447611e-16]",primal=Optimization terminated successfully; dual=outer=Optimization terminated successfully; inner=Optimization terminated successfully,1,-54.74137808156312,56.72076294492131,,pythia410m_10x_licenseclean_contcert_20260504_dare_ties_20260504_deep6_licenseclean,pythia410m_10x_licenseclean_contcert_20260504
dare_ties,triple,sciq+population+hemisphere,42.0436964809323,0.4215185234170059,0,"[0.2, 0.20000000000008528, 0.5999999999999147]","[0.6, 0.2, 0.2]",0.4810128801049147,"{""hemisphere"": -0.4215185234170059, ""population"": 7.027241516113314, ""sciq"": -0.08069552798165877}",hemisphere,continuous_primal_dual_psd,6,42.0436964809323,42.0436964809323,0.0,"[0.0, 1.0, 0.0]",primal=Optimization terminated successfully; dual=outer=Optimization terminated successfully; inner=Optimization terminated successfully,1,-1181.012370922259,1181.012370922259,,pythia410m_10x_licenseclean_contcert_20260504_dare_ties_20260504_deep6_licenseclean,pythia410m_10x_licenseclean_contcert_20260504
dare_ties,triple,sciq+population+modadd,35.05456803578568,-0.43404887058583497,1,"[0.20000000000002127, 0.2046520548931811, 0.5953479451067976]","[0.2, 0.4, 0.4]",26.1340488705858,"{""modadd"": 6.244441795349154, ""population"": 1.1434286117554038, ""sciq"": 0.43404887058583497}",sciq,continuous_primal_dual_psd,6,35.05456803578568,35.054568035784676,1.0018652574217413e-12,"[0.0, 0.6166405360334338, 0.3833594639665661]",primal=Optimization terminated successfully; dual=outer=Optimization terminated successfully; inner=Optimization terminated successfully,1,-599.8434766023939,599.843476602394,,pythia410m_10x_licenseclean_contcert_20260504_dare_ties_20260504_deep6_licenseclean,pythia410m_10x_licenseclean_contcert_20260504
dare_ties,triple,sciq+population+multiplication,11.325052452087382,1.949957084655729,0,"[0.2, 0.2, 0.6]","[0.2, 0.6, 0.2]",10.000014305114746,"{""multiplication"": -1.949957084655729, ""population"": 1.4969318389892905, ""sciq"": 1.2168899364821983}",multiplication,continuous_primal_dual_psd,6,11.325052452087382,11.325052452087382,0.0,"[0.0, 0.0, 1.0]",primal=Optimization terminated successfully; dual=outer=Optimization terminated successfully; inner=Optimization terminated successfully,1,-205.04980467289414,218.7509196201876,,pythia410m_10x_licenseclean_contcert_20260504_dare_ties_20260504_deep6_licenseclean,pythia410m_10x_licenseclean_contcert_20260504
dare_ties,triple,sciq+population+nli,28.454905465475466,-0.48498767765386824,1,"[0.2, 0.2, 0.6]","[0.2, 0.4, 0.4]",1.1849876776538681,"{""nli"": 3.4666746139526694, ""population"": 4.072686958313021, ""sciq"": 0.48498767765386824}",sciq,continuous_primal_dual_psd,6,28.454905465475466,28.454905465475466,0.0,"[0.0, 1.0, 0.0]",primal=Optimization terminated successfully; dual=outer=Optimization terminated successfully; inner=Optimization terminated successfully,1,-724.9615312954706,724.9615312954706,,pythia410m_10x_licenseclean_contcert_20260504_dare_ties_20260504_deep6_licenseclean,pythia410m_10x_licenseclean_contcert_20260504
dare_ties,triple,sciq+population+subtraction,30.406026279536977,-0.680697675667259,1,"[0.20000000000005685, 0.24867907378712967, 0.5513209262128135]","[0.2, 0.6, 0.2]",5.320135541878164,"{""population"": 0.9918897628784507, ""sciq"": 0.680697675667259, ""subtraction"": 10.54999523162845}",sciq,continuous_primal_dual_psd,6,30.406026279536977,30.406026279536977,0.0,"[0.0, 1.0, 0.0]",primal=Optimization terminated successfully; dual=outer=Optimization terminated successfully; inner=Optimization terminated successfully,1,-521.9225852241518,613.1680621049306,,pythia410m_10x_licenseclean_contcert_20260504_dare_ties_20260504_deep6_licenseclean,pythia410m_10x_licenseclean_contcert_20260504
dare_ties,triple,sciq+subtraction+modadd,33.64833427570897,-0.45817704446246116,1,"[0.20000000000004578, 0.20000000000007273, 0.5999999999998815]","[0.6, 0.2, 0.2]",9.491502430509792,"{""modadd"": 0.688907432556185, ""sciq"": 0.45817704446246116, ""subtraction"": 8.049961853027376}",sciq,continuous_primal_dual_psd,6,33.64833427570897,33.648334275708756,2.1316282072803006e-13,"[0.0, 0.9999999999999882, 1.176836406102652e-14]",primal=Optimization terminated successfully; dual=outer=Optimization terminated successfully; inner=Optimization terminated successfully,1,-1172.0610933418711,1172.0610933418711,,pythia410m_10x_licenseclean_contcert_20260504_dare_ties_20260504_deep6_licenseclean,pythia410m_10x_licenseclean_contcert_20260504
dare_ties,triple,sciq+subtraction+multiplication,6.968221023989642,4.449990463256803,0,"[0.2807762828418812, 0.23239871093062364, 0.48682500622749514]","[0.4, 0.2, 0.4]",9.999990463256836,"{""multiplication"": -4.449990463256803, ""sciq"": -0.23619333465773945, ""subtraction"": 3.0499904632568686}",multiplication,continuous_primal_dual_psd,6,6.968221023989642,6.968221023973077,1.6565415705827036e-11,"[0.0, 0.9586884675177907, 0.04131153248220937]",primal=Optimization terminated successfully; dual=outer=Optimization terminated successfully; inner=Optimization terminated successfully,1,-362.5344971757993,362.5344971757992,,pythia410m_10x_licenseclean_contcert_20260504_dare_ties_20260504_deep6_licenseclean,pythia410m_10x_licenseclean_contcert_20260504
dare_ties,triple,subtraction+multiplication+modadd,45.18645762629917,13.199999999999967,0,"[0.2, 0.2, 0.6]","[0.4, 0.4, 0.2]",11.249995231628418,"{""modadd"": -13.199999999999967, ""multiplication"": -8.20000476837155, ""subtraction"": 1.7999856948852866}",modadd,continuous_primal_dual_psd,6,45.18645762629917,45.18645762629917,0.0,"[1.0, 0.0, 0.0]",primal=Optimization terminated successfully; dual=outer=Optimization terminated successfully; inner=Optimization terminated successfully,1,-903.5648849843319,903.5648849843319,,pythia410m_10x_licenseclean_contcert_20260504_dare_ties_20260504_deep6_licenseclean,pythia410m_10x_licenseclean_contcert_20260504
linear,pair,addition+modadd,52.85709090480789,43.755558204650846,0,"[0.5496000285656165, 0.4503999714343835]","[0.6, 0.4]",0.0,"{""addition"": -38.20004768371579, ""modadd"": -43.755558204650846}",modadd,continuous_primal_dual_psd,4,52.85709090480789,52.85709090480789,0.0,"[0.0, 1.0]",primal=Optimization terminated successfully; dual=outer=Optimization terminated successfully; inner=Optimization terminated successfully,0,15.625059604644745,0.0,,pythia410m_10x_licenseclean_contcert_20260504_linear_20260504_deep6_licenseclean,pythia410m_10x_licenseclean_contcert_20260504
linear,pair,addition+multiplication,27.324991893768296,33.20005245208737,0,"[0.2, 0.8]","[0.4, 0.6]",7.499957084655762,"{""addition"": -33.20005245208737, ""multiplication"": -26.94998092651364}",addition,continuous_primal_dual_psd,4,27.324991893768296,27.324991893768296,0.0,"[1.0, 0.0]",primal=Optimization terminated successfully; dual=outer=Optimization terminated successfully; inner=Optimization terminated successfully,1,-156.24999999999997,156.24999999999997,,pythia410m_10x_licenseclean_contcert_20260504_linear_20260504_deep6_licenseclean,pythia410m_10x_licenseclean_contcert_20260504
linear,pair,addition+subtraction,48.34198419754161,59.45000953674313,0,"[0.6314289606840386, 0.36857103931596136]","[0.8, 0.2]",3.749990463256836,"{""addition"": -50.69999999999997, ""subtraction"": -59.45000953674313}",subtraction,continuous_primal_dual_psd,4,48.34198419754161,48.34198419754161,0.0,"[0.0, 1.0]",primal=Optimization terminated successfully; dual=outer=Optimization terminated successfully; inner=Optimization terminated successfully,0,218.74964237213115,0.0,,pythia410m_10x_licenseclean_contcert_20260504_linear_20260504_deep6_licenseclean,pythia410m_10x_licenseclean_contcert_20260504
linear,pair,authors+addition,23.4053540945053,39.658334922790495,0,"[0.2, 0.8]","[0.2, 0.8]",0.0,"{""addition"": -13.199999999999967, ""authors"": -39.658334922790495}",authors,continuous_primal_dual_psd,4,23.4053540945053,23.4053540945053,0.0,"[1.0, 0.0]",primal=Optimization terminated successfully; dual=outer=Optimization terminated successfully; inner=Optimization terminated successfully,1,-0.0005960464476734296,0.0005960464476734296,,pythia410m_10x_licenseclean_contcert_20260504_linear_20260504_deep6_licenseclean,pythia410m_10x_licenseclean_contcert_20260504
linear,pair,authors+modadd,84.42768759727613,98.82499284744259,0,"[0.20000000000001775, 0.7999999999999823]","[0.2, 0.8]",0.0,"{""authors"": -98.82499284744259, ""modadd"": -39.58888359069821}",authors,continuous_primal_dual_psd,4,84.42768759727613,84.42768759727613,0.0,"[1.0, 0.0]",primal=Optimization terminated successfully; dual=outer=Optimization terminated successfully; inner=Optimization terminated successfully,1,-156.24970197677607,156.24970197677607,,pythia410m_10x_licenseclean_contcert_20260504_linear_20260504_deep6_licenseclean,pythia410m_10x_licenseclean_contcert_20260504
linear,pair,authors+multiplication,26.01696915626524,35.908332538604704,0,"[0.2, 0.8]","[0.2, 0.8]",0.0,"{""authors"": -35.908332538604704, ""multiplication"": -8.19998092651364}",authors,continuous_primal_dual_psd,4,26.01696915626524,26.01696915626524,0.0,"[1.0, 0.0]",primal=Optimization terminated successfully; dual=outer=Optimization terminated successfully; inner=Optimization terminated successfully,1,-171.87476158142084,171.87476158142084,,pythia410m_10x_licenseclean_contcert_20260504_linear_20260504_deep6_licenseclean,pythia410m_10x_licenseclean_contcert_20260504
linear,pair,authors+subtraction,26.07501096725462,34.45000953674313,0,"[0.2, 0.8]","[0.4, 0.6]",7.500004768371582,"{""authors"": -19.658318233489958, ""subtraction"": -34.45000953674313}",subtraction,continuous_primal_dual_psd,4,26.07501096725462,26.07501096725462,0.0,"[0.0, 1.0]",primal=Optimization terminated successfully; dual=outer=Optimization terminated successfully; inner=Optimization terminated successfully,1,-234.37499999999991,234.37499999999991,,pythia410m_10x_licenseclean_contcert_20260504_linear_20260504_deep6_licenseclean,pythia410m_10x_licenseclean_contcert_20260504
linear,pair,capitals+addition,0.2884570915095259,-0.7999999999999987,1,"[0.21366335513643872, 0.7863366448635613]","[0.8, 0.2]",21.500028610229457,"{""addition"": 26.799985694885287, ""capitals"": 0.7999999999999987}",capitals,continuous_primal_dual_psd,4,0.2884570915095259,0.2884570915094981,2.781108676686017e-14,"[0.9963455638331975, 0.003654436166802449]",primal=Optimization terminated successfully; dual=outer=Optimization terminated successfully; inner=Optimization terminated successfully,1,-2.9166666666666656,2.9166666666666656,,pythia410m_10x_licenseclean_contcert_20260504_linear_20260504_deep6_licenseclean,pythia410m_10x_licenseclean_contcert_20260504
linear,pair,capitals+authors,-0.13664314180200687,14.033344459533659,0,"[0.7920134800850237, 0.2079865199149763]","[0.8, 0.2]",0.0,"{""authors"": -14.033344459533659, ""capitals"": 0.02222222222222096}",authors,continuous_primal_dual_psd,4,-0.13664314180200687,-0.13664314181768883,1.5681955733981567e-11,"[0.9538309486237656, 0.04616905137623445]",primal=Optimization terminated successfully; dual=outer=Optimization terminated successfully; inner=Optimization terminated successfully,0,3.3481419086456796,0.0,,pythia410m_10x_licenseclean_contcert_20260504_linear_20260504_deep6_licenseclean,pythia410m_10x_licenseclean_contcert_20260504
linear,pair,capitals+hemisphere,-0.2907820512820496,-0.4666666666666654,1,"[0.47538463238706363, 0.5246153676129364]","[0.4, 0.6]",0.0,"{""capitals"": 0.4666666666666654, ""hemisphere"": 1.5025314035219017}",capitals,continuous_primal_dual_psd,4,-0.2907820512820496,-0.2907820512820496,0.0,"[1.0, 0.0]",primal=Optimization terminated successfully; dual=outer=Optimization terminated successfully; inner=Optimization terminated successfully,0,1.8750196695515369,0.0,,pythia410m_10x_licenseclean_contcert_20260504_linear_20260504_deep6_licenseclean,pythia410m_10x_licenseclean_contcert_20260504
linear,pair,capitals+modadd,7.436128330230616,0.6999999999999673,0,"[0.8, 0.19999999999999996]","[0.8, 0.2]",0.0,"{""capitals"": -0.033333333333334596, ""modadd"": -0.6999999999999673}",modadd,continuous_primal_dual_psd,4,7.436128330230616,7.436128330230616,0.0,"[0.0, 1.0]",primal=Optimization terminated successfully; dual=outer=Optimization terminated successfully; inner=Optimization terminated successfully,1,-2.0833333333333317,2.0833333333333317,,pythia410m_10x_licenseclean_contcert_20260504_linear_20260504_deep6_licenseclean,pythia410m_10x_licenseclean_contcert_20260504
linear,pair,capitals+multiplication,-0.3415670987484205,-0.13333333333333208,1,"[0.38387861330029505, 0.616121386699705]","[0.6, 0.4]",7.083309491475389,"{""capitals"": 0.13333333333333208, ""multiplication"": 5.550023841857943}",capitals,continuous_primal_dual_psd,4,-0.3415670987484205,-0.3415670987693454,2.0924872945471407e-11,"[0.9731588188461934, 0.02684118115380665]",primal=Optimization terminated successfully; dual=outer=Optimization terminated successfully; inner=Optimization terminated successfully,1,-2.9166666666666656,2.9166666666666656,,pythia410m_10x_licenseclean_contcert_20260504_linear_20260504_deep6_licenseclean,pythia410m_10x_licenseclean_contcert_20260504
linear,pair,capitals+nli,7.84496918321625,0.1047522544860513,0,"[0.5334767178167527, 0.46652328218324735]","[0.6, 0.4]",0.0,"{""capitals"": 0.18888888888888763, ""nli"": -0.1047522544860513}",nli,continuous_primal_dual_psd,4,7.84496918321625,7.84496918321625,0.0,"[0.0, 1.0]",primal=Optimization terminated successfully; dual=outer=Optimization terminated successfully; inner=Optimization terminated successfully,0,5.416666666666666,0.0,,pythia410m_10x_licenseclean_contcert_20260504_linear_20260504_deep6_licenseclean,pythia410m_10x_licenseclean_contcert_20260504
linear,pair,capitals+subtraction,-0.18180821869867003,0.033333333333334596,0,"[0.6092748594114438, 0.39072514058855623]","[0.8, 0.2]",10.666680971781378,"{""capitals"": -0.033333333333334596, ""subtraction"": 4.2999713897705405}",capitals,continuous_primal_dual_psd,4,-0.18180821869867003,-0.1818082186988792,2.091660178393795e-13,"[0.9617433915578841, 0.03825660844211591]",primal=Optimization terminated successfully; dual=outer=Optimization terminated successfully; inner=Optimization terminated successfully,0,4.583333333333335,0.0,,pythia410m_10x_licenseclean_contcert_20260504_linear_20260504_deep6_licenseclean,pythia410m_10x_licenseclean_contcert_20260504
linear,pair,hemisphere+addition,9.574998092651338,8.20002861022946,0,"[0.2, 0.8]","[0.8, 0.2]",4.999995231628418,"{""addition"": -8.20002861022946, ""hemisphere"": -0.7253156286998726}",addition,continuous_primal_dual_psd,4,9.574998092651338,9.574998092651338,0.0,"[0.0, 1.0]",primal=Optimization terminated successfully; dual=outer=Optimization terminated successfully; inner=Optimization terminated successfully,1,-109.37541723251344,109.37541723251344,,pythia410m_10x_licenseclean_contcert_20260504_linear_20260504_deep6_licenseclean,pythia410m_10x_licenseclean_contcert_20260504
linear,pair,hemisphere+authors,43.173205327987674,26.950016689300504,0,"[0.8, 0.19999999999999996]","[0.8, 0.2]",0.0,"{""authors"": -26.950016689300504, ""hemisphere"": 0.6164573098539161}",authors,continuous_primal_dual_psd,4,43.173205327987674,43.173205327987674,0.0,"[0.0, 1.0]",primal=Optimization terminated successfully; dual=outer=Optimization terminated successfully; inner=Optimization terminated successfully,1,-89.28567171096807,89.28567171096807,,pythia410m_10x_licenseclean_contcert_20260504_linear_20260504_deep6_licenseclean,pythia410m_10x_licenseclean_contcert_20260504
linear,pair,hemisphere+modadd,1.3944668292998443,0.47215137429748366,0,"[0.8, 0.19999999999999996]","[0.8, 0.2]",0.0,"{""hemisphere"": -0.47215137429748366, ""modadd"": 3.4666507720947592}",hemisphere,continuous_primal_dual_psd,4,1.3944668292998443,1.3944668292998443,0.0,"[0.0, 1.0]",primal=Optimization terminated successfully; dual=outer=Optimization terminated successfully; inner=Optimization terminated successfully,0,20.156333595594006,0.0,,pythia410m_10x_licenseclean_contcert_20260504_linear_20260504_deep6_licenseclean,pythia410m_10x_licenseclean_contcert_20260504
linear,pair,hemisphere+multiplication,-0.4361825412001039,4.449966621398893,0,"[0.6296107903252943, 0.3703892096747057]","[0.2, 0.8]",2.384185791015625e-05,"{""hemisphere"": -2.636706944548473, ""multiplication"": -4.449966621398893}",multiplication,continuous_primal_dual_psd,4,-0.4361825412001039,-0.4361825412015819,1.4779844015322396e-12,"[0.9708806379843028, 0.029119362015697214]",primal=Optimization terminated successfully; dual=outer=Optimization terminated successfully; inner=Optimization terminated successfully,0,16.40625491738788,0.0,,pythia410m_10x_licenseclean_contcert_20260504_linear_20260504_deep6_licenseclean,pythia410m_10x_licenseclean_contcert_20260504
linear,pair,hemisphere+nli,19.961093376115787,8.73570747375485,0,"[0.7020234416690576, 0.2979765583309424]","[0.6, 0.4]",1.1920928955078125e-05,"{""hemisphere"": -0.5607584649681319, ""nli"": -8.73570747375485}",nli,continuous_primal_dual_psd,4,19.961093376115787,19.961093376115787,0.0,"[0.0, 1.0]",primal=Optimization terminated successfully; dual=outer=Optimization terminated successfully; inner=Optimization terminated successfully,0,7.343784421715185,0.0,,pythia410m_10x_licenseclean_contcert_20260504_linear_20260504_deep6_licenseclean,pythia410m_10x_licenseclean_contcert_20260504
linear,pair,hemisphere+subtraction,22.450020980834942,18.200019073486295,0,"[0.2, 0.8]","[0.8, 0.2]",6.25,"{""hemisphere"": 0.2746843713001274, ""subtraction"": -18.200019073486295}",subtraction,continuous_primal_dual_psd,4,22.450020980834942,22.450020980834942,0.0,"[0.0, 1.0]",primal=Optimization terminated successfully; dual=outer=Optimization terminated successfully; inner=Optimization terminated successfully,1,-78.12440395355232,78.12440395355232,,pythia410m_10x_licenseclean_contcert_20260504_linear_20260504_deep6_licenseclean,pythia410m_10x_licenseclean_contcert_20260504
linear,pair,multiplication+modadd,47.710411918161476,36.811116409301725,0,"[0.4600001557061076, 0.5399998442938925]","[0.6, 0.4]",5.555558204650879,"{""modadd"": -36.811116409301725, ""multiplication"": -3.199985694885221}",modadd,continuous_primal_dual_psd,4,47.710411918161476,47.710411918161476,0.0,"[0.0, 1.0]",primal=Optimization terminated successfully; dual=outer=Optimization terminated successfully; inner=Optimization terminated successfully,1,-203.12547683715815,203.12547683715815,,pythia410m_10x_licenseclean_contcert_20260504_linear_20260504_deep6_licenseclean,pythia410m_10x_licenseclean_contcert_20260504
linear,pair,nli+addition,23.691199493408178,14.45000476837155,0,"[0.2, 0.8]","[0.8, 0.2]",1.2500286102294922,"{""addition"": -14.45000476837155, ""nli"": -7.6940447807311685}",addition,continuous_primal_dual_psd,4,23.691199493408178,23.691199493408178,0.0,"[1.0, 0.0]",primal=Optimization terminated successfully; dual=outer=Optimization terminated successfully; inner=Optimization terminated successfully,1,-43.179988861084084,43.179988861084084,,pythia410m_10x_licenseclean_contcert_20260504_linear_20260504_deep6_licenseclean,pythia410m_10x_licenseclean_contcert_20260504
linear,pair,nli+authors,22.385666537222363,19.449999999999967,0,"[0.5396599540621982, 0.46034004593780176]","[0.8, 0.2]",28.541648387908936,"{""authors"": -19.449999999999967, ""nli"": -6.205955219268766}",authors,continuous_primal_dual_psd,4,22.385666537222363,22.385666537220594,1.7692514120426495e-12,"[0.570469029541764, 0.429530970458236]",primal=Optimization terminated successfully; dual=outer=Optimization terminated successfully; inner=Optimization terminated successfully,1,-93.41076016426088,93.41076016426088,,pythia410m_10x_licenseclean_contcert_20260504_linear_20260504_deep6_licenseclean,pythia410m_10x_licenseclean_contcert_20260504
linear,pair,nli+modadd,36.46391577720642,17.366674613952604,0,"[0.8, 0.19999999999999996]","[0.8, 0.2]",0.0,"{""modadd"": -17.366674613952604, ""nli"": -14.241662693023649}",modadd,continuous_primal_dual_psd,4,36.46391577720642,36.46391577720642,0.0,"[0.0, 1.0]",primal=Optimization terminated successfully; dual=outer=Optimization terminated successfully; inner=Optimization terminated successfully,1,-52.08343267440801,52.08343267440801,,pythia410m_10x_licenseclean_contcert_20260504_linear_20260504_deep6_licenseclean,pythia410m_10x_licenseclean_contcert_20260504
linear,pair,nli+multiplication,10.834852493184743,8.438101482391325,0,"[0.36842449409992, 0.63157550590008]","[0.4, 0.6]",0.0,"{""multiplication"": -3.199985694885221, ""nli"": -8.438101482391325}",nli,continuous_primal_dual_psd,4,10.834852493184743,10.834852493184743,0.0,"[1.0, 0.0]",primal=Optimization terminated successfully; dual=outer=Optimization terminated successfully; inner=Optimization terminated successfully,0,120.58407068252559,0.0,,pythia410m_10x_licenseclean_contcert_20260504_linear_20260504_deep6_licenseclean,pythia410m_10x_licenseclean_contcert_20260504
linear,pair,nli+subtraction,19.242877575717536,28.19998569488522,0,"[0.777626458254057, 0.22237354174594304]","[0.8, 0.2]",0.0,"{""nli"": -6.503585052490202, ""subtraction"": -28.19998569488522}",subtraction,continuous_primal_dual_psd,4,19.242877575717536,19.24287757571533,2.206235194535111e-12,"[0.0872662384046678, 0.9127337615953323]",primal=Optimization terminated successfully; dual=outer=Optimization terminated successfully; inner=Optimization terminated successfully,1,-0.0002980232238402713,0.0002980232238402713,,pythia410m_10x_licenseclean_contcert_20260504_linear_20260504_deep6_licenseclean,pythia410m_10x_licenseclean_contcert_20260504
linear,pair,population+addition,18.8525174199433,11.432364654540983,0,"[0.6362075755764867, 0.36379242442351334]","[0.8, 0.2]",10.959601402282715,"{""addition"": 25.549957084655794, ""population"": -11.432364654540983}",population,continuous_primal_dual_psd,4,18.8525174199433,18.8525174199433,0.0,"[1.0, 0.0]",primal=Optimization terminated successfully; dual=outer=Optimization terminated successfully; inner=Optimization terminated successfully,0,121.72520160675053,0.0,,pythia410m_10x_licenseclean_contcert_20260504_linear_20260504_deep6_licenseclean,pythia410m_10x_licenseclean_contcert_20260504
linear,pair,population+authors,20.483439636230457,56.11669130325314,0,"[0.8, 0.19999999999999996]","[0.8, 0.2]",0.0,"{""authors"": -56.11669130325314, ""population"": -5.750516128540006}",authors,continuous_primal_dual_psd,4,20.483439636230457,20.483439636230457,0.0,"[0.0, 1.0]",primal=Optimization terminated successfully; dual=outer=Optimization terminated successfully; inner=Optimization terminated successfully,1,-0.5578994750977654,0.5578994750977654,,pythia410m_10x_licenseclean_contcert_20260504_linear_20260504_deep6_licenseclean,pythia410m_10x_licenseclean_contcert_20260504
linear,pair,population+capitals,6.705358695983854,-1.022222222222221,1,"[0.2, 0.8]","[0.4, 0.6]",3.3383902443779503,"{""capitals"": 1.022222222222221, ""population"": 14.072701263427767}",capitals,continuous_primal_dual_psd,4,6.705358695983854,6.705358695983854,0.0,"[1.0, 0.0]",primal=Optimization terminated successfully; dual=outer=Optimization terminated successfully; inner=Optimization terminated successfully,1,-28.408765792846697,28.408765792846697,,pythia410m_10x_licenseclean_contcert_20260504_linear_20260504_deep6_licenseclean,pythia410m_10x_licenseclean_contcert_20260504
linear,pair,population+hemisphere,1.0157893597832945,0.15569406444355804,0,"[0.40354164235295076, 0.5964583576470492]","[0.2, 0.8]",0.8987342982390445,"{""hemisphere"": -0.15569406444355804, ""population"": 9.678766059875521}",hemisphere,continuous_primal_dual_psd,4,1.0157893597832945,1.0157893597832945,0.0,"[1.0, 0.0]",primal=Optimization terminated successfully; dual=outer=Optimization terminated successfully; inner=Optimization terminated successfully,0,0.15625491738788147,0.0,,pythia410m_10x_licenseclean_contcert_20260504_linear_20260504_deep6_licenseclean,pythia410m_10x_licenseclean_contcert_20260504
linear,pair,population+modadd,49.588890743255625,11.861637306213346,0,"[0.20000000000000012, 0.7999999999999998]","[0.8, 0.2]",29.116153717041016,"{""modadd"": 0.6888835906982749, ""population"": -11.861637306213346}",population,continuous_primal_dual_psd,4,49.588890743255625,49.588890743255625,0.0,"[0.0, 1.0]",primal=Optimization terminated successfully; dual=outer=Optimization terminated successfully; inner=Optimization terminated successfully,1,-138.88806104660028,138.88806104660028,,pythia410m_10x_licenseclean_contcert_20260504_linear_20260504_deep6_licenseclean,pythia410m_10x_licenseclean_contcert_20260504
linear,pair,population+multiplication,9.850414996056088,-0.6888835906982749,1,"[0.332557734477808, 0.667442265522192]","[0.8, 0.2]",9.671735763549805,"{""multiplication"": 23.05001907348636, ""population"": 0.6888835906982749}",population,continuous_primal_dual_psd,4,9.850414996056088,9.850414996056038,4.973799150320701e-14,"[0.3400175828849621, 0.6599824171150379]",primal=Optimization terminated successfully; dual=outer=Optimization terminated successfully; inner=Optimization terminated successfully,1,-140.62464237213135,140.62464237213135,,pythia410m_10x_licenseclean_contcert_20260504_linear_20260504_deep6_licenseclean,pythia410m_10x_licenseclean_contcert_20260504
linear,pair,population+nli,15.92537648677824,3.2297641754150064,0,"[0.8, 0.19999999999999996]","[0.4, 0.6]",2.1924734115600586,"{""nli"": -3.2297641754150064, ""population"": 8.491894531250033}",nli,continuous_primal_dual_psd,4,15.92537648677824,15.92537648677824,0.0,"[0.0, 1.0]",primal=Optimization terminated successfully; dual=outer=Optimization terminated successfully; inner=Optimization terminated successfully,1,-29.077976942062396,29.077976942062396,,pythia410m_10x_licenseclean_contcert_20260504_linear_20260504_deep6_licenseclean,pythia410m_10x_licenseclean_contcert_20260504
linear,pair,population+subtraction,32.6657516479492,6.785872650146452,0,"[0.2, 0.8]","[0.8, 0.2]",25.631332397460938,"{""population"": -6.785872650146452, ""subtraction"": 18.049976158142123}",population,continuous_primal_dual_psd,4,32.6657516479492,32.6657516479492,0.0,"[1.0, 0.0]",primal=Optimization terminated successfully; dual=outer=Optimization terminated successfully; inner=Optimization terminated successfully,1,-140.62494039535525,140.62494039535525,,pythia410m_10x_licenseclean_contcert_20260504_linear_20260504_deep6_licenseclean,pythia410m_10x_licenseclean_contcert_20260504
linear,pair,sciq+addition,0.3838770169080554,3.2000333786010415,0,"[0.79585709834368, 0.20414290165631999]","[0.6, 0.4]",1.2499809265136719,"{""addition"": -3.2000333786010415, ""sciq"": 0.47426320960874535}",addition,continuous_primal_dual_psd,4,0.3838770169080554,0.38387701684919384,5.886158227497162e-11,"[0.7896196042264668, 0.21038039577353326]",primal=Optimization terminated successfully; dual=outer=Optimization terminated successfully; inner=Optimization terminated successfully,1,-31.250119209289537,31.250119209289537,,pythia410m_10x_licenseclean_contcert_20260504_linear_20260504_deep6_licenseclean,pythia410m_10x_licenseclean_contcert_20260504
linear,pair,sciq+authors,29.987920594215353,17.78334684371945,0,"[0.8, 0.19999999999999996]","[0.8, 0.2]",0.0,"{""authors"": -17.78334684371945, ""sciq"": 0.007775158794504073}",authors,continuous_primal_dual_psd,4,29.987920594215353,29.987920594215353,0.0,"[0.0, 1.0]",primal=Optimization terminated successfully; dual=outer=Optimization terminated successfully; inner=Optimization terminated successfully,1,-99.88829493522638,99.88829493522638,,pythia410m_10x_licenseclean_contcert_20260504_linear_20260504_deep6_licenseclean,pythia410m_10x_licenseclean_contcert_20260504
linear,pair,sciq+capitals,-0.2092149122807021,-0.21689208416779868,1,"[0.47263157894709423, 0.5273684210529057]","[0.4, 0.6]",0.0,"{""capitals"": 0.4666666666666654, ""sciq"": 0.21689208416779868}",sciq,continuous_primal_dual_psd,4,-0.2092149122807021,-0.2092149122807021,0.0,"[0.0, 1.0]",primal=Optimization terminated successfully; dual=outer=Optimization terminated successfully; inner=Optimization terminated successfully,0,7.916666666666665,0.0,,pythia410m_10x_licenseclean_contcert_20260504_linear_20260504_deep6_licenseclean,pythia410m_10x_licenseclean_contcert_20260504
linear,pair,sciq+hemisphere,-0.42125224232887626,0.5987311112775509,0,"[0.2, 0.8]","[0.2, 0.8]",0.0,"{""hemisphere"": -0.5987311112775509, ""sciq"": 1.3214467884046455}",hemisphere,continuous_primal_dual_psd,4,-0.42125224232887626,-0.42125224232887626,0.0,"[0.0, 1.0]",primal=Optimization terminated successfully; dual=outer=Optimization terminated successfully; inner=Optimization terminated successfully,1,-27.702815921447467,27.702815921447467,,pythia410m_10x_licenseclean_contcert_20260504_linear_20260504_deep6_licenseclean,pythia410m_10x_licenseclean_contcert_20260504
linear,pair,sciq+modadd,-0.5004368799193557,-0.14986496426788082,1,"[0.758321892734836, 0.24167810726516403]","[0.8, 0.2]",0.0,"{""modadd"": 0.6888835906982749, ""sciq"": 0.14986496426788082}",sciq,continuous_primal_dual_psd,4,-0.5004368799193557,-0.5004368799253243,5.9685589803848416e-12,"[0.652526946649242, 0.34747305335075795]",primal=Optimization terminated successfully; dual=outer=Optimization terminated successfully; inner=Optimization terminated successfully,0,17.229784327601582,0.0,,pythia410m_10x_licenseclean_contcert_20260504_linear_20260504_deep6_licenseclean,pythia410m_10x_licenseclean_contcert_20260504
linear,pair,sciq+multiplication,2.700010013580287,-1.8281502520845974,1,"[0.2, 0.8]","[0.2, 0.8]",0.0,"{""multiplication"": 8.050009536743197, ""sciq"": 1.8281502520845974}",sciq,continuous_primal_dual_psd,4,2.700010013580287,2.700010013580287,0.0,"[0.0, 1.0]",primal=Optimization terminated successfully; dual=outer=Optimization terminated successfully; inner=Optimization terminated successfully,1,-140.6249403953552,140.6249403953552,,pythia410m_10x_licenseclean_contcert_20260504_linear_20260504_deep6_licenseclean,pythia410m_10x_licenseclean_contcert_20260504
linear,pair,sciq+nli,8.908326869517808,1.2952358245849283,0,"[0.604772436579293, 0.395227563420707]","[0.8, 0.2]",5.3571343421936035,"{""nli"": -1.2952358245849283, ""sciq"": 0.5359254108791014}",nli,continuous_primal_dual_psd,4,8.908326869517808,8.908326869517808,0.0,"[0.0, 1.0]",primal=Optimization terminated successfully; dual=outer=Optimization terminated successfully; inner=Optimization terminated successfully,0,11.993332323981512,0.0,,pythia410m_10x_licenseclean_contcert_20260504_linear_20260504_deep6_licenseclean,pythia410m_10x_licenseclean_contcert_20260504
linear,pair,sciq+population,4.199044179916358,0.09678276697074316,0,"[0.8, 0.19999999999999996]","[0.6, 0.4]",0.34584395990270983,"{""population"": 4.628249931335482, ""sciq"": -0.09678276697074316}",sciq,continuous_primal_dual_psd,4,4.199044179916358,4.199044179916358,0.0,"[0.0, 1.0]",primal=Optimization terminated successfully; dual=outer=Optimization terminated successfully; inner=Optimization terminated successfully,1,-10.456144809722947,10.456144809722947,,pythia410m_10x_licenseclean_contcert_20260504_linear_20260504_deep6_licenseclean,pythia410m_10x_licenseclean_contcert_20260504
linear,pair,sciq+subtraction,26.637688350677458,-1.2410191842016247,1,"[0.7999999999999985, 0.2000000000000015]","[0.8, 0.2]",0.0,"{""sciq"": 1.2410191842016247, ""subtraction"": 8.049985694885287}",sciq,continuous_primal_dual_psd,4,26.637688350677458,26.637688350677458,0.0,"[0.0, 1.0]",primal=Optimization terminated successfully; dual=outer=Optimization terminated successfully; inner=Optimization terminated successfully,1,-78.12559604644768,78.12559604644768,,pythia410m_10x_licenseclean_contcert_20260504_linear_20260504_deep6_licenseclean,pythia410m_10x_licenseclean_contcert_20260504
linear,pair,subtraction+modadd,46.945715000016506,35.42220897674557,0,"[0.42235280883861814, 0.5776471911613819]","[0.6, 0.4]",15.277814865112305,"{""modadd"": -35.42220897674557, ""subtraction"": -14.45000476837155}",modadd,continuous_primal_dual_psd,4,46.945715000016506,46.945715000016506,0.0,"[0.0, 1.0]",primal=Optimization terminated successfully; dual=outer=Optimization terminated successfully; inner=Optimization terminated successfully,0,295.1386570930478,0.0,,pythia410m_10x_licenseclean_contcert_20260504_linear_20260504_deep6_licenseclean,pythia410m_10x_licenseclean_contcert_20260504
linear,pair,subtraction+multiplication,21.32500476837154,31.949999999999967,0,"[0.2, 0.8]","[0.4, 0.6]",11.250019073486328,"{""multiplication"": -16.949990463256803, ""subtraction"": -31.949999999999967}",subtraction,continuous_primal_dual_psd,4,21.32500476837154,21.32500476837154,0.0,"[1.0, 0.0]",primal=Optimization terminated successfully; dual=outer=Optimization terminated successfully; inner=Optimization terminated successfully,1,-203.12488079071048,203.12488079071048,,pythia410m_10x_licenseclean_contcert_20260504_linear_20260504_deep6_licenseclean,pythia410m_10x_licenseclean_contcert_20260504
linear,triple,addition+multiplication+modadd,59.53394385784901,45.14444179534909,0,"[0.2, 0.6, 0.19999999999999996]","[0.2, 0.6, 0.2]",0.0,"{""addition"": -23.200038146972624, ""modadd"": -45.14444179534909, ""multiplication"": -10.699966621398893}",modadd,continuous_primal_dual_psd,6,59.53394385784901,59.53394385784901,0.0,"[0.0, 0.0, 1.0]",primal=Optimization terminated successfully; dual=outer=Optimization terminated successfully; inner=Optimization terminated successfully,1,-182.21673244723289,182.2167324472329,,pythia410m_10x_licenseclean_contcert_20260504_linear_20260504_deep6_licenseclean,pythia410m_10x_licenseclean_contcert_20260504
linear,triple,addition+subtraction+modadd,73.12405528300908,63.19999999999997,0,"[0.2, 0.2, 0.6]","[0.2, 0.4, 0.4]",1.388883590698235,"{""addition"": -38.20002384185788, ""modadd"": -63.19999999999997, ""subtraction"": -30.700019073486295}",modadd,continuous_primal_dual_psd,6,73.12405528300908,73.12405528300908,0.0,"[0.0, 0.0, 1.0]",primal=Optimization terminated successfully; dual=outer=Optimization terminated successfully; inner=Optimization terminated successfully,1,-477.94320819694514,477.94320819694525,,pythia410m_10x_licenseclean_contcert_20260504_linear_20260504_deep6_licenseclean,pythia410m_10x_licenseclean_contcert_20260504
linear,triple,addition+subtraction+multiplication,30.097300076641623,41.9499904632568,0,"[0.23218333731454188, 0.2, 0.5678166626854582]","[0.4, 0.2, 0.4]",3.750014305114746,"{""addition"": -40.70005722045895, ""multiplication"": -31.949999999999967, ""subtraction"": -41.9499904632568}",subtraction,continuous_primal_dual_psd,6,30.097300076641623,30.097300076592152,4.9471537977296975e-11,"[1.1436801620011725e-15, 0.8151068192745496, 0.18489318072544925]",primal=Optimization terminated successfully; dual=outer=Optimization terminated successfully; inner=Optimization terminated successfully,1,-575.7322155236488,575.7322155236487,,pythia410m_10x_licenseclean_contcert_20260504_linear_20260504_deep6_licenseclean,pythia410m_10x_licenseclean_contcert_20260504
linear,triple,authors+addition+modadd,40.894287095936086,49.45000715255734,0,"[0.4241267996878634, 0.3696690905125609, 0.2062041097995757]","[0.2, 0.4, 0.4]",5.625009536743164,"{""addition"": -23.200038146972624, ""authors"": -49.45000715255734, ""modadd"": -35.42220897674557}",authors,continuous_primal_dual_psd,6,40.894287095936086,40.894287095934,2.0889956431346945e-12,"[0.34058999299403475, 0.0, 0.6594100070059653]",primal=Optimization terminated successfully; dual=outer=Optimization terminated successfully; inner=Optimization terminated successfully,1,-76.77433177968197,76.77433177968197,,pythia410m_10x_licenseclean_contcert_20260504_linear_20260504_deep6_licenseclean,pythia410m_10x_licenseclean_contcert_20260504
linear,triple,authors+addition+multiplication,8.832279805226815,29.449990463256803,0,"[0.2980486410420311, 0.2, 0.5019513589579689]","[0.2, 0.6, 0.2]",8.750033378601074,"{""addition"": -9.450009536743131, ""authors"": -17.158332538604704, ""multiplication"": -29.449990463256803}",multiplication,continuous_primal_dual_psd,6,8.832279805226815,7.6481602483232685,1.1841195569035463,"[1.0, 0.0, 0.0]",primal=Optimization terminated successfully; dual=outer=Optimization terminated successfully; inner=Optimization terminated successfully,1,-761.2803933466672,761.2803933466672,,pythia410m_10x_licenseclean_contcert_20260504_linear_20260504_deep6_licenseclean,pythia410m_10x_licenseclean_contcert_20260504
linear,triple,authors+addition+subtraction,10.501084352021891,19.033339691162077,0,"[0.47463647814106924, 0.20000000000000312, 0.3253635218589277]","[0.4, 0.2, 0.4]",0.0,"{""addition"": -15.700009536743131, ""authors"": -19.033339691162077, ""subtraction"": -3.2000333786010415}",authors,continuous_primal_dual_psd,6,10.501084352021891,10.501084352010503,1.1388223697395006e-11,"[0.014791272100104235, 1.8122007495698696e-13, 0.9852087278997146]",primal=Optimization terminated successfully; dual=outer=Optimization terminated successfully; inner=Optimization terminated successfully,1,-364.0734394188736,364.07343941887353,,pythia410m_10x_licenseclean_contcert_20260504_linear_20260504_deep6_licenseclean,pythia410m_10x_licenseclean_contcert_20260504
linear,triple,authors+multiplication+modadd,70.08816968670868,59.03332538604733,0,"[0.2295225652363644, 0.2636010449608398, 0.5068763898027958]","[0.2, 0.6, 0.2]",7.083356380462639,"{""authors"": -40.49166746139523, ""modadd"": -59.03332538604733, ""multiplication"": -4.449990463256803}",modadd,continuous_primal_dual_psd,6,70.08816968670868,70.08816968663754,7.113953870430123e-11,"[0.4962018366380436, 1.691728506619943e-13, 0.5037981633617872]",primal=Optimization terminated successfully; dual=outer=Optimization terminated successfully; inner=Optimization terminated successfully,1,-750.919963424698,750.919963424698,,pythia410m_10x_licenseclean_contcert_20260504_linear_20260504_deep6_licenseclean,pythia410m_10x_licenseclean_contcert_20260504
linear,triple,authors+subtraction+modadd,114.58888359069833,38.19999999999997,0,"[0.2, 0.2, 0.6]","[0.2, 0.6, 0.2]",17.500007152557373,"{""authors"": -21.116653156280485, ""modadd"": -38.19999999999997, ""subtraction"": -25.700023841857877}",modadd,continuous_primal_dual_psd,6,114.58888359069833,114.58888359069833,0.0,"[0.0, 0.0, 1.0]",primal=Optimization terminated successfully; dual=outer=Optimization terminated successfully; inner=Optimization terminated successfully,1,-1985.1561956406172,1992.2203092663167,,pythia410m_10x_licenseclean_contcert_20260504_linear_20260504_deep6_licenseclean,pythia410m_10x_licenseclean_contcert_20260504
linear,triple,authors+subtraction+multiplication,36.32695948830545,25.28335161209103,0,"[0.2, 0.5658933980457205, 0.23410660195427946]","[0.4, 0.2, 0.4]",34.1666579246521,"{""authors"": -25.28335161209103, ""multiplication"": -21.94998569488522, ""subtraction"": -10.700014305114713}",authors,continuous_primal_dual_psd,6,36.32695948830545,36.32695948830545,0.0,"[0.0, 1.0, 0.0]",primal=Optimization terminated successfully; dual=outer=Optimization terminated successfully; inner=Optimization terminated successfully,1,-914.9640555838955,914.9640555838954,,pythia410m_10x_licenseclean_contcert_20260504_linear_20260504_deep6_licenseclean,pythia410m_10x_licenseclean_contcert_20260504
linear,triple,capitals+addition+modadd,48.4201903211184,0.6999999999999673,0,"[0.2, 0.33331210076417406, 0.4666878992358259]","[0.6, 0.2, 0.2]",34.722208976745605,"{""addition"": 1.7999856948852866, ""capitals"": 0.7444444444444431, ""modadd"": -0.6999999999999673}",modadd,continuous_primal_dual_psd,6,48.4201903211184,48.4201903211184,0.0,"[0.0, 0.0, 1.0]",primal=Optimization terminated successfully; dual=outer=Optimization terminated successfully; inner=Optimization terminated successfully,1,-453.0387080728826,453.0387080728826,,pythia410m_10x_licenseclean_contcert_20260504_linear_20260504_deep6_licenseclean,pythia410m_10x_licenseclean_contcert_20260504
linear,triple,capitals+addition+multiplication,5.7002098083495865,3.199961853027311,0,"[0.6, 0.2, 0.19999999999999996]","[0.4, 0.2, 0.4]",1.250004768371582,"{""addition"": 3.0499904632568686, ""capitals"": 0.4111111111111099, ""multiplication"": -3.199961853027311}",multiplication,continuous_primal_dual_psd,6,5.7002098083495865,5.7002098083495865,0.0,"[0.0, 0.0, 1.0]",primal=Optimization terminated successfully; dual=outer=Optimization terminated successfully; inner=Optimization terminated successfully,1,-250.0003576292895,250.00035763000005,,pythia410m_10x_licenseclean_contcert_20260504_linear_20260504_deep6_licenseclean,pythia410m_10x_licenseclean_contcert_20260504
linear,triple,capitals+addition+subtraction,4.652179149625778,-1.1888888888888876,1,"[0.20000000000000204, 0.33498724353748593, 0.46501275646251206]","[0.6, 0.2, 0.2]",21.888893657260436,"{""addition"": 19.299957084655794, ""capitals"": 1.1888888888888876, ""subtraction"": 8.049985694885287}",capitals,continuous_primal_dual_psd,6,4.652179149625778,4.652179149623107,2.6707525080382766e-12,"[0.7140525318813385, 0.0, 0.2859474681186615]",primal=Optimization terminated successfully; dual=outer=Optimization terminated successfully; inner=Optimization terminated successfully,1,-485.473229243206,485.47322924320594,,pythia410m_10x_licenseclean_contcert_20260504_linear_20260504_deep6_licenseclean,pythia410m_10x_licenseclean_contcert_20260504
linear,triple,capitals+authors+addition,28.70875889988475,13.824990463256803,0,"[0.2, 0.20000000000001014, 0.5999999999999899]","[0.4, 0.4, 0.2]",6.875038146972656,"{""addition"": 4.299995231628451, ""authors"": -13.824990463256803, ""capitals"": 1.4111111111111099}",authors,continuous_primal_dual_psd,6,28.70875889988475,28.70875889988475,0.0,"[0.0, 1.0, 0.0]",primal=Optimization terminated successfully; dual=outer=Optimization terminated successfully; inner=Optimization terminated successfully,1,-892.2518690665975,892.2518690665975,,pythia410m_10x_licenseclean_contcert_20260504_linear_20260504_deep6_licenseclean,pythia410m_10x_licenseclean_contcert_20260504
linear,triple,capitals+authors+modadd,30.04351863998457,7.644417953491178,0,"[0.31016669821598014, 0.3394126280179619, 0.350420673766058]","[0.6, 0.2, 0.2]",51.80560350418091,"{""authors"": -2.7833253860473306, ""capitals"": 0.4666666666666654, ""modadd"": -7.644417953491178}",modadd,continuous_primal_dual_psd,6,30.04351863998457,30.043518639979673,4.89563944938709e-12,"[0.0, 0.33862140586690376, 0.6613785941330962]",primal=Optimization terminated successfully; dual=outer=Optimization terminated successfully; inner=Optimization terminated successfully,1,-337.0453385596726,337.0453385596726,,pythia410m_10x_licenseclean_contcert_20260504_linear_20260504_deep6_licenseclean,pythia410m_10x_licenseclean_contcert_20260504
linear,triple,capitals+authors+multiplication,20.70000476837157,18.199947547912565,0,"[0.2, 0.2, 0.6]","[0.6, 0.2, 0.2]",6.04172945022583,"{""authors"": -2.7833373069762857, ""capitals"": 0.9111111111111099, ""multiplication"": -18.199947547912565}",multiplication,continuous_primal_dual_psd,6,20.70000476837157,20.700004768371514,5.684341886080802e-14,"[0.0, 4.16333634234432e-15, 0.9999999999999958]",primal=Optimization terminated successfully; dual=outer=Optimization terminated successfully; inner=Optimization terminated successfully,1,-564.7209883300873,577.9139545925531,,pythia410m_10x_licenseclean_contcert_20260504_linear_20260504_deep6_licenseclean,pythia410m_10x_licenseclean_contcert_20260504
linear,triple,capitals+authors+subtraction,66.95002622604372,6.325009536743131,0,"[0.2, 0.2, 0.6]","[0.6, 0.2, 0.2]",35.62498092651367,"{""authors"": -6.325009536743131, ""capitals"": 0.9111111111111099, ""subtraction"": -4.449990463256803}",authors,continuous_primal_dual_psd,6,66.95002622604372,66.95002622604372,0.0,"[0.0, 0.0, 1.0]",primal=Optimization terminated successfully; dual=outer=Optimization terminated successfully; inner=Optimization terminated successfully,1,-1094.95102962709,1130.1972323490281,,pythia410m_10x_licenseclean_contcert_20260504_linear_20260504_deep6_licenseclean,pythia410m_10x_licenseclean_contcert_20260504
linear,triple,capitals+hemisphere+addition,5.505127685701514,-0.4898759793930974,1,"[0.2, 0.20000000000000548, 0.5999999999999945]","[0.6, 0.2, 0.2]",3.6898855161362287,"{""addition"": 6.799980926513705, ""capitals"": 1.0777777777777766, ""hemisphere"": 0.4898759793930974}",hemisphere,continuous_primal_dual_psd,6,5.505127685701514,5.505127685701514,0.0,"[0.0, 1.0, 0.0]",primal=Optimization terminated successfully; dual=outer=Optimization terminated successfully; inner=Optimization terminated successfully,1,-337.8565558426126,337.8565558426126,,pythia410m_10x_licenseclean_contcert_20260504_linear_20260504_deep6_licenseclean,pythia410m_10x_licenseclean_contcert_20260504
linear,triple,capitals+hemisphere+authors,18.40091652870055,22.575011920928922,0,"[0.6000000000000207, 0.20000000000001095, 0.19999999999996831]","[0.2, 0.6, 0.2]",12.0833158493042,"{""authors"": -22.575011920928922, ""capitals"": -0.033333333333334596, ""hemisphere"": 1.6670885672536424}",authors,continuous_primal_dual_psd,6,18.40091652870055,18.400916528700535,1.4210854715202004e-14,"[0.0, 0.0, 1.0]",primal=Optimization terminated successfully; dual=outer=Optimization terminated successfully; inner=Optimization terminated successfully,1,-199.03171038005428,208.1734820461517,,pythia410m_10x_licenseclean_contcert_20260504_linear_20260504_deep6_licenseclean,pythia410m_10x_licenseclean_contcert_20260504
linear,triple,capitals+hemisphere+modadd,7.490445096197675,-0.02222222222222096,1,"[0.5741320715007485, 0.2, 0.22586792849925152]","[0.6, 0.2, 0.2]",0.0,"{""capitals"": 0.02222222222222096, ""hemisphere"": 1.0721481873359615, ""modadd"": 2.077767181396517}",capitals,continuous_primal_dual_psd,6,7.490445096197675,7.490445096197332,3.4283687000424834e-13,"[1.1280890895031856e-15, 0.8275557571496733, 0.17244424285032559]",primal=Optimization terminated successfully; dual=outer=Optimization terminated successfully; inner=Optimization terminated successfully,1,-92.9305822894641,92.9305822894641,,pythia410m_10x_licenseclean_contcert_20260504_linear_20260504_deep6_licenseclean,pythia410m_10x_licenseclean_contcert_20260504
linear,triple,capitals+hemisphere+multiplication,21.242946888159263,3.2000095367431314,0,"[0.2, 0.2750659821311537, 0.5249340178688463]","[0.2, 0.4, 0.4]",12.5,"{""capitals"": 0.4111111111111099, ""hemisphere"": 0.19873589171978648, ""multiplication"": -3.2000095367431314}",multiplication,continuous_primal_dual_psd,6,21.242946888159263,21.242946888159263,0.0,"[0.0, 0.0, 1.0]",primal=Optimization terminated successfully; dual=outer=Optimization terminated successfully; inner=Optimization terminated successfully,1,-522.4732020084696,522.4732020084696,,pythia410m_10x_licenseclean_contcert_20260504_linear_20260504_deep6_licenseclean,pythia410m_10x_licenseclean_contcert_20260504
linear,triple,capitals+hemisphere+nli,13.587084351613633,2.1881014823913247,0,"[0.4958211957001529, 0.20000000000000231, 0.3041788042998448]","[0.4, 0.4, 0.2]",4.315471649169922,"{""capitals"": -0.2555555555555568, ""hemisphere"": 1.059494356687909, ""nli"": -2.1881014823913247}",nli,continuous_primal_dual_psd,6,13.587084351613633,13.587084351613633,0.0,"[0.0, 0.0, 1.0]",primal=Optimization terminated successfully; dual=outer=Optimization terminated successfully; inner=Optimization terminated successfully,1,-38.472834707116064,38.472834707116064,,pythia410m_10x_licenseclean_contcert_20260504_linear_20260504_deep6_licenseclean,pythia410m_10x_licenseclean_contcert_20260504
linear,triple,capitals+hemisphere+subtraction,38.263021182734576,1.9500286102294595,0,"[0.2, 0.20000000000006357, 0.5999999999999364]","[0.4, 0.4, 0.2]",12.49997615814209,"{""capitals"": 0.13333333333333208, ""hemisphere"": -0.6873429823904537, ""subtraction"": -1.9500286102294595}",subtraction,continuous_primal_dual_psd,6,38.263021182734576,38.263021182734576,0.0,"[0.0, 0.0, 1.0]",primal=Optimization terminated successfully; dual=outer=Optimization terminated successfully; inner=Optimization terminated successfully,1,-944.8566494579254,944.8566494579254,,pythia410m_10x_licenseclean_contcert_20260504_linear_20260504_deep6_licenseclean,pythia410m_10x_licenseclean_contcert_20260504
linear,triple,capitals+multiplication+modadd,14.033324050950732,6.255534362792936,0,"[0.599999999999443, 0.2, 0.20000000000055707]","[0.6, 0.2, 0.2]",0.0,"{""capitals"": 1.1888888888888876, ""modadd"": -6.255534362792936, ""multiplication"": -4.449990463256803}",modadd,continuous_primal_dual_psd,6,14.033324050950732,14.033324050950732,0.0,"[0.0, 0.0, 1.0]",primal=Optimization terminated successfully; dual=outer=Optimization terminated successfully; inner=Optimization terminated successfully,1,-208.33301544205773,208.33301544205773,,pythia410m_10x_licenseclean_contcert_20260504_linear_20260504_deep6_licenseclean,pythia410m_10x_licenseclean_contcert_20260504
linear,triple,capitals+nli+addition,19.114984344201964,2.336910438537565,0,"[0.20000000000002785, 0.4468206174057974, 0.3531793825941747]","[0.6, 0.2, 0.2]",10.267853736877441,"{""addition"": 18.049976158142123, ""capitals"": 0.2444444444444432, ""nli"": -2.336910438537565}",nli,continuous_primal_dual_psd,6,19.114984344201964,19.114984344201964,0.0,"[0.0, 1.0, 0.0]",primal=Optimization terminated successfully; dual=outer=Optimization terminated successfully; inner=Optimization terminated successfully,1,-540.3808956639673,540.3808956639674,,pythia410m_10x_licenseclean_contcert_20260504_linear_20260504_deep6_licenseclean,pythia410m_10x_licenseclean_contcert_20260504
linear,triple,capitals+nli+authors,16.978029831938386,7.575002384185758,0,"[0.2, 0.4206626619236099, 0.37933733807639003]","[0.6, 0.2, 0.2]",32.91665315628052,"{""authors"": -7.575002384185758, ""capitals"": 0.2444444444444432, ""nli"": 9.270247745513949}",authors,continuous_primal_dual_psd,6,16.978029831938386,16.978029831938347,3.907985046680551e-14,"[0.0, 0.28254856776673487, 0.7174514322332652]",primal=Optimization terminated successfully; dual=outer=Optimization terminated successfully; inner=Optimization terminated successfully,1,-278.4007733646116,293.60308596356606,,pythia410m_10x_licenseclean_contcert_20260504_linear_20260504_deep6_licenseclean,pythia410m_10x_licenseclean_contcert_20260504
linear,triple,capitals+nli+modadd,18.165760206062174,9.03332538604733,0,"[0.5114763892814745, 0.20000000000004167, 0.28852361071848376]","[0.4, 0.4, 0.2]",2.384185791015625e-05,"{""capitals"": 1.2444444444444431, ""modadd"": -9.03332538604733, ""nli"": -7.842853736877409}",modadd,continuous_primal_dual_psd,6,18.165760206062174,18.165760206062174,0.0,"[0.0, 0.0, 1.0]",primal=Optimization terminated successfully; dual=outer=Optimization terminated successfully; inner=Optimization terminated successfully,1,-325.7760734695029,325.7760734695028,,pythia410m_10x_licenseclean_contcert_20260504_linear_20260504_deep6_licenseclean,pythia410m_10x_licenseclean_contcert_20260504
linear,triple,capitals+nli+multiplication,13.044419228433972,8.19998092651364,0,"[0.25212075794832317, 0.20000000000001625, 0.5478792420516606]","[0.2, 0.2, 0.6]",0.0,"{""capitals"": 0.4666666666666654, ""multiplication"": -8.19998092651364, ""nli"": -6.801202964782682}",multiplication,continuous_primal_dual_psd,6,13.044419228433972,13.044419228426559,7.412737090817245e-12,"[2.4572331696086734e-13, 0.7662238870449045, 0.23377611295484987]",primal=Optimization terminated successfully; dual=outer=Optimization terminated successfully; inner=Optimization terminated successfully,1,-407.6665996998776,407.66659969987757,,pythia410m_10x_licenseclean_contcert_20260504_linear_20260504_deep6_licenseclean,pythia410m_10x_licenseclean_contcert_20260504
linear,triple,capitals+nli+subtraction,26.950016689300536,1.741662693023649,0,"[0.2, 0.2, 0.6]","[0.4, 0.4, 0.2]",26.458346843719482,"{""capitals"": 0.4111111111111099, ""nli"": -1.741662693023649, ""subtraction"": -0.6999999999999673}",nli,continuous_primal_dual_psd,6,26.950016689300536,26.950016689300536,0.0,"[0.0, 0.0, 1.0]",primal=Optimization terminated successfully; dual=outer=Optimization terminated successfully; inner=Optimization terminated successfully,1,-500.0004172327514,515.3886513461291,,pythia410m_10x_licenseclean_contcert_20260504_linear_20260504_deep6_licenseclean,pythia410m_10x_licenseclean_contcert_20260504
linear,triple,capitals+subtraction+modadd,57.64447755813599,-1.7444444444444431,1,"[0.2, 0.2, 0.6]","[0.6, 0.2, 0.2]",35.77774598863386,"{""capitals"": 1.7444444444444431, ""modadd"": 11.800023841857943, ""subtraction"": 10.54999523162845}",capitals,continuous_primal_dual_psd,6,57.64447755813599,57.64447755813599,0.0,"[0.0, 0.0, 1.0]",primal=Optimization terminated successfully; dual=outer=Optimization terminated successfully; inner=Optimization terminated successfully,1,-731.3300931443323,751.1579484402006,,pythia410m_10x_licenseclean_contcert_20260504_linear_20260504_deep6_licenseclean,pythia410m_10x_licenseclean_contcert_20260504
linear,triple,capitals+subtraction+multiplication,-0.13958072021153928,8.20000476837155,0,"[0.37351410778881017, 0.2, 0.4264858922111898]","[0.4, 0.2, 0.4]",0.0,"{""capitals"": 1.0777777777777766, ""multiplication"": -1.9499809265136392, ""subtraction"": -8.20000476837155}",subtraction,continuous_primal_dual_psd,6,-0.13958072021153928,-0.1395807202116643,1.2501111257279263e-13,"[0.9866746628493157, 0.01332533715068435, 0.0]",primal=Optimization terminated successfully; dual=outer=Optimization terminated successfully; inner=Optimization terminated successfully,1,-469.42936905741567,469.4293690574156,,pythia410m_10x_licenseclean_contcert_20260504_linear_20260504_deep6_licenseclean,pythia410m_10x_licenseclean_contcert_20260504
linear,triple,hemisphere+addition+modadd,28.000914792626546,33.20000476837155,0,"[0.6, 0.2, 0.19999999999999996]","[0.6, 0.2, 0.2]",0.0,"{""addition"": -33.20000476837155, ""hemisphere"": -0.7253156286998726, ""modadd"": -11.811116409301725}",addition,continuous_primal_dual_psd,6,28.000914792626546,28.000914792626546,0.0,"[0.0, 0.0, 1.0]",primal=Optimization terminated successfully; dual=outer=Optimization terminated successfully; inner=Optimization terminated successfully,1,-62.71672095955526,62.716720959555275,,pythia410m_10x_licenseclean_contcert_20260504_linear_20260504_deep6_licenseclean,pythia410m_10x_licenseclean_contcert_20260504
linear,triple,hemisphere+addition+multiplication,18.568153700350393,23.199990463256803,0,"[0.20000000000001478, 0.3266284567184682, 0.4733715432815171]","[0.2, 0.4, 0.4]",0.0,"{""addition"": -15.700033378601042, ""hemisphere"": -3.206326915324036, ""multiplication"": -23.199990463256803}",multiplication,continuous_primal_dual_psd,6,18.568153700350393,18.568153700350045,3.481659405224491e-13,"[0.0, 2.1183055309843498e-13, 0.9999999999997882]",primal=Optimization terminated successfully; dual=outer=Optimization terminated successfully; inner=Optimization terminated successfully,1,-200.05450668315126,200.05450668315132,,pythia410m_10x_licenseclean_contcert_20260504_linear_20260504_deep6_licenseclean,pythia410m_10x_licenseclean_contcert_20260504
linear,triple,hemisphere+addition+subtraction,36.48801634573011,26.95002861022946,0,"[0.27504854615784147, 0.20000000000003562, 0.5249514538421229]","[0.4, 0.2, 0.4]",22.499966621398926,"{""addition"": -26.95002861022946, ""hemisphere"": -3.0797471783439687, ""subtraction"": -24.449995231628385}",addition,continuous_primal_dual_psd,6,36.48801634573011,36.48801634573011,0.0,"[0.0, 0.0, 1.0]",primal=Optimization terminated successfully; dual=outer=Optimization terminated successfully; inner=Optimization terminated successfully,1,-887.3771716142692,887.3771716142692,,pythia410m_10x_licenseclean_contcert_20260504_linear_20260504_deep6_licenseclean,pythia410m_10x_licenseclean_contcert_20260504
linear,triple,hemisphere+authors+addition,36.01381687961381,32.3666483879089,0,"[0.2, 0.2, 0.6]","[0.6, 0.2, 0.2]",15.208351612091064,"{""addition"": -6.949999999999967, ""authors"": -32.3666483879089, ""hemisphere"": -1.0291159209442424}",authors,continuous_primal_dual_psd,6,36.01381687961381,36.01381687961381,0.0,"[0.0, 1.0, 0.0]",primal=Optimization terminated successfully; dual=outer=Optimization terminated successfully; inner=Optimization terminated successfully,1,-689.2984977062476,689.2984977062478,,pythia410m_10x_licenseclean_contcert_20260504_linear_20260504_deep6_licenseclean,pythia410m_10x_licenseclean_contcert_20260504
linear,triple,hemisphere+authors+modadd,43.156783425799155,43.20000715255734,0,"[0.24137032874620862, 0.2, 0.5586296712537914]","[0.4, 0.2, 0.4]",25.208330154418938,"{""authors"": -43.20000715255734, ""hemisphere"": -1.117721418134139, ""modadd"": -17.366650772094694}",authors,continuous_primal_dual_psd,6,43.156783425799155,43.156783425755954,4.320099833421409e-11,"[1.0031398478245576e-12, 0.02507557089835128, 0.9749244291006456]",primal=Optimization terminated successfully; dual=outer=Optimization terminated successfully; inner=Optimization terminated successfully,1,-269.8618589336922,269.86185893369213,,pythia410m_10x_licenseclean_contcert_20260504_linear_20260504_deep6_licenseclean,pythia410m_10x_licenseclean_contcert_20260504
linear,triple,hemisphere+authors+multiplication,6.624657491139217,14.44998092651364,0,"[0.25988761973776675, 0.21042503507380675, 0.5296873451884265]","[0.6, 0.2, 0.2]",22.08336591720581,"{""authors"": -8.82500715255734, ""hemisphere"": 0.9202544151367829, ""multiplication"": -14.44998092651364}",multiplication,continuous_primal_dual_psd,6,6.624657491139217,6.624657490287199,8.52018011698874e-10,"[0.7825678677273785, 0.057480144282566405, 0.1599519879900551]",primal=Positive directional derivative for linesearch; dual=outer=Optimization terminated successfully; inner=Optimization terminated successfully,1,-104.84432789723675,107.8933427335896,,pythia410m_10x_licenseclean_contcert_20260504_linear_20260504_deep6_licenseclean,pythia410m_10x_licenseclean_contcert_20260504
linear,triple,hemisphere+authors+subtraction,63.20002384185794,16.950014305114713,0,"[0.2, 0.2, 0.6]","[0.6, 0.2, 0.2]",12.49997615814209,"{""authors"": -14.450016689300504, ""hemisphere"": -0.5607584649681319, ""subtraction"": -16.950014305114713}",subtraction,continuous_primal_dual_psd,6,63.20002384185794,63.20002384185794,0.0,"[0.0, 0.0, 1.0]",primal=Optimization terminated successfully; dual=outer=Optimization terminated successfully; inner=Optimization terminated successfully,1,-1223.192165700777,1269.3816170178798,,pythia410m_10x_licenseclean_contcert_20260504_linear_20260504_deep6_licenseclean,pythia410m_10x_licenseclean_contcert_20260504
linear,triple,hemisphere+multiplication+modadd,56.312125340904565,7.644441795349088,0,"[0.20000000000000004, 0.2000000000001528, 0.5999999999998471]","[0.6, 0.2, 0.2]",23.611092567443848,"{""hemisphere"": -0.5607584649681319, ""modadd"": -7.644441795349088, ""multiplication"": -4.449966621398893}",modadd,continuous_primal_dual_psd,6,56.312125340904565,56.312125340904565,0.0,"[0.0, 0.0, 1.0]",primal=Optimization terminated successfully; dual=outer=Optimization terminated successfully; inner=Optimization terminated successfully,1,-942.5146745328921,942.514674532892,,pythia410m_10x_licenseclean_contcert_20260504_linear_20260504_deep6_licenseclean,pythia410m_10x_licenseclean_contcert_20260504
linear,triple,hemisphere+nli+addition,47.4394024109472,11.950019073486295,0,"[0.2, 0.20000000000003357, 0.5999999999999664]","[0.2, 0.4, 0.4]",18.75,"{""addition"": -11.950019073486295, ""hemisphere"": -2.1430354533532507, ""nli"": -5.610695552825895}",addition,continuous_primal_dual_psd,6,47.4394024109472,47.4394024109472,0.0,"[0.0, 1.0, 0.0]",primal=Optimization terminated successfully; dual=outer=Optimization terminated successfully; inner=Optimization terminated successfully,1,-550.8129018321652,550.8129018321652,,pythia410m_10x_licenseclean_contcert_20260504_linear_20260504_deep6_licenseclean,pythia410m_10x_licenseclean_contcert_20260504
linear,triple,hemisphere+nli+authors,35.82838625652727,21.74166746139523,0,"[0.2, 0.4900456362633459, 0.3099543637366541]","[0.4, 0.4, 0.2]",17.291665077209473,"{""authors"": -21.74166746139523, ""hemisphere"": 0.2873397954289316, ""nli"": -6.652382087707487}",authors,continuous_primal_dual_psd,6,35.82838625652727,35.82838625652727,0.0,"[0.0, 0.0, 1.0]",primal=Optimization terminated successfully; dual=outer=Optimization terminated successfully; inner=Optimization terminated successfully,1,-393.4927327276791,393.49273272767914,,pythia410m_10x_licenseclean_contcert_20260504_linear_20260504_deep6_licenseclean,pythia410m_10x_licenseclean_contcert_20260504
linear,triple,hemisphere+nli+modadd,10.818774544019206,7.6940447807311685,0,"[0.3793964640236533, 0.2, 0.4206035359763467]","[0.4, 0.4, 0.2]",1.339280605316162,"{""hemisphere"": 0.03417872798804577, ""modadd"": 7.633349227905306, ""nli"": -7.6940447807311685}",nli,continuous_primal_dual_psd,6,10.818774544019206,10.818774544017291,1.91491267287347e-12,"[7.552626186497169e-14, 0.8674390975338651, 0.13256090246605934]",primal=Optimization terminated successfully; dual=outer=Optimization terminated successfully; inner=Optimization terminated successfully,1,-156.62792752337117,156.6279275233712,,pythia410m_10x_licenseclean_contcert_20260504_linear_20260504_deep6_licenseclean,pythia410m_10x_licenseclean_contcert_20260504
linear,triple,hemisphere+nli+multiplication,11.972997254780182,11.86070747375485,0,"[0.20000000000000237, 0.20000000000000287, 0.5999999999999948]","[0.2, 0.2, 0.6]",0.0,"{""hemisphere"": -2.2316441375046505, ""multiplication"": -6.949999999999967, ""nli"": -11.86070747375485}",nli,continuous_primal_dual_psd,6,11.972997254780182,11.972997254780182,0.0,"[0.0, 1.0, 0.0]",primal=Optimization terminated successfully; dual=outer=Optimization terminated successfully; inner=Optimization terminated successfully,1,-314.23079581480266,314.23079581480266,,pythia410m_10x_licenseclean_contcert_20260504_linear_20260504_deep6_licenseclean,pythia410m_10x_licenseclean_contcert_20260504
linear,triple,hemisphere+nli+subtraction,55.70001907350867,4.569056701660124,0,"[0.20000000000004547, 0.2, 0.5999999999999546]","[0.2, 0.6, 0.2]",16.130971908569336,"{""hemisphere"": -2.636710131509976, ""nli"": -4.569056701660124, ""subtraction"": 4.2999713897705405}",nli,continuous_primal_dual_psd,6,55.70001907350867,55.70001907350867,0.0,"[0.0, 0.0, 1.0]",primal=Optimization terminated successfully; dual=outer=Optimization terminated successfully; inner=Optimization terminated successfully,1,-1320.2591815724318,1332.437984533718,,pythia410m_10x_licenseclean_contcert_20260504_linear_20260504_deep6_licenseclean,pythia410m_10x_licenseclean_contcert_20260504
linear,triple,hemisphere+subtraction+modadd,56.970618710982365,15.977791023254362,0,"[0.2, 0.2, 0.6]","[0.4, 0.4, 0.2]",13.888859748840332,"{""hemisphere"": -3.965818085050451, ""modadd"": -15.977791023254362, ""subtraction"": -3.2000095367431314}",modadd,continuous_primal_dual_psd,6,56.970618710982365,56.970618710982365,0.0,"[0.0, 1.0, 0.0]",primal=Optimization terminated successfully; dual=outer=Optimization terminated successfully; inner=Optimization terminated successfully,1,-1314.8113531605904,1314.8113531605904,,pythia410m_10x_licenseclean_contcert_20260504_linear_20260504_deep6_licenseclean,pythia410m_10x_licenseclean_contcert_20260504
linear,triple,hemisphere+subtraction+multiplication,13.212939877224642,20.70000476837155,0,"[0.37426537638284374, 0.26151591484612907, 0.36421870877102713]","[0.4, 0.2, 0.4]",0.0,"{""hemisphere"": -2.978483070063765, ""multiplication"": -16.949990463256803, ""subtraction"": -20.70000476837155}",subtraction,continuous_primal_dual_psd,6,13.212939877224642,13.212939877223947,6.945555242054979e-13,"[0.0, 0.08337645393787307, 0.9166235460621269]",primal=Optimization terminated successfully; dual=outer=Optimization terminated successfully; inner=Optimization terminated successfully,1,-300.4325954805566,300.43259548055653,,pythia410m_10x_licenseclean_contcert_20260504_linear_20260504_deep6_licenseclean,pythia410m_10x_licenseclean_contcert_20260504
linear,triple,nli+addition+modadd,50.88127788026736,30.700042915344206,0,"[0.2, 0.2, 0.6]","[0.4, 0.4, 0.2]",6.11109733581543,"{""addition"": -30.700042915344206, ""modadd"": -29.866674613952604, ""nli"": -11.116662693023649}",addition,continuous_primal_dual_psd,6,50.88127788026736,50.88127788023202,3.5342395676707383e-11,"[0.0, 1.3839344748717463e-12, 0.999999999998616]",primal=Optimization terminated successfully; dual=outer=Optimization terminated successfully; inner=Optimization terminated successfully,1,-224.72764608653446,224.72764608653446,,pythia410m_10x_licenseclean_contcert_20260504_linear_20260504_deep6_licenseclean,pythia410m_10x_licenseclean_contcert_20260504
linear,triple,nli+addition+multiplication,19.272679296259604,13.199999999999967,0,"[0.22778645139014098, 0.2, 0.572213548609859]","[0.4, 0.2, 0.4]",2.384185791015625e-05,"{""addition"": -8.20002861022946, ""multiplication"": -13.199999999999967, ""nli"": -3.080931377410856}",multiplication,continuous_primal_dual_psd,6,19.272679296259604,19.272679296259604,0.0,"[1.0, 0.0, 0.0]",primal=Optimization terminated successfully; dual=outer=Optimization terminated successfully; inner=Optimization terminated successfully,1,-263.7236404702922,263.7236404702922,,pythia410m_10x_licenseclean_contcert_20260504_linear_20260504_deep6_licenseclean,pythia410m_10x_licenseclean_contcert_20260504
linear,triple,nli+addition+subtraction,107.57487125401178,31.949999999999967,0,"[0.20000000000009238, 0.2, 0.5999999999999076]","[0.6, 0.2, 0.2]",32.500028610229485,"{""addition"": -11.950019073486295, ""nli"": -0.6999761581420572, ""subtraction"": -31.949999999999967}",subtraction,continuous_primal_dual_psd,6,107.57487125401178,107.57487125401178,0.0,"[0.0, 0.0, 1.0]",primal=Optimization terminated successfully; dual=outer=Optimization terminated successfully; inner=Optimization terminated successfully,1,-1950.7242389056344,1950.8074858391094,,pythia410m_10x_licenseclean_contcert_20260504_linear_20260504_deep6_licenseclean,pythia410m_10x_licenseclean_contcert_20260504
linear,triple,nli+authors+addition,11.188715290236132,10.283342075347868,0,"[0.418421080073218, 0.2, 0.38157891992678206]","[0.6, 0.2, 0.2]",22.291648387908936,"{""addition"": 9.299990463256869, ""authors"": -10.283342075347868, ""nli"": -1.2952477455138833}",authors,continuous_primal_dual_psd,6,11.188715290236132,11.188715290232969,3.163691530971846e-12,"[0.8617599555541401, 3.924996512568647e-14, 0.13824004444582055]",primal=Optimization terminated successfully; dual=outer=Optimization terminated successfully; inner=Optimization terminated successfully,1,-252.68290538839128,252.68290538839125,,pythia410m_10x_licenseclean_contcert_20260504_linear_20260504_deep6_licenseclean,pythia410m_10x_licenseclean_contcert_20260504
linear,triple,nli+authors+modadd,61.14729666168091,39.866676998138395,0,"[0.2, 0.2, 0.6]","[0.4, 0.2, 0.4]",29.9999713897705,"{""authors"": -39.866676998138395, ""modadd"": -24.311092567443815, ""nli"": -15.432122421264616}",authors,continuous_primal_dual_psd,6,61.14729666168091,61.14729666168,9.094947017729282e-13,"[0.0, 1.3172796187175748e-13, 0.9999999999998683]",primal=Optimization terminated successfully; dual=outer=Optimization terminated successfully; inner=Optimization terminated successfully,1,-996.3205742815292,996.3205742815292,,pythia410m_10x_licenseclean_contcert_20260504_linear_20260504_deep6_licenseclean,pythia410m_10x_licenseclean_contcert_20260504
linear,triple,nli+authors+multiplication,30.58102436065673,14.44998092651364,0,"[0.2, 0.2, 0.6]","[0.4, 0.2, 0.4]",1.4583468437194824,"{""authors"": -10.283342075347868, ""multiplication"": -14.44998092651364, ""nli"": -6.057122421264616}",multiplication,continuous_primal_dual_psd,6,30.58102436065673,30.58102436065673,0.0,"[1.0, 0.0, 0.0]",primal=Optimization terminated successfully; dual=outer=Optimization terminated successfully; inner=Optimization terminated successfully,1,-522.2217682321068,522.9690326918567,,pythia410m_10x_licenseclean_contcert_20260504_linear_20260504_deep6_licenseclean,pythia410m_10x_licenseclean_contcert_20260504
linear,triple,nli+authors+subtraction,-2.711004680382189,12.575021457672086,0,"[0.3113439244937372, 0.41390336627128854, 0.2747527092349742]","[0.6, 0.2, 0.2]",20.833313465118408,"{""authors"": -12.575021457672086, ""nli"": 0.04404478073123386, ""subtraction"": 16.79997138977054}",authors,continuous_primal_dual_psd,6,-2.711004680382189,-2.7110046804504746,6.828582144180473e-11,"[0.30000371464496334, 0.14891063071125055, 0.5510856546437861]",primal=Optimization terminated successfully; dual=outer=Optimization terminated successfully; inner=Optimization terminated successfully,1,-36.26441008256003,36.26441008256001,,pythia410m_10x_licenseclean_contcert_20260504_linear_20260504_deep6_licenseclean,pythia410m_10x_licenseclean_contcert_20260504
linear,triple,nli+multiplication+modadd,20.451601600074998,19.449999999999967,0,"[0.5307694136040486, 0.2692305863959566, 0.19999999999999485]","[0.4, 0.4, 0.2]",0.0,"{""modadd"": -13.199999999999967, ""multiplication"": -19.449999999999967, ""nli"": -8.43808956146237}",multiplication,continuous_primal_dual_psd,6,20.451601600074998,20.451601600074998,0.0,"[0.0, 0.0, 1.0]",primal=Optimization terminated successfully; dual=outer=Optimization terminated successfully; inner=Optimization terminated successfully,1,-199.5814751799236,199.58147517992356,,pythia410m_10x_licenseclean_contcert_20260504_linear_20260504_deep6_licenseclean,pythia410m_10x_licenseclean_contcert_20260504
linear,triple,nli+subtraction+modadd,95.83893127441416,11.811092567443815,0,"[0.2, 0.2, 0.6]","[0.6, 0.2, 0.2]",23.611164093017578,"{""modadd"": -11.811092567443815, ""nli"": -6.949999999999967, ""subtraction"": 1.7999856948852866}",modadd,continuous_primal_dual_psd,6,95.83893127441416,95.83893127441416,0.0,"[0.0, 0.0, 1.0]",primal=Optimization terminated successfully; dual=outer=Optimization terminated successfully; inner=Optimization terminated successfully,1,-1410.265140808741,1474.3675845865534,,pythia410m_10x_licenseclean_contcert_20260504_linear_20260504_deep6_licenseclean,pythia410m_10x_licenseclean_contcert_20260504
linear,triple,nli+subtraction+multiplication,17.383016097877967,19.449999999999967,0,"[0.29457993791636944, 0.20000000000001378, 0.5054200620836168]","[0.4, 0.2, 0.4]",7.500004768371582,"{""multiplication"": -19.449999999999967, ""nli"": -3.9738208770751626, ""subtraction"": -11.949995231628385}",multiplication,continuous_primal_dual_psd,6,17.383016097877967,17.383016097877963,3.552713678800501e-15,"[0.9999999999999944, 0.0, 5.60662627435701e-15]",primal=Optimization terminated successfully; dual=outer=Optimization terminated successfully; inner=Optimization terminated successfully,1,-285.1434348795794,285.14343487957944,,pythia410m_10x_licenseclean_contcert_20260504_linear_20260504_deep6_licenseclean,pythia410m_10x_licenseclean_contcert_20260504
linear,triple,population+addition+modadd,70.52502716102953,13.199999999999967,0,"[0.28097641217513963, 0.2000000000000408, 0.5190235878248195]","[0.6, 0.2, 0.2]",29.166674613952637,"{""addition"": 21.79996662139896, ""modadd"": -13.199999999999967, ""population"": -9.53841514587399}",modadd,continuous_primal_dual_psd,6,70.52502716102953,70.52502716102953,0.0,"[0.0, 0.0, 1.0]",primal=Optimization terminated successfully; dual=outer=Optimization terminated successfully; inner=Optimization terminated successfully,1,-939.2340338681759,1010.6881094999517,,pythia410m_10x_licenseclean_contcert_20260504_linear_20260504_deep6_licenseclean,pythia410m_10x_licenseclean_contcert_20260504
linear,triple,population+addition+multiplication,1.7943602608054832,4.449990463256803,0,"[0.34594667039095567, 0.2, 0.4540533296090443]","[0.6, 0.2, 0.2]",5.113697052001953,"{""addition"": -1.9500047683715493, ""multiplication"": -4.449990463256803, ""population"": -3.730323982238737}",multiplication,continuous_primal_dual_psd,6,1.7943602608054832,1.7943602608054832,0.0,"[1.0, 0.0, 0.0]",primal=Optimization terminated successfully; dual=outer=Optimization terminated successfully; inner=Optimization terminated successfully,1,-305.00373717178934,305.00373717178934,,pythia410m_10x_licenseclean_contcert_20260504_linear_20260504_deep6_licenseclean,pythia410m_10x_licenseclean_contcert_20260504
linear,triple,population+addition+subtraction,72.51180715560965,18.250539970397917,0,"[0.2, 0.20000000000000362, 0.5999999999999963]","[0.6, 0.2, 0.2]",26.19946002960205,"{""addition"": 11.800000000000033, ""population"": -18.250539970397917, ""subtraction"": 4.299995231628451}",population,continuous_primal_dual_psd,6,72.51180715560965,72.51180715560965,0.0,"[1.0, 0.0, 0.0]",primal=Optimization terminated successfully; dual=outer=Optimization terminated successfully; inner=Optimization terminated successfully,1,-730.4293253953052,742.7037193975982,,pythia410m_10x_licenseclean_contcert_20260504_linear_20260504_deep6_licenseclean,pythia410m_10x_licenseclean_contcert_20260504
linear,triple,population+authors+addition,18.64262399321011,36.95000715255734,0,"[0.2512350146666589, 0.26665141692920963, 0.48211356840413155]","[0.6, 0.2, 0.2]",1.2499690055847168,"{""addition"": 21.79996662139896, ""authors"": -36.95000715255734, ""population"": 4.072710800170931}",authors,continuous_primal_dual_psd,6,18.64262399321011,18.642623993209774,3.339550858072471e-13,"[0.5718310357551526, 0.42816896424484735, 0.0]",primal=Optimization terminated successfully; dual=outer=Optimization terminated successfully; inner=Optimization terminated successfully,1,-144.9425429158402,144.94254291584022,,pythia410m_10x_licenseclean_contcert_20260504_linear_20260504_deep6_licenseclean,pythia410m_10x_licenseclean_contcert_20260504
linear,triple,population+authors+modadd,58.98384754027336,30.908337306976286,0,"[0.2, 0.3507961350570466, 0.4492038649429534]","[0.6, 0.2, 0.2]",32.70833492279053,"{""authors"": -30.908337306976286, ""modadd"": 3.4666507720947592, ""population"": -17.366698455810514}",authors,continuous_primal_dual_psd,6,58.98384754027336,58.98384754027336,0.0,"[0.0, 1.0, 0.0]",primal=Optimization terminated successfully; dual=outer=Optimization terminated successfully; inner=Optimization terminated successfully,1,-763.0327019765396,763.0327019765394,,pythia410m_10x_licenseclean_contcert_20260504_linear_20260504_deep6_licenseclean,pythia410m_10x_licenseclean_contcert_20260504
linear,triple,population+authors+multiplication,19.512042943137796,12.947538566589323,0,"[0.20000000000000007, 0.30581820120929637, 0.49418179879070356]","[0.4, 0.2, 0.4]",19.41910982131958,"{""authors"": -12.575009536743131, ""multiplication"": 21.79999046325687, ""population"": -12.947538566589323}",population,continuous_primal_dual_psd,6,19.512042943137796,19.512042943137796,0.0,"[1.0, 0.0, 0.0]",primal=Optimization terminated successfully; dual=outer=Optimization terminated successfully; inner=Optimization terminated successfully,1,-391.59656117546467,415.7531519220052,,pythia410m_10x_licenseclean_contcert_20260504_linear_20260504_deep6_licenseclean,pythia410m_10x_licenseclean_contcert_20260504
linear,triple,population+authors+subtraction,27.631350610511316,20.674780082702604,0,"[0.2, 0.20000000000000287, 0.5999999999999971]","[0.4, 0.2, 0.4]",11.035370826721191,"{""authors"": -11.741676998138395, ""population"": -20.674780082702604, ""subtraction"": -5.700019073486295}",population,continuous_primal_dual_psd,6,27.631350610511316,27.631350610511316,0.0,"[0.0, 0.0, 1.0]",primal=Optimization terminated successfully; dual=outer=Optimization terminated successfully; inner=Optimization terminated successfully,1,-363.25445441237747,363.25445441237747,,pythia410m_10x_licenseclean_contcert_20260504_linear_20260504_deep6_licenseclean,pythia410m_10x_licenseclean_contcert_20260504
linear,triple,population+capitals+addition,39.58881206513108,2.8464586257934243,0,"[0.2, 0.20000000000004317, 0.5999999999999568]","[0.2, 0.4, 0.4]",14.52023983001709,"{""addition"": 3.0499904632568686, ""capitals"": 1.0777777777777766, ""population"": -2.8464586257934243}",population,continuous_primal_dual_psd,6,39.58881206513108,39.58881206513108,0.0,"[1.0, 0.0, 0.0]",primal=Optimization terminated successfully; dual=outer=Optimization terminated successfully; inner=Optimization terminated successfully,1,-841.7291289784469,841.7291289784469,,pythia410m_10x_licenseclean_contcert_20260504_linear_20260504_deep6_licenseclean,pythia410m_10x_licenseclean_contcert_20260504
linear,triple,population+capitals+authors,11.16774679051214,18.616679382324186,0,"[0.2372067237089656, 0.42740644935765904, 0.3353868269333754]","[0.4, 0.4, 0.2]",18.541646003723145,"{""authors"": -18.616679382324186, ""capitals"": 1.3555555555555543, ""population"": 3.769656944274935}",authors,continuous_primal_dual_psd,6,11.16774679051214,11.16774679051059,1.5507595207964187e-12,"[0.8818628592352827, 1.5544282059513498e-14, 0.11813714076470173]",primal=Optimization terminated successfully; dual=outer=Optimization terminated successfully; inner=Optimization terminated successfully,1,-78.35728798342055,78.35728798342052,,pythia410m_10x_licenseclean_contcert_20260504_linear_20260504_deep6_licenseclean,pythia410m_10x_licenseclean_contcert_20260504
linear,triple,population+capitals+hemisphere,3.7802911820698313,-0.03417872798804577,1,"[0.3746051865899573, 0.2991014790412022, 0.32629333436884056]","[0.2, 0.6, 0.2]",0.46835745597611056,"{""capitals"": 0.3555555555555543, ""hemisphere"": 0.03417872798804577, ""population"": 6.900998878479037}",hemisphere,continuous_primal_dual_psd,6,3.7802911820698313,3.7802911820698313,0.0,"[1.0, 0.0, 0.0]",primal=Optimization terminated successfully; dual=outer=Optimization terminated successfully; inner=Optimization terminated successfully,1,-11.243685418725558,11.243685418725555,,pythia410m_10x_licenseclean_contcert_20260504_linear_20260504_deep6_licenseclean,pythia410m_10x_licenseclean_contcert_20260504
linear,triple,population+capitals+modadd,18.176651549385234,-0.3555555555555543,1,"[0.2, 0.5260569473833183, 0.2739430526166817]","[0.2, 0.6, 0.2]",0.0,"{""capitals"": 0.3555555555555543, ""modadd"": 7.633325386047396, ""population"": 8.365651893615755}",capitals,continuous_primal_dual_psd,6,18.176651549385234,18.176651549246536,1.3869794202037156e-10,"[0.5854393326604377, 2.1053313989858936e-14, 0.4145606673395413]",primal=Optimization terminated successfully; dual=outer=Optimization terminated successfully; inner=Optimization terminated successfully,1,-557.2856342820273,557.2856342820274,,pythia410m_10x_licenseclean_contcert_20260504_linear_20260504_deep6_licenseclean,pythia410m_10x_licenseclean_contcert_20260504
linear,triple,population+capitals+multiplication,15.308046891443638,1.4575750350951822,0,"[0.2620957218859551, 0.3395997136074929, 0.39830456450655194]","[0.2, 0.6, 0.2]",13.080835342407227,"{""capitals"": 0.2444444444444432, ""multiplication"": 13.050028610229525, ""population"": -1.4575750350951822}",population,continuous_primal_dual_psd,6,15.308046891443638,15.308046891443025,6.128431095930864e-13,"[0.7316606186502795, 0.0, 0.26833938134972046]",primal=Optimization terminated successfully; dual=outer=Optimization terminated successfully; inner=Optimization terminated successfully,1,-400.2415283263987,400.2415283263987,,pythia410m_10x_licenseclean_contcert_20260504_linear_20260504_deep6_licenseclean,pythia410m_10x_licenseclean_contcert_20260504
linear,triple,population+capitals+nli,7.73839646001717,-2.573820877075228,1,"[0.38797938108055874, 0.2, 0.4120206189194413]","[0.4, 0.2, 0.4]",0.0,"{""capitals"": 2.6888888888888878, ""nli"": 2.573820877075228, ""population"": 4.855534362793001}",nli,continuous_primal_dual_psd,6,7.73839646001717,7.73839646001717,0.0,"[0.0, 0.0, 1.0]",primal=Optimization terminated successfully; dual=outer=Optimization terminated successfully; inner=Optimization terminated successfully,1,-270.54366883209434,270.54366883209434,,pythia410m_10x_licenseclean_contcert_20260504_linear_20260504_deep6_licenseclean,pythia410m_10x_licenseclean_contcert_20260504
linear,triple,population+capitals+subtraction,2.828018622394751,-1.2444444444444431,1,"[0.3893718361649634, 0.4106281638350487, 0.19999999999998797]","[0.2, 0.6, 0.2]",12.0959737565782,"{""capitals"": 1.2444444444444431, ""population"": 1.3707130432129233, ""subtraction"": 15.549990463256869}",capitals,continuous_primal_dual_psd,6,2.828018622394751,2.828018622394751,0.0,"[1.0, 0.0, 0.0]",primal=Optimization terminated successfully; dual=outer=Optimization terminated successfully; inner=Optimization terminated successfully,1,-20.707381501496783,21.14762923408257,,pythia410m_10x_licenseclean_contcert_20260504_linear_20260504_deep6_licenseclean,pythia410m_10x_licenseclean_contcert_20260504
linear,triple,population+hemisphere+addition,14.316060408841135,9.563663673400846,0,"[0.2671811487229327, 0.3583152528521313, 0.3745035984249361]","[0.6, 0.2, 0.2]",9.886360168457031,"{""addition"": 5.550000000000033, ""hemisphere"": -3.839241535031887, ""population"": -9.563663673400846}",population,continuous_primal_dual_psd,6,14.316060408841135,14.316060408835197,5.938360914115037e-12,"[0.8608481256467655, 0.0, 0.13915187435323456]",primal=Optimization terminated successfully; dual=outer=Optimization terminated successfully; inner=Optimization terminated successfully,1,-251.03968792914924,251.03968792914924,,pythia410m_10x_licenseclean_contcert_20260504_linear_20260504_deep6_licenseclean,pythia410m_10x_licenseclean_contcert_20260504
linear,triple,population+hemisphere+authors,54.51873661621213,12.574997615814176,0,"[0.20000000000000298, 0.30906327746424134, 0.4909367225357557]","[0.4, 0.4, 0.2]",23.749995231628418,"{""authors"": -12.574997615814176, ""hemisphere"": -0.26961837729482097, ""population"": 5.991884994506869}",authors,continuous_primal_dual_psd,6,54.51873661621213,54.51873661621213,0.0,"[0.0, 0.0, 1.0]",primal=Optimization terminated successfully; dual=outer=Optimization terminated successfully; inner=Optimization terminated successfully,1,-473.1602515308524,473.1602515308524,,pythia410m_10x_licenseclean_contcert_20260504_linear_20260504_deep6_licenseclean,pythia410m_10x_licenseclean_contcert_20260504
linear,triple,population+hemisphere+modadd,10.229322052697768,2.0888835906982095,0,"[0.3940432427801033, 0.2936807707078979, 0.31227598651199884]","[0.6, 0.2, 0.2]",13.888931274414062,"{""hemisphere"": -2.0670853802921583, ""modadd"": -2.0888835906982095, ""population"": -0.9778053283691079}",modadd,continuous_primal_dual_psd,6,10.229322052697768,10.229322052697082,6.856737400084967e-13,"[0.8536058774157703, 0.0, 0.14639412258422954]",primal=Optimization terminated successfully; dual=outer=Optimization terminated successfully; inner=Optimization terminated successfully,1,-239.55565256792235,239.55565256792238,,pythia410m_10x_licenseclean_contcert_20260504_linear_20260504_deep6_licenseclean,pythia410m_10x_licenseclean_contcert_20260504
linear,triple,population+hemisphere+multiplication,16.40538110832398,3.3962013012363914,0,"[0.2, 0.2, 0.6]","[0.6, 0.2, 0.2]",13.553765320162501,"{""hemisphere"": -3.3962013012363914, ""multiplication"": 8.050033378601107, ""population"": 2.7595966339111655}",hemisphere,continuous_primal_dual_psd,6,16.40538110832398,16.40538110832398,0.0,"[1.0, 0.0, 0.0]",primal=Optimization terminated successfully; dual=outer=Optimization terminated successfully; inner=Optimization terminated successfully,1,-401.7742043484673,401.77420434846726,,pythia410m_10x_licenseclean_contcert_20260504_linear_20260504_deep6_licenseclean,pythia410m_10x_licenseclean_contcert_20260504
linear,triple,population+hemisphere+nli,36.5633935451511,1.307594210565743,0,"[0.2, 0.20000000000000143, 0.5999999999999985]","[0.6, 0.2, 0.2]",6.237653534948141,"{""hemisphere"": -1.307594210565743, ""nli"": 4.954764175415072, ""population"": 5.486866760253939}",hemisphere,continuous_primal_dual_psd,6,36.5633935451511,36.5633935451511,0.0,"[0.0, 0.0, 1.0]",primal=Optimization terminated successfully; dual=outer=Optimization terminated successfully; inner=Optimization terminated successfully,1,-697.8919065861896,699.4881665336476,,pythia410m_10x_licenseclean_contcert_20260504_linear_20260504_deep6_licenseclean,pythia410m_10x_licenseclean_contcert_20260504
linear,triple,population+hemisphere+subtraction,29.205855466571805,9.450033378601042,0,"[0.2, 0.2, 0.6]","[0.6, 0.2, 0.2]",12.335848808288574,"{""hemisphere"": -4.130380029224447, ""population"": 1.0424106597900717, ""subtraction"": -9.450033378601042}",subtraction,continuous_primal_dual_psd,6,29.205855466571805,29.205855466571805,0.0,"[0.0, 0.0, 1.0]",primal=Optimization terminated successfully; dual=outer=Optimization terminated successfully; inner=Optimization terminated successfully,1,-615.6377246890385,615.6377246890385,,pythia410m_10x_licenseclean_contcert_20260504_linear_20260504_deep6_licenseclean,pythia410m_10x_licenseclean_contcert_20260504
linear,triple,population+multiplication+modadd,62.26340924211644,13.199999999999967,0,"[0.2, 0.20000000000069895, 0.5999999999993011]","[0.6, 0.2, 0.2]",22.222208976745605,"{""modadd"": -13.199999999999967, ""multiplication"": 25.550004768371615, ""population"": -5.624249649047819}",modadd,continuous_primal_dual_psd,6,62.26340924211644,62.26340924211644,0.0,"[0.0, 0.0, 1.0]",primal=Optimization terminated successfully; dual=outer=Optimization terminated successfully; inner=Optimization terminated successfully,1,-660.0235478263868,660.0235478263869,,pythia410m_10x_licenseclean_contcert_20260504_linear_20260504_deep6_licenseclean,pythia410m_10x_licenseclean_contcert_20260504
linear,triple,population+nli+addition,10.554854544862788,-0.5500047683716147,1,"[0.5786815512737155, 0.20000000000005513, 0.2213184487262294]","[0.6, 0.2, 0.2]",0.0,"{""addition"": 0.5500047683716147, ""nli"": 1.978585052490267, ""population"": 3.8454263687134116}",addition,continuous_primal_dual_psd,6,10.554854544862788,10.554854544859289,3.4994229736184934e-12,"[8.048006705501283e-13, 0.9999999999991953, 0.0]",primal=Optimization terminated successfully; dual=outer=Optimization terminated successfully; inner=Optimization terminated successfully,1,-361.1199271828537,361.1199271828537,,pythia410m_10x_licenseclean_contcert_20260504_linear_20260504_deep6_licenseclean,pythia410m_10x_licenseclean_contcert_20260504
linear,triple,population+nli+authors,14.266288432436667,21.32500715255734,0,"[0.2, 0.30335483207327674, 0.4966451679267232]","[0.2, 0.6, 0.2]",19.791650772094727,"{""authors"": -21.32500715255734, ""nli"": -7.396438789367643, ""population"": 9.375759887695345}",authors,continuous_primal_dual_psd,6,14.266288432436667,14.266288432435454,1.213251721310371e-12,"[0.8204307819600735, 3.5305464502693525e-16, 0.1795692180399262]",primal=Optimization terminated successfully; dual=outer=Optimization terminated successfully; inner=Optimization terminated successfully,1,-299.11441045171154,299.1144104517116,,pythia410m_10x_licenseclean_contcert_20260504_linear_20260504_deep6_licenseclean,pythia410m_10x_licenseclean_contcert_20260504
linear,triple,population+nli+modadd,25.2976720133333,-0.49048357009890964,1,"[0.2451264547136154, 0.33519933611631625, 0.41967420917006837]","[0.4, 0.4, 0.2]",15.07939100265503,"{""modadd"": 3.4666507720947592, ""nli"": 0.49048357009890964, ""population"": 3.4918992996216147}",nli,continuous_primal_dual_psd,6,25.2976720133333,25.29767166074962,3.52583679585905e-07,"[0.019798223755906934, 0.12302066744246012, 0.857181108801633]",primal=Positive directional derivative for linesearch; dual=outer=Optimization terminated successfully; inner=Optimization terminated successfully,1,-484.4708612429964,484.47086124299636,,pythia410m_10x_licenseclean_contcert_20260504_linear_20260504_deep6_licenseclean,pythia410m_10x_licenseclean_contcert_20260504
linear,triple,population+nli+multiplication,14.27756027346,-3.913113403320345,1,"[0.2, 0.21396241909526892, 0.5860375809047311]","[0.6, 0.2, 0.2]",8.527278900146484,"{""multiplication"": 14.300033378601107, ""nli"": 3.913113403320345, ""population"": 10.991880226135287}",nli,continuous_primal_dual_psd,6,14.27756027346,14.277560273456553,3.447908625275886e-12,"[1.522517098750129e-17, 0.7719082470844766, 0.22809175291552347]",primal=Optimization terminated successfully; dual=outer=Optimization terminated successfully; inner=Optimization terminated successfully,1,-745.6261258401098,745.6261258401099,,pythia410m_10x_licenseclean_contcert_20260504_linear_20260504_deep6_licenseclean,pythia410m_10x_licenseclean_contcert_20260504
linear,triple,population+nli+subtraction,36.77120235227168,-5.688878822326693,1,"[0.20000000000002033, 0.2, 0.5999999999999797]","[0.2, 0.6, 0.2]",20.505046844482422,"{""nli"": 8.526191043853792, ""population"": 5.688878822326693, ""subtraction"": 6.800004768371615}",population,continuous_primal_dual_psd,6,36.77120235227168,36.77120235227168,0.0,"[1.0, 0.0, 0.0]",primal=Optimization terminated successfully; dual=outer=Optimization terminated successfully; inner=Optimization terminated successfully,1,-454.60870593604653,454.60870593604653,,pythia410m_10x_licenseclean_contcert_20260504_linear_20260504_deep6_licenseclean,pythia410m_10x_licenseclean_contcert_20260504
linear,triple,population+subtraction+modadd,109.07428353933452,24.311116409301725,0,"[0.20000000000027324, 0.2, 0.5999999999997268]","[0.4, 0.4, 0.2]",18.05555820465088,"{""modadd"": -24.311116409301725, ""population"": -18.95759410858151, ""subtraction"": -9.450009536743131}",modadd,continuous_primal_dual_psd,6,109.07428353933452,109.07428353933452,0.0,"[0.0, 0.0, 1.0]",primal=Optimization terminated successfully; dual=outer=Optimization terminated successfully; inner=Optimization terminated successfully,1,-1539.2735566634512,1539.2735566634512,,pythia410m_10x_licenseclean_contcert_20260504_linear_20260504_deep6_licenseclean,pythia410m_10x_licenseclean_contcert_20260504
linear,triple,population+subtraction+multiplication,27.90096004438373,4.816177558898893,0,"[0.2199467266359461, 0.2, 0.5800532733640539]","[0.4, 0.2, 0.4]",11.186885833740234,"{""multiplication"": -3.199985694885221, ""population"": -4.816177558898893, ""subtraction"": 6.800004768371615}",population,continuous_primal_dual_psd,6,27.90096004438373,27.90096004437213,1.1599610161283636e-11,"[0.8962811720849571, 0.0, 0.10371882791504292]",primal=Optimization terminated successfully; dual=outer=Optimization terminated successfully; inner=Optimization terminated successfully,1,-914.9615534543616,914.9615534543615,,pythia410m_10x_licenseclean_contcert_20260504_linear_20260504_deep6_licenseclean,pythia410m_10x_licenseclean_contcert_20260504
linear,triple,sciq+addition+modadd,79.17223281860352,7.644441795349088,0,"[0.2, 0.2, 0.6]","[0.6, 0.2, 0.2]",48.61109256744385,"{""addition"": 0.5499809265137046, ""modadd"": -7.644441795349088, ""sciq"": -0.016351941239321977}",modadd,continuous_primal_dual_psd,6,79.17223281860352,79.17223281860352,0.0,"[0.0, 0.0, 1.0]",primal=Optimization terminated successfully; dual=outer=Optimization terminated successfully; inner=Optimization terminated successfully,1,-830.3027471190868,831.1606020623036,,pythia410m_10x_licenseclean_contcert_20260504_linear_20260504_deep6_licenseclean,pythia410m_10x_licenseclean_contcert_20260504
linear,triple,sciq+addition+multiplication,58.90515438129534,19.449999999999967,0,"[0.2, 0.2, 0.6]","[0.6, 0.2, 0.2]",16.250038146972656,"{""addition"": -15.700033378601042, ""multiplication"": -19.449999999999967, ""sciq"": 0.16327081778498445}",multiplication,continuous_primal_dual_psd,6,58.90515438129534,58.90515438129534,0.0,"[0.0, 0.0, 1.0]",primal=Optimization terminated successfully; dual=outer=Optimization terminated successfully; inner=Optimization terminated successfully,1,-1387.5266574279578,1387.5266574279578,,pythia410m_10x_licenseclean_contcert_20260504_linear_20260504_deep6_licenseclean,pythia410m_10x_licenseclean_contcert_20260504
linear,triple,sciq+addition+subtraction,54.51879142106815,38.19999999999997,0,"[0.2, 0.42640673165122195, 0.37359326834877804]","[0.6, 0.2, 0.2]",6.25,"{""addition"": -38.19999999999997, ""sciq"": 0.9058975446584374, ""subtraction"": -34.44998569488522}",addition,continuous_primal_dual_psd,6,54.51879142106815,54.51879142106815,0.0,"[0.0, 0.0, 1.0]",primal=Optimization terminated successfully; dual=outer=Optimization terminated successfully; inner=Optimization terminated successfully,1,-441.9410638921441,441.94106389214403,,pythia410m_10x_licenseclean_contcert_20260504_linear_20260504_deep6_licenseclean,pythia410m_10x_licenseclean_contcert_20260504
linear,triple,sciq+authors+addition,46.81656034455338,15.908339691162077,0,"[0.2, 0.20000000000000104, 0.599999999999999]","[0.6, 0.2, 0.2]",19.166672229766846,"{""addition"": 0.5499809265137046, ""authors"": -15.908339691162077, ""sciq"": 1.4099196228664086}",authors,continuous_primal_dual_psd,6,46.81656034455338,46.816560344551704,1.6768808563938364e-12,"[0.0, 7.083963603129715e-14, 0.9999999999999292]",primal=Optimization terminated successfully; dual=outer=Optimization terminated successfully; inner=Optimization terminated successfully,1,-1230.7732394591137,1230.7732394591137,,pythia410m_10x_licenseclean_contcert_20260504_linear_20260504_deep6_licenseclean,pythia410m_10x_licenseclean_contcert_20260504
linear,triple,sciq+authors+modadd,64.9228109074329,24.45000715255734,0,"[0.22599722608190917, 0.2, 0.5740027739180908]","[0.6, 0.2, 0.2]",48.74999523162841,"{""authors"": -24.45000715255734, ""modadd"": 6.244441795349154, ""sciq"": 0.9112613894451991}",authors,continuous_primal_dual_psd,6,64.9228109074329,64.92281090742986,3.0411229090532288e-12,"[0.0, 0.5006086572971352, 0.49939134270286467]",primal=Optimization terminated successfully; dual=outer=Optimization terminated successfully; inner=Optimization terminated successfully,1,-957.4587740091882,957.4587740091883,,pythia410m_10x_licenseclean_contcert_20260504_linear_20260504_deep6_licenseclean,pythia410m_10x_licenseclean_contcert_20260504
linear,triple,sciq+authors+multiplication,9.727093072545038,18.40832538604733,0,"[0.26520417318746886, 0.3211801510304425, 0.4136156757820886]","[0.4, 0.2, 0.4]",10.416686534881592,"{""authors"": -18.40832538604733, ""multiplication"": 1.800033378601107, ""sciq"": 0.36970528384349816}",authors,continuous_primal_dual_psd,6,9.727093072545038,9.727093072530119,1.4919621094122704e-11,"[0.0, 0.6704394780075312, 0.3295605219924689]",primal=Optimization terminated successfully; dual=outer=Optimization terminated successfully; inner=Optimization terminated successfully,1,-565.9639797155096,565.9639797155096,,pythia410m_10x_licenseclean_contcert_20260504_linear_20260504_deep6_licenseclean,pythia410m_10x_licenseclean_contcert_20260504
linear,triple,sciq+authors+subtraction,6.266697964824374,-0.5500047683716147,1,"[0.2, 0.40093964622846806, 0.39906035377153193]","[0.2, 0.4, 0.4]",0.0,"{""authors"": 2.008327770233187, ""sciq"": 2.0050948471653234, ""subtraction"": 0.5500047683716147}",subtraction,continuous_primal_dual_psd,6,6.266697964824374,6.266697964621238,2.0313617454803534e-10,"[0.689020156950309, 1.281592331053361e-13, 0.3109798430495628]",primal=Optimization terminated successfully; dual=outer=Optimization terminated successfully; inner=Optimization terminated successfully,1,-531.2508344652789,531.250834465279,,pythia410m_10x_licenseclean_contcert_20260504_linear_20260504_deep6_licenseclean,pythia410m_10x_licenseclean_contcert_20260504
linear,triple,sciq+capitals+addition,-0.10343979406528092,-0.5777777777777765,1,"[0.23202139709650402, 0.334006512196599, 0.433972090706897]","[0.6, 0.2, 0.2]",10.027787314520907,"{""addition"": 6.799980926513705, ""capitals"": 0.5777777777777765, ""sciq"": 0.6431647221163294}",capitals,continuous_primal_dual_psd,6,-0.10343979406528092,-0.10343979412150925,5.622832754959006e-11,"[0.0, 0.9624085579688267, 0.0375914420311732]",primal=Optimization terminated successfully; dual=outer=Optimization terminated successfully; inner=Optimization terminated successfully,1,-300.033797276368,300.0337972763679,,pythia410m_10x_licenseclean_contcert_20260504_linear_20260504_deep6_licenseclean,pythia410m_10x_licenseclean_contcert_20260504
linear,triple,sciq+capitals+authors,-0.3132912134872896,0.9083301544189126,0,"[0.5402008348547888, 0.2, 0.2597991651452112]","[0.6, 0.2, 0.2]",0.0,"{""authors"": -0.9083301544189126, ""capitals"": 0.6888888888888877, ""sciq"": 0.6646104366781747}",authors,continuous_primal_dual_psd,6,-0.3132912134872896,-0.3132912134991623,1.1872669514190193e-11,"[0.0, 0.8806521350053741, 0.11934786499462596]",primal=Optimization terminated successfully; dual=outer=Optimization terminated successfully; inner=Optimization terminated successfully,1,-240.40194073778548,240.40194073778548,,pythia410m_10x_licenseclean_contcert_20260504_linear_20260504_deep6_licenseclean,pythia410m_10x_licenseclean_contcert_20260504
linear,triple,sciq+capitals+hemisphere,1.1413168406389156,-0.5222222222222209,1,"[0.2, 0.2, 0.6]","[0.2, 0.2, 0.6]",0.0,"{""capitals"": 0.5222222222222209, ""hemisphere"": 0.755694064443539, ""sciq"": 2.2008048451787143}",capitals,continuous_primal_dual_psd,6,1.1413168406389156,1.1413168406389156,0.0,"[1.0, 0.0, 0.0]",primal=Optimization terminated successfully; dual=outer=Optimization terminated successfully; inner=Optimization terminated successfully,1,-100.52458315487735,100.52458315487736,,pythia410m_10x_licenseclean_contcert_20260504_linear_20260504_deep6_licenseclean,pythia410m_10x_licenseclean_contcert_20260504
linear,triple,sciq+capitals+modadd,43.75543899536132,-0.9111111111111099,1,"[0.2, 0.2, 0.6]","[0.6, 0.2, 0.2]",30.777761883205805,"{""capitals"": 0.9111111111111099, ""modadd"": 6.244441795349154, ""sciq"": 1.1793559090884684}",capitals,continuous_primal_dual_psd,6,43.75543899536132,43.75543899536132,0.0,"[0.0, 0.0, 1.0]",primal=Optimization terminated successfully; dual=outer=Optimization terminated successfully; inner=Optimization terminated successfully,1,-306.540000151081,325.7208033462381,,pythia410m_10x_licenseclean_contcert_20260504_linear_20260504_deep6_licenseclean,pythia410m_10x_licenseclean_contcert_20260504
linear,triple,sciq+capitals+multiplication,1.23236493426921,-0.2999999999999987,1,"[0.20000000000002288, 0.23324110484545132, 0.5667588951545258]","[0.2, 0.6, 0.2]",14.749980926513638,"{""capitals"": 0.2999999999999987, ""multiplication"": 5.550023841857943, ""sciq"": 0.7369960321508534}",capitals,continuous_primal_dual_psd,6,1.23236493426921,1.2323649342154253,5.378475442796571e-11,"[0.0, 0.9225387962596205, 0.07746120374037957]",primal=Optimization terminated successfully; dual=outer=Optimization terminated successfully; inner=Optimization terminated successfully,1,-40.74371620130554,44.55904285235267,,pythia410m_10x_licenseclean_contcert_20260504_linear_20260504_deep6_licenseclean,pythia410m_10x_licenseclean_contcert_20260504
linear,triple,sciq+capitals+nli,2.679149396784762,-0.3416746139526694,1,"[0.2000000000001289, 0.41122310609353335, 0.38877689390633774]","[0.2, 0.6, 0.2]",0.2638968361748929,"{""capitals"": 0.3555555555555543, ""nli"": 0.3416746139526694, ""sciq"": 0.9487943429961287}",nli,continuous_primal_dual_psd,6,2.679149396784762,2.679149396753603,3.1159075319919793e-11,"[3.810425678798969e-13, 0.6378568399696755, 0.3621431600299435]",primal=Optimization terminated successfully; dual=outer=Optimization terminated successfully; inner=Optimization terminated successfully,1,-35.598688657959585,35.59868865795959,,pythia410m_10x_licenseclean_contcert_20260504_linear_20260504_deep6_licenseclean,pythia410m_10x_licenseclean_contcert_20260504
linear,triple,sciq+capitals+subtraction,20.205212724068964,-0.02222222222222096,1,"[0.2, 0.39324289156950637, 0.4067571084304936]","[0.2, 0.6, 0.2]",0.2222222222222222,"{""capitals"": 0.02222222222222096, ""sciq"": 0.7477215740387765, ""subtraction"": 4.299995231628451}",capitals,continuous_primal_dual_psd,6,20.205212724068964,20.205212724068964,0.0,"[0.0, 0.0, 1.0]",primal=Optimization terminated successfully; dual=outer=Optimization terminated successfully; inner=Optimization terminated successfully,1,-824.5805960411953,824.5805960411953,,pythia410m_10x_licenseclean_contcert_20260504_linear_20260504_deep6_licenseclean,pythia410m_10x_licenseclean_contcert_20260504
linear,triple,sciq+hemisphere+addition,18.825009536743153,1.7379742397901798,0,"[0.2, 0.2, 0.6]","[0.6, 0.2, 0.2]",8.962063907182444,"{""addition"": 9.299990463256869, ""hemisphere"": -1.7379742397901798, ""sciq"": 0.9112613894451991}",hemisphere,continuous_primal_dual_psd,6,18.825009536743153,18.825009536743153,0.0,"[0.0, 0.0, 1.0]",primal=Optimization terminated successfully; dual=outer=Optimization terminated successfully; inner=Optimization terminated successfully,1,-582.0046847209528,582.1231731058671,,pythia410m_10x_licenseclean_contcert_20260504_linear_20260504_deep6_licenseclean,pythia410m_10x_licenseclean_contcert_20260504
linear,triple,sciq+hemisphere+authors,9.328514471973463,11.116650772094694,0,"[0.6, 0.2, 0.19999999999999996]","[0.4, 0.4, 0.2]",4.791688919067383,"{""authors"": -11.116650772094694, ""hemisphere"": -0.26961837729482097, ""sciq"": 1.4849866038110682}",authors,continuous_primal_dual_psd,6,9.328514471973463,9.328514471972728,7.354117315117037e-13,"[5.0515147620444536e-15, 0.0, 0.9999999999999949]",primal=Optimization terminated successfully; dual=outer=Optimization terminated successfully; inner=Optimization terminated successfully,1,-119.65630201252404,119.65630201252404,,pythia410m_10x_licenseclean_contcert_20260504_linear_20260504_deep6_licenseclean,pythia410m_10x_licenseclean_contcert_20260504
linear,triple,sciq+hemisphere+modadd,36.81106872558705,0.9025314035219206,0,"[0.20000000000000645, 0.2000000000000016, 0.599999999999992]","[0.2, 0.6, 0.2]",19.24191039182717,"{""hemisphere"": -0.9025314035219206, ""modadd"": 11.800000000000033, ""sciq"": 1.1230554049192738}",hemisphere,continuous_primal_dual_psd,6,36.81106872558705,36.81106872558705,0.0,"[0.0, 0.0, 1.0]",primal=Optimization terminated successfully; dual=outer=Optimization terminated successfully; inner=Optimization terminated successfully,1,-558.0212338007916,562.0264164660985,,pythia410m_10x_licenseclean_contcert_20260504_linear_20260504_deep6_licenseclean,pythia410m_10x_licenseclean_contcert_20260504
linear,triple,sciq+hemisphere+multiplication,2.367716208312147,0.2569613596852652,0,"[0.2979857548212944, 0.20000000000000426, 0.5020142451787013]","[0.4, 0.4, 0.2]",31.69301479845679,"{""hemisphere"": -0.2569613596852652, ""multiplication"": 4.300019073486361, ""sciq"": 1.0882038368403248}",hemisphere,continuous_primal_dual_psd,6,2.367716208312147,2.3677162083120935,5.3290705182007514e-14,"[1.7400956180566988e-15, 0.9788217436717409, 0.021178256328257334]",primal=Optimization terminated successfully; dual=outer=Optimization terminated successfully; inner=Optimization terminated successfully,1,-48.50060283069151,48.500602830691506,,pythia410m_10x_licenseclean_contcert_20260504_linear_20260504_deep6_licenseclean,pythia410m_10x_licenseclean_contcert_20260504
linear,triple,sciq+hemisphere+nli,35.257267074028235,3.2297522544860513,0,"[0.2000000000003205, 0.2, 0.5999999999996795]","[0.2, 0.6, 0.2]",9.07738208770752,"{""hemisphere"": -0.6113945028101128, ""nli"": -3.2297522544860513, ""sciq"": 1.5198403195756174}",nli,continuous_primal_dual_psd,6,35.257267074028235,35.257267074028235,0.0,"[0.0, 0.0, 1.0]",primal=Optimization terminated successfully; dual=outer=Optimization terminated successfully; inner=Optimization terminated successfully,1,-424.2246525434184,424.2246525434184,,pythia410m_10x_licenseclean_contcert_20260504_linear_20260504_deep6_licenseclean,pythia410m_10x_licenseclean_contcert_20260504
linear,triple,sciq+hemisphere+subtraction,33.03073679716622,6.949999999999967,0,"[0.20000000000005685, 0.2, 0.5999999999999431]","[0.4, 0.4, 0.2]",15.000009536743164,"{""hemisphere"": -1.7759468860995988, ""sciq"": 1.0747979833232213, ""subtraction"": -6.949999999999967}",subtraction,continuous_primal_dual_psd,6,33.03073679716622,33.03073679716622,0.0,"[0.0, 0.0, 1.0]",primal=Optimization terminated successfully; dual=outer=Optimization terminated successfully; inner=Optimization terminated successfully,1,-597.6398312212953,597.6398312212951,,pythia410m_10x_licenseclean_contcert_20260504_linear_20260504_deep6_licenseclean,pythia410m_10x_licenseclean_contcert_20260504
linear,triple,sciq+multiplication+modadd,15.9777910232546,15.977791023254362,0,"[0.5999999999999923, 0.20000000000000256, 0.20000000000000506]","[0.6, 0.2, 0.2]",0.0,"{""modadd"": -15.977791023254362, ""multiplication"": 10.55001907348636, ""sciq"": 0.5841817586323538}",modadd,continuous_primal_dual_psd,6,15.9777910232546,15.977791023248747,5.853095785823825e-12,"[3.729794251226822e-13, 0.0, 0.999999999999627]",primal=Optimization terminated successfully; dual=outer=Optimization terminated successfully; inner=Optimization terminated successfully,1,-101.39222991328853,101.39222991328855,,pythia410m_10x_licenseclean_contcert_20260504_linear_20260504_deep6_licenseclean,pythia410m_10x_licenseclean_contcert_20260504
linear,triple,sciq+nli+addition,28.10649555239143,8.20002861022946,0,"[0.2000000000000376, 0.2430924732581916, 0.5569075267417708]","[0.6, 0.2, 0.2]",13.749980926513672,"{""addition"": -8.20002861022946, ""nli"": -7.842865657806364, ""sciq"": -0.541824029380339}",addition,continuous_primal_dual_psd,6,28.10649555239143,28.10649552886818,2.352324912635595e-08,"[1.875657860165876e-12, 0.7497601926711758, 0.25023980732694867]",primal=Optimization terminated successfully; dual=outer=Optimization terminated successfully; inner=Optimization terminated successfully,1,-531.2499403955933,553.7512695588869,,pythia410m_10x_licenseclean_contcert_20260504_linear_20260504_deep6_licenseclean,pythia410m_10x_licenseclean_contcert_20260504
linear,triple,sciq+nli+authors,-0.23733491283286412,10.908344459533659,0,"[0.3726085291342009, 0.3357052138749848, 0.2916862569908143]","[0.6, 0.2, 0.2]",8.749997615814209,"{""authors"": -10.908344459533659, ""nli"": 4.508337306976351, ""sciq"": 0.14450541485231977}",authors,continuous_primal_dual_psd,6,-0.23733491283286412,-0.23733491288023045,4.7366333078002754e-11,"[0.561573764172237, 0.31553985343790647, 0.12288638238985648]",primal=Optimization terminated successfully; dual=outer=Optimization terminated successfully; inner=Optimization terminated successfully,1,-95.4869345119528,95.48693451195278,,pythia410m_10x_licenseclean_contcert_20260504_linear_20260504_deep6_licenseclean,pythia410m_10x_licenseclean_contcert_20260504
linear,triple,sciq+nli+modadd,60.14405418953285,0.07533490472329755,0,"[0.2, 0.21159817265337225, 0.5884018273466277]","[0.6, 0.2, 0.2]",20.06910689062579,"{""modadd"": 6.244465637207064, ""nli"": 0.49047164916995456, ""sciq"": -0.07533490472329755}",sciq,continuous_primal_dual_psd,6,60.14405418953285,60.14405418953285,0.0,"[0.0, 0.0, 1.0]",primal=Optimization terminated successfully; dual=outer=Optimization terminated successfully; inner=Optimization terminated successfully,1,-1046.4956568435605,1046.4956568435605,,pythia410m_10x_licenseclean_contcert_20260504_linear_20260504_deep6_licenseclean,pythia410m_10x_licenseclean_contcert_20260504
linear,triple,sciq+nli+multiplication,11.774277310093012,1.8904716491698892,0,"[0.4077270310618031, 0.2, 0.39227296893819696]","[0.4, 0.2, 0.4]",0.0,"{""multiplication"": 4.300019073486361, ""nli"": -1.8904716491698892, ""sciq"": 0.8817693707818113}",nli,continuous_primal_dual_psd,6,11.774277310093012,11.774277310092195,8.171241461241152e-13,"[0.0, 1.0, 0.0]",primal=Optimization terminated successfully; dual=outer=Optimization terminated successfully; inner=Optimization terminated successfully,1,-279.15706864752406,279.15706864752406,,pythia410m_10x_licenseclean_contcert_20260504_linear_20260504_deep6_licenseclean,pythia410m_10x_licenseclean_contcert_20260504
linear,triple,sciq+nli+subtraction,6.153649425651061,6.205955219268766,0,"[0.41328458823135705, 0.2, 0.3867154117686429]","[0.2, 0.6, 0.2]",10.744059085845947,"{""nli"": -6.205955219268766, ""sciq"": 0.11769263397531235, ""subtraction"": 0.5500047683716147}",nli,continuous_primal_dual_psd,6,6.153649425651061,6.153649425616594,3.446665175488306e-11,"[8.980718447895219e-14, 0.8813212393222626, 0.11867876067764763]",primal=Optimization terminated successfully; dual=outer=Optimization terminated successfully; inner=Optimization terminated successfully,1,-182.18093251829723,182.18093251829723,,pythia410m_10x_licenseclean_contcert_20260504_linear_20260504_deep6_licenseclean,pythia410m_10x_licenseclean_contcert_20260504
linear,triple,sciq+population+addition,0.2680507908178065,1.3060838699340493,0,"[0.4098657168089444, 0.20000000000001278, 0.3901342831910428]","[0.6, 0.2, 0.2]",6.38887882232666,"{""addition"": 1.8000095367431967, ""population"": -1.3060838699340493, ""sciq"": 0.07479798332322131}",population,continuous_primal_dual_psd,6,0.2680507908178065,0.2680507908126595,5.146993942162226e-12,"[0.7492374996062103, 0.25076250039358694, 2.026660869019255e-13]",primal=Optimization terminated successfully; dual=outer=Optimization terminated successfully; inner=Optimization terminated successfully,1,-262.3912388224639,262.3912388224639,,pythia410m_10x_licenseclean_contcert_20260504_linear_20260504_deep6_licenseclean,pythia410m_10x_licenseclean_contcert_20260504
linear,triple,sciq+population+authors,50.89469991254701,21.32498331069943,0,"[0.2, 0.26075515125483756, 0.5392448487451624]","[0.6, 0.2, 0.2]",33.12501907348633,"{""authors"": -21.32498331069943, ""population"": 10.966655540466341, ""sciq"": 0.0667570484356795}",authors,continuous_primal_dual_psd,6,50.89469991254701,50.89469991254218,4.831690603168681e-12,"[0.0, 0.32419896893363864, 0.6758010310663614]",primal=Optimization terminated successfully; dual=outer=Optimization terminated successfully; inner=Optimization terminated successfully,1,-534.5233926823392,534.5233926823392,,pythia410m_10x_licenseclean_contcert_20260504_linear_20260504_deep6_licenseclean,pythia410m_10x_licenseclean_contcert_20260504
linear,triple,sciq+population+capitals,15.6917378017087,-1.2444444444444431,1,"[0.37029904299529537, 0.200000000000029, 0.4297009570046757]","[0.4, 0.2, 0.4]",0.0,"{""capitals"": 1.2444444444444431, ""population"": 4.325219917297396, ""sciq"": 1.3241281738766262}",capitals,continuous_primal_dual_psd,6,15.6917378017087,15.6917378017087,0.0,"[0.0, 1.0, 0.0]",primal=Optimization terminated successfully; dual=outer=Optimization terminated successfully; inner=Optimization terminated successfully,1,-470.17060667774933,470.17060667774933,,pythia410m_10x_licenseclean_contcert_20260504_linear_20260504_deep6_licenseclean,pythia410m_10x_licenseclean_contcert_20260504
linear,triple,sciq+population+hemisphere,21.498982518803334,1.9405040498313395,0,"[0.2, 0.2, 0.6]","[0.2, 0.2, 0.6]",0.0,"{""hemisphere"": -1.9405040498313395, ""population"": 9.426256942749056, ""sciq"": 1.4554978066760806}",hemisphere,continuous_primal_dual_psd,6,21.498982518803334,21.498982518803334,0.0,"[0.0, 1.0, 0.0]",primal=Optimization terminated successfully; dual=outer=Optimization terminated successfully; inner=Optimization terminated successfully,1,-409.2457368909697,409.2457368909697,,pythia410m_10x_licenseclean_contcert_20260504_linear_20260504_deep6_licenseclean,pythia410m_10x_licenseclean_contcert_20260504
linear,triple,sciq+population+modadd,34.14005783549575,-1.7999856948852866,1,"[0.3412490075362561, 0.2, 0.45875099246374385]","[0.4, 0.4, 0.2]",8.080840110778809,"{""modadd"": 3.4666507720947592, ""population"": 1.7999856948852866, ""sciq"": 1.9568374255692709}",population,continuous_primal_dual_psd,6,34.14005783549575,34.14005781583065,1.9665101547161612e-08,"[2.794548926527705e-13, 0.20574254891300545, 0.7942574510867151]",primal=Optimization terminated successfully; dual=outer=Optimization terminated successfully; inner=Optimization terminated successfully,1,-879.4897595625798,879.4897595625798,,pythia410m_10x_licenseclean_contcert_20260504_linear_20260504_deep6_licenseclean,pythia410m_10x_licenseclean_contcert_20260504
linear,triple,sciq+population+multiplication,-1.2020460722047233,-1.2329771754712828,1,"[0.37955991071646855, 0.2, 0.4204400892835314]","[0.4, 0.2, 0.4]",0.0,"{""multiplication"": 9.300038146972689, ""population"": 1.2444465637207358, ""sciq"": 1.2329771754712828}",sciq,continuous_primal_dual_psd,6,-1.2020460722047233,-1.2020460722047233,0.0,"[0.0, 1.0, 0.0]",primal=Optimization terminated successfully; dual=outer=Optimization terminated successfully; inner=Optimization terminated successfully,1,-57.304421780450866,57.30442178045087,,pythia410m_10x_licenseclean_contcert_20260504_linear_20260504_deep6_licenseclean,pythia410m_10x_licenseclean_contcert_20260504
linear,triple,sciq+population+nli,26.646022615445656,-0.5841817586323538,1,"[0.2, 0.2, 0.6]","[0.2, 0.4, 0.4]",5.748462363948483,"{""nli"": 2.1273940086365073, ""population"": 16.269656944274935, ""sciq"": 0.5841817586323538}",sciq,continuous_primal_dual_psd,6,26.646022615445656,26.646022615445656,0.0,"[0.0, 1.0, 0.0]",primal=Optimization terminated successfully; dual=outer=Optimization terminated successfully; inner=Optimization terminated successfully,1,-914.4794602130324,914.4794602130326,,pythia410m_10x_licenseclean_contcert_20260504_linear_20260504_deep6_licenseclean,pythia410m_10x_licenseclean_contcert_20260504
linear,triple,sciq+population+subtraction,76.32569142719754,-1.1176969293465129,1,"[0.2, 0.20000000000013277, 0.5999999999998672]","[0.2, 0.6, 0.2]",38.06766831911699,"{""population"": 2.4060457229614585, ""sciq"": 1.1176969293465129, ""subtraction"": 19.300004768371615}",sciq,continuous_primal_dual_psd,6,76.32569142719754,76.32569142719754,0.0,"[0.0, 0.0, 1.0]",primal=Optimization terminated successfully; dual=outer=Optimization terminated successfully; inner=Optimization terminated successfully,1,-1297.0456059215767,1297.045605921577,,pythia410m_10x_licenseclean_contcert_20260504_linear_20260504_deep6_licenseclean,pythia410m_10x_licenseclean_contcert_20260504
linear,triple,sciq+subtraction+modadd,84.03374816686647,0.6999999999999673,0,"[0.2, 0.2, 0.6]","[0.6, 0.2, 0.2]",48.61111640930176,"{""modadd"": -0.6999999999999673, ""sciq"": 0.8790879853098305, ""subtraction"": 4.299995231628451}",modadd,continuous_primal_dual_psd,6,84.03374816686647,84.03374816686647,0.0,"[0.0, 0.0, 1.0]",primal=Optimization terminated successfully; dual=outer=Optimization terminated successfully; inner=Optimization terminated successfully,1,-1253.844906624931,1253.844906624931,,pythia410m_10x_licenseclean_contcert_20260504_linear_20260504_deep6_licenseclean,pythia410m_10x_licenseclean_contcert_20260504
linear,triple,sciq+subtraction+multiplication,11.124286543431246,-0.99169006749102,1,"[0.513205500314796, 0.28679449968525783, 0.19999999999994622]","[0.6, 0.2, 0.2]",0.0,"{""multiplication"": 4.299995231628451, ""sciq"": 0.99169006749102, ""subtraction"": 9.299990463256869}",sciq,continuous_primal_dual_psd,6,11.124286543431246,11.124286543431246,0.0,"[0.0, 0.0, 1.0]",primal=Optimization terminated successfully; dual=outer=Optimization terminated successfully; inner=Optimization terminated successfully,1,-157.80755450760424,157.80755450760424,,pythia410m_10x_licenseclean_contcert_20260504_linear_20260504_deep6_licenseclean,pythia410m_10x_licenseclean_contcert_20260504
linear,triple,subtraction+multiplication+modadd,49.44999523162842,28.47776718139645,0,"[0.2, 0.2, 0.6]","[0.4, 0.2, 0.4]",8.333349227905273,"{""modadd"": -28.47776718139645, ""multiplication"": -25.699976158142057, ""subtraction"": -18.199995231628385}",modadd,continuous_primal_dual_psd,6,49.44999523162842,49.44999523161572,1.269739868803299e-11,"[0.0, 0.9999999999978746, 2.1253666653212234e-12]",primal=Optimization terminated successfully; dual=outer=Optimization terminated successfully; inner=Optimization terminated successfully,1,-1222.0302557120797,1222.3502985933544,,pythia410m_10x_licenseclean_contcert_20260504_linear_20260504_deep6_licenseclean,pythia410m_10x_licenseclean_contcert_20260504
magnitude_prune,pair,addition+modadd,25.061095666872827,23.200038146972624,0,"[0.7200006008122992, 0.2799993991877008]","[0.4, 0.6]",7.499980926513672,"{""addition"": -23.200038146972624, ""modadd"": -21.53334922790524}",addition,continuous_primal_dual_psd,4,25.061095666872827,25.061095666872827,0.0,"[0.0, 1.0]",primal=Optimization terminated successfully; dual=outer=Optimization terminated successfully; inner=Optimization terminated successfully,0,69.44447755813589,0.0,,pythia410m_10x_licenseclean_contcert_20260504_magnitude_prune_20260504_deep6_licenseclean,pythia410m_10x_licenseclean_contcert_20260504
magnitude_prune,pair,addition+multiplication,23.20003814697264,24.449971389770475,0,"[0.2, 0.8]","[0.6, 0.4]",7.500004768371582,"{""addition"": -18.200019073486295, ""multiplication"": -24.449971389770475}",multiplication,continuous_primal_dual_psd,4,23.20003814697264,23.20003814697264,0.0,"[0.0, 1.0]",primal=Optimization terminated successfully; dual=outer=Optimization terminated successfully; inner=Optimization terminated successfully,1,-124.99988079071056,124.99988079071056,,pythia410m_10x_licenseclean_contcert_20260504_magnitude_prune_20260504_deep6_licenseclean,pythia410m_10x_licenseclean_contcert_20260504
magnitude_prune,pair,addition+subtraction,26.79375752503235,24.449995231628385,0,"[0.24999907016444128, 0.7500009298355588]","[0.4, 0.6]",3.749990463256836,"{""addition"": -16.950014305114713, ""subtraction"": -24.449995231628385}",subtraction,continuous_primal_dual_psd,4,26.79375752503235,26.79375752503235,0.0,"[0.0, 1.0]",primal=Optimization terminated successfully; dual=outer=Optimization terminated successfully; inner=Optimization terminated successfully,0,62.5002384185791,0.0,,pythia410m_10x_licenseclean_contcert_20260504_magnitude_prune_20260504_deep6_licenseclean,pythia410m_10x_licenseclean_contcert_20260504
magnitude_prune,pair,authors+addition,6.981828017699797,14.033320617675749,0,"[0.6179391322711413, 0.3820608677288587]","[0.6, 0.4]",0.0,"{""addition"": -9.450033378601042, ""authors"": -14.033320617675749}",authors,continuous_primal_dual_psd,4,6.981828017699797,6.981828017699765,3.197442310920451e-14,"[0.17564601862704818, 0.8243539813729518]",primal=Optimization terminated successfully; dual=outer=Optimization terminated successfully; inner=Optimization terminated successfully,0,135.04445552825925,0.0,,pythia410m_10x_licenseclean_contcert_20260504_magnitude_prune_20260504_deep6_licenseclean,pythia410m_10x_licenseclean_contcert_20260504
magnitude_prune,pair,authors+modadd,22.644431066513043,13.199999999999967,0,"[0.8, 0.19999999999999996]","[0.6, 0.4]",1.3889074325561523,"{""authors"": -7.366660308837858, ""modadd"": -13.199999999999967}",modadd,continuous_primal_dual_psd,4,22.644431066513043,22.644431066513043,0.0,"[0.0, 1.0]",primal=Optimization terminated successfully; dual=outer=Optimization terminated successfully; inner=Optimization terminated successfully,0,0.000298023223788128,0.0,,pythia410m_10x_licenseclean_contcert_20260504_magnitude_prune_20260504_deep6_licenseclean,pythia410m_10x_licenseclean_contcert_20260504
magnitude_prune,pair,authors+multiplication,39.450007152557355,18.199995231628385,0,"[0.2, 0.8]","[0.6, 0.4]",29.999995231628418,"{""authors"": 6.174990463256869, ""multiplication"": -18.199995231628385}",multiplication,continuous_primal_dual_psd,4,39.450007152557355,39.450007152557355,0.0,"[0.0, 1.0]",primal=Optimization terminated successfully; dual=outer=Optimization terminated successfully; inner=Optimization terminated successfully,1,-171.87476158142098,171.87476158142098,,pythia410m_10x_licenseclean_contcert_20260504_magnitude_prune_20260504_deep6_licenseclean,pythia410m_10x_licenseclean_contcert_20260504
magnitude_prune,pair,authors+subtraction,22.938473718129053,14.45000476837155,0,"[0.45652166048402665, 0.5434783395159734]","[0.4, 0.6]",0.0,"{""authors"": -4.658344459533659, ""subtraction"": -14.45000476837155}",subtraction,continuous_primal_dual_psd,4,22.938473718129053,22.938473718129053,0.0,"[0.0, 1.0]",primal=Optimization terminated successfully; dual=outer=Optimization terminated successfully; inner=Optimization terminated successfully,1,-0.5578994750975915,0.5578994750975915,,pythia410m_10x_licenseclean_contcert_20260504_magnitude_prune_20260504_deep6_licenseclean,pythia410m_10x_licenseclean_contcert_20260504
magnitude_prune,pair,capitals+addition,9.949997138977025,6.9500238418578775,0,"[0.2, 0.8]","[0.4, 0.6]",13.750004768371582,"{""addition"": -6.9500238418578775, ""capitals"": -0.4222222222222235}",addition,continuous_primal_dual_psd,4,9.949997138977025,9.949997138977025,0.0,"[0.0, 1.0]",primal=Optimization terminated successfully; dual=outer=Optimization terminated successfully; inner=Optimization terminated successfully,0,3.33333333333333,0.0,,pythia410m_10x_licenseclean_contcert_20260504_magnitude_prune_20260504_deep6_licenseclean,pythia410m_10x_licenseclean_contcert_20260504
magnitude_prune,pair,capitals+authors,-0.23166666666666705,0.3666666666666679,0,"[0.2, 0.8]","[0.8, 0.2]",1.3749841054280258,"{""authors"": 9.925004768371615, ""capitals"": -0.3666666666666679}",capitals,continuous_primal_dual_psd,4,-0.23166666666666705,-0.23166666666666705,0.0,"[1.0, 0.0]",primal=Optimization terminated successfully; dual=outer=Optimization terminated successfully; inner=Optimization terminated successfully,1,-232.70085453987113,232.70085453987113,,pythia410m_10x_licenseclean_contcert_20260504_magnitude_prune_20260504_deep6_licenseclean,pythia410m_10x_licenseclean_contcert_20260504
magnitude_prune,pair,capitals+hemisphere,0.5066666666666666,0.6444444444444457,0,"[0.2, 0.8]","[0.2, 0.8]",0.0,"{""capitals"": -0.6444444444444457, ""hemisphere"": 0.9202544151367829}",capitals,continuous_primal_dual_psd,4,0.5066666666666666,0.5066666666666666,0.0,"[1.0, 0.0]",primal=Optimization terminated successfully; dual=outer=Optimization terminated successfully; inner=Optimization terminated successfully,1,-4.166666666666666,4.166666666666666,,pythia410m_10x_licenseclean_contcert_20260504_magnitude_prune_20260504_deep6_licenseclean,pythia410m_10x_licenseclean_contcert_20260504
magnitude_prune,pair,capitals+modadd,21.047286462783788,2.0888835906982095,0,"[0.8, 0.19999999999999996]","[0.8, 0.2]",0.0,"{""capitals"": -0.8111111111111123, ""modadd"": -2.0888835906982095}",modadd,continuous_primal_dual_psd,4,21.047286462783788,21.047286462783788,0.0,"[0.0, 1.0]",primal=Optimization terminated successfully; dual=outer=Optimization terminated successfully; inner=Optimization terminated successfully,1,-17.361342906951872,17.361342906951872,,pythia410m_10x_licenseclean_contcert_20260504_magnitude_prune_20260504_deep6_licenseclean,pythia410m_10x_licenseclean_contcert_20260504
magnitude_prune,pair,capitals+multiplication,28.075011444091857,13.199976158142057,0,"[0.20000000000000098, 0.799999999999999]","[0.8, 0.2]",15.000009536743164,"{""capitals"": -0.6444444444444457, ""multiplication"": -13.199976158142057}",multiplication,continuous_primal_dual_psd,4,28.075011444091857,28.075011444091857,0.0,"[0.0, 1.0]",primal=Optimization terminated successfully; dual=outer=Optimization terminated successfully; inner=Optimization terminated successfully,1,-250.00005960464483,250.00005960464483,,pythia410m_10x_licenseclean_contcert_20260504_magnitude_prune_20260504_deep6_licenseclean,pythia410m_10x_licenseclean_contcert_20260504
magnitude_prune,pair,capitals+nli,3.3053277305847573,0.9976179122924478,0,"[0.4927043710575554, 0.5072956289424446]","[0.4, 0.6]",0.0,"{""capitals"": -0.5333333333333345, ""nli"": -0.9976179122924478}",nli,continuous_primal_dual_psd,4,3.3053277305847573,3.3053277305841426,6.146194664324867e-13,"[0.0, 1.0]",primal=Optimization terminated successfully; dual=outer=Optimization terminated successfully; inner=Optimization terminated successfully,0,1.2499999999999998,0.0,,pythia410m_10x_licenseclean_contcert_20260504_magnitude_prune_20260504_deep6_licenseclean,pythia410m_10x_licenseclean_contcert_20260504
magnitude_prune,pair,capitals+subtraction,33.45002956390378,4.449990463256803,0,"[0.2, 0.8]","[0.8, 0.2]",18.75002384185791,"{""capitals"": -0.9222222222222235, ""subtraction"": -4.449990463256803}",subtraction,continuous_primal_dual_psd,4,33.45002956390378,33.45002956390378,0.0,"[0.0, 1.0]",primal=Optimization terminated successfully; dual=outer=Optimization terminated successfully; inner=Optimization terminated successfully,1,-203.1254768371583,203.1254768371583,,pythia410m_10x_licenseclean_contcert_20260504_magnitude_prune_20260504_deep6_licenseclean,pythia410m_10x_licenseclean_contcert_20260504
magnitude_prune,pair,hemisphere+addition,3.324988555908165,3.2000095367431314,0,"[0.2, 0.8]","[0.6, 0.4]",11.249995231628418,"{""addition"": -3.2000095367431314, ""hemisphere"": -0.6873397954289506}",addition,continuous_primal_dual_psd,4,3.324988555908165,3.324988555908165,0.0,"[0.0, 1.0]",primal=Optimization terminated successfully; dual=outer=Optimization terminated successfully; inner=Optimization terminated successfully,1,-171.87476158142087,171.87476158142087,,pythia410m_10x_licenseclean_contcert_20260504_magnitude_prune_20260504_deep6_licenseclean,pythia410m_10x_licenseclean_contcert_20260504
magnitude_prune,pair,hemisphere+authors,2.7491087436675716,-1.983545877107568,1,"[0.2, 0.8]","[0.2, 0.8]",0.0,"{""authors"": 5.133327770233187, ""hemisphere"": 1.983545877107568}",hemisphere,continuous_primal_dual_psd,4,2.7491087436675716,2.7491087436675716,0.0,"[0.0, 1.0]",primal=Optimization terminated successfully; dual=outer=Optimization terminated successfully; inner=Optimization terminated successfully,1,-33.2812745869394,33.2812745869394,,pythia410m_10x_licenseclean_contcert_20260504_magnitude_prune_20260504_deep6_licenseclean,pythia410m_10x_licenseclean_contcert_20260504
magnitude_prune,pair,hemisphere+modadd,20.699997615814567,6.255534362792936,0,"[0.20000000000000553, 0.7999999999999945]","[0.6, 0.4]",9.722256660461426,"{""hemisphere"": 1.1101272075683868, ""modadd"": -6.255534362792936}",modadd,continuous_primal_dual_psd,4,20.699997615814567,20.699997615814567,0.0,"[0.0, 1.0]",primal=Optimization terminated successfully; dual=outer=Optimization terminated successfully; inner=Optimization terminated successfully,1,-156.2494039535523,156.2494039535523,,pythia410m_10x_licenseclean_contcert_20260504_magnitude_prune_20260504_deep6_licenseclean,pythia410m_10x_licenseclean_contcert_20260504
magnitude_prune,pair,hemisphere+multiplication,41.82501859664914,23.199990463256803,0,"[0.2, 0.8]","[0.8, 0.2]",13.749980926513672,"{""hemisphere"": -0.5734154825776877, ""multiplication"": -23.199990463256803}",multiplication,continuous_primal_dual_psd,4,41.82501859664914,41.82501859664914,0.0,"[0.0, 1.0]",primal=Optimization terminated successfully; dual=outer=Optimization terminated successfully; inner=Optimization terminated successfully,1,-468.75,468.75,,pythia410m_10x_licenseclean_contcert_20260504_magnitude_prune_20260504_deep6_licenseclean,pythia410m_10x_licenseclean_contcert_20260504
magnitude_prune,pair,hemisphere+nli,7.5313670158385815,0.52278263169721,0,"[0.2, 0.8]","[0.2, 0.8]",0.0,"{""hemisphere"": -0.52278263169721, ""nli"": -0.1047522544860513}",hemisphere,continuous_primal_dual_psd,4,7.5313670158385815,7.5313670158385815,0.0,"[0.0, 1.0]",primal=Optimization terminated successfully; dual=outer=Optimization terminated successfully; inner=Optimization terminated successfully,1,-222.38403558731082,222.38403558731082,,pythia410m_10x_licenseclean_contcert_20260504_magnitude_prune_20260504_deep6_licenseclean,pythia410m_10x_licenseclean_contcert_20260504
magnitude_prune,pair,hemisphere+subtraction,26.699989509582483,16.949990463256803,0,"[0.2, 0.8]","[0.8, 0.2]",10.000014305114746,"{""hemisphere"": 1.8443027485949388, ""subtraction"": -16.949990463256803}",subtraction,continuous_primal_dual_psd,4,26.699989509582483,26.699989509582483,0.0,"[0.0, 1.0]",primal=Optimization terminated successfully; dual=outer=Optimization terminated successfully; inner=Optimization terminated successfully,1,-15.625059604645005,15.625059604645005,,pythia410m_10x_licenseclean_contcert_20260504_magnitude_prune_20260504_deep6_licenseclean,pythia410m_10x_licenseclean_contcert_20260504
magnitude_prune,pair,multiplication+modadd,30.97585438855764,35.69996662139889,0,"[0.3276066694908825, 0.6723933305091174]","[0.2, 0.8]",16.250014305114746,"{""modadd"": -24.311116409301725, ""multiplication"": -35.69996662139889}",multiplication,continuous_primal_dual_psd,4,30.97585438855764,30.975854388557558,8.171241461241152e-14,"[0.63876638186014, 0.36123361813986005]",primal=Optimization terminated successfully; dual=outer=Optimization terminated successfully; inner=Optimization terminated successfully,0,34.722387790679896,0.0,,pythia410m_10x_licenseclean_contcert_20260504_magnitude_prune_20260504_deep6_licenseclean,pythia410m_10x_licenseclean_contcert_20260504
magnitude_prune,pair,nli+addition,14.574986171722372,15.700033378601042,0,"[0.2, 0.8]","[0.8, 0.2]",3.749990463256836,"{""addition"": -15.700033378601042, ""nli"": 0.19286565780642917}",addition,continuous_primal_dual_psd,4,14.574986171722372,14.574986171722372,0.0,"[0.0, 1.0]",primal=Optimization terminated successfully; dual=outer=Optimization terminated successfully; inner=Optimization terminated successfully,1,-156.2505960464478,156.2505960464478,,pythia410m_10x_licenseclean_contcert_20260504_magnitude_prune_20260504_deep6_licenseclean,pythia410m_10x_licenseclean_contcert_20260504
magnitude_prune,pair,nli+authors,-0.8684480937068185,-0.3416746139526694,1,"[0.2601889021935578, 0.7398110978064423]","[0.8, 0.2]",5.624985694885254,"{""authors"": 1.8000095367431967, ""nli"": 0.3416746139526694}",nli,continuous_primal_dual_psd,4,-0.8684480937068185,-0.8684480937068597,4.118927421359331e-14,"[0.2161597468278795, 0.7838402531721206]",primal=Optimization terminated successfully; dual=outer=Optimization terminated successfully; inner=Optimization terminated successfully,1,-137.67063617706302,137.67063617706302,,pythia410m_10x_licenseclean_contcert_20260504_magnitude_prune_20260504_deep6_licenseclean,pythia410m_10x_licenseclean_contcert_20260504
magnitude_prune,pair,nli+modadd,19.290276062471484,11.811116409301725,0,"[0.5800005710193515, 0.41999942898064846]","[0.6, 0.4]",0.0,"{""modadd"": -11.811116409301725, ""nli"": 5.847629833221468}",modadd,continuous_primal_dual_psd,4,19.290276062471484,19.290276062471484,0.0,"[0.0, 1.0]",primal=Optimization terminated successfully; dual=outer=Optimization terminated successfully; inner=Optimization terminated successfully,0,39.06220197677611,0.0,,pythia410m_10x_licenseclean_contcert_20260504_magnitude_prune_20260504_deep6_licenseclean,pythia410m_10x_licenseclean_contcert_20260504
magnitude_prune,pair,nli+multiplication,27.997460840335705,20.70000476837155,0,"[0.6756716174912019, 0.32432838250879814]","[0.6, 0.4]",0.0,"{""multiplication"": -20.70000476837155, ""nli"": 6.442865657806429}",multiplication,continuous_primal_dual_psd,4,27.997460840335705,27.997460840335464,2.4158453015843406e-13,"[0.27068035487992703, 0.729319645120073]",primal=Optimization terminated successfully; dual=outer=Optimization terminated successfully; inner=Optimization terminated successfully,1,-81.67609572410582,81.67609572410582,,pythia410m_10x_licenseclean_contcert_20260504_magnitude_prune_20260504_deep6_licenseclean,pythia410m_10x_licenseclean_contcert_20260504
magnitude_prune,pair,nli+subtraction,19.749289511734645,10.699990463256803,0,"[0.44346464203276753, 0.5565353579672325]","[0.4, 0.6]",0.0,"{""nli"": 1.5321581840515464, ""subtraction"": -10.699990463256803}",subtraction,continuous_primal_dual_psd,4,19.749289511734645,19.74928951173464,3.552713678800501e-15,"[0.18019015999056645, 0.8198098400094336]",primal=Optimization terminated successfully; dual=outer=Optimization terminated successfully; inner=Optimization terminated successfully,1,-152.08095312118527,152.08095312118527,,pythia410m_10x_licenseclean_contcert_20260504_magnitude_prune_20260504_deep6_licenseclean,pythia410m_10x_licenseclean_contcert_20260504
magnitude_prune,pair,population+addition,17.84645147323605,8.225277137756315,0,"[0.2, 0.8]","[0.8, 0.2]",22.47476577758789,"{""addition"": -4.450014305114713, ""population"": -8.225277137756315}",population,continuous_primal_dual_psd,4,17.84645147323605,17.84645147323605,0.0,"[1.0, 0.0]",primal=Optimization terminated successfully; dual=outer=Optimization terminated successfully; inner=Optimization terminated successfully,1,-106.13977909088139,106.13977909088139,,pythia410m_10x_licenseclean_contcert_20260504_magnitude_prune_20260504_deep6_licenseclean,pythia410m_10x_licenseclean_contcert_20260504
magnitude_prune,pair,population+authors,11.177689504623384,2.5749952316283853,0,"[0.2, 0.8]","[0.8, 0.2]",9.1666579246521,"{""authors"": -2.5749952316283853, ""population"": -1.2555629730224283}",authors,continuous_primal_dual_psd,4,11.177689504623384,11.177689504623384,0.0,"[2.220446049250313e-16, 0.9999999999999998]",primal=Optimization terminated successfully; dual=outer=Optimization terminated successfully; inner=Optimization terminated successfully,1,-139.50884342193595,139.50884342193595,,pythia410m_10x_licenseclean_contcert_20260504_magnitude_prune_20260504_deep6_licenseclean,pythia410m_10x_licenseclean_contcert_20260504
magnitude_prune,pair,population+capitals,4.235339832305874,-0.2444444444444432,1,"[0.2, 0.8]","[0.8, 0.2]",5.893966462877028,"{""capitals"": 0.2444444444444432, ""population"": 2.6585548400879233}",capitals,continuous_primal_dual_psd,4,4.235339832305874,4.235339832305874,0.0,"[1.0, 0.0]",primal=Optimization terminated successfully; dual=outer=Optimization terminated successfully; inner=Optimization terminated successfully,1,-33.73593091964724,33.73593091964724,,pythia410m_10x_licenseclean_contcert_20260504_magnitude_prune_20260504_deep6_licenseclean,pythia410m_10x_licenseclean_contcert_20260504
magnitude_prune,pair,population+hemisphere,5.321191024780575,0.6113913158486097,0,"[0.2000000000000048, 0.7999999999999952]","[0.4, 0.6]",2.033079089729971,"{""hemisphere"": -0.6113913158486097, ""population"": -0.11923618316647122}",hemisphere,continuous_primal_dual_psd,4,5.321191024780575,5.321191024780575,0.0,"[1.0, 0.0]",primal=Optimization terminated successfully; dual=outer=Optimization terminated successfully; inner=Optimization terminated successfully,1,-140.07270336151123,140.07270336151123,,pythia410m_10x_licenseclean_contcert_20260504_magnitude_prune_20260504_deep6_licenseclean,pythia410m_10x_licenseclean_contcert_20260504
magnitude_prune,pair,population+modadd,31.39442272186277,8.75559158325192,0,"[0.2, 0.8]","[0.8, 0.2]",7.222175598144531,"{""modadd"": -7.644441795349088, ""population"": -8.75559158325192}",population,continuous_primal_dual_psd,4,31.39442272186277,31.39442272186277,0.0,"[0.0, 1.0]",primal=Optimization terminated successfully; dual=outer=Optimization terminated successfully; inner=Optimization terminated successfully,1,-347.2217917442323,347.2217917442323,,pythia410m_10x_licenseclean_contcert_20260504_magnitude_prune_20260504_deep6_licenseclean,pythia410m_10x_licenseclean_contcert_20260504
magnitude_prune,pair,population+multiplication,7.3926179356518205,15.699985694885221,0,"[0.6284210061365572, 0.37157899386344284]","[0.8, 0.2]",5.000019073486328,"{""multiplication"": -15.699985694885221, ""population"": -3.225281906127897}",multiplication,continuous_primal_dual_psd,4,7.3926179356518205,7.3926179356518205,0.0,"[5.551115123125783e-17, 1.0]",primal=Optimization terminated successfully; dual=outer=Optimization terminated successfully; inner=Optimization terminated successfully,0,124.88156557083131,0.0,,pythia410m_10x_licenseclean_contcert_20260504_magnitude_prune_20260504_deep6_licenseclean,pythia410m_10x_licenseclean_contcert_20260504
magnitude_prune,pair,population+nli,3.7369126195780833,-2.7226298332214682,1,"[0.3205874403440305, 0.6794125596559695]","[0.2, 0.8]",1.190483570098877,"{""nli"": 2.7226298332214682, ""population"": 5.966660308837923}",nli,continuous_primal_dual_psd,4,3.7369126195780833,3.7369126195780833,0.0,"[1.0, 0.0]",primal=Optimization terminated successfully; dual=outer=Optimization terminated successfully; inner=Optimization terminated successfully,0,27.842968702316274,0.0,,pythia410m_10x_licenseclean_contcert_20260504_magnitude_prune_20260504_deep6_licenseclean,pythia410m_10x_licenseclean_contcert_20260504
magnitude_prune,pair,population+subtraction,28.143814569912216,13.199999999999967,0,"[0.30595240700735654, 0.6940475929926435]","[0.8, 0.2]",9.999990463256836,"{""population"": -9.386900138854948, ""subtraction"": -13.199999999999967}",subtraction,continuous_primal_dual_psd,4,28.143814569912216,28.143814569911548,6.679101716144942e-13,"[0.3080922474182728, 0.6919077525817272]",primal=Optimization terminated successfully; dual=outer=Optimization terminated successfully; inner=Optimization terminated successfully,1,-252.13032960891738,252.13032960891738,,pythia410m_10x_licenseclean_contcert_20260504_magnitude_prune_20260504_deep6_licenseclean,pythia410m_10x_licenseclean_contcert_20260504
magnitude_prune,pair,sciq+addition,0.943729591368573,11.950042915344206,0,"[0.540000084762767, 0.45999991523723305]","[0.4, 0.6]",0.0,"{""addition"": -11.950042915344206, ""sciq"": -0.037800877329567724}",addition,continuous_primal_dual_psd,4,0.943729591368573,0.943729591368573,0.0,"[0.0, 1.0]",primal=Optimization terminated successfully; dual=outer=Optimization terminated successfully; inner=Optimization terminated successfully,0,9.797332929592605,0.0,,pythia410m_10x_licenseclean_contcert_20260504_magnitude_prune_20260504_deep6_licenseclean,pythia410m_10x_licenseclean_contcert_20260504
magnitude_prune,pair,sciq+authors,0.4832747518589571,7.783344459533659,0,"[0.7546340900023788, 0.2453659099976212]","[0.4, 0.6]",3.5416603088378906,"{""authors"": -7.783344459533659, ""sciq"": 0.19544207423475277}",authors,continuous_primal_dual_psd,4,0.4832747518589571,0.4832747518589571,0.0,"[0.0, 1.0]",primal=Optimization terminated successfully; dual=outer=Optimization terminated successfully; inner=Optimization terminated successfully,0,21.95952612633456,0.0,,pythia410m_10x_licenseclean_contcert_20260504_magnitude_prune_20260504_deep6_licenseclean,pythia410m_10x_licenseclean_contcert_20260504
magnitude_prune,pair,sciq+capitals,0.18666666666666631,0.1444444444444457,0,"[0.2, 0.8]","[0.2, 0.8]",0.0,"{""capitals"": -0.1444444444444457, ""sciq"": -0.07533490472329755}",capitals,continuous_primal_dual_psd,4,0.18666666666666631,0.18666666666666631,0.0,"[0.0, 1.0]",primal=Optimization terminated successfully; dual=outer=Optimization terminated successfully; inner=Optimization terminated successfully,1,-6.66666666666667,6.66666666666667,,pythia410m_10x_licenseclean_contcert_20260504_magnitude_prune_20260504_deep6_licenseclean,pythia410m_10x_licenseclean_contcert_20260504
magnitude_prune,pair,sciq+hemisphere,-0.13250291109362744,0.08873968439760103,0,"[0.2, 0.8]","[0.2, 0.8]",0.0,"{""hemisphere"": 0.21139131584859072, ""sciq"": -0.08873968439760103}",sciq,continuous_primal_dual_psd,4,-0.13250291109362744,-0.13250291109362744,0.0,"[0.0, 1.0]",primal=Optimization terminated successfully; dual=outer=Optimization terminated successfully; inner=Optimization terminated successfully,1,-13.513611789682837,13.513611789682837,,pythia410m_10x_licenseclean_contcert_20260504_magnitude_prune_20260504_deep6_licenseclean,pythia410m_10x_licenseclean_contcert_20260504
magnitude_prune,pair,sciq+modadd,29.86664123535155,-0.6163540889249223,1,"[0.2, 0.8]","[0.8, 0.2]",23.538586907528405,"{""modadd"": 2.077767181396517, ""sciq"": 0.6163540889249223}",sciq,continuous_primal_dual_psd,4,29.86664123535155,29.86664123535155,0.0,"[0.0, 1.0]",primal=Optimization terminated successfully; dual=outer=Optimization terminated successfully; inner=Optimization terminated successfully,1,-138.88925313949574,138.88925313949574,,pythia410m_10x_licenseclean_contcert_20260504_magnitude_prune_20260504_deep6_licenseclean,pythia410m_10x_licenseclean_contcert_20260504
magnitude_prune,pair,sciq+multiplication,12.337522041787373,8.19998092651364,0,"[0.7400005722100714, 0.25999942778992857]","[0.8, 0.2]",0.0,"{""multiplication"": -8.19998092651364, ""sciq"": 0.4447733386309578}",multiplication,continuous_primal_dual_psd,4,12.337522041787373,12.337522041787373,0.0,"[0.0, 1.0]",primal=Optimization terminated successfully; dual=outer=Optimization terminated successfully; inner=Optimization terminated successfully,0,3.547311665158308,0.0,,pythia410m_10x_licenseclean_contcert_20260504_magnitude_prune_20260504_deep6_licenseclean,pythia410m_10x_licenseclean_contcert_20260504
magnitude_prune,pair,sciq+nli,2.374469313345113,-0.23029471615650185,1,"[0.5865218987674222, 0.4134781012325778]","[0.4, 0.6]",0.21179616315967506,"{""nli"": 0.3416746139526694, ""sciq"": 0.23029471615650185}",sciq,continuous_primal_dual_psd,4,2.374469313345113,2.374469313345113,0.0,"[0.0, 1.0]",primal=Optimization terminated successfully; dual=outer=Optimization terminated successfully; inner=Optimization terminated successfully,1,-4.054085663348282,4.054085663348282,,pythia410m_10x_licenseclean_contcert_20260504_magnitude_prune_20260504_deep6_licenseclean,pythia410m_10x_licenseclean_contcert_20260504
magnitude_prune,pair,sciq+population,1.770523255190207,-0.30536384478676165,1,"[0.2976207376791377, 0.7023792623208622]","[0.6, 0.4]",7.192278288756455,"{""population"": 4.830261993408236, ""sciq"": 0.30536384478676165}",sciq,continuous_primal_dual_psd,4,1.770523255190207,1.770523255190207,0.0,"[0.0, 1.0]",primal=Optimization terminated successfully; dual=outer=Optimization terminated successfully; inner=Optimization terminated successfully,0,11.655397934117682,0.0,,pythia410m_10x_licenseclean_contcert_20260504_magnitude_prune_20260504_deep6_licenseclean,pythia410m_10x_licenseclean_contcert_20260504
magnitude_prune,pair,sciq+subtraction,14.574993324279761,8.20002861022946,0,"[0.2, 0.8]","[0.4, 0.6]",3.749966621398926,"{""sciq"": 0.5949062266774767, ""subtraction"": -8.20002861022946}",subtraction,continuous_primal_dual_psd,4,14.574993324279761,14.574993324279761,0.0,"[0.0, 1.0]",primal=Optimization terminated successfully; dual=outer=Optimization terminated successfully; inner=Optimization terminated successfully,1,-46.87458276748659,46.87458276748659,,pythia410m_10x_licenseclean_contcert_20260504_magnitude_prune_20260504_deep6_licenseclean,pythia410m_10x_licenseclean_contcert_20260504
magnitude_prune,pair,subtraction+modadd,22.770823521608754,15.977791023254362,0,"[0.5880002561764841, 0.4119997438235159]","[0.6, 0.4]",0.0,"{""modadd"": -15.977791023254362, ""subtraction"": -14.45002861022946}",modadd,continuous_primal_dual_psd,4,22.770823521608754,22.770823521608754,0.0,"[0.0, 1.0]",primal=Optimization terminated successfully; dual=outer=Optimization terminated successfully; inner=Optimization terminated successfully,0,62.49994039535515,0.0,,pythia410m_10x_licenseclean_contcert_20260504_magnitude_prune_20260504_deep6_licenseclean,pythia410m_10x_licenseclean_contcert_20260504
magnitude_prune,pair,subtraction+multiplication,44.824996662139895,29.449990463256803,0,"[0.2, 0.8]","[0.8, 0.2]",7.500004768371582,"{""multiplication"": -29.449990463256803, ""subtraction"": -21.95000953674313}",multiplication,continuous_primal_dual_psd,4,44.824996662139895,44.824996662139895,0.0,"[1.0, 0.0]",primal=Optimization terminated successfully; dual=outer=Optimization terminated successfully; inner=Optimization terminated successfully,1,-46.8751788139343,46.8751788139343,,pythia410m_10x_licenseclean_contcert_20260504_magnitude_prune_20260504_deep6_licenseclean,pythia410m_10x_licenseclean_contcert_20260504
magnitude_prune,triple,addition+multiplication+modadd,69.73270557460022,28.20003337860104,0,"[0.2, 0.2, 0.6]","[0.4, 0.4, 0.2]",0.27773380279541016,"{""addition"": -28.20003337860104, ""modadd"": -21.53334922790524, ""multiplication"": -28.19996185302731}",addition,continuous_primal_dual_psd,6,69.73270557460022,69.73270557460022,0.0,"[0.0, 1.0, 0.0]",primal=Optimization terminated successfully; dual=outer=Optimization terminated successfully; inner=Optimization terminated successfully,1,-1112.9835218478534,1112.9835218478536,,pythia410m_10x_licenseclean_contcert_20260504_magnitude_prune_20260504_deep6_licenseclean,pythia410m_10x_licenseclean_contcert_20260504
magnitude_prune,triple,addition+subtraction+modadd,33.35034999935581,14.58888359069821,0,"[0.2, 0.2, 0.6]","[0.2, 0.2, 0.6]",0.0,"{""addition"": -9.450033378601042, ""modadd"": -14.58888359069821, ""subtraction"": -9.450009536743131}",modadd,continuous_primal_dual_psd,6,33.35034999935581,33.350349999355636,1.7053025658242404e-13,"[0.0, 2.192690473634636e-14, 0.999999999999978]",primal=Optimization terminated successfully; dual=outer=Optimization terminated successfully; inner=Optimization terminated successfully,1,-323.7977739483547,323.79777394835475,,pythia410m_10x_licenseclean_contcert_20260504_magnitude_prune_20260504_deep6_licenseclean,pythia410m_10x_licenseclean_contcert_20260504
magnitude_prune,triple,addition+subtraction+multiplication,56.314645854388985,35.700038146972624,0,"[0.20000000000001422, 0.30543808096976477, 0.49456191903022106]","[0.4, 0.4, 0.2]",2.4999618530273438,"{""addition"": -35.700038146972624, ""multiplication"": -35.6999904632568, ""subtraction"": -21.94998569488522}",addition,continuous_primal_dual_psd,6,56.314645854388985,56.31464585438797,1.0160761121369433e-12,"[7.049916206369247e-14, 0.9999999999999294, 0.0]",primal=Optimization terminated successfully; dual=outer=Optimization terminated successfully; inner=Optimization terminated successfully,1,-417.5495930997239,417.54959309972384,,pythia410m_10x_licenseclean_contcert_20260504_magnitude_prune_20260504_deep6_licenseclean,pythia410m_10x_licenseclean_contcert_20260504
magnitude_prune,triple,authors+addition+modadd,40.138657007602006,23.200014305114713,0,"[0.20000000000002843, 0.20000000000005555, 0.599999999999916]","[0.4, 0.4, 0.2]",1.1111021041870117,"{""addition"": -23.200014305114713, ""authors"": -17.36666269302365, ""modadd"": -22.922232818603483}",addition,continuous_primal_dual_psd,6,40.138657007602006,40.138657007601246,7.602807272633072e-13,"[0.0, 0.9999999999998419, 1.582067810090598e-13]",primal=Optimization terminated successfully; dual=outer=Optimization terminated successfully; inner=Optimization terminated successfully,1,-748.8407629598919,748.8407629598919,,pythia410m_10x_licenseclean_contcert_20260504_magnitude_prune_20260504_deep6_licenseclean,pythia410m_10x_licenseclean_contcert_20260504
magnitude_prune,triple,authors+addition+multiplication,63.20008344650266,25.700023841857877,0,"[0.2, 0.2, 0.6]","[0.4, 0.4, 0.2]",7.499957084655762,"{""addition"": -25.700023841857877, ""authors"": -14.658334922790495, ""multiplication"": -23.199990463256803}",addition,continuous_primal_dual_psd,6,63.20008344650266,63.20008344650266,0.0,"[0.0, 0.0, 1.0]",primal=Optimization terminated successfully; dual=outer=Optimization terminated successfully; inner=Optimization terminated successfully,1,-1062.5008099224747,1062.5008099225072,,pythia410m_10x_licenseclean_contcert_20260504_magnitude_prune_20260504_deep6_licenseclean,pythia410m_10x_licenseclean_contcert_20260504
magnitude_prune,triple,authors+addition+subtraction,14.012165999326385,10.074999999999967,0,"[0.5509049392247437, 0.2000000000000309, 0.24909506077522536]","[0.6, 0.2, 0.2]",0.0,"{""addition"": -4.450038146972624, ""authors"": -10.074999999999967, ""subtraction"": -5.700019073486295}",authors,continuous_primal_dual_psd,6,14.012165999326385,14.012165999326328,5.684341886080802e-14,"[5.551115123125752e-15, 0.0, 0.9999999999999944]",primal=Optimization terminated successfully; dual=outer=Optimization terminated successfully; inner=Optimization terminated successfully,1,-896.9261320668636,896.9261320668635,,pythia410m_10x_licenseclean_contcert_20260504_magnitude_prune_20260504_deep6_licenseclean,pythia410m_10x_licenseclean_contcert_20260504
magnitude_prune,triple,authors+multiplication+modadd,31.202176560799202,17.366698455810514,0,"[0.4423075386859695, 0.2, 0.35769246131403043]","[0.4, 0.2, 0.4]",0.0,"{""authors"": -3.616669845581022, ""modadd"": -17.366698455810514, ""multiplication"": -16.949990463256803}",modadd,continuous_primal_dual_psd,6,31.202176560799202,31.202176560799202,0.0,"[0.0, 0.0, 1.0]",primal=Optimization terminated successfully; dual=outer=Optimization terminated successfully; inner=Optimization terminated successfully,1,-405.54730479536823,405.54730479536823,,pythia410m_10x_licenseclean_contcert_20260504_magnitude_prune_20260504_deep6_licenseclean,pythia410m_10x_licenseclean_contcert_20260504
magnitude_prune,triple,authors+subtraction+modadd,40.135399079068115,15.074995231628385,0,"[0.2, 0.20000000000019533, 0.5999999999998047]","[0.4, 0.4, 0.2]",1.8750190734863281,"{""authors"": -15.074995231628385, ""modadd"": -11.811092567443815, ""subtraction"": -14.45002861022946}",authors,continuous_primal_dual_psd,6,40.135399079068115,40.135399079068115,0.0,"[0.0, 1.0, 0.0]",primal=Optimization terminated successfully; dual=outer=Optimization terminated successfully; inner=Optimization terminated successfully,1,-332.4815586113871,332.481558611387,,pythia410m_10x_licenseclean_contcert_20260504_magnitude_prune_20260504_deep6_licenseclean,pythia410m_10x_licenseclean_contcert_20260504
magnitude_prune,triple,authors+subtraction+multiplication,48.296963305692536,34.44998569488522,0,"[0.2, 0.20000000000002274, 0.5999999999999772]","[0.2, 0.2, 0.6]",0.0,"{""authors"": 14.508327770233187, ""multiplication"": -34.44998569488522, ""subtraction"": -24.450019073486295}",multiplication,continuous_primal_dual_psd,6,48.296963305692536,48.296963305692536,0.0,"[0.0, 1.0, 0.0]",primal=Optimization terminated successfully; dual=outer=Optimization terminated successfully; inner=Optimization terminated successfully,1,-700.0555250980284,700.0555250980284,,pythia410m_10x_licenseclean_contcert_20260504_magnitude_prune_20260504_deep6_licenseclean,pythia410m_10x_licenseclean_contcert_20260504
magnitude_prune,triple,capitals+addition+modadd,70.22663573788061,11.811092567443815,0,"[0.20000000000006415, 0.20000000000004126, 0.5999999999998946]","[0.4, 0.4, 0.2]",12.63895034790039,"{""addition"": -4.450014305114713, ""capitals"": -0.5888888888888901, ""modadd"": -11.811092567443815}",modadd,continuous_primal_dual_psd,6,70.22663573788061,70.226635737868,1.261923898709938e-11,"[0.0, 0.9999999999996363, 3.637645740183002e-13]",primal=Optimization terminated successfully; dual=outer=Optimization terminated successfully; inner=Optimization terminated successfully,1,-1384.2087118818326,1384.2087118818326,,pythia410m_10x_licenseclean_contcert_20260504_magnitude_prune_20260504_deep6_licenseclean,pythia410m_10x_licenseclean_contcert_20260504
magnitude_prune,triple,capitals+addition+multiplication,32.81058023429135,18.199971389770475,0,"[0.2, 0.2, 0.6]","[0.4, 0.4, 0.2]",18.75,"{""addition"": -4.450014305114713, ""capitals"": -1.477777777777779, ""multiplication"": -18.199971389770475}",multiplication,continuous_primal_dual_psd,6,32.81058023429135,32.81058023429135,0.0,"[0.0, 0.0, 1.0]",primal=Optimization terminated successfully; dual=outer=Optimization terminated successfully; inner=Optimization terminated successfully,1,-464.02629498714884,464.0262949871489,,pythia410m_10x_licenseclean_contcert_20260504_magnitude_prune_20260504_deep6_licenseclean,pythia410m_10x_licenseclean_contcert_20260504
magnitude_prune,triple,capitals+addition+subtraction,59.409257486704,10.700014305114713,0,"[0.2, 0.2, 0.6]","[0.4, 0.4, 0.2]",5.000019073486328,"{""addition"": -9.450009536743131, ""capitals"": 0.07777777777777652, ""subtraction"": -10.700014305114713}",subtraction,continuous_primal_dual_psd,6,59.409257486704,59.409257486704,0.0,"[0.0, 0.0, 1.0]",primal=Optimization terminated successfully; dual=outer=Optimization terminated successfully; inner=Optimization terminated successfully,1,-1015.831146132859,1015.831146132859,,pythia410m_10x_licenseclean_contcert_20260504_magnitude_prune_20260504_deep6_licenseclean,pythia410m_10x_licenseclean_contcert_20260504
magnitude_prune,triple,capitals+authors+addition,14.449980926513643,3.2000333786010415,0,"[0.2, 0.2, 0.6]","[0.2, 0.6, 0.2]",25.0,"{""addition"": -3.2000333786010415, ""authors"": 1.5916793823242514, ""capitals"": -0.08888888888889016}",addition,continuous_primal_dual_psd,6,14.449980926513643,14.449980926513643,0.0,"[0.0, 0.0, 1.0]",primal=Optimization terminated successfully; dual=outer=Optimization terminated successfully; inner=Optimization terminated successfully,1,-587.3462473959066,587.3462473959066,,pythia410m_10x_licenseclean_contcert_20260504_magnitude_prune_20260504_deep6_licenseclean,pythia410m_10x_licenseclean_contcert_20260504
magnitude_prune,triple,capitals+authors+modadd,8.810114141365844,3.4777671813964517,0,"[0.4428567152316252, 0.3571432847682926, 0.20000000000008222]","[0.6, 0.2, 0.2]",2.7777671813964844,"{""authors"": 14.300009536743197, ""capitals"": -0.08888888888889016, ""modadd"": -3.4777671813964517}",modadd,continuous_primal_dual_psd,6,8.810114141365844,8.810114141365844,0.0,"[0.0, 0.0, 1.0]",primal=Optimization terminated successfully; dual=outer=Optimization terminated successfully; inner=Optimization terminated successfully,1,-225.05995281790607,225.05995281790607,,pythia410m_10x_licenseclean_contcert_20260504_magnitude_prune_20260504_deep6_licenseclean,pythia410m_10x_licenseclean_contcert_20260504
magnitude_prune,triple,capitals+authors+multiplication,21.425071844613463,20.69998092651364,0,"[0.4032477540623131, 0.3967522459376922, 0.19999999999999463]","[0.4, 0.4, 0.2]",0.0,"{""authors"": -3.4083396911620767, ""capitals"": -0.6444444444444457, ""multiplication"": -20.69998092651364}",multiplication,continuous_primal_dual_psd,6,21.425071844613463,21.425071844613463,0.0,"[0.0, 0.0, 1.0]",primal=Optimization terminated successfully; dual=outer=Optimization terminated successfully; inner=Optimization terminated successfully,1,-47.84544160713152,47.84544160713151,,pythia410m_10x_licenseclean_contcert_20260504_magnitude_prune_20260504_deep6_licenseclean,pythia410m_10x_licenseclean_contcert_20260504
magnitude_prune,triple,capitals+authors+subtraction,54.45003814697264,3.199985694885221,0,"[0.2, 0.2, 0.6]","[0.4, 0.4, 0.2]",1.2500286102294922,"{""authors"": -0.9083182334899575, ""capitals"": 0.07777777777777652, ""subtraction"": -3.199985694885221}",subtraction,continuous_primal_dual_psd,6,54.45003814697264,54.45003814697264,0.0,"[0.0, 0.0, 1.0]",primal=Optimization terminated successfully; dual=outer=Optimization terminated successfully; inner=Optimization terminated successfully,1,-772.0215013905251,773.0819289414809,,pythia410m_10x_licenseclean_contcert_20260504_magnitude_prune_20260504_deep6_licenseclean,pythia410m_10x_licenseclean_contcert_20260504
magnitude_prune,triple,capitals+hemisphere+addition,2.5039654847989983,6.9500238418578775,0,"[0.26363624294590277, 0.2000000000000996, 0.5363637570539976]","[0.2, 0.2, 0.6]",0.0,"{""addition"": -6.9500238418578775, ""capitals"": -0.7000000000000013, ""hemisphere"": -0.2569613596852652}",addition,continuous_primal_dual_psd,6,2.5039654847989983,2.5039654847989983,0.0,"[0.0, 0.0, 1.0]",primal=Optimization terminated successfully; dual=outer=Optimization terminated successfully; inner=Optimization terminated successfully,1,-31.27169284395778,31.27169284395778,,pythia410m_10x_licenseclean_contcert_20260504_magnitude_prune_20260504_deep6_licenseclean,pythia410m_10x_licenseclean_contcert_20260504
magnitude_prune,triple,capitals+hemisphere+authors,6.853279639440569,0.4222222222222235,0,"[0.2, 0.2, 0.6]","[0.2, 0.6, 0.2]",4.02779208289249,"{""authors"": 0.3416626930237143, ""capitals"": -0.4222222222222235, ""hemisphere"": 1.3632914619707757}",capitals,continuous_primal_dual_psd,6,6.853279639440569,6.853279639440569,0.0,"[0.0, 0.0, 1.0]",primal=Optimization terminated successfully; dual=outer=Optimization terminated successfully; inner=Optimization terminated successfully,1,-475.0961636441197,475.0961636441197,,pythia410m_10x_licenseclean_contcert_20260504_magnitude_prune_20260504_deep6_licenseclean,pythia410m_10x_licenseclean_contcert_20260504
magnitude_prune,triple,capitals+hemisphere+modadd,53.47768373489382,6.255534362792936,0,"[0.2, 0.2, 0.6]","[0.4, 0.2, 0.4]",2.7777910232543945,"{""capitals"": -0.4222222222222235, ""hemisphere"": 0.47721577482203853, ""modadd"": -6.255534362792936}",modadd,continuous_primal_dual_psd,6,53.47768373489382,53.47768373489382,0.0,"[0.0, 0.0, 1.0]",primal=Optimization terminated successfully; dual=outer=Optimization terminated successfully; inner=Optimization terminated successfully,1,-847.2808530687182,849.0962469304313,,pythia410m_10x_licenseclean_contcert_20260504_magnitude_prune_20260504_deep6_licenseclean,pythia410m_10x_licenseclean_contcert_20260504
magnitude_prune,triple,capitals+hemisphere+multiplication,22.403451819552714,20.69998092651364,0,"[0.526187805718838, 0.2000000000000428, 0.27381219428111914]","[0.2, 0.6, 0.2]",7.500004768371582,"{""capitals"": -0.5888888888888901, ""hemisphere"": 1.6797455848631981, ""multiplication"": -20.69998092651364}",multiplication,continuous_primal_dual_psd,6,22.403451819552714,22.403451819552714,0.0,"[0.0, 0.0, 1.0]",primal=Optimization terminated successfully; dual=outer=Optimization terminated successfully; inner=Optimization terminated successfully,1,-345.1676085602393,345.16760856023933,,pythia410m_10x_licenseclean_contcert_20260504_magnitude_prune_20260504_deep6_licenseclean,pythia410m_10x_licenseclean_contcert_20260504
magnitude_prune,triple,capitals+hemisphere+nli,3.646169325926918,0.3666666666666679,0,"[0.3922520882305329, 0.2, 0.4077479117694671]","[0.6, 0.2, 0.2]",0.7222222222222222,"{""capitals"": -0.3666666666666679, ""hemisphere"": 1.8443043420756904, ""nli"": 4.954764175415072}",capitals,continuous_primal_dual_psd,6,3.646169325926918,3.6461693240123774,1.9145405261156156e-09,"[0.3003583898826142, 2.3502306489112033e-14, 0.6996416101173623]",primal=Optimization terminated successfully; dual=outer=Optimization terminated successfully; inner=Optimization terminated successfully,1,-43.22283997623883,43.22283997623883,,pythia410m_10x_licenseclean_contcert_20260504_magnitude_prune_20260504_deep6_licenseclean,pythia410m_10x_licenseclean_contcert_20260504
magnitude_prune,triple,capitals+hemisphere+subtraction,28.46575096960005,5.700019073486295,0,"[0.4977415488638536, 0.20000000000001422, 0.30225845113613214]","[0.4, 0.2, 0.4]",0.0,"{""capitals"": -0.08888888888889016, ""hemisphere"": -0.2569613596852652, ""subtraction"": -5.700019073486295}",subtraction,continuous_primal_dual_psd,6,28.46575096960005,28.46575096960005,0.0,"[0.0, 0.0, 1.0]",primal=Optimization terminated successfully; dual=outer=Optimization terminated successfully; inner=Optimization terminated successfully,1,-287.4385302538566,287.4385302538565,,pythia410m_10x_licenseclean_contcert_20260504_magnitude_prune_20260504_deep6_licenseclean,pythia410m_10x_licenseclean_contcert_20260504
magnitude_prune,triple,capitals+multiplication+modadd,44.45003576278687,18.199995231628385,0,"[0.2, 0.2, 0.6]","[0.4, 0.2, 0.4]",13.749980926513672,"{""capitals"": -0.7000000000000013, ""modadd"": -9.03332538604733, ""multiplication"": -18.199995231628385}",multiplication,continuous_primal_dual_psd,6,44.45003576278687,44.45003576278255,4.320099833421409e-12,"[0.0, 2.3564483697663394e-13, 0.9999999999997644]",primal=Optimization terminated successfully; dual=outer=Optimization terminated successfully; inner=Optimization terminated successfully,1,-586.1655750272837,586.1800127588459,,pythia410m_10x_licenseclean_contcert_20260504_magnitude_prune_20260504_deep6_licenseclean,pythia410m_10x_licenseclean_contcert_20260504
magnitude_prune,triple,capitals+nli+addition,29.663248499202105,5.700019073486295,0,"[0.20000000000012153, 0.2, 0.5999999999998784]","[0.4, 0.4, 0.2]",6.25,"{""addition"": -5.700019073486295, ""capitals"": -0.20000000000000126, ""nli"": -2.0392806053161294}",addition,continuous_primal_dual_psd,6,29.663248499202105,29.663248499202105,0.0,"[0.0, 0.0, 1.0]",primal=Optimization terminated successfully; dual=outer=Optimization terminated successfully; inner=Optimization terminated successfully,1,-582.7852037033913,582.7852037033913,,pythia410m_10x_licenseclean_contcert_20260504_magnitude_prune_20260504_deep6_licenseclean,pythia410m_10x_licenseclean_contcert_20260504
magnitude_prune,triple,capitals+nli+authors,7.664296102523785,0.7555555555555569,0,"[0.2, 0.2, 0.6]","[0.6, 0.2, 0.2]",11.611088063981764,"{""authors"": -0.4916579246520669, ""capitals"": -0.7555555555555569, ""nli"": 4.657158184051546}",capitals,continuous_primal_dual_psd,6,7.664296102523785,7.664296102523785,0.0,"[0.0, 0.0, 1.0]",primal=Optimization terminated successfully; dual=outer=Optimization terminated successfully; inner=Optimization terminated successfully,1,-307.6229435922788,418.6027590506412,,pythia410m_10x_licenseclean_contcert_20260504_magnitude_prune_20260504_deep6_licenseclean,pythia410m_10x_licenseclean_contcert_20260504
magnitude_prune,triple,capitals+nli+modadd,29.997602583280734,4.122629833221403,0,"[0.2, 0.21501996793845027, 0.5849800320615497]","[0.6, 0.2, 0.2]",13.244044780731201,"{""capitals"": -0.1444444444444457, ""modadd"": 4.855534362793001, ""nli"": -4.122629833221403}",nli,continuous_primal_dual_psd,6,29.997602583280734,29.99760258327818,2.55440113505756e-12,"[0.0, 0.23569434953530183, 0.7643056504646982]",primal=Optimization terminated successfully; dual=outer=Optimization terminated successfully; inner=Optimization terminated successfully,1,-722.9256470297901,722.9256470297902,,pythia410m_10x_licenseclean_contcert_20260504_magnitude_prune_20260504_deep6_licenseclean,pythia410m_10x_licenseclean_contcert_20260504
magnitude_prune,triple,capitals+nli+multiplication,16.7202349964722,14.44998092651364,0,"[0.42941175104832413, 0.2, 0.37058824895167586]","[0.4, 0.2, 0.4]",0.0,"{""capitals"": -1.2000000000000013, ""multiplication"": -14.44998092651364, ""nli"": 1.2345283508301108}",multiplication,continuous_primal_dual_psd,6,16.7202349964722,16.7202349964722,0.0,"[0.0, 0.0, 1.0]",primal=Optimization terminated successfully; dual=outer=Optimization terminated successfully; inner=Optimization terminated successfully,1,-15.30309245945108,15.303092459451076,,pythia410m_10x_licenseclean_contcert_20260504_magnitude_prune_20260504_deep6_licenseclean,pythia410m_10x_licenseclean_contcert_20260504
magnitude_prune,triple,capitals+nli+subtraction,28.70007993584364,0.6999999999999673,0,"[0.38364187462612853, 0.2, 0.4163581253738715]","[0.4, 0.4, 0.2]",7.500004768371582,"{""capitals"": -0.5333333333333345, ""nli"": 5.9964387893677085, ""subtraction"": -0.6999999999999673}",subtraction,continuous_primal_dual_psd,6,28.70007993584364,28.70007993584364,0.0,"[0.0, 0.0, 1.0]",primal=Optimization terminated successfully; dual=outer=Optimization terminated successfully; inner=Optimization terminated successfully,1,-272.5712857473891,272.5712857473891,,pythia410m_10x_licenseclean_contcert_20260504_magnitude_prune_20260504_deep6_licenseclean,pythia410m_10x_licenseclean_contcert_20260504
magnitude_prune,triple,capitals+subtraction+modadd,48.61695742716925,10.700014305114713,0,"[0.20000000000008528, 0.2, 0.5999999999999147]","[0.6, 0.2, 0.2]",11.249995231628418,"{""capitals"": -0.3666666666666679, ""modadd"": -2.0888597488402993, ""subtraction"": -10.700014305114713}",subtraction,continuous_primal_dual_psd,6,48.61695742716925,48.61695742716925,0.0,"[0.0, 0.0, 1.0]",primal=Optimization terminated successfully; dual=outer=Optimization terminated successfully; inner=Optimization terminated successfully,1,-746.920771574998,746.920771574998,,pythia410m_10x_licenseclean_contcert_20260504_magnitude_prune_20260504_deep6_licenseclean,pythia410m_10x_licenseclean_contcert_20260504
magnitude_prune,triple,capitals+subtraction+multiplication,23.20001430510912,21.95000953674313,0,"[0.5999998093017648, 0.2, 0.20000019069823516]","[0.6, 0.2, 0.2]",0.0,"{""capitals"": -1.366666666666668, ""multiplication"": -21.95000953674313, ""subtraction"": -10.700014305114713}",multiplication,continuous_primal_dual_psd,6,23.20001430510912,23.200014305108926,1.9539925233402755e-13,"[0.0, 1.7287203959431902e-12, 0.9999999999982714]",primal=Optimization terminated successfully; dual=outer=Optimization terminated successfully; inner=Optimization terminated successfully,1,-172.15425686258303,172.15425686258297,,pythia410m_10x_licenseclean_contcert_20260504_magnitude_prune_20260504_deep6_licenseclean,pythia410m_10x_licenseclean_contcert_20260504
magnitude_prune,triple,hemisphere+addition+modadd,21.659767685450316,15.977791023254362,0,"[0.30468364965428724, 0.4210919471314946, 0.27422440321421815]","[0.4, 0.4, 0.2]",0.0,"{""addition"": -11.950042915344206, ""hemisphere"": -0.10506440052458337, ""modadd"": -15.977791023254362}",modadd,continuous_primal_dual_psd,6,21.659767685450316,21.65976768544659,3.7267966490617255e-12,"[0.0, 0.14513934313149893, 0.8548606568685011]",primal=Optimization terminated successfully; dual=outer=Optimization terminated successfully; inner=Optimization terminated successfully,1,-346.8673677738814,346.8673677738815,,pythia410m_10x_licenseclean_contcert_20260504_magnitude_prune_20260504_deep6_licenseclean,pythia410m_10x_licenseclean_contcert_20260504
magnitude_prune,triple,hemisphere+addition+multiplication,28.14178090707864,23.199990463256803,0,"[0.5167347427950121, 0.2, 0.28326525720498785]","[0.6, 0.2, 0.2]",0.0,"{""addition"": -15.700033378601042, ""hemisphere"": 0.45190014612217544, ""multiplication"": -23.199990463256803}",multiplication,continuous_primal_dual_psd,6,28.14178090707864,28.14178090707864,0.0,"[0.0, 0.0, 1.0]",primal=Optimization terminated successfully; dual=outer=Optimization terminated successfully; inner=Optimization terminated successfully,1,-38.50468659782531,38.50468659782532,,pythia410m_10x_licenseclean_contcert_20260504_magnitude_prune_20260504_deep6_licenseclean,pythia410m_10x_licenseclean_contcert_20260504
magnitude_prune,triple,hemisphere+addition+subtraction,52.406582967395586,16.950038146972624,0,"[0.2, 0.2, 0.6]","[0.4, 0.4, 0.2]",4.999971389770508,"{""addition"": -11.950019073486295, ""hemisphere"": -0.7000000000000095, ""subtraction"": -16.950038146972624}",subtraction,continuous_primal_dual_psd,6,52.406582967395586,52.406582967395586,0.0,"[0.0, 0.0, 1.0]",primal=Optimization terminated successfully; dual=outer=Optimization terminated successfully; inner=Optimization terminated successfully,1,-694.7369581967821,694.7369581967821,,pythia410m_10x_licenseclean_contcert_20260504_magnitude_prune_20260504_deep6_licenseclean,pythia410m_10x_licenseclean_contcert_20260504
magnitude_prune,triple,hemisphere+authors+addition,5.050790225016733,7.366684150695768,0,"[0.28944299955131975, 0.2, 0.5105570004486802]","[0.2, 0.6, 0.2]",12.08333969116211,"{""addition"": -3.2000333786010415, ""authors"": -7.366684150695768, ""hemisphere"": 0.3759484795803314}",authors,continuous_primal_dual_psd,6,5.050790225016733,5.0507902250166845,4.884981308350689e-14,"[0.6188702611305504, 3.821253616266216e-16, 0.3811297388694493]",primal=Optimization terminated successfully; dual=outer=Optimization terminated successfully; inner=Optimization terminated successfully,1,-154.0227254320244,154.02272543202437,,pythia410m_10x_licenseclean_contcert_20260504_magnitude_prune_20260504_deep6_licenseclean,pythia410m_10x_licenseclean_contcert_20260504
magnitude_prune,triple,hemisphere+authors+modadd,13.219278100007838,12.783327770233122,0,"[0.6000000000000049, 0.2, 0.19999999999999507]","[0.4, 0.2, 0.4]",1.249992847442627,"{""authors"": -12.783327770233122, ""hemisphere"": -0.5354428362682688, ""modadd"": -7.644441795349088}",authors,continuous_primal_dual_psd,6,13.219278100007838,13.219278100007838,0.0,"[0.0, 0.0, 1.0]",primal=Optimization terminated successfully; dual=outer=Optimization terminated successfully; inner=Optimization terminated successfully,1,-125.19331698296546,125.19331698296546,,pythia410m_10x_licenseclean_contcert_20260504_magnitude_prune_20260504_deep6_licenseclean,pythia410m_10x_licenseclean_contcert_20260504
magnitude_prune,triple,hemisphere+authors+multiplication,45.07578504676606,19.449999999999967,0,"[0.20000000000002843, 0.2, 0.5999999999999716]","[0.2, 0.2, 0.6]",0.0,"{""authors"": 1.5916674613952964, ""hemisphere"": -0.5480998538778246, ""multiplication"": -19.449999999999967}",multiplication,continuous_primal_dual_psd,6,45.07578504676606,45.07578504676606,0.0,"[0.0, 0.0, 1.0]",primal=Optimization terminated successfully; dual=outer=Optimization terminated successfully; inner=Optimization terminated successfully,1,-703.4486072466373,703.4486072466372,,pythia410m_10x_licenseclean_contcert_20260504_magnitude_prune_20260504_deep6_licenseclean,pythia410m_10x_licenseclean_contcert_20260504
magnitude_prune,triple,hemisphere+authors+subtraction,44.44989271163937,14.45000476837155,0,"[0.2, 0.2, 0.6]","[0.6, 0.2, 0.2]",7.499980926513672,"{""authors"": 10.341665077209505, ""hemisphere"": 0.6291127339827204, ""subtraction"": -14.45000476837155}",subtraction,continuous_primal_dual_psd,6,44.44989271163937,44.44989271163937,0.0,"[0.0, 0.0, 1.0]",primal=Optimization terminated successfully; dual=outer=Optimization terminated successfully; inner=Optimization terminated successfully,1,-450.44366757268665,577.911569542667,,pythia410m_10x_licenseclean_contcert_20260504_magnitude_prune_20260504_deep6_licenseclean,pythia410m_10x_licenseclean_contcert_20260504
magnitude_prune,triple,hemisphere+multiplication+modadd,58.825078678191275,23.199990463256803,0,"[0.20000000000012647, 0.20000000000005536, 0.5999999999998182]","[0.2, 0.6, 0.2]",3.749990463256836,"{""hemisphere"": -1.2696183772948209, ""modadd"": -21.53334922790524, ""multiplication"": -23.199990463256803}",multiplication,continuous_primal_dual_psd,6,58.825078678191275,58.825078678191275,0.0,"[0.0, 1.0, 0.0]",primal=Optimization terminated successfully; dual=outer=Optimization terminated successfully; inner=Optimization terminated successfully,1,-1064.3914884456854,1064.7963504228042,,pythia410m_10x_licenseclean_contcert_20260504_magnitude_prune_20260504_deep6_licenseclean,pythia410m_10x_licenseclean_contcert_20260504
magnitude_prune,triple,hemisphere+nli+addition,6.313000951098715,13.200023841857877,0,"[0.30257749806209516, 0.2000000000005144, 0.49742250193739046]","[0.2, 0.6, 0.2]",1.250004768371582,"{""addition"": -13.200023841857877, ""hemisphere"": -0.26961837729482097, ""nli"": -4.420247745513883}",addition,continuous_primal_dual_psd,6,6.313000951098715,6.313000951097648,1.0667022820598504e-12,"[0.5896829818811653, 0.0, 0.41031701811883475]",primal=Optimization terminated successfully; dual=outer=Optimization terminated successfully; inner=Optimization terminated successfully,1,-96.27680191562925,96.27680191562926,,pythia410m_10x_licenseclean_contcert_20260504_magnitude_prune_20260504_deep6_licenseclean,pythia410m_10x_licenseclean_contcert_20260504
magnitude_prune,triple,hemisphere+nli+authors,-0.34933347966192585,-1.4265829239415608,1,"[0.2, 0.21845734784988335, 0.5815426521501166]","[0.2, 0.2, 0.6]",0.0,"{""authors"": 1.7999856948852866, ""hemisphere"": 1.4265829239415608, ""nli"": 14.924988079071078}",hemisphere,continuous_primal_dual_psd,6,-0.34933347966192585,-0.3493334796619525,2.6645352591003757e-14,"[0.8969358509345832, 0.1030641490654168, 0.0]",primal=Optimization terminated successfully; dual=outer=Optimization terminated successfully; inner=Optimization terminated successfully,1,-229.741934200017,229.74193420001703,,pythia410m_10x_licenseclean_contcert_20260504_magnitude_prune_20260504_deep6_licenseclean,pythia410m_10x_licenseclean_contcert_20260504
magnitude_prune,triple,hemisphere+nli+modadd,23.49703398616884,4.866650772094694,0,"[0.2, 0.20290911828891378, 0.5970908817110863]","[0.6, 0.2, 0.2]",1.3888835906982422,"{""hemisphere"": 0.1734154825776687, ""modadd"": -4.866650772094694, ""nli"": 2.2762029647827475}",modadd,continuous_primal_dual_psd,6,23.49703398616884,23.49703398616884,0.0,"[0.0, 0.0, 1.0]",primal=Optimization terminated successfully; dual=outer=Optimization terminated successfully; inner=Optimization terminated successfully,1,-387.93747136185357,387.9374713618536,,pythia410m_10x_licenseclean_contcert_20260504_magnitude_prune_20260504_deep6_licenseclean,pythia410m_10x_licenseclean_contcert_20260504
magnitude_prune,triple,hemisphere+nli+multiplication,105.69994754791263,23.199990463256803,0,"[0.2, 0.2, 0.6]","[0.4, 0.4, 0.2]",12.5,"{""hemisphere"": 0.1481030408393087, ""multiplication"": -23.199990463256803, ""nli"": -4.122617912292448}",multiplication,continuous_primal_dual_psd,6,105.69994754791263,105.69994754791263,0.0,"[0.0, 0.0, 1.0]",primal=Optimization terminated successfully; dual=outer=Optimization terminated successfully; inner=Optimization terminated successfully,1,-1937.4978542327917,1937.4978542327917,,pythia410m_10x_licenseclean_contcert_20260504_magnitude_prune_20260504_deep6_licenseclean,pythia410m_10x_licenseclean_contcert_20260504
magnitude_prune,triple,hemisphere+nli+subtraction,28.646921082382445,19.450023841857877,0,"[0.3968392069078881, 0.28134992241071255, 0.32181087068139935]","[0.4, 0.4, 0.2]",8.749961853027344,"{""hemisphere"": -0.07974558486321714, ""nli"": -4.271426868438688, ""subtraction"": -19.450023841857877}",subtraction,continuous_primal_dual_psd,6,28.646921082382445,28.646921082373304,9.141132295553689e-12,"[0.0, 0.05196034018472897, 0.948039659815271]",primal=Optimization terminated successfully; dual=outer=Optimization terminated successfully; inner=Optimization terminated successfully,1,-262.83069338509836,262.83069338509836,,pythia410m_10x_licenseclean_contcert_20260504_magnitude_prune_20260504_deep6_licenseclean,pythia410m_10x_licenseclean_contcert_20260504
magnitude_prune,triple,hemisphere+subtraction+modadd,19.337521086507294,6.255558204650846,0,"[0.23843287937139543, 0.2896295884672568, 0.4719375321613478]","[0.2, 0.4, 0.4]",0.0,"{""hemisphere"": -0.9784798831022615, ""modadd"": -6.255558204650846, ""subtraction"": -3.2000095367431314}",modadd,continuous_primal_dual_psd,6,19.337521086507294,19.33752108650351,3.7836400679225335e-12,"[0.0, 0.5750788394585575, 0.4249211605414424]",primal=Optimization terminated successfully; dual=outer=Optimization terminated successfully; inner=Optimization terminated successfully,1,-36.562549173990796,36.562549173990796,,pythia410m_10x_licenseclean_contcert_20260504_magnitude_prune_20260504_deep6_licenseclean,pythia410m_10x_licenseclean_contcert_20260504
magnitude_prune,triple,hemisphere+subtraction+multiplication,48.27298907473819,36.949995231628385,0,"[0.20529949036418635, 0.2000000000000037, 0.59470050963581]","[0.6, 0.2, 0.2]",4.999971389770508,"{""hemisphere"": -0.7000000000000095, ""multiplication"": -36.949995231628385, ""subtraction"": -24.450019073486295}",multiplication,continuous_primal_dual_psd,6,48.27298907473819,48.27298907473776,4.334310688136611e-13,"[0.0, 0.0055148438618242285, 0.9944851561381758]",primal=Optimization terminated successfully; dual=outer=Optimization terminated successfully; inner=Optimization terminated successfully,1,-308.7974129182204,308.7974129182204,,pythia410m_10x_licenseclean_contcert_20260504_magnitude_prune_20260504_deep6_licenseclean,pythia410m_10x_licenseclean_contcert_20260504
magnitude_prune,triple,nli+addition+modadd,31.05365091423088,16.950014305114713,0,"[0.2332608408863261, 0.2, 0.5667391591136739]","[0.4, 0.4, 0.2]",4.583334922790527,"{""addition"": -16.950014305114713, ""modadd"": -15.977791023254362, ""nli"": 3.6154835700989096}",addition,continuous_primal_dual_psd,6,31.05365091423088,31.05365091423088,0.0,"[0.0, 1.0, 0.0]",primal=Optimization terminated successfully; dual=outer=Optimization terminated successfully; inner=Optimization terminated successfully,1,-548.5300505151889,548.5300505151888,,pythia410m_10x_licenseclean_contcert_20260504_magnitude_prune_20260504_deep6_licenseclean,pythia410m_10x_licenseclean_contcert_20260504
magnitude_prune,triple,nli+addition+multiplication,27.19453806932718,30.699971389770475,0,"[0.20000000000002133, 0.39431619734122964, 0.40568380265874904]","[0.2, 0.4, 0.4]",0.0,"{""addition"": -15.700033378601042, ""multiplication"": -30.699971389770475, ""nli"": 2.4250000000000327}",multiplication,continuous_primal_dual_psd,6,27.19453806932718,27.194538069322494,4.686029342337861e-12,"[0.28153556649715117, 0.0, 0.7184644335028489]",primal=Optimization terminated successfully; dual=outer=Optimization terminated successfully; inner=Optimization terminated successfully,1,-298.2009168213858,304.9514488600315,,pythia410m_10x_licenseclean_contcert_20260504_magnitude_prune_20260504_deep6_licenseclean,pythia410m_10x_licenseclean_contcert_20260504
magnitude_prune,triple,nli+addition+subtraction,19.257740370063686,13.200023841857877,0,"[0.43300658696368727, 0.2, 0.3669934130363127]","[0.2, 0.6, 0.2]",7.500004768371582,"{""addition"": -13.200023841857877, ""nli"": -4.122617912292448, ""subtraction"": -13.200023841857877}",addition+subtraction,continuous_primal_dual_psd,6,19.257740370063686,19.25774037006324,4.476419235288631e-13,"[1.2478906796785202e-13, 0.0, 0.9999999999998752]",primal=Optimization terminated successfully; dual=outer=Optimization terminated successfully; inner=Optimization terminated successfully,1,-347.5243030841609,347.524303084161,,pythia410m_10x_licenseclean_contcert_20260504_magnitude_prune_20260504_deep6_licenseclean,pythia410m_10x_licenseclean_contcert_20260504
magnitude_prune,triple,nli+authors+addition,42.5750166893214,19.450023841857877,0,"[0.2, 0.2000000000000733, 0.5999999999999267]","[0.2, 0.2, 0.6]",0.0,"{""addition"": -19.450023841857877, ""authors"": -7.158330154418913, ""nli"": 0.044056701660188935}",addition,continuous_primal_dual_psd,6,42.5750166893214,42.5750166893214,0.0,"[0.0, 0.0, 1.0]",primal=Optimization terminated successfully; dual=outer=Optimization terminated successfully; inner=Optimization terminated successfully,1,-828.426123706201,828.5678543117175,,pythia410m_10x_licenseclean_contcert_20260504_magnitude_prune_20260504_deep6_licenseclean,pythia410m_10x_licenseclean_contcert_20260504
magnitude_prune,triple,nli+authors+modadd,14.296049624851065,2.0888835906982095,0,"[0.2, 0.331168003954314, 0.46883199604568593]","[0.6, 0.2, 0.2]",9.02780294418335,"{""authors"": -0.7000119209289224, ""modadd"": -2.0888835906982095, ""nli"": 2.7226417541504233}",modadd,continuous_primal_dual_psd,6,14.296049624851065,14.296049624847754,3.311129148642067e-12,"[0.0, 0.33779393401488256, 0.6622060659851174]",primal=Optimization terminated successfully; dual=outer=Optimization terminated successfully; inner=Optimization terminated successfully,1,-378.33927821589793,378.339278215898,,pythia410m_10x_licenseclean_contcert_20260504_magnitude_prune_20260504_deep6_licenseclean,pythia410m_10x_licenseclean_contcert_20260504
magnitude_prune,triple,nli+authors+multiplication,42.48658010022065,28.20000953674313,0,"[0.2, 0.35561351871169183, 0.44438648128830815]","[0.2, 0.4, 0.4]",0.0,"{""authors"": 11.591693687438998, ""multiplication"": -28.20000953674313, ""nli"": -1.4440567016601236}",multiplication,continuous_primal_dual_psd,6,42.48658010022065,42.48658010022065,0.0,"[0.0, 0.0, 1.0]",primal=Optimization terminated successfully; dual=outer=Optimization terminated successfully; inner=Optimization terminated successfully,1,-577.007216090795,577.007216090795,,pythia410m_10x_licenseclean_contcert_20260504_magnitude_prune_20260504_deep6_licenseclean,pythia410m_10x_licenseclean_contcert_20260504
magnitude_prune,triple,nli+authors+subtraction,85.21109326972793,15.700009536743131,0,"[0.2000000000000363, 0.2, 0.5999999999999637]","[0.4, 0.4, 0.2]",3.749990463256836,"{""authors"": 7.216665077209505, ""nli"": 9.716662693023714, ""subtraction"": -15.700009536743131}",subtraction,continuous_primal_dual_psd,6,85.21109326972793,85.21109326972793,0.0,"[0.0, 0.0, 1.0]",primal=Optimization terminated successfully; dual=outer=Optimization terminated successfully; inner=Optimization terminated successfully,1,-1517.5017608243456,1517.5017608243456,,pythia410m_10x_licenseclean_contcert_20260504_magnitude_prune_20260504_deep6_licenseclean,pythia410m_10x_licenseclean_contcert_20260504
magnitude_prune,triple,nli+multiplication+modadd,22.14012047890526,23.199966621398893,0,"[0.2, 0.28177408073963683, 0.5182259192603631]","[0.2, 0.4, 0.4]",5.000042915344238,"{""modadd"": -10.422208976745573, ""multiplication"": -23.199966621398893, ""nli"": 11.651202964782748}",multiplication,continuous_primal_dual_psd,6,22.14012047890526,22.14012047883755,6.771117000425875e-11,"[0.8035990514847108, 7.872715575331094e-15, 0.19640094851528134]",primal=Optimization terminated successfully; dual=outer=Optimization terminated successfully; inner=Optimization terminated successfully,1,-602.7810014098725,602.7810014098725,,pythia410m_10x_licenseclean_contcert_20260504_magnitude_prune_20260504_deep6_licenseclean,pythia410m_10x_licenseclean_contcert_20260504
magnitude_prune,triple,nli+subtraction+modadd,37.152080043493925,11.811116409301725,0,"[0.2, 0.2792416256016969, 0.5207583743983031]","[0.2, 0.4, 0.4]",6.944441795349121,"{""modadd"": -11.811116409301725, ""nli"": 4.805967140197787, ""subtraction"": -6.949999999999967}",modadd,continuous_primal_dual_psd,6,37.152080043493925,37.152080043493925,0.0,"[0.0, 1.0, 0.0]",primal=Optimization terminated successfully; dual=outer=Optimization terminated successfully; inner=Optimization terminated successfully,1,-892.5318988560243,892.5318988560244,,pythia410m_10x_licenseclean_contcert_20260504_magnitude_prune_20260504_deep6_licenseclean,pythia410m_10x_licenseclean_contcert_20260504
magnitude_prune,triple,nli+subtraction+multiplication,54.29655131233817,41.94996662139889,0,"[0.2, 0.2175435808883045, 0.5824564191116954]","[0.6, 0.2, 0.2]",12.50002384185791,"{""multiplication"": -41.94996662139889, ""nli"": 8.079764175415072, ""subtraction"": -31.949976158142057}",multiplication,continuous_primal_dual_psd,6,54.29655131233817,54.29655131172377,6.14399198184401e-10,"[0.0, 0.6271633389554857, 0.3728366610445142]",primal=Optimization terminated successfully; dual=outer=Optimization terminated successfully; inner=Optimization terminated successfully,1,-499.99952316284237,534.0002480365605,,pythia410m_10x_licenseclean_contcert_20260504_magnitude_prune_20260504_deep6_licenseclean,pythia410m_10x_licenseclean_contcert_20260504
magnitude_prune,triple,population+addition+modadd,18.47147270496982,15.977791023254362,0,"[0.2, 0.2, 0.6]","[0.6, 0.2, 0.2]",3.4722089767456055,"{""addition"": -13.200023841857877, ""modadd"": -15.977791023254362, ""population"": 7.60805301666263}",modadd,continuous_primal_dual_psd,6,18.47147270496982,18.47147270496982,0.0,"[2.2204460492503126e-16, 0.9999999999999998, 0.0]",primal=Optimization terminated successfully; dual=outer=Optimization terminated successfully; inner=Optimization terminated successfully,1,-345.69568816946247,345.69568816946247,,pythia410m_10x_licenseclean_contcert_20260504_magnitude_prune_20260504_deep6_licenseclean,pythia410m_10x_licenseclean_contcert_20260504
magnitude_prune,triple,population+addition+multiplication,23.242780179534293,20.70000476837155,0,"[0.2000000000000841, 0.3978449974614358, 0.40215500253848013]","[0.6, 0.2, 0.2]",11.250019073486328,"{""addition"": -14.45002861022946, ""multiplication"": -20.70000476837155, ""population"": -12.391951751708952}",multiplication,continuous_primal_dual_psd,6,23.242780179534293,23.242780179534293,0.0,"[0.0, 0.0, 1.0]",primal=Optimization terminated successfully; dual=outer=Optimization terminated successfully; inner=Optimization terminated successfully,1,-595.3931785429613,595.3931785429614,,pythia410m_10x_licenseclean_contcert_20260504_magnitude_prune_20260504_deep6_licenseclean,pythia410m_10x_licenseclean_contcert_20260504
magnitude_prune,triple,population+addition+subtraction,19.414518619049403,11.50811023712155,0,"[0.5426861414560603, 0.2, 0.2573138585439396]","[0.4, 0.2, 0.4]",3.9141416549682617,"{""addition"": 4.2999713897705405, ""population"": -11.50811023712155, ""subtraction"": -5.700019073486295}",population,continuous_primal_dual_psd,6,19.414518619049403,19.414518619041022,8.380851568290382e-12,"[0.9544875774811424, 0.0, 0.04551242251885761]",primal=Optimization terminated successfully; dual=outer=Optimization terminated successfully; inner=Optimization terminated successfully,1,-321.75935026444733,321.76157712383383,,pythia410m_10x_licenseclean_contcert_20260504_magnitude_prune_20260504_deep6_licenseclean,pythia410m_10x_licenseclean_contcert_20260504
magnitude_prune,triple,population+authors+addition,34.92944020100282,11.116674613952604,0,"[0.2, 0.2, 0.6]","[0.2, 0.4, 0.4]",4.5833587646484375,"{""addition"": 5.550000000000033, ""authors"": -11.116674613952604, ""population"": 4.2999713897705405}",authors,continuous_primal_dual_psd,6,34.92944020100282,34.92944020100282,0.0,"[0.0, 1.0, 0.0]",primal=Optimization terminated successfully; dual=outer=Optimization terminated successfully; inner=Optimization terminated successfully,1,-1045.5789482613782,1045.5789482613782,,pythia410m_10x_licenseclean_contcert_20260504_magnitude_prune_20260504_deep6_licenseclean,pythia410m_10x_licenseclean_contcert_20260504
magnitude_prune,triple,population+authors+modadd,33.08564586101008,3.4777671813964517,0,"[0.24150300120519744, 0.2, 0.5584969987948025]","[0.2, 0.6, 0.2]",18.05558204650879,"{""authors"": 3.258332538604769, ""modadd"": -3.4777671813964517, ""population"": 3.163596916198763}",modadd,continuous_primal_dual_psd,6,33.08564586101008,33.0856458610092,8.810729923425242e-13,"[0.2603352231741898, 5.147539257007607e-20, 0.7396647768258102]",primal=Optimization terminated successfully; dual=outer=Optimization terminated successfully; inner=Optimization terminated successfully,1,-596.5389660967155,596.5389660967155,,pythia410m_10x_licenseclean_contcert_20260504_magnitude_prune_20260504_deep6_licenseclean,pythia410m_10x_licenseclean_contcert_20260504
magnitude_prune,triple,population+authors+multiplication,16.544374980078516,16.949966621398893,0,"[0.2, 0.4528895566572298, 0.3471104433427702]","[0.2, 0.6, 0.2]",13.750004768371582,"{""authors"": 1.1750071525574057, ""multiplication"": -16.949966621398893, ""population"": 1.7999856948852866}",multiplication,continuous_primal_dual_psd,6,16.544374980078516,16.544374980078516,0.0,"[0.0, 0.0, 1.0]",primal=Optimization terminated successfully; dual=outer=Optimization terminated successfully; inner=Optimization terminated successfully,1,-546.3417533401762,546.3417533401762,,pythia410m_10x_licenseclean_contcert_20260504_magnitude_prune_20260504_deep6_licenseclean,pythia410m_10x_licenseclean_contcert_20260504
magnitude_prune,triple,population+authors+subtraction,21.85621620756502,10.700014305114713,0,"[0.2, 0.26214323561662095, 0.537856764383379]","[0.4, 0.4, 0.2]",12.5,"{""authors"": -4.450014305114713, ""population"": 2.380773353576693, ""subtraction"": -10.700014305114713}",subtraction,continuous_primal_dual_psd,6,21.85621620756502,21.856216207529563,3.5456082514429e-11,"[0.0, 0.12187716448600869, 0.8781228355139913]",primal=Optimization terminated successfully; dual=outer=Optimization terminated successfully; inner=Optimization terminated successfully,1,-680.2777335318924,680.2777335318923,,pythia410m_10x_licenseclean_contcert_20260504_magnitude_prune_20260504_deep6_licenseclean,pythia410m_10x_licenseclean_contcert_20260504
magnitude_prune,triple,population+capitals+addition,5.790702685194265,8.20000476837155,0,"[0.4072924488812643, 0.20000000000000953, 0.39270755111872613]","[0.4, 0.4, 0.2]",2.384185791015625e-05,"{""addition"": -8.20000476837155, ""capitals"": -0.7000000000000013, ""population"": 0.20906620025638034}",addition,continuous_primal_dual_psd,6,5.790702685194265,5.790702685194265,0.0,"[1.0, 0.0, 0.0]",primal=Optimization terminated successfully; dual=outer=Optimization terminated successfully; inner=Optimization terminated successfully,1,-333.79900088705296,333.79900088705296,,pythia410m_10x_licenseclean_contcert_20260504_magnitude_prune_20260504_deep6_licenseclean,pythia410m_10x_licenseclean_contcert_20260504
magnitude_prune,triple,population+capitals+authors,22.341434708397177,0.2555555555555568,0,"[0.2, 0.20000000000001422, 0.5999999999999858]","[0.4, 0.4, 0.2]",8.777793672349684,"{""authors"": 13.25833492279056, ""capitals"": -0.2555555555555568, ""population"": 5.183812904357943}",capitals,continuous_primal_dual_psd,6,22.341434708397177,22.34143470839689,2.877698079828406e-13,"[6.328271240362992e-14, 0.0, 0.9999999999999367]",primal=Optimization terminated successfully; dual=outer=Optimization terminated successfully; inner=Optimization terminated successfully,1,-715.6858884202951,715.6858884202951,,pythia410m_10x_licenseclean_contcert_20260504_magnitude_prune_20260504_deep6_licenseclean,pythia410m_10x_licenseclean_contcert_20260504
magnitude_prune,triple,population+capitals+hemisphere,6.109334851122997,-0.02222222222222096,1,"[0.20000000000003756, 0.428895847650456, 0.37110415234950644]","[0.4, 0.2, 0.4]",1.2222222222222223,"{""capitals"": 0.02222222222222096, ""hemisphere"": 1.3506312573997168, ""population"": 0.6383626937866538}",capitals,continuous_primal_dual_psd,6,6.109334851122997,6.109334851121083,1.9131363160340698e-12,"[0.7849451237025854, 1.1968987837237223e-15, 0.2150548762974134]",primal=Optimization terminated successfully; dual=outer=Optimization terminated successfully; inner=Optimization terminated successfully,1,-202.87679294340694,202.8767929434069,,pythia410m_10x_licenseclean_contcert_20260504_magnitude_prune_20260504_deep6_licenseclean,pythia410m_10x_licenseclean_contcert_20260504
magnitude_prune,triple,population+capitals+modadd,11.217957859388704,3.4777671813964517,0,"[0.2, 0.5649298560183489, 0.23507014398165116]","[0.2, 0.4, 0.4]",0.0,"{""capitals"": -0.1444444444444457, ""modadd"": -3.4777671813964517, ""population"": 6.32018737792972}",modadd,continuous_primal_dual_psd,6,11.217957859388704,11.217957859388704,0.0,"[0.0, 0.0, 1.0]",primal=Optimization terminated successfully; dual=outer=Optimization terminated successfully; inner=Optimization terminated successfully,1,-42.34568558735438,42.345685587354374,,pythia410m_10x_licenseclean_contcert_20260504_magnitude_prune_20260504_deep6_licenseclean,pythia410m_10x_licenseclean_contcert_20260504
magnitude_prune,triple,population+capitals+multiplication,9.675964420611358,14.45000476837155,0,"[0.2, 0.40571142661769516, 0.39428857338230483]","[0.6, 0.2, 0.2]",4.999995231628418,"{""capitals"": -0.7555555555555569, ""multiplication"": -14.45000476837155, ""population"": 5.108043479919466}",multiplication,continuous_primal_dual_psd,6,9.675964420611358,9.675964420611358,0.0,"[0.0, 0.0, 1.0]",primal=Optimization terminated successfully; dual=outer=Optimization terminated successfully; inner=Optimization terminated successfully,1,-197.79022713853126,197.7902271385313,,pythia410m_10x_licenseclean_contcert_20260504_magnitude_prune_20260504_deep6_licenseclean,pythia410m_10x_licenseclean_contcert_20260504
magnitude_prune,triple,population+capitals+nli,18.94353337287901,0.20000000000000126,0,"[0.2, 0.2, 0.6]","[0.2, 0.2, 0.6]",0.0,"{""capitals"": -0.20000000000000126, ""nli"": 1.6809552192688315, ""population"": 2.128264236450228}",capitals,continuous_primal_dual_psd,6,18.94353337287901,18.943533372879003,7.105427357601002e-15,"[0.0, 4.440892098500624e-16, 0.9999999999999996]",primal=Optimization terminated successfully; dual=outer=Optimization terminated successfully; inner=Optimization terminated successfully,1,-502.60848721720856,506.37666388911936,,pythia410m_10x_licenseclean_contcert_20260504_magnitude_prune_20260504_deep6_licenseclean,pythia410m_10x_licenseclean_contcert_20260504
magnitude_prune,triple,population+capitals+subtraction,31.66588850021359,2.0384103775024087,0,"[0.2, 0.2, 0.6]","[0.4, 0.4, 0.2]",21.161580085754395,"{""capitals"": -0.9777777777777791, ""population"": -2.0384103775024087, ""subtraction"": 1.8000095367431967}",population,continuous_primal_dual_psd,6,31.66588850021359,31.66588850021359,0.0,"[1.0, 0.0, 0.0]",primal=Optimization terminated successfully; dual=outer=Optimization terminated successfully; inner=Optimization terminated successfully,1,-601.9663982439688,606.4415503750802,,pythia410m_10x_licenseclean_contcert_20260504_magnitude_prune_20260504_deep6_licenseclean,pythia410m_10x_licenseclean_contcert_20260504
magnitude_prune,triple,population+hemisphere+addition,38.90229768753049,8.20002861022946,0,"[0.2, 0.2, 0.6]","[0.2, 0.4, 0.4]",3.750014305114746,"{""addition"": -8.20002861022946, ""hemisphere"": -1.484809985387791, ""population"": -4.513123703002897}",addition,continuous_primal_dual_psd,6,38.90229768753049,38.90229768753049,0.0,"[1.0, 0.0, 0.0]",primal=Optimization terminated successfully; dual=outer=Optimization terminated successfully; inner=Optimization terminated successfully,1,-771.7606576624107,787.8164453030813,,pythia410m_10x_licenseclean_contcert_20260504_magnitude_prune_20260504_deep6_licenseclean,pythia410m_10x_licenseclean_contcert_20260504
magnitude_prune,triple,population+hemisphere+authors,1.8622149118110727,0.9083420753478677,0,"[0.20330426609672791, 0.33381620466304035, 0.4628795292402317]","[0.2, 0.6, 0.2]",5.208325386047363,"{""authors"": -0.9083420753478677, ""hemisphere"": 0.6417729385537793, ""population"": 9.299990463256869}",authors,continuous_primal_dual_psd,6,1.8622149118110727,1.8622149118048534,6.219247339345202e-12,"[0.255931872058592, 0.6285115405718322, 0.11555658736957578]",primal=Optimization terminated successfully; dual=outer=Optimization terminated successfully; inner=Optimization terminated successfully,1,-36.96391048642168,36.96391048642168,,pythia410m_10x_licenseclean_contcert_20260504_magnitude_prune_20260504_deep6_licenseclean,pythia410m_10x_licenseclean_contcert_20260504
magnitude_prune,triple,population+hemisphere+modadd,17.556094851686385,3.4777671813964517,0,"[0.41855907429217737, 0.2, 0.3814409257078226]","[0.4, 0.2, 0.4]",0.0,"{""hemisphere"": -1.307594210565743, ""modadd"": -3.4777671813964517, ""population"": -3.2000333786010415}",modadd,continuous_primal_dual_psd,6,17.556094851686385,17.556094851686385,0.0,"[0.0, 0.0, 1.0]",primal=Optimization terminated successfully; dual=outer=Optimization terminated successfully; inner=Optimization terminated successfully,1,-143.1634130053261,143.16341300532608,,pythia410m_10x_licenseclean_contcert_20260504_magnitude_prune_20260504_deep6_licenseclean,pythia410m_10x_licenseclean_contcert_20260504
magnitude_prune,triple,population+hemisphere+multiplication,28.17766418116432,28.19996185302731,0,"[0.41428571428711425, 0.2000000000000007, 0.385714285712885]","[0.4, 0.2, 0.4]",0.0,"{""hemisphere"": 0.04683574559760156, ""multiplication"": -28.19996185302731, ""population"": 3.9969413757324546}",multiplication,continuous_primal_dual_psd,6,28.17766418116432,28.17766418116432,0.0,"[0.0, 0.0, 1.0]",primal=Optimization terminated successfully; dual=outer=Optimization terminated successfully; inner=Optimization terminated successfully,1,-4.5332671332377,4.533267133237703,,pythia410m_10x_licenseclean_contcert_20260504_magnitude_prune_20260504_deep6_licenseclean,pythia410m_10x_licenseclean_contcert_20260504
magnitude_prune,triple,population+hemisphere+nli,16.394335640528205,-0.19873589171978648,1,"[0.2, 0.2, 0.6]","[0.2, 0.4, 0.4]",4.321341883083279,"{""hemisphere"": 0.19873589171978648, ""nli"": 4.508337306976351, ""population"": 10.436317253112826}",hemisphere,continuous_primal_dual_psd,6,16.394335640528205,16.394335640528205,0.0,"[1.0, 0.0, 0.0]",primal=Optimization terminated successfully; dual=outer=Optimization terminated successfully; inner=Optimization terminated successfully,1,-224.07295421296286,224.07295421296286,,pythia410m_10x_licenseclean_contcert_20260504_magnitude_prune_20260504_deep6_licenseclean,pythia410m_10x_licenseclean_contcert_20260504
magnitude_prune,triple,population+hemisphere+subtraction,90.28870025040774,21.95000953674313,0,"[0.2, 0.2, 0.6]","[0.2, 0.6, 0.2]",4.999995231628418,"{""hemisphere"": 0.6670885672536424, ""population"": -0.37174530029293607, ""subtraction"": -21.95000953674313}",subtraction,continuous_primal_dual_psd,6,90.28870025040774,90.28870025040774,0.0,"[0.0, 0.0, 1.0]",primal=Optimization terminated successfully; dual=outer=Optimization terminated successfully; inner=Optimization terminated successfully,1,-1507.6279883794045,1507.6279883794045,,pythia410m_10x_licenseclean_contcert_20260504_magnitude_prune_20260504_deep6_licenseclean,pythia410m_10x_licenseclean_contcert_20260504
magnitude_prune,triple,population+multiplication+modadd,34.861904396008995,7.644417953491178,0,"[0.2, 0.28628491988656596, 0.513715080113434]","[0.6, 0.2, 0.2]",24.30558204650879,"{""modadd"": -7.644417953491178, ""multiplication"": -5.699995231628385, ""population"": -3.225281906127897}",modadd,continuous_primal_dual_psd,6,34.861904396008995,34.86190439595484,5.4157567319634836e-11,"[0.0, 0.2668174306775744, 0.7331825693224255]",primal=Optimization terminated successfully; dual=outer=Optimization terminated successfully; inner=Optimization terminated successfully,1,-801.9927529665354,801.9927529665351,,pythia410m_10x_licenseclean_contcert_20260504_magnitude_prune_20260504_deep6_licenseclean,pythia410m_10x_licenseclean_contcert_20260504
magnitude_prune,triple,population+nli+addition,70.77363818242661,7.114175033569303,0,"[0.20000000000019427, 0.2, 0.5999999999998057]","[0.4, 0.4, 0.2]",11.666679382324219,"{""addition"": -1.9500047683715493, ""nli"": -3.080955219268766, ""population"": -7.114175033569303}",population,continuous_primal_dual_psd,6,70.77363818242661,70.77363818242661,0.0,"[0.0, 0.0, 1.0]",primal=Optimization terminated successfully; dual=outer=Optimization terminated successfully; inner=Optimization terminated successfully,1,-1539.0336791101322,1539.033679110132,,pythia410m_10x_licenseclean_contcert_20260504_magnitude_prune_20260504_deep6_licenseclean,pythia410m_10x_licenseclean_contcert_20260504
magnitude_prune,triple,population+nli+authors,0.9596601728199783,-3.6154835700989096,1,"[0.3108837263878848, 0.22019256273686133, 0.46892371087525386]","[0.6, 0.2, 0.2]",0.5655050277709961,"{""authors"": 6.383344459533724, ""nli"": 3.6154835700989096, ""population"": 3.769656944274935}",nli,continuous_primal_dual_psd,6,0.9596601728199783,0.9596601728133713,6.6069372195443066e-12,"[0.9249749616321429, 0.0, 0.0750250383678571]",primal=Optimization terminated successfully; dual=outer=Optimization terminated successfully; inner=Optimization terminated successfully,1,-195.78604983607627,195.78604983607627,,pythia410m_10x_licenseclean_contcert_20260504_magnitude_prune_20260504_deep6_licenseclean,pythia410m_10x_licenseclean_contcert_20260504
magnitude_prune,triple,population+nli+modadd,50.721954576478545,0.6999999999999673,0,"[0.2, 0.2, 0.6]","[0.2, 0.6, 0.2]",12.50002384185791,"{""modadd"": -0.6999999999999673, ""nli"": 8.675011920928988, ""population"": 10.486861991882357}",modadd,continuous_primal_dual_psd,6,50.721954576478545,50.721954576475746,2.7995383788947947e-12,"[1.884815338410543e-13, 0.0, 0.9999999999998115]",primal=Optimization terminated successfully; dual=outer=Optimization terminated successfully; inner=Optimization terminated successfully,1,-872.9911326735357,872.9911326735357,,pythia410m_10x_licenseclean_contcert_20260504_magnitude_prune_20260504_deep6_licenseclean,pythia410m_10x_licenseclean_contcert_20260504
magnitude_prune,triple,population+nli+multiplication,24.47082775118619,10.699990463256803,0,"[0.20000000000002133, 0.28328909816480025, 0.5167109018351784]","[0.4, 0.4, 0.2]",8.750009536743164,"{""multiplication"": -10.699990463256803, ""nli"": 1.383325386047396, ""population"": 1.8504827499389975}",multiplication,continuous_primal_dual_psd,6,24.47082775118619,24.47082775118619,0.0,"[0.0, 0.0, 1.0]",primal=Optimization terminated successfully; dual=outer=Optimization terminated successfully; inner=Optimization terminated successfully,1,-142.00048739374625,142.00048739374623,,pythia410m_10x_licenseclean_contcert_20260504_magnitude_prune_20260504_deep6_licenseclean,pythia410m_10x_licenseclean_contcert_20260504
magnitude_prune,triple,population+nli+subtraction,68.82619985522574,11.950019073486295,0,"[0.2, 0.2, 0.6]","[0.6, 0.2, 0.2]",11.249971389770508,"{""nli"": -3.080943298339811, ""population"": -11.482861709594694, ""subtraction"": -11.950019073486295}",subtraction,continuous_primal_dual_psd,6,68.82619985522574,68.82619985522574,0.0,"[0.0, 0.0, 1.0]",primal=Optimization terminated successfully; dual=outer=Optimization terminated successfully; inner=Optimization terminated successfully,1,-1111.3245478852557,1111.3245478852557,,pythia410m_10x_licenseclean_contcert_20260504_magnitude_prune_20260504_deep6_licenseclean,pythia410m_10x_licenseclean_contcert_20260504
magnitude_prune,triple,population+subtraction+modadd,49.44770899879121,10.700014305114713,0,"[0.2, 0.2, 0.6]","[0.4, 0.2, 0.4]",3.8888931274414062,"{""modadd"": -2.0888835906982095, ""population"": -8.75556774139401, ""subtraction"": -10.700014305114713}",subtraction,continuous_primal_dual_psd,6,49.44770899879121,49.447708998791065,1.4210854715202004e-13,"[0.0, 0.999999999999992, 8.04911692853232e-15]",primal=Optimization terminated successfully; dual=outer=Optimization terminated successfully; inner=Optimization terminated successfully,1,-918.9373224395383,918.9373224395384,,pythia410m_10x_licenseclean_contcert_20260504_magnitude_prune_20260504_deep6_licenseclean,pythia410m_10x_licenseclean_contcert_20260504
magnitude_prune,triple,population+subtraction+multiplication,67.88115028849572,29.449966621398893,0,"[0.2, 0.2, 0.6]","[0.4, 0.4, 0.2]",10.000038146972656,"{""multiplication"": -29.449966621398893, ""population"": -10.422232818603483, ""subtraction"": -16.949990463256803}",multiplication,continuous_primal_dual_psd,6,67.88115028849572,67.88115028849572,0.0,"[0.0, 1.0, 0.0]",primal=Optimization terminated successfully; dual=outer=Optimization terminated successfully; inner=Optimization terminated successfully,1,-1094.151149812219,1094.6528813376672,,pythia410m_10x_licenseclean_contcert_20260504_magnitude_prune_20260504_deep6_licenseclean,pythia410m_10x_licenseclean_contcert_20260504
magnitude_prune,triple,sciq+addition+modadd,51.416541712706085,15.700009536743131,0,"[0.2, 0.2, 0.6]","[0.4, 0.4, 0.2]",3.055548667907715,"{""addition"": -15.700009536743131, ""modadd"": -11.811092567443815, ""sciq"": -0.13431572052167284}",addition,continuous_primal_dual_psd,6,51.416541712706085,51.416541712706085,0.0,"[0.0, 0.0, 1.0]",primal=Optimization terminated successfully; dual=outer=Optimization terminated successfully; inner=Optimization terminated successfully,1,-784.033980636143,784.033980636143,,pythia410m_10x_licenseclean_contcert_20260504_magnitude_prune_20260504_deep6_licenseclean,pythia410m_10x_licenseclean_contcert_20260504
magnitude_prune,triple,sciq+addition+multiplication,56.81924985618337,24.449995231628385,0,"[0.2000000000000106, 0.20000000000000023, 0.5999999999999892]","[0.6, 0.2, 0.2]",13.750004768371582,"{""addition"": -9.450033378601042, ""multiplication"": -24.449995231628385, ""sciq"": -0.5686325148861459}",multiplication,continuous_primal_dual_psd,6,56.81924985618337,56.81924985616617,1.7202239632752025e-11,"[0.0, 1.067201882419793e-12, 0.9999999999989329]",primal=Optimization terminated successfully; dual=outer=Optimization terminated successfully; inner=Optimization terminated successfully,1,-1024.80418441135,1024.8041844113502,,pythia410m_10x_licenseclean_contcert_20260504_magnitude_prune_20260504_deep6_licenseclean,pythia410m_10x_licenseclean_contcert_20260504
magnitude_prune,triple,sciq+addition+subtraction,21.170791852647874,15.700033378601042,0,"[0.5990241729253447, 0.2, 0.20097582707465533]","[0.2, 0.6, 0.2]",0.0,"{""addition"": -15.700033378601042, ""sciq"": 0.25442289003312807, ""subtraction"": -14.45000476837155}",addition,continuous_primal_dual_psd,6,21.170791852647874,21.170791852647874,0.0,"[0.0, 0.0, 1.0]",primal=Optimization terminated successfully; dual=outer=Optimization terminated successfully; inner=Optimization terminated successfully,1,-184.77245387981267,184.7724538798127,,pythia410m_10x_licenseclean_contcert_20260504_magnitude_prune_20260504_deep6_licenseclean,pythia410m_10x_licenseclean_contcert_20260504
magnitude_prune,triple,sciq+authors+addition,40.35877725878948,7.991662693023649,0,"[0.2, 0.2, 0.6]","[0.4, 0.4, 0.2]",10.000014305114746,"{""addition"": -5.700042915344206, ""authors"": -7.991662693023649, ""sciq"": 0.4528153473612998}",authors,continuous_primal_dual_psd,6,40.35877725878948,40.35877725878948,0.0,"[0.0, 0.0, 1.0]",primal=Optimization terminated successfully; dual=outer=Optimization terminated successfully; inner=Optimization terminated successfully,1,-993.890660666437,993.8906606664369,,pythia410m_10x_licenseclean_contcert_20260504_magnitude_prune_20260504_deep6_licenseclean,pythia410m_10x_licenseclean_contcert_20260504
magnitude_prune,triple,sciq+authors+modadd,14.353622626566747,10.422208976745573,0,"[0.20000000000037738, 0.41788950437968064, 0.3821104956199419]","[0.2, 0.4, 0.4]",0.0,"{""authors"": -5.908337306976286, ""modadd"": -10.422208976745573, ""sciq"": 1.471583971822365}",modadd,continuous_primal_dual_psd,6,14.353622626566747,14.353622626509832,5.6914473134384025e-11,"[4.848129909239964e-13, 0.41800359372079515, 0.58199640627872]",primal=Optimization terminated successfully; dual=outer=Optimization terminated successfully; inner=Optimization terminated successfully,1,-402.0052808321644,402.00528083216443,,pythia410m_10x_licenseclean_contcert_20260504_magnitude_prune_20260504_deep6_licenseclean,pythia410m_10x_licenseclean_contcert_20260504
magnitude_prune,triple,sciq+authors+multiplication,2.2000324249262064,10.700014305114713,0,"[0.44000002862471793, 0.2, 0.35999997137528206]","[0.4, 0.2, 0.4]",0.0,"{""authors"": -2.366676998138395, ""multiplication"": -10.700014305114713, ""sciq"": 0.6538881163186521}",multiplication,continuous_primal_dual_psd,6,2.2000324249262064,2.2000324249262064,0.0,"[0.0, 0.0, 1.0]",primal=Optimization terminated successfully; dual=outer=Optimization terminated successfully; inner=Optimization terminated successfully,1,-256.53454956368853,256.5345495636885,,pythia410m_10x_licenseclean_contcert_20260504_magnitude_prune_20260504_deep6_licenseclean,pythia410m_10x_licenseclean_contcert_20260504
magnitude_prune,triple,sciq+authors+subtraction,18.640559632583326,-1.1713128265153263,1,"[0.20000000000000545, 0.5344960439166255, 0.26550395608336896]","[0.6, 0.2, 0.2]",14.371312826515293,"{""authors"": 2.008327770233187, ""sciq"": 1.1713128265153263, ""subtraction"": 3.0499904632568686}",sciq,continuous_primal_dual_psd,6,18.640559632583326,18.640559632576704,6.622258297284134e-12,"[3.2094057783698865e-13, 0.2566824380991494, 0.7433175619005297]",primal=Optimization terminated successfully; dual=outer=Optimization terminated successfully; inner=Optimization terminated successfully,1,-343.750476837643,343.750476837643,,pythia410m_10x_licenseclean_contcert_20260504_magnitude_prune_20260504_deep6_licenseclean,pythia410m_10x_licenseclean_contcert_20260504
magnitude_prune,triple,sciq+capitals+addition,9.1265036019288,1.2000000000000013,0,"[0.20000000000003282, 0.2775270790218892, 0.522472920978078]","[0.4, 0.4, 0.2]",13.250028610229458,"{""addition"": -0.6999999999999673, ""capitals"": -1.2000000000000013, ""sciq"": 0.21152823938103701}",capitals,continuous_primal_dual_psd,6,9.1265036019288,9.1265036019288,0.0,"[0.0, 0.0, 1.0]",primal=Optimization terminated successfully; dual=outer=Optimization terminated successfully; inner=Optimization terminated successfully,1,-220.04903654613406,220.04903654613403,,pythia410m_10x_licenseclean_contcert_20260504_magnitude_prune_20260504_deep6_licenseclean,pythia410m_10x_licenseclean_contcert_20260504
magnitude_prune,triple,sciq+capitals+authors,6.1912922284808385,0.08888888888889016,0,"[0.2, 0.4172468225272679, 0.3827531774727321]","[0.4, 0.4, 0.2]",12.694450802273186,"{""authors"": 7.841667461395296, ""capitals"": -0.08888888888889016, ""sciq"": -0.0726535192513168}",capitals,continuous_primal_dual_psd,6,6.1912922284808385,6.191292227445192,1.0356462354366158e-09,"[1.57364821005958e-16, 0.6659100015036297, 0.3340899984963702]",primal=Optimization terminated successfully; dual=outer=Optimization terminated successfully; inner=Optimization terminated successfully,1,-547.9663549196935,547.9663549196933,,pythia410m_10x_licenseclean_contcert_20260504_magnitude_prune_20260504_deep6_licenseclean,pythia410m_10x_licenseclean_contcert_20260504
magnitude_prune,triple,sciq+capitals+hemisphere,-0.010208333333332487,-0.18888888888888763,1,"[0.4350000001967049, 0.2, 0.3649999998032951]","[0.4, 0.2, 0.4]",0.0,"{""capitals"": 0.18888888888888763, ""hemisphere"": 0.7936698977144611, ""sciq"": 1.3026813854719808}",capitals,continuous_primal_dual_psd,6,-0.010208333333332487,-0.010208333333332487,0.0,"[0.0, 1.0, 0.0]",primal=Optimization terminated successfully; dual=outer=Optimization terminated successfully; inner=Optimization terminated successfully,1,-13.691189876663424,13.691189876663424,,pythia410m_10x_licenseclean_contcert_20260504_magnitude_prune_20260504_deep6_licenseclean,pythia410m_10x_licenseclean_contcert_20260504
magnitude_prune,triple,sciq+capitals+modadd,61.116662693023684,0.6999999999999673,0,"[0.2, 0.2, 0.6]","[0.6, 0.2, 0.2]",11.111116409301758,"{""capitals"": -0.4222222222222235, ""modadd"": -0.6999999999999673, ""sciq"": 0.5171589341036366}",modadd,continuous_primal_dual_psd,6,61.116662693023684,61.116662693023684,0.0,"[0.0, 0.0, 1.0]",primal=Optimization terminated successfully; dual=outer=Optimization terminated successfully; inner=Optimization terminated successfully,1,-1094.1117908419278,1124.5929275236065,,pythia410m_10x_licenseclean_contcert_20260504_magnitude_prune_20260504_deep6_licenseclean,pythia410m_10x_licenseclean_contcert_20260504
magnitude_prune,triple,sciq+capitals+multiplication,15.705894014256891,13.199999999999967,0,"[0.2, 0.3598778808018572, 0.4401221191981428]","[0.4, 0.4, 0.2]",6.24997615814209,"{""capitals"": -1.0333333333333345, ""multiplication"": -13.199999999999967, ""sciq"": 1.023860250097988}",multiplication,continuous_primal_dual_psd,6,15.705894014256891,15.705894014256891,0.0,"[0.0, 0.0, 1.0]",primal=Optimization terminated successfully; dual=outer=Optimization terminated successfully; inner=Optimization terminated successfully,1,-83.06185040900658,83.06185040900658,,pythia410m_10x_licenseclean_contcert_20260504_magnitude_prune_20260504_deep6_licenseclean,pythia410m_10x_licenseclean_contcert_20260504
magnitude_prune,triple,sciq+capitals+nli,29.25388337346338,0.38096559944589714,0,"[0.2, 0.2, 0.6]","[0.2, 0.6, 0.2]",0.31903440055410415,"{""capitals"": -0.2555555555555568, ""nli"": 2.573808956146273, ""sciq"": -0.38096559944589714}",sciq,continuous_primal_dual_psd,6,29.25388337346338,29.25388337346338,0.0,"[0.0, 0.0, 1.0]",primal=Optimization terminated successfully; dual=outer=Optimization terminated successfully; inner=Optimization terminated successfully,1,-758.9397532619855,758.9397532619856,,pythia410m_10x_licenseclean_contcert_20260504_magnitude_prune_20260504_deep6_licenseclean,pythia410m_10x_licenseclean_contcert_20260504
magnitude_prune,triple,sciq+capitals+subtraction,44.76504119309591,0.9777777777777791,0,"[0.2, 0.2, 0.6]","[0.6, 0.2, 0.2]",9.722236527336934,"{""capitals"": -0.9777777777777791, ""sciq"": 0.8978555359280955, ""subtraction"": 9.299966621398958}",capitals,continuous_primal_dual_psd,6,44.76504119309591,44.76504119309591,0.0,"[0.0, 0.0, 1.0]",primal=Optimization terminated successfully; dual=outer=Optimization terminated successfully; inner=Optimization terminated successfully,1,-1203.301272780162,1203.301272780162,,pythia410m_10x_licenseclean_contcert_20260504_magnitude_prune_20260504_deep6_licenseclean,pythia410m_10x_licenseclean_contcert_20260504
magnitude_prune,triple,sciq+hemisphere+addition,45.075002384185865,4.450014305114713,0,"[0.2, 0.2, 0.6]","[0.6, 0.2, 0.2]",6.25,"{""addition"": -4.450014305114713, ""hemisphere"": -0.9784766961407585, ""sciq"": 0.14182295553753885}",addition,continuous_primal_dual_psd,6,45.075002384185865,45.075002384185865,0.0,"[0.0, 0.0, 1.0]",primal=Optimization terminated successfully; dual=outer=Optimization terminated successfully; inner=Optimization terminated successfully,1,-1275.6151086129944,1277.4334884760385,,pythia410m_10x_licenseclean_contcert_20260504_magnitude_prune_20260504_deep6_licenseclean,pythia410m_10x_licenseclean_contcert_20260504
magnitude_prune,triple,sciq+hemisphere+authors,11.99887740295792,4.241660308837858,0,"[0.2, 0.49568087188863363, 0.3043191281113664]","[0.6, 0.2, 0.2]",6.25,"{""authors"": -4.241660308837858, ""hemisphere"": -1.0417697515922952, ""sciq"": 0.8656842794783272}",authors,continuous_primal_dual_psd,6,11.99887740295792,11.998758347387518,0.00011905557040137182,"[0.36447093733461194, 1.4803341423910047e-05, 0.6355142593239641]",primal=Optimization terminated successfully; dual=outer=Optimization terminated successfully; inner=Optimization terminated successfully,1,-473.31578890930723,474.41416150386954,,pythia410m_10x_licenseclean_contcert_20260504_magnitude_prune_20260504_deep6_licenseclean,pythia410m_10x_licenseclean_contcert_20260504
magnitude_prune,triple,sciq+hemisphere+modadd,69.63199932594401,0.5354428362682688,0,"[0.20000000000005685, 0.2, 0.5999999999999431]","[0.2, 0.6, 0.2]",15.442324345128183,"{""hemisphere"": -0.5354428362682688, ""modadd"": 2.077767181396517, ""sciq"": 0.6914232175551821}",hemisphere,continuous_primal_dual_psd,6,69.63199932594401,69.63199932593663,7.37543359718984e-12,"[1.0630385460784743e-13, 0.0, 0.9999999999998936]",primal=Optimization terminated successfully; dual=outer=Optimization terminated successfully; inner=Optimization terminated successfully,1,-1183.3637011564065,1183.3637011564065,,pythia410m_10x_licenseclean_contcert_20260504_magnitude_prune_20260504_deep6_licenseclean,pythia410m_10x_licenseclean_contcert_20260504
magnitude_prune,triple,sciq+hemisphere+multiplication,20.682645077765557,13.199999999999967,0,"[0.38886473932758536, 0.20000000000000728, 0.41113526067240735]","[0.2, 0.4, 0.4]",6.24997615814209,"{""hemisphere"": 0.47721577482203853, ""multiplication"": -13.199999999999967, ""sciq"": 0.43672918221501555}",multiplication,continuous_primal_dual_psd,6,20.682645077765557,20.682645077765557,0.0,"[0.0, 0.0, 1.0]",primal=Optimization terminated successfully; dual=outer=Optimization terminated successfully; inner=Optimization terminated successfully,1,-143.82333803585985,143.82333803585985,,pythia410m_10x_licenseclean_contcert_20260504_magnitude_prune_20260504_deep6_licenseclean,pythia410m_10x_licenseclean_contcert_20260504
magnitude_prune,triple,sciq+hemisphere+nli,4.008318223117932,-0.192841815948519,1,"[0.323142655184472, 0.28075771406255434, 0.3960996307529736]","[0.2, 0.6, 0.2]",1.4880776405334473,"{""hemisphere"": 0.907594210565724, ""nli"": 0.192841815948519, ""sciq"": 0.5922248412054959}",nli,continuous_primal_dual_psd,6,4.008318223117932,4.0083182226361656,4.817666265921616e-10,"[7.914153352653489e-21, 0.44625838092678444, 0.5537416190732156]",primal=Positive directional derivative for linesearch; dual=outer=Optimization terminated successfully; inner=Optimization terminated successfully,1,-93.44483734720328,93.44483734720326,,pythia410m_10x_licenseclean_contcert_20260504_magnitude_prune_20260504_deep6_licenseclean,pythia410m_10x_licenseclean_contcert_20260504
magnitude_prune,triple,sciq+hemisphere+subtraction,13.17984301923866,11.950019073486295,0,"[0.2000000000000055, 0.4072681991433333, 0.39273180085666115]","[0.2, 0.4, 0.4]",0.0,"{""hemisphere"": -1.1430338598724992, ""sciq"": 0.9166220127035604, ""subtraction"": -11.950019073486295}",subtraction,continuous_primal_dual_psd,6,13.17984301923866,13.17984301923633,2.3305801732931286e-12,"[0.0, 0.0, 1.0]",primal=Optimization terminated successfully; dual=outer=Optimization terminated successfully; inner=Optimization terminated successfully,1,-120.27039856765279,120.2703985676527,,pythia410m_10x_licenseclean_contcert_20260504_magnitude_prune_20260504_deep6_licenseclean,pythia410m_10x_licenseclean_contcert_20260504
magnitude_prune,triple,sciq+multiplication+modadd,37.842552516277756,18.199971389770475,0,"[0.2, 0.2, 0.6]","[0.2, 0.4, 0.4]",0.5555868148803711,"{""modadd"": -17.366674613952604, ""multiplication"": -18.199971389770475, ""sciq"": 0.9487943429961287}",multiplication,continuous_primal_dual_psd,6,37.842552516277756,37.842552516277756,0.0,"[0.0, 0.0, 1.0]",primal=Optimization terminated successfully; dual=outer=Optimization terminated successfully; inner=Optimization terminated successfully,1,-314.96778254480085,314.96778254480085,,pythia410m_10x_licenseclean_contcert_20260504_magnitude_prune_20260504_deep6_licenseclean,pythia410m_10x_licenseclean_contcert_20260504
magnitude_prune,triple,sciq+nli+addition,41.109295354588646,5.700019073486295,0,"[0.2, 0.2, 0.6]","[0.4, 0.4, 0.2]",14.999985694885254,"{""addition"": -5.700019073486295, ""nli"": -4.271426868438688, ""sciq"": -0.13699710599365358}",addition,continuous_primal_dual_psd,6,41.109295354588646,41.109295354588646,0.0,"[0.0, 0.0, 1.0]",primal=Optimization terminated successfully; dual=outer=Optimization terminated successfully; inner=Optimization terminated successfully,1,-752.9698567205002,752.9698567205,,pythia410m_10x_licenseclean_contcert_20260504_magnitude_prune_20260504_deep6_licenseclean,pythia410m_10x_licenseclean_contcert_20260504
magnitude_prune,triple,sciq+nli+authors,-1.8743555142224624,-0.3670238983715174,1,"[0.23059820632529798, 0.2, 0.569401793674702]","[0.2, 0.4, 0.4]",11.067026282557276,"{""authors"": 1.1749952316284507, ""nli"": 9.71665077209476, ""sciq"": 0.3670238983715174}",sciq,continuous_primal_dual_psd,6,-1.8743555142224624,-1.8743555142225081,4.574118861455645e-14,"[0.941485680580599, 0.05851431941939878, 2.3081804078877463e-15]",primal=Optimization terminated successfully; dual=outer=Optimization terminated successfully; inner=Optimization terminated successfully,1,-180.9183262912601,180.9183262912601,,pythia410m_10x_licenseclean_contcert_20260504_magnitude_prune_20260504_deep6_licenseclean,pythia410m_10x_licenseclean_contcert_20260504
magnitude_prune,triple,sciq+nli+modadd,17.945985293045638,4.866650772094694,0,"[0.200000000000276, 0.5513112834048357, 0.24868871659488834]","[0.6, 0.2, 0.2]",1.3888835906982422,"{""modadd"": -4.866650772094694, ""nli"": 1.3833492279053061, ""sciq"": 0.05335012107577572}",modadd,continuous_primal_dual_psd,6,17.945985293045638,17.945985293039374,6.263434215725283e-12,"[0.0, 0.5837280076427867, 0.41627199235721346]",primal=Optimization terminated successfully; dual=outer=Optimization terminated successfully; inner=Optimization terminated successfully,1,-169.32279996472607,181.09497869094082,,pythia410m_10x_licenseclean_contcert_20260504_magnitude_prune_20260504_deep6_licenseclean,pythia410m_10x_licenseclean_contcert_20260504
magnitude_prune,triple,sciq+nli+multiplication,11.773645318619344,0.8487970352172525,0,"[0.45779064140991627, 0.2, 0.3422093585900837]","[0.2, 0.6, 0.2]",6.101179122924805,"{""multiplication"": 5.550000000000033, ""nli"": -0.8487970352172525, ""sciq"": 0.2731915144941932}",nli,continuous_primal_dual_psd,6,11.773645318619344,11.773645318619293,5.1514348342607263e-14,"[0.0, 1.421640583032311e-13, 0.9999999999998579]",primal=Optimization terminated successfully; dual=outer=Optimization terminated successfully; inner=Optimization terminated successfully,1,-505.39126957743224,505.3912695774323,,pythia410m_10x_licenseclean_contcert_20260504_magnitude_prune_20260504_deep6_licenseclean,pythia410m_10x_licenseclean_contcert_20260504
magnitude_prune,triple,sciq+nli+subtraction,9.415283980984746,4.449990463256803,0,"[0.21111075312440414, 0.56666603577482, 0.2222232111007758]","[0.4, 0.4, 0.2]",1.250004768371582,"{""nli"": -1.146414947509733, ""sciq"": 0.4367281083722154, ""subtraction"": -4.449990463256803}",subtraction,continuous_primal_dual_psd,6,9.415283980984746,9.415283980984746,0.0,"[0.0, 0.0, 1.0]",primal=Optimization terminated successfully; dual=outer=Optimization terminated successfully; inner=Optimization terminated successfully,1,-91.03091693144991,91.03091693144994,,pythia410m_10x_licenseclean_contcert_20260504_magnitude_prune_20260504_deep6_licenseclean,pythia410m_10x_licenseclean_contcert_20260504
magnitude_prune,triple,sciq+population+addition,6.661775191538435,3.2000095367431314,0,"[0.2000000000000098, 0.386716206611593, 0.41328379338839716]","[0.6, 0.2, 0.2]",7.500004768371582,"{""addition"": -3.2000095367431314, ""population"": -2.4424583435058267, ""sciq"": 0.1847197538752302}",addition,continuous_primal_dual_psd,6,6.661775191538435,6.661775191538435,0.0,"[0.0, 0.0, 1.0]",primal=Optimization terminated successfully; dual=outer=Optimization terminated successfully; inner=Optimization terminated successfully,1,-158.47155194289408,158.47155194289405,,pythia410m_10x_licenseclean_contcert_20260504_magnitude_prune_20260504_deep6_licenseclean,pythia410m_10x_licenseclean_contcert_20260504
magnitude_prune,triple,sciq+population+authors,16.44337482452557,-0.7477226478815766,1,"[0.20000000000000812, 0.2, 0.5999999999999919]","[0.2, 0.6, 0.2]",28.94773218462471,"{""authors"": 8.466657924652132, ""population"": 1.4969318389892905, ""sciq"": 0.7477226478815766}",sciq,continuous_primal_dual_psd,6,16.44337482452557,16.44337482452557,0.0,"[0.0, 1.0, 0.0]",primal=Optimization terminated successfully; dual=outer=Optimization terminated successfully; inner=Optimization terminated successfully,1,-509.99490157158476,516.4605841632424,,pythia410m_10x_licenseclean_contcert_20260504_magnitude_prune_20260504_deep6_licenseclean,pythia410m_10x_licenseclean_contcert_20260504
magnitude_prune,triple,sciq+population+capitals,22.46319444411049,0.3666666666666679,0,"[0.2, 0.2, 0.6]","[0.6, 0.2, 0.2]",0.5606416066487291,"{""capitals"": -0.3666666666666679, ""population"": 1.269647407531771, ""sciq"": 1.123056478762074}",capitals,continuous_primal_dual_psd,6,22.46319444411049,22.46319444411049,0.0,"[0.0, 1.0, 0.0]",primal=Optimization terminated successfully; dual=outer=Optimization terminated successfully; inner=Optimization terminated successfully,1,-442.3037751329418,442.30377513294167,,pythia410m_10x_licenseclean_contcert_20260504_magnitude_prune_20260504_deep6_licenseclean,pythia410m_10x_licenseclean_contcert_20260504
magnitude_prune,triple,sciq+population+hemisphere,12.623479354599706,0.09240578943427602,0,"[0.2, 0.6, 0.19999999999999996]","[0.2, 0.2, 0.6]",3.688439089716082,"{""hemisphere"": -0.09240578943427602, ""population"": 3.2646387100220053, ""sciq"": 0.8227896288262361}",hemisphere,continuous_primal_dual_psd,6,12.623479354599706,12.623479354599706,0.0,"[0.0, 1.0, 0.0]",primal=Optimization terminated successfully; dual=outer=Optimization terminated successfully; inner=Optimization terminated successfully,1,-91.59630785445714,91.59630785445712,,pythia410m_10x_licenseclean_contcert_20260504_magnitude_prune_20260504_deep6_licenseclean,pythia410m_10x_licenseclean_contcert_20260504
magnitude_prune,triple,sciq+population+modadd,19.90040655705675,6.255534362792936,0,"[0.38497481689405144, 0.2, 0.4150251831059486]","[0.4, 0.2, 0.4]",0.0,"{""modadd"": -6.255534362792936, ""population"": -4.311135482788053, ""sciq"": 0.9300267923778638}",modadd,continuous_primal_dual_psd,6,19.90040655705675,19.90040655705675,0.0,"[0.0, 0.0, 1.0]",primal=Optimization terminated successfully; dual=outer=Optimization terminated successfully; inner=Optimization terminated successfully,1,-349.38380198850365,349.3838019885037,,pythia410m_10x_licenseclean_contcert_20260504_magnitude_prune_20260504_deep6_licenseclean,pythia410m_10x_licenseclean_contcert_20260504
magnitude_prune,triple,sciq+population+multiplication,35.52206458496111,16.950014305114713,0,"[0.2, 0.2, 0.6]","[0.6, 0.2, 0.2]",1.2499570846557617,"{""multiplication"": -16.950014305114713, ""population"": -0.927308273315397, ""sciq"": 0.14986603811068097}",multiplication,continuous_primal_dual_psd,6,35.52206458496111,35.52206458496111,0.0,"[0.0, 0.0, 1.0]",primal=Optimization terminated successfully; dual=outer=Optimization terminated successfully; inner=Optimization terminated successfully,1,-607.0907444771343,607.0907444771343,,pythia410m_10x_licenseclean_contcert_20260504_magnitude_prune_20260504_deep6_licenseclean,pythia410m_10x_licenseclean_contcert_20260504
magnitude_prune,triple,sciq+population+nli,3.2985712046602984,-1.0801629019527832,1,"[0.3129795085504933, 0.22248050925041346, 0.4645399821990932]","[0.6, 0.2, 0.2]",1.1367291822150156,"{""nli"": 2.8714387893677085, ""population"": 8.264610099792513, ""sciq"": 1.0801629019527832}",sciq,continuous_primal_dual_psd,6,3.2985712046602984,3.298571204651415,8.883560553840653e-12,"[0.7111634534162569, 0.14442042866654276, 0.14441611791720044]",primal=Optimization terminated successfully; dual=outer=Optimization terminated successfully; inner=Optimization terminated successfully,1,-71.05412060345164,71.05412060345164,,pythia410m_10x_licenseclean_contcert_20260504_magnitude_prune_20260504_deep6_licenseclean,pythia410m_10x_licenseclean_contcert_20260504
magnitude_prune,triple,sciq+population+subtraction,34.9562264334301,5.1444561004638345,0,"[0.2, 0.25337284504300783, 0.5466271549569921]","[0.6, 0.2, 0.2]",24.30553436279297,"{""population"": -5.1444561004638345, ""sciq"": 0.9782831401311162, ""subtraction"": -1.9499809265136392}",population,continuous_primal_dual_psd,6,34.9562264334301,34.9562264332143,2.1580603970505763e-10,"[2.0249259461592426e-14, 0.1456198929627059, 0.8543801070372739]",primal=Positive directional derivative for linesearch; dual=outer=Optimization terminated successfully; inner=Optimization terminated successfully,1,-520.2849652848115,520.2849652848116,,pythia410m_10x_licenseclean_contcert_20260504_magnitude_prune_20260504_deep6_licenseclean,pythia410m_10x_licenseclean_contcert_20260504
magnitude_prune,triple,sciq+subtraction+modadd,24.137506333003827,0.6999999999999673,0,"[0.24999989271093026, 0.20000000000080181, 0.5500001072882679]","[0.4, 0.4, 0.2]",13.888883590698242,"{""modadd"": -0.6999999999999673, ""sciq"": 1.4099196228664086, ""subtraction"": -0.6999999999999673}",modadd+subtraction,continuous_primal_dual_psd,6,24.137506333003827,24.137506333003827,0.0,"[0.0, 0.0, 1.0]",primal=Optimization terminated successfully; dual=outer=Optimization terminated successfully; inner=Optimization terminated successfully,1,-439.05936726978484,439.0593672697848,,pythia410m_10x_licenseclean_contcert_20260504_magnitude_prune_20260504_deep6_licenseclean,pythia410m_10x_licenseclean_contcert_20260504
magnitude_prune,triple,sciq+subtraction+multiplication,73.07077794416553,10.700014305114713,0,"[0.2, 0.2, 0.6]","[0.4, 0.4, 0.2]",14.999985694885254,"{""multiplication"": -6.949999999999967, ""sciq"": 0.9273454069058831, ""subtraction"": -10.700014305114713}",subtraction,continuous_primal_dual_psd,6,73.07077794416553,73.07077794416544,8.526512829121202e-14,"[0.0, 0.999999999999996, 4.033690553684948e-15]",primal=Optimization terminated successfully; dual=outer=Optimization terminated successfully; inner=Optimization terminated successfully,1,-1305.7306198764459,1305.7306198764459,,pythia410m_10x_licenseclean_contcert_20260504_magnitude_prune_20260504_deep6_licenseclean,pythia410m_10x_licenseclean_contcert_20260504
magnitude_prune,triple,subtraction+multiplication+modadd,36.3250305176175,36.950019073486295,0,"[0.2, 0.20000000000000356, 0.5999999999999964]","[0.2, 0.6, 0.2]",1.2499570846557617,"{""modadd"": -21.53334922790524, ""multiplication"": -33.20000476837155, ""subtraction"": -36.950019073486295}",subtraction,continuous_primal_dual_psd,6,36.3250305176175,36.3250305176175,0.0,"[0.0, 1.0, 0.0]",primal=Optimization terminated successfully; dual=outer=Optimization terminated successfully; inner=Optimization terminated successfully,1,-484.8622730824419,484.8622730824419,,pythia410m_10x_licenseclean_contcert_20260504_magnitude_prune_20260504_deep6_licenseclean,pythia410m_10x_licenseclean_contcert_20260504
ties,pair,addition+modadd,24.064732677555757,9.450033378601042,0,"[0.2536261506265548, 0.7463738493734452]","[0.6, 0.4]",17.499995231628418,"{""addition"": -9.450033378601042, ""modadd"": -9.03332538604733}",addition,continuous_primal_dual_psd,4,24.064732677555757,24.06473267755532,4.369837824924616e-13,"[0.5261519946578112, 0.47384800534218885]",primal=Optimization terminated successfully; dual=outer=Optimization terminated successfully; inner=Optimization terminated successfully,1,-173.61074686050424,173.61074686050424,,pythia410m_10x_licenseclean_contcert_20260504_ties_20260504_deep6_licenseclean,pythia410m_10x_licenseclean_contcert_20260504
ties,pair,addition+multiplication,29.82501573562622,25.699999999999967,0,"[0.20000000000000018, 0.7999999999999998]","[0.8, 0.2]",4.999971389770508,"{""addition"": -16.950014305114713, ""multiplication"": -25.699999999999967}",multiplication,continuous_primal_dual_psd,4,29.82501573562622,29.82501573562622,0.0,"[0.0, 1.0]",primal=Optimization terminated successfully; dual=outer=Optimization terminated successfully; inner=Optimization terminated successfully,1,-31.249821186065635,31.249821186065635,,pythia410m_10x_licenseclean_contcert_20260504_ties_20260504_deep6_licenseclean,pythia410m_10x_licenseclean_contcert_20260504
ties,pair,addition+subtraction,25.950017642975013,10.700014305114713,0,"[0.2000000000000035, 0.7999999999999965]","[0.8, 0.2]",11.249995231628418,"{""addition"": -5.700019073486295, ""subtraction"": -10.700014305114713}",subtraction,continuous_primal_dual_psd,4,25.950017642975013,25.950017642975013,0.0,"[0.0, 1.0]",primal=Optimization terminated successfully; dual=outer=Optimization terminated successfully; inner=Optimization terminated successfully,1,-249.99976158142107,249.99976158142107,,pythia410m_10x_licenseclean_contcert_20260504_ties_20260504_deep6_licenseclean,pythia410m_10x_licenseclean_contcert_20260504
ties,pair,authors+addition,10.265970051432568,11.950019073486295,0,"[0.4555557062600605, 0.5444442937399395]","[0.4, 0.6]",0.0,"{""addition"": -11.950019073486295, ""authors"": -1.9499928474425943}",addition,continuous_primal_dual_psd,4,10.265970051432568,10.265970051432568,0.0,"[0.0, 1.0]",primal=Optimization terminated successfully; dual=outer=Optimization terminated successfully; inner=Optimization terminated successfully,0,2.232193946838421,0.0,,pythia410m_10x_licenseclean_contcert_20260504_ties_20260504_deep6_licenseclean,pythia410m_10x_licenseclean_contcert_20260504
ties,pair,authors+modadd,18.47776241302487,4.866650772094694,0,"[0.2, 0.8]","[0.6, 0.4]",6.944465637207031,"{""authors"": 5.549988079071078, ""modadd"": -4.866650772094694}",modadd,continuous_primal_dual_psd,4,18.47776241302487,18.47776241302487,0.0,"[0.0, 1.0]",primal=Optimization terminated successfully; dual=outer=Optimization terminated successfully; inner=Optimization terminated successfully,1,-104.16626930236824,104.16626930236824,,pythia410m_10x_licenseclean_contcert_20260504_ties_20260504_deep6_licenseclean,pythia410m_10x_licenseclean_contcert_20260504
ties,pair,authors+multiplication,30.950000953674298,14.45000476837155,0,"[0.2, 0.8]","[0.8, 0.2]",13.750004768371582,"{""authors"": -5.28332300186154, ""multiplication"": -14.45000476837155}",multiplication,continuous_primal_dual_psd,4,30.950000953674298,30.950000953674298,0.0,"[0.0, 1.0]",primal=Optimization terminated successfully; dual=outer=Optimization terminated successfully; inner=Optimization terminated successfully,1,-124.99958276748664,124.99958276748664,,pythia410m_10x_licenseclean_contcert_20260504_ties_20260504_deep6_licenseclean,pythia410m_10x_licenseclean_contcert_20260504
ties,pair,authors+subtraction,18.63716992713762,10.700014305114713,0,"[0.39777772134073885, 0.6022222786592611]","[0.4, 0.6]",0.0,"{""authors"": 0.5500047683716147, ""subtraction"": -10.700014305114713}",subtraction,continuous_primal_dual_psd,4,18.63716992713762,18.63716992713762,0.0,"[0.0, 1.0]",primal=Optimization terminated successfully; dual=outer=Optimization terminated successfully; inner=Optimization terminated successfully,0,71.42841815948485,0.0,,pythia410m_10x_licenseclean_contcert_20260504_ties_20260504_deep6_licenseclean,pythia410m_10x_licenseclean_contcert_20260504
ties,pair,capitals+addition,5.700007152558042,10.700038146972624,0,"[0.2000000000000156, 0.7999999999999844]","[0.6, 0.4]",1.2499809265136719,"{""addition"": -10.700038146972624, ""capitals"": -1.3111111111111124}",addition,continuous_primal_dual_psd,4,5.700007152558042,5.700007152558042,0.0,"[0.0, 1.0]",primal=Optimization terminated successfully; dual=outer=Optimization terminated successfully; inner=Optimization terminated successfully,1,-46.875178813934376,46.875178813934376,,pythia410m_10x_licenseclean_contcert_20260504_ties_20260504_deep6_licenseclean,pythia410m_10x_licenseclean_contcert_20260504
ties,pair,capitals+authors,0.37999999999999945,1.0888888888888901,0,"[0.2, 0.8]","[0.4, 0.6]",3.361089653438958,"{""authors"": 0.758323001861605, ""capitals"": -1.0888888888888901}",capitals,continuous_primal_dual_psd,4,0.37999999999999945,0.37999999999999945,0.0,"[1.0, 0.0]",primal=Optimization terminated successfully; dual=outer=Optimization terminated successfully; inner=Optimization terminated successfully,1,-29.575824737548814,29.575824737548814,,pythia410m_10x_licenseclean_contcert_20260504_ties_20260504_deep6_licenseclean,pythia410m_10x_licenseclean_contcert_20260504
ties,pair,capitals+hemisphere,0.6655064102564108,0.7000000000000013,0,"[0.44769230766214374, 0.5523076923378563]","[0.4, 0.6]",0.0,"{""capitals"": -0.7000000000000013, ""hemisphere"": 0.7936698977144611}",capitals,continuous_primal_dual_psd,4,0.6655064102564108,0.6655064102564108,0.0,"[1.0, 5.551115123125783e-17]",primal=Optimization terminated successfully; dual=outer=Optimization terminated successfully; inner=Optimization terminated successfully,0,5.416666666666666,0.0,,pythia410m_10x_licenseclean_contcert_20260504_ties_20260504_deep6_licenseclean,pythia410m_10x_licenseclean_contcert_20260504
ties,pair,capitals+modadd,18.989263306636992,7.644441795349088,0,"[0.5153845741748806, 0.4846154258251194]","[0.6, 0.4]",0.0,"{""capitals"": -1.0888888888888901, ""modadd"": -7.644441795349088}",modadd,continuous_primal_dual_psd,4,18.989263306636992,18.989263306636992,0.0,"[0.0, 1.0]",primal=Optimization terminated successfully; dual=outer=Optimization terminated successfully; inner=Optimization terminated successfully,0,0.4166666666666653,0.0,,pythia410m_10x_licenseclean_contcert_20260504_ties_20260504_deep6_licenseclean,pythia410m_10x_licenseclean_contcert_20260504
ties,pair,capitals+multiplication,14.340649914741498,16.949990463256803,0,"[0.5400000000000015, 0.4599999999999985]","[0.8, 0.2]",7.499980926513672,"{""capitals"": -1.2000000000000013, ""multiplication"": -16.949990463256803}",multiplication,continuous_primal_dual_psd,4,14.340649914741498,14.340649914741498,0.0,"[0.0, 1.0]",primal=Optimization terminated successfully; dual=outer=Optimization terminated successfully; inner=Optimization terminated successfully,0,14.999999999999993,0.0,,pythia410m_10x_licenseclean_contcert_20260504_ties_20260504_deep6_licenseclean,pythia410m_10x_licenseclean_contcert_20260504
ties,pair,capitals+nli,1.329012713474448,0.7000000000000013,0,"[0.4940461917847927, 0.5059538082152073]","[0.4, 0.6]",0.0,"{""capitals"": -0.7000000000000013, ""nli"": -0.6999761581420572}",capitals,continuous_primal_dual_psd,4,1.329012713474448,1.329012713474448,0.0,"[0.0, 1.0]",primal=Optimization terminated successfully; dual=outer=Optimization terminated successfully; inner=Optimization terminated successfully,0,7.083333333333331,0.0,,pythia410m_10x_licenseclean_contcert_20260504_ties_20260504_deep6_licenseclean,pythia410m_10x_licenseclean_contcert_20260504
ties,pair,capitals+subtraction,35.7000214576721,1.5333333333333345,0,"[0.2, 0.8]","[0.8, 0.2]",9.166680971781378,"{""capitals"": -1.5333333333333345, ""subtraction"": 4.300019073486361}",capitals,continuous_primal_dual_psd,4,35.7000214576721,35.7000214576721,0.0,"[0.0, 1.0]",primal=Optimization terminated successfully; dual=outer=Optimization terminated successfully; inner=Optimization terminated successfully,1,-187.49982118606576,187.49982118606576,,pythia410m_10x_licenseclean_contcert_20260504_ties_20260504_deep6_licenseclean,pythia410m_10x_licenseclean_contcert_20260504
ties,pair,hemisphere+addition,11.949995231628485,0.7000238418578775,0,"[0.20000000000000326, 0.7999999999999967]","[0.6, 0.4]",10.000014305114746,"{""addition"": -0.7000238418578775, ""hemisphere"": -0.10506121356308026}",addition,continuous_primal_dual_psd,4,11.949995231628485,11.949995231628485,0.0,"[0.0, 1.0]",primal=Optimization terminated successfully; dual=outer=Optimization terminated successfully; inner=Optimization terminated successfully,1,-78.12559604644775,78.12559604644775,,pythia410m_10x_licenseclean_contcert_20260504_ties_20260504_deep6_licenseclean,pythia410m_10x_licenseclean_contcert_20260504
ties,pair,hemisphere+authors,-0.9212528717544364,6.949999999999967,0,"[0.20000000000000967, 0.7999999999999903]","[0.4, 0.6]",5.208325386047363,"{""authors"": -6.949999999999967, ""hemisphere"": 0.3632882750092725}",authors,continuous_primal_dual_psd,4,-0.9212528717544364,-0.9212528717544364,0.0,"[1.0, 0.0]",primal=Optimization terminated successfully; dual=outer=Optimization terminated successfully; inner=Optimization terminated successfully,1,-242.74528026580816,242.74528026580816,,pythia410m_10x_licenseclean_contcert_20260504_ties_20260504_deep6_licenseclean,pythia410m_10x_licenseclean_contcert_20260504
ties,pair,hemisphere+modadd,13.84652182817404,7.644417953491178,0,"[0.651999890243093, 0.348000109756907]","[0.6, 0.4]",0.0,"{""hemisphere"": -0.8518969591606913, ""modadd"": -7.644417953491178}",modadd,continuous_primal_dual_psd,4,13.84652182817404,13.84652182817404,0.0,"[0.0, 1.0]",primal=Optimization terminated successfully; dual=outer=Optimization terminated successfully; inner=Optimization terminated successfully,1,-9.37501966955154,9.37501966955154,,pythia410m_10x_licenseclean_contcert_20260504_ties_20260504_deep6_licenseclean,pythia410m_10x_licenseclean_contcert_20260504
ties,pair,hemisphere+multiplication,18.325033855438196,20.69998092651364,0,"[0.2, 0.8]","[0.4, 0.6]",4.999995231628418,"{""hemisphere"": 0.6291127339827204, ""multiplication"": -20.69998092651364}",multiplication,continuous_primal_dual_psd,4,18.325033855438196,18.325033855438196,0.0,"[0.0, 1.0]",primal=Optimization terminated successfully; dual=outer=Optimization terminated successfully; inner=Optimization terminated successfully,1,-78.12559604644782,78.12559604644782,,pythia410m_10x_licenseclean_contcert_20260504_ties_20260504_deep6_licenseclean,pythia410m_10x_licenseclean_contcert_20260504
ties,pair,hemisphere+nli,1.0261345886313578,-0.17341866953917182,1,"[0.4253939430552814, 0.5746060569447187]","[0.2, 0.8]",0.7468341521168596,"{""hemisphere"": 0.17341866953917182, ""nli"": 1.5321343421936362}",hemisphere,continuous_primal_dual_psd,4,1.0261345886313578,1.0261345886313578,0.0,"[0.0, 1.0]",primal=Optimization terminated successfully; dual=outer=Optimization terminated successfully; inner=Optimization terminated successfully,0,7.812470495672701,0.0,,pythia410m_10x_licenseclean_contcert_20260504_ties_20260504_deep6_licenseclean,pythia410m_10x_licenseclean_contcert_20260504
ties,pair,hemisphere+subtraction,26.57502717971798,8.20000476837155,0,"[0.2, 0.8]","[0.6, 0.4]",7.500028610229492,"{""hemisphere"": 0.1734154825776687, ""subtraction"": -8.20000476837155}",subtraction,continuous_primal_dual_psd,4,26.57502717971798,26.57502717971798,0.0,"[0.0, 1.0]",primal=Optimization terminated successfully; dual=outer=Optimization terminated successfully; inner=Optimization terminated successfully,1,-7.18756884343037,7.18756884343037,,pythia410m_10x_licenseclean_contcert_20260504_ties_20260504_deep6_licenseclean,pythia410m_10x_licenseclean_contcert_20260504
ties,pair,multiplication+modadd,16.311521690171354,20.69998092651364,0,"[0.6974076511364274, 0.30259234886357256]","[0.4, 0.6]",1.2499809265136719,"{""modadd"": -13.199999999999967, ""multiplication"": -20.69998092651364}",multiplication,continuous_primal_dual_psd,4,16.311521690171354,16.31152169016883,2.5224267119483557e-12,"[0.029496763291087975, 0.970503236708912]",primal=Optimization terminated successfully; dual=outer=Optimization terminated successfully; inner=Optimization terminated successfully,0,86.80522441864008,0.0,,pythia410m_10x_licenseclean_contcert_20260504_ties_20260504_deep6_licenseclean,pythia410m_10x_licenseclean_contcert_20260504
ties,pair,nli+addition,17.137555551528916,1.9500286102294595,0,"[0.8, 0.19999999999999996]","[0.6, 0.4]",8.749985694885254,"{""addition"": -1.9500286102294595, ""nli"": -0.8488208770751626}",addition,continuous_primal_dual_psd,4,17.137555551528916,17.137555551528916,0.0,"[0.0, 1.0]",primal=Optimization terminated successfully; dual=outer=Optimization terminated successfully; inner=Optimization terminated successfully,1,-46.87517881393439,46.87517881393439,,pythia410m_10x_licenseclean_contcert_20260504_ties_20260504_deep6_licenseclean,pythia410m_10x_licenseclean_contcert_20260504
ties,pair,nli+authors,-1.7372604389856705,3.8249880790710122,0,"[0.30904377750677614, 0.6909562224932239]","[0.2, 0.8]",7.708334922790527,"{""authors"": -3.8249880790710122, ""nli"": 3.169056701660189}",authors,continuous_primal_dual_psd,4,-1.7372604389856705,-1.7372604389878865,2.2160051571518125e-12,"[0.5662214648531916, 0.43377853514680836]",primal=Optimization terminated successfully; dual=outer=Optimization terminated successfully; inner=Optimization terminated successfully,1,-14.719218015670792,14.719218015670792,,pythia410m_10x_licenseclean_contcert_20260504_ties_20260504_deep6_licenseclean,pythia410m_10x_licenseclean_contcert_20260504
ties,pair,nli+modadd,19.796843958635765,4.866650772094694,0,"[0.5577779135100341, 0.44222208648996586]","[0.6, 0.4]",0.0,"{""modadd"": -4.866650772094694, ""nli"": -2.0392806053161294}",modadd,continuous_primal_dual_psd,4,19.796843958635765,19.796843958635765,0.0,"[0.0, 1.0]",primal=Optimization terminated successfully; dual=outer=Optimization terminated successfully; inner=Optimization terminated successfully,0,43.69467496871947,0.0,,pythia410m_10x_licenseclean_contcert_20260504_ties_20260504_deep6_licenseclean,pythia410m_10x_licenseclean_contcert_20260504
ties,pair,nli+multiplication,11.950025033950949,21.94996185302731,0,"[0.799999999999991, 0.20000000000000895]","[0.4, 0.6]",13.750028610229492,"{""multiplication"": -21.94996185302731, ""nli"": -8.884528350830045}",multiplication,continuous_primal_dual_psd,4,11.950025033950949,11.950025033950949,0.0,"[0.0, 1.0]",primal=Optimization terminated successfully; dual=outer=Optimization terminated successfully; inner=Optimization terminated successfully,0,0.00029802322377492124,0.0,,pythia410m_10x_licenseclean_contcert_20260504_ties_20260504_deep6_licenseclean,pythia410m_10x_licenseclean_contcert_20260504
ties,pair,nli+subtraction,31.200004291534388,16.950014305114713,0,"[0.2, 0.8]","[0.2, 0.8]",0.0,"{""nli"": 2.573808956146273, ""subtraction"": -16.950014305114713}",subtraction,continuous_primal_dual_psd,4,31.200004291534388,31.200004291534388,0.0,"[0.0, 1.0]",primal=Optimization terminated successfully; dual=outer=Optimization terminated successfully; inner=Optimization terminated successfully,1,-109.37482118606572,109.37482118606572,,pythia410m_10x_licenseclean_contcert_20260504_ties_20260504_deep6_licenseclean,pythia410m_10x_licenseclean_contcert_20260504
ties,pair,population+addition,9.449999999999957,6.9500238418578775,0,"[0.2, 0.8]","[0.8, 0.2]",5.000019073486328,"{""addition"": -6.9500238418578775, ""population"": 5.183812904357943}",addition,continuous_primal_dual_psd,4,9.449999999999957,9.449999999999957,0.0,"[0.0, 1.0]",primal=Optimization terminated successfully; dual=outer=Optimization terminated successfully; inner=Optimization terminated successfully,1,-265.62541723251326,265.62541723251326,,pythia410m_10x_licenseclean_contcert_20260504_ties_20260504_deep6_licenseclean,pythia410m_10x_licenseclean_contcert_20260504
ties,pair,population+authors,3.2165461006185616,-1.5916913032532065,1,"[0.6006792001780022, 0.39932079982199775]","[0.6, 0.4]",0.0,"{""authors"": 1.5916913032532065, ""population"": 6.572696495056185}",authors,continuous_primal_dual_psd,4,3.2165461006185616,3.2165461006185616,0.0,"[1.0, 0.0]",primal=Optimization terminated successfully; dual=outer=Optimization terminated successfully; inner=Optimization terminated successfully,0,98.83970022201538,0.0,,pythia410m_10x_licenseclean_contcert_20260504_ties_20260504_deep6_licenseclean,pythia410m_10x_licenseclean_contcert_20260504
ties,pair,population+capitals,5.010271739959679,0.4222222222222235,0,"[0.2, 0.8]","[0.6, 0.4]",1.1364184485541111,"{""capitals"": -0.4222222222222235, ""population"": 5.663606452941927}",capitals,continuous_primal_dual_psd,4,5.010271739959679,5.010271739959679,0.0,"[1.0, 0.0]",primal=Optimization terminated successfully; dual=outer=Optimization terminated successfully; inner=Optimization terminated successfully,1,-103.37769985198972,103.37769985198972,,pythia410m_10x_licenseclean_contcert_20260504_ties_20260504_deep6_licenseclean,pythia410m_10x_licenseclean_contcert_20260504
ties,pair,population+hemisphere,3.2266222978020807,0.13037843574369493,0,"[0.43736157214010823, 0.5626384278598917]","[0.2, 0.8]",1.050631257399726,"{""hemisphere"": -0.13037843574369493, ""population"": -0.11923618316647122}",hemisphere,continuous_primal_dual_psd,4,3.2266222978020807,3.2266222978020807,0.0,"[1.0, 0.0]",primal=Optimization terminated successfully; dual=outer=Optimization terminated successfully; inner=Optimization terminated successfully,0,1.843359515123269e-15,0.0,,pythia410m_10x_licenseclean_contcert_20260504_ties_20260504_deep6_licenseclean,pythia410m_10x_licenseclean_contcert_20260504
ties,pair,population+modadd,11.651391398906004,7.644441795349088,0,"[0.5800001132519045, 0.4199998867480955]","[0.4, 0.6]",1.3888835906982422,"{""modadd"": -7.644441795349088, ""population"": -6.3061029434203775}",modadd,continuous_primal_dual_psd,4,11.651391398906004,11.651391398906004,0.0,"[0.0, 1.0]",primal=Optimization terminated successfully; dual=outer=Optimization terminated successfully; inner=Optimization terminated successfully,0,19.728243350982662,0.0,,pythia410m_10x_licenseclean_contcert_20260504_ties_20260504_deep6_licenseclean,pythia410m_10x_licenseclean_contcert_20260504
ties,pair,population+multiplication,38.200019073486324,16.949990463256803,0,"[0.2, 0.8]","[0.8, 0.2]",16.249990463256836,"{""multiplication"": -16.949990463256803, ""population"": 2.1029918670654624}",multiplication,continuous_primal_dual_psd,4,38.200019073486324,38.200019073486324,0.0,"[0.0, 1.0]",primal=Optimization terminated successfully; dual=outer=Optimization terminated successfully; inner=Optimization terminated successfully,1,-115.01759290695193,115.01759290695193,,pythia410m_10x_licenseclean_contcert_20260504_ties_20260504_deep6_licenseclean,pythia410m_10x_licenseclean_contcert_20260504
ties,pair,population+nli,7.925918987833613,-1.5321581840515464,1,"[0.27551908857333846, 0.7244809114266615]","[0.4, 0.6]",4.6131134033203125,"{""nli"": 1.5321581840515464, ""population"": 7.355520057678255}",nli,continuous_primal_dual_psd,4,7.925918987833613,7.92591898783039,3.2231994850917545e-12,"[0.15582725190342292, 0.8441727480965772]",primal=Optimization terminated successfully; dual=outer=Optimization terminated successfully; inner=Optimization terminated successfully,1,-42.61344671249389,42.61344671249389,,pythia410m_10x_licenseclean_contcert_20260504_ties_20260504_deep6_licenseclean,pythia410m_10x_licenseclean_contcert_20260504
ties,pair,population+subtraction,23.497504707250897,5.699995231628385,0,"[0.35137913119612185, 0.6486208688038781]","[0.6, 0.4]",12.5,"{""population"": 0.2090900421142905, ""subtraction"": -5.699995231628385}",subtraction,continuous_primal_dual_psd,4,23.497504707250897,23.497504707250798,9.947598300641403e-14,"[0.20829570689461932, 0.7917042931053807]",primal=Optimization terminated successfully; dual=outer=Optimization terminated successfully; inner=Optimization terminated successfully,1,-239.50487375259402,239.50487375259402,,pythia410m_10x_licenseclean_contcert_20260504_ties_20260504_deep6_licenseclean,pythia410m_10x_licenseclean_contcert_20260504
ties,pair,sciq+addition,10.275002431869193,15.700009536743131,0,"[0.5600000953685444, 0.43999990463145555]","[0.4, 0.6]",2.384185791015625e-05,"{""addition"": -15.700009536743131, ""sciq"": -0.11286785827422724}",addition,continuous_primal_dual_psd,4,10.275002431869193,10.275002431869193,0.0,"[0.0, 1.0]",primal=Optimization terminated successfully; dual=outer=Optimization terminated successfully; inner=Optimization terminated successfully,1,-9.628450792397878,9.628450792397878,,pythia410m_10x_licenseclean_contcert_20260504_ties_20260504_deep6_licenseclean,pythia410m_10x_licenseclean_contcert_20260504
ties,pair,sciq+authors,-1.4710784860060255,0.3112613894451991,0,"[0.3644157589593211, 0.6355842410406789]","[0.6, 0.4]",4.763743378926351,"{""authors"": 2.008315849304232, ""sciq"": -0.3112613894451991}",sciq,continuous_primal_dual_psd,4,-1.4710784860060255,-1.4710784860060255,0.0,"[1.0, 0.0]",primal=Optimization terminated successfully; dual=outer=Optimization terminated successfully; inner=Optimization terminated successfully,0,13.006795262624271,0.0,,pythia410m_10x_licenseclean_contcert_20260504_ties_20260504_deep6_licenseclean,pythia410m_10x_licenseclean_contcert_20260504
ties,pair,sciq+capitals,0.32000000000000334,0.2555555555555568,0,"[0.20000000000000143, 0.7999999999999986]","[0.4, 0.6]",0.16666666666666669,"{""capitals"": -0.2555555555555568, ""sciq"": -0.096781693127943}",capitals,continuous_primal_dual_psd,4,0.32000000000000334,0.32000000000000334,0.0,"[0.0, 1.0]",primal=Optimization terminated successfully; dual=outer=Optimization terminated successfully; inner=Optimization terminated successfully,1,-18.074450186786777,18.074450186786777,,pythia410m_10x_licenseclean_contcert_20260504_ties_20260504_deep6_licenseclean,pythia410m_10x_licenseclean_contcert_20260504
ties,pair,sciq+hemisphere,-0.39050594984786047,0.4215185234170059,0,"[0.41558908799268285, 0.5844109120073171]","[0.4, 0.6]",0.0,"{""hemisphere"": -0.4215185234170059, ""sciq"": 0.48498767765386824}",hemisphere,continuous_primal_dual_psd,4,-0.39050594984786047,-0.39050594984860837,7.479017405387367e-13,"[0.0013832283692343356, 0.9986167716307657]",primal=Optimization terminated successfully; dual=outer=Optimization terminated successfully; inner=Optimization terminated successfully,0,4.687568843430373,0.0,,pythia410m_10x_licenseclean_contcert_20260504_ties_20260504_deep6_licenseclean,pythia410m_10x_licenseclean_contcert_20260504
ties,pair,sciq+modadd,11.463888359069795,3.4777671813964517,0,"[0.8, 0.19999999999999996]","[0.6, 0.4]",6.944441795349121,"{""modadd"": -3.4777671813964517, ""sciq"": -0.45871289201973725}",modadd,continuous_primal_dual_psd,4,11.463888359069795,11.463888359069795,0.0,"[0.0, 1.0]",primal=Optimization terminated successfully; dual=outer=Optimization terminated successfully; inner=Optimization terminated successfully,0,0.675698664253292,0.0,,pythia410m_10x_licenseclean_contcert_20260504_ties_20260504_deep6_licenseclean,pythia410m_10x_licenseclean_contcert_20260504
ties,pair,sciq+multiplication,28.825016689300494,24.449995231628385,0,"[0.2, 0.8]","[0.8, 0.2]",12.5,"{""multiplication"": -24.449995231628385, ""sciq"": -0.26836566495030795}",multiplication,continuous_primal_dual_psd,4,28.825016689300494,28.825016689300494,0.0,"[0.0, 1.0]",primal=Optimization terminated successfully; dual=outer=Optimization terminated successfully; inner=Optimization terminated successfully,1,-140.6249403953554,140.6249403953554,,pythia410m_10x_licenseclean_contcert_20260504_ties_20260504_deep6_licenseclean,pythia410m_10x_licenseclean_contcert_20260504
ties,pair,sciq+nli,5.063054037094084,0.8487970352172525,0,"[0.20000000000000023, 0.7999999999999998]","[0.8, 0.2]",9.821438789367676,"{""nli"": -0.8487970352172525, ""sciq"": 0.11233415840255145}",nli,continuous_primal_dual_psd,4,5.063054037094084,5.063054037094084,0.0,"[0.0, 1.0]",primal=Optimization terminated successfully; dual=outer=Optimization terminated successfully; inner=Optimization terminated successfully,1,-14.20453190803529,14.20453190803529,,pythia410m_10x_licenseclean_contcert_20260504_ties_20260504_deep6_licenseclean,pythia410m_10x_licenseclean_contcert_20260504
ties,pair,sciq+population,3.190791589289777,-0.1176937078181125,1,"[0.5315711009913117, 0.46842889900868834]","[0.2, 0.8]",5.868209836358119,"{""population"": 4.2999713897705405, ""sciq"": 0.1176937078181125}",sciq,continuous_primal_dual_psd,4,3.190791589289777,3.190791589289777,0.0,"[1.1102230246251565e-16, 0.9999999999999999]",primal=Optimization terminated successfully; dual=outer=Optimization terminated successfully; inner=Optimization terminated successfully,1,-17.229848120904467,17.229848120904467,,pythia410m_10x_licenseclean_contcert_20260504_ties_20260504_deep6_licenseclean,pythia410m_10x_licenseclean_contcert_20260504
ties,pair,sciq+subtraction,10.637490224838213,8.20000476837155,0,"[0.8, 0.19999999999999996]","[0.6, 0.4]",2.500009536743164,"{""sciq"": -0.7160850913034841, ""subtraction"": -8.20000476837155}",subtraction,continuous_primal_dual_psd,4,10.637490224838213,10.637490224838213,0.0,"[0.0, 1.0]",primal=Optimization terminated successfully; dual=outer=Optimization terminated successfully; inner=Optimization terminated successfully,1,-12.33109659837098,12.33109659837098,,pythia410m_10x_licenseclean_contcert_20260504_ties_20260504_deep6_licenseclean,pythia410m_10x_licenseclean_contcert_20260504
ties,pair,subtraction+modadd,27.505548667907696,15.700009536743131,0,"[0.2, 0.8]","[0.8, 0.2]",1.6666650772094727,"{""modadd"": -10.422232818603483, ""subtraction"": -15.700009536743131}",subtraction,continuous_primal_dual_psd,4,27.505548667907696,27.505548667907696,0.0,"[0.0, 1.0]",primal=Optimization terminated successfully; dual=outer=Optimization terminated successfully; inner=Optimization terminated successfully,1,-156.24970197677604,156.24970197677604,,pythia410m_10x_licenseclean_contcert_20260504_ties_20260504_deep6_licenseclean,pythia410m_10x_licenseclean_contcert_20260504
ties,pair,subtraction+multiplication,41.57500333786011,29.449990463256803,0,"[0.2, 0.8]","[0.8, 0.2]",17.500019073486328,"{""multiplication"": -29.449990463256803, ""subtraction"": -24.450019073486295}",multiplication,continuous_primal_dual_psd,4,41.57500333786011,41.57500333786011,0.0,"[0.0, 1.0]",primal=Optimization terminated successfully; dual=outer=Optimization terminated successfully; inner=Optimization terminated successfully,1,-125.00017881393418,125.00017881393418,,pythia410m_10x_licenseclean_contcert_20260504_ties_20260504_deep6_licenseclean,pythia410m_10x_licenseclean_contcert_20260504
ties,triple,addition+multiplication+modadd,21.05583715171658,23.199990463256803,0,"[0.229128502066602, 0.38037585203473756, 0.39049564589866037]","[0.2, 0.2, 0.6]",2.384185791015625e-05,"{""addition"": -21.95000953674313, ""modadd"": -21.53334922790524, ""multiplication"": -23.199990463256803}",multiplication,continuous_primal_dual_psd,6,21.05583715171658,21.05583715166444,5.213962595007615e-11,"[0.0, 0.3410783550637888, 0.6589216449362112]",primal=Optimization terminated successfully; dual=outer=Optimization terminated successfully; inner=Optimization terminated successfully,1,-263.1307094521018,263.1307094521018,,pythia410m_10x_licenseclean_contcert_20260504_ties_20260504_deep6_licenseclean,pythia410m_10x_licenseclean_contcert_20260504
ties,triple,addition+subtraction+modadd,61.950030994415286,8.20000476837155,0,"[0.2, 0.2, 0.6]","[0.6, 0.2, 0.2]",5.000019073486328,"{""addition"": -8.20000476837155, ""modadd"": -3.4777671813964517, ""subtraction"": -4.449990463256803}",addition,continuous_primal_dual_psd,6,61.950030994415286,61.950030994415286,0.0,"[0.0, 1.0, 0.0]",primal=Optimization terminated successfully; dual=outer=Optimization terminated successfully; inner=Optimization terminated successfully,1,-1136.4846418713446,1136.6564677915144,,pythia410m_10x_licenseclean_contcert_20260504_ties_20260504_deep6_licenseclean,pythia410m_10x_licenseclean_contcert_20260504
ties,triple,addition+subtraction+multiplication,17.673505304838493,16.949990463256803,0,"[0.2000000000000213, 0.23150740547307577, 0.5684925945269029]","[0.2, 0.4, 0.4]",7.499980926513672,"{""addition"": -9.450033378601042, ""multiplication"": -16.949990463256803, ""subtraction"": -3.2000095367431314}",multiplication,continuous_primal_dual_psd,6,17.673505304838493,17.673505304836922,1.5702994460298214e-12,"[0.0, 0.9575261571937229, 0.04247384280627709]",primal=Optimization terminated successfully; dual=outer=Optimization terminated successfully; inner=Optimization terminated successfully,1,-613.8538023446445,613.8538023446445,,pythia410m_10x_licenseclean_contcert_20260504_ties_20260504_deep6_licenseclean,pythia410m_10x_licenseclean_contcert_20260504
ties,triple,authors+addition+modadd,24.14657476227667,10.700014305114713,0,"[0.2, 0.3502942352433436, 0.44970576475665647]","[0.6, 0.2, 0.2]",5.000019073486328,"{""addition"": -10.700014305114713, ""authors"": -9.658315849304167, ""modadd"": -7.644417953491178}",addition,continuous_primal_dual_psd,6,24.14657476227667,24.146574762085272,1.9139889673169819e-10,"[2.147010410734704e-13, 0.1948101074756281, 0.8051898925241572]",primal=Optimization terminated successfully; dual=outer=Optimization terminated successfully; inner=Optimization terminated successfully,1,-314.5349285239744,314.5349285239744,,pythia410m_10x_licenseclean_contcert_20260504_ties_20260504_deep6_licenseclean,pythia410m_10x_licenseclean_contcert_20260504
ties,triple,authors+addition+multiplication,36.29145815711939,23.199966621398893,0,"[0.2362982462668057, 0.2, 0.5637017537331943]","[0.2, 0.2, 0.6]",0.0,"{""addition"": -15.700057220458952, ""authors"": -2.5749952316283853, ""multiplication"": -23.199966621398893}",multiplication,continuous_primal_dual_psd,6,36.29145815711939,36.29145815711939,0.0,"[0.0, 0.0, 1.0]",primal=Optimization terminated successfully; dual=outer=Optimization terminated successfully; inner=Optimization terminated successfully,1,-530.0906344053683,530.0906344053682,,pythia410m_10x_licenseclean_contcert_20260504_ties_20260504_deep6_licenseclean,pythia410m_10x_licenseclean_contcert_20260504
ties,triple,authors+addition+subtraction,13.548650136148112,10.700014305114713,0,"[0.4414390624568043, 0.2, 0.35856093754319573]","[0.4, 0.2, 0.4]",0.0,"{""addition"": -10.700014305114713, ""authors"": -1.3250023841857583, ""subtraction"": -8.20000476837155}",addition,continuous_primal_dual_psd,6,13.548650136148112,13.548650136148112,0.0,"[0.0, 0.0, 1.0]",primal=Optimization terminated successfully; dual=outer=Optimization terminated successfully; inner=Optimization terminated successfully,1,-241.56002153953284,241.5600215395329,,pythia410m_10x_licenseclean_contcert_20260504_ties_20260504_deep6_licenseclean,pythia410m_10x_licenseclean_contcert_20260504
ties,triple,authors+multiplication+modadd,32.769666207480114,13.199999999999967,0,"[0.2, 0.20000000000000387, 0.5999999999999961]","[0.4, 0.4, 0.2]",11.249995231628418,"{""authors"": -7.366660308837858, ""modadd"": -2.0888835906982095, ""multiplication"": -13.199999999999967}",multiplication,continuous_primal_dual_psd,6,32.769666207480114,32.769666207480114,0.0,"[0.0, 0.0, 1.0]",primal=Optimization terminated successfully; dual=outer=Optimization terminated successfully; inner=Optimization terminated successfully,1,-406.5342723833369,433.66078387955224,,pythia410m_10x_licenseclean_contcert_20260504_ties_20260504_deep6_licenseclean,pythia410m_10x_licenseclean_contcert_20260504
ties,triple,authors+subtraction+modadd,58.38738665886495,10.422208976745573,0,"[0.2, 0.20000000000002843, 0.5999999999999716]","[0.2, 0.6, 0.2]",11.527800559997559,"{""authors"": 11.383351612091097, ""modadd"": -10.422208976745573, ""subtraction"": -6.949999999999967}",modadd,continuous_primal_dual_psd,6,58.38738665886495,58.387386658848456,1.6491696896991925e-11,"[0.0, 6.841749389247847e-13, 0.9999999999993159]",primal=Optimization terminated successfully; dual=outer=Optimization terminated successfully; inner=Optimization terminated successfully,1,-1105.8250569687996,1105.8250569687996,,pythia410m_10x_licenseclean_contcert_20260504_ties_20260504_deep6_licenseclean,pythia410m_10x_licenseclean_contcert_20260504
ties,triple,authors+subtraction+multiplication,48.201350296953485,24.449971389770475,0,"[0.2, 0.2, 0.6]","[0.2, 0.2, 0.6]",0.0,"{""authors"": -6.116667461395231, ""multiplication"": -24.449971389770475, ""subtraction"": -10.700014305114713}",multiplication,continuous_primal_dual_psd,6,48.201350296953485,48.20135029693558,1.7905676941154525e-11,"[0.0, 0.9999999999986362, 1.363742452296451e-12]",primal=Optimization terminated successfully; dual=outer=Optimization terminated successfully; inner=Optimization terminated successfully,1,-755.1706069884893,755.1706069884893,,pythia410m_10x_licenseclean_contcert_20260504_ties_20260504_deep6_licenseclean,pythia410m_10x_licenseclean_contcert_20260504
ties,triple,capitals+addition+modadd,18.105939864482785,14.45000476837155,0,"[0.2, 0.4217460259318657, 0.3782539740681343]","[0.4, 0.4, 0.2]",2.384185791015625e-05,"{""addition"": -14.45000476837155, ""capitals"": -1.5333333333333345, ""modadd"": -10.422208976745573}",addition,continuous_primal_dual_psd,6,18.105939864482785,18.105939864482785,0.0,"[0.0, 0.0, 1.0]",primal=Optimization terminated successfully; dual=outer=Optimization terminated successfully; inner=Optimization terminated successfully,1,-197.38431371454902,197.38431371454902,,pythia410m_10x_licenseclean_contcert_20260504_ties_20260504_deep6_licenseclean,pythia410m_10x_licenseclean_contcert_20260504
ties,triple,capitals+addition+multiplication,26.448167197921464,21.94996185302731,0,"[0.2, 0.2, 0.6]","[0.2, 0.2, 0.6]",0.0,"{""addition"": -13.200023841857877, ""capitals"": -0.08888888888889016, ""multiplication"": -21.94996185302731}",multiplication,continuous_primal_dual_psd,6,26.448167197921464,26.448167197921464,0.0,"[0.0, 1.0, 0.0]",primal=Optimization terminated successfully; dual=outer=Optimization terminated successfully; inner=Optimization terminated successfully,1,-388.94547285209694,388.94547285209694,,pythia410m_10x_licenseclean_contcert_20260504_ties_20260504_deep6_licenseclean,pythia410m_10x_licenseclean_contcert_20260504
ties,triple,capitals+addition+subtraction,40.91013787375296,8.20000476837155,0,"[0.2000000000000029, 0.20000000000002843, 0.5999999999999687]","[0.2, 0.2, 0.6]",0.0,"{""addition"": -3.2000095367431314, ""capitals"": -0.2555555555555568, ""subtraction"": -8.20000476837155}",subtraction,continuous_primal_dual_psd,6,40.91013787375296,40.91013787375296,0.0,"[0.0, 0.0, 1.0]",primal=Optimization terminated successfully; dual=outer=Optimization terminated successfully; inner=Optimization terminated successfully,1,-799.2132655061603,799.2132655061603,,pythia410m_10x_licenseclean_contcert_20260504_ties_20260504_deep6_licenseclean,pythia410m_10x_licenseclean_contcert_20260504
ties,triple,capitals+authors+addition,6.893725857734523,9.450009536743131,0,"[0.2, 0.38799998174781597, 0.412000018252184]","[0.2, 0.4, 0.4]",0.0,"{""addition"": -9.450009536743131, ""authors"": 8.883342075347933, ""capitals"": -0.5333333333333345}",addition,continuous_primal_dual_psd,6,6.893725857734523,6.8937258577343465,1.7674750552032492e-13,"[2.8366198279171945e-14, 0.0, 0.9999999999999716]",primal=Optimization terminated successfully; dual=outer=Optimization terminated successfully; inner=Optimization terminated successfully,1,-170.96921845267048,170.96921845267048,,pythia410m_10x_licenseclean_contcert_20260504_ties_20260504_deep6_licenseclean,pythia410m_10x_licenseclean_contcert_20260504
ties,triple,capitals+authors+modadd,35.50511663798809,0.20000000000000126,0,"[0.20000000000004065, 0.2000000000000148, 0.5999999999999446]","[0.2, 0.6, 0.2]",12.999999999999966,"{""authors"": 9.300002384185824, ""capitals"": -0.20000000000000126, ""modadd"": 0.6888835906982749}",capitals,continuous_primal_dual_psd,6,35.50511663798809,35.50511663798809,0.0,"[0.0, 0.0, 1.0]",primal=Optimization terminated successfully; dual=outer=Optimization terminated successfully; inner=Optimization terminated successfully,1,-538.6748671544781,538.6748671544781,,pythia410m_10x_licenseclean_contcert_20260504_ties_20260504_deep6_licenseclean,pythia410m_10x_licenseclean_contcert_20260504
ties,triple,capitals+authors+multiplication,13.967065434997544,14.44998092651364,0,"[0.2000000000000109, 0.44760493826762077, 0.35239506173236834]","[0.2, 0.6, 0.2]",20.000004768371582,"{""authors"": 8.466646003723177, ""capitals"": -0.4222222222222235, ""multiplication"": -14.44998092651364}",multiplication,continuous_primal_dual_psd,6,13.967065434997544,13.967065434997469,7.460698725481052e-14,"[3.2046318335918544e-19, 0.4133071208156049, 0.586692879184395]",primal=Optimization terminated successfully; dual=outer=Optimization terminated successfully; inner=Optimization terminated successfully,1,-447.79082917417986,447.7908291741799,,pythia410m_10x_licenseclean_contcert_20260504_ties_20260504_deep6_licenseclean,pythia410m_10x_licenseclean_contcert_20260504
ties,triple,capitals+authors+subtraction,46.83471711579406,3.2000095367431314,0,"[0.2, 0.20000000000003423, 0.5999999999999658]","[0.4, 0.4, 0.2]",8.750009536743164,"{""authors"": -1.3249904632568033, ""capitals"": -1.2000000000000013, ""subtraction"": -3.2000095367431314}",subtraction,continuous_primal_dual_psd,6,46.83471711579406,46.83471711579406,0.0,"[0.0, 0.0, 1.0]",primal=Optimization terminated successfully; dual=outer=Optimization terminated successfully; inner=Optimization terminated successfully,1,-945.477336918196,945.477336918196,,pythia410m_10x_licenseclean_contcert_20260504_ties_20260504_deep6_licenseclean,pythia410m_10x_licenseclean_contcert_20260504
ties,triple,capitals+hemisphere+addition,8.519741008222242,10.700014305114713,0,"[0.20000000000000023, 0.5676458309228354, 0.23235416907716444]","[0.2, 0.4, 0.4]",5.000019073486328,"{""addition"": -10.700014305114713, ""capitals"": -1.6444444444444457, ""hemisphere"": -0.6746827778193948}",addition,continuous_primal_dual_psd,6,8.519741008222242,8.519741008222232,1.0658141036401503e-14,"[0.400422404137785, 0.0, 0.599577595862215]",primal=Optimization terminated successfully; dual=outer=Optimization terminated successfully; inner=Optimization terminated successfully,1,-54.71069418818989,54.71069418818989,,pythia410m_10x_licenseclean_contcert_20260504_ties_20260504_deep6_licenseclean,pythia410m_10x_licenseclean_contcert_20260504
ties,triple,capitals+hemisphere+authors,1.2000000000000033,1.366666666666668,0,"[0.2, 0.2000000000000005, 0.5999999999999994]","[0.4, 0.2, 0.4]",0.16668971379594577,"{""authors"": 10.133323001861605, ""capitals"": -1.366666666666668, ""hemisphere"": -1.0291127339827393}",capitals,continuous_primal_dual_psd,6,1.2000000000000033,1.2000000000000033,0.0,"[1.0, 0.0, 0.0]",primal=Optimization terminated successfully; dual=outer=Optimization terminated successfully; inner=Optimization terminated successfully,1,-88.84345525799073,88.84345525799071,,pythia410m_10x_licenseclean_contcert_20260504_ties_20260504_deep6_licenseclean,pythia410m_10x_licenseclean_contcert_20260504
ties,triple,capitals+hemisphere+modadd,32.33081068832709,0.9658212720119542,0,"[0.2, 0.2, 0.6]","[0.2, 0.6, 0.2]",5.289713090780982,"{""capitals"": -0.9222222222222235, ""hemisphere"": -0.9658212720119542, ""modadd"": 4.855534362793001}",hemisphere,continuous_primal_dual_psd,6,32.33081068832709,32.33081068832709,0.0,"[0.0, 0.0, 1.0]",primal=Optimization terminated successfully; dual=outer=Optimization terminated successfully; inner=Optimization terminated successfully,1,-592.0989716687745,592.0989716687747,,pythia410m_10x_licenseclean_contcert_20260504_ties_20260504_deep6_licenseclean,pythia410m_10x_licenseclean_contcert_20260504
ties,triple,capitals+hemisphere+multiplication,34.16619665962047,10.699990463256803,0,"[0.2, 0.33586164609864577, 0.46413835390135416]","[0.4, 0.4, 0.2]",7.500004768371582,"{""capitals"": -1.9222222222222234, ""hemisphere"": -0.13037843574369493, ""multiplication"": -10.699990463256803}",multiplication,continuous_primal_dual_psd,6,34.16619665962047,34.16619665962047,0.0,"[0.0, 0.0, 1.0]",primal=Optimization terminated successfully; dual=outer=Optimization terminated successfully; inner=Optimization terminated successfully,1,-631.823198338215,631.8231983382149,,pythia410m_10x_licenseclean_contcert_20260504_ties_20260504_deep6_licenseclean,pythia410m_10x_licenseclean_contcert_20260504
ties,triple,capitals+hemisphere+nli,0.7722147145776116,0.9222222222222235,0,"[0.2, 0.2, 0.6]","[0.2, 0.4, 0.4]",0.9682494269476657,"{""capitals"": -0.9222222222222235, ""hemisphere"": -0.7000000000000095, ""nli"": 6.740495491027865}",capitals,continuous_primal_dual_psd,6,0.7722147145776116,0.7722147145776116,0.0,"[1.0, 0.0, 0.0]",primal=Optimization terminated successfully; dual=outer=Optimization terminated successfully; inner=Optimization terminated successfully,1,-15.405694150420963,15.405694150420963,,pythia410m_10x_licenseclean_contcert_20260504_ties_20260504_deep6_licenseclean,pythia410m_10x_licenseclean_contcert_20260504
ties,triple,capitals+hemisphere+subtraction,23.064187113005374,1.0333333333333345,0,"[0.20000000000007087, 0.20000000000005694, 0.5999999999998722]","[0.4, 0.2, 0.4]",0.5,"{""capitals"": -1.0333333333333345, ""hemisphere"": -0.6746827778193948, ""subtraction"": -0.7000238418578775}",capitals,continuous_primal_dual_psd,6,23.064187113005374,23.064187113005374,0.0,"[0.0, 0.0, 1.0]",primal=Optimization terminated successfully; dual=outer=Optimization terminated successfully; inner=Optimization terminated successfully,1,-367.4747578634803,367.4747578634803,,pythia410m_10x_licenseclean_contcert_20260504_ties_20260504_deep6_licenseclean,pythia410m_10x_licenseclean_contcert_20260504
ties,triple,capitals+multiplication+modadd,11.572854061100983,6.949976158142057,0,"[0.35519644407685796, 0.44480355592381565, 0.19999999999932638]","[0.4, 0.4, 0.2]",0.0,"{""capitals"": -1.4222222222222234, ""modadd"": -3.4777671813964517, ""multiplication"": -6.949976158142057}",multiplication,continuous_primal_dual_psd,6,11.572854061100983,11.572854061100188,7.958078640513122e-13,"[0.0, 1.0, 0.0]",primal=Optimization terminated successfully; dual=outer=Optimization terminated successfully; inner=Optimization terminated successfully,1,-28.385905212046325,28.38590521204632,,pythia410m_10x_licenseclean_contcert_20260504_ties_20260504_deep6_licenseclean,pythia410m_10x_licenseclean_contcert_20260504
ties,triple,capitals+nli+addition,7.331911552934324,10.700014305114713,0,"[0.24791968872866205, 0.33524190594878084, 0.4168384053225571]","[0.2, 0.4, 0.4]",0.0,"{""addition"": -10.700014305114713, ""capitals"": -1.5333333333333345, ""nli"": -0.8488208770751626}",addition,continuous_primal_dual_psd,6,7.331911552934324,7.331911552931408,2.915889751875511e-12,"[6.303031319998568e-16, 0.822018741544726, 0.1779812584552733]",primal=Optimization terminated successfully; dual=outer=Optimization terminated successfully; inner=Optimization terminated successfully,1,-157.66759360651292,157.6675936065129,,pythia410m_10x_licenseclean_contcert_20260504_ties_20260504_deep6_licenseclean,pythia410m_10x_licenseclean_contcert_20260504
ties,triple,capitals+nli+authors,22.373269476619353,1.477777777777779,0,"[0.20000000000001844, 0.20000000000003498, 0.5999999999999466]","[0.2, 0.2, 0.6]",0.0,"{""authors"": 0.9666531562805503, ""capitals"": -1.477777777777779, ""nli"": 2.573820877075228}",capitals,continuous_primal_dual_psd,6,22.373269476619353,22.373269476619353,0.0,"[0.0, 1.0, 0.0]",primal=Optimization terminated successfully; dual=outer=Optimization terminated successfully; inner=Optimization terminated successfully,1,-695.8517943039749,695.8517943039748,,pythia410m_10x_licenseclean_contcert_20260504_ties_20260504_deep6_licenseclean,pythia410m_10x_licenseclean_contcert_20260504
ties,triple,capitals+nli+modadd,23.699464920041592,6.255534362792936,0,"[0.2, 0.6000000000000163, 0.19999999999998375]","[0.2, 0.6, 0.2]",0.0,"{""capitals"": -0.9777777777777791, ""modadd"": -6.255534362792936, ""nli"": -2.932158184051481}",modadd,continuous_primal_dual_psd,6,23.699464920041592,23.699464920041592,0.0,"[0.0, 0.0, 1.0]",primal=Optimization terminated successfully; dual=outer=Optimization terminated successfully; inner=Optimization terminated successfully,1,-179.2456337803706,179.24563378037064,,pythia410m_10x_licenseclean_contcert_20260504_ties_20260504_deep6_licenseclean,pythia410m_10x_licenseclean_contcert_20260504
ties,triple,capitals+nli+multiplication,7.255081330601854,15.699985694885221,0,"[0.20000000000000379, 0.4188891700362128, 0.3811108299637834]","[0.6, 0.2, 0.2]",1.250004768371582,"{""capitals"": -0.9777777777777791, ""multiplication"": -15.699985694885221, ""nli"": -4.420247745513883}",multiplication,continuous_primal_dual_psd,6,7.255081330601854,7.255081330601796,5.773159728050814e-14,"[0.0, 1.6653345369377346e-16, 0.9999999999999998]",primal=Optimization terminated successfully; dual=outer=Optimization terminated successfully; inner=Optimization terminated successfully,1,-518.2671134435058,518.2671134435058,,pythia410m_10x_licenseclean_contcert_20260504_ties_20260504_deep6_licenseclean,pythia410m_10x_licenseclean_contcert_20260504
ties,triple,capitals+nli+subtraction,75.22368115375309,1.366666666666668,0,"[0.2, 0.2, 0.6]","[0.2, 0.2, 0.6]",0.0,"{""capitals"": -1.366666666666668, ""nli"": 3.913113403320345, ""subtraction"": 1.7999856948852866}",capitals,continuous_primal_dual_psd,6,75.22368115375309,75.22368115375309,0.0,"[0.0, 0.0, 1.0]",primal=Optimization terminated successfully; dual=outer=Optimization terminated successfully; inner=Optimization terminated successfully,1,-1547.5715260457714,1547.5715260457712,,pythia410m_10x_licenseclean_contcert_20260504_ties_20260504_deep6_licenseclean,pythia410m_10x_licenseclean_contcert_20260504
ties,triple,capitals+subtraction+modadd,43.893135021768096,11.949995231628385,0,"[0.2, 0.2, 0.6]","[0.2, 0.6, 0.2]",1.250004768371582,"{""capitals"": -0.9222222222222235, ""modadd"": -3.4777671813964517, ""subtraction"": -11.949995231628385}",subtraction,continuous_primal_dual_psd,6,43.893135021768096,43.893135021768096,0.0,"[0.0, 0.0, 1.0]",primal=Optimization terminated successfully; dual=outer=Optimization terminated successfully; inner=Optimization terminated successfully,1,-651.7478114875271,651.7478114875271,,pythia410m_10x_licenseclean_contcert_20260504_ties_20260504_deep6_licenseclean,pythia410m_10x_licenseclean_contcert_20260504
ties,triple,capitals+subtraction+multiplication,24.1598898815338,24.449971389770475,0,"[0.2, 0.2188450535058667, 0.5811549464941332]","[0.2, 0.6, 0.2]",2.500009536743164,"{""capitals"": -0.5333333333333345, ""multiplication"": -24.449971389770475, ""subtraction"": -13.200023841857877}",multiplication,continuous_primal_dual_psd,6,24.1598898815338,24.159889881522403,1.1397105481592007e-11,"[0.0, 0.9933191366119428, 0.006680863388057232]",primal=Optimization terminated successfully; dual=outer=Optimization terminated successfully; inner=Optimization terminated successfully,1,-154.1573509185403,154.15735091854032,,pythia410m_10x_licenseclean_contcert_20260504_ties_20260504_deep6_licenseclean,pythia410m_10x_licenseclean_contcert_20260504
ties,triple,hemisphere+addition+modadd,25.561087417601932,9.450033378601042,0,"[0.2, 0.2, 0.6]","[0.2, 0.2, 0.6]",0.0,"{""addition"": -9.450033378601042, ""hemisphere"": -1.5860740936679951, ""modadd"": -4.866650772094694}",addition,continuous_primal_dual_psd,6,25.561087417601932,25.561087417601932,0.0,"[0.0, 0.0, 1.0]",primal=Optimization terminated successfully; dual=outer=Optimization terminated successfully; inner=Optimization terminated successfully,1,-459.1186458357277,459.11864583572776,,pythia410m_10x_licenseclean_contcert_20260504_ties_20260504_deep6_licenseclean,pythia410m_10x_licenseclean_contcert_20260504
ties,triple,hemisphere+addition+multiplication,7.608260832063408,9.449961853027311,0,"[0.3052939051521606, 0.2544245860681119, 0.4402815087797275]","[0.4, 0.2, 0.4]",0.0,"{""addition"": -4.450014305114713, ""hemisphere"": -0.6746827778193948, ""multiplication"": -9.449961853027311}",multiplication,continuous_primal_dual_psd,6,7.608260832063408,7.608260831941425,1.219833123400349e-10,"[1.2106612967879145e-13, 0.2737219575118768, 0.7262780424880021]",primal=Positive directional derivative for linesearch; dual=outer=Optimization terminated successfully; inner=Optimization terminated successfully,1,-138.75998673161777,138.75998673161777,,pythia410m_10x_licenseclean_contcert_20260504_ties_20260504_deep6_licenseclean,pythia410m_10x_licenseclean_contcert_20260504
ties,triple,hemisphere+addition+subtraction,6.8363630058363185,4.450014305114713,0,"[0.20000000000019147, 0.418181849708153, 0.38181815029165556]","[0.2, 0.4, 0.4]",0.0,"{""addition"": -1.9500047683715493, ""hemisphere"": -1.1430338598724992, ""subtraction"": -4.450014305114713}",subtraction,continuous_primal_dual_psd,6,6.8363630058363185,6.8363630058363185,0.0,"[0.0, 0.0, 1.0]",primal=Optimization terminated successfully; dual=outer=Optimization terminated successfully; inner=Optimization terminated successfully,1,-18.66318562891557,18.66318562891557,,pythia410m_10x_licenseclean_contcert_20260504_ties_20260504_deep6_licenseclean,pythia410m_10x_licenseclean_contcert_20260504
ties,triple,hemisphere+authors+addition,42.61718894433205,14.241662693023649,0,"[0.2, 0.20000000000004195, 0.599999999999958]","[0.2, 0.6, 0.2]",10.208380222320557,"{""addition"": -8.20002861022946, ""authors"": -14.241662693023649, ""hemisphere"": -0.2569613596852652}",authors,continuous_primal_dual_psd,6,42.61718894433205,42.61718894433205,0.0,"[0.0, 0.0, 1.0]",primal=Optimization terminated successfully; dual=outer=Optimization terminated successfully; inner=Optimization terminated successfully,1,-780.0914126271434,780.0914126271434,,pythia410m_10x_licenseclean_contcert_20260504_ties_20260504_deep6_licenseclean,pythia410m_10x_licenseclean_contcert_20260504
ties,triple,hemisphere+authors+modadd,17.878650707165903,2.366676998138395,0,"[0.2, 0.5279863802574224, 0.27201361974257754]","[0.6, 0.2, 0.2]",12.916672229766846,"{""authors"": -2.366676998138395, ""hemisphere"": -0.07974558486321714, ""modadd"": 2.077767181396517}",authors,continuous_primal_dual_psd,6,17.878650707165903,17.878650707165903,0.0,"[0.0, 0.0, 1.0]",primal=Optimization terminated successfully; dual=outer=Optimization terminated successfully; inner=Optimization terminated successfully,1,-211.46316092658915,211.46316092658913,,pythia410m_10x_licenseclean_contcert_20260504_ties_20260504_deep6_licenseclean,pythia410m_10x_licenseclean_contcert_20260504
ties,triple,hemisphere+authors+multiplication,31.95001192092893,24.449971389770475,0,"[0.2, 0.2, 0.6]","[0.4, 0.2, 0.4]",10.000014305114746,"{""authors"": -12.36664361953732, ""hemisphere"": -0.9911369007118174, ""multiplication"": -24.449971389770475}",multiplication,continuous_primal_dual_psd,6,31.95001192092893,31.95001192092893,0.0,"[0.0, 0.0, 1.0]",primal=Optimization terminated successfully; dual=outer=Optimization terminated successfully; inner=Optimization terminated successfully,1,-527.3865953178579,527.3865953178579,,pythia410m_10x_licenseclean_contcert_20260504_ties_20260504_deep6_licenseclean,pythia410m_10x_licenseclean_contcert_20260504
ties,triple,hemisphere+authors+subtraction,17.2638373073257,10.700014305114713,0,"[0.2, 0.6, 0.19999999999999996]","[0.2, 0.4, 0.4]",4.583311080932617,"{""authors"": -6.741669845581022, ""hemisphere"": -0.6746795908578918, ""subtraction"": -10.700014305114713}",subtraction,continuous_primal_dual_psd,6,17.2638373073257,17.2638373073257,0.0,"[0.0, 0.0, 1.0]",primal=Optimization terminated successfully; dual=outer=Optimization terminated successfully; inner=Optimization terminated successfully,1,-140.05452036009012,140.0545203600901,,pythia410m_10x_licenseclean_contcert_20260504_ties_20260504_deep6_licenseclean,pythia410m_10x_licenseclean_contcert_20260504
ties,triple,hemisphere+multiplication+modadd,15.277618355010738,18.199971389770475,0,"[0.31907623491589754, 0.3579289044593314, 0.322994860624771]","[0.4, 0.2, 0.4]",2.500009536743164,"{""hemisphere"": -0.26961837729482097, ""modadd"": -14.58890743255612, ""multiplication"": -18.199971389770475}",multiplication,continuous_primal_dual_psd,6,15.277618355010738,15.277618355004961,5.7767124417296145e-12,"[0.0, 0.39790072248347963, 0.6020992775165204]",primal=Optimization terminated successfully; dual=outer=Optimization terminated successfully; inner=Optimization terminated successfully,1,-65.33073784404952,65.33073784404955,,pythia410m_10x_licenseclean_contcert_20260504_ties_20260504_deep6_licenseclean,pythia410m_10x_licenseclean_contcert_20260504
ties,triple,hemisphere+nli+addition,14.134997435886177,4.450014305114713,0,"[0.3494123571508034, 0.2, 0.4505876428491966]","[0.2, 0.4, 0.4]",17.500019073486328,"{""addition"": -4.450014305114713, ""hemisphere"": 0.5278486257025163, ""nli"": 1.5321462631225913}",addition,continuous_primal_dual_psd,6,14.134997435886177,14.134997435885813,3.6415315207705135e-13,"[0.0, 0.9999999999990692, 9.307520032466817e-13]",primal=Optimization terminated successfully; dual=outer=Optimization terminated successfully; inner=Optimization terminated successfully,1,-507.80686168324655,507.80686168324655,,pythia410m_10x_licenseclean_contcert_20260504_ties_20260504_deep6_licenseclean,pythia410m_10x_licenseclean_contcert_20260504
ties,triple,hemisphere+nli+authors,18.21604017140886,-0.044056701660188935,1,"[0.2, 0.2, 0.6]","[0.6, 0.2, 0.2]",13.452386856079102,"{""authors"": 5.9666841506958335, ""hemisphere"": 0.4898727924315943, ""nli"": 0.044056701660188935}",nli,continuous_primal_dual_psd,6,18.21604017140886,18.21604017140886,0.0,"[0.0, 0.0, 1.0]",primal=Optimization terminated successfully; dual=outer=Optimization terminated successfully; inner=Optimization terminated successfully,1,-578.9924901243837,578.9924901243837,,pythia410m_10x_licenseclean_contcert_20260504_ties_20260504_deep6_licenseclean,pythia410m_10x_licenseclean_contcert_20260504
ties,triple,hemisphere+nli+modadd,23.598502664555085,0.8487970352172525,0,"[0.2, 0.2, 0.6]","[0.2, 0.4, 0.4]",15.1289701461792,"{""hemisphere"": -0.7126554241288138, ""modadd"": -0.6999999999999673, ""nli"": -0.8487970352172525}",nli,continuous_primal_dual_psd,6,23.598502664555085,23.598502664555085,0.0,"[0.0, 1.0, 0.0]",primal=Positive directional derivative for linesearch; dual=outer=Optimization terminated successfully; inner=Optimization terminated successfully,1,-478.55322443224463,478.55322443224463,,pythia410m_10x_licenseclean_contcert_20260504_ties_20260504_deep6_licenseclean,pythia410m_10x_licenseclean_contcert_20260504
ties,triple,hemisphere+nli+multiplication,38.15992449115491,20.69998092651364,0,"[0.2, 0.2, 0.6]","[0.2, 0.2, 0.6]",0.0,"{""hemisphere"": -0.5480998538778246, ""multiplication"": -20.69998092651364, ""nli"": -2.0392925262450845}",multiplication,continuous_primal_dual_psd,6,38.15992449115491,38.15992449115491,0.0,"[0.0, 0.0, 1.0]",primal=Optimization terminated successfully; dual=outer=Optimization terminated successfully; inner=Optimization terminated successfully,1,-665.6396465011003,665.6396465011003,,pythia410m_10x_licenseclean_contcert_20260504_ties_20260504_deep6_licenseclean,pythia410m_10x_licenseclean_contcert_20260504
ties,triple,hemisphere+nli+subtraction,16.003835718822813,8.20000476837155,0,"[0.2674956230314727, 0.35084212762345274, 0.38166224934507453]","[0.2, 0.6, 0.2]",1.250004768371582,"{""hemisphere"": -0.11772141813413915, ""nli"": 2.573808956146273, ""subtraction"": -8.20000476837155}",subtraction,continuous_primal_dual_psd,6,16.003835718822813,16.003835718725398,9.741540907270974e-11,"[2.949711252309876e-13, 0.2657287719144424, 0.7342712280852626]",primal=Optimization terminated successfully; dual=outer=Optimization terminated successfully; inner=Optimization terminated successfully,1,-223.19167739626113,223.19167739626113,,pythia410m_10x_licenseclean_contcert_20260504_ties_20260504_deep6_licenseclean,pythia410m_10x_licenseclean_contcert_20260504
ties,triple,hemisphere+subtraction+modadd,12.083799038941308,9.03330154418942,0,"[0.3801835119347422, 0.23883315920935247, 0.38098332885590536]","[0.4, 0.4, 0.2]",2.916693687438965,"{""hemisphere"": -1.7379742397901798, ""modadd"": -9.03330154418942, ""subtraction"": -0.7000238418578775}",modadd,continuous_primal_dual_psd,6,12.083799038941308,12.083799038888273,5.303490979713388e-11,"[1.6125520183803797e-14, 0.6226626105630795, 0.3773373894369045]",primal=Positive directional derivative for linesearch; dual=outer=Optimization terminated successfully; inner=Optimization terminated successfully,1,-333.38383952368775,333.3838395236877,,pythia410m_10x_licenseclean_contcert_20260504_ties_20260504_deep6_licenseclean,pythia410m_10x_licenseclean_contcert_20260504
ties,triple,hemisphere+subtraction+multiplication,51.42680097125787,13.199976158142057,0,"[0.20000000000005685, 0.20000000000005685, 0.5999999999998863]","[0.6, 0.2, 0.2]",8.750009536743164,"{""hemisphere"": -1.1810128801049242, ""multiplication"": -13.199976158142057, ""subtraction"": -11.949995231628385}",multiplication,continuous_primal_dual_psd,6,51.42680097125787,51.42680097122495,3.291944494776544e-11,"[0.0, 0.9999999999976867, 2.3131525789966083e-12]",primal=Optimization terminated successfully; dual=outer=Optimization terminated successfully; inner=Optimization terminated successfully,1,-1039.0141116840025,1039.0141116840025,,pythia410m_10x_licenseclean_contcert_20260504_ties_20260504_deep6_licenseclean,pythia410m_10x_licenseclean_contcert_20260504
ties,triple,nli+addition+modadd,46.134467537864,4.866650772094694,0,"[0.2, 0.2, 0.6]","[0.6, 0.2, 0.2]",25.8333683013916,"{""addition"": 0.5499809265137046, ""modadd"": -4.866650772094694, ""nli"": 3.6154716491699546}",modadd,continuous_primal_dual_psd,6,46.134467537864,46.134467537864,0.0,"[0.0, 0.0, 1.0]",primal=Optimization terminated successfully; dual=outer=Optimization terminated successfully; inner=Optimization terminated successfully,1,-491.4377285064943,491.4377285064943,,pythia410m_10x_licenseclean_contcert_20260504_ties_20260504_deep6_licenseclean,pythia410m_10x_licenseclean_contcert_20260504
ties,triple,nli+addition+multiplication,18.76850248864345,19.449999999999967,0,"[0.2000000000000574, 0.4102273982717812, 0.3897726017281614]","[0.6, 0.2, 0.2]",4.999971389770508,"{""addition"": -8.20000476837155, ""multiplication"": -19.449999999999967, ""nli"": 0.3416626930237143}",multiplication,continuous_primal_dual_psd,6,18.76850248864345,18.768502488643435,1.4210854715202004e-14,"[0.0, 3.019806626980335e-14, 0.9999999999999698]",primal=Optimization terminated successfully; dual=outer=Optimization terminated successfully; inner=Optimization terminated successfully,1,-790.906272091313,790.9062720913132,,pythia410m_10x_licenseclean_contcert_20260504_ties_20260504_deep6_licenseclean,pythia410m_10x_licenseclean_contcert_20260504
ties,triple,nli+addition+subtraction,46.60816695685546,6.9500238418578775,0,"[0.2, 0.2, 0.6]","[0.2, 0.2, 0.6]",0.0,"{""addition"": -6.9500238418578775, ""nli"": 0.19286565780642917, ""subtraction"": -3.2000095367431314}",addition,continuous_primal_dual_psd,6,46.60816695685546,46.60816695685546,0.0,"[0.0, 0.0, 1.0]",primal=Optimization terminated successfully; dual=outer=Optimization terminated successfully; inner=Optimization terminated successfully,1,-1069.856623209846,1069.856623209846,,pythia410m_10x_licenseclean_contcert_20260504_ties_20260504_deep6_licenseclean,pythia410m_10x_licenseclean_contcert_20260504
ties,triple,nli+authors+addition,42.249505354502645,3.2000095367431314,0,"[0.26170744227187115, 0.2, 0.5382925577281288]","[0.4, 0.4, 0.2]",12.50002384185791,"{""addition"": -3.2000095367431314, ""authors"": -0.9083182334899575, ""nli"": -0.6999999999999673}",addition,continuous_primal_dual_psd,6,42.249505354502645,42.249505354502645,0.0,"[0.0, 0.0, 1.0]",primal=Optimization terminated successfully; dual=outer=Optimization terminated successfully; inner=Optimization terminated successfully,1,-1029.444376259417,1029.444376259417,,pythia410m_10x_licenseclean_contcert_20260504_ties_20260504_deep6_licenseclean,pythia410m_10x_licenseclean_contcert_20260504
ties,triple,nli+authors+modadd,24.034832942575772,10.422208976745573,0,"[0.2, 0.27393941171343245, 0.5260605882865675]","[0.4, 0.2, 0.4]",8.333373069763184,"{""authors"": 10.54999523162845, ""modadd"": -10.422208976745573, ""nli"": 1.0857193946838706}",modadd,continuous_primal_dual_psd,6,24.034832942575772,24.034832942571825,3.9470648971473565e-12,"[0.13392622898526751, 0.0, 0.8660737710147325]",primal=Optimization terminated successfully; dual=outer=Optimization terminated successfully; inner=Optimization terminated successfully,1,-506.99982182558887,506.99982182558887,,pythia410m_10x_licenseclean_contcert_20260504_ties_20260504_deep6_licenseclean,pythia410m_10x_licenseclean_contcert_20260504
ties,triple,nli+authors+multiplication,39.547944752453105,20.69998092651364,0,"[0.2, 0.2763117030716727, 0.5236882969283273]","[0.4, 0.4, 0.2]",8.749985694885254,"{""authors"": -0.9083420753478677, ""multiplication"": -20.69998092651364, ""nli"": -5.31308956146237}",multiplication,continuous_primal_dual_psd,6,39.547944752453105,39.547944752453105,0.0,"[0.0, 0.0, 1.0]",primal=Optimization terminated successfully; dual=outer=Optimization terminated successfully; inner=Optimization terminated successfully,1,-472.48303130285296,472.4830313028531,,pythia410m_10x_licenseclean_contcert_20260504_ties_20260504_deep6_licenseclean,pythia410m_10x_licenseclean_contcert_20260504
ties,triple,nli+authors+subtraction,39.077579624660586,0.4916817665099771,0,"[0.2221009193848071, 0.2, 0.5778990806151929]","[0.4, 0.4, 0.2]",25.20831823348999,"{""authors"": -0.4916817665099771, ""nli"": 1.383337306976351, ""subtraction"": 0.5499809265137046}",authors,continuous_primal_dual_psd,6,39.077579624660586,39.077579624660586,0.0,"[0.0, 0.0, 1.0]",primal=Optimization terminated successfully; dual=outer=Optimization terminated successfully; inner=Optimization terminated successfully,1,-528.5651086419299,528.5651086419299,,pythia410m_10x_licenseclean_contcert_20260504_ties_20260504_deep6_licenseclean,pythia410m_10x_licenseclean_contcert_20260504
ties,triple,nli+multiplication+modadd,31.735981480444032,15.699985694885221,0,"[0.21451972664229563, 0.2, 0.5854802733577044]","[0.6, 0.2, 0.2]",12.5,"{""modadd"": -6.255558204650846, ""multiplication"": -15.699985694885221, ""nli"": 2.425023841857943}",multiplication,continuous_primal_dual_psd,6,31.735981480444032,31.735981480407638,3.639399892563233e-11,"[1.1594957909031653e-12, 0.8636689523386346, 0.13633104766020582]",primal=Optimization terminated successfully; dual=outer=Optimization terminated successfully; inner=Optimization terminated successfully,1,-537.7359589086625,537.7359589086624,,pythia410m_10x_licenseclean_contcert_20260504_ties_20260504_deep6_licenseclean,pythia410m_10x_licenseclean_contcert_20260504
ties,triple,nli+subtraction+modadd,59.738663604189775,11.950019073486295,0,"[0.2, 0.2000000000000583, 0.5999999999999417]","[0.2, 0.2, 0.6]",0.0,"{""modadd"": -7.644417953491178, ""nli"": -4.420235824584928, ""subtraction"": -11.950019073486295}",subtraction,continuous_primal_dual_psd,6,59.738663604189775,59.738663604189775,0.0,"[0.0, 0.0, 1.0]",primal=Optimization terminated successfully; dual=outer=Optimization terminated successfully; inner=Optimization terminated successfully,1,-1095.9151777784582,1095.9151777784582,,pythia410m_10x_licenseclean_contcert_20260504_ties_20260504_deep6_licenseclean,pythia410m_10x_licenseclean_contcert_20260504
ties,triple,nli+subtraction+multiplication,20.77064520122906,25.699999999999967,0,"[0.3264625924990069, 0.20000000000000528, 0.47353740750098783]","[0.4, 0.2, 0.4]",0.0,"{""multiplication"": -25.699999999999967, ""nli"": 0.3416746139526694, ""subtraction"": -10.699990463256803}",multiplication,continuous_primal_dual_psd,6,20.77064520122906,20.7706452012065,2.255973186038318e-11,"[0.5384634385107543, 2.4502200807525505e-12, 0.46153656148679545]",primal=Optimization terminated successfully; dual=outer=Optimization terminated successfully; inner=Optimization terminated successfully,1,-285.88944098531,285.88944098531,,pythia410m_10x_licenseclean_contcert_20260504_ties_20260504_deep6_licenseclean,pythia410m_10x_licenseclean_contcert_20260504
ties,triple,population+addition+modadd,26.38342232730688,8.20002861022946,0,"[0.2, 0.36279911054320674, 0.43720088945679325]","[0.4, 0.4, 0.2]",7.500004768371582,"{""addition"": -8.20002861022946, ""modadd"": 4.855534362793001, ""population"": 9.6282451629639}",addition,continuous_primal_dual_psd,6,26.38342232730688,26.38342232730688,0.0,"[0.0, 1.0, 0.0]",primal=Optimization terminated successfully; dual=outer=Optimization terminated successfully; inner=Optimization terminated successfully,1,-462.85687370692165,462.8568737069217,,pythia410m_10x_licenseclean_contcert_20260504_ties_20260504_deep6_licenseclean,pythia410m_10x_licenseclean_contcert_20260504
ties,triple,population+addition+multiplication,49.455478837162715,14.45002861022946,0,"[0.2, 0.2, 0.6]","[0.6, 0.2, 0.2]",7.499957084655762,"{""addition"": -14.45002861022946, ""multiplication"": -13.199976158142057, ""population"": -9.891942214965788}",addition,continuous_primal_dual_psd,6,49.455478837162715,49.455478837162715,0.0,"[0.0, 0.0, 1.0]",primal=Optimization terminated successfully; dual=outer=Optimization terminated successfully; inner=Optimization terminated successfully,1,-907.1696479013244,907.1696479013244,,pythia410m_10x_licenseclean_contcert_20260504_ties_20260504_deep6_licenseclean,pythia410m_10x_licenseclean_contcert_20260504
ties,triple,population+addition+subtraction,20.955042078714953,14.45002861022946,0,"[0.2, 0.5361192931765865, 0.26388070682341347]","[0.2, 0.4, 0.4]",6.24995231628418,"{""addition"": -14.45002861022946, ""population"": -0.34647293090817044, ""subtraction"": -10.700014305114713}",addition,continuous_primal_dual_psd,6,20.955042078714953,20.93260158324195,0.022440495473002642,"[0.0, 0.8920141419415346, 0.10798585805846546]",primal=Optimization terminated successfully; dual=outer=Optimization terminated successfully; inner=Optimization terminated successfully,1,-625.0000000000006,625.0000000000006,,pythia410m_10x_licenseclean_contcert_20260504_ties_20260504_deep6_licenseclean,pythia410m_10x_licenseclean_contcert_20260504
ties,triple,population+authors+addition,43.759270994195155,8.20002861022946,0,"[0.2, 0.20000000000003318, 0.5999999999999668]","[0.2, 0.2, 0.6]",0.0,"{""addition"": -8.20002861022946, ""authors"": -1.9500047683715493, ""population"": -6.760624122619596}",addition,continuous_primal_dual_psd,6,43.759270994195155,43.759270994195155,0.0,"[1.0, 0.0, 0.0]",primal=Optimization terminated successfully; dual=outer=Optimization terminated successfully; inner=Optimization terminated successfully,1,-801.3587199742836,801.3587199742835,,pythia410m_10x_licenseclean_contcert_20260504_ties_20260504_deep6_licenseclean,pythia410m_10x_licenseclean_contcert_20260504
ties,triple,population+authors+modadd,18.207443738123445,3.4777671813964517,0,"[0.4894740368386594, 0.20000000000005946, 0.3105259631612811]","[0.6, 0.2, 0.2]",6.944441795349121,"{""authors"": 5.758353996276888, ""modadd"": -3.4777671813964517, ""population"": 7.658550071716341}",modadd,continuous_primal_dual_psd,6,18.207443738123445,18.207443738117988,5.4569682106375694e-12,"[0.32233576719850376, 0.0, 0.6776642328014961]",primal=Optimization terminated successfully; dual=outer=Optimization terminated successfully; inner=Optimization terminated successfully,1,-240.13505882421742,240.1350588242174,,pythia410m_10x_licenseclean_contcert_20260504_ties_20260504_deep6_licenseclean,pythia410m_10x_licenseclean_contcert_20260504
ties,triple,population+authors+multiplication,15.973858802546665,7.97274417877194,0,"[0.37741282279538735, 0.33102766229580416, 0.2915595149088085]","[0.2, 0.4, 0.4]",10.227227210998535,"{""authors"": -0.2833396911620767, ""multiplication"": -5.699971389770475, ""population"": -7.97274417877194}",population,continuous_primal_dual_psd,6,15.973858802546665,15.973858802544548,2.1174173525650986e-12,"[0.39312538821394083, 0.0, 0.6068746117860592]",primal=Optimization terminated successfully; dual=outer=Optimization terminated successfully; inner=Optimization terminated successfully,1,-289.3664658983836,289.36646589838364,,pythia410m_10x_licenseclean_contcert_20260504_ties_20260504_deep6_licenseclean,pythia410m_10x_licenseclean_contcert_20260504
ties,triple,population+authors+subtraction,25.444439154712146,9.449985694885221,0,"[0.2, 0.2, 0.6]","[0.6, 0.2, 0.2]",2.500009536743164,"{""authors"": 2.4249880790710776, ""population"": -1.2555868148803384, ""subtraction"": -9.449985694885221}",subtraction,continuous_primal_dual_psd,6,25.444439154712146,25.444439154711315,8.313350008393172e-13,"[0.9999999999999205, 0.0, 7.943645741192364e-14]",primal=Optimization terminated successfully; dual=outer=Optimization terminated successfully; inner=Optimization terminated successfully,1,-724.6847524109921,724.6847524109922,,pythia410m_10x_licenseclean_contcert_20260504_ties_20260504_deep6_licenseclean,pythia410m_10x_licenseclean_contcert_20260504
ties,triple,population+capitals+addition,33.85094019176036,4.450014305114713,0,"[0.2, 0.2, 0.6]","[0.4, 0.2, 0.4]",22.499990463256836,"{""addition"": -4.450014305114713, ""capitals"": -1.477777777777779, ""population"": 7.961580085754427}",addition,continuous_primal_dual_psd,6,33.85094019176036,33.85094019176036,0.0,"[0.0, 0.0, 1.0]",primal=Optimization terminated successfully; dual=outer=Optimization terminated successfully; inner=Optimization terminated successfully,1,-516.560849384619,516.560849384619,,pythia410m_10x_licenseclean_contcert_20260504_ties_20260504_deep6_licenseclean,pythia410m_10x_licenseclean_contcert_20260504
ties,triple,population+capitals+authors,2.9805690765380604,0.477777777777779,0,"[0.2, 0.2, 0.6]","[0.6, 0.2, 0.2]",3.0505341423882038,"{""authors"": 10.54999523162845, ""capitals"": -0.477777777777779, ""population"": 0.3858297348022788}",capitals,continuous_primal_dual_psd,6,2.9805690765380604,2.9805690765380604,0.0,"[1.0, 0.0, 0.0]",primal=Optimization terminated successfully; dual=outer=Optimization terminated successfully; inner=Optimization terminated successfully,1,-152.3436654100846,153.0378078690227,,pythia410m_10x_licenseclean_contcert_20260504_ties_20260504_deep6_licenseclean,pythia410m_10x_licenseclean_contcert_20260504
ties,triple,population+capitals+hemisphere,7.967904281618225,0.5888888888888901,0,"[0.20000000000002496, 0.2, 0.599999999999975]","[0.2, 0.4, 0.4]",0.2777777777777778,"{""capitals"": -0.5888888888888901, ""hemisphere"": -0.408858318845947, ""population"": -0.16973323822018216}",capitals,continuous_primal_dual_psd,6,7.967904281618225,7.967904281618225,0.0,"[1.0, 0.0, 0.0]",primal=Optimization terminated successfully; dual=outer=Optimization terminated successfully; inner=Optimization terminated successfully,1,-222.16435736323285,222.43769547001165,,pythia410m_10x_licenseclean_contcert_20260504_ties_20260504_deep6_licenseclean,pythia410m_10x_licenseclean_contcert_20260504
ties,triple,population+capitals+modadd,27.34676868154091,3.4777671813964517,0,"[0.2, 0.2, 0.6]","[0.2, 0.4, 0.4]",9.722232818603516,"{""capitals"": -0.6444444444444457, ""modadd"": -3.4777671813964517, ""population"": 0.5120962142944663}",modadd,continuous_primal_dual_psd,6,27.34676868154091,27.346768681540585,3.268496584496461e-13,"[2.6312285683615522e-14, 0.0, 0.9999999999999738]",primal=Optimization terminated successfully; dual=outer=Optimization terminated successfully; inner=Optimization terminated successfully,1,-423.99642154713996,423.99642154713996,,pythia410m_10x_licenseclean_contcert_20260504_ties_20260504_deep6_licenseclean,pythia410m_10x_licenseclean_contcert_20260504
ties,triple,population+capitals+multiplication,14.412423659047528,16.949966621398893,0,"[0.4840049372852076, 0.31599506271749767, 0.1999999999972948]","[0.2, 0.4, 0.4]",7.500004768371582,"{""capitals"": -1.2000000000000013, ""multiplication"": -16.949966621398893, ""population"": 3.719159889221224}",multiplication,continuous_primal_dual_psd,6,14.412423659047528,14.412423659025292,2.2236434915612335e-11,"[0.6938137600323894, 0.0, 0.3061862399676107]",primal=Optimization terminated successfully; dual=outer=Optimization terminated successfully; inner=Optimization terminated successfully,1,-158.42044689982652,163.21259213063686,,pythia410m_10x_licenseclean_contcert_20260504_ties_20260504_deep6_licenseclean,pythia410m_10x_licenseclean_contcert_20260504
ties,triple,population+capitals+nli,17.903531844919666,0.3666666666666679,0,"[0.2, 0.2, 0.6]","[0.4, 0.2, 0.4]",3.6071422894795395,"{""capitals"": -0.3666666666666679, ""nli"": 1.0857193946838706, ""population"": 6.269666481018099}",capitals,continuous_primal_dual_psd,6,17.903531844919666,17.903531844919666,0.0,"[0.0, 0.0, 1.0]",primal=Optimization terminated successfully; dual=outer=Optimization terminated successfully; inner=Optimization terminated successfully,1,-335.1474146162682,335.14741461626824,,pythia410m_10x_licenseclean_contcert_20260504_ties_20260504_deep6_licenseclean,pythia410m_10x_licenseclean_contcert_20260504
ties,triple,population+capitals+subtraction,11.768578921170555,1.1444444444444457,0,"[0.2, 0.3760746411172475, 0.4239253588827525]","[0.2, 0.2, 0.6]",9.555569860670268,"{""capitals"": -1.1444444444444457, ""population"": 2.4060457229614585, ""subtraction"": 5.550000000000033}",capitals,continuous_primal_dual_psd,6,11.768578921170555,11.768578921168421,2.133404564119701e-12,"[0.778973069029689, 2.143804178842139e-13, 0.2210269309700966]",primal=Optimization terminated successfully; dual=outer=Optimization terminated successfully; inner=Optimization terminated successfully,1,-448.17738554433043,448.17738554433043,,pythia410m_10x_licenseclean_contcert_20260504_ties_20260504_deep6_licenseclean,pythia410m_10x_licenseclean_contcert_20260504
ties,triple,population+hemisphere+addition,10.074999999999985,3.2000095367431314,0,"[0.2, 0.2, 0.6]","[0.2, 0.6, 0.2]",12.50002384185791,"{""addition"": -3.2000095367431314, ""hemisphere"": -0.2569613596852652, ""population"": 0.9161441802978842}",addition,continuous_primal_dual_psd,6,10.074999999999985,10.074999999999974,1.0658141036401503e-14,"[6.106226635438323e-15, 0.0, 0.9999999999999938]",primal=Optimization terminated successfully; dual=outer=Optimization terminated successfully; inner=Optimization terminated successfully,1,-497.9077080094572,499.022855217388,,pythia410m_10x_licenseclean_contcert_20260504_ties_20260504_deep6_licenseclean,pythia410m_10x_licenseclean_contcert_20260504
ties,triple,population+hemisphere+authors,3.8602028720551083,-0.5025329970026532,1,"[0.22026202942171297, 0.21805865375926653, 0.5616793168190205]","[0.4, 0.2, 0.4]",9.952542533745785,"{""authors"": 0.9666889190674155, ""hemisphere"": 0.5025329970026532, ""population"": 9.552475738525423}",hemisphere,continuous_primal_dual_psd,6,3.8602028720551083,3.8602028720531396,1.9686474672653276e-12,"[0.36176974137706586, 0.33216057284706085, 0.30606968577587346]",primal=Optimization terminated successfully; dual=outer=Optimization terminated successfully; inner=Optimization terminated successfully,1,-94.46518325571594,94.46518325571596,,pythia410m_10x_licenseclean_contcert_20260504_ties_20260504_deep6_licenseclean,pythia410m_10x_licenseclean_contcert_20260504
ties,triple,population+hemisphere+modadd,45.131284326438376,1.598734298239054,0,"[0.2, 0.2, 0.6]","[0.2, 0.6, 0.2]",12.990173134317066,"{""hemisphere"": -1.598734298239054, ""modadd"": -0.6999999999999673, ""population"": 1.774713325500521}",hemisphere,continuous_primal_dual_psd,6,45.131284326438376,45.131284326438376,0.0,"[0.0, 0.0, 1.0]",primal=Optimization terminated successfully; dual=outer=Optimization terminated successfully; inner=Optimization terminated successfully,1,-869.2510107958651,869.2510107958652,,pythia410m_10x_licenseclean_contcert_20260504_ties_20260504_deep6_licenseclean,pythia410m_10x_licenseclean_contcert_20260504
ties,triple,population+hemisphere+multiplication,15.448679933082488,15.700009536743131,0,"[0.2000000000000032, 0.5999999999999999, 0.19999999999999696]","[0.6, 0.2, 0.2]",3.749990463256836,"{""hemisphere"": -0.6999968130385064, ""multiplication"": -15.700009536743131, ""population"": -0.674775314331022}",multiplication,continuous_primal_dual_psd,6,15.448679933082488,15.44867993308215,3.375077994860476e-13,"[1.1934897514720433e-14, 4.6629367034256575e-15, 0.9999999999999833]",primal=Optimization terminated successfully; dual=outer=Optimization terminated successfully; inner=Optimization terminated successfully,1,-175.17378006696424,175.17378006696424,,pythia410m_10x_licenseclean_contcert_20260504_ties_20260504_deep6_licenseclean,pythia410m_10x_licenseclean_contcert_20260504
ties,triple,population+hemisphere+nli,3.6775683893699167,-0.4904954910278647,1,"[0.21920343975202397, 0.2618432094238471, 0.518953350824129]","[0.6, 0.2, 0.2]",4.018807411193848,"{""hemisphere"": 0.9582302484077049, ""nli"": 0.4904954910278647, ""population"": 2.380773353576693}",nli,continuous_primal_dual_psd,6,3.6775683893699167,3.677568389361701,8.215650382226158e-12,"[0.40453280263456864, 0.5203708413310785, 0.07509635603435298]",primal=Optimization terminated successfully; dual=outer=Optimization terminated successfully; inner=Optimization terminated successfully,1,-185.44602563632014,185.44602563632014,,pythia410m_10x_licenseclean_contcert_20260504_ties_20260504_deep6_licenseclean,pythia410m_10x_licenseclean_contcert_20260504
ties,triple,population+hemisphere+subtraction,18.754691752357537,0.2569613596852652,0,"[0.2, 0.34667996198996076, 0.4533200380100393]","[0.4, 0.4, 0.2]",1.037972646309419,"{""hemisphere"": -0.2569613596852652, ""population"": 4.931279945373568, ""subtraction"": 0.5500047683716147}",hemisphere,continuous_primal_dual_psd,6,18.754691752357537,18.754691752357537,0.0,"[0.0, 0.0, 1.0]",primal=Optimization terminated successfully; dual=outer=Optimization terminated successfully; inner=Optimization terminated successfully,1,-500.8934456289728,500.8934456289727,,pythia410m_10x_licenseclean_contcert_20260504_ties_20260504_deep6_licenseclean,pythia410m_10x_licenseclean_contcert_20260504
ties,triple,population+multiplication+modadd,21.574358256956543,23.199966621398893,0,"[0.23746040881898964, 0.2000000000000003, 0.56253959118101]","[0.4, 0.2, 0.4]",22.500014305114746,"{""modadd"": -10.422208976745573, ""multiplication"": -23.199966621398893, ""population"": -0.11923618316647122}",multiplication,continuous_primal_dual_psd,6,21.574358256956543,21.574358256956337,2.0605739337042905e-13,"[2.4907725630910974e-15, 0.5762159756896585, 0.42378402431033896]",primal=Optimization terminated successfully; dual=outer=Optimization terminated successfully; inner=Optimization terminated successfully,1,-272.5249898319754,272.5249898319754,,pythia410m_10x_licenseclean_contcert_20260504_ties_20260504_deep6_licenseclean,pythia410m_10x_licenseclean_contcert_20260504
ties,triple,population+nli+addition,17.090362349700996,10.700014305114713,0,"[0.2767076316534501, 0.2017325711828366, 0.5215597971637134]","[0.4, 0.4, 0.2]",7.500028610229492,"{""addition"": -10.700014305114713, ""nli"": -2.932146263122526, ""population"": 7.633301544189486}",addition,continuous_primal_dual_psd,6,17.090362349700996,17.09036234970088,1.1723955140041653e-13,"[0.4769134178190698, 0.0, 0.5230865821809301]",primal=Optimization terminated successfully; dual=outer=Optimization terminated successfully; inner=Optimization terminated successfully,1,-360.8826951319612,360.88269513196127,,pythia410m_10x_licenseclean_contcert_20260504_ties_20260504_deep6_licenseclean,pythia410m_10x_licenseclean_contcert_20260504
ties,triple,population+nli+authors,8.943098033105485,0.14446086883541653,0,"[0.24995602618940946, 0.2, 0.5500439738105906]","[0.4, 0.2, 0.4]",7.013857364654541,"{""authors"": 7.425007152557406, ""nli"": 2.4250119209289878, ""population"": -0.14446086883541653}",population,continuous_primal_dual_psd,6,8.943098033105485,8.94309802119388,1.1911605923842217e-08,"[0.30295260900809434, 0.6970473909919057, 8.695781286788761e-18]",primal=Optimization terminated successfully; dual=outer=Optimization terminated successfully; inner=Optimization terminated successfully,1,-437.320823377502,437.320823377502,,pythia410m_10x_licenseclean_contcert_20260504_ties_20260504_deep6_licenseclean,pythia410m_10x_licenseclean_contcert_20260504
ties,triple,population+nli+modadd,23.436331138301508,0.6999999999999673,0,"[0.20021502622159879, 0.2, 0.5997849737784012]","[0.2, 0.6, 0.2]",8.333301544189453,"{""modadd"": -0.6999999999999673, ""nli"": 2.8714387893677085, ""population"": 1.4969318389892905}",modadd,continuous_primal_dual_psd,6,23.436331138301508,23.436331138301508,0.0,"[0.0, 0.0, 1.0]",primal=Optimization terminated successfully; dual=outer=Optimization terminated successfully; inner=Optimization terminated successfully,1,-437.00076479598033,437.00076479598044,,pythia410m_10x_licenseclean_contcert_20260504_ties_20260504_deep6_licenseclean,pythia410m_10x_licenseclean_contcert_20260504
ties,triple,population+nli+multiplication,45.3100282594881,16.949990463256803,0,"[0.2, 0.2, 0.6]","[0.6, 0.2, 0.2]",16.249990463256836,"{""multiplication"": -16.949990463256803, ""nli"": 0.1928537368774741, ""population"": -3.730323982238737}",multiplication,continuous_primal_dual_psd,6,45.3100282594881,45.3100282594881,0.0,"[0.0, 0.0, 1.0]",primal=Positive directional derivative for linesearch; dual=outer=Optimization terminated successfully; inner=Optimization terminated successfully,1,-574.6087080680442,580.6491808730492,,pythia410m_10x_licenseclean_contcert_20260504_ties_20260504_deep6_licenseclean,pythia410m_10x_licenseclean_contcert_20260504
ties,triple,population+nli+subtraction,22.607051654554173,4.450014305114713,0,"[0.23864722420904314, 0.2, 0.5613527757909569]","[0.2, 0.6, 0.2]",4.999995231628418,"{""nli"": 1.0857074737549155, ""population"": 4.855534362793001, ""subtraction"": -4.450014305114713}",subtraction,continuous_primal_dual_psd,6,22.607051654554173,22.60705165455397,2.0250467969162855e-13,"[0.1836828009411335, 0.0, 0.8163171990588666]",primal=Optimization terminated successfully; dual=outer=Optimization terminated successfully; inner=Optimization terminated successfully,1,-385.311884370664,396.35470581769255,,pythia410m_10x_licenseclean_contcert_20260504_ties_20260504_deep6_licenseclean,pythia410m_10x_licenseclean_contcert_20260504
ties,triple,population+subtraction+modadd,27.783301544189744,3.2000095367431314,0,"[0.2, 0.20000000000000787, 0.5999999999999921]","[0.6, 0.2, 0.2]",9.999990463256836,"{""modadd"": -2.0888835906982095, ""population"": 4.552480506897005, ""subtraction"": -3.2000095367431314}",subtraction,continuous_primal_dual_psd,6,27.783301544189744,27.783301544189744,0.0,"[0.0, 0.0, 1.0]",primal=Optimization terminated successfully; dual=outer=Optimization terminated successfully; inner=Optimization terminated successfully,1,-195.06961391757898,227.68787819069942,,pythia410m_10x_licenseclean_contcert_20260504_ties_20260504_deep6_licenseclean,pythia410m_10x_licenseclean_contcert_20260504
ties,triple,population+subtraction+multiplication,41.32494039535521,10.699990463256803,0,"[0.2, 0.2, 0.6]","[0.2, 0.6, 0.2]",21.250033378601074,"{""multiplication"": -10.699990463256803, ""population"": -0.16973323822018216, ""subtraction"": -3.2000095367431314}",multiplication,continuous_primal_dual_psd,6,41.32494039535521,41.32494039535521,0.0,"[0.0, 0.0, 1.0]",primal=Optimization terminated successfully; dual=outer=Optimization terminated successfully; inner=Optimization terminated successfully,1,-908.1532587962777,934.4957649892463,,pythia410m_10x_licenseclean_contcert_20260504_ties_20260504_deep6_licenseclean,pythia410m_10x_licenseclean_contcert_20260504
ties,triple,sciq+addition+modadd,41.237829571895695,6.255534362792936,0,"[0.2019740452144052, 0.2, 0.5980259547855948]","[0.4, 0.2, 0.4]",10.694503784179688,"{""addition"": -3.2000095367431314, ""modadd"": -6.255534362792936, ""sciq"": -0.49356660778428646}",modadd,continuous_primal_dual_psd,6,41.237829571895695,41.237829571895695,0.0,"[0.0, 1.0, 0.0]",primal=Optimization terminated successfully; dual=outer=Optimization terminated successfully; inner=Optimization terminated successfully,1,-697.7905544916725,697.7905544916727,,pythia410m_10x_licenseclean_contcert_20260504_ties_20260504_deep6_licenseclean,pythia410m_10x_licenseclean_contcert_20260504
ties,triple,sciq+addition+multiplication,7.977471101096739,9.450033378601042,0,"[0.42886703849474517, 0.2, 0.37113296150525477]","[0.6, 0.2, 0.2]",3.749990463256836,"{""addition"": -9.450033378601042, ""multiplication"": -5.699971389770475, ""sciq"": 0.07211981937964101}",addition,continuous_primal_dual_psd,6,7.977471101096739,7.977471100989272,1.0746781242687575e-10,"[4.173885878184064e-17, 0.4230008778705474, 0.5769991221294526]",primal=Optimization terminated successfully; dual=outer=Optimization terminated successfully; inner=Optimization terminated successfully,1,-302.27408297432777,302.2740829743278,,pythia410m_10x_licenseclean_contcert_20260504_ties_20260504_deep6_licenseclean,pythia410m_10x_licenseclean_contcert_20260504
ties,triple,sciq+addition+subtraction,10.93751998422448,9.449985694885221,0,"[0.3720002624515701, 0.3320000742601726, 0.29599966328825733]","[0.4, 0.2, 0.4]",13.750052452087402,"{""addition"": -4.450014305114713, ""sciq"": -0.399732076221362, ""subtraction"": -9.449985694885221}",subtraction,continuous_primal_dual_psd,6,10.93751998422448,10.93751998422448,0.0,"[0.0, 0.0, 1.0]",primal=Optimization terminated successfully; dual=outer=Optimization terminated successfully; inner=Optimization terminated successfully,1,-7.461129009580302,7.461129009580302,,pythia410m_10x_licenseclean_contcert_20260504_ties_20260504_deep6_licenseclean,pythia410m_10x_licenseclean_contcert_20260504
ties,triple,sciq+authors+addition,25.671177085834504,0.2833396911620767,0,"[0.20000000000015597, 0.20000000000005783, 0.5999999999997863]","[0.4, 0.4, 0.2]",10.416698455810547,"{""addition"": 1.7999856948852866, ""authors"": -0.2833396911620767, ""sciq"": 0.3911520722481436}",authors,continuous_primal_dual_psd,6,25.671177085834504,25.671177085834504,0.0,"[0.0, 0.0, 1.0]",primal=Optimization terminated successfully; dual=outer=Optimization terminated successfully; inner=Optimization terminated successfully,1,-626.0783278442627,626.0783278442628,,pythia410m_10x_licenseclean_contcert_20260504_ties_20260504_deep6_licenseclean,pythia410m_10x_licenseclean_contcert_20260504
ties,triple,sciq+authors+modadd,17.132304402905973,10.422208976745573,0,"[0.2667930194143115, 0.5332069805856954, 0.19999999999999307]","[0.2, 0.6, 0.2]",0.0,"{""authors"": -8.824995231628385, ""modadd"": -10.422208976745573, ""sciq"": 0.34557710996687196}",modadd,continuous_primal_dual_psd,6,17.132304402905973,17.132304400811776,2.0941968159604585e-09,"[0.0, 0.0217242697449963, 0.9782757302550038]",primal=Positive directional derivative for linesearch; dual=outer=Optimization terminated successfully; inner=Optimization terminated successfully,1,-497.9023407103563,497.9023407103563,,pythia410m_10x_licenseclean_contcert_20260504_ties_20260504_deep6_licenseclean,pythia410m_10x_licenseclean_contcert_20260504
ties,triple,sciq+authors+multiplication,50.075069141387914,18.199971389770475,0,"[0.2, 0.2, 0.6]","[0.2, 0.4, 0.4]",6.25,"{""authors"": 5.758342075347933, ""multiplication"": -18.199971389770475, ""sciq"": -0.5257389380768549}",multiplication,continuous_primal_dual_psd,6,50.075069141387914,50.075069141387914,0.0,"[0.0, 0.0, 1.0]",primal=Optimization terminated successfully; dual=outer=Optimization terminated successfully; inner=Optimization terminated successfully,1,-663.3390126560245,706.4173652058548,,pythia410m_10x_licenseclean_contcert_20260504_ties_20260504_deep6_licenseclean,pythia410m_10x_licenseclean_contcert_20260504
ties,triple,sciq+authors+subtraction,35.70002622604369,-0.08016182810998299,1,"[0.2, 0.2, 0.6]","[0.2, 0.6, 0.2]",5.3635086718294325,"{""authors"": 3.883346843719515, ""sciq"": 0.08016182810998299, ""subtraction"": 0.5500047683716147}",sciq,continuous_primal_dual_psd,6,35.70002622604369,35.70002622604369,0.0,"[0.0, 0.0, 1.0]",primal=Optimization terminated successfully; dual=outer=Optimization terminated successfully; inner=Optimization terminated successfully,1,-880.635668503739,899.2184230495888,,pythia410m_10x_licenseclean_contcert_20260504_ties_20260504_deep6_licenseclean,pythia410m_10x_licenseclean_contcert_20260504
ties,triple,sciq+capitals+addition,4.783625662859819,10.700038146972624,0,"[0.5532981220114266, 0.2, 0.24670187798857346]","[0.6, 0.2, 0.2]",0.0,"{""addition"": -10.700038146972624, ""capitals"": -1.2555555555555569, ""sciq"": -0.07533490472329755}",addition,continuous_primal_dual_psd,6,4.783625662859819,4.783625662859819,0.0,"[0.0, 0.0, 1.0]",primal=Optimization terminated successfully; dual=outer=Optimization terminated successfully; inner=Optimization terminated successfully,1,-42.973646186447255,42.97364618644725,,pythia410m_10x_licenseclean_contcert_20260504_ties_20260504_deep6_licenseclean,pythia410m_10x_licenseclean_contcert_20260504
ties,triple,sciq+capitals+authors,1.2764981382307354,0.8111111111111123,0,"[0.20000000000000273, 0.2541286854174021, 0.5458713145825952]","[0.2, 0.2, 0.6]",0.0,"{""authors"": 5.758342075347933, ""capitals"": -0.8111111111111123, ""sciq"": 0.29195799126965805}",capitals,continuous_primal_dual_psd,6,1.2764981382307354,1.2764981382307354,0.0,"[0.0, 0.0, 1.0]",primal=Optimization terminated successfully; dual=outer=Optimization terminated successfully; inner=Optimization terminated successfully,1,-121.56848831929118,121.56848831929116,,pythia410m_10x_licenseclean_contcert_20260504_ties_20260504_deep6_licenseclean,pythia410m_10x_licenseclean_contcert_20260504
ties,triple,sciq+capitals+hemisphere,2.6643910813280653,-0.07777777777777652,1,"[0.2, 0.2, 0.6]","[0.2, 0.2, 0.6]",0.0,"{""capitals"": 0.07777777777777652, ""hemisphere"": 0.08481157886852356, ""sciq"": 0.3777494402594404}",capitals,continuous_primal_dual_psd,6,2.6643910813280653,2.6643910813280653,0.0,"[1.0, 5.551115123125783e-17, 5.551115123125783e-17]",primal=Optimization terminated successfully; dual=outer=Optimization terminated successfully; inner=Optimization terminated successfully,1,-71.69752737555791,71.69752737555791,,pythia410m_10x_licenseclean_contcert_20260504_ties_20260504_deep6_licenseclean,pythia410m_10x_licenseclean_contcert_20260504
ties,triple,sciq+capitals+modadd,10.324575323354843,0.9777777777777791,0,"[0.2383570567852459, 0.33181011506336633, 0.4298328281513878]","[0.6, 0.2, 0.2]",1.1111058129204303,"{""capitals"": -0.9777777777777791, ""modadd"": -0.6999999999999673, ""sciq"": 0.16059050615580386}",capitals,continuous_primal_dual_psd,6,10.324575323354843,10.32457532333164,2.320277303624607e-11,"[0.5150827317950787, 3.122136923894297e-15, 0.4849172682049182]",primal=Optimization terminated successfully; dual=outer=Optimization terminated successfully; inner=Optimization terminated successfully,1,-124.89395599330537,125.34125650443313,,pythia410m_10x_licenseclean_contcert_20260504_ties_20260504_deep6_licenseclean,pythia410m_10x_licenseclean_contcert_20260504
ties,triple,sciq+capitals+multiplication,46.32507867813112,15.699985694885221,0,"[0.2, 0.2, 0.6]","[0.4, 0.2, 0.4]",1.250004768371582,"{""capitals"": -1.5333333333333345, ""multiplication"": -15.699985694885221, ""sciq"": 0.8790901329954308}",multiplication,continuous_primal_dual_psd,6,46.32507867813112,46.32507867813112,0.0,"[0.0, 0.0, 1.0]",primal=Optimization terminated successfully; dual=outer=Optimization terminated successfully; inner=Optimization terminated successfully,1,-1015.8705915869207,1015.9870419433303,,pythia410m_10x_licenseclean_contcert_20260504_ties_20260504_deep6_licenseclean,pythia410m_10x_licenseclean_contcert_20260504
ties,triple,sciq+capitals+nli,0.25331379008146593,0.477777777777779,0,"[0.29300869762821735, 0.24314442474661033, 0.4638468776251723]","[0.2, 0.2, 0.6]",0.22222222222222227,"{""capitals"": -0.477777777777779, ""nli"": 0.1928537368774741, ""sciq"": 0.08016075426718283}",capitals,continuous_primal_dual_psd,6,0.25331379008146593,0.2533137900814658,1.1102230246251565e-16,"[0.0601186775205387, 0.9398813224794612, 0.0]",primal=Optimization terminated successfully; dual=outer=Optimization terminated successfully; inner=Optimization terminated successfully,1,-32.19784030873607,32.197840308736076,,pythia410m_10x_licenseclean_contcert_20260504_ties_20260504_deep6_licenseclean,pythia410m_10x_licenseclean_contcert_20260504
ties,triple,sciq+capitals+subtraction,18.996423035919157,1.9500047683715493,0,"[0.2, 0.4269938829486595, 0.37300611705134057]","[0.6, 0.2, 0.2]",4.999995231628418,"{""capitals"": -1.4222222222222234, ""sciq"": 0.4447733386309578, ""subtraction"": -1.9500047683715493}",subtraction,continuous_primal_dual_psd,6,18.996423035919157,18.996423035919157,0.0,"[0.0, 0.0, 1.0]",primal=Optimization terminated successfully; dual=outer=Optimization terminated successfully; inner=Optimization terminated successfully,1,-379.05467564872515,379.05467564872515,,pythia410m_10x_licenseclean_contcert_20260504_ties_20260504_deep6_licenseclean,pythia410m_10x_licenseclean_contcert_20260504
ties,triple,sciq+hemisphere+addition,11.30880014802755,10.700038146972624,0,"[0.49360082245140335, 0.2, 0.3063991775485966]","[0.6, 0.2, 0.2]",11.249995231628418,"{""addition"": -10.700038146972624, ""hemisphere"": -0.5354428362682688, ""sciq"": 0.42868609964187343}",addition,continuous_primal_dual_psd,6,11.30880014802755,11.30880014802755,0.0,"[0.0, 0.0, 1.0]",primal=Optimization terminated successfully; dual=outer=Optimization terminated successfully; inner=Optimization terminated successfully,1,-256.59684156937305,256.59684156937305,,pythia410m_10x_licenseclean_contcert_20260504_ties_20260504_deep6_licenseclean,pythia410m_10x_licenseclean_contcert_20260504
ties,triple,sciq+hemisphere+authors,3.5375027537372166,0.10506121356308026,0,"[0.2, 0.2, 0.6]","[0.4, 0.2, 0.4]",0.1265845174223218,"{""authors"": 4.091665077209505, ""hemisphere"": -0.10506121356308026, ""sciq"": -0.09410138149876239}",hemisphere,continuous_primal_dual_psd,6,3.5375027537372166,3.5375027537372166,0.0,"[0.0, 1.0, 0.0]",primal=Optimization terminated successfully; dual=outer=Optimization terminated successfully; inner=Optimization terminated successfully,1,-118.2689546233863,119.12209181733299,,pythia410m_10x_licenseclean_contcert_20260504_ties_20260504_deep6_licenseclean,pythia410m_10x_licenseclean_contcert_20260504
ties,triple,sciq+hemisphere+modadd,10.42216129456448,0.8772157748220575,0,"[0.2, 0.6, 0.19999999999999996]","[0.6, 0.2, 0.2]",1.211667815876152,"{""hemisphere"": -0.8772157748220575, ""modadd"": 3.4666746139526694, ""sciq"": -0.2522794998040237}",hemisphere,continuous_primal_dual_psd,6,10.42216129456448,10.42216129456448,0.0,"[0.0, 0.0, 1.0]",primal=Optimization terminated successfully; dual=outer=Optimization terminated successfully; inner=Optimization terminated successfully,1,-69.4441795400277,69.4441795400277,,pythia410m_10x_licenseclean_contcert_20260504_ties_20260504_deep6_licenseclean,pythia410m_10x_licenseclean_contcert_20260504
ties,triple,sciq+hemisphere+multiplication,81.32508106231693,14.44998092651364,0,"[0.2, 0.2, 0.6]","[0.2, 0.6, 0.2]",3.750014305114746,"{""hemisphere"": 0.9202544151367829, ""multiplication"": -14.44998092651364, ""sciq"": -0.2147443985674937}",multiplication,continuous_primal_dual_psd,6,81.32508106231693,81.32508106231693,0.0,"[0.0, 0.0, 1.0]",primal=Optimization terminated successfully; dual=outer=Optimization terminated successfully; inner=Optimization terminated successfully,1,-1462.625408438491,1475.3861863317109,,pythia410m_10x_licenseclean_contcert_20260504_ties_20260504_deep6_licenseclean,pythia410m_10x_licenseclean_contcert_20260504
ties,triple,sciq+hemisphere+nli,6.301778884934743,-0.021518523416986887,1,"[0.34052571420130573, 0.2, 0.4594742857986942]","[0.2, 0.2, 0.6]",0.2228581423101771,"{""hemisphere"": 0.021518523416986887, ""nli"": 2.722605991363558, ""sciq"": 0.34825742159605255}",hemisphere,continuous_primal_dual_psd,6,6.301778884934743,6.301778884934743,0.0,"[0.0, 0.0, 1.0]",primal=Optimization terminated successfully; dual=outer=Optimization terminated successfully; inner=Optimization terminated successfully,1,-257.17996897618036,257.17996897618036,,pythia410m_10x_licenseclean_contcert_20260504_ties_20260504_deep6_licenseclean,pythia410m_10x_licenseclean_contcert_20260504
ties,triple,sciq+hemisphere+subtraction,39.28124702409699,0.9911400876733204,0,"[0.20000000000001422, 0.2, 0.5999999999999858]","[0.4, 0.4, 0.2]",8.45886944906981,"{""hemisphere"": -0.9911400876733204, ""sciq"": 0.38579252283258253, ""subtraction"": 0.5500047683716147}",hemisphere,continuous_primal_dual_psd,6,39.28124702409699,39.28124702409699,0.0,"[0.0, 0.0, 1.0]",primal=Optimization terminated successfully; dual=outer=Optimization terminated successfully; inner=Optimization terminated successfully,1,-610.6751311260763,610.6751311260763,,pythia410m_10x_licenseclean_contcert_20260504_ties_20260504_deep6_licenseclean,pythia410m_10x_licenseclean_contcert_20260504
ties,triple,sciq+multiplication+modadd,22.618892101469,9.449985694885221,0,"[0.20000000000000004, 0.3502888930678629, 0.449711106932137]","[0.4, 0.4, 0.2]",12.5,"{""modadd"": -9.03332538604733, ""multiplication"": -9.449985694885221, ""sciq"": 0.1311006351780163}",multiplication,continuous_primal_dual_psd,6,22.618892101469,22.618892101469,0.0,"[0.0, 1.0, 0.0]",primal=Optimization terminated successfully; dual=outer=Optimization terminated successfully; inner=Optimization terminated successfully,1,-310.89639785885475,310.89639785885475,,pythia410m_10x_licenseclean_contcert_20260504_ties_20260504_deep6_licenseclean,pythia410m_10x_licenseclean_contcert_20260504
ties,triple,sciq+nli+addition,1.9079653339475513,3.2000095367431314,0,"[0.2, 0.41182883856240826, 0.3881711614375918]","[0.4, 0.4, 0.2]",2.500009536743164,"{""addition"": -3.2000095367431314, ""nli"": -2.336886596679655, ""sciq"": 0.34825849543885273}",addition,continuous_primal_dual_psd,6,1.9079653339475513,1.9079653339468676,6.836753385641714e-13,"[0.0, 0.5818758135042201, 0.41812418649577987]",primal=Optimization terminated successfully; dual=outer=Optimization terminated successfully; inner=Optimization terminated successfully,1,-59.27834884616816,59.278348846168164,,pythia410m_10x_licenseclean_contcert_20260504_ties_20260504_deep6_licenseclean,pythia410m_10x_licenseclean_contcert_20260504
ties,triple,sciq+nli+authors,3.6625888529486175,-0.8361933346577395,1,"[0.2, 0.276703689786698, 0.5232963102133019]","[0.4, 0.2, 0.4]",0.3753349047232976,"{""authors"": 1.5916555404663413, ""nli"": 4.657146263122591, ""sciq"": 0.8361933346577395}",sciq,continuous_primal_dual_psd,6,3.6625888529486175,3.6625888529486175,0.0,"[0.0, 0.0, 1.0]",primal=Optimization terminated successfully; dual=outer=Optimization terminated successfully; inner=Optimization terminated successfully,1,-129.69487130186423,129.6948713018642,,pythia410m_10x_licenseclean_contcert_20260504_ties_20260504_deep6_licenseclean,pythia410m_10x_licenseclean_contcert_20260504
ties,triple,sciq+nli+modadd,34.77908874918834,2.0888835906982095,0,"[0.2, 0.2, 0.6]","[0.2, 0.6, 0.2]",8.333325386047363,"{""modadd"": -2.0888835906982095, ""nli"": 4.805967140197787, ""sciq"": -0.09946522628552407}",modadd,continuous_primal_dual_psd,6,34.77908874918834,34.77908874918834,0.0,"[0.0, 0.0, 1.0]",primal=Optimization terminated successfully; dual=outer=Optimization terminated successfully; inner=Optimization terminated successfully,1,-597.4504209921668,597.4504209921669,,pythia410m_10x_licenseclean_contcert_20260504_ties_20260504_deep6_licenseclean,pythia410m_10x_licenseclean_contcert_20260504
ties,triple,sciq+nli+multiplication,57.99866769002869,16.949990463256803,0,"[0.2, 0.2, 0.6]","[0.4, 0.4, 0.2]",7.500004768371582,"{""multiplication"": -16.949990463256803, ""nli"": 4.805967140197787, ""sciq"": 0.16059157999860402}",multiplication,continuous_primal_dual_psd,6,57.99866769002869,57.99866769002869,0.0,"[0.0, 0.0, 1.0]",primal=Optimization terminated successfully; dual=outer=Optimization terminated successfully; inner=Optimization terminated successfully,1,-880.3296047871363,880.3296047871364,,pythia410m_10x_licenseclean_contcert_20260504_ties_20260504_deep6_licenseclean,pythia410m_10x_licenseclean_contcert_20260504
ties,triple,sciq+nli+subtraction,18.50340172796767,5.75951642990109,0,"[0.2, 0.43119054534396056, 0.3688094546560394]","[0.6, 0.2, 0.2]",4.464280605316162,"{""nli"": -5.75951642990109, ""sciq"": -0.5739963596729075, ""subtraction"": 13.049980926513705}",nli,continuous_primal_dual_psd,6,18.50340172796767,18.503401727967667,3.552713678800501e-15,"[0.0, 0.23124320984908037, 0.7687567901509196]",primal=Optimization terminated successfully; dual=outer=Optimization terminated successfully; inner=Optimization terminated successfully,1,-345.43205462152287,345.43205462152287,,pythia410m_10x_licenseclean_contcert_20260504_ties_20260504_deep6_licenseclean,pythia410m_10x_licenseclean_contcert_20260504
ties,triple,sciq+population+addition,16.32498807907103,3.2000095367431314,0,"[0.2, 0.2, 0.6]","[0.2, 0.6, 0.2]",1.250004768371582,"{""addition"": -3.2000095367431314, ""population"": 4.2999713897705405, ""sciq"": -0.20670238983715175}",addition,continuous_primal_dual_psd,6,16.32498807907103,16.32498807907103,0.0,"[0.0, 0.0, 1.0]",primal=Optimization terminated successfully; dual=outer=Optimization terminated successfully; inner=Optimization terminated successfully,1,-372.13620488968036,373.69657532112683,,pythia410m_10x_licenseclean_contcert_20260504_ties_20260504_deep6_licenseclean,pythia410m_10x_licenseclean_contcert_20260504
ties,triple,sciq+population+authors,22.314527702331546,-0.21152823938103701,1,"[0.2, 0.2, 0.6]","[0.6, 0.2, 0.2]",0.5067034636799519,"{""authors"": 3.4666865348816245, ""population"": 4.02218990325931, ""sciq"": 0.21152823938103701}",sciq,continuous_primal_dual_psd,6,22.314527702331546,22.314527702331546,0.0,"[0.0, 1.0, 0.0]",primal=Optimization terminated successfully; dual=outer=Optimization terminated successfully; inner=Optimization terminated successfully,1,-512.8502615087817,522.1935792433417,,pythia410m_10x_licenseclean_contcert_20260504_ties_20260504_deep6_licenseclean,pythia410m_10x_licenseclean_contcert_20260504
ties,triple,sciq+population+capitals,2.6494174433348725,0.033333333333334596,0,"[0.20000000000000848, 0.4341819065657195, 0.3658180934342721]","[0.4, 0.4, 0.2]",1.1111111111111112,"{""capitals"": -0.033333333333334596, ""population"": 2.9110877990722983, ""sciq"": 0.30536169710116134}",capitals,continuous_primal_dual_psd,6,2.6494174433348725,2.649417443334852,2.042810365310288e-14,"[0.08957562922804367, 0.9104243707719559, 4.410728005903163e-16]",primal=Optimization terminated successfully; dual=outer=Optimization terminated successfully; inner=Optimization terminated successfully,1,-56.448176692084175,56.448176692084175,,pythia410m_10x_licenseclean_contcert_20260504_ties_20260504_deep6_licenseclean,pythia410m_10x_licenseclean_contcert_20260504
ties,triple,sciq+population+hemisphere,2.9461297930826795,0.10506121356308026,0,"[0.30028527713104697, 0.2, 0.499714722868953]","[0.2, 0.4, 0.4]",1.4936730846759738,"{""hemisphere"": -0.10506121356308026, ""population"": 2.4060218811035483, ""sciq"": 0.24370056967360548}",hemisphere,continuous_primal_dual_psd,6,2.9461297930826795,2.9461297930795696,3.1099567365799885e-12,"[1.2438544796714243e-14, 0.24979869840101457, 0.750201301598973]",primal=Optimization terminated successfully; dual=outer=Optimization terminated successfully; inner=Optimization terminated successfully,1,-87.98410234579231,87.98410234579231,,pythia410m_10x_licenseclean_contcert_20260504_ties_20260504_deep6_licenseclean,pythia410m_10x_licenseclean_contcert_20260504
ties,triple,sciq+population+modadd,38.87352880654975,0.05656628026223241,0,"[0.2, 0.3620989566388922, 0.4379010433611078]","[0.6, 0.2, 0.2]",8.976735263927187,"{""modadd"": 2.077767181396517, ""population"": 4.628249931335482, ""sciq"": -0.05656628026223241}",sciq,continuous_primal_dual_psd,6,38.87352880654975,38.87352880653381,1.5937473563099047e-11,"[0.0, 5.4727967699691e-13, 0.9999999999994527]",primal=Optimization terminated successfully; dual=outer=Optimization terminated successfully; inner=Optimization terminated successfully,1,-474.2678732320062,474.26787323200625,,pythia410m_10x_licenseclean_contcert_20260504_ties_20260504_deep6_licenseclean,pythia410m_10x_licenseclean_contcert_20260504
ties,triple,sciq+population+multiplication,11.968094068493292,18.199995231628385,0,"[0.2047540984337255, 0.2, 0.5952459015662745]","[0.2, 0.4, 0.4]",3.749990463256836,"{""multiplication"": -18.199995231628385, ""population"": 5.436322021484408, ""sciq"": -0.6195713219541791}",multiplication,continuous_primal_dual_psd,6,11.968094068493292,11.968094068491325,1.9664270212160773e-12,"[0.0, 0.025495886290603568, 0.9745041137093964]",primal=Optimization terminated successfully; dual=outer=Optimization terminated successfully; inner=Optimization terminated successfully,1,-203.55915627366207,203.55915627366207,,pythia410m_10x_licenseclean_contcert_20260504_ties_20260504_deep6_licenseclean,pythia410m_10x_licenseclean_contcert_20260504
ties,triple,sciq+population+nli,5.68438327278138,0.42654163556996894,0,"[0.5428348529923072, 0.2, 0.2571651470076928]","[0.2, 0.2, 0.6]",2.8032106189160824,"{""nli"": 1.6809790611267417, ""population"": 5.966636466980013, ""sciq"": -0.42654163556996894}",sciq,continuous_primal_dual_psd,6,5.68438327278138,5.684383272781363,1.687538997430238e-14,"[5.107025913275694e-15, 0.9999999999999949, 0.0]",primal=Optimization terminated successfully; dual=outer=Optimization terminated successfully; inner=Optimization terminated successfully,1,-215.99076736285718,215.99076736285718,,pythia410m_10x_licenseclean_contcert_20260504_ties_20260504_deep6_licenseclean,pythia410m_10x_licenseclean_contcert_20260504
ties,triple,sciq+population+subtraction,32.57503814697269,1.9499809265136392,0,"[0.2, 0.2, 0.6]","[0.6, 0.2, 0.2]",5.000019073486328,"{""population"": 2.3302524566650717, ""sciq"": -0.04048118895874833, ""subtraction"": -1.9499809265136392}",subtraction,continuous_primal_dual_psd,6,32.57503814697269,32.57503814697269,0.0,"[0.0, 0.0, 1.0]",primal=Optimization terminated successfully; dual=outer=Optimization terminated successfully; inner=Optimization terminated successfully,1,-800.0568569219535,807.0737631831001,,pythia410m_10x_licenseclean_contcert_20260504_ties_20260504_deep6_licenseclean,pythia410m_10x_licenseclean_contcert_20260504
ties,triple,sciq+subtraction+modadd,13.40500367691783,5.699995231628385,0,"[0.36248929195863533, 0.2844162459289968, 0.35309446211236795]","[0.4, 0.2, 0.4]",0.0,"{""modadd"": -2.0888835906982095, ""sciq"": 0.38579252283258253, ""subtraction"": -5.699995231628385}",subtraction,continuous_primal_dual_psd,6,13.40500367691783,13.405003676910132,7.696954185121285e-12,"[0.0, 0.19162204120007018, 0.8083779587999298]",primal=Optimization terminated successfully; dual=outer=Optimization terminated successfully; inner=Optimization terminated successfully,1,-225.29241739726277,225.29241739726277,,pythia410m_10x_licenseclean_contcert_20260504_ties_20260504_deep6_licenseclean,pythia410m_10x_licenseclean_contcert_20260504
ties,triple,sciq+subtraction+multiplication,22.053783600385863,16.949990463256803,0,"[0.31508615865178924, 0.31139613211794154, 0.3735177092302693]","[0.2, 0.6, 0.2]",6.25,"{""multiplication"": -16.949990463256803, ""sciq"": -0.24959704048924278, ""subtraction"": -15.699985694885221}",multiplication,continuous_primal_dual_psd,6,22.053783600385863,22.053783600385607,2.5579538487363607e-13,"[0.0, 0.33832481696609507, 0.6616751830339049]",primal=Optimization terminated successfully; dual=outer=Optimization terminated successfully; inner=Optimization terminated successfully,1,-315.46252928515923,315.4625292851593,,pythia410m_10x_licenseclean_contcert_20260504_ties_20260504_deep6_licenseclean,pythia410m_10x_licenseclean_contcert_20260504
ties,triple,subtraction+multiplication+modadd,16.620730810371782,24.449971389770475,0,"[0.4137737016736148, 0.2698352127673849, 0.3163910855590002]","[0.4, 0.4, 0.2]",8.750009536743164,"{""modadd"": -14.58890743255612, ""multiplication"": -24.449971389770475, ""subtraction"": -13.199999999999967}",multiplication,continuous_primal_dual_psd,6,16.620730810371782,16.620730810371658,1.2434497875801753e-13,"[1.6937000402465618e-14, 0.8553283094241905, 0.14467169057579257]",primal=Optimization terminated successfully; dual=outer=Optimization terminated successfully; inner=Optimization terminated successfully,1,-263.9317243349889,263.93172433498887,,pythia410m_10x_licenseclean_contcert_20260504_ties_20260504_deep6_licenseclean,pythia410m_10x_licenseclean_contcert_20260504
