method,query_kind,adapters,predicted_score,heldout_score,feasible,predicted_weights,heldout_weights,coefficient_regret,margins,obstructing_tasks,certificate_type,grid_points,primal_upper,dual_lower,certificate_gap,dual_weights,certificate_message,psd_projected,quadratic_min_eigenvalue,quadratic_psd_adjustment,error,source_run,slice_id
dare_ties,pair,addition+modadd,6.1999804496764845,8.20000476837155,0,"[0.2, 0.8]","[0.8, 0.2]",2.500009536743164,"{""addition"": -8.20000476837155, ""modadd"": -6.2556058883666665}",addition,continuous_primal_dual_psd,4,6.1999804496764845,6.1999804496764845,0.0,"[0.9999999999999999, 1.1102230246251565e-16]",primal=Optimization terminated successfully; dual=outer=Optimization terminated successfully; inner=Optimization terminated successfully,1,-15.625357627868654,15.625357627868654,,pythia1b_10x_licenseclean_contcert_20260504_dare_ties_20260504_deep6_licenseclean,pythia1b_10x_licenseclean_contcert_20260504
dare_ties,pair,addition+multiplication,5.449994277954068,9.450009536743131,0,"[0.2, 0.8]","[0.2, 0.8]",0.0,"{""addition"": -9.450009536743131, ""multiplication"": 5.550000000000033}",addition,continuous_primal_dual_psd,4,5.449994277954068,5.449994277954068,0.0,"[1.0, 0.0]",primal=Optimization terminated successfully; dual=outer=Optimization terminated successfully; inner=Optimization terminated successfully,1,-62.5002384185791,62.5002384185791,,pythia1b_10x_licenseclean_contcert_20260504_dare_ties_20260504_deep6_licenseclean,pythia1b_10x_licenseclean_contcert_20260504
dare_ties,pair,addition+subtraction,5.262039843616954,6.949999999999967,0,"[0.5971424213533512, 0.40285757864664884]","[0.4, 0.6]",2.500009536743164,"{""addition"": -1.9500286102294595, ""subtraction"": -6.949999999999967}",subtraction,continuous_primal_dual_psd,4,5.262039843616954,5.262039843616954,0.0,"[1.0, 0.0]",primal=Optimization terminated successfully; dual=outer=Optimization terminated successfully; inner=Optimization terminated successfully,0,109.37541723251337,0.0,,pythia1b_10x_licenseclean_contcert_20260504_dare_ties_20260504_deep6_licenseclean,pythia1b_10x_licenseclean_contcert_20260504
dare_ties,pair,authors+addition,1.0247368269866897,1.9500047683715493,0,"[0.7067233711814946, 0.29327662881850536]","[0.6, 0.4]",3.3333301544189453,"{""addition"": -1.9500047683715493, ""authors"": -0.9083420753478677}",addition,continuous_primal_dual_psd,4,1.0247368269866897,1.0247368269623893,2.43003395183905e-11,"[0.3481199309450125, 0.6518800690549875]",primal=Optimization terminated successfully; dual=outer=Optimization terminated successfully; inner=Optimization terminated successfully,1,-0.0005960464477521292,0.0005960464477521292,,pythia1b_10x_licenseclean_contcert_20260504_dare_ties_20260504_deep6_licenseclean,pythia1b_10x_licenseclean_contcert_20260504
dare_ties,pair,authors+modadd,5.28755162762949,3.477791023254362,0,"[0.5488889785850063, 0.4511110214149937]","[0.6, 0.4]",0.0,"{""authors"": 2.8416483879089682, ""modadd"": -3.477791023254362}",modadd,continuous_primal_dual_psd,4,5.28755162762949,5.28755162762949,0.0,"[0.0, 1.0]",primal=Optimization terminated successfully; dual=outer=Optimization terminated successfully; inner=Optimization terminated successfully,0,25.367755337655556,0.0,,pythia1b_10x_licenseclean_contcert_20260504_dare_ties_20260504_deep6_licenseclean,pythia1b_10x_licenseclean_contcert_20260504
dare_ties,pair,authors+multiplication,0.8773950207172165,-0.3416626930237143,1,"[0.6794970160399627, 0.3205029839600373]","[0.8, 0.2]",2.0833253860473633,"{""authors"": 0.3416626930237143, ""multiplication"": 8.050009536743197}",authors,continuous_primal_dual_psd,4,0.8773950207172165,0.8773950207172162,3.3306690738754696e-16,"[0.7375781199908421, 0.2624218800091579]",primal=Optimization terminated successfully; dual=outer=Optimization terminated successfully; inner=Optimization terminated successfully,1,-8.333306842312721,8.333306842312721,,pythia1b_10x_licenseclean_contcert_20260504_dare_ties_20260504_deep6_licenseclean,pythia1b_10x_licenseclean_contcert_20260504
dare_ties,pair,authors+subtraction,0.6999999999999673,-0.5499809265137046,1,"[0.4, 0.6]","[0.6, 0.4]",8.749985694885254,"{""authors"": 1.383337306976351, ""subtraction"": 0.5499809265137046}",subtraction,continuous_primal_dual_psd,4,0.6999999999999673,0.6999999999999673,0.0,"[2.42861286636753e-16, 0.9999999999999998]",primal=Optimization terminated successfully; dual=outer=Optimization terminated successfully; inner=Optimization terminated successfully,0,1.6662946715255855e-14,0.0,,pythia1b_10x_licenseclean_contcert_20260504_dare_ties_20260504_deep6_licenseclean,pythia1b_10x_licenseclean_contcert_20260504
dare_ties,pair,capitals+addition,-0.5085838382877945,-0.06923076923076749,1,"[0.5865518381792032, 0.4134481618207968]","[0.8, 0.2]",2.019235537602317,"{""addition"": 3.050014305114779, ""capitals"": 0.06923076923076749}",capitals,continuous_primal_dual_psd,4,-0.5085838382877945,-0.5085838383170319,2.923739028659611e-11,"[0.9749203295399235, 0.02507967046007659]",primal=Optimization terminated successfully; dual=outer=Optimization terminated successfully; inner=Optimization terminated successfully,0,10.416666666666666,0.0,,pythia1b_10x_licenseclean_contcert_20260504_dare_ties_20260504_deep6_licenseclean,pythia1b_10x_licenseclean_contcert_20260504
dare_ties,pair,capitals+authors,1.1459360159879175,1.741662693023649,0,"[0.5845031862558865, 0.4154968137441135]","[0.6, 0.4]",0.0,"{""authors"": -1.741662693023649, ""capitals"": -0.1615384615384633}",authors,continuous_primal_dual_psd,4,1.1459360159879175,1.1459360159879175,0.0,"[0.0, 1.0]",primal=Optimization terminated successfully; dual=outer=Optimization terminated successfully; inner=Optimization terminated successfully,1,-6.659293972494102e-16,6.659293972494102e-16,,pythia1b_10x_licenseclean_contcert_20260504_dare_ties_20260504_deep6_licenseclean,pythia1b_10x_licenseclean_contcert_20260504
dare_ties,pair,capitals+hemisphere,0.18333333333333152,-0.1461538461538444,1,"[0.2, 0.8]","[0.8, 0.2]",0.38461538461538464,"{""capitals"": 0.1461538461538444, ""hemisphere"": 0.2892469770659069}",capitals,continuous_primal_dual_psd,4,0.18333333333333152,0.18333333333333152,0.0,"[1.0, 0.0]",primal=Optimization terminated successfully; dual=outer=Optimization terminated successfully; inner=Optimization terminated successfully,1,-99.43217039108276,99.43217039108276,,pythia1b_10x_licenseclean_contcert_20260504_dare_ties_20260504_deep6_licenseclean,pythia1b_10x_licenseclean_contcert_20260504
dare_ties,pair,capitals+modadd,9.727760028839086,2.0889074325561197,0,"[0.2, 0.8]","[0.8, 0.2]",5.555582046508789,"{""capitals"": 0.4538461538461521, ""modadd"": -2.0889074325561197}",modadd,continuous_primal_dual_psd,4,9.727760028839086,9.727760028839086,0.0,"[0.0, 1.0]",primal=Optimization terminated successfully; dual=outer=Optimization terminated successfully; inner=Optimization terminated successfully,1,-34.721791744232185,34.721791744232185,,pythia1b_10x_licenseclean_contcert_20260504_dare_ties_20260504_deep6_licenseclean,pythia1b_10x_licenseclean_contcert_20260504
dare_ties,pair,capitals+multiplication,0.2333284589855611,-0.7615384615384598,1,"[0.2, 0.8]","[0.4, 0.6]",0.21153369316684512,"{""capitals"": 0.7615384615384598, ""multiplication"": 4.299995231628451}",capitals,continuous_primal_dual_psd,4,0.2333284589855611,0.2333284589855611,0.0,"[0.0, 1.0]",primal=Optimization terminated successfully; dual=outer=Optimization terminated successfully; inner=Optimization terminated successfully,1,-20.833386315374536,20.833386315374536,,pythia1b_10x_licenseclean_contcert_20260504_dare_ties_20260504_deep6_licenseclean,pythia1b_10x_licenseclean_contcert_20260504
dare_ties,pair,capitals+nli,0.022259037309833876,-0.0099235054079475,1,"[0.20000000000000012, 0.7999999999999998]","[0.2, 0.8]",0.0,"{""capitals"": 0.6846153846153828, ""nli"": 0.0099235054079475}",nli,continuous_primal_dual_psd,4,0.022259037309833876,0.022259037309833876,0.0,"[0.0, 1.0]",primal=Optimization terminated successfully; dual=outer=Optimization terminated successfully; inner=Optimization terminated successfully,1,-2.083333333333332,2.083333333333332,,pythia1b_10x_licenseclean_contcert_20260504_dare_ties_20260504_deep6_licenseclean,pythia1b_10x_licenseclean_contcert_20260504
dare_ties,pair,capitals+subtraction,0.8860137830188268,1.9500286102294595,0,"[0.2734021236173517, 0.7265978763826483]","[0.6, 0.4]",9.999990463256836,"{""capitals"": -0.7769230769230787, ""subtraction"": -1.9500286102294595}",subtraction,continuous_primal_dual_psd,4,0.8860137830188268,0.8860137830188154,1.1435297153639112e-14,"[0.9778396342452685, 0.02216036575473154]",primal=Optimization terminated successfully; dual=outer=Optimization terminated successfully; inner=Optimization terminated successfully,1,-3.1250000000000004,3.1250000000000004,,pythia1b_10x_licenseclean_contcert_20260504_dare_ties_20260504_deep6_licenseclean,pythia1b_10x_licenseclean_contcert_20260504
dare_ties,pair,hemisphere+addition,4.12226312419107,-0.04193557120020328,1,"[0.27632808992658886, 0.7236719100734111]","[0.8, 0.2]",9.491945107943335,"{""addition"": 0.5499809265137046, ""hemisphere"": 0.04193557120020328}",hemisphere,continuous_primal_dual_psd,4,4.12226312419107,4.122263124190904,1.6608936448392342e-13,"[0.8220642575484394, 0.1779357424515607]",primal=Optimization terminated successfully; dual=outer=Optimization terminated successfully; inner=Optimization terminated successfully,1,-26.041865348815918,26.041865348815918,,pythia1b_10x_licenseclean_contcert_20260504_dare_ties_20260504_deep6_licenseclean,pythia1b_10x_licenseclean_contcert_20260504
dare_ties,pair,hemisphere+authors,4.2310903793072,-0.3107516693310128,1,"[0.3701127270425683, 0.6298872729574316]","[0.8, 0.2]",5.802428667469408,"{""authors"": 5.966672229766878, ""hemisphere"": 0.3107516693310128}",hemisphere,continuous_primal_dual_psd,4,4.2310903793072,4.231090379307185,1.509903313490213e-14,"[0.6649421287920851, 0.33505787120791486]",primal=Optimization terminated successfully; dual=outer=Optimization terminated successfully; inner=Optimization terminated successfully,1,-39.706090248298665,39.706090248298665,,pythia1b_10x_licenseclean_contcert_20260504_dare_ties_20260504_deep6_licenseclean,pythia1b_10x_licenseclean_contcert_20260504
dare_ties,pair,hemisphere+modadd,0.7314744598035974,0.6999999999999673,0,"[0.7443345756340799, 0.2556654243659201]","[0.8, 0.2]",0.0,"{""hemisphere"": -0.0870966431996971, ""modadd"": -0.6999999999999673}",modadd,continuous_primal_dual_psd,4,0.7314744598035974,0.7314744597390638,6.453360068547909e-11,"[0.17335701448802127, 0.8266429855119787]",primal=Optimization terminated successfully; dual=outer=Optimization terminated successfully; inner=Optimization terminated successfully,1,-6.564413597387226e-15,6.564413597387226e-15,,pythia1b_10x_licenseclean_contcert_20260504_dare_ties_20260504_deep6_licenseclean,pythia1b_10x_licenseclean_contcert_20260504
dare_ties,pair,hemisphere+multiplication,-0.8921482332346198,-0.43978523733400154,1,"[0.3821125922935123, 0.6178874077064878]","[0.8, 0.2]",0.38709664319970116,"{""hemisphere"": 0.43978523733400154, ""multiplication"": 10.54997138977054}",hemisphere,continuous_primal_dual_psd,4,-0.8921482332346198,-0.8921482332446653,1.0045519971413341e-11,"[0.178759705874864, 0.821240294125136]",primal=Optimization terminated successfully; dual=outer=Optimization terminated successfully; inner=Optimization terminated successfully,1,-12.500079473061804,12.500079473061804,,pythia1b_10x_licenseclean_contcert_20260504_dare_ties_20260504_deep6_licenseclean,pythia1b_10x_licenseclean_contcert_20260504
dare_ties,pair,hemisphere+nli,0.5046066285008859,0.3236577333374803,0,"[0.4086239907373064, 0.5913760092626936]","[0.4, 0.6]",0.0,"{""hemisphere"": -0.3236577333374803, ""nli"": -0.16564898099957073}",hemisphere,continuous_primal_dual_psd,4,0.5046066285008859,0.504606594333942,3.416694394076103e-08,"[0.1095839820316408, 0.8904160179683592]",primal=Positive directional derivative for linesearch; dual=outer=Optimization terminated successfully; inner=Optimization terminated successfully,1,-3.254838644236041,3.254838644236041,,pythia1b_10x_licenseclean_contcert_20260504_dare_ties_20260504_deep6_licenseclean,pythia1b_10x_licenseclean_contcert_20260504
dare_ties,pair,hemisphere+subtraction,1.1687383770919633,-0.3107516693310128,1,"[0.49999961853016633, 0.5000003814698337]","[0.6, 0.4]",9.760761206074145,"{""hemisphere"": 0.3107516693310128, ""subtraction"": 3.0499666213989585}",hemisphere,continuous_primal_dual_psd,4,1.1687383770919633,1.1687383770919633,0.0,"[0.0, 1.0]",primal=Optimization terminated successfully; dual=outer=Optimization terminated successfully; inner=Optimization terminated successfully,0,31.250417232513463,0.0,,pythia1b_10x_licenseclean_contcert_20260504_dare_ties_20260504_deep6_licenseclean,pythia1b_10x_licenseclean_contcert_20260504
dare_ties,pair,multiplication+modadd,4.0333230018616515,2.0888835906982095,0,"[0.20000000000001755, 0.7999999999999825]","[0.2, 0.8]",0.0,"{""modadd"": -2.0888835906982095, ""multiplication"": -1.9500047683715493}",modadd,continuous_primal_dual_psd,4,4.0333230018616515,4.0333230018616515,0.0,"[0.0, 1.0]",primal=Optimization terminated successfully; dual=outer=Optimization terminated successfully; inner=Optimization terminated successfully,1,-20.833465788436353,20.833465788436353,,pythia1b_10x_licenseclean_contcert_20260504_dare_ties_20260504_deep6_licenseclean,pythia1b_10x_licenseclean_contcert_20260504
dare_ties,pair,nli+addition,8.324998092651354,5.700019073486295,0,"[0.20000000000000084, 0.7999999999999992]","[0.8, 0.2]",4.999995231628418,"{""addition"": -5.700019073486295, ""nli"": 0.06335842385305687}",addition,continuous_primal_dual_psd,4,8.324998092651354,8.324998092651354,0.0,"[0.0, 1.0]",primal=Optimization terminated successfully; dual=outer=Optimization terminated successfully; inner=Optimization terminated successfully,1,-46.87458276748657,46.87458276748657,,pythia1b_10x_licenseclean_contcert_20260504_dare_ties_20260504_deep6_licenseclean,pythia1b_10x_licenseclean_contcert_20260504
dare_ties,pair,nli+authors,0.09191445750338545,-0.18549538029902113,1,"[0.724497274407686, 0.27550272559231404]","[0.4, 0.6]",0.06106847822298213,"{""authors"": 1.5916436195373862, ""nli"": 0.18549538029902113}",nli,continuous_primal_dual_psd,4,0.09191445750338545,0.09191445430422358,3.1991618659743537e-09,"[0.9630816478740674, 0.03691835212593269]",primal=Positive directional derivative for linesearch; dual=outer=Optimization terminated successfully; inner=Optimization terminated successfully,0,1.1794667112262645e-05,0.0,,pythia1b_10x_licenseclean_contcert_20260504_dare_ties_20260504_deep6_licenseclean,pythia1b_10x_licenseclean_contcert_20260504
dare_ties,pair,nli+modadd,5.213863623105378,3.477791023254362,0,"[0.3000010300148264, 0.6999989699851736]","[0.2, 0.8]",2.7778148651123047,"{""modadd"": -3.477791023254362, ""nli"": -0.40992411692438846}",modadd,continuous_primal_dual_psd,4,5.213863623105378,5.213863623105378,0.0,"[5.551115123125783e-17, 1.0]",primal=Optimization terminated successfully; dual=outer=Optimization terminated successfully; inner=Optimization terminated successfully,1,-5.45462072596648,5.45462072596648,,pythia1b_10x_licenseclean_contcert_20260504_dare_ties_20260504_deep6_licenseclean,pythia1b_10x_licenseclean_contcert_20260504
dare_ties,pair,nli+multiplication,0.4333310021235394,-0.13206107337035636,1,"[0.20000000000000012, 0.7999999999999998]","[0.2, 0.8]",0.0,"{""multiplication"": 0.5500047683716147, ""nli"": 0.13206107337035636}",nli,continuous_primal_dual_psd,4,0.4333310021235394,0.4333310021235394,0.0,"[0.0, 1.0]",primal=Optimization terminated successfully; dual=outer=Optimization terminated successfully; inner=Optimization terminated successfully,1,-8.333386315374536,8.333386315374536,,pythia1b_10x_licenseclean_contcert_20260504_dare_ties_20260504_deep6_licenseclean,pythia1b_10x_licenseclean_contcert_20260504
dare_ties,pair,nli+subtraction,9.824994277954067,9.450009536743131,0,"[0.2, 0.8]","[0.8, 0.2]",6.25002384185791,"{""nli"": -0.051144972815034634, ""subtraction"": -9.450009536743131}",subtraction,continuous_primal_dual_psd,4,9.824994277954067,9.824994277954067,0.0,"[0.0, 1.0]",primal=Optimization terminated successfully; dual=outer=Optimization terminated successfully; inner=Optimization terminated successfully,1,-124.99928474426272,124.99928474426272,,pythia1b_10x_licenseclean_contcert_20260504_dare_ties_20260504_deep6_licenseclean,pythia1b_10x_licenseclean_contcert_20260504
dare_ties,pair,population+addition,2.2000343322753615,0.006756639346636161,0,"[0.8, 0.19999999999999996]","[0.6, 0.4]",0.9570505951519013,"{""addition"": 1.7999856948852866, ""population"": -0.006756639346636161}",population,continuous_primal_dual_psd,4,2.2000343322753615,2.200034332275362,0.0,"[1.1102230246251565e-16, 1.0]",primal=Optimization terminated successfully; dual=outer=Optimization terminated successfully; inner=Optimization terminated successfully,1,-31.25011920928958,31.25011920928958,,pythia1b_10x_licenseclean_contcert_20260504_dare_ties_20260504_deep6_licenseclean,pythia1b_10x_licenseclean_contcert_20260504
dare_ties,pair,population+authors,0.6926472493942495,0.20920675374323033,0,"[0.2, 0.8]","[0.8, 0.2]",0.6991353216046374,"{""authors"": 0.34163885116580417, ""population"": -0.20920675374323033}",population,continuous_primal_dual_psd,4,0.6926472493942495,0.6926472493942495,0.0,"[0.0, 1.0]",primal=Optimization terminated successfully; dual=outer=Optimization terminated successfully; inner=Optimization terminated successfully,1,-21.50740419315697,21.50740419315697,,pythia1b_10x_licenseclean_contcert_20260504_dare_ties_20260504_deep6_licenseclean,pythia1b_10x_licenseclean_contcert_20260504
dare_ties,pair,population+capitals,0.4877178118090355,-0.2754525181731298,1,"[0.5051751825371289, 0.4948248174628711]","[0.8, 0.2]",1.2269860117582323,"{""capitals"": 0.6846153846153828, ""population"": 0.2754525181731298}",population,continuous_primal_dual_psd,4,0.4877178118090355,0.48771781180347684,5.558664639693234e-12,"[1.0, 0.0]",primal=Optimization terminated successfully; dual=outer=Optimization terminated successfully; inner=Optimization terminated successfully,1,-1.0416666666666665,1.0416666666666665,,pythia1b_10x_licenseclean_contcert_20260504_dare_ties_20260504_deep6_licenseclean,pythia1b_10x_licenseclean_contcert_20260504
dare_ties,pair,population+hemisphere,1.7843191848582838,-0.2693185438327203,1,"[0.2, 0.8]","[0.8, 0.2]",0.9447768542384662,"{""hemisphere"": 0.429030860796816, ""population"": 0.2693185438327203}",population,continuous_primal_dual_psd,4,1.7843191848582838,1.7843191848582838,0.0,"[1.0, 0.0]",primal=Optimization terminated successfully; dual=outer=Optimization terminated successfully; inner=Optimization terminated successfully,1,-14.869351223798656,14.869351223798656,,pythia1b_10x_licenseclean_contcert_20260504_dare_ties_20260504_deep6_licenseclean,pythia1b_10x_licenseclean_contcert_20260504
dare_ties,pair,population+modadd,2.9916579246520585,1.1662573488951316,0,"[0.8, 0.19999999999999996]","[0.8, 0.2]",0.0,"{""modadd"": 2.077767181396517, ""population"": -1.1662573488951316}",population,continuous_primal_dual_psd,4,2.9916579246520585,2.9916579246520585,0.0,"[0.0, 1.0]",primal=Optimization terminated successfully; dual=outer=Optimization terminated successfully; inner=Optimization terminated successfully,1,-17.36104488372801,17.36104488372801,,pythia1b_10x_licenseclean_contcert_20260504_dare_ties_20260504_deep6_licenseclean,pythia1b_10x_licenseclean_contcert_20260504
dare_ties,pair,population+multiplication,-0.845087033361952,-0.2079672159633931,1,"[0.7999999999999998, 0.20000000000000018]","[0.8, 0.2]",0.0,"{""multiplication"": 13.049980926513705, ""population"": 0.2079672159633931}",population,continuous_primal_dual_psd,4,-0.845087033361952,-0.845087033361952,0.0,"[1.0, 0.0]",primal=Optimization terminated successfully; dual=outer=Optimization terminated successfully; inner=Optimization terminated successfully,1,-4.16661368462546,4.16661368462546,,pythia1b_10x_licenseclean_contcert_20260504_dare_ties_20260504_deep6_licenseclean,pythia1b_10x_licenseclean_contcert_20260504
dare_ties,pair,population+nli,3.598352635684189,0.7610690897394249,0,"[0.7999999999999996, 0.2000000000000004]","[0.8, 0.2]",0.0,"{""nli"": -0.7610690897394249, ""population"": -0.06196820064293782}",nli,continuous_primal_dual_psd,4,3.598352635684189,3.598352635684189,0.0,"[1.0, 0.0]",primal=Optimization terminated successfully; dual=outer=Optimization terminated successfully; inner=Optimization terminated successfully,1,-9.395332879160376,9.395332879160376,,pythia1b_10x_licenseclean_contcert_20260504_dare_ties_20260504_deep6_licenseclean,pythia1b_10x_licenseclean_contcert_20260504
dare_ties,pair,population+subtraction,0.6683016893259621,0.3503113325031133,0,"[0.8, 0.19999999999999996]","[0.8, 0.2]",0.0,"{""population"": -0.3503113325031133, ""subtraction"": 10.54997138977054}",population,continuous_primal_dual_psd,4,0.6683016893259621,0.6683016893259621,0.0,"[1.0, 0.0]",primal=Optimization terminated successfully; dual=outer=Optimization terminated successfully; inner=Optimization terminated successfully,1,-0.00029802322385132687,0.00029802322385132687,,pythia1b_10x_licenseclean_contcert_20260504_dare_ties_20260504_deep6_licenseclean,pythia1b_10x_licenseclean_contcert_20260504
dare_ties,pair,sciq+addition,2.6999933242797525,0.3059818927503274,0,"[0.2, 0.8]","[0.8, 0.2]",7.894022875621222,"{""addition"": 4.299995231628451, ""sciq"": -0.3059818927503274}",sciq,continuous_primal_dual_psd,4,2.6999933242797525,2.6999933242797525,0.0,"[0.0, 1.0]",primal=Optimization terminated successfully; dual=outer=Optimization terminated successfully; inner=Optimization terminated successfully,1,-62.500238418579094,62.500238418579094,,pythia1b_10x_licenseclean_contcert_20260504_dare_ties_20260504_deep6_licenseclean,pythia1b_10x_licenseclean_contcert_20260504
dare_ties,pair,sciq+authors,0.04026526120893481,-0.30000000000000154,1,"[0.2, 0.8]","[0.8, 0.2]",0.19375861375680115,"{""authors"": 3.6749809265137046, ""sciq"": 0.30000000000000154}",sciq,continuous_primal_dual_psd,4,0.04026526120893481,0.04026526120893481,0.0,"[1.0, 0.0]",primal=Optimization terminated successfully; dual=outer=Optimization terminated successfully; inner=Optimization terminated successfully,1,-10.17698702213072,10.17698702213072,,pythia1b_10x_licenseclean_contcert_20260504_dare_ties_20260504_deep6_licenseclean,pythia1b_10x_licenseclean_contcert_20260504
dare_ties,pair,sciq+capitals,-0.24690264007927124,-0.27529186507171904,1,"[0.2, 0.8]","[0.4, 0.6]",0.19375653030844409,"{""capitals"": 0.9153846153846137, ""sciq"": 0.27529186507171904}",sciq,continuous_primal_dual_psd,4,-0.24690264007927124,-0.24690264007927124,0.0,"[1.0, 0.0]",primal=Optimization terminated successfully; dual=outer=Optimization terminated successfully; inner=Optimization terminated successfully,1,-9.374999999999996,9.374999999999996,,pythia1b_10x_licenseclean_contcert_20260504_dare_ties_20260504_deep6_licenseclean,pythia1b_10x_licenseclean_contcert_20260504
dare_ties,pair,sciq+hemisphere,-0.23960299331530766,0.07634497386868834,0,"[0.43062496988140614, 0.5693750301185938]","[0.4, 0.6]",0.0,"{""hemisphere"": -0.07634497386868834, ""sciq"": 0.2453839639063422}",hemisphere,continuous_primal_dual_psd,4,-0.23960299331530766,-0.23960299331530766,0.0,"[1.0, 0.0]",primal=Optimization terminated successfully; dual=outer=Optimization terminated successfully; inner=Optimization terminated successfully,0,7.079654952105151,0.0,,pythia1b_10x_licenseclean_contcert_20260504_dare_ties_20260504_deep6_licenseclean,pythia1b_10x_licenseclean_contcert_20260504
dare_ties,pair,sciq+modadd,8.8944131851196,3.477791023254362,0,"[0.2, 0.8]","[0.8, 0.2]",4.166698455810547,"{""modadd"": -3.477791023254362, ""sciq"": -0.0732117502320425}",modadd,continuous_primal_dual_psd,4,8.8944131851196,8.8944131851196,0.0,"[0.0, 1.0]",primal=Optimization terminated successfully; dual=outer=Optimization terminated successfully; inner=Optimization terminated successfully,1,-34.722089767456055,34.722089767456055,,pythia1b_10x_licenseclean_contcert_20260504_dare_ties_20260504_deep6_licenseclean,pythia1b_10x_licenseclean_contcert_20260504
dare_ties,pair,sciq+multiplication,-0.06615089954976233,-0.03602136367945469,1,"[0.2, 0.8]","[0.2, 0.8]",0.0,"{""multiplication"": 3.050014305114779, ""sciq"": 0.03602136367945469}",sciq,continuous_primal_dual_psd,4,-0.06615089954976233,-0.06615089954976233,0.0,"[1.0, 0.0]",primal=Optimization terminated successfully; dual=outer=Optimization terminated successfully; inner=Optimization terminated successfully,0,1.9358395064410305,0.0,,pythia1b_10x_licenseclean_contcert_20260504_dare_ties_20260504_deep6_licenseclean,pythia1b_10x_licenseclean_contcert_20260504
dare_ties,pair,sciq+nli,0.15882406225319579,0.104579891260144,0,"[0.2, 0.8]","[0.8, 0.2]",0.007634171294317357,"{""nli"": -0.104579891260144, ""sciq"": 0.13615084999484503}",nli,continuous_primal_dual_psd,4,0.15882406225319579,0.15882406225319579,0.0,"[0.0, 1.0]",primal=Optimization terminated successfully; dual=outer=Optimization terminated successfully; inner=Optimization terminated successfully,1,-11.449123454912781,11.449123454912781,,pythia1b_10x_licenseclean_contcert_20260504_dare_ties_20260504_deep6_licenseclean,pythia1b_10x_licenseclean_contcert_20260504
dare_ties,pair,sciq+population,0.5063102993506339,0.05760724289986688,0,"[0.4756519835339476, 0.5243480164660523]","[0.6, 0.4]",0.48902022965943115,"{""population"": -0.019024588027455182, ""sciq"": -0.05760724289986688}",sciq,continuous_primal_dual_psd,4,0.5063102993506339,0.5063102993506339,0.0,"[0.0, 1.0]",primal=Optimization terminated successfully; dual=outer=Optimization terminated successfully; inner=Optimization terminated successfully,0,1.935839506441032,0.0,,pythia1b_10x_licenseclean_contcert_20260504_dare_ties_20260504_deep6_licenseclean,pythia1b_10x_licenseclean_contcert_20260504
dare_ties,pair,sciq+subtraction,2.4499971389770163,9.450009536743131,0,"[0.2, 0.8]","[0.6, 0.4]",2.384185791015625e-05,"{""sciq"": 0.15175535732702064, ""subtraction"": -9.450009536743131}",subtraction,continuous_primal_dual_psd,4,2.4499971389770163,2.4499971389770163,0.0,"[5.551115123125783e-17, 1.0]",primal=Optimization terminated successfully; dual=outer=Optimization terminated successfully; inner=Optimization terminated successfully,1,-46.874880790710435,46.874880790710435,,pythia1b_10x_licenseclean_contcert_20260504_dare_ties_20260504_deep6_licenseclean,pythia1b_10x_licenseclean_contcert_20260504
dare_ties,pair,subtraction+modadd,11.394422721862764,3.477791023254362,0,"[0.2, 0.8]","[0.2, 0.8]",0.0,"{""modadd"": -3.477791023254362, ""subtraction"": -3.2000095367431314}",modadd,continuous_primal_dual_psd,4,11.394422721862764,11.394422721862764,0.0,"[0.0, 1.0]",primal=Optimization terminated successfully; dual=outer=Optimization terminated successfully; inner=Optimization terminated successfully,1,-86.80582046508795,86.80582046508795,,pythia1b_10x_licenseclean_contcert_20260504_dare_ties_20260504_deep6_licenseclean,pythia1b_10x_licenseclean_contcert_20260504
dare_ties,pair,subtraction+multiplication,0.9437509298324267,4.450014305114713,0,"[0.38000000000063605, 0.619999999999364]","[0.4, 0.6]",0.0,"{""multiplication"": 1.8000095367431967, ""subtraction"": -4.450014305114713}",subtraction,continuous_primal_dual_psd,4,0.9437509298324267,0.9437509298324267,0.0,"[0.9999999999999998, 2.220446049250313e-16]",primal=Optimization terminated successfully; dual=outer=Optimization terminated successfully; inner=Optimization terminated successfully,1,-12.499920526938185,12.499920526938185,,pythia1b_10x_licenseclean_contcert_20260504_dare_ties_20260504_deep6_licenseclean,pythia1b_10x_licenseclean_contcert_20260504
dare_ties,triple,addition+multiplication+modadd,11.725556679529635,1.9500047683715493,0,"[0.2, 0.2, 0.6]","[0.4, 0.4, 0.2]",6.25002384185791,"{""addition"": -1.9500047683715493, ""modadd"": 2.077743339538607, ""multiplication"": 6.800004768371615}",addition,continuous_primal_dual_psd,6,11.725556679529635,11.725556679529621,1.4210854715202004e-14,"[0.9999999999999969, 3.2196467714129484e-15, 0.0]",primal=Optimization terminated successfully; dual=outer=Optimization terminated successfully; inner=Optimization terminated successfully,1,-163.02993440188627,163.02993440188627,,pythia1b_10x_licenseclean_contcert_20260504_dare_ties_20260504_deep6_licenseclean,pythia1b_10x_licenseclean_contcert_20260504
dare_ties,triple,addition+subtraction+modadd,22.299665699839796,1.9500047683715493,0,"[0.2, 0.2, 0.6]","[0.4, 0.2, 0.4]",2.500009536743164,"{""addition"": 0.5500047683716147, ""modadd"": -0.6999999999999673, ""subtraction"": -1.9500047683715493}",subtraction,continuous_primal_dual_psd,6,22.299665699839796,22.299665699839796,0.0,"[0.0, 0.0, 1.0]",primal=Optimization terminated successfully; dual=outer=Optimization terminated successfully; inner=Optimization terminated successfully,1,-550.0246673051912,550.0246673051912,,pythia1b_10x_licenseclean_contcert_20260504_dare_ties_20260504_deep6_licenseclean,pythia1b_10x_licenseclean_contcert_20260504
dare_ties,triple,addition+subtraction+multiplication,-1.2724844784704175,0.7000238418578775,0,"[0.36910818637301884, 0.24337133699623315, 0.38752047663074807]","[0.2, 0.4, 0.4]",1.2499809265136719,"{""addition"": 1.7999856948852866, ""multiplication"": 4.300019073486361, ""subtraction"": -0.7000238418578775}",subtraction,continuous_primal_dual_psd,6,-1.2724844784704175,-1.2724844784779903,7.572831250968193e-12,"[6.558150942351824e-16, 0.08497145532639422, 0.9150285446736052]",primal=Optimization terminated successfully; dual=outer=Optimization terminated successfully; inner=Optimization terminated successfully,0,16.66677263049661,0.0,,pythia1b_10x_licenseclean_contcert_20260504_dare_ties_20260504_deep6_licenseclean,pythia1b_10x_licenseclean_contcert_20260504
dare_ties,triple,authors+addition+modadd,5.5317649095173556,2.7833253860473306,0,"[0.2, 0.2, 0.6]","[0.2, 0.2, 0.6]",0.0,"{""addition"": 3.050014305114779, ""authors"": -2.7833253860473306, ""modadd"": -0.7000238418578775}",authors,continuous_primal_dual_psd,6,5.5317649095173556,5.5317649095173556,0.0,"[0.0, 1.0, 0.0]",primal=Optimization terminated successfully; dual=outer=Optimization terminated successfully; inner=Optimization terminated successfully,1,-337.8207515790774,337.82075157907747,,pythia1b_10x_licenseclean_contcert_20260504_dare_ties_20260504_deep6_licenseclean,pythia1b_10x_licenseclean_contcert_20260504
dare_ties,triple,authors+addition+multiplication,4.215498420540454,0.7000238418578775,0,"[0.2, 0.4385542811969212, 0.36144571880307885]","[0.4, 0.4, 0.2]",3.749990463256836,"{""addition"": -0.7000238418578775, ""authors"": 0.3416626930237143, ""multiplication"": 13.049957084655794}",addition,continuous_primal_dual_psd,6,4.215498420540454,4.215498420540454,0.0,"[1.0, 0.0, 0.0]",primal=Optimization terminated successfully; dual=outer=Optimization terminated successfully; inner=Optimization terminated successfully,1,-46.18858368112472,46.18858368112472,,pythia1b_10x_licenseclean_contcert_20260504_dare_ties_20260504_deep6_licenseclean,pythia1b_10x_licenseclean_contcert_20260504
dare_ties,triple,authors+addition+subtraction,2.4166232279221047,1.9500286102294595,0,"[0.2893501321774853, 0.2936880925628891, 0.41696177525962563]","[0.4, 0.4, 0.2]",2.499985694885254,"{""addition"": -0.6999999999999673, ""authors"": -1.9500047683715493, ""subtraction"": -1.9500286102294595}",subtraction,continuous_primal_dual_psd,6,2.4166232279221047,2.416623227849199,7.290568149187493e-11,"[0.9647785172319681, 0.0, 0.03522148276803185]",primal=Optimization terminated successfully; dual=outer=Optimization terminated successfully; inner=Optimization terminated successfully,1,-77.25510787867017,77.25510787867017,,pythia1b_10x_licenseclean_contcert_20260504_dare_ties_20260504_deep6_licenseclean,pythia1b_10x_licenseclean_contcert_20260504
dare_ties,triple,authors+multiplication+modadd,6.157875463915041,2.0888835906982095,0,"[0.20000000000002843, 0.2741141182186035, 0.5258858817813681]","[0.2, 0.2, 0.6]",0.0,"{""authors"": -0.6999999999999673, ""modadd"": -2.0888835906982095, ""multiplication"": 8.049961853027376}",modadd,continuous_primal_dual_psd,6,6.157875463915041,6.157875463476649,4.38392433466106e-10,"[0.283875446624576, 2.7205452169088556e-16, 0.7161245533754238]",primal=Optimization terminated successfully; dual=outer=Optimization terminated successfully; inner=Optimization terminated successfully,1,-208.33253860473653,208.33253860473653,,pythia1b_10x_licenseclean_contcert_20260504_dare_ties_20260504_deep6_licenseclean,pythia1b_10x_licenseclean_contcert_20260504
dare_ties,triple,authors+subtraction+modadd,5.332372286994442,2.0889074325561197,0,"[0.2, 0.2, 0.6]","[0.6, 0.2, 0.2]",2.7777910232543945,"{""authors"": 0.3416626930237143, ""modadd"": -2.0889074325561197, ""subtraction"": -0.6999999999999673}",modadd,continuous_primal_dual_psd,6,5.332372286994442,5.332372286994442,0.0,"[1.0, 0.0, 0.0]",primal=Optimization terminated successfully; dual=outer=Optimization terminated successfully; inner=Optimization terminated successfully,1,-237.674384010614,237.99381742914858,,pythia1b_10x_licenseclean_contcert_20260504_dare_ties_20260504_deep6_licenseclean,pythia1b_10x_licenseclean_contcert_20260504
dare_ties,triple,authors+subtraction+multiplication,6.0681450113298565,5.699995231628385,0,"[0.2, 0.2000000000000324, 0.5999999999999676]","[0.2, 0.4, 0.4]",2.384185791015625e-05,"{""authors"": -2.7833253860473306, ""multiplication"": -0.6999999999999673, ""subtraction"": -5.699995231628385}",subtraction,continuous_primal_dual_psd,6,6.0681450113298565,6.0681450113298565,0.0,"[1.0, 0.0, 0.0]",primal=Optimization terminated successfully; dual=outer=Optimization terminated successfully; inner=Optimization terminated successfully,1,-93.09400258128993,93.09400258128991,,pythia1b_10x_licenseclean_contcert_20260504_dare_ties_20260504_deep6_licenseclean,pythia1b_10x_licenseclean_contcert_20260504
dare_ties,triple,capitals+addition+modadd,2.402899262897769,0.08461538461538637,0,"[0.28893308985074195, 0.3276066506413368, 0.3834602595079213]","[0.6, 0.2, 0.2]",3.115394152127745,"{""addition"": 0.5500047683716147, ""capitals"": -0.08461538461538637, ""modadd"": 0.6888835906982749}",capitals,continuous_primal_dual_psd,6,2.402899262897769,2.402899262897729,3.9968028886505635e-14,"[0.0, 0.030456360917647304, 0.9695436390823527]",primal=Optimization terminated successfully; dual=outer=Optimization terminated successfully; inner=Optimization terminated successfully,1,-62.50023842047381,62.50023842047381,,pythia1b_10x_licenseclean_contcert_20260504_dare_ties_20260504_deep6_licenseclean,pythia1b_10x_licenseclean_contcert_20260504
dare_ties,triple,capitals+addition+multiplication,-0.44004629629611625,0.007692307692309441,0,"[0.4777779164934503, 0.2, 0.3222220835065497]","[0.4, 0.4, 0.2]",0.6923076923076579,"{""addition"": 0.5500047683716147, ""capitals"": -0.007692307692309441, ""multiplication"": 8.049985694885287}",capitals,continuous_primal_dual_psd,6,-0.44004629629611625,-0.44004629629611625,0.0,"[1.0, 0.0, 0.0]",primal=Optimization terminated successfully; dual=outer=Optimization terminated successfully; inner=Optimization terminated successfully,1,-9.685917957645405,9.685917957645406,,pythia1b_10x_licenseclean_contcert_20260504_dare_ties_20260504_deep6_licenseclean,pythia1b_10x_licenseclean_contcert_20260504
dare_ties,triple,capitals+addition+subtraction,0.3473183690484518,1.9500047683715493,0,"[0.48210395543955165, 0.21240938025575498, 0.3054866643046934]","[0.4, 0.2, 0.4]",0.0,"{""addition"": -0.6999999999999673, ""capitals"": -0.3923076923076941, ""subtraction"": -1.9500047683715493}",subtraction,continuous_primal_dual_psd,6,0.3473183690484518,0.3473183687801321,2.6831969979213e-10,"[0.9319189442773183, 0.0, 0.06808105572268176]",primal=Optimization terminated successfully; dual=outer=Optimization terminated successfully; inner=Optimization terminated successfully,1,-215.60903671456413,215.60903671456413,,pythia1b_10x_licenseclean_contcert_20260504_dare_ties_20260504_deep6_licenseclean,pythia1b_10x_licenseclean_contcert_20260504
dare_ties,triple,capitals+authors+addition,4.941578584207108,2.1583468437194497,0,"[0.2178564286407025, 0.2, 0.5821435713592975]","[0.4, 0.4, 0.2]",6.04168176651001,"{""addition"": 0.5499809265137046, ""authors"": -2.1583468437194497, ""capitals"": -0.007692307692309441}",authors,continuous_primal_dual_psd,6,4.941578584207108,4.941578584207108,0.0,"[0.0, 1.0, 0.0]",primal=Optimization terminated successfully; dual=outer=Optimization terminated successfully; inner=Optimization terminated successfully,1,-31.702633389032826,31.70263338903283,,pythia1b_10x_licenseclean_contcert_20260504_dare_ties_20260504_deep6_licenseclean,pythia1b_10x_licenseclean_contcert_20260504
dare_ties,triple,capitals+authors+modadd,6.370246537244936,3.477814865112272,0,"[0.5834813838660927, 0.2000000000000018, 0.21651861613390544]","[0.2, 0.4, 0.4]",0.0,"{""authors"": 2.8416722297668784, ""capitals"": 0.06923076923076749, ""modadd"": -3.477814865112272}",modadd,continuous_primal_dual_psd,6,6.370246537244936,6.370246537241344,3.5926817076870066e-12,"[0.0, 0.2598370860549743, 0.7401629139450258]",primal=Optimization terminated successfully; dual=outer=Optimization terminated successfully; inner=Optimization terminated successfully,1,-69.44417953491202,69.44417953491202,,pythia1b_10x_licenseclean_contcert_20260504_dare_ties_20260504_deep6_licenseclean,pythia1b_10x_licenseclean_contcert_20260504
dare_ties,triple,capitals+authors+multiplication,-0.3133881968370016,-0.29999999999999827,1,"[0.20974493572836225, 0.37997512930952215, 0.41027993496211557]","[0.2, 0.4, 0.4]",0.0,"{""authors"": 8.466657924652132, ""capitals"": 0.29999999999999827, ""multiplication"": 6.800004768371615}",capitals,continuous_primal_dual_psd,6,-0.3133881968370016,-0.3133881968513787,1.4377110613139621e-11,"[0.9811271470892174, 0.018872852910782188, 4.405707877228835e-16]",primal=Optimization terminated successfully; dual=outer=Optimization terminated successfully; inner=Optimization terminated successfully,1,-147.5931460623355,147.5931460623355,,pythia1b_10x_licenseclean_contcert_20260504_dare_ties_20260504_deep6_licenseclean,pythia1b_10x_licenseclean_contcert_20260504
dare_ties,triple,capitals+authors+subtraction,15.70005722045898,0.7000000000000017,0,"[0.2, 0.2, 0.6]","[0.2, 0.4, 0.4]",4.7683715785895586e-05,"{""authors"": 2.633342075347933, ""capitals"": -0.7000000000000017, ""subtraction"": 3.0499666213989585}",capitals,continuous_primal_dual_psd,6,15.70005722045898,15.70005722045898,0.0,"[0.0, 0.0, 1.0]",primal=Optimization terminated successfully; dual=outer=Optimization terminated successfully; inner=Optimization terminated successfully,1,-478.89418058987735,486.1377665270872,,pythia1b_10x_licenseclean_contcert_20260504_dare_ties_20260504_deep6_licenseclean,pythia1b_10x_licenseclean_contcert_20260504
dare_ties,triple,capitals+hemisphere+addition,11.343974690970745,0.08709799680278547,0,"[0.2, 0.2, 0.6]","[0.6, 0.2, 0.2]",4.362916308311928,"{""addition"": 0.5499809265137046, ""capitals"": 0.29999999999999827, ""hemisphere"": -0.08709799680278547}",hemisphere,continuous_primal_dual_psd,6,11.343974690970745,11.343974690970745,0.0,"[0.0, 0.0, 1.0]",primal=Optimization terminated successfully; dual=outer=Optimization terminated successfully; inner=Optimization terminated successfully,1,-303.7546097066923,303.75460970669235,,pythia1b_10x_licenseclean_contcert_20260504_dare_ties_20260504_deep6_licenseclean,pythia1b_10x_licenseclean_contcert_20260504
dare_ties,triple,capitals+hemisphere+authors,6.030546086049818,0.1946241653344916,0,"[0.2, 0.20000000000073367, 0.5999999999992663]","[0.4, 0.4, 0.2]",0.25806578240288913,"{""authors"": 0.3416626930237143, ""capitals"": -0.1615384615384633, ""hemisphere"": -0.1946241653344916}",hemisphere,continuous_primal_dual_psd,6,6.030546086049818,6.030546086049818,0.0,"[0.0, 0.0, 1.0]",primal=Optimization terminated successfully; dual=outer=Optimization terminated successfully; inner=Optimization terminated successfully,1,-157.5261670346336,157.5261670346336,,pythia1b_10x_licenseclean_contcert_20260504_dare_ties_20260504_deep6_licenseclean,pythia1b_10x_licenseclean_contcert_20260504
dare_ties,triple,capitals+hemisphere+modadd,13.737848267807285,-0.29999999999999827,1,"[0.2, 0.2, 0.6]","[0.2, 0.2, 0.6]",0.0,"{""capitals"": 0.29999999999999827, ""hemisphere"": 0.6870952895966168, ""modadd"": 0.6888835906982749}",capitals,continuous_primal_dual_psd,6,13.737848267807285,13.737848267807285,0.0,"[0.0, 1.0, 0.0]",primal=Optimization terminated successfully; dual=outer=Optimization terminated successfully; inner=Optimization terminated successfully,1,-552.3886423387712,552.3886423387711,,pythia1b_10x_licenseclean_contcert_20260504_dare_ties_20260504_deep6_licenseclean,pythia1b_10x_licenseclean_contcert_20260504
dare_ties,triple,capitals+hemisphere+multiplication,13.768181276321393,-0.1817194549311124,1,"[0.2, 0.2, 0.6]","[0.2, 0.2, 0.6]",0.0,"{""capitals"": 0.22307692307692134, ""hemisphere"": 0.1817194549311124, ""multiplication"": 1.8000095367431967}",hemisphere,continuous_primal_dual_psd,6,13.768181276321393,13.768181276321393,0.0,"[0.0, 1.0, 0.0]",primal=Optimization terminated successfully; dual=outer=Optimization terminated successfully; inner=Optimization terminated successfully,1,-396.8297225015182,397.9104409177404,,pythia1b_10x_licenseclean_contcert_20260504_dare_ties_20260504_deep6_licenseclean,pythia1b_10x_licenseclean_contcert_20260504
dare_ties,triple,capitals+hemisphere+nli,0.8877559783292774,0.22671745922255285,0,"[0.23536737781521427, 0.2, 0.5646326221847857]","[0.2, 0.4, 0.4]",0.10769194344593627,"{""capitals"": -0.1615384615384633, ""hemisphere"": -0.19462551893757998, ""nli"": -0.22671745922255285}",nli,continuous_primal_dual_psd,6,0.8877559783292774,0.8877559659231842,1.2406093263805928e-08,"[0.8921004371321618, 0.10789956286783815, 0.0]",primal=Positive directional derivative for linesearch; dual=outer=Optimization terminated successfully; inner=Optimization terminated successfully,1,-39.69268039014885,39.69268039014885,,pythia1b_10x_licenseclean_contcert_20260504_dare_ties_20260504_deep6_licenseclean,pythia1b_10x_licenseclean_contcert_20260504
dare_ties,triple,capitals+hemisphere+subtraction,1.3888922947871905,0.08461538461538637,0,"[0.3100604701606646, 0.2, 0.4899395298393354]","[0.6, 0.2, 0.2]",0.15384615384615385,"{""capitals"": -0.08461538461538637, ""hemisphere"": 0.05268859413430041, ""subtraction"": 1.7999618530273764}",capitals,continuous_primal_dual_psd,6,1.3888922947871905,1.3888922947864473,7.431832926840798e-13,"[0.9830897787902831, 7.161880811810256e-14, 0.016910221209645297]",primal=Optimization terminated successfully; dual=outer=Optimization terminated successfully; inner=Optimization terminated successfully,1,-208.77957109655966,208.7795710965596,,pythia1b_10x_licenseclean_contcert_20260504_dare_ties_20260504_deep6_licenseclean,pythia1b_10x_licenseclean_contcert_20260504
dare_ties,triple,capitals+multiplication+modadd,9.89452496820587,-0.530769230769229,1,"[0.2, 0.2, 0.6]","[0.4, 0.4, 0.2]",4.980783535883942,"{""capitals"": 0.530769230769229, ""modadd"": 2.077767181396517, ""multiplication"": 1.8000095367431967}",capitals,continuous_primal_dual_psd,6,9.89452496820587,9.89452496820587,0.0,"[0.0, 0.0, 1.0]",primal=Optimization terminated successfully; dual=outer=Optimization terminated successfully; inner=Optimization terminated successfully,1,-165.69387739292623,165.6938773929262,,pythia1b_10x_licenseclean_contcert_20260504_dare_ties_20260504_deep6_licenseclean,pythia1b_10x_licenseclean_contcert_20260504
dare_ties,triple,capitals+nli+addition,20.075085830688465,0.5854966033319067,0,"[0.2, 0.2, 0.6]","[0.6, 0.2, 0.2]",2.6145129334112247,"{""addition"": 1.7999856948852866, ""capitals"": -0.08461538461538637, ""nli"": -0.5854966033319067}",nli,continuous_primal_dual_psd,6,20.075085830688465,20.075085830688465,0.0,"[0.0, 0.0, 1.0]",primal=Optimization terminated successfully; dual=outer=Optimization terminated successfully; inner=Optimization terminated successfully,1,-497.909982652147,499.02513209621526,,pythia1b_10x_licenseclean_contcert_20260504_dare_ties_20260504_deep6_licenseclean,pythia1b_10x_licenseclean_contcert_20260504
dare_ties,triple,capitals+nli+authors,4.979431226021271,0.9083420753478677,0,"[0.2, 0.2, 0.6]","[0.2, 0.2, 0.6]",0.0,"{""authors"": -0.9083420753478677, ""capitals"": -0.31538461538461715, ""nli"": -0.287785937445535}",authors,continuous_primal_dual_psd,6,4.979431226021271,4.979431226021271,0.0,"[0.0, 0.0, 1.0]",primal=Optimization terminated successfully; dual=outer=Optimization terminated successfully; inner=Optimization terminated successfully,1,-95.98619795664189,96.14277656607803,,pythia1b_10x_licenseclean_contcert_20260504_dare_ties_20260504_deep6_licenseclean,pythia1b_10x_licenseclean_contcert_20260504
dare_ties,triple,capitals+nli+modadd,3.844338036506792,0.6999999999999673,0,"[0.5708203937288955, 0.2, 0.22917960627110445]","[0.4, 0.4, 0.2]",2.384185791015625e-05,"{""capitals"": 0.22307692307692134, ""modadd"": -0.6999999999999673, ""nli"": -0.4633590353694978}",modadd,continuous_primal_dual_psd,6,3.844338036506792,3.844338036506792,0.0,"[0.0, 0.0, 1.0]",primal=Optimization terminated successfully; dual=outer=Optimization terminated successfully; inner=Optimization terminated successfully,1,-21.459431636712672,21.459431636712672,,pythia1b_10x_licenseclean_contcert_20260504_dare_ties_20260504_deep6_licenseclean,pythia1b_10x_licenseclean_contcert_20260504
dare_ties,triple,capitals+nli+multiplication,2.866655010617624,0.16564898099957073,0,"[0.2, 0.2, 0.6]","[0.2, 0.2, 0.6]",0.0,"{""capitals"": 0.29999999999999827, ""multiplication"": 4.2999713897705405, ""nli"": -0.16564898099957073}",nli,continuous_primal_dual_psd,6,2.866655010617624,2.866655010617624,0.0,"[0.0, 0.0, 1.0]",primal=Optimization terminated successfully; dual=outer=Optimization terminated successfully; inner=Optimization terminated successfully,1,-90.4507347056983,96.82446053688273,,pythia1b_10x_licenseclean_contcert_20260504_dare_ties_20260504_deep6_licenseclean,pythia1b_10x_licenseclean_contcert_20260504
dare_ties,triple,capitals+nli+subtraction,2.107196980625515,0.2877865489619796,0,"[0.24640399945178573, 0.20000000000000184, 0.5535960005482125]","[0.6, 0.2, 0.2]",7.91221821940957,"{""capitals"": 0.1461538461538444, ""nli"": -0.2877865489619796, ""subtraction"": 0.5499809265137046}",nli,continuous_primal_dual_psd,6,2.107196980625515,2.1071969806254707,4.440892098500626e-14,"[0.6574545106845779, 2.6935513551296246e-16, 0.3425454893154219]",primal=Optimization terminated successfully; dual=outer=Optimization terminated successfully; inner=Optimization terminated successfully,1,-38.75375344914023,38.75375344914023,,pythia1b_10x_licenseclean_contcert_20260504_dare_ties_20260504_deep6_licenseclean,pythia1b_10x_licenseclean_contcert_20260504
dare_ties,triple,capitals+subtraction+modadd,22.588894889306694,0.7000238418578775,0,"[0.2, 0.2, 0.6]","[0.4, 0.4, 0.2]",5.555558204650879,"{""capitals"": -0.31538461538461715, ""modadd"": 0.6888835906982749, ""subtraction"": -0.7000238418578775}",subtraction,continuous_primal_dual_psd,6,22.588894889306694,22.588894889306694,0.0,"[0.0, 1.0, 0.0]",primal=Optimization terminated successfully; dual=outer=Optimization terminated successfully; inner=Optimization terminated successfully,1,-519.5064753601018,519.5064753601018,,pythia1b_10x_licenseclean_contcert_20260504_dare_ties_20260504_deep6_licenseclean,pythia1b_10x_licenseclean_contcert_20260504
dare_ties,triple,capitals+subtraction+multiplication,0.9916666666666667,3.2000095367431314,0,"[0.2, 0.2, 0.6]","[0.2, 0.4, 0.4]",1.250004768371582,"{""capitals"": -0.6230769230769249, ""multiplication"": 0.5500047683716147, ""subtraction"": -3.2000095367431314}",subtraction,continuous_primal_dual_psd,6,0.9916666666666667,0.9916666666666667,0.0,"[0.9999999999999999, 2.7755575615628914e-17, 8.326672684688674e-17]",primal=Optimization terminated successfully; dual=outer=Optimization terminated successfully; inner=Optimization terminated successfully,1,-62.500238418579464,62.500238418579464,,pythia1b_10x_licenseclean_contcert_20260504_dare_ties_20260504_deep6_licenseclean,pythia1b_10x_licenseclean_contcert_20260504
dare_ties,triple,hemisphere+addition+modadd,4.5135285807534755,0.4634416170683895,0,"[0.2, 0.2, 0.6]","[0.6, 0.2, 0.2]",0.23655838293157783,"{""addition"": 3.0499904632568686, ""hemisphere"": -0.4634416170683895, ""modadd"": 0.6888835906982749}",hemisphere,continuous_primal_dual_psd,6,4.5135285807534755,4.5135285807534755,0.0,"[0.0, 0.9999999999999998, 2.2204460492503126e-16]",primal=Optimization terminated successfully; dual=outer=Optimization terminated successfully; inner=Optimization terminated successfully,1,-206.42234624667242,206.42234624667242,,pythia1b_10x_licenseclean_contcert_20260504_dare_ties_20260504_deep6_licenseclean,pythia1b_10x_licenseclean_contcert_20260504
dare_ties,triple,hemisphere+addition+multiplication,7.074987220776682,-0.30000000000000404,1,"[0.2, 0.20000000000027565, 0.5999999999997243]","[0.4, 0.4, 0.2]",1.1397879445401742,"{""addition"": 3.050014305114779, ""hemisphere"": 0.30000000000000404, ""multiplication"": 10.54997138977054}",hemisphere,continuous_primal_dual_psd,6,7.074987220776682,7.074987220776677,5.329070518200751e-15,"[9.026113190201709e-14, 0.9999999999999098, 0.0]",primal=Optimization terminated successfully; dual=outer=Optimization terminated successfully; inner=Optimization terminated successfully,1,-281.24916553538327,281.24916553538327,,pythia1b_10x_licenseclean_contcert_20260504_dare_ties_20260504_deep6_licenseclean,pythia1b_10x_licenseclean_contcert_20260504
dare_ties,triple,hemisphere+addition+subtraction,11.950054836273173,-0.05268859413430041,1,"[0.2, 0.2, 0.6]","[0.6, 0.2, 0.2]",7.002688594134268,"{""addition"": 6.800004768371615, ""hemisphere"": 0.05268859413430041, ""subtraction"": 3.0499427795410483}",hemisphere,continuous_primal_dual_psd,6,11.950054836273173,11.950054836273173,0.0,"[0.0, 0.0, 1.0]",primal=Optimization terminated successfully; dual=outer=Optimization terminated successfully; inner=Optimization terminated successfully,1,-146.9550836129804,146.95508361298042,,pythia1b_10x_licenseclean_contcert_20260504_dare_ties_20260504_deep6_licenseclean,pythia1b_10x_licenseclean_contcert_20260504
dare_ties,triple,hemisphere+authors+addition,12.200001335148325,1.9500047683715493,0,"[0.2, 0.20000000000102044, 0.5999999999989796]","[0.2, 0.2, 0.6]",0.0,"{""addition"": -1.9500047683715493, ""authors"": -0.6999999999999673, ""hemisphere"": -0.20537718826858872}",addition,continuous_primal_dual_psd,6,12.200001335148325,12.200001335148325,0.0,"[0.0, 0.0, 1.0]",primal=Optimization terminated successfully; dual=outer=Optimization terminated successfully; inner=Optimization terminated successfully,1,-437.50029802323047,437.5002980232305,,pythia1b_10x_licenseclean_contcert_20260504_dare_ties_20260504_deep6_licenseclean,pythia1b_10x_licenseclean_contcert_20260504
dare_ties,triple,hemisphere+authors+modadd,8.338859748840363,0.5924738314682898,0,"[0.2, 0.2000000000000009, 0.5999999999999991]","[0.2, 0.2, 0.6]",0.0,"{""authors"": 7.425007152557406, ""hemisphere"": -0.5924738314682898, ""modadd"": 2.077767181396517}",hemisphere,continuous_primal_dual_psd,6,8.338859748840363,8.338859748840363,0.0,"[0.0, 0.0, 1.0]",primal=Optimization terminated successfully; dual=outer=Optimization terminated successfully; inner=Optimization terminated successfully,1,-255.80652740645192,255.80652740645192,,pythia1b_10x_licenseclean_contcert_20260504_dare_ties_20260504_deep6_licenseclean,pythia1b_10x_licenseclean_contcert_20260504
dare_ties,triple,hemisphere+authors+multiplication,1.439699525413772,0.45268859413429235,0,"[0.4236065589299481, 0.20090422387112777, 0.37548921719892414]","[0.4, 0.2, 0.4]",0.0,"{""authors"": 0.758323001861605, ""hemisphere"": -0.45268859413429235, ""multiplication"": 4.299995231628451}",hemisphere,continuous_primal_dual_psd,6,1.439699525413772,1.439699525413493,2.7911006839076435e-13,"[2.3317293376573646e-15, 0.7646240772490696, 0.2353759227509282]",primal=Optimization terminated successfully; dual=outer=Optimization terminated successfully; inner=Optimization terminated successfully,1,-31.805589294896034,31.80558929489603,,pythia1b_10x_licenseclean_contcert_20260504_dare_ties_20260504_deep6_licenseclean,pythia1b_10x_licenseclean_contcert_20260504
dare_ties,triple,hemisphere+authors+subtraction,3.906887828175895,0.4916817665099771,0,"[0.20600865283945186, 0.2, 0.5939913471605481]","[0.4, 0.2, 0.4]",5.208313465118408,"{""authors"": -0.4916817665099771, ""hemisphere"": -0.1946241653344916, ""subtraction"": 3.0499427795410483}",authors,continuous_primal_dual_psd,6,3.906887828175895,3.906887828159849,1.6046275419512313e-11,"[2.012530858812766e-14, 0.8891021926059367, 0.11089780739404326]",primal=Optimization terminated successfully; dual=outer=Optimization terminated successfully; inner=Optimization terminated successfully,1,-88.80008693617756,88.80008693617756,,pythia1b_10x_licenseclean_contcert_20260504_dare_ties_20260504_deep6_licenseclean,pythia1b_10x_licenseclean_contcert_20260504
dare_ties,triple,hemisphere+multiplication+modadd,3.2840164983725604,0.3344080490654007,0,"[0.21317942109479746, 0.2216849614481665, 0.5651356174570361]","[0.6, 0.2, 0.2]",1.754499383490719,"{""hemisphere"": -0.3344080490654007, ""modadd"": 2.077767181396517, ""multiplication"": 6.800004768371615}",hemisphere,continuous_primal_dual_psd,6,3.2840164983725604,3.2840164983719626,5.977440764581843e-13,"[0.1610048457094934, 3.3495298347853224e-15, 0.8389951542905033]",primal=Optimization terminated successfully; dual=outer=Optimization terminated successfully; inner=Optimization terminated successfully,1,-157.11529685043567,157.11529685043564,,pythia1b_10x_licenseclean_contcert_20260504_dare_ties_20260504_deep6_licenseclean,pythia1b_10x_licenseclean_contcert_20260504
dare_ties,triple,hemisphere+nli+addition,6.34767679771328,0.6999999999999673,0,"[0.23636120185226167, 0.20683529262930733, 0.556803505518431]","[0.4, 0.2, 0.4]",6.25002384185791,"{""addition"": -0.6999999999999673, ""hemisphere"": -0.5924738314682898, ""nli"": -0.4633596468859424}",addition,continuous_primal_dual_psd,6,6.34767679771328,6.347676797713179,1.0125233984581428e-13,"[0.4139901148298643, 0.0, 0.5860098851701355]",primal=Optimization terminated successfully; dual=outer=Optimization terminated successfully; inner=Optimization terminated successfully,1,-158.977342472185,158.97734247218503,,pythia1b_10x_licenseclean_contcert_20260504_dare_ties_20260504_deep6_licenseclean,pythia1b_10x_licenseclean_contcert_20260504
dare_ties,triple,hemisphere+nli+authors,7.680609039709658,0.23435101900042563,0,"[0.20262835772340568, 0.2, 0.5973716422765943]","[0.2, 0.6, 0.2]",0.7237161170055478,"{""authors"": 5.966672229766878, ""hemisphere"": 0.06343890986222078, ""nli"": -0.23435101900042563}",nli,continuous_primal_dual_psd,6,7.680609039709658,7.680609039704283,5.375255796025158e-12,"[0.33719967232231435, 1.4216029643156348e-13, 0.6628003276775435]",primal=Optimization terminated successfully; dual=outer=Optimization terminated successfully; inner=Optimization terminated successfully,1,-243.01811836160215,244.53595200799356,,pythia1b_10x_licenseclean_contcert_20260504_dare_ties_20260504_deep6_licenseclean,pythia1b_10x_licenseclean_contcert_20260504
dare_ties,triple,hemisphere+nli+modadd,8.417316849989907,0.6465650815548888,0,"[0.22814700829559678, 0.2000000000000265, 0.5718529917043768]","[0.4, 0.2, 0.4]",1.4423423510012308,"{""hemisphere"": -0.4634402634653011, ""modadd"": 2.077767181396517, ""nli"": -0.6465650815548888}",nli,continuous_primal_dual_psd,6,8.417316849989907,8.4173168499899,7.105427357601002e-15,"[2.4980018054065963e-15, 0.0, 0.9999999999999976]",primal=Optimization terminated successfully; dual=outer=Optimization terminated successfully; inner=Optimization terminated successfully,1,-159.9143648152825,159.9143648152825,,pythia1b_10x_licenseclean_contcert_20260504_dare_ties_20260504_deep6_licenseclean,pythia1b_10x_licenseclean_contcert_20260504
dare_ties,triple,hemisphere+nli+multiplication,0.3803393172975902,0.11221406255446136,0,"[0.44026040065726635, 0.322741656971955, 0.23699794237077865]","[0.4, 0.2, 0.4]",0.22219398651093936,"{""hemisphere"": -0.07634362026559996, ""multiplication"": 6.799980926513705, ""nli"": -0.11221406255446136}",nli,continuous_primal_dual_psd,6,0.3803393172975902,0.38033931728168335,1.5906831407619393e-11,"[0.46124562761447646, 0.5387543723855235, 0.0]",primal=Optimization terminated successfully; dual=outer=Optimization terminated successfully; inner=Optimization terminated successfully,1,-9.685922036096551,9.68592203609655,,pythia1b_10x_licenseclean_contcert_20260504_dare_ties_20260504_deep6_licenseclean,pythia1b_10x_licenseclean_contcert_20260504
dare_ties,triple,hemisphere+nli+subtraction,3.528090569742119,3.199985694885221,0,"[0.31328108884692535, 0.2, 0.48671891115307464]","[0.6, 0.2, 0.2]",2.384185791015625e-05,"{""hemisphere"": 0.3107516693310128, ""nli"": -0.5244281251089246, ""subtraction"": -3.199985694885221}",subtraction,continuous_primal_dual_psd,6,3.528090569742119,3.5280905696574,8.471889856309645e-11,"[0.34441687198480236, 8.409092378588305e-14, 0.6555831280151135]",primal=Optimization terminated successfully; dual=outer=Optimization terminated successfully; inner=Optimization terminated successfully,1,-486.60815721838594,486.60815721838594,,pythia1b_10x_licenseclean_contcert_20260504_dare_ties_20260504_deep6_licenseclean,pythia1b_10x_licenseclean_contcert_20260504
dare_ties,triple,hemisphere+subtraction+modadd,16.369891104366417,0.45268859413429235,0,"[0.2, 0.2, 0.6]","[0.4, 0.4, 0.2]",5.247330479352003,"{""hemisphere"": -0.45268859413429235, ""modadd"": 2.077767181396517, ""subtraction"": 1.7999618530273764}",hemisphere,continuous_primal_dual_psd,6,16.369891104366417,16.369891104366417,0.0,"[0.0, 0.0, 1.0]",primal=Optimization terminated successfully; dual=outer=Optimization terminated successfully; inner=Optimization terminated successfully,1,-503.95218134057507,503.9521813405751,,pythia1b_10x_licenseclean_contcert_20260504_dare_ties_20260504_deep6_licenseclean,pythia1b_10x_licenseclean_contcert_20260504
dare_ties,triple,hemisphere+subtraction+multiplication,15.075054836273175,0.07634362026559996,0,"[0.2, 0.2, 0.6]","[0.4, 0.4, 0.2]",5.623675453220695,"{""hemisphere"": -0.07634362026559996, ""multiplication"": 0.5500047683716147, ""subtraction"": 0.5499570846557944}",hemisphere,continuous_primal_dual_psd,6,15.075054836273175,15.075054836273175,0.0,"[0.0, 1.0, 0.0]",primal=Optimization terminated successfully; dual=outer=Optimization terminated successfully; inner=Optimization terminated successfully,1,-328.90556125037364,329.2404357244477,,pythia1b_10x_licenseclean_contcert_20260504_dare_ties_20260504_deep6_licenseclean,pythia1b_10x_licenseclean_contcert_20260504
dare_ties,triple,nli+addition+modadd,13.69986941344154,0.40992411692438846,0,"[0.2, 0.20000000000001464, 0.5999999999999853]","[0.2, 0.2, 0.6]",0.0,"{""addition"": 1.8000095367431967, ""modadd"": 2.077767181396517, ""nli"": -0.40992411692438846}",nli,continuous_primal_dual_psd,6,13.69986941344154,13.69986941344154,0.0,"[0.0, 0.0, 1.0]",primal=Optimization terminated successfully; dual=outer=Optimization terminated successfully; inner=Optimization terminated successfully,1,-463.7724057870481,463.77240578704806,,pythia1b_10x_licenseclean_contcert_20260504_dare_ties_20260504_deep6_licenseclean,pythia1b_10x_licenseclean_contcert_20260504
dare_ties,triple,nli+addition+multiplication,0.45122852391469337,1.9500047683715493,0,"[0.3001930079693734, 0.20000000000000098, 0.4998069920306256]","[0.2, 0.2, 0.6]",0.0,"{""addition"": -1.9500047683715493, ""multiplication"": 5.550000000000033, ""nli"": -0.3488556387014063}",addition,continuous_primal_dual_psd,6,0.45122852391469337,0.451228523914623,7.038813976123492e-14,"[0.9520610495095599, 0.04793895049043996, 1.2933007258447013e-16]",primal=Optimization terminated successfully; dual=outer=Optimization terminated successfully; inner=Optimization terminated successfully,1,-160.09648722597606,160.09648722597606,,pythia1b_10x_licenseclean_contcert_20260504_dare_ties_20260504_deep6_licenseclean,pythia1b_10x_licenseclean_contcert_20260504
dare_ties,triple,nli+addition+subtraction,17.982080340677076,4.450014305114713,0,"[0.2, 0.2, 0.6]","[0.2, 0.6, 0.2]",3.750014305114746,"{""addition"": -4.450014305114713, ""nli"": -0.4022911686629603, ""subtraction"": -4.450014305114713}",addition+subtraction,continuous_primal_dual_psd,6,17.982080340677076,17.982080340677076,0.0,"[0.0, 1.0, 0.0]",primal=Optimization terminated successfully; dual=outer=Optimization terminated successfully; inner=Optimization terminated successfully,1,-268.85249985790307,268.85249985790307,,pythia1b_10x_licenseclean_contcert_20260504_dare_ties_20260504_deep6_licenseclean,pythia1b_10x_licenseclean_contcert_20260504
dare_ties,triple,nli+authors+addition,0.32349416213907745,1.9500047683715493,0,"[0.21250131962067909, 0.4439198119645581, 0.3435788684147628]","[0.2, 0.4, 0.4]",0.0,"{""addition"": -1.9500047683715493, ""authors"": 4.924997615814242, ""nli"": -0.2877865489619796}",addition,continuous_primal_dual_psd,6,0.32349416213907745,0.32349416205770665,8.137079898773436e-11,"[0.9162412953120815, 1.3516951772284125e-17, 0.08375870468791853]",primal=Optimization terminated successfully; dual=outer=Optimization terminated successfully; inner=Optimization terminated successfully,1,-83.19158982893853,83.19158982893853,,pythia1b_10x_licenseclean_contcert_20260504_dare_ties_20260504_deep6_licenseclean,pythia1b_10x_licenseclean_contcert_20260504
dare_ties,triple,nli+authors+modadd,9.866631698608375,0.4633596468859424,0,"[0.2, 0.2, 0.6]","[0.2, 0.6, 0.2]",0.23664035311402493,"{""authors"": 4.924997615814242, ""modadd"": 0.6888835906982749, ""nli"": -0.4633596468859424}",nli,continuous_primal_dual_psd,6,9.866631698608375,9.866631698608375,0.0,"[0.0, 0.0, 1.0]",primal=Optimization terminated successfully; dual=outer=Optimization terminated successfully; inner=Optimization terminated successfully,1,-243.05462837219264,243.05462837219264,,pythia1b_10x_licenseclean_contcert_20260504_dare_ties_20260504_deep6_licenseclean,pythia1b_10x_licenseclean_contcert_20260504
dare_ties,triple,nli+authors+multiplication,0.6830777879121461,0.22671807073899747,0,"[0.2987198130991776, 0.2, 0.5012801869008223]","[0.4, 0.2, 0.4]",1.5149446222846514,"{""authors"": 5.966672229766878, ""multiplication"": 1.8000095367431967, ""nli"": -0.22671807073899747}",nli,continuous_primal_dual_psd,6,0.6830777879121461,0.6830777879117363,4.097833183891453e-13,"[3.814038788869094e-16, 0.3692677680690436, 0.6307322319309561]",primal=Optimization terminated successfully; dual=outer=Optimization terminated successfully; inner=Optimization terminated successfully,1,-41.39297226534291,41.39297226534291,,pythia1b_10x_licenseclean_contcert_20260504_dare_ties_20260504_deep6_licenseclean,pythia1b_10x_licenseclean_contcert_20260504
dare_ties,triple,nli+authors+subtraction,0.27411490997199905,1.5333206176757486,0,"[0.25020701690507985, 0.20000000000000287, 0.5497929830949173]","[0.2, 0.2, 0.6]",0.0,"{""authors"": -1.5333206176757486, ""nli"": -0.2877865489619796, ""subtraction"": 1.7999618530273764}",authors,continuous_primal_dual_psd,6,0.27411490997199905,0.2741149099395512,3.2447877718055906e-11,"[0.9933861489569427, 0.0066138510430573194, 0.0]",primal=Optimization terminated successfully; dual=outer=Optimization terminated successfully; inner=Optimization terminated successfully,1,-171.00436780328053,171.0043678032805,,pythia1b_10x_licenseclean_contcert_20260504_dare_ties_20260504_deep6_licenseclean,pythia1b_10x_licenseclean_contcert_20260504
dare_ties,triple,nli+multiplication+modadd,4.873189325155273,3.477814865112272,0,"[0.2000000000000031, 0.35604441725738945, 0.4439555827426075]","[0.4, 0.2, 0.4]",1.3888835906982422,"{""modadd"": -3.477814865112272, ""multiplication"": 5.5499761581421225, ""nli"": -0.5854966033319067}",modadd,continuous_primal_dual_psd,6,4.873189325155273,4.873189325155273,0.0,"[0.0, 0.0, 1.0]",primal=Optimization terminated successfully; dual=outer=Optimization terminated successfully; inner=Optimization terminated successfully,1,-58.495439776586046,58.49543977658604,,pythia1b_10x_licenseclean_contcert_20260504_dare_ties_20260504_deep6_licenseclean,pythia1b_10x_licenseclean_contcert_20260504
dare_ties,triple,nli+subtraction+modadd,13.199952316284165,0.7000238418578775,0,"[0.2, 0.2, 0.6]","[0.2, 0.2, 0.6]",0.0,"{""modadd"": -0.6999999999999673, ""nli"": -0.2877865489619796, ""subtraction"": -0.7000238418578775}",subtraction,continuous_primal_dual_psd,6,13.199952316284165,13.199952316284165,0.0,"[0.0, 0.0, 1.0]",primal=Optimization terminated successfully; dual=outer=Optimization terminated successfully; inner=Optimization terminated successfully,1,-388.56343792290454,388.5634379229045,,pythia1b_10x_licenseclean_contcert_20260504_dare_ties_20260504_deep6_licenseclean,pythia1b_10x_licenseclean_contcert_20260504
dare_ties,triple,nli+subtraction+multiplication,16.869572081903648,0.7000238418578775,0,"[0.2, 0.2, 0.6]","[0.2, 0.2, 0.6]",0.0,"{""multiplication"": 6.799980926513705, ""nli"": -0.34122207892353357, ""subtraction"": -0.7000238418578775}",subtraction,continuous_primal_dual_psd,6,16.869572081903648,16.869572081903648,0.0,"[0.0, 1.0, 0.0]",primal=Optimization terminated successfully; dual=outer=Optimization terminated successfully; inner=Optimization terminated successfully,1,-550.0584000353736,550.0584000353736,,pythia1b_10x_licenseclean_contcert_20260504_dare_ties_20260504_deep6_licenseclean,pythia1b_10x_licenseclean_contcert_20260504
dare_ties,triple,population+addition+modadd,5.56109256744382,1.7920211995713748,0,"[0.2, 0.2, 0.6]","[0.4, 0.4, 0.2]",6.408007410658085,"{""addition"": -0.6999999999999673, ""modadd"": 0.6888835906982749, ""population"": -1.7920211995713748}",population,continuous_primal_dual_psd,6,5.56109256744382,5.56109256744382,0.0,"[0.0, 0.0, 1.0]",primal=Optimization terminated successfully; dual=outer=Optimization terminated successfully; inner=Optimization terminated successfully,1,-158.3866462453404,159.11660464641952,,pythia1b_10x_licenseclean_contcert_20260504_dare_ties_20260504_deep6_licenseclean,pythia1b_10x_licenseclean_contcert_20260504
dare_ties,triple,population+addition+multiplication,1.9320182064117546,0.4239306090532596,0,"[0.2, 0.2, 0.6]","[0.6, 0.2, 0.2]",2.7760789276898716,"{""addition"": 1.7999856948852866, ""multiplication"": 6.799980926513705, ""population"": -0.4239306090532596}",population,continuous_primal_dual_psd,6,1.9320182064117546,1.9320182064117546,0.0,"[1.0, 0.0, 0.0]",primal=Optimization terminated successfully; dual=outer=Optimization terminated successfully; inner=Optimization terminated successfully,1,-104.76079351893195,104.76079351893196,,pythia1b_10x_licenseclean_contcert_20260504_dare_ties_20260504_deep6_licenseclean,pythia1b_10x_licenseclean_contcert_20260504
dare_ties,triple,population+addition+subtraction,1.2907957514505508,1.9147180630774132,0,"[0.41964963349535317, 0.38035036650407245, 0.20000000000057438]","[0.6, 0.2, 0.2]",0.035286705294136134,"{""addition"": 1.7999856948852866, ""population"": -1.9147180630774132, ""subtraction"": -0.6999999999999673}",population,continuous_primal_dual_psd,6,1.2907957514505508,1.2907957514464146,4.136246900543483e-12,"[0.0, 0.12239808443354151, 0.8776019155664585]",primal=Optimization terminated successfully; dual=outer=Optimization terminated successfully; inner=Optimization terminated successfully,1,-84.42358948590525,84.42358948590525,,pythia1b_10x_licenseclean_contcert_20260504_dare_ties_20260504_deep6_licenseclean,pythia1b_10x_licenseclean_contcert_20260504
dare_ties,triple,population+authors+addition,0.9492927841296357,0.7,0,"[0.2, 0.4076620232777951, 0.39233797672220483]","[0.2, 0.4, 0.4]",0.0,"{""addition"": 0.5499809265137046, ""authors"": 0.3416626930237143, ""population"": -0.7}",population,continuous_primal_dual_psd,6,0.9492927841296357,0.9492927841296357,0.0,"[0.0, 1.0, 0.0]",primal=Optimization terminated successfully; dual=outer=Optimization terminated successfully; inner=Optimization terminated successfully,1,-53.6941331011505,53.6941331011505,,pythia1b_10x_licenseclean_contcert_20260504_dare_ties_20260504_deep6_licenseclean,pythia1b_10x_licenseclean_contcert_20260504
dare_ties,triple,population+authors+modadd,4.0928564791932684,0.4791479625821773,0,"[0.2000000000003104, 0.21304936128737706, 0.5869506387123126]","[0.6, 0.2, 0.2]",4.387550493228337,"{""authors"": 3.67501668930057, ""modadd"": 3.4666507720947592, ""population"": -0.4791479625821773}",population,continuous_primal_dual_psd,6,4.0928564791932684,4.092856479192739,5.293543381412746e-13,"[0.0, 0.6702599857525151, 0.329740014247485]",primal=Optimization terminated successfully; dual=outer=Optimization terminated successfully; inner=Optimization terminated successfully,1,-135.7052779205551,135.7052779205551,,pythia1b_10x_licenseclean_contcert_20260504_dare_ties_20260504_deep6_licenseclean,pythia1b_10x_licenseclean_contcert_20260504
dare_ties,triple,population+authors+multiplication,5.067666982128605,0.13558747719308406,0,"[0.2, 0.2, 0.6]","[0.6, 0.2, 0.2]",0.8282197573054534,"{""authors"": 0.34163885116580417, ""multiplication"": 0.5500047683716147, ""population"": -0.13558747719308406}",population,continuous_primal_dual_psd,6,5.067666982128605,5.067666982128603,1.7763568394002505e-15,"[0.0, 0.9999999999999996, 3.330669073875468e-16]",primal=Optimization terminated successfully; dual=outer=Optimization terminated successfully; inner=Optimization terminated successfully,1,-125.7059002060546,130.57475269542672,,pythia1b_10x_licenseclean_contcert_20260504_dare_ties_20260504_deep6_licenseclean,pythia1b_10x_licenseclean_contcert_20260504
dare_ties,triple,population+authors+subtraction,2.505720351550555,1.1785310898085668,0,"[0.2000000000000038, 0.3841433833963206, 0.41585661660367557]","[0.2, 0.4, 0.4]",0.0,"{""authors"": 0.3416626930237143, ""population"": -1.1785310898085668, ""subtraction"": -0.7000238418578775}",population,continuous_primal_dual_psd,6,2.505720351550555,2.505720351550555,0.0,"[1.0, 0.0, 5.551115123125783e-17]",primal=Optimization terminated successfully; dual=outer=Optimization terminated successfully; inner=Optimization terminated successfully,1,-132.5830272346597,132.58302723465968,,pythia1b_10x_licenseclean_contcert_20260504_dare_ties_20260504_deep6_licenseclean,pythia1b_10x_licenseclean_contcert_20260504
dare_ties,triple,population+capitals+addition,1.2935709573284098,-0.06686842943612616,1,"[0.2000000000000122, 0.35504061172094914, 0.4449593882790387]","[0.6, 0.2, 0.2]",2.0168731978076755,"{""addition"": 0.5500047683716147, ""capitals"": 0.1461538461538444, ""population"": 0.06686842943612616}",population,continuous_primal_dual_psd,6,1.2935709573284098,1.2935709573254734,2.936317855528614e-12,"[0.4950920961931987, 0.5049079038068013, 5.651381461641602e-17]",primal=Optimization terminated successfully; dual=outer=Optimization terminated successfully; inner=Optimization terminated successfully,1,-54.58880178994477,54.58880178994477,,pythia1b_10x_licenseclean_contcert_20260504_dare_ties_20260504_deep6_licenseclean,pythia1b_10x_licenseclean_contcert_20260504
dare_ties,triple,population+capitals+authors,3.242489855158338,1.9500047683715493,0,"[0.2, 0.2, 0.6]","[0.2, 0.2, 0.6]",0.0,"{""authors"": -1.9500047683715493, ""capitals"": -0.1615384615384633, ""population"": 0.05459468852269107}",authors,continuous_primal_dual_psd,6,3.242489855158338,3.242489855158338,0.0,"[1.0, 0.0, 0.0]",primal=Optimization terminated successfully; dual=outer=Optimization terminated successfully; inner=Optimization terminated successfully,1,-85.08220264657596,88.4208408160955,,pythia1b_10x_licenseclean_contcert_20260504_dare_ties_20260504_deep6_licenseclean,pythia1b_10x_licenseclean_contcert_20260504
dare_ties,triple,population+capitals+hemisphere,0.6639830743816919,0.1969388050624113,0,"[0.2, 0.37013254703811643, 0.42986745296188356]","[0.2, 0.4, 0.4]",0.0,"{""capitals"": -0.08461538461538637, ""hemisphere"": 0.04193557120020328, ""population"": -0.1969388050624113}",population,continuous_primal_dual_psd,6,0.6639830743816919,0.6639830743816858,6.106226635438361e-15,"[0.9999999999999849, 1.5043521983670644e-14, 0.0]",primal=Optimization terminated successfully; dual=outer=Optimization terminated successfully; inner=Optimization terminated successfully,1,-59.70689886647692,59.70689886647693,,pythia1b_10x_licenseclean_contcert_20260504_dare_ties_20260504_deep6_licenseclean,pythia1b_10x_licenseclean_contcert_20260504
dare_ties,triple,population+capitals+modadd,2.0560540162211005,1.2276028845318427,0,"[0.3688058716579435, 0.2, 0.4311941283420565]","[0.4, 0.2, 0.4]",0.0,"{""capitals"": 0.06923076923076749, ""modadd"": -0.6999999999999673, ""population"": -1.2276028845318427}",population,continuous_primal_dual_psd,6,2.0560540162211005,2.0560540162210703,3.019806626980426e-14,"[0.8539443679326972, 0.0, 0.1460556320673027]",primal=Optimization terminated successfully; dual=outer=Optimization terminated successfully; inner=Optimization terminated successfully,1,-110.85313280666264,110.85313280666264,,pythia1b_10x_licenseclean_contcert_20260504_dare_ties_20260504_deep6_licenseclean,pythia1b_10x_licenseclean_contcert_20260504
dare_ties,triple,population+capitals+multiplication,3.6967714226475126,0.006756639346636161,0,"[0.2000000000000012, 0.20000000000000173, 0.5999999999999971]","[0.6, 0.2, 0.2]",1.693237568420748,"{""capitals"": 0.607692307692306, ""multiplication"": 6.800004768371615, ""population"": -0.006756639346636161}",population,continuous_primal_dual_psd,6,3.6967714226475126,3.6967714226475126,0.0,"[1.0, 0.0, 0.0]",primal=Optimization terminated successfully; dual=outer=Optimization terminated successfully; inner=Optimization terminated successfully,1,-81.97796458899617,82.05182062848193,,pythia1b_10x_licenseclean_contcert_20260504_dare_ties_20260504_deep6_licenseclean,pythia1b_10x_licenseclean_contcert_20260504
dare_ties,triple,population+capitals+nli,4.391456414756704,0.5854966033319067,0,"[0.2000000000000024, 0.2, 0.5999999999999976]","[0.2, 0.6, 0.2]",1.0592860431391755,"{""capitals"": 0.06923076923076749, ""nli"": -0.5854966033319067, ""population"": -0.4730081960091517}",nli,continuous_primal_dual_psd,6,4.391456414756704,4.391456414756704,0.0,"[1.0, 0.0, 0.0]",primal=Optimization terminated successfully; dual=outer=Optimization terminated successfully; inner=Optimization terminated successfully,1,-39.80446484832051,39.804464848320514,,pythia1b_10x_licenseclean_contcert_20260504_dare_ties_20260504_deep6_licenseclean,pythia1b_10x_licenseclean_contcert_20260504
dare_ties,triple,population+capitals+subtraction,6.137257611610687,0.3503113325031133,0,"[0.2, 0.2, 0.6]","[0.6, 0.2, 0.2]",0.6748414376321352,"{""capitals"": -0.23846153846154022, ""population"": -0.3503113325031133, ""subtraction"": 1.7999618530273764}",population,continuous_primal_dual_psd,6,6.137257611610687,6.137257611610671,1.5987211554602254e-14,"[0.9999999999999969, 3.053113317719171e-15, 0.0]",primal=Optimization terminated successfully; dual=outer=Optimization terminated successfully; inner=Optimization terminated successfully,1,-97.45804457268281,97.45804457268282,,pythia1b_10x_licenseclean_contcert_20260504_dare_ties_20260504_deep6_licenseclean,pythia1b_10x_licenseclean_contcert_20260504
dare_ties,triple,population+hemisphere+addition,5.560151250274216,0.41166266037244054,0,"[0.2, 0.2, 0.6]","[0.6, 0.2, 0.2]",0.4110342031335979,"{""addition"": 3.0499904632568686, ""hemisphere"": -0.323656379734392, ""population"": -0.41166266037244054}",population,continuous_primal_dual_psd,6,5.560151250274216,5.560151250274216,0.0,"[5.551115123125784e-17, 0.9999999999999999, 1.1102230246251568e-16]",primal=Optimization terminated successfully; dual=outer=Optimization terminated successfully; inner=Optimization terminated successfully,1,-244.21947822005043,244.21947822005043,,pythia1b_10x_licenseclean_contcert_20260504_dare_ties_20260504_deep6_licenseclean,pythia1b_10x_licenseclean_contcert_20260504
dare_ties,triple,population+hemisphere+authors,5.107084192526446,0.8840481913753656,0,"[0.2, 0.20191167752931427, 0.5980883224706857]","[0.4, 0.4, 0.2]",5.440949424438811,"{""authors"": 0.3416626930237143, ""hemisphere"": -0.1946241653344916, ""population"": -0.8840481913753656}",population,continuous_primal_dual_psd,6,5.107084192526446,5.1070841925263615,8.43769498715119e-14,"[0.44919470028347064, 0.0, 0.5508052997165294]",primal=Optimization terminated successfully; dual=outer=Optimization terminated successfully; inner=Optimization terminated successfully,1,-135.2349816940053,135.2349816940053,,pythia1b_10x_licenseclean_contcert_20260504_dare_ties_20260504_deep6_licenseclean,pythia1b_10x_licenseclean_contcert_20260504
dare_ties,triple,population+hemisphere+modadd,10.832592916488636,0.9638072344985374,0,"[0.2, 0.2, 0.6]","[0.6, 0.2, 0.2]",2.5139837887558243,"{""hemisphere"": -0.3344094026684891, ""modadd"": 0.6888835906982749, ""population"": -0.9638072344985374}",population,continuous_primal_dual_psd,6,10.832592916488636,10.832592916488613,2.3092638912203256e-14,"[0.0, 0.9999999999999951, 4.829470157119407e-15]",primal=Optimization terminated successfully; dual=outer=Optimization terminated successfully; inner=Optimization terminated successfully,1,-382.2996869824582,388.2150151915697,,pythia1b_10x_licenseclean_contcert_20260504_dare_ties_20260504_deep6_licenseclean,pythia1b_10x_licenseclean_contcert_20260504
dare_ties,triple,population+hemisphere+multiplication,4.88292296148602,0.07634497386868834,0,"[0.20000000000013082, 0.2000000000000615, 0.5999999999998077]","[0.4, 0.2, 0.4]",0.8199769584201124,"{""hemisphere"": -0.07634497386868834, ""multiplication"": 9.299966621398958, ""population"": -0.0742419415563729}",hemisphere,continuous_primal_dual_psd,6,4.88292296148602,4.882922961486014,6.217248937900877e-15,"[1.7763568394002473e-15, 0.9999999999999982, 0.0]",primal=Optimization terminated successfully; dual=outer=Optimization terminated successfully; inner=Optimization terminated successfully,1,-116.8172545996656,116.8172545996656,,pythia1b_10x_licenseclean_contcert_20260504_dare_ties_20260504_deep6_licenseclean,pythia1b_10x_licenseclean_contcert_20260504
dare_ties,triple,population+hemisphere+nli,5.070070421233538,0.7490833791885082,0,"[0.2, 0.2, 0.6]","[0.6, 0.2, 0.2]",1.5030611949375885,"{""hemisphere"": -0.1946241653344916, ""nli"": -0.5244281251089246, ""population"": -0.7490833791885082}",population,continuous_primal_dual_psd,6,5.070070421233538,5.070070421233538,0.0,"[1.0, 0.0, 0.0]",primal=Optimization terminated successfully; dual=outer=Optimization terminated successfully; inner=Optimization terminated successfully,1,-188.14159880133727,188.14159880133724,,pythia1b_10x_licenseclean_contcert_20260504_dare_ties_20260504_deep6_licenseclean,pythia1b_10x_licenseclean_contcert_20260504
dare_ties,triple,population+hemisphere+subtraction,12.577608710965249,0.687732051319181,0,"[0.2, 0.20000000000004672, 0.5999999999999532]","[0.2, 0.6, 0.2]",0.7423267398418719,"{""hemisphere"": -0.323656379734392, ""population"": -0.687732051319181, ""subtraction"": 5.549952316284212}",population,continuous_primal_dual_psd,6,12.577608710965249,12.577608710965249,0.0,"[0.0, 0.0, 1.0]",primal=Optimization terminated successfully; dual=outer=Optimization terminated successfully; inner=Optimization terminated successfully,1,-235.34867509768765,235.34867509768767,,pythia1b_10x_licenseclean_contcert_20260504_dare_ties_20260504_deep6_licenseclean,pythia1b_10x_licenseclean_contcert_20260504
dare_ties,triple,population+multiplication+modadd,3.7241874779063346,0.6263865156824698,0,"[0.2011052106623961, 0.2127496249733131, 0.5861451643642908]","[0.4, 0.4, 0.2]",2.851404507571892,"{""modadd"": 0.6888835906982749, ""multiplication"": 0.5500047683716147, ""population"": -0.6263865156824698}",population,continuous_primal_dual_psd,6,3.7241874779063346,3.724187477905821,5.138112157965224e-13,"[0.1887003978942729, 0.26131027369230386, 0.5499893284134232]",primal=Optimization terminated successfully; dual=outer=Optimization terminated successfully; inner=Optimization terminated successfully,1,-88.3606996590025,88.36069965900252,,pythia1b_10x_licenseclean_contcert_20260504_dare_ties_20260504_deep6_licenseclean,pythia1b_10x_licenseclean_contcert_20260504
dare_ties,triple,population+nli+addition,10.879608072775202,1.9500047683715493,0,"[0.20000000000000162, 0.2, 0.5999999999999983]","[0.2, 0.6, 0.2]",1.250004768371582,"{""addition"": -1.9500047683715493, ""nli"": -0.287785937445535, ""population"": -1.5772973442613456}",addition,continuous_primal_dual_psd,6,10.879608072775202,10.8796080727752,1.7763568394002505e-15,"[0.0, 2.2204460492503126e-16, 0.9999999999999998]",primal=Optimization terminated successfully; dual=outer=Optimization terminated successfully; inner=Optimization terminated successfully,1,-341.6571894667866,341.6571894667865,,pythia1b_10x_licenseclean_contcert_20260504_dare_ties_20260504_deep6_licenseclean,pythia1b_10x_licenseclean_contcert_20260504
dare_ties,triple,population+nli+authors,3.703037054459552,0.9515334935851024,0,"[0.22337659843113375, 0.2, 0.5766234015688663]","[0.4, 0.4, 0.2]",4.331801429205393,"{""authors"": 1.3833492279053061, ""nli"": -0.5244281251089246, ""population"": -0.9515334935851024}",population,continuous_primal_dual_psd,6,3.703037054459552,3.7030370544594184,1.3367085216486885e-13,"[0.6580160711375576, 0.0, 0.34198392886244244]",primal=Optimization terminated successfully; dual=outer=Optimization terminated successfully; inner=Optimization terminated successfully,1,-58.55159143422555,58.55159143422555,,pythia1b_10x_licenseclean_contcert_20260504_dare_ties_20260504_deep6_licenseclean,pythia1b_10x_licenseclean_contcert_20260504
dare_ties,triple,population+nli+modadd,2.7224716718810704,1.3625734889513164,0,"[0.2556500803178265, 0.3745577640044509, 0.3697921556777226]","[0.6, 0.2, 0.2]",0.8957050595151899,"{""modadd"": -0.6999999999999673, ""nli"": -0.4022905571465157, ""population"": -1.3625734889513164}",population,continuous_primal_dual_psd,6,2.7224716718810704,2.7224716718802737,7.966960424710123e-13,"[0.9463767202626584, 5.860536258757779e-16, 0.053623279737341024]",primal=Optimization terminated successfully; dual=outer=Optimization terminated successfully; inner=Optimization terminated successfully,1,-117.53999631095712,117.53999631095711,,pythia1b_10x_licenseclean_contcert_20260504_dare_ties_20260504_deep6_licenseclean,pythia1b_10x_licenseclean_contcert_20260504
dare_ties,triple,population+nli+multiplication,0.7289799683010152,0.2877865489619796,0,"[0.4264154293715391, 0.20000000000000798, 0.37358457062845296]","[0.4, 0.2, 0.4]",0.0,"{""multiplication"": 6.799980926513705, ""nli"": -0.2877865489619796, ""population"": -0.20920675374323033}",nli,continuous_primal_dual_psd,6,0.7289799683010152,0.7289799683010152,0.0,"[1.0, 0.0, 0.0]",primal=Optimization terminated successfully; dual=outer=Optimization terminated successfully; inner=Optimization terminated successfully,1,-48.459168689148285,48.45916868914828,,pythia1b_10x_licenseclean_contcert_20260504_dare_ties_20260504_deep6_licenseclean,pythia1b_10x_licenseclean_contcert_20260504
dare_ties,triple,population+nli+subtraction,9.700034332275358,1.5772973442613456,0,"[0.2, 0.2, 0.6]","[0.4, 0.4, 0.2]",1.6226883506238756,"{""nli"": -0.40992411692438846, ""population"": -1.5772973442613456, ""subtraction"": 0.5499809265137046}",population,continuous_primal_dual_psd,6,9.700034332275358,9.700034332275358,0.0,"[0.0, 0.0, 1.0]",primal=Optimization terminated successfully; dual=outer=Optimization terminated successfully; inner=Optimization terminated successfully,1,-250.00095367431706,250.00095367431703,,pythia1b_10x_licenseclean_contcert_20260504_dare_ties_20260504_deep6_licenseclean,pythia1b_10x_licenseclean_contcert_20260504
dare_ties,triple,population+subtraction+modadd,4.129380620434443,0.8963219322888007,0,"[0.2, 0.2, 0.6]","[0.6, 0.2, 0.2]",2.3036876044543306,"{""modadd"": 2.077767181396517, ""population"": -0.8963219322888007, ""subtraction"": 3.0499427795410483}",population,continuous_primal_dual_psd,6,4.129380620434443,4.129380620434443,0.0,"[1.0, 0.0, 0.0]",primal=Optimization terminated successfully; dual=outer=Optimization terminated successfully; inner=Optimization terminated successfully,1,-100.34733750975268,100.34733750975266,,pythia1b_10x_licenseclean_contcert_20260504_dare_ties_20260504_deep6_licenseclean,pythia1b_10x_licenseclean_contcert_20260504
dare_ties,triple,population+subtraction+multiplication,4.2112660913204305,1.5159518086246344,0,"[0.2, 0.20407384422761132, 0.5959261557723887]","[0.2, 0.4, 0.4]",5.434048191375333,"{""multiplication"": 1.8000095367431967, ""population"": -1.5159518086246344, ""subtraction"": -0.6999999999999673}",population,continuous_primal_dual_psd,6,4.2112660913204305,4.2112660913204145,1.5987211554602254e-14,"[0.8238946901669555, 0.17610530983304457, 0.0]",primal=Optimization terminated successfully; dual=outer=Optimization terminated successfully; inner=Optimization terminated successfully,1,-56.84991699338398,56.84991699338398,,pythia1b_10x_licenseclean_contcert_20260504_dare_ties_20260504_deep6_licenseclean,pythia1b_10x_licenseclean_contcert_20260504
dare_ties,triple,sciq+addition+modadd,3.376675108998268,2.0889074325561197,0,"[0.20000000000000762, 0.526016459425672, 0.2739835405743204]","[0.4, 0.2, 0.4]",1.1111021041870117,"{""addition"": 0.5500047683716147, ""modadd"": -2.0889074325561197, ""sciq"": -0.22145639290502342}",modadd,continuous_primal_dual_psd,6,3.376675108998268,3.376675108998266,1.7763568394002505e-15,"[7.216449660063513e-16, 0.0, 0.9999999999999993]",primal=Optimization terminated successfully; dual=outer=Optimization terminated successfully; inner=Optimization terminated successfully,1,-79.95718240764118,79.95718240764118,,pythia1b_10x_licenseclean_contcert_20260504_dare_ties_20260504_deep6_licenseclean,pythia1b_10x_licenseclean_contcert_20260504
dare_ties,triple,sciq+addition+multiplication,13.199928474429267,0.44512290782720143,0,"[0.2, 0.20000000000000503, 0.599999999999995]","[0.6, 0.2, 0.2]",0.2548770921727659,"{""addition"": 1.8000095367431967, ""multiplication"": 4.299995231628451, ""sciq"": -0.44512290782720143}",sciq,continuous_primal_dual_psd,6,13.199928474429267,13.199928474429267,0.0,"[0.0, 1.0, 0.0]",primal=Optimization terminated successfully; dual=outer=Optimization terminated successfully; inner=Optimization terminated successfully,1,-406.2479734428909,406.24797344289095,,pythia1b_10x_licenseclean_contcert_20260504_dare_ties_20260504_deep6_licenseclean,pythia1b_10x_licenseclean_contcert_20260504
dare_ties,triple,sciq+addition+subtraction,2.333622090243914,1.9500047683715493,0,"[0.2323388125641852, 0.2, 0.5676611874358148]","[0.2, 0.2, 0.6]",0.0,"{""addition"": 3.0499904632568686, ""sciq"": -0.6232764933897377, ""subtraction"": -1.9500047683715493}",subtraction,continuous_primal_dual_psd,6,2.333622090243914,2.333622090242082,1.8323120798413584e-12,"[0.0, 0.22745621843760444, 0.7725437815623956]",primal=Optimization terminated successfully; dual=outer=Optimization terminated successfully; inner=Optimization terminated successfully,1,-99.76782723152824,99.76782723152824,,pythia1b_10x_licenseclean_contcert_20260504_dare_ties_20260504_deep6_licenseclean,pythia1b_10x_licenseclean_contcert_20260504
dare_ties,triple,sciq+authors+addition,1.488684486868188,0.6999999999999673,0,"[0.2, 0.24693698659539992, 0.5530630134046001]","[0.2, 0.4, 0.4]",0.2083420753479004,"{""addition"": 3.0499904632568686, ""authors"": -0.6999999999999673, ""sciq"": -0.44512290782720143}",authors,continuous_primal_dual_psd,6,1.488684486868188,1.4886844868681777,1.0436096431476471e-14,"[0.6231809079425538, 0.37681909205744624, 7.763988697827644e-17]",primal=Optimization terminated successfully; dual=outer=Optimization terminated successfully; inner=Optimization terminated successfully,1,-62.500238418579286,69.87739085694369,,pythia1b_10x_licenseclean_contcert_20260504_dare_ties_20260504_deep6_licenseclean,pythia1b_10x_licenseclean_contcert_20260504
dare_ties,triple,sciq+authors+modadd,1.75311263249694,0.6999999999999673,0,"[0.3126952799596881, 0.2000000000000033, 0.48730472004030867]","[0.2, 0.6, 0.2]",0.0,"{""authors"": 1.5916436195373862, ""modadd"": -0.6999999999999673, ""sciq"": -0.35149482210996913}",modadd,continuous_primal_dual_psd,6,1.75311263249694,1.753112632419802,7.713785166174603e-11,"[7.553735140071476e-16, 0.7136830680282565, 0.2863169319717428]",primal=Optimization terminated successfully; dual=outer=Optimization terminated successfully; inner=Optimization terminated successfully,1,-34.58877888001254,34.71108063176692,,pythia1b_10x_licenseclean_contcert_20260504_dare_ties_20260504_deep6_licenseclean,pythia1b_10x_licenseclean_contcert_20260504
dare_ties,triple,sciq+authors+multiplication,2.2178796966911873,-0.13615084999484503,1,"[0.34040272065049515, 0.3154915888966618, 0.344105690452843]","[0.2, 0.2, 0.6]",0.3784130790554062,"{""authors"": 1.5916674613952964, ""multiplication"": 0.5500047683716147, ""sciq"": 0.13615084999484503}",sciq,continuous_primal_dual_psd,6,2.2178796966911873,2.2178796966910204,1.6697754290362354e-13,"[0.2655594570585858, 0.7344405429414141, 0.0]",primal=Optimization terminated successfully; dual=outer=Optimization terminated successfully; inner=Optimization terminated successfully,1,-28.02832709601061,28.028327096010607,,pythia1b_10x_licenseclean_contcert_20260504_dare_ties_20260504_deep6_licenseclean,pythia1b_10x_licenseclean_contcert_20260504
dare_ties,triple,sciq+authors+subtraction,24.450090599060033,0.44512290782720143,0,"[0.2, 0.2, 0.6]","[0.2, 0.6, 0.2]",2.75488662891593,"{""authors"": 5.966672229766878, ""sciq"": -0.44512290782720143, ""subtraction"": 0.5499809265137046}",sciq,continuous_primal_dual_psd,6,24.450090599060033,24.450090599060033,0.0,"[0.0, 0.0, 1.0]",primal=Optimization terminated successfully; dual=outer=Optimization terminated successfully; inner=Optimization terminated successfully,1,-595.4830571457202,596.2142752538821,,pythia1b_10x_licenseclean_contcert_20260504_dare_ties_20260504_deep6_licenseclean,pythia1b_10x_licenseclean_contcert_20260504
dare_ties,triple,sciq+capitals+addition,8.237618004137797,0.25136533579457876,0,"[0.20000000000052637, 0.2, 0.5999999999994736]","[0.6, 0.2, 0.2]",2.9486442009485527,"{""addition"": 0.5500047683716147, ""capitals"": 0.3769230769230752, ""sciq"": -0.25136533579457876}",sciq,continuous_primal_dual_psd,6,8.237618004137797,8.237618004137797,0.0,"[0.0, 0.0, 1.0]",primal=Optimization terminated successfully; dual=outer=Optimization terminated successfully; inner=Optimization terminated successfully,1,-221.84462159726215,221.84462159726218,,pythia1b_10x_licenseclean_contcert_20260504_dare_ties_20260504_deep6_licenseclean,pythia1b_10x_licenseclean_contcert_20260504
dare_ties,triple,sciq+capitals+authors,0.768382927239708,0.05760724289986688,0,"[0.36479371941254185, 0.2, 0.43520628058745814]","[0.4, 0.4, 0.2]",0.33289910797158595,"{""authors"": 3.67501668930057, ""capitals"": 0.6846153846153828, ""sciq"": -0.05760724289986688}",sciq,continuous_primal_dual_psd,6,0.768382927239708,0.768382927239708,0.0,"[0.0, 0.0, 1.0]",primal=Optimization terminated successfully; dual=outer=Optimization terminated successfully; inner=Optimization terminated successfully,1,-57.51032234081365,57.51032234081365,,pythia1b_10x_licenseclean_contcert_20260504_dare_ties_20260504_deep6_licenseclean,pythia1b_10x_licenseclean_contcert_20260504
dare_ties,triple,sciq+capitals+hemisphere,0.6115280595192001,0.20537718826858872,0,"[0.2, 0.2812402193609915, 0.5187597806390085]","[0.2, 0.2, 0.6]",0.0,"{""capitals"": 0.1461538461538444, ""hemisphere"": -0.20537718826858872, ""sciq"": -0.042003256429780506}",hemisphere,continuous_primal_dual_psd,6,0.6115280595192001,0.6115280595191998,3.3306690738754696e-16,"[0.0, 0.40620241697483883, 0.5937975830251613]",primal=Optimization terminated successfully; dual=outer=Optimization terminated successfully; inner=Optimization terminated successfully,1,-17.50650882798514,17.50650882798514,,pythia1b_10x_licenseclean_contcert_20260504_dare_ties_20260504_deep6_licenseclean,pythia1b_10x_licenseclean_contcert_20260504
dare_ties,triple,sciq+capitals+modadd,12.539645108881446,0.49973946478295,0,"[0.2, 0.2, 0.6]","[0.4, 0.4, 0.2]",1.5891918096310798,"{""capitals"": 0.9923076923076906, ""modadd"": 2.077767181396517, ""sciq"": -0.49973946478295}",sciq,continuous_primal_dual_psd,6,12.539645108881446,12.539645108881446,0.0,"[0.0, 0.0, 1.0]",primal=Optimization terminated successfully; dual=outer=Optimization terminated successfully; inner=Optimization terminated successfully,1,-269.8601466952948,269.8601466952948,,pythia1b_10x_licenseclean_contcert_20260504_dare_ties_20260504_deep6_licenseclean,pythia1b_10x_licenseclean_contcert_20260504
dare_ties,triple,sciq+capitals+multiplication,2.213362531648939,0.05760724289986688,0,"[0.2, 0.2, 0.6]","[0.2, 0.6, 0.2]",0.6657997785294397,"{""capitals"": 0.1461538461538444, ""multiplication"": 9.299966621398958, ""sciq"": -0.05760724289986688}",sciq,continuous_primal_dual_psd,6,2.213362531648939,2.213362531648939,0.0,"[0.0, 0.0, 1.0]",primal=Optimization terminated successfully; dual=outer=Optimization terminated successfully; inner=Optimization terminated successfully,1,-80.70564840337909,80.70564840337907,,pythia1b_10x_licenseclean_contcert_20260504_dare_ties_20260504_deep6_licenseclean,pythia1b_10x_licenseclean_contcert_20260504
dare_ties,triple,sciq+capitals+nli,0.27131895861224686,0.16564898099957073,0,"[0.3088956875836732, 0.2, 0.4911043124163268]","[0.2, 0.6, 0.2]",0.0,"{""capitals"": 0.3769230769230752, ""nli"": -0.16564898099957073, ""sciq"": -0.01859519327629391}",nli,continuous_primal_dual_psd,6,0.27131895861224686,0.2713189586122467,1.6653345369377348e-16,"[0.0, 0.21849984251817872, 0.7815001574818213]",primal=Optimization terminated successfully; dual=outer=Optimization terminated successfully; inner=Optimization terminated successfully,1,-11.586568360018452,11.967838846954285,,pythia1b_10x_licenseclean_contcert_20260504_dare_ties_20260504_deep6_licenseclean,pythia1b_10x_licenseclean_contcert_20260504
dare_ties,triple,sciq+capitals+subtraction,29.4499189376831,0.09661877166135059,0,"[0.2, 0.2, 0.6]","[0.2, 0.6, 0.2]",4.353395533453363,"{""capitals"": 0.1461538461538444, ""sciq"": -0.09661877166135059, ""subtraction"": 1.7999618530273764}",sciq,continuous_primal_dual_psd,6,29.4499189376831,29.4499189376831,0.0,"[0.0, 0.0, 1.0]",primal=Optimization terminated successfully; dual=outer=Optimization terminated successfully; inner=Optimization terminated successfully,1,-731.3022983711426,731.5412389788318,,pythia1b_10x_licenseclean_contcert_20260504_dare_ties_20260504_deep6_licenseclean,pythia1b_10x_licenseclean_contcert_20260504
dare_ties,triple,sciq+hemisphere+addition,15.075007152557358,0.5387504726823444,0,"[0.2, 0.2, 0.6]","[0.2, 0.6, 0.2]",3.911263832432369,"{""addition"": 3.0499904632568686, ""hemisphere"": -0.20537583466550033, ""sciq"": -0.5387504726823444}",sciq,continuous_primal_dual_psd,6,15.075007152557358,15.075007152557358,0.0,"[0.0, 0.0, 1.0]",primal=Optimization terminated successfully; dual=outer=Optimization terminated successfully; inner=Optimization terminated successfully,1,-343.75071525573816,391.5620626954679,,pythia1b_10x_licenseclean_contcert_20260504_dare_ties_20260504_deep6_licenseclean,pythia1b_10x_licenseclean_contcert_20260504
dare_ties,triple,sciq+hemisphere+authors,0.23729905042962773,0.2812732369599556,0,"[0.40025273583722165, 0.20000000000000018, 0.39974726416277817]","[0.2, 0.4, 0.4]",0.04238449637752473,"{""authors"": 5.966672229766878, ""hemisphere"": -0.19462551893757998, ""sciq"": -0.2812732369599556}",sciq,continuous_primal_dual_psd,6,0.23729905042962773,0.23729905042906482,5.6291082906057e-13,"[0.95109512730859, 0.0489048726914099, 0.0]",primal=Optimization terminated successfully; dual=outer=Optimization terminated successfully; inner=Optimization terminated successfully,1,-30.826161334638037,30.82616133463804,,pythia1b_10x_licenseclean_contcert_20260504_dare_ties_20260504_deep6_licenseclean,pythia1b_10x_licenseclean_contcert_20260504
dare_ties,triple,sciq+hemisphere+modadd,17.74111813768367,0.19462551893757998,0,"[0.2, 0.2, 0.6]","[0.4, 0.4, 0.2]",3.283165504316782,"{""hemisphere"": -0.19462551893757998, ""modadd"": 0.6888835906982749, ""sciq"": 0.09713880037127205}",hemisphere,continuous_primal_dual_psd,6,17.74111813768367,17.74111813768367,0.0,"[0.0, 0.0, 1.0]",primal=Optimization terminated successfully; dual=outer=Optimization terminated successfully; inner=Optimization terminated successfully,1,-389.2729091654776,389.27290916547764,,pythia1b_10x_licenseclean_contcert_20260504_dare_ties_20260504_deep6_licenseclean,pythia1b_10x_licenseclean_contcert_20260504
dare_ties,triple,sciq+hemisphere+multiplication,3.8776245276081225,0.45268859413429235,0,"[0.29980043806234913, 0.2, 0.5001995619376509]","[0.4, 0.4, 0.2]",0.13978523733399745,"{""hemisphere"": -0.45268859413429235, ""multiplication"": 11.799976158142123, ""sciq"": -0.042003256429780506}",hemisphere,continuous_primal_dual_psd,6,3.8776245276081225,3.8776245276059473,2.1751489498456067e-12,"[6.331669192036995e-16, 0.44238046628256544, 0.557619533717434]",primal=Optimization terminated successfully; dual=outer=Optimization terminated successfully; inner=Optimization terminated successfully,1,-90.18071865610187,90.18071865610187,,pythia1b_10x_licenseclean_contcert_20260504_dare_ties_20260504_deep6_licenseclean,pythia1b_10x_licenseclean_contcert_20260504
dare_ties,triple,sciq+hemisphere+nli,1.062170896717888,0.45268994773738075,0,"[0.3934062125269347, 0.2, 0.4065937874730653]","[0.4, 0.4, 0.2]",0.12903221439990037,"{""hemisphere"": -0.45268994773738075, ""nli"": -0.40992411692438846, ""sciq"": 0.036020321955276165}",hemisphere,continuous_primal_dual_psd,6,1.062170896717888,1.0621708967178853,2.6645352591003757e-15,"[0.0, 0.34768357249526943, 0.6523164275047306]",primal=Optimization terminated successfully; dual=outer=Optimization terminated successfully; inner=Optimization terminated successfully,1,-43.222844630617104,43.22284463061711,,pythia1b_10x_licenseclean_contcert_20260504_dare_ties_20260504_deep6_licenseclean,pythia1b_10x_licenseclean_contcert_20260504
dare_ties,triple,sciq+hemisphere+subtraction,1.528486840866714,0.09661877166135059,0,"[0.2180174324351225, 0.20000000000021478, 0.5819825675646627]","[0.2, 0.6, 0.2]",5.603376459967035,"{""hemisphere"": 0.05268859413430041, ""sciq"": -0.09661877166135059, ""subtraction"": 0.5499570846557944}",sciq,continuous_primal_dual_psd,6,1.528486840866714,1.528486840860142,6.572076216571077e-12,"[0.6842059680848008, 6.936458936613107e-14, 0.3157940319151299]",primal=Optimization terminated successfully; dual=outer=Optimization terminated successfully; inner=Optimization terminated successfully,1,-109.09922491166694,109.09922491166695,,pythia1b_10x_licenseclean_contcert_20260504_dare_ties_20260504_deep6_licenseclean,pythia1b_10x_licenseclean_contcert_20260504
dare_ties,triple,sciq+multiplication+modadd,1.5680522441866134,-0.15955839228624236,1,"[0.2000000000000072, 0.2999999999859972, 0.5000000000139956]","[0.2, 0.2, 0.6]",0.0,"{""modadd"": 0.6888835906982749, ""multiplication"": 5.550000000000033, ""sciq"": 0.15955839228624236}",sciq,continuous_primal_dual_psd,6,1.5680522441866134,1.5680522441866134,0.0,"[0.0, 0.0, 1.0]",primal=Optimization terminated successfully; dual=outer=Optimization terminated successfully; inner=Optimization terminated successfully,1,-69.44417953491212,69.44417953491212,,pythia1b_10x_licenseclean_contcert_20260504_dare_ties_20260504_deep6_licenseclean,pythia1b_10x_licenseclean_contcert_20260504
dare_ties,triple,sciq+nli+addition,1.9586749081822814,0.6999999999999673,0,"[0.2, 0.2, 0.6]","[0.6, 0.2, 0.2]",1.250004768371582,"{""addition"": -0.6999999999999673, ""nli"": -0.22671745922255285, ""sciq"": -0.32158692094459224}",addition,continuous_primal_dual_psd,6,1.9586749081822814,1.9586749081822814,0.0,"[0.0, 5.551115123125783e-17, 1.0]",primal=Optimization terminated successfully; dual=outer=Optimization terminated successfully; inner=Optimization terminated successfully,1,-115.67348499536213,115.67348499536214,,pythia1b_10x_licenseclean_contcert_20260504_dare_ties_20260504_deep6_licenseclean,pythia1b_10x_licenseclean_contcert_20260504
dare_ties,triple,sciq+nli+authors,2.445667821200367,0.341221467407089,0,"[0.3070162782788835, 0.2, 0.4929837217211165]","[0.6, 0.2, 0.2]",0.04928488346436383,"{""authors"": 3.67501668930057, ""nli"": -0.341221467407089, ""sciq"": 0.28439549266782593}",nli,continuous_primal_dual_psd,6,2.445667821200367,2.445667821192231,8.136158413662997e-12,"[0.5044422891212386, 4.954168653548316e-16, 0.49555771087876105]",primal=Optimization terminated successfully; dual=outer=Optimization terminated successfully; inner=Optimization terminated successfully,1,-112.27986162364209,112.27986162364209,,pythia1b_10x_licenseclean_contcert_20260504_dare_ties_20260504_deep6_licenseclean,pythia1b_10x_licenseclean_contcert_20260504
dare_ties,triple,sciq+nli+modadd,8.3712374467742,2.0889074325561197,0,"[0.2, 0.2, 0.6]","[0.2, 0.2, 0.6]",0.0,"{""modadd"": -2.0889074325561197, ""nli"": -0.6389315217770161, ""sciq"": 0.020416335485189795}",modadd,continuous_primal_dual_psd,6,8.3712374467742,8.3712374467742,0.0,"[0.0, 0.0, 1.0]",primal=Optimization terminated successfully; dual=outer=Optimization terminated successfully; inner=Optimization terminated successfully,1,-88.94246671042801,88.94246671042801,,pythia1b_10x_licenseclean_contcert_20260504_dare_ties_20260504_deep6_licenseclean,pythia1b_10x_licenseclean_contcert_20260504
dare_ties,triple,sciq+nli+multiplication,4.866677263074934,0.10458050277658859,0,"[0.2, 0.2, 0.6]","[0.6, 0.2, 0.2]",3.0954290339665427,"{""multiplication"": 8.049985694885287, ""nli"": -0.10458050277658859, ""sciq"": -0.01859519327629391}",nli,continuous_primal_dual_psd,6,4.866677263074934,4.866677263074934,0.0,"[0.0, 0.0, 1.0]",primal=Optimization terminated successfully; dual=outer=Optimization terminated successfully; inner=Optimization terminated successfully,1,-90.45115083069643,96.82487093326985,,pythia1b_10x_licenseclean_contcert_20260504_dare_ties_20260504_deep6_licenseclean,pythia1b_10x_licenseclean_contcert_20260504
dare_ties,triple,sciq+nli+subtraction,14.383215163347419,4.449990463256803,0,"[0.2447931684472796, 0.20000000000001683, 0.5552068315527036]","[0.4, 0.4, 0.2]",2.500009536743164,"{""nli"": -0.16564836948312614, ""sciq"": 0.17516237875632873, ""subtraction"": -4.449990463256803}",subtraction,continuous_primal_dual_psd,6,14.383215163347419,14.383215163347419,0.0,"[0.0, 0.0, 1.0]",primal=Optimization terminated successfully; dual=outer=Optimization terminated successfully; inner=Optimization terminated successfully,1,-343.74850637817894,343.7485063781789,,pythia1b_10x_licenseclean_contcert_20260504_dare_ties_20260504_deep6_licenseclean,pythia1b_10x_licenseclean_contcert_20260504
dare_ties,triple,sciq+population+addition,19.480795129473158,0.9638072344985374,0,"[0.2, 0.2, 0.6]","[0.2, 0.6, 0.2]",5.98621660735934,"{""addition"": 6.799980926513705, ""population"": -0.9638072344985374, ""sciq"": -0.3905063508714528}",population,continuous_primal_dual_psd,6,19.480795129473158,19.480795129473158,0.0,"[0.0, 0.0, 1.0]",primal=Optimization terminated successfully; dual=outer=Optimization terminated successfully; inner=Optimization terminated successfully,1,-415.0040641430816,415.0040641430816,,pythia1b_10x_licenseclean_contcert_20260504_dare_ties_20260504_deep6_licenseclean,pythia1b_10x_licenseclean_contcert_20260504
dare_ties,triple,sciq+population+authors,2.746234623621285,0.8226968635060384,0,"[0.2, 0.2, 0.6]","[0.2, 0.6, 0.2]",0.012273740913435027,"{""authors"": 0.34163885116580417, ""population"": -0.8226968635060384, ""sciq"": -0.2422617081984719}",population,continuous_primal_dual_psd,6,2.746234623621285,2.746234623621285,0.0,"[0.0, 0.0, 1.0]",primal=Optimization terminated successfully; dual=outer=Optimization terminated successfully; inner=Optimization terminated successfully,1,-95.28697116863148,95.28697116863148,,pythia1b_10x_licenseclean_contcert_20260504_dare_ties_20260504_deep6_licenseclean,pythia1b_10x_licenseclean_contcert_20260504
dare_ties,triple,sciq+population+capitals,0.9678980404933677,0.4239306090532596,0,"[0.33508719240702833, 0.20000000000002244, 0.4649128075929492]","[0.2, 0.6, 0.2]",0.06134553563671119,"{""capitals"": 0.607692307692306, ""population"": -0.4239306090532596, ""sciq"": -0.15773725007734646}",population,continuous_primal_dual_psd,6,0.9678980404933677,0.9678980404933677,0.0,"[0.0, 1.0, 0.0]",primal=Optimization terminated successfully; dual=outer=Optimization terminated successfully; inner=Optimization terminated successfully,1,-11.586568360018406,11.967838846954235,,pythia1b_10x_licenseclean_contcert_20260504_dare_ties_20260504_deep6_licenseclean,pythia1b_10x_licenseclean_contcert_20260504
dare_ties,triple,sciq+population+hemisphere,1.4370553189006738,0.7107543765371814,0,"[0.32128972063338773, 0.20000000000001308, 0.47871027936659916]","[0.6, 0.2, 0.2]",0.32666634227888613,"{""hemisphere"": -0.7107543765371814, ""population"": -0.3503113325031133, ""sciq"": 0.09063687891102476}",hemisphere,continuous_primal_dual_psd,6,1.4370553189006738,1.4370553189006738,0.0,"[0.0, 1.0, 0.0]",primal=Optimization terminated successfully; dual=outer=Optimization terminated successfully; inner=Optimization terminated successfully,1,-87.82603266342849,87.82603266342849,,pythia1b_10x_licenseclean_contcert_20260504_dare_ties_20260504_deep6_licenseclean,pythia1b_10x_licenseclean_contcert_20260504
dare_ties,triple,sciq+population+modadd,5.668027619968976,0.3503113325031133,0,"[0.3195779839246821, 0.20000000000001622, 0.48042201607530166]","[0.4, 0.4, 0.2]",0.349688667496854,"{""modadd"": 2.077767181396517, ""population"": -0.3503113325031133, ""sciq"": 0.03602136367945469}",population,continuous_primal_dual_psd,6,5.668027619968976,5.668027619968976,0.0,"[0.0, 0.0, 1.0]",primal=Optimization terminated successfully; dual=outer=Optimization terminated successfully; inner=Optimization terminated successfully,1,-128.5259721658866,128.5259721658866,,pythia1b_10x_licenseclean_contcert_20260504_dare_ties_20260504_deep6_licenseclean,pythia1b_10x_licenseclean_contcert_20260504
dare_ties,triple,sciq+population+multiplication,1.3130807593682212,0.25136533579457876,0,"[0.2, 0.2153053244573083, 0.5846946755426917]","[0.4, 0.2, 0.4]",0.5713315277114597,"{""multiplication"": 3.050014305114779, ""population"": -0.20920675374323033, ""sciq"": -0.25136533579457876}",sciq,continuous_primal_dual_psd,6,1.3130807593682212,1.3130807593676814,5.397904345727511e-13,"[1.0511923457408286e-16, 0.7013713352029001, 0.29862866479709976]",primal=Optimization terminated successfully; dual=outer=Optimization terminated successfully; inner=Optimization terminated successfully,1,-75.00015894655677,76.82971529245332,,pythia1b_10x_licenseclean_contcert_20260504_dare_ties_20260504_deep6_licenseclean,pythia1b_10x_licenseclean_contcert_20260504
dare_ties,triple,sciq+population+nli,1.550661431354941,0.8901821657157751,0,"[0.3120911360420535, 0.2987900254869913, 0.3891188384709552]","[0.2, 0.6, 0.2]",0.6871151785455705,"{""nli"": -0.5244281251089246, ""population"": -0.8901821657157751, ""sciq"": 0.036020321955276165}",population,continuous_primal_dual_psd,6,1.550661431354941,1.5506614313549307,1.021405182655144e-14,"[7.425845210756558e-17, 0.3369577870537692, 0.6630422129462307]",primal=Optimization terminated successfully; dual=outer=Optimization terminated successfully; inner=Optimization terminated successfully,1,-14.371727897770798,14.371727897770795,,pythia1b_10x_licenseclean_contcert_20260504_dare_ties_20260504_deep6_licenseclean,pythia1b_10x_licenseclean_contcert_20260504
dare_ties,triple,sciq+population+subtraction,2.8308511354148918,1.0251527701352485,0,"[0.2693508089859, 0.2, 0.5306491910141]","[0.6, 0.2, 0.2]",3.424861534979465,"{""population"": -1.0251527701352485, ""sciq"": -0.05760724289986688, ""subtraction"": 0.5499570846557944}",population,continuous_primal_dual_psd,6,2.8308511354148918,2.8308511354148473,4.440892098500626e-14,"[0.4616477998444866, 0.5383522001555131, 2.9107270792857326e-16]",primal=Optimization terminated successfully; dual=outer=Optimization terminated successfully; inner=Optimization terminated successfully,1,-158.19615810247896,158.19615810247896,,pythia1b_10x_licenseclean_contcert_20260504_dare_ties_20260504_deep6_licenseclean,pythia1b_10x_licenseclean_contcert_20260504
dare_ties,triple,sciq+subtraction+modadd,0.5566786246638571,0.03419970060846954,0,"[0.25037612134950854, 0.20000000000000132, 0.5496238786504901]","[0.4, 0.2, 0.4]",2.05468389008974,"{""modadd"": 2.077767181396517, ""sciq"": -0.03419970060846954, ""subtraction"": 0.5499570846557944}",sciq,continuous_primal_dual_psd,6,0.5566786246638571,0.5566786246638571,0.0,"[0.9999281352519886, 7.186474801136354e-05, 0.0]",primal=Optimization terminated successfully; dual=outer=Optimization terminated successfully; inner=Optimization terminated successfully,1,-122.24943953542879,122.24943953542876,,pythia1b_10x_licenseclean_contcert_20260504_dare_ties_20260504_deep6_licenseclean,pythia1b_10x_licenseclean_contcert_20260504
dare_ties,triple,sciq+subtraction+multiplication,2.6228083116137024,4.449990463256803,0,"[0.2, 0.2, 0.6]","[0.4, 0.4, 0.2]",2.384185791015625e-05,"{""multiplication"": 6.800004768371615, ""sciq"": 0.22977893571207733, ""subtraction"": -4.449990463256803}",subtraction,continuous_primal_dual_psd,6,2.6228083116137024,2.622808311613702,4.440892098500626e-16,"[2.2204460492503126e-16, 0.9999999999999998, 0.0]",primal=Optimization terminated successfully; dual=outer=Optimization terminated successfully; inner=Optimization terminated successfully,1,-48.79871155187754,48.79871155187754,,pythia1b_10x_licenseclean_contcert_20260504_dare_ties_20260504_deep6_licenseclean,pythia1b_10x_licenseclean_contcert_20260504
dare_ties,triple,subtraction+multiplication+modadd,3.313638011747038,2.0889074325561197,0,"[0.5383137877467087, 0.2000000000000051, 0.26168621225328625]","[0.2, 0.4, 0.4]",6.11109733581543,"{""modadd"": -2.0889074325561197, ""multiplication"": 4.300019073486361, ""subtraction"": -0.7000238418578775}",modadd,continuous_primal_dual_psd,6,3.313638011747038,3.3136380117434956,3.5424996269739495e-12,"[0.05077966639351173, 2.6773847489102234e-15, 0.9492203336064856]",primal=Optimization terminated successfully; dual=outer=Optimization terminated successfully; inner=Optimization terminated successfully,1,-19.981648037704474,19.98164803770448,,pythia1b_10x_licenseclean_contcert_20260504_dare_ties_20260504_deep6_licenseclean,pythia1b_10x_licenseclean_contcert_20260504
linear,pair,addition+modadd,17.205066989958404,18.755582046508756,0,"[0.2697420666870541, 0.730257933312946]","[0.8, 0.2]",3.194427490234375,"{""addition"": -13.199999999999967, ""modadd"": -18.755582046508756}",modadd,continuous_primal_dual_psd,4,17.205066989958404,17.205066989853908,1.0449596743455913e-10,"[0.5083611378593349, 0.49163886214066504]",primal=Optimization terminated successfully; dual=outer=Optimization terminated successfully; inner=Optimization terminated successfully,1,-62.4996423721314,62.4996423721314,,pythia1b_10x_licenseclean_contcert_20260504_linear_20260504_deep6_licenseclean,pythia1b_10x_licenseclean_contcert_20260504
linear,pair,addition+multiplication,5.074997615814304,10.700038146972624,0,"[0.2000000000000046, 0.7999999999999954]","[0.2, 0.8]",0.0,"{""addition"": -10.700038146972624, ""multiplication"": 4.299995231628451}",addition,continuous_primal_dual_psd,4,5.074997615814304,5.074997615814304,0.0,"[1.0, 0.0]",primal=Optimization terminated successfully; dual=outer=Optimization terminated successfully; inner=Optimization terminated successfully,1,-31.25041723251344,31.25041723251344,,pythia1b_10x_licenseclean_contcert_20260504_linear_20260504_deep6_licenseclean,pythia1b_10x_licenseclean_contcert_20260504
linear,pair,addition+subtraction,17.074993324280207,16.950061988830534,0,"[0.20000000000000817, 0.7999999999999918]","[0.2, 0.8]",0.0,"{""addition"": -9.450009536743131, ""subtraction"": -16.950061988830534}",subtraction,continuous_primal_dual_psd,4,17.074993324280207,17.074993324280207,0.0,"[1.0, 0.0]",primal=Optimization terminated successfully; dual=outer=Optimization terminated successfully; inner=Optimization terminated successfully,1,-109.37452316284183,109.37452316284183,,pythia1b_10x_licenseclean_contcert_20260504_linear_20260504_deep6_licenseclean,pythia1b_10x_licenseclean_contcert_20260504
linear,pair,authors+addition,11.699989509582496,13.408318233489958,0,"[0.2, 0.8]","[0.6, 0.4]",2.2916674613952637,"{""addition"": -4.449990463256803, ""authors"": -13.408318233489958}",authors,continuous_primal_dual_psd,4,11.699989509582496,11.699989509582496,0.0,"[0.0, 1.0]",primal=Optimization terminated successfully; dual=outer=Optimization terminated successfully; inner=Optimization terminated successfully,1,-93.75035762786864,93.75035762786864,,pythia1b_10x_licenseclean_contcert_20260504_linear_20260504_deep6_licenseclean,pythia1b_10x_licenseclean_contcert_20260504
linear,pair,authors+modadd,17.08196158405842,14.58893127441403,0,"[0.4199986268492239, 0.580001373150776]","[0.4, 0.6]",0.0,"{""authors"": -9.449997615814176, ""modadd"": -14.58893127441403}",modadd,continuous_primal_dual_psd,4,17.08196158405842,17.08196158405842,0.0,"[0.0, 1.0]",primal=Optimization terminated successfully; dual=outer=Optimization terminated successfully; inner=Optimization terminated successfully,1,-75.18412310084702,75.18412310084702,,pythia1b_10x_licenseclean_contcert_20260504_linear_20260504_deep6_licenseclean,pythia1b_10x_licenseclean_contcert_20260504
linear,pair,authors+multiplication,0.5838250482028249,1.9500047683715493,0,"[0.2, 0.8]","[0.2, 0.8]",0.0,"{""authors"": 8.883318233490023, ""multiplication"": -1.9500047683715493}",multiplication,continuous_primal_dual_psd,4,0.5838250482028249,0.5838250482028249,0.0,"[1.0, 0.0]",primal=Optimization terminated successfully; dual=outer=Optimization terminated successfully; inner=Optimization terminated successfully,1,-57.53697187938096,57.53697187938096,,pythia1b_10x_licenseclean_contcert_20260504_linear_20260504_deep6_licenseclean,pythia1b_10x_licenseclean_contcert_20260504
linear,pair,authors+subtraction,4.193741810264937,8.20000476837155,0,"[0.5799980926768334, 0.42000190732316656]","[0.8, 0.2]",1.2500286102294922,"{""authors"": -4.241672229766813, ""subtraction"": -8.20000476837155}",subtraction,continuous_primal_dual_psd,4,4.193741810264937,4.193741810264937,0.0,"[0.0, 1.0]",primal=Optimization terminated successfully; dual=outer=Optimization terminated successfully; inner=Optimization terminated successfully,0,23.161861434972284,0.0,,pythia1b_10x_licenseclean_contcert_20260504_linear_20260504_deep6_licenseclean,pythia1b_10x_licenseclean_contcert_20260504
linear,pair,capitals+addition,12.699976634979222,-0.607692307692306,1,"[0.2, 0.8]","[0.8, 0.2]",12.55768753932069,"{""addition"": 4.299995231628451, ""capitals"": 0.607692307692306}",capitals,continuous_primal_dual_psd,4,12.699976634979222,12.699976634979222,0.0,"[0.0, 1.0]",primal=Optimization terminated successfully; dual=outer=Optimization terminated successfully; inner=Optimization terminated successfully,1,-62.500536441802964,62.500536441802964,,pythia1b_10x_licenseclean_contcert_20260504_linear_20260504_deep6_licenseclean,pythia1b_10x_licenseclean_contcert_20260504
linear,pair,capitals+authors,0.2852944987885202,1.116672229766813,0,"[0.2, 0.8]","[0.2, 0.8]",0.0,"{""authors"": -1.116672229766813, ""capitals"": 0.9153846153846137}",authors,continuous_primal_dual_psd,4,0.2852944987885202,0.2852944987885202,0.0,"[0.0, 1.0]",primal=Optimization terminated successfully; dual=outer=Optimization terminated successfully; inner=Optimization terminated successfully,1,-38.41924108492735,38.41924108492735,,pythia1b_10x_licenseclean_contcert_20260504_linear_20260504_deep6_licenseclean,pythia1b_10x_licenseclean_contcert_20260504
linear,pair,capitals+hemisphere,-0.7116666666666629,-0.530769230769229,1,"[0.7600000599044356, 0.23999994009556436]","[0.6, 0.4]",0.0,"{""capitals"": 0.530769230769229, ""hemisphere"": 1.0526899477373888}",capitals,continuous_primal_dual_psd,4,-0.7116666666666629,-0.7116666666666629,0.0,"[1.0, 0.0]",primal=Optimization terminated successfully; dual=outer=Optimization terminated successfully; inner=Optimization terminated successfully,0,4.166666666666666,0.0,,pythia1b_10x_licenseclean_contcert_20260504_linear_20260504_deep6_licenseclean,pythia1b_10x_licenseclean_contcert_20260504
linear,pair,capitals+modadd,10.76921768188474,0.6999999999999673,0,"[0.7999999999999999, 0.20000000000000007]","[0.8, 0.2]",0.0,"{""capitals"": 1.1461538461538443, ""modadd"": -0.6999999999999673}",modadd,continuous_primal_dual_psd,4,10.76921768188474,10.76921768188474,0.0,"[0.0, 1.0]",primal=Optimization terminated successfully; dual=outer=Optimization terminated successfully; inner=Optimization terminated successfully,1,-17.36044883728028,17.36044883728028,,pythia1b_10x_licenseclean_contcert_20260504_linear_20260504_deep6_licenseclean,pythia1b_10x_licenseclean_contcert_20260504
linear,pair,capitals+multiplication,-2.19166666666667,-2.1461538461538443,1,"[0.2, 0.8]","[0.2, 0.8]",0.0,"{""capitals"": 2.1461538461538443, ""multiplication"": 6.800004768371615}",capitals,continuous_primal_dual_psd,4,-2.19166666666667,-2.19166666666667,0.0,"[0.9999999999999993, 6.661338147750939e-16]",primal=Optimization terminated successfully; dual=outer=Optimization terminated successfully; inner=Optimization terminated successfully,1,-1.0416666666666654,1.0416666666666654,,pythia1b_10x_licenseclean_contcert_20260504_linear_20260504_deep6_licenseclean,pythia1b_10x_licenseclean_contcert_20260504
linear,pair,capitals+nli,-0.402192143894347,-0.6511443612985937,1,"[0.4046312626451285, 0.5953687373548715]","[0.4, 0.6]",0.0,"{""capitals"": 1.9153846153846137, ""nli"": 0.6511443612985937}",nli,continuous_primal_dual_psd,4,-0.402192143894347,-0.402192143894347,0.0,"[0.0, 1.0]",primal=Optimization terminated successfully; dual=outer=Optimization terminated successfully; inner=Optimization terminated successfully,1,-2.0833333333333237,2.0833333333333237,,pythia1b_10x_licenseclean_contcert_20260504_linear_20260504_deep6_licenseclean,pythia1b_10x_licenseclean_contcert_20260504
linear,pair,capitals+subtraction,1.5750057220458547,-0.06923076923076749,1,"[0.8, 0.19999999999999996]","[0.8, 0.2]",0.0,"{""capitals"": 0.06923076923076749, ""subtraction"": 1.7999618530273764}",capitals,continuous_primal_dual_psd,4,1.5750057220458547,1.5750057220458547,0.0,"[5.551115123125783e-17, 1.0]",primal=Optimization terminated successfully; dual=outer=Optimization terminated successfully; inner=Optimization terminated successfully,1,-31.250119209289533,31.250119209289533,,pythia1b_10x_licenseclean_contcert_20260504_linear_20260504_deep6_licenseclean,pythia1b_10x_licenseclean_contcert_20260504
linear,pair,hemisphere+addition,-2.631952801178548,-0.5365597365346989,1,"[0.5021374572159861, 0.4978625427840139]","[0.6, 0.4]",0.0,"{""addition"": 4.299995231628451, ""hemisphere"": 0.5365597365346989}",hemisphere,continuous_primal_dual_psd,4,-2.631952801178548,-2.631952801203805,2.525712972101246e-11,"[0.5862213037272779, 0.41377869627272207]",primal=Optimization terminated successfully; dual=outer=Optimization terminated successfully; inner=Optimization terminated successfully,0,1.183897256851214,0.0,,pythia1b_10x_licenseclean_contcert_20260504_linear_20260504_deep6_licenseclean,pythia1b_10x_licenseclean_contcert_20260504
linear,pair,hemisphere+authors,-0.8998666969388127,4.0333182334899575,0,"[0.5530121047926015, 0.44698789520739846]","[0.8, 0.2]",1.250004768371582,"{""authors"": -4.0333182334899575, ""hemisphere"": 0.30000000000000404}",authors,continuous_primal_dual_psd,4,-0.8998666969388127,-0.8998666969388127,0.0,"[0.0, 1.0]",primal=Optimization terminated successfully; dual=outer=Optimization terminated successfully; inner=Optimization terminated successfully,0,30.514808386313923,0.0,,pythia1b_10x_licenseclean_contcert_20260504_linear_20260504_deep6_licenseclean,pythia1b_10x_licenseclean_contcert_20260504
linear,pair,hemisphere+modadd,-1.4527898311615317,2.0888835906982095,0,"[0.8, 0.19999999999999996]","[0.8, 0.2]",0.0,"{""hemisphere"": 1.4505382602680987, ""modadd"": -2.0888835906982095}",modadd,continuous_primal_dual_psd,4,-1.4527898311615317,-1.4527898311615317,0.0,"[0.0, 1.0]",primal=Optimization terminated successfully; dual=outer=Optimization terminated successfully; inner=Optimization terminated successfully,0,52.083432674407966,0.0,,pythia1b_10x_licenseclean_contcert_20260504_linear_20260504_deep6_licenseclean,pythia1b_10x_licenseclean_contcert_20260504
linear,pair,hemisphere+multiplication,-3.7166820314586007,-1.4505382602680987,1,"[0.8, 0.19999999999999996]","[0.8, 0.2]",0.0,"{""hemisphere"": 1.4505382602680987, ""multiplication"": 20.549985694885287}",hemisphere,continuous_primal_dual_psd,4,-3.7166820314586007,-3.7166820314586007,0.0,"[0.0, 1.0]",primal=Optimization terminated successfully; dual=outer=Optimization terminated successfully; inner=Optimization terminated successfully,0,4.166693157687275,0.0,,pythia1b_10x_licenseclean_contcert_20260504_linear_20260504_deep6_licenseclean,pythia1b_10x_licenseclean_contcert_20260504
linear,pair,hemisphere+nli,-0.18923290983232954,-0.05268859413430041,1,"[0.2763505359298393, 0.7236494640701607]","[0.4, 0.6]",0.6344107562715815,"{""hemisphere"": 0.05268859413430041, ""nli"": 0.3000000000000018}",hemisphere,continuous_primal_dual_psd,4,-0.18923290983232954,-0.1892329449843744,3.515204485826651e-08,"[0.0872733670872609, 0.9127266329127391]",primal=Positive directional derivative for linesearch; dual=outer=Optimization terminated successfully; inner=Optimization terminated successfully,1,-1.124344334455242,1.124344334455242,,pythia1b_10x_licenseclean_contcert_20260504_linear_20260504_deep6_licenseclean,pythia1b_10x_licenseclean_contcert_20260504
linear,pair,hemisphere+subtraction,-8.67503337860111,-1.0634416170683976,1,"[0.8, 0.19999999999999996]","[0.8, 0.2]",0.0,"{""hemisphere"": 1.0634416170683976, ""subtraction"": 4.29994754791263}",hemisphere,continuous_primal_dual_psd,4,-8.67503337860111,-8.67503337860111,0.0,"[0.0, 1.0]",primal=Optimization terminated successfully; dual=outer=Optimization terminated successfully; inner=Optimization terminated successfully,0,2.009834867760414e-14,0.0,,pythia1b_10x_licenseclean_contcert_20260504_linear_20260504_deep6_licenseclean,pythia1b_10x_licenseclean_contcert_20260504
linear,pair,multiplication+modadd,22.088883590698217,13.200047683715788,0,"[0.2, 0.8]","[0.8, 0.2]",4.166650772094727,"{""modadd"": -13.200047683715788, ""multiplication"": 1.7999856948852866}",modadd,continuous_primal_dual_psd,4,22.088883590698217,22.088883590698217,0.0,"[0.0, 1.0]",primal=Optimization terminated successfully; dual=outer=Optimization terminated successfully; inner=Optimization terminated successfully,1,-52.08343267440804,52.08343267440804,,pythia1b_10x_licenseclean_contcert_20260504_linear_20260504_deep6_licenseclean,pythia1b_10x_licenseclean_contcert_20260504
linear,pair,nli+addition,12.762478065490686,14.44998092651364,0,"[0.2, 0.8]","[0.2, 0.8]",0.0,"{""addition"": -14.44998092651364, ""nli"": -0.16564898099957073}",addition,continuous_primal_dual_psd,4,12.762478065490686,12.762478065490686,0.0,"[0.0, 1.0]",primal=Optimization terminated successfully; dual=outer=Optimization terminated successfully; inner=Optimization terminated successfully,0,3.230405991313464,0.0,,pythia1b_10x_licenseclean_contcert_20260504_linear_20260504_deep6_licenseclean,pythia1b_10x_licenseclean_contcert_20260504
linear,pair,nli+authors,-0.33168372610515906,0.7000119209289224,0,"[0.5680234561856584, 0.4319765438143416]","[0.6, 0.4]",0.0,"{""authors"": -0.7000119209289224, ""nli"": 0.6206101221871027}",authors,continuous_primal_dual_psd,4,-0.33168372610515906,-0.3316837261373262,3.2167157826279436e-11,"[0.34461726398340775, 0.6553827360165922]",primal=Optimization terminated successfully; dual=outer=Optimization terminated successfully; inner=Optimization terminated successfully,0,2.1529218692943295,0.0,,pythia1b_10x_licenseclean_contcert_20260504_linear_20260504_deep6_licenseclean,pythia1b_10x_licenseclean_contcert_20260504
linear,pair,nli+modadd,17.040988709857302,13.200047683715788,0,"[0.2519987365630912, 0.7480012634369089]","[0.4, 0.6]",1.3888835906982422,"{""modadd"": -13.200047683715788, ""nli"": -0.41755767670226124}",modadd,continuous_primal_dual_psd,4,17.040988709857302,17.040988709857302,0.0,"[0.0, 1.0]",primal=Optimization terminated successfully; dual=outer=Optimization terminated successfully; inner=Optimization terminated successfully,1,-3.277266203749571,3.277266203749571,,pythia1b_10x_licenseclean_contcert_20260504_linear_20260504_deep6_licenseclean,pythia1b_10x_licenseclean_contcert_20260504
linear,pair,nli+multiplication,-0.6199600730858061,-0.8648852581119203,1,"[0.37637070010572937, 0.6236292998942706]","[0.2, 0.8]",0.12213756796240882,"{""multiplication"": 3.0499904632568686, ""nli"": 0.8648852581119203}",nli,continuous_primal_dual_psd,4,-0.6199600730858061,-0.6199600730858061,0.0,"[1.0, 0.0]",primal=Optimization terminated successfully; dual=outer=Optimization terminated successfully; inner=Optimization terminated successfully,1,-4.166693157687267,4.166693157687267,,pythia1b_10x_licenseclean_contcert_20260504_linear_20260504_deep6_licenseclean,pythia1b_10x_licenseclean_contcert_20260504
linear,pair,nli+subtraction,8.074987602233854,21.95000953674313,0,"[0.2, 0.8]","[0.2, 0.8]",0.0,"{""nli"": 0.8343510190004293, ""subtraction"": -21.95000953674313}",subtraction,continuous_primal_dual_psd,4,8.074987602233854,8.074987602233854,0.0,"[0.0, 1.0]",primal=Optimization terminated successfully; dual=outer=Optimization terminated successfully; inner=Optimization terminated successfully,1,-93.74946355819702,93.74946355819702,,pythia1b_10x_licenseclean_contcert_20260504_linear_20260504_deep6_licenseclean,pythia1b_10x_licenseclean_contcert_20260504
linear,pair,population+addition,2.950006198883023,0.13558747719308406,0,"[0.2, 0.8]","[0.6, 0.4]",1.8144411330363754,"{""addition"": 6.800004768371615, ""population"": -0.13558747719308406}",population,continuous_primal_dual_psd,4,2.950006198883023,2.950006198883023,0.0,"[0.0, 1.0]",primal=Optimization terminated successfully; dual=outer=Optimization terminated successfully; inner=Optimization terminated successfully,1,-78.12500000000001,78.12500000000001,,pythia1b_10x_licenseclean_contcert_20260504_linear_20260504_deep6_licenseclean,pythia1b_10x_licenseclean_contcert_20260504
linear,pair,population+authors,-2.1206009746596592,-2.974832749283211,1,"[0.2, 0.8]","[0.2, 0.8]",0.0,"{""authors"": 3.6749809265137046, ""population"": 2.974832749283211}",population,continuous_primal_dual_psd,4,-2.1206009746596592,-2.1206009746596592,0.0,"[0.0, 1.0]",primal=Optimization terminated successfully; dual=outer=Optimization terminated successfully; inner=Optimization terminated successfully,1,-44.19942142314109,44.19942142314109,,pythia1b_10x_licenseclean_contcert_20260504_linear_20260504_deep6_licenseclean,pythia1b_10x_licenseclean_contcert_20260504
linear,pair,population+capitals,1.3098111232882272,-0.607692307692306,1,"[0.2, 0.8]","[0.8, 0.2]",0.988679304130083,"{""capitals"": 0.607692307692306, ""population"": 1.0545946885226911}",capitals,continuous_primal_dual_psd,4,1.3098111232882272,1.3098111232882272,0.0,"[1.0, 0.0]",primal=Optimization terminated successfully; dual=outer=Optimization terminated successfully; inner=Optimization terminated successfully,1,-19.934613903616594,19.934613903616594,,pythia1b_10x_licenseclean_contcert_20260504_linear_20260504_deep6_licenseclean,pythia1b_10x_licenseclean_contcert_20260504
linear,pair,population+hemisphere,3.294689130783048,0.11105157983144603,0,"[0.2, 0.8]","[0.8, 0.2]",0.3435489009238611,"{""hemisphere"": 1.0526899477373888, ""population"": -0.11105157983144603}",population,continuous_primal_dual_psd,4,3.294689130783048,3.294689130783048,0.0,"[0.0, 1.0]",primal=Optimization terminated successfully; dual=outer=Optimization terminated successfully; inner=Optimization terminated successfully,1,-55.63467741012572,55.63467741012572,,pythia1b_10x_licenseclean_contcert_20260504_linear_20260504_deep6_licenseclean,pythia1b_10x_licenseclean_contcert_20260504
linear,pair,population+modadd,0.75893655887575,0.4668742216687422,0,"[0.6380528471761925, 0.3619471528238075]","[0.8, 0.2]",1.6220332108873774,"{""modadd"": 3.4666507720947592, ""population"": -0.4668742216687422}",population,continuous_primal_dual_psd,4,0.75893655887575,0.7589365588757482,1.7763568394002505e-15,"[0.8741260819162954, 0.12587391808370463]",primal=Optimization terminated successfully; dual=outer=Optimization terminated successfully; inner=Optimization terminated successfully,0,19.689632021168403,0.0,,pythia1b_10x_licenseclean_contcert_20260504_linear_20260504_deep6_licenseclean,pythia1b_10x_licenseclean_contcert_20260504
linear,pair,population+multiplication,-0.8839671933482296,-0.76011179008949,1,"[0.47200911287179326, 0.5279908871282067]","[0.6, 0.4]",0.8282197573054534,"{""multiplication"": 13.049957084655794, ""population"": 0.76011179008949}",population,continuous_primal_dual_psd,4,-0.8839671933482296,-0.8839671933482455,1.587618925213974e-14,"[0.4896250243763659, 0.5103749756236341]",primal=Optimization terminated successfully; dual=outer=Optimization terminated successfully; inner=Optimization terminated successfully,1,-16.666772630749083,16.666772630749083,,pythia1b_10x_licenseclean_contcert_20260504_linear_20260504_deep6_licenseclean,pythia1b_10x_licenseclean_contcert_20260504
linear,pair,population+nli,0.71700384072353,0.6631961539575429,0,"[0.8, 0.19999999999999996]","[0.8, 0.2]",0.0,"{""nli"": -0.6389315217770161, ""population"": -0.6631961539575429}",population,continuous_primal_dual_psd,4,0.71700384072353,0.71700384072353,0.0,"[1.0, 0.0]",primal=Optimization terminated successfully; dual=outer=Optimization terminated successfully; inner=Optimization terminated successfully,0,0.5153149034582909,0.0,,pythia1b_10x_licenseclean_contcert_20260504_linear_20260504_deep6_licenseclean,pythia1b_10x_licenseclean_contcert_20260504
linear,pair,population+subtraction,2.3754165202183843,0.0497002519621188,0,"[0.36144546710200526, 0.6385545328979947]","[0.8, 0.2]",10.650337895010505,"{""population"": -0.0497002519621188, ""subtraction"": 6.799980926513705}",population,continuous_primal_dual_psd,4,2.3754165202183843,2.375416520206004,1.2380318992200046e-11,"[0.04488695975301674, 0.9551130402469833]",primal=Optimization terminated successfully; dual=outer=Optimization terminated successfully; inner=Optimization terminated successfully,1,-46.87488079071042,46.87488079071042,,pythia1b_10x_licenseclean_contcert_20260504_linear_20260504_deep6_licenseclean,pythia1b_10x_licenseclean_contcert_20260504
linear,pair,sciq+addition,8.449989032745325,-0.09713880037127205,1,"[0.2, 0.8]","[0.8, 0.2]",10.797153105485986,"{""addition"": 1.7999856948852866, ""sciq"": 0.09713880037127205}",sciq,continuous_primal_dual_psd,4,8.449989032745325,8.449989032745325,0.0,"[0.0, 1.0]",primal=Optimization terminated successfully; dual=outer=Optimization terminated successfully; inner=Optimization terminated successfully,1,-187.5001192092895,187.5001192092895,,pythia1b_10x_licenseclean_contcert_20260504_linear_20260504_deep6_licenseclean,pythia1b_10x_licenseclean_contcert_20260504
linear,pair,sciq+authors,-0.5719302664073078,-0.8812747995462265,1,"[0.5625502398303662, 0.4374497601696338]","[0.6, 0.4]",0.0,"{""authors"": 8.049997615814242, ""sciq"": 0.8812747995462265}",sciq,continuous_primal_dual_psd,4,-0.5719302664073078,-0.5719302664073078,0.0,"[1.0, 0.0]",primal=Optimization terminated successfully; dual=outer=Optimization terminated successfully; inner=Optimization terminated successfully,1,-6.433804039221981,6.433804039221981,,pythia1b_10x_licenseclean_contcert_20260504_linear_20260504_deep6_licenseclean,pythia1b_10x_licenseclean_contcert_20260504
linear,pair,sciq+capitals,-0.059282526972007685,-0.48465498616069586,1,"[0.8, 0.19999999999999996]","[0.8, 0.2]",0.0,"{""capitals"": 3.607692307692306, ""sciq"": 0.48465498616069586}",sciq,continuous_primal_dual_psd,4,-0.059282526972007685,-0.059282526972007685,0.0,"[1.0, 0.0]",primal=Optimization terminated successfully; dual=outer=Optimization terminated successfully; inner=Optimization terminated successfully,1,-1.2168458302210177,1.2168458302210177,,pythia1b_10x_licenseclean_contcert_20260504_linear_20260504_deep6_licenseclean,pythia1b_10x_licenseclean_contcert_20260504
linear,pair,sciq+hemisphere,3.44420736526911,-0.14395388495406672,1,"[0.362221600316996, 0.637778399683004]","[0.2, 0.8]",0.7364263628192681,"{""hemisphere"": 0.17096643199701528, ""sciq"": 0.14395388495406672}",sciq,continuous_primal_dual_psd,4,3.44420736526911,3.44420736526911,0.0,"[0.0, 1.0]",primal=Optimization terminated successfully; dual=outer=Optimization terminated successfully; inner=Optimization terminated successfully,1,-1.3827315632542319,1.3827315632542319,,pythia1b_10x_licenseclean_contcert_20260504_linear_20260504_deep6_licenseclean,pythia1b_10x_licenseclean_contcert_20260504
linear,pair,sciq+modadd,18.477783870697007,3.477791023254362,0,"[0.20000000000000012, 0.7999999999999998]","[0.8, 0.2]",13.888907432556152,"{""modadd"": -3.477791023254362, ""sciq"": 0.7174251286789807}",modadd,continuous_primal_dual_psd,4,18.477783870697007,18.477783870697007,0.0,"[0.0, 1.0]",primal=Optimization terminated successfully; dual=outer=Optimization terminated successfully; inner=Optimization terminated successfully,1,-52.08343267440798,52.08343267440798,,pythia1b_10x_licenseclean_contcert_20260504_linear_20260504_deep6_licenseclean,pythia1b_10x_licenseclean_contcert_20260504
linear,pair,sciq+multiplication,0.3498652118259526,-0.8266582425904779,1,"[0.2646909506712314, 0.7353090493287686]","[0.8, 0.2]",5.276672547705191,"{""multiplication"": 4.299995231628451, ""sciq"": 0.8266582425904779}",sciq,continuous_primal_dual_psd,4,0.3498652118259526,0.34986520645743957,5.368513023018551e-09,"[0.7343903459412663, 0.2656096540587337]",primal=Positive directional derivative for linesearch; dual=outer=Optimization terminated successfully; inner=Optimization terminated successfully,1,-6.360633425184941,6.360633425184941,,pythia1b_10x_licenseclean_contcert_20260504_linear_20260504_deep6_licenseclean,pythia1b_10x_licenseclean_contcert_20260504
linear,pair,sciq+nli,-0.24590440006718556,-0.4297705162238389,1,"[0.2326507907034578, 0.7673492092965422]","[0.8, 0.2]",0.5315900958464623,"{""nli"": 0.4297705162238389, ""sciq"": 0.6263977073734295}",nli,continuous_primal_dual_psd,4,-0.24590440006718556,-0.24590440006724096,5.540012892879531e-14,"[0.417159269950619, 0.582840730049381]",primal=Optimization terminated successfully; dual=outer=Optimization terminated successfully; inner=Optimization terminated successfully,1,-2.152933663961441,2.152933663961441,,pythia1b_10x_licenseclean_contcert_20260504_linear_20260504_deep6_licenseclean,pythia1b_10x_licenseclean_contcert_20260504
linear,pair,sciq+population,0.053003657595093,-0.3429378203828666,1,"[0.30358759944580577, 0.6964124005541943]","[0.6, 0.4]",0.37583849094071875,"{""population"": 0.3429378203828666, ""sciq"": 0.5392715431164444}",population,continuous_primal_dual_psd,4,0.053003657595093,0.05300365759509296,4.163336342344337e-17,"[0.7417649974502922, 0.2582350025497078]",primal=Optimization terminated successfully; dual=outer=Optimization terminated successfully; inner=Optimization terminated successfully,1,-3.207968976548038,3.207968976548038,,pythia1b_10x_licenseclean_contcert_20260504_linear_20260504_deep6_licenseclean,pythia1b_10x_licenseclean_contcert_20260504
linear,pair,sciq+subtraction,5.9499961853027035,11.950019073486295,0,"[0.2, 0.8]","[0.8, 0.2]",8.749985694885254,"{""sciq"": 0.3455129293596433, ""subtraction"": -11.950019073486295}",subtraction,continuous_primal_dual_psd,4,5.9499961853027035,5.9499961853027035,0.0,"[0.0, 1.0]",primal=Optimization terminated successfully; dual=outer=Optimization terminated successfully; inner=Optimization terminated successfully,1,-78.12529802322386,78.12529802322386,,pythia1b_10x_licenseclean_contcert_20260504_linear_20260504_deep6_licenseclean,pythia1b_10x_licenseclean_contcert_20260504
linear,pair,subtraction+modadd,10.64445419311522,6.255582046508756,0,"[0.44000001236407627, 0.5599999876359237]","[0.4, 0.6]",0.0,"{""modadd"": -6.255582046508756, ""subtraction"": -3.2000095367431314}",modadd,continuous_primal_dual_psd,4,10.64445419311522,10.64445419311522,0.0,"[0.0, 1.0]",primal=Optimization terminated successfully; dual=outer=Optimization terminated successfully; inner=Optimization terminated successfully,0,46.87517881393431,0.0,,pythia1b_10x_licenseclean_contcert_20260504_linear_20260504_deep6_licenseclean,pythia1b_10x_licenseclean_contcert_20260504
linear,pair,subtraction+multiplication,5.200001668930025,19.450023841857877,0,"[0.8, 0.19999999999999996]","[0.8, 0.2]",0.0,"{""multiplication"": -10.700014305114713, ""subtraction"": -19.450023841857877}",subtraction,continuous_primal_dual_psd,4,5.200001668930025,5.200001668930025,0.0,"[1.0, 0.0]",primal=Optimization terminated successfully; dual=outer=Optimization terminated successfully; inner=Optimization terminated successfully,1,-8.333306842312725,8.333306842312725,,pythia1b_10x_licenseclean_contcert_20260504_linear_20260504_deep6_licenseclean,pythia1b_10x_licenseclean_contcert_20260504
linear,triple,addition+multiplication+modadd,49.593484685314365,13.200023841857877,0,"[0.20000000000008544, 0.20000000000005697, 0.5999999999998575]","[0.6, 0.2, 0.2]",3.749966621398926,"{""addition"": -13.200023841857877, ""modadd"": -10.422256660461393, ""multiplication"": 5.550000000000033}",addition,continuous_primal_dual_psd,6,49.593484685314365,49.593484685314365,0.0,"[1.0, 0.0, 0.0]",primal=Optimization terminated successfully; dual=outer=Optimization terminated successfully; inner=Optimization terminated successfully,1,-1000.8669700176346,1000.8669700176347,,pythia1b_10x_licenseclean_contcert_20260504_linear_20260504_deep6_licenseclean,pythia1b_10x_licenseclean_contcert_20260504
linear,triple,addition+subtraction+modadd,27.574995231628392,13.199999999999967,0,"[0.2, 0.2, 0.6]","[0.6, 0.2, 0.2]",3.750014305114746,"{""addition"": -13.199999999999967, ""modadd"": -9.03334922790524, ""subtraction"": -11.950019073486295}",addition,continuous_primal_dual_psd,6,27.574995231628392,27.574995231628392,0.0,"[1.0, 0.0, 0.0]",primal=Optimization terminated successfully; dual=outer=Optimization terminated successfully; inner=Optimization terminated successfully,1,-329.0975841779549,338.02023369890463,,pythia1b_10x_licenseclean_contcert_20260504_linear_20260504_deep6_licenseclean,pythia1b_10x_licenseclean_contcert_20260504
linear,triple,addition+subtraction+multiplication,13.44637188627739,20.70002861022946,0,"[0.2, 0.33099355921601703, 0.4690064407839829]","[0.6, 0.2, 0.2]",1.250004768371582,"{""addition"": -15.700009536743131, ""multiplication"": 6.800004768371615, ""subtraction"": -20.70002861022946}",subtraction,continuous_primal_dual_psd,6,13.44637188627739,13.44637188627739,0.0,"[1.0, 0.0, 0.0]",primal=Optimization terminated successfully; dual=outer=Optimization terminated successfully; inner=Optimization terminated successfully,1,-269.5039987946714,269.5039987946714,,pythia1b_10x_licenseclean_contcert_20260504_linear_20260504_deep6_licenseclean,pythia1b_10x_licenseclean_contcert_20260504
linear,triple,authors+addition+modadd,22.187038999974842,11.811140251159635,0,"[0.20800762241659776, 0.200000000000008, 0.5919923775833942]","[0.6, 0.2, 0.2]",15.138864517211914,"{""addition"": -5.700019073486295, ""authors"": -8.61664123535153, ""modadd"": -11.811140251159635}",modadd,continuous_primal_dual_psd,6,22.187038999974842,22.187038999561846,4.1299585973320063e-10,"[1.6072888613977015e-12, 0.08269850205766179, 0.9173014979407309]",primal=Optimization terminated successfully; dual=outer=Optimization terminated successfully; inner=Optimization terminated successfully,1,-259.4481753841314,259.4481753841314,,pythia1b_10x_licenseclean_contcert_20260504_linear_20260504_deep6_licenseclean,pythia1b_10x_licenseclean_contcert_20260504
linear,triple,authors+addition+multiplication,6.950013623988378,6.116655540466276,0,"[0.2, 0.2, 0.6]","[0.4, 0.2, 0.4]",0.8333683013916016,"{""addition"": -4.450014305114713, ""authors"": -6.116655540466276, ""multiplication"": 8.049985694885287}",authors,continuous_primal_dual_psd,6,6.950013623988378,6.950013623988378,0.0,"[0.0, 1.0, 0.0]",primal=Optimization terminated successfully; dual=outer=Optimization terminated successfully; inner=Optimization terminated successfully,1,-125.00047683878253,125.00047683878255,,pythia1b_10x_licenseclean_contcert_20260504_linear_20260504_deep6_licenseclean,pythia1b_10x_licenseclean_contcert_20260504
linear,triple,authors+addition+subtraction,14.326644743496146,8.82498331069943,0,"[0.29184020082638135, 0.2, 0.5081597991736186]","[0.6, 0.2, 0.2]",14.375007152557373,"{""addition"": 1.7999618530273764, ""authors"": -8.82498331069943, ""subtraction"": -4.450014305114713}",authors,continuous_primal_dual_psd,6,14.326644743496146,14.326644743496068,7.815970093361102e-14,"[0.4570553480127046, 0.5429446519872956, 0.0]",primal=Optimization terminated successfully; dual=outer=Optimization terminated successfully; inner=Optimization terminated successfully,1,-168.84732689149058,168.84732689149058,,pythia1b_10x_licenseclean_contcert_20260504_linear_20260504_deep6_licenseclean,pythia1b_10x_licenseclean_contcert_20260504
linear,triple,authors+multiplication+modadd,20.004847604069138,14.58893127441403,0,"[0.4474598532669605, 0.337165213903511, 0.21537493282952846]","[0.4, 0.4, 0.2]",0.0,"{""authors"": -0.4916817665099771, ""modadd"": -14.58893127441403, ""multiplication"": -0.6999999999999673}",modadd,continuous_primal_dual_psd,6,20.004847604069138,20.004847604061567,7.570832849523867e-12,"[0.0, 0.06752567911598462, 0.9324743208840154]",primal=Optimization terminated successfully; dual=outer=Optimization terminated successfully; inner=Optimization terminated successfully,1,-129.31572905743405,129.90424901329703,,pythia1b_10x_licenseclean_contcert_20260504_linear_20260504_deep6_licenseclean,pythia1b_10x_licenseclean_contcert_20260504
linear,triple,authors+subtraction+modadd,16.672208976745573,11.811140251159635,0,"[0.2, 0.2, 0.6]","[0.4, 0.2, 0.4]",1.3889074325561523,"{""authors"": -8.40832300186154, ""modadd"": -11.811140251159635, ""subtraction"": -5.700019073486295}",modadd,continuous_primal_dual_psd,6,16.672208976745573,16.672208976745573,0.0,"[0.0, 0.0, 1.0]",primal=Optimization terminated successfully; dual=outer=Optimization terminated successfully; inner=Optimization terminated successfully,1,-359.93282745549436,359.93282745549436,,pythia1b_10x_licenseclean_contcert_20260504_linear_20260504_deep6_licenseclean,pythia1b_10x_licenseclean_contcert_20260504
linear,triple,authors+subtraction+multiplication,20.713285000010433,6.324997615814176,0,"[0.2, 0.2, 0.6]","[0.6, 0.2, 0.2]",15.625035762786865,"{""authors"": -6.324997615814176, ""multiplication"": -0.6999999999999673, ""subtraction"": -5.699995231628385}",authors,continuous_primal_dual_psd,6,20.713285000010433,20.713285000010433,0.0,"[0.0, 1.0, 0.0]",primal=Optimization terminated successfully; dual=outer=Optimization terminated successfully; inner=Optimization terminated successfully,1,-284.34355681985613,284.34355681985613,,pythia1b_10x_licenseclean_contcert_20260504_linear_20260504_deep6_licenseclean,pythia1b_10x_licenseclean_contcert_20260504
linear,triple,capitals+addition+modadd,10.0153703237682,7.644489479064909,0,"[0.5171577397856814, 0.2828422602143801, 0.19999999999993856]","[0.6, 0.2, 0.2]",0.0,"{""addition"": -4.450014305114713, ""capitals"": 1.2999999999999983, ""modadd"": -7.644489479064909}",modadd,continuous_primal_dual_psd,6,10.0153703237682,10.0153703237682,0.0,"[0.0, 0.0, 1.0]",primal=Optimization terminated successfully; dual=outer=Optimization terminated successfully; inner=Optimization terminated successfully,1,-57.138406014536585,57.138406014536585,,pythia1b_10x_licenseclean_contcert_20260504_linear_20260504_deep6_licenseclean,pythia1b_10x_licenseclean_contcert_20260504
linear,triple,capitals+addition+multiplication,16.269174519520156,4.450014305114713,0,"[0.3465875324536709, 0.2, 0.45341246754632913]","[0.6, 0.2, 0.2]",1.250004768371582,"{""addition"": -4.450014305114713, ""capitals"": 1.2230769230769214, ""multiplication"": 18.049976158142123}",addition,continuous_primal_dual_psd,6,16.269174519520156,16.269174519520156,0.0,"[0.0, 1.0, 0.0]",primal=Optimization terminated successfully; dual=outer=Optimization terminated successfully; inner=Optimization terminated successfully,1,-278.38480532595617,278.38480532595617,,pythia1b_10x_licenseclean_contcert_20260504_linear_20260504_deep6_licenseclean,pythia1b_10x_licenseclean_contcert_20260504
linear,triple,capitals+addition+subtraction,5.239194141377935,8.20000476837155,0,"[0.6000000000000041, 0.2, 0.19999999999999596]","[0.6, 0.2, 0.2]",0.0,"{""addition"": 0.5499809265137046, ""capitals"": 0.22307692307692134, ""subtraction"": -8.20000476837155}",subtraction,continuous_primal_dual_psd,6,5.239194141377935,5.239194141377935,0.0,"[0.0, 1.0, 0.0]",primal=Optimization terminated successfully; dual=outer=Optimization terminated successfully; inner=Optimization terminated successfully,1,-68.51768670699528,68.51768670699529,,pythia1b_10x_licenseclean_contcert_20260504_linear_20260504_deep6_licenseclean,pythia1b_10x_licenseclean_contcert_20260504
linear,triple,capitals+authors+addition,9.517776588918167,12.366655540466276,0,"[0.3914676764328549, 0.20000000000001428, 0.40853232356713076]","[0.2, 0.6, 0.2]",0.8333444595336914,"{""addition"": 1.7999856948852866, ""authors"": -12.366655540466276, ""capitals"": 0.29999999999999827}",authors,continuous_primal_dual_psd,6,9.517776588918167,9.517776588918167,0.0,"[0.0, 0.0, 1.0]",primal=Optimization terminated successfully; dual=outer=Optimization terminated successfully; inner=Optimization terminated successfully,1,-172.84843667910835,172.84843667910832,,pythia1b_10x_licenseclean_contcert_20260504_linear_20260504_deep6_licenseclean,pythia1b_10x_licenseclean_contcert_20260504
linear,triple,capitals+authors+modadd,19.628166423850594,9.866646003723112,0,"[0.2, 0.35013708945669575, 0.4498629105433043]","[0.4, 0.4, 0.2]",1.9444942474365234,"{""authors"": -9.866646003723112, ""capitals"": 1.530769230769229, ""modadd"": -9.033373069763151}",authors,continuous_primal_dual_psd,6,19.628166423850594,19.628166423850594,0.0,"[0.0, 0.0, 1.0]",primal=Optimization terminated successfully; dual=outer=Optimization terminated successfully; inner=Optimization terminated successfully,1,-252.7838221505267,252.78382215052667,,pythia1b_10x_licenseclean_contcert_20260504_linear_20260504_deep6_licenseclean,pythia1b_10x_licenseclean_contcert_20260504
linear,triple,capitals+authors+multiplication,0.2427345250657229,-2.008327770233187,1,"[0.24675336715749738, 0.26310496266923983, 0.4901416701732628]","[0.2, 0.2, 0.6]",0.0,"{""authors"": 2.008327770233187, ""capitals"": 2.0692307692307677, ""multiplication"": 5.550000000000033}",authors,continuous_primal_dual_psd,6,0.2427345250657229,0.24273452506564314,7.97695243193175e-14,"[6.101392532449314e-16, 0.9588187082701595, 0.04118129172984004]",primal=Optimization terminated successfully; dual=outer=Optimization terminated successfully; inner=Optimization terminated successfully,1,-50.00031789224721,50.00031789224721,,pythia1b_10x_licenseclean_contcert_20260504_linear_20260504_deep6_licenseclean,pythia1b_10x_licenseclean_contcert_20260504
linear,triple,capitals+authors+subtraction,2.279681540171877,7.7833086967467935,0,"[0.461709430443207, 0.20000000000002746, 0.3382905695567655]","[0.6, 0.2, 0.2]",4.166686534881592,"{""authors"": -7.7833086967467935, ""capitals"": 0.06923076923076749, ""subtraction"": 3.0499666213989585}",authors,continuous_primal_dual_psd,6,2.279681540171877,2.279681540171877,0.0,"[0.0, 1.0, 0.0]",primal=Optimization terminated successfully; dual=outer=Optimization terminated successfully; inner=Optimization terminated successfully,1,-171.00523041056593,171.00523041056596,,pythia1b_10x_licenseclean_contcert_20260504_linear_20260504_deep6_licenseclean,pythia1b_10x_licenseclean_contcert_20260504
linear,triple,capitals+hemisphere+addition,10.763555507081787,-0.6655919509345993,1,"[0.2, 0.2, 0.6]","[0.6, 0.2, 0.2]",3.865625329535641,"{""addition"": 3.0499904632568686, ""capitals"": 0.7615384615384598, ""hemisphere"": 0.6655919509345993}",hemisphere,continuous_primal_dual_psd,6,10.763555507081787,10.763555507081787,0.0,"[0.0, 0.0, 1.0]",primal=Optimization terminated successfully; dual=outer=Optimization terminated successfully; inner=Optimization terminated successfully,1,-206.42317281473936,206.42317281473933,,pythia1b_10x_licenseclean_contcert_20260504_linear_20260504_deep6_licenseclean,pythia1b_10x_licenseclean_contcert_20260504
linear,triple,capitals+hemisphere+authors,9.655188942504834,1.9500166893005044,0,"[0.2, 0.2, 0.6]","[0.4, 0.4, 0.2]",8.124971389770508,"{""authors"": -1.9500166893005044, ""capitals"": 0.29999999999999827, ""hemisphere"": 0.4290322143999044}",authors,continuous_primal_dual_psd,6,9.655188942504834,9.655188942504797,3.730349362740526e-14,"[0.0, 4.2743586448068345e-15, 0.9999999999999958]",primal=Optimization terminated successfully; dual=outer=Optimization terminated successfully; inner=Optimization terminated successfully,1,-186.6862297098339,186.6862297098339,,pythia1b_10x_licenseclean_contcert_20260504_linear_20260504_deep6_licenseclean,pythia1b_10x_licenseclean_contcert_20260504
linear,triple,capitals+hemisphere+modadd,-0.1724703653913135,-0.9153846153846137,1,"[0.41004993063154493, 0.38995006936845644, 0.19999999999999862]","[0.4, 0.4, 0.2]",0.0,"{""capitals"": 0.9153846153846137, ""hemisphere"": 0.9236563797344001, ""modadd"": 2.077767181396517}",capitals,continuous_primal_dual_psd,6,-0.1724703653913135,-0.1724703653913328,1.9317880628477724e-14,"[0.6998047980950937, 3.341199387475735e-15, 0.30019520190490306]",primal=Optimization terminated successfully; dual=outer=Optimization terminated successfully; inner=Optimization terminated successfully,1,-73.65980786617027,73.65980786617023,,pythia1b_10x_licenseclean_contcert_20260504_linear_20260504_deep6_licenseclean,pythia1b_10x_licenseclean_contcert_20260504
linear,triple,capitals+hemisphere+multiplication,-1.7181340129355136,-1.2999999999999983,1,"[0.21259883168058716, 0.2, 0.5874011683194128]","[0.2, 0.4, 0.4]",0.11827919146579746,"{""capitals"": 1.2999999999999983, ""hemisphere"": 1.568817451733902, ""multiplication"": 18.049976158142123}",capitals,continuous_primal_dual_psd,6,-1.7181340129355136,-1.7181340129355311,1.7541523789077473e-14,"[0.9996477439153547, 0.0003522560846451821, 7.926246644122144e-17]",primal=Optimization terminated successfully; dual=outer=Optimization terminated successfully; inner=Optimization terminated successfully,1,-151.06030051756258,151.06030051756258,,pythia1b_10x_licenseclean_contcert_20260504_linear_20260504_deep6_licenseclean,pythia1b_10x_licenseclean_contcert_20260504
linear,triple,capitals+hemisphere+nli,-0.1628363960268615,-0.30000000000000404,1,"[0.20000000000000026, 0.27194314984762397, 0.5280568501523758]","[0.2, 0.4, 0.4]",1.2580657824028891,"{""capitals"": 1.2230769230769214, ""hemisphere"": 0.30000000000000404, ""nli"": 0.3534349184451112}",hemisphere,continuous_primal_dual_psd,6,-0.1628363960268615,-0.16283639602695515,9.364731212713195e-14,"[0.0, 0.011586342305703063, 0.9884136576942969]",primal=Optimization terminated successfully; dual=outer=Optimization terminated successfully; inner=Optimization terminated successfully,1,-31.325844409157078,31.325844409157074,,pythia1b_10x_licenseclean_contcert_20260504_linear_20260504_deep6_licenseclean,pythia1b_10x_licenseclean_contcert_20260504
linear,triple,capitals+hemisphere+subtraction,14.450076293945315,0.007692307692309441,0,"[0.2, 0.2, 0.6]","[0.2, 0.6, 0.2]",8.19233630253715,"{""capitals"": -0.007692307692309441, ""hemisphere"": 1.3107543765371896, ""subtraction"": 5.549952316284212}",capitals,continuous_primal_dual_psd,6,14.450076293945315,14.450076293941887,3.4283687000424834e-12,"[2.4991120284306023e-13, 0.0, 0.99999999999975]",primal=Optimization terminated successfully; dual=outer=Optimization terminated successfully; inner=Optimization terminated successfully,1,-447.64522288643514,450.69678588870005,,pythia1b_10x_licenseclean_contcert_20260504_linear_20260504_deep6_licenseclean,pythia1b_10x_licenseclean_contcert_20260504
linear,triple,capitals+multiplication+modadd,6.2555343626778495,4.866698455810514,0,"[0.5999987125513541, 0.2, 0.20000128744864587]","[0.6, 0.2, 0.2]",0.0,"{""capitals"": 1.1461538461538443, ""modadd"": -4.866698455810514, ""multiplication"": 15.549966621398958}",modadd,continuous_primal_dual_psd,6,6.2555343626778495,6.2555343626778495,0.0,"[0.0, 0.0, 1.0]",primal=Optimization terminated successfully; dual=outer=Optimization terminated successfully; inner=Optimization terminated successfully,1,-25.000000000303064,25.00000000030306,,pythia1b_10x_licenseclean_contcert_20260504_linear_20260504_deep6_licenseclean,pythia1b_10x_licenseclean_contcert_20260504
linear,triple,capitals+nli+addition,6.897918123660666,6.9500238418578775,0,"[0.5666670909636209, 0.2, 0.23333290903637915]","[0.6, 0.2, 0.2]",0.0,"{""addition"": -6.9500238418578775, ""capitals"": 1.2230769230769214, ""nli"": 0.4145033966680933}",addition,continuous_primal_dual_psd,6,6.897918123660666,6.897918123660666,0.0,"[0.0, 0.0, 1.0]",primal=Optimization terminated successfully; dual=outer=Optimization terminated successfully; inner=Optimization terminated successfully,1,-3.545258050685013,3.545258050685013,,pythia1b_10x_licenseclean_contcert_20260504_linear_20260504_deep6_licenseclean,pythia1b_10x_licenseclean_contcert_20260504
linear,triple,capitals+nli+authors,0.5668581949501261,2.1583468437194497,0,"[0.20000000000000015, 0.20000000000000426, 0.5999999999999956]","[0.2, 0.2, 0.6]",0.0,"{""authors"": -2.1583468437194497, ""capitals"": 1.2999999999999983, ""nli"": 0.3000000000000018}",authors,continuous_primal_dual_psd,6,0.5668581949501261,0.5668581949501261,0.0,"[0.0, 0.0, 1.0]",primal=Optimization terminated successfully; dual=outer=Optimization terminated successfully; inner=Optimization terminated successfully,1,-3.3709041432289526,3.3709041432289526,,pythia1b_10x_licenseclean_contcert_20260504_linear_20260504_deep6_licenseclean,pythia1b_10x_licenseclean_contcert_20260504
linear,triple,capitals+nli+modadd,10.074976158040105,10.422256660461393,0,"[0.500001716564053, 0.20000000000002538, 0.2999982834359216]","[0.6, 0.2, 0.2]",0.0,"{""capitals"": 1.453846153846152, ""modadd"": -10.422256660461393, ""nli"": 0.5290074048526294}",modadd,continuous_primal_dual_psd,6,10.074976158040105,10.074976158040103,1.7763568394002505e-15,"[1.6653345369377346e-16, 0.0, 0.9999999999999998]",primal=Optimization terminated successfully; dual=outer=Optimization terminated successfully; inner=Optimization terminated successfully,1,-13.76156515721671,13.76156515721671,,pythia1b_10x_licenseclean_contcert_20260504_linear_20260504_deep6_licenseclean,pythia1b_10x_licenseclean_contcert_20260504
linear,triple,capitals+nli+multiplication,-0.6353472426326543,-0.9488550271849654,1,"[0.22506101468681788, 0.46523836387725626, 0.3097006214359259]","[0.2, 0.4, 0.4]",0.0,"{""capitals"": 2.0692307692307677, ""multiplication"": 4.2999713897705405, ""nli"": 0.9488550271849654}",nli,continuous_primal_dual_psd,6,-0.6353472426326543,-0.6353472426390564,6.402101071500965e-12,"[2.239974540382712e-17, 0.9293389681407304, 0.07066103185926968]",primal=Optimization terminated successfully; dual=outer=Optimization terminated successfully; inner=Optimization terminated successfully,1,-10.112712429686908,10.112712429686908,,pythia1b_10x_licenseclean_contcert_20260504_linear_20260504_deep6_licenseclean,pythia1b_10x_licenseclean_contcert_20260504
linear,triple,capitals+nli+subtraction,15.70004529953,4.449990463256803,0,"[0.2, 0.2, 0.6]","[0.6, 0.2, 0.2]",15.000057220458984,"{""capitals"": 0.6846153846153828, ""nli"": 0.8267174592225565, ""subtraction"": -4.449990463256803}",subtraction,continuous_primal_dual_psd,6,15.70004529953,15.70004529953,0.0,"[0.0, 0.0, 1.0]",primal=Optimization terminated successfully; dual=outer=Optimization terminated successfully; inner=Optimization terminated successfully,1,-257.3782079316034,282.98166758768144,,pythia1b_10x_licenseclean_contcert_20260504_linear_20260504_deep6_licenseclean,pythia1b_10x_licenseclean_contcert_20260504
linear,triple,capitals+subtraction+modadd,21.813464016479735,3.199985694885221,0,"[0.20000000000090504, 0.2, 0.5999999999990949]","[0.6, 0.2, 0.2]",5.000019073486328,"{""capitals"": 0.530769230769229, ""modadd"": -2.0888835906982095, ""subtraction"": -3.199985694885221}",subtraction,continuous_primal_dual_psd,6,21.813464016479735,21.813464016479735,0.0,"[0.0, 0.0, 1.0]",primal=Optimization terminated successfully; dual=outer=Optimization terminated successfully; inner=Optimization terminated successfully,1,-306.629922193988,306.629922193988,,pythia1b_10x_licenseclean_contcert_20260504_linear_20260504_deep6_licenseclean,pythia1b_10x_licenseclean_contcert_20260504
linear,triple,capitals+subtraction+multiplication,7.999165462874545,3.199985694885221,0,"[0.2, 0.35714237206682353, 0.4428576279331764]","[0.6, 0.2, 0.2]",13.750052452087402,"{""capitals"": 0.22307692307692134, ""multiplication"": 16.79997138977054, ""subtraction"": -3.199985694885221}",subtraction,continuous_primal_dual_psd,6,7.999165462874545,7.999165462874545,0.0,"[0.0, 1.0, 0.0]",primal=Optimization terminated successfully; dual=outer=Optimization terminated successfully; inner=Optimization terminated successfully,1,-187.50131130305962,187.50131130305962,,pythia1b_10x_licenseclean_contcert_20260504_linear_20260504_deep6_licenseclean,pythia1b_10x_licenseclean_contcert_20260504
linear,triple,hemisphere+addition+modadd,20.699992847443163,-0.6888835906982749,1,"[0.200000000000006, 0.2000000000000058, 0.5999999999999882]","[0.6, 0.2, 0.2]",20.138907432556152,"{""addition"": 5.550000000000033, ""hemisphere"": 0.794625518937588, ""modadd"": 0.6888835906982749}",modadd,continuous_primal_dual_psd,6,20.699992847443163,20.699992847443163,0.0,"[0.0, 1.0, 0.0]",primal=Optimization terminated successfully; dual=outer=Optimization terminated successfully; inner=Optimization terminated successfully,1,-507.50112271051455,507.50112271051455,,pythia1b_10x_licenseclean_contcert_20260504_linear_20260504_deep6_licenseclean,pythia1b_10x_licenseclean_contcert_20260504
linear,triple,hemisphere+addition+multiplication,7.8041205363378,-0.6655933045376876,1,"[0.2, 0.2, 0.6]","[0.6, 0.2, 0.2]",8.865621914767146,"{""addition"": 5.550000000000033, ""hemisphere"": 0.6655933045376876, ""multiplication"": 18.049976158142123}",hemisphere,continuous_primal_dual_psd,6,7.8041205363378,7.8041205363378,0.0,"[0.0, 1.0, 0.0]",primal=Optimization terminated successfully; dual=outer=Optimization terminated successfully; inner=Optimization terminated successfully,1,-202.25448701257048,202.25448701257048,,pythia1b_10x_licenseclean_contcert_20260504_linear_20260504_deep6_licenseclean,pythia1b_10x_licenseclean_contcert_20260504
linear,triple,hemisphere+addition+subtraction,16.88498801236593,-0.9344094026684971,1,"[0.536367929238163, 0.2, 0.2636320707618369]","[0.6, 0.2, 0.2]",0.0,"{""addition"": 8.050009536743197, ""hemisphere"": 0.9344094026684971, ""subtraction"": 3.0499427795410483}",hemisphere,continuous_primal_dual_psd,6,16.88498801236593,16.88498801236593,0.0,"[0.0, 1.0, 0.0]",primal=Optimization terminated successfully; dual=outer=Optimization terminated successfully; inner=Optimization terminated successfully,1,-161.31987682039,161.31987682039,,pythia1b_10x_licenseclean_contcert_20260504_linear_20260504_deep6_licenseclean,pythia1b_10x_licenseclean_contcert_20260504
linear,triple,hemisphere+authors+addition,7.58045217951204,6.533327770233122,0,"[0.2, 0.20031792060148068, 0.5996820793985194]","[0.6, 0.2, 0.2]",11.041665077209473,"{""addition"": 8.050009536743197, ""authors"": -6.533327770233122, ""hemisphere"": -0.08709799680278547}",authors,continuous_primal_dual_psd,6,7.58045217951204,7.5804521795116955,3.446132268436486e-13,"[0.1772931630465825, 0.8227068369534174, 4.937362090144946e-17]",primal=Optimization terminated successfully; dual=outer=Optimization terminated successfully; inner=Optimization terminated successfully,1,-263.04869557079314,263.04869557079314,,pythia1b_10x_licenseclean_contcert_20260504_linear_20260504_deep6_licenseclean,pythia1b_10x_licenseclean_contcert_20260504
linear,triple,hemisphere+authors+modadd,24.415336882037998,6.255582046508756,0,"[0.31457549164355486, 0.20000000000000218, 0.485424508356443]","[0.6, 0.2, 0.2]",4.166698455810547,"{""authors"": -1.5333325386047036, ""hemisphere"": 1.32150469226511, ""modadd"": -6.255582046508756}",modadd,continuous_primal_dual_psd,6,24.415336882037998,24.415336882037998,0.0,"[0.0, 0.0, 1.0]",primal=Optimization terminated successfully; dual=outer=Optimization terminated successfully; inner=Optimization terminated successfully,1,-376.0739570412883,376.0739570412883,,pythia1b_10x_licenseclean_contcert_20260504_linear_20260504_deep6_licenseclean,pythia1b_10x_licenseclean_contcert_20260504
linear,triple,hemisphere+authors+multiplication,1.227703473563927,-0.6870952895966168,1,"[0.2, 0.2, 0.6]","[0.2, 0.2, 0.6]",0.0,"{""authors"": 14.299997615814242, ""hemisphere"": 0.6870952895966168, ""multiplication"": 9.299966621398958}",hemisphere,continuous_primal_dual_psd,6,1.227703473563927,1.227703473563927,0.0,"[0.0, 1.0, 0.0]",primal=Optimization terminated successfully; dual=outer=Optimization terminated successfully; inner=Optimization terminated successfully,1,-117.28886811881354,117.28886811881355,,pythia1b_10x_licenseclean_contcert_20260504_linear_20260504_deep6_licenseclean,pythia1b_10x_licenseclean_contcert_20260504
linear,triple,hemisphere+authors+subtraction,9.677530963970442,5.28332300186154,0,"[0.2, 0.2, 0.6]","[0.2, 0.6, 0.2]",7.916700839996338,"{""authors"": -5.28332300186154, ""hemisphere"": -0.3021503338661977, ""subtraction"": -4.449990463256803}",authors,continuous_primal_dual_psd,6,9.677530963970442,9.677530963970442,0.0,"[0.0, 0.0, 1.0]",primal=Optimization terminated successfully; dual=outer=Optimization terminated successfully; inner=Optimization terminated successfully,1,-226.33440237813159,226.33440237813159,,pythia1b_10x_licenseclean_contcert_20260504_linear_20260504_deep6_licenseclean,pythia1b_10x_licenseclean_contcert_20260504
linear,triple,hemisphere+multiplication+modadd,18.75553436279295,3.4777671813964517,0,"[0.2, 0.2, 0.6]","[0.6, 0.2, 0.2]",5.555605888366699,"{""hemisphere"": 1.8268818805337026, ""modadd"": -3.4777671813964517, ""multiplication"": 10.54994754791263}",modadd,continuous_primal_dual_psd,6,18.75553436279295,18.75553436279295,0.0,"[0.0, 0.0, 1.0]",primal=Optimization terminated successfully; dual=outer=Optimization terminated successfully; inner=Optimization terminated successfully,1,-202.37601276910056,202.46365289688356,,pythia1b_10x_licenseclean_contcert_20260504_linear_20260504_deep6_licenseclean,pythia1b_10x_licenseclean_contcert_20260504
linear,triple,hemisphere+nli+addition,14.45002861022965,0.23435101900042563,0,"[0.20000000000000295, 0.2, 0.599999999999997]","[0.6, 0.2, 0.2]",7.965677591229034,"{""addition"": 3.0499904632568686, ""hemisphere"": 0.8053771882685968, ""nli"": -0.23435101900042563}",nli,continuous_primal_dual_psd,6,14.45002861022965,14.45002861022965,0.0,"[0.0, 0.0, 1.0]",primal=Optimization terminated successfully; dual=outer=Optimization terminated successfully; inner=Optimization terminated successfully,1,-223.8220306902939,225.34781434691192,,pythia1b_10x_licenseclean_contcert_20260504_linear_20260504_deep6_licenseclean,pythia1b_10x_licenseclean_contcert_20260504
linear,triple,hemisphere+nli+authors,3.926883552062697,-0.05268724053121203,1,"[0.259113733131937, 0.2, 0.540886266868063]","[0.6, 0.2, 0.2]",6.585991168906424,"{""authors"": 0.5499928474426596, ""hemisphere"": 0.05268724053121203, ""nli"": 0.06335781233661228}",hemisphere,continuous_primal_dual_psd,6,3.926883552062697,3.9268835516567564,4.059406144563127e-10,"[0.45317978493990735, 1.078157388463298e-16, 0.5468202150600925]",primal=Optimization terminated successfully; dual=outer=Optimization terminated successfully; inner=Optimization terminated successfully,1,-252.18016520623615,252.18016520623613,,pythia1b_10x_licenseclean_contcert_20260504_linear_20260504_deep6_licenseclean,pythia1b_10x_licenseclean_contcert_20260504
linear,triple,hemisphere+nli+modadd,5.56101866004664,2.0888835906982095,0,"[0.599999999999996, 0.2, 0.20000000000000395]","[0.6, 0.2, 0.2]",0.0,"{""hemisphere"": 1.1924724778652096, ""modadd"": -2.0888835906982095, ""nli"": -0.3488544156685171}",modadd,continuous_primal_dual_psd,6,5.56101866004664,5.56101866004664,0.0,"[0.0, 0.0, 1.0]",primal=Optimization terminated successfully; dual=outer=Optimization terminated successfully; inner=Optimization terminated successfully,1,-295.9757626855319,295.9757626855319,,pythia1b_10x_licenseclean_contcert_20260504_linear_20260504_deep6_licenseclean,pythia1b_10x_licenseclean_contcert_20260504
linear,triple,hemisphere+nli+multiplication,20.491644811641628,-0.04193557120020328,1,"[0.2000000000000095, 0.20000000000004778, 0.5999999999999427]","[0.6, 0.2, 0.2]",0.26881880533698627,"{""hemisphere"": 0.04193557120020328, ""multiplication"": 23.04999523162845, ""nli"": 0.124426902076039}",hemisphere,continuous_primal_dual_psd,6,20.491644811641628,20.491644811641628,0.0,"[1.0, 0.0, 0.0]",primal=Optimization terminated successfully; dual=outer=Optimization terminated successfully; inner=Optimization terminated successfully,1,-561.5920558973337,562.1720036540728,,pythia1b_10x_licenseclean_contcert_20260504_linear_20260504_deep6_licenseclean,pythia1b_10x_licenseclean_contcert_20260504
linear,triple,hemisphere+nli+subtraction,-0.4039347394230859,1.9500047683715493,0,"[0.2, 0.42834767350698855, 0.3716523264930114]","[0.6, 0.2, 0.2]",6.25,"{""hemisphere"": 0.5580644287998048, ""nli"": 0.18549538029902113, ""subtraction"": -1.9500047683715493}",subtraction,continuous_primal_dual_psd,6,-0.4039347394230859,-0.4039347394230859,0.0,"[0.0, 0.0, 1.0]",primal=Optimization terminated successfully; dual=outer=Optimization terminated successfully; inner=Optimization terminated successfully,1,-109.80866639527301,109.808666395273,,pythia1b_10x_licenseclean_contcert_20260504_linear_20260504_deep6_licenseclean,pythia1b_10x_licenseclean_contcert_20260504
linear,triple,hemisphere+subtraction+modadd,11.001742679717738,2.0888835906982095,0,"[0.3237179275609717, 0.2, 0.4762820724390283]","[0.6, 0.2, 0.2]",1.3889074325561523,"{""hemisphere"": 0.5473100522626193, ""modadd"": -2.0888835906982095, ""subtraction"": 1.7999618530273764}",modadd,continuous_primal_dual_psd,6,11.001742679717738,11.00174267968259,3.5148772781212756e-11,"[0.17189469298217605, 0.0, 0.8281053070178239]",primal=Optimization terminated successfully; dual=outer=Optimization terminated successfully; inner=Optimization terminated successfully,1,-298.558022566012,298.558022566012,,pythia1b_10x_licenseclean_contcert_20260504_linear_20260504_deep6_licenseclean,pythia1b_10x_licenseclean_contcert_20260504
linear,triple,hemisphere+subtraction+multiplication,15.851414457366706,-0.9344080490654088,1,"[0.2, 0.2, 0.6]","[0.6, 0.2, 0.2]",16.63444142766645,"{""hemisphere"": 0.9344080490654088, ""multiplication"": 11.799952316284212, ""subtraction"": 4.29994754791263}",hemisphere,continuous_primal_dual_psd,6,15.851414457366706,15.851414457366706,0.0,"[0.0, 1.0, 0.0]",primal=Optimization terminated successfully; dual=outer=Optimization terminated successfully; inner=Optimization terminated successfully,1,-230.7886174057989,230.78861740579893,,pythia1b_10x_licenseclean_contcert_20260504_linear_20260504_deep6_licenseclean,pythia1b_10x_licenseclean_contcert_20260504
linear,triple,nli+addition+modadd,18.662711319973106,14.58893127441403,0,"[0.20021538204827338, 0.2, 0.5997846179517266]","[0.4, 0.2, 0.4]",1.1110782623291016,"{""addition"": -14.45000476837155, ""modadd"": -14.58893127441403, ""nli"": -0.17328254077744348}",modadd,continuous_primal_dual_psd,6,18.662711319973106,18.662711319972875,2.3092638912203256e-13,"[0.0, 0.9999999999997733, 2.266520304771743e-13]",primal=Optimization terminated successfully; dual=outer=Optimization terminated successfully; inner=Optimization terminated successfully,1,-215.8846670128793,215.8846670128793,,pythia1b_10x_licenseclean_contcert_20260504_linear_20260504_deep6_licenseclean,pythia1b_10x_licenseclean_contcert_20260504
linear,triple,nli+addition+multiplication,27.574971389770496,13.200023841857877,0,"[0.2, 0.2, 0.6]","[0.2, 0.2, 0.6]",0.0,"{""addition"": -13.200023841857877, ""multiplication"": 8.050009536743197, ""nli"": 0.6282436819649754}",addition,continuous_primal_dual_psd,6,27.574971389770496,27.574971389770496,0.0,"[0.0, 1.0, 0.0]",primal=Optimization terminated successfully; dual=outer=Optimization terminated successfully; inner=Optimization terminated successfully,1,-497.9067110196566,499.02184741960093,,pythia1b_10x_licenseclean_contcert_20260504_linear_20260504_deep6_licenseclean,pythia1b_10x_licenseclean_contcert_20260504
linear,triple,nli+addition+subtraction,20.107510175770997,23.200014305114713,0,"[0.2, 0.49287487260206075, 0.3071251273979392]","[0.2, 0.4, 0.4]",0.0,"{""addition"": -16.949990463256803, ""nli"": 0.3000000000000018, ""subtraction"": -23.200014305114713}",subtraction,continuous_primal_dual_psd,6,20.107510175770997,20.107510175770997,0.0,"[0.0, 1.0, 0.0]",primal=Optimization terminated successfully; dual=outer=Optimization terminated successfully; inner=Optimization terminated successfully,1,-75.15959842408611,75.15959842408611,,pythia1b_10x_licenseclean_contcert_20260504_linear_20260504_deep6_licenseclean,pythia1b_10x_licenseclean_contcert_20260504
linear,triple,nli+authors+addition,5.679965596967698,6.116679382324186,0,"[0.27364928080676276, 0.5263507191932463, 0.19999999999999096]","[0.4, 0.4, 0.2]",2.4999618530273438,"{""addition"": -3.2000095367431314, ""authors"": -6.116679382324186, ""nli"": 0.47557248640752003}",authors,continuous_primal_dual_psd,6,5.679965596967698,5.679965596967503,1.9451107391432743e-13,"[0.0, 0.5098586789351343, 0.4901413210648658]",primal=Optimization terminated successfully; dual=outer=Optimization terminated successfully; inner=Optimization terminated successfully,1,-82.31035293488733,82.31035293488735,,pythia1b_10x_licenseclean_contcert_20260504_linear_20260504_deep6_licenseclean,pythia1b_10x_licenseclean_contcert_20260504
linear,triple,nli+authors+modadd,24.375918761262255,15.977814865112272,0,"[0.20000000000009058, 0.2000000000000964, 0.599999999999813]","[0.2, 0.4, 0.4]",1.3888835906982422,"{""authors"": -6.116655540466276, ""modadd"": -15.977814865112272, ""nli"": -0.18091671207176085}",modadd,continuous_primal_dual_psd,6,24.375918761262255,24.375918761262255,0.0,"[0.0, 0.0, 1.0]",primal=Optimization terminated successfully; dual=outer=Optimization terminated successfully; inner=Optimization terminated successfully,1,-177.88668596757736,177.88668596757734,,pythia1b_10x_licenseclean_contcert_20260504_linear_20260504_deep6_licenseclean,pythia1b_10x_licenseclean_contcert_20260504
linear,triple,nli+authors+multiplication,7.49909905828108,-0.7427476901495115,1,"[0.2, 0.2, 0.6]","[0.6, 0.2, 0.2]",1.8594079989873693,"{""authors"": 3.0500023841858237, ""multiplication"": 6.800004768371615, ""nli"": 0.7427476901495115}",nli,continuous_primal_dual_psd,6,7.49909905828108,7.49909905828108,0.0,"[0.0, 1.0, 0.0]",primal=Optimization terminated successfully; dual=outer=Optimization terminated successfully; inner=Optimization terminated successfully,1,-148.99018738541344,148.99018738541344,,pythia1b_10x_licenseclean_contcert_20260504_linear_20260504_deep6_licenseclean,pythia1b_10x_licenseclean_contcert_20260504
linear,triple,nli+authors+subtraction,5.480668973983983,6.949999999999967,0,"[0.2, 0.35540926147141105, 0.444590738528589]","[0.2, 0.6, 0.2]",8.750033378601074,"{""authors"": 3.6749809265137046, ""nli"": 0.4145040081845379, ""subtraction"": -6.949999999999967}",subtraction,continuous_primal_dual_psd,6,5.480668973983983,5.480668973975311,8.672174089952023e-12,"[4.22505321396645e-15, 0.5354396540647772, 0.4645603459352185]",primal=Optimization terminated successfully; dual=outer=Optimization terminated successfully; inner=Optimization terminated successfully,1,-200.76362433073206,200.76362433073209,,pythia1b_10x_licenseclean_contcert_20260504_linear_20260504_deep6_licenseclean,pythia1b_10x_licenseclean_contcert_20260504
linear,triple,nli+multiplication+modadd,25.526124650337554,17.366698455810514,0,"[0.2000000000000509, 0.20000000000000226, 0.5999999999999468]","[0.2, 0.2, 0.6]",0.0,"{""modadd"": -17.366698455810514, ""multiplication"": -0.7000238418578775, ""nli"": -0.35648919847927907}",modadd,continuous_primal_dual_psd,6,25.526124650337554,25.526124650337554,0.0,"[0.0, 0.0, 1.0]",primal=Optimization terminated successfully; dual=outer=Optimization terminated successfully; inner=Optimization terminated successfully,1,-145.5744264782332,145.57442647823316,,pythia1b_10x_licenseclean_contcert_20260504_linear_20260504_deep6_licenseclean,pythia1b_10x_licenseclean_contcert_20260504
linear,triple,nli+subtraction+modadd,14.623378536356894,13.200047683715788,0,"[0.2, 0.4950471726172761, 0.3049528273827239]","[0.2, 0.2, 0.6]",1.2499809265136719,"{""modadd"": -13.200047683715788, ""nli"": -0.35648919847927907, ""subtraction"": -6.9500238418578775}",modadd,continuous_primal_dual_psd,6,14.623378536356894,14.623378536356883,1.0658141036401503e-14,"[1.7810346865586487e-16, 0.19801293743027004, 0.8019870625697298]",primal=Optimization terminated successfully; dual=outer=Optimization terminated successfully; inner=Optimization terminated successfully,1,-81.81457210980997,82.68071972573046,,pythia1b_10x_licenseclean_contcert_20260504_linear_20260504_deep6_licenseclean,pythia1b_10x_licenseclean_contcert_20260504
linear,triple,nli+subtraction+multiplication,24.449887943267797,21.95003337860104,0,"[0.2, 0.2, 0.6]","[0.2, 0.6, 0.2]",1.2499809265136719,"{""multiplication"": -6.9500238418578775, ""nli"": 0.7732825407774472, ""subtraction"": -21.95003337860104}",subtraction,continuous_primal_dual_psd,6,24.449887943267797,24.449887943267797,0.0,"[0.0, 1.0, 0.0]",primal=Optimization terminated successfully; dual=outer=Optimization terminated successfully; inner=Optimization terminated successfully,1,-327.2522112869741,330.7167962103484,,pythia1b_10x_licenseclean_contcert_20260504_linear_20260504_deep6_licenseclean,pythia1b_10x_licenseclean_contcert_20260504
linear,triple,population+addition+modadd,27.090219235328036,0.41166266037244054,0,"[0.20000000000001092, 0.2, 0.5999999999999891]","[0.6, 0.2, 0.2]",12.788385023343347,"{""addition"": 5.550000000000033, ""modadd"": 0.6888835906982749, ""population"": -0.41166266037244054}",population,continuous_primal_dual_psd,6,27.090219235328036,27.090219235328036,0.0,"[0.0, 0.0, 1.0]",primal=Optimization terminated successfully; dual=outer=Optimization terminated successfully; inner=Optimization terminated successfully,1,-350.659763480831,350.659763480831,,pythia1b_10x_licenseclean_contcert_20260504_linear_20260504_deep6_licenseclean,pythia1b_10x_licenseclean_contcert_20260504
linear,triple,population+addition+multiplication,15.075007152557898,-0.5499809265137046,1,"[0.20000000000000595, 0.2000000000000004, 0.5999999999999936]","[0.4, 0.2, 0.4]",3.749990463256836,"{""addition"": 0.5499809265137046, ""multiplication"": 8.050009536743197, ""population"": 0.6803585391989342}",addition,continuous_primal_dual_psd,6,15.075007152557898,15.075007152557898,0.0,"[0.0, 1.0, 0.0]",primal=Optimization terminated successfully; dual=outer=Optimization terminated successfully; inner=Optimization terminated successfully,1,-391.27516835679774,391.56163456899714,,pythia1b_10x_licenseclean_contcert_20260504_linear_20260504_deep6_licenseclean,pythia1b_10x_licenseclean_contcert_20260504
linear,triple,population+addition+subtraction,4.957265058345168,0.6999999999999673,0,"[0.6000000000000001, 0.2000000000000006, 0.1999999999999993]","[0.6, 0.2, 0.2]",0.0,"{""addition"": 11.800000000000033, ""population"": 0.6864983057719598, ""subtraction"": -0.6999999999999673}",subtraction,continuous_primal_dual_psd,6,4.957265058345168,4.957265058345168,0.0,"[0.0, 1.0, 0.0]",primal=Optimization terminated successfully; dual=outer=Optimization terminated successfully; inner=Optimization terminated successfully,1,-98.82196141476383,98.82196141476382,,pythia1b_10x_licenseclean_contcert_20260504_linear_20260504_deep6_licenseclean,pythia1b_10x_licenseclean_contcert_20260504
linear,triple,population+authors+addition,5.079706808228259,1.9500166893005044,0,"[0.39848069792718255, 0.3929215613033187, 0.20859774076949877]","[0.4, 0.4, 0.2]",0.0,"{""addition"": 14.300009536743197, ""authors"": -1.9500166893005044, ""population"": 1.5576500912276636}",authors,continuous_primal_dual_psd,6,5.079706808228259,5.079706808226416,1.84297022087776e-12,"[0.4256795365322221, 0.5743204634676766, 1.013271769007701e-13]",primal=Optimization terminated successfully; dual=outer=Optimization terminated successfully; inner=Optimization terminated successfully,1,-45.412854981815265,45.41285498181527,,pythia1b_10x_licenseclean_contcert_20260504_linear_20260504_deep6_licenseclean,pythia1b_10x_licenseclean_contcert_20260504
linear,triple,population+authors+modadd,13.292251670955082,2.0889074325561197,0,"[0.38658497867947106, 0.20000000000005308, 0.4134150213204759]","[0.6, 0.2, 0.2]",7.569420337677002,"{""authors"": 3.883323001861605, ""modadd"": -2.0889074325561197, ""population"": 0.6742303570911408}",modadd,continuous_primal_dual_psd,6,13.292251670955082,13.292251670954517,5.648814749292796e-13,"[0.0, 0.05367933373613785, 0.9463206662638622]",primal=Optimization terminated successfully; dual=outer=Optimization terminated successfully; inner=Optimization terminated successfully,1,-140.6308522996445,140.63085229964452,,pythia1b_10x_licenseclean_contcert_20260504_linear_20260504_deep6_licenseclean,pythia1b_10x_licenseclean_contcert_20260504
linear,triple,population+authors+multiplication,4.4726472060867986,-0.9441657736974717,1,"[0.2, 0.2, 0.6]","[0.2, 0.2, 0.6]",0.0,"{""authors"": 5.133327770233187, ""multiplication"": 1.8000095367431967, ""population"": 0.9441657736974717}",population,continuous_primal_dual_psd,6,4.4726472060867986,4.472647206086798,8.881784197001252e-16,"[8.881784197001244e-16, 0.9999999999999991, 0.0]",primal=Optimization terminated successfully; dual=outer=Optimization terminated successfully; inner=Optimization terminated successfully,1,-96.94108455981444,96.94108455981444,,pythia1b_10x_licenseclean_contcert_20260504_linear_20260504_deep6_licenseclean,pythia1b_10x_licenseclean_contcert_20260504
linear,triple,population+authors+subtraction,11.908621780804907,-0.133332538604769,1,"[0.3194593750762805, 0.2, 0.4805406249237194]","[0.6, 0.2, 0.2]",5.8333516120910645,"{""authors"": 0.133332538604769, ""population"": 0.5392597526716673, ""subtraction"": 5.549952316284212}",authors,continuous_primal_dual_psd,6,11.908621780804907,11.908621780804907,0.0,"[0.0, 0.0, 1.0]",primal=Optimization terminated successfully; dual=outer=Optimization terminated successfully; inner=Optimization terminated successfully,1,-206.42393417533438,206.42393417533438,,pythia1b_10x_licenseclean_contcert_20260504_linear_20260504_deep6_licenseclean,pythia1b_10x_licenseclean_contcert_20260504
linear,triple,population+capitals+addition,15.829857660751284,-0.6926322801123693,1,"[0.20000000000016774, 0.2, 0.5999999999998322]","[0.4, 0.4, 0.2]",0.705522893799415,"{""addition"": 14.299985694885287, ""capitals"": 0.8384615384615367, ""population"": 0.6926322801123693}",population,continuous_primal_dual_psd,6,15.829857660751284,15.829857660751284,0.0,"[0.0, 0.0, 1.0]",primal=Optimization terminated successfully; dual=outer=Optimization terminated successfully; inner=Optimization terminated successfully,1,-545.807682796167,545.807682796167,,pythia1b_10x_licenseclean_contcert_20260504_linear_20260504_deep6_licenseclean,pythia1b_10x_licenseclean_contcert_20260504
linear,triple,population+capitals+authors,4.405913537244777,5.491653156280485,0,"[0.2, 0.2, 0.6]","[0.2, 0.2, 0.6]",0.0,"{""authors"": -5.491653156280485, ""capitals"": 0.9923076923076906, ""population"": 1.5576558834602798}",authors,continuous_primal_dual_psd,6,4.405913537244777,4.405913537244776,8.881784197001252e-16,"[4.440892098500624e-16, 0.0, 0.9999999999999996]",primal=Optimization terminated successfully; dual=outer=Optimization terminated successfully; inner=Optimization terminated successfully,1,-80.58082717149874,81.50362220236475,,pythia1b_10x_licenseclean_contcert_20260504_linear_20260504_deep6_licenseclean,pythia1b_10x_licenseclean_contcert_20260504
linear,triple,population+capitals+hemisphere,5.254523944011401,-0.2892469770659069,1,"[0.2, 0.2, 0.6]","[0.2, 0.6, 0.2]",1.2101048067163456,"{""capitals"": 0.7615384615384598, ""hemisphere"": 0.2892469770659069, ""population"": 0.49631614005618463}",hemisphere,continuous_primal_dual_psd,6,5.254523944011401,5.254523944011401,0.0,"[0.0, 0.0, 1.0]",primal=Optimization terminated successfully; dual=outer=Optimization terminated successfully; inner=Optimization terminated successfully,1,-175.55664956761456,175.55664956761456,,pythia1b_10x_licenseclean_contcert_20260504_linear_20260504_deep6_licenseclean,pythia1b_10x_licenseclean_contcert_20260504
linear,triple,population+capitals+modadd,18.954072945947996,-1.030058791161053,1,"[0.20000000000001422, 0.200000000000014, 0.5999999999999718]","[0.6, 0.2, 0.2]",7.28564083766981,"{""capitals"": 1.453846153846152, ""modadd"": 4.855534362793001, ""population"": 1.030058791161053}",population,continuous_primal_dual_psd,6,18.954072945947996,18.954072945947996,0.0,"[0.0, 0.0, 1.0]",primal=Optimization terminated successfully; dual=outer=Optimization terminated successfully; inner=Optimization terminated successfully,1,-371.81218261588117,371.81218261588117,,pythia1b_10x_licenseclean_contcert_20260504_linear_20260504_deep6_licenseclean,pythia1b_10x_licenseclean_contcert_20260504
linear,triple,population+capitals+multiplication,1.0786051594224153,-0.9687016710591098,1,"[0.2, 0.4033112176107425, 0.39668878238925753]","[0.4, 0.2, 0.4]",1.165640476121521,"{""capitals"": 1.3769230769230751, ""multiplication"": 14.299985694885287, ""population"": 0.9687016710591098}",population,continuous_primal_dual_psd,6,1.0786051594224153,1.0786051594092918,1.3123502284884125e-11,"[0.9541084871108049, 0.0, 0.045891512889195185]",primal=Optimization terminated successfully; dual=outer=Optimization terminated successfully; inner=Optimization terminated successfully,1,-54.42610331894332,54.42610331894332,,pythia1b_10x_licenseclean_contcert_20260504_linear_20260504_deep6_licenseclean,pythia1b_10x_licenseclean_contcert_20260504
linear,triple,population+capitals+nli,6.0039552540900445,0.38712097077818647,0,"[0.2, 0.2, 0.6]","[0.6, 0.2, 0.2]",1.3006052883083785,"{""capitals"": 1.2230769230769214, ""nli"": -0.3488550271849617, ""population"": -0.38712097077818647}",population,continuous_primal_dual_psd,6,6.0039552540900445,6.0039552540900445,0.0,"[1.0, 5.551115123125783e-17, 0.0]",primal=Optimization terminated successfully; dual=outer=Optimization terminated successfully; inner=Optimization terminated successfully,1,-75.1586620411761,75.18028926197604,,pythia1b_10x_licenseclean_contcert_20260504_linear_20260504_deep6_licenseclean,pythia1b_10x_licenseclean_contcert_20260504
linear,triple,population+capitals+subtraction,5.343814855405172,-0.29999999999999827,1,"[0.2, 0.2, 0.6]","[0.6, 0.2, 0.2]",9.75003337860104,"{""capitals"": 0.29999999999999827, ""population"": 0.901216368849373, ""subtraction"": 8.049961853027376}",capitals,continuous_primal_dual_psd,6,5.343814855405172,5.343814855405172,0.0,"[1.0, 0.0, 0.0]",primal=Optimization terminated successfully; dual=outer=Optimization terminated successfully; inner=Optimization terminated successfully,1,-93.74976158142088,112.6730806058731,,pythia1b_10x_licenseclean_contcert_20260504_linear_20260504_deep6_licenseclean,pythia1b_10x_licenseclean_contcert_20260504
linear,triple,population+hemisphere+addition,2.642826913948605,-0.49018216571577516,1,"[0.20000000000001264, 0.2, 0.5999999999999873]","[0.6, 0.2, 0.2]",2.4402107759452347,"{""addition"": 11.799976158142123, ""hemisphere"": 1.0419369248032917, ""population"": 0.49018216571577516}",population,continuous_primal_dual_psd,6,2.642826913948605,2.642826913948605,0.0,"[1.0, 0.0, 0.0]",primal=Optimization terminated successfully; dual=outer=Optimization terminated successfully; inner=Optimization terminated successfully,1,-124.89542590413069,124.89542590413068,,pythia1b_10x_licenseclean_contcert_20260504_linear_20260504_deep6_licenseclean,pythia1b_10x_licenseclean_contcert_20260504
linear,triple,population+hemisphere+authors,6.994145366439813,-0.19247247786520952,1,"[0.2, 0.2, 0.6]","[0.4, 0.2, 0.4]",0.3870979968027895,"{""authors"": 2.4249761581421225, ""hemisphere"": 0.19247247786520952, ""population"": 0.6803585391989342}",hemisphere,continuous_primal_dual_psd,6,6.994145366439813,6.994145366439813,0.0,"[0.0, 0.0, 1.0]",primal=Optimization terminated successfully; dual=outer=Optimization terminated successfully; inner=Optimization terminated successfully,1,-250.39837468717582,252.33721049525076,,pythia1b_10x_licenseclean_contcert_20260504_linear_20260504_deep6_licenseclean,pythia1b_10x_licenseclean_contcert_20260504
linear,triple,population+hemisphere+modadd,0.7098190219484222,0.12331373627964899,0,"[0.2, 0.6000000000000018, 0.19999999999999818]","[0.4, 0.4, 0.2]",0.12270265573865445,"{""hemisphere"": 0.9236577333374885, ""modadd"": 3.4666507720947592, ""population"": -0.12331373627964899}",population,continuous_primal_dual_psd,6,0.7098190219484222,0.7098190219484222,0.0,"[1.0, 0.0, 0.0]",primal=Optimization terminated successfully; dual=outer=Optimization terminated successfully; inner=Optimization terminated successfully,1,-86.4989728771787,86.49897287717869,,pythia1b_10x_licenseclean_contcert_20260504_linear_20260504_deep6_licenseclean,pythia1b_10x_licenseclean_contcert_20260504
linear,triple,population+hemisphere+multiplication,0.510271063603227,-0.5453879347794608,1,"[0.22994028462660238, 0.342721797099626, 0.42733791827377154]","[0.4, 0.2, 0.4]",0.41103999536621394,"{""hemisphere"": 0.7946241653344996, ""multiplication"": 16.79997138977054, ""population"": 0.5453879347794608}",population,continuous_primal_dual_psd,6,0.510271063603227,0.5102710635989846,4.242495244000111e-12,"[0.9193135932315585, 0.08068640676844153, 5.1181380794922764e-17]",primal=Optimization terminated successfully; dual=outer=Optimization terminated successfully; inner=Optimization terminated successfully,1,-442.43690368593366,442.43690368593366,,pythia1b_10x_licenseclean_contcert_20260504_linear_20260504_deep6_licenseclean,pythia1b_10x_licenseclean_contcert_20260504
linear,triple,population+hemisphere+nli,4.7809454514550405,0.5220857829650438,0,"[0.2000000000000002, 0.20126349637869104, 0.5987365036213088]","[0.4, 0.4, 0.2]",1.7791363781169454,"{""hemisphere"": 0.6763449738686964, ""nli"": -0.287785937445535, ""population"": -0.5220857829650438}",population,continuous_primal_dual_psd,6,4.7809454514550405,4.780945451447208,7.832845483335404e-12,"[0.9281601610285175, 0.07183983897147786, 4.472553081994806e-15]",primal=Optimization terminated successfully; dual=outer=Optimization terminated successfully; inner=Optimization terminated successfully,1,-212.4024710060366,212.4024710060366,,pythia1b_10x_licenseclean_contcert_20260504_linear_20260504_deep6_licenseclean,pythia1b_10x_licenseclean_contcert_20260504
linear,triple,population+hemisphere+subtraction,6.062543474400548,-0.15275565466709143,1,"[0.2, 0.2, 0.6]","[0.4, 0.4, 0.2]",8.35278426489655,"{""hemisphere"": 0.9344094026684971, ""population"": 0.15275565466709143, ""subtraction"": 5.549952316284212}",population,continuous_primal_dual_psd,6,6.062543474400548,6.062543474400148,3.9968028886505635e-13,"[0.9999999999999254, 0.0, 7.466249840603621e-14]",primal=Optimization terminated successfully; dual=outer=Optimization terminated successfully; inner=Optimization terminated successfully,1,-87.3891542009713,87.3891542009713,,pythia1b_10x_licenseclean_contcert_20260504_linear_20260504_deep6_licenseclean,pythia1b_10x_licenseclean_contcert_20260504
linear,triple,population+multiplication+modadd,6.961582124980846,0.7000238418578775,0,"[0.5734382733734679, 0.2265617266265153, 0.20000000000001683]","[0.6, 0.2, 0.2]",0.0,"{""modadd"": -0.7000238418578775, ""multiplication"": 13.049957084655794, ""population"": -0.19079903848938573}",modadd,continuous_primal_dual_psd,6,6.961582124980846,6.96158212497842,2.425615264201042e-12,"[8.382183835919861e-15, 0.0, 0.9999999999999916]",primal=Optimization terminated successfully; dual=outer=Optimization terminated successfully; inner=Optimization terminated successfully,1,-41.40857859303391,41.40857859303391,,pythia1b_10x_licenseclean_contcert_20260504_linear_20260504_deep6_licenseclean,pythia1b_10x_licenseclean_contcert_20260504
linear,triple,population+nli+addition,7.799761964541533,0.8104347070578355,0,"[0.44295832251829514, 0.2, 0.3570416774817049]","[0.6, 0.2, 0.2]",1.0306640794694315,"{""addition"": 6.799980926513705, ""nli"": -0.5244281251089246, ""population"": -0.8104347070578355}",population,continuous_primal_dual_psd,6,7.799761964541533,7.799761956810739,7.73079378291186e-09,"[0.39214591187974296, 0.0, 0.6078540881202571]",primal=Positive directional derivative for linesearch; dual=outer=Optimization terminated successfully; inner=Optimization terminated successfully,1,-362.99262661098146,362.9926266109815,,pythia1b_10x_licenseclean_contcert_20260504_linear_20260504_deep6_licenseclean,pythia1b_10x_licenseclean_contcert_20260504
linear,triple,population+nli+authors,3.482832926348164,0.1478554258739031,0,"[0.2, 0.20000000000004214, 0.5999999999999579]","[0.2, 0.2, 0.6]",0.0,"{""authors"": 0.13330869674685886, ""nli"": 0.0022893341136301392, ""population"": -0.1478554258739031}",population,continuous_primal_dual_psd,6,3.482832926348164,3.482832926348164,0.0,"[0.0, 0.0, 1.0]",primal=Optimization terminated successfully; dual=outer=Optimization terminated successfully; inner=Optimization terminated successfully,1,-87.64186069012834,87.64186069012837,,pythia1b_10x_licenseclean_contcert_20260504_linear_20260504_deep6_licenseclean,pythia1b_10x_licenseclean_contcert_20260504
linear,triple,population+nli+modadd,15.450155905426811,0.6999999999999982,0,"[0.2, 0.2, 0.6]","[0.6, 0.2, 0.2]",6.94448947906491,"{""modadd"": 0.6888597488403647, ""nli"": -0.6999999999999982, ""population"": -0.12331373627964899}",nli,continuous_primal_dual_psd,6,15.450155905426811,15.450155905426811,0.0,"[0.0, 0.0, 1.0]",primal=Optimization terminated successfully; dual=outer=Optimization terminated successfully; inner=Optimization terminated successfully,1,-165.69635701231107,165.69635701231107,,pythia1b_10x_licenseclean_contcert_20260504_linear_20260504_deep6_licenseclean,pythia1b_10x_licenseclean_contcert_20260504
linear,triple,population+nli+multiplication,1.9812570429772407,0.47301398824176777,0,"[0.5521442589904495, 0.20000000000003662, 0.2478557410095139]","[0.4, 0.2, 0.4]",0.2638014422659214,"{""multiplication"": 11.799976158142123, ""nli"": 0.18549599181546572, ""population"": -0.47301398824176777}",population,continuous_primal_dual_psd,6,1.9812570429772407,1.9812570429772407,0.0,"[1.0, 0.0, 0.0]",primal=Optimization terminated successfully; dual=outer=Optimization terminated successfully; inner=Optimization terminated successfully,1,-66.66677263074912,66.66677263074912,,pythia1b_10x_licenseclean_contcert_20260504_linear_20260504_deep6_licenseclean,pythia1b_10x_licenseclean_contcert_20260504
linear,triple,population+nli+subtraction,1.6962699958411638,1.2276028845318427,0,"[0.45789509557800573, 0.20000000000000165, 0.3421049044219926]","[0.4, 0.4, 0.2]",5.722397115468125,"{""nli"": 0.124426902076039, ""population"": -1.2276028845318427, ""subtraction"": -0.6999999999999673}",population,continuous_primal_dual_psd,6,1.6962699958411638,1.6962699958411567,7.105427357601002e-15,"[0.9999999999999958, 4.218847493575577e-15, 0.0]",primal=Optimization terminated successfully; dual=outer=Optimization terminated successfully; inner=Optimization terminated successfully,1,-3.450045928364416,3.450045928364416,,pythia1b_10x_licenseclean_contcert_20260504_linear_20260504_deep6_licenseclean,pythia1b_10x_licenseclean_contcert_20260504
linear,triple,population+subtraction+modadd,5.442479851474806,0.2766920559529671,0,"[0.21567120652977892, 0.38972554238013896, 0.3946032510900821]","[0.6, 0.2, 0.2]",3.2010989673013945,"{""modadd"": 4.855534362793001, ""population"": -0.2766920559529671, ""subtraction"": 3.0499666213989585}",population,continuous_primal_dual_psd,6,5.442479851474806,5.442479851474463,3.4283687000424834e-13,"[3.690161952365744e-17, 0.2646874563844211, 0.7353125436155787]",primal=Optimization terminated successfully; dual=outer=Optimization terminated successfully; inner=Optimization terminated successfully,1,-143.92407643577982,143.92407643577982,,pythia1b_10x_licenseclean_contcert_20260504_linear_20260504_deep6_licenseclean,pythia1b_10x_licenseclean_contcert_20260504
linear,triple,population+subtraction+multiplication,2.6494058613575384,0.06196820064293782,0,"[0.43494901263920055, 0.2, 0.36505098736079944]","[0.6, 0.2, 0.2]",8.138036567728612,"{""multiplication"": 11.799952316284212, ""population"": -0.06196820064293782, ""subtraction"": 3.0499666213989585}",population,continuous_primal_dual_psd,6,2.6494058613575384,2.6494058613575384,0.0,"[1.0, 0.0, 0.0]",primal=Optimization terminated successfully; dual=outer=Optimization terminated successfully; inner=Optimization terminated successfully,1,-54.45179916285154,54.45179916285155,,pythia1b_10x_licenseclean_contcert_20260504_linear_20260504_deep6_licenseclean,pythia1b_10x_licenseclean_contcert_20260504
linear,triple,sciq+addition+modadd,9.779368050304695,6.255558204650846,0,"[0.6000000000000479, 0.2, 0.199999999999952]","[0.6, 0.2, 0.2]",0.0,"{""addition"": 1.7999856948852866, ""modadd"": -6.255558204650846, ""sciq"": 0.08153533476327494}",modadd,continuous_primal_dual_psd,6,9.779368050304695,9.779368050304695,0.0,"[0.0, 1.0, 0.0]",primal=Optimization terminated successfully; dual=outer=Optimization terminated successfully; inner=Optimization terminated successfully,1,-293.28696560669425,293.28696560669425,,pythia1b_10x_licenseclean_contcert_20260504_linear_20260504_deep6_licenseclean,pythia1b_10x_licenseclean_contcert_20260504
linear,triple,sciq+addition+multiplication,15.869844106955473,3.2000095367431314,0,"[0.2, 0.20000000000002038, 0.5999999999999797]","[0.6, 0.2, 0.2]",3.750014305114746,"{""addition"": -3.2000095367431314, ""multiplication"": 11.799976158142123, ""sciq"": -0.15123532861709918}",addition,continuous_primal_dual_psd,6,15.869844106955473,15.869844106955473,0.0,"[0.0, 1.0, 0.0]",primal=Optimization terminated successfully; dual=outer=Optimization terminated successfully; inner=Optimization terminated successfully,1,-439.4462675886988,439.4462675886988,,pythia1b_10x_licenseclean_contcert_20260504_linear_20260504_deep6_licenseclean,pythia1b_10x_licenseclean_contcert_20260504
linear,triple,sciq+addition+subtraction,2.918734622000869,11.950042915344206,0,"[0.3399999999995106, 0.4600000000016765, 0.1999999999988129]","[0.4, 0.4, 0.2]",0.0,"{""addition"": -1.9500047683715493, ""sciq"": -0.23836045114990567, ""subtraction"": -11.950042915344206}",subtraction,continuous_primal_dual_psd,6,2.918734622000869,2.918734622000869,0.0,"[1.1102230246251565e-16, 0.0, 1.0]",primal=Optimization terminated successfully; dual=outer=Optimization terminated successfully; inner=Optimization terminated successfully,1,-11.010828242693817,11.010828242693817,,pythia1b_10x_licenseclean_contcert_20260504_linear_20260504_deep6_licenseclean,pythia1b_10x_licenseclean_contcert_20260504
linear,triple,sciq+authors+addition,0.7000108972551278,1.741674613952604,0,"[0.2914084761400387, 0.5085915238599614, 0.19999999999999996]","[0.6, 0.2, 0.2]",5.833303928375244,"{""addition"": -0.7000238418578775, ""authors"": -1.741674613952604, ""sciq"": 0.2518843227803217}",authors,continuous_primal_dual_psd,6,0.7000108972551278,0.70001089676511,4.900178041111758e-10,"[2.5745648822934283e-17, 9.041852565900153e-06, 0.9999909581474341]",primal=Optimization terminated successfully; dual=outer=Optimization terminated successfully; inner=Optimization terminated successfully,1,-93.75065565180302,93.75065565180303,,pythia1b_10x_licenseclean_contcert_20260504_linear_20260504_deep6_licenseclean,pythia1b_10x_licenseclean_contcert_20260504
linear,triple,sciq+authors+modadd,25.7000357627872,6.255558204650846,0,"[0.2000000000000007, 0.20000000000001278, 0.5999999999999865]","[0.6, 0.2, 0.2]",9.722256660461426,"{""authors"": 7.424995231628451, ""modadd"": -6.255558204650846, ""sciq"": 0.8266582425904779}",modadd,continuous_primal_dual_psd,6,25.7000357627872,25.7000357627872,0.0,"[0.0, 0.0, 1.0]",primal=Optimization terminated successfully; dual=outer=Optimization terminated successfully; inner=Optimization terminated successfully,1,-264.08260272533727,264.43751404885677,,pythia1b_10x_licenseclean_contcert_20260504_linear_20260504_deep6_licenseclean,pythia1b_10x_licenseclean_contcert_20260504
linear,triple,sciq+authors+multiplication,0.20476117982520778,-0.4937570511705349,1,"[0.2, 0.3336123012476022, 0.46638769875239783]","[0.2, 0.6, 0.2]",0.19375705117053338,"{""authors"": 0.5499928474426596, ""multiplication"": 4.300019073486361, ""sciq"": 0.4937570511705349}",sciq,continuous_primal_dual_psd,6,0.20476117982520778,0.20476117982520592,1.8596235662471372e-15,"[0.9593651089213163, 0.04063489107868365, 0.0]",primal=Optimization terminated successfully; dual=outer=Optimization terminated successfully; inner=Optimization terminated successfully,1,-50.000000000000085,50.000000000000085,,pythia1b_10x_licenseclean_contcert_20260504_linear_20260504_deep6_licenseclean,pythia1b_10x_licenseclean_contcert_20260504
linear,triple,sciq+authors+subtraction,14.094885738891858,6.9500238418578775,0,"[0.2, 0.20000000000001422, 0.5999999999999858]","[0.4, 0.4, 0.2]",11.249971389770508,"{""authors"": 8.466657924652132, ""sciq"": 0.251884843642411, ""subtraction"": -6.9500238418578775}",subtraction,continuous_primal_dual_psd,6,14.094885738891858,14.094885738891858,0.0,"[0.0, 0.0, 1.0]",primal=Optimization terminated successfully; dual=outer=Optimization terminated successfully; inner=Optimization terminated successfully,1,-221.56812283634667,221.56812283634665,,pythia1b_10x_licenseclean_contcert_20260504_linear_20260504_deep6_licenseclean,pythia1b_10x_licenseclean_contcert_20260504
linear,triple,sciq+capitals+addition,14.628675650998908,-0.13615189171902353,1,"[0.2, 0.2, 0.6]","[0.6, 0.2, 0.2]",7.086175733576901,"{""addition"": 3.0499904632568686, ""capitals"": 2.9153846153846135, ""sciq"": 0.13615189171902353}",sciq,continuous_primal_dual_psd,6,14.628675650998908,14.628675650998908,0.0,"[0.0, 0.0, 1.0]",primal=Optimization terminated successfully; dual=outer=Optimization terminated successfully; inner=Optimization terminated successfully,1,-334.63125368148616,334.63125368148616,,pythia1b_10x_licenseclean_contcert_20260504_linear_20260504_deep6_licenseclean,pythia1b_10x_licenseclean_contcert_20260504
linear,triple,sciq+capitals+authors,2.6191291679266584,-0.40012948631539186,1,"[0.20000000000001364, 0.2, 0.5999999999999863]","[0.6, 0.2, 0.2]",3.391820789568533,"{""authors"": 3.6749809265137046, ""capitals"": 2.684615384615383, ""sciq"": 0.40012948631539186}",sciq,continuous_primal_dual_psd,6,2.6191291679266584,2.6191291679266575,8.881784197001252e-16,"[5.551115123125781e-16, 0.0, 0.9999999999999996]",primal=Optimization terminated successfully; dual=outer=Optimization terminated successfully; inner=Optimization terminated successfully,1,-73.0140041928437,77.71490778840686,,pythia1b_10x_licenseclean_contcert_20260504_linear_20260504_deep6_licenseclean,pythia1b_10x_licenseclean_contcert_20260504
linear,triple,sciq+capitals+hemisphere,1.0840603494166174,-0.17096643199701528,1,"[0.2, 0.21412010643195026, 0.5858798935680497]","[0.2, 0.2, 0.6]",0.0,"{""capitals"": 1.1461538461538443, ""hemisphere"": 0.17096643199701528, ""sciq"": 0.2674893509745866}",hemisphere,continuous_primal_dual_psd,6,1.0840603494166174,1.0840603493907524,2.5865087849297197e-11,"[0.8125655316800314, 2.2865722173765618e-15, 0.18743446831996635]",primal=Optimization terminated successfully; dual=outer=Optimization terminated successfully; inner=Optimization terminated successfully,1,-32.22758324321404,32.22758324321404,,pythia1b_10x_licenseclean_contcert_20260504_linear_20260504_deep6_licenseclean,pythia1b_10x_licenseclean_contcert_20260504
linear,triple,sciq+capitals+modadd,35.42220897674558,2.0889074325561197,0,"[0.2, 0.2, 0.6]","[0.4, 0.4, 0.2]",16.666674613952637,"{""capitals"": 3.299999999999998, ""modadd"": -2.0889074325561197, ""sciq"": 0.46904995796643095}",modadd,continuous_primal_dual_psd,6,35.42220897674558,35.42220897674558,0.0,"[0.0, 0.0, 1.0]",primal=Optimization terminated successfully; dual=outer=Optimization terminated successfully; inner=Optimization terminated successfully,1,-465.3862891122668,465.8474953136426,,pythia1b_10x_licenseclean_contcert_20260504_linear_20260504_deep6_licenseclean,pythia1b_10x_licenseclean_contcert_20260504
linear,triple,sciq+capitals+multiplication,0.29499159240201067,-0.48465498616069586,1,"[0.2, 0.2, 0.6]","[0.4, 0.4, 0.2]",0.14564345739921059,"{""capitals"": 2.530769230769229, ""multiplication"": 21.79999046325687, ""sciq"": 0.48465498616069586}",sciq,continuous_primal_dual_psd,6,0.29499159240201067,0.29499159240201067,0.0,"[1.0, 0.0, 0.0]",primal=Optimization terminated successfully; dual=outer=Optimization terminated successfully; inner=Optimization terminated successfully,1,-26.967103487595693,26.967103487595693,,pythia1b_10x_licenseclean_contcert_20260504_linear_20260504_deep6_licenseclean,pythia1b_10x_licenseclean_contcert_20260504
linear,triple,sciq+capitals+nli,-0.06433921204542647,-0.4221375679624107,1,"[0.2, 0.2026425039245617, 0.5973574960754383]","[0.2, 0.4, 0.4]",0.5564677966104491,"{""capitals"": 1.9153846153846137, ""nli"": 0.4221375679624107, ""sciq"": 0.4924575002578283}",nli,continuous_primal_dual_psd,6,-0.06433921204542647,-0.06433921430775044,2.2623239670505058e-09,"[0.2081787784101071, 2.2338969324527114e-16, 0.7918212215898927]",primal=Positive directional derivative for linesearch; dual=outer=Optimization terminated successfully; inner=Optimization terminated successfully,1,-17.75166101957548,17.75166101957548,,pythia1b_10x_licenseclean_contcert_20260504_linear_20260504_deep6_licenseclean,pythia1b_10x_licenseclean_contcert_20260504
linear,triple,sciq+capitals+subtraction,-0.4152429359632366,5.699995231628385,0,"[0.455671872872464, 0.34432812712753486, 0.20000000000000107]","[0.2, 0.6, 0.2]",2.384185791015625e-05,"{""capitals"": 1.0692307692307674, ""sciq"": 0.24278225777048262, ""subtraction"": -5.699995231628385}",subtraction,continuous_primal_dual_psd,6,-0.4152429359632366,-0.4152429359632366,0.0,"[1.0, 0.0, 0.0]",primal=Optimization terminated successfully; dual=outer=Optimization terminated successfully; inner=Optimization terminated successfully,1,-1.3128037765304654,1.3128037765304643,,pythia1b_10x_licenseclean_contcert_20260504_linear_20260504_deep6_licenseclean,pythia1b_10x_licenseclean_contcert_20260504
linear,triple,sciq+hemisphere+addition,10.169681978225682,0.34516107199949786,0,"[0.2, 0.2, 0.6]","[0.2, 0.4, 0.4]",4.104877074973126,"{""addition"": 1.7999856948852866, ""hemisphere"": -0.34516107199949786, ""sciq"": -0.26827043576363957}",hemisphere,continuous_primal_dual_psd,6,10.169681978225682,10.16968197822568,1.7763568394002505e-15,"[0.0, 0.9999999999999998, 1.6653345369377346e-16]",primal=Optimization terminated successfully; dual=outer=Optimization terminated successfully; inner=Optimization terminated successfully,1,-392.74943652715183,393.4769993761072,,pythia1b_10x_licenseclean_contcert_20260504_linear_20260504_deep6_licenseclean,pythia1b_10x_licenseclean_contcert_20260504
linear,triple,sciq+hemisphere+authors,1.2849892021055211,0.7107543765371814,0,"[0.20000000000001067, 0.38279297201933726, 0.4172070279806521]","[0.4, 0.4, 0.2]",1.2392384709054127,"{""authors"": -0.6999880790710122, ""hemisphere"": -0.7107543765371814, ""sciq"": 0.4157339936475675}",hemisphere,continuous_primal_dual_psd,6,1.2849892021055211,1.284989202101401,4.120037644383956e-12,"[0.8796705021323566, 0.1203294978676406, 2.5606644558115277e-15]",primal=Optimization terminated successfully; dual=outer=Optimization terminated successfully; inner=Optimization terminated successfully,1,-150.51586810534184,150.5158681053418,,pythia1b_10x_licenseclean_contcert_20260504_linear_20260504_deep6_licenseclean,pythia1b_10x_licenseclean_contcert_20260504
linear,triple,sciq+hemisphere+modadd,20.144382190710772,0.6999999999999673,0,"[0.20000000000003654, 0.20000000000007265, 0.5999999999998908]","[0.2, 0.6, 0.2]",12.50004768371582,"{""hemisphere"": 0.676343620265608, ""modadd"": -0.6999999999999673, ""sciq"": 0.21287331488092728}",modadd,continuous_primal_dual_psd,6,20.144382190710772,20.144382190710772,0.0,"[0.0, 0.0, 1.0]",primal=Optimization terminated successfully; dual=outer=Optimization terminated successfully; inner=Optimization terminated successfully,1,-702.6256680721121,706.751870958686,,pythia1b_10x_licenseclean_contcert_20260504_linear_20260504_deep6_licenseclean,pythia1b_10x_licenseclean_contcert_20260504
linear,triple,sciq+hemisphere+multiplication,4.013042471245094,-0.04193557120020328,1,"[0.3932766069777872, 0.40672339302221255, 0.20000000000000018]","[0.4, 0.4, 0.2]",0.0,"{""hemisphere"": 0.04193557120020328, ""multiplication"": 19.299980926513705, ""sciq"": 0.2674893509745866}",hemisphere,continuous_primal_dual_psd,6,4.013042471245094,4.013042471243993,1.1013412404281553e-12,"[0.0, 1.0, 0.0]",primal=Optimization terminated successfully; dual=outer=Optimization terminated successfully; inner=Optimization terminated successfully,1,-23.921178058767847,23.921178058767847,,pythia1b_10x_licenseclean_contcert_20260504_linear_20260504_deep6_licenseclean,pythia1b_10x_licenseclean_contcert_20260504
linear,triple,sciq+hemisphere+nli,-0.20802141670412466,-0.0419342175971149,1,"[0.42165327146016973, 0.2, 0.3783467285398303]","[0.2, 0.6, 0.2]",0.6344080490654047,"{""hemisphere"": 0.0419342175971149, ""nli"": 0.18549538029902113, ""sciq"": 0.07373229980405323}",hemisphere,continuous_primal_dual_psd,6,-0.20802141670412466,-0.20802141670412466,0.0,"[0.0, 0.0047579860595150965, 0.9952420139404848]",primal=Optimization terminated successfully; dual=outer=Optimization terminated successfully; inner=Optimization terminated successfully,1,-2.6548958468597545,2.654895846859754,,pythia1b_10x_licenseclean_contcert_20260504_linear_20260504_deep6_licenseclean,pythia1b_10x_licenseclean_contcert_20260504
linear,triple,sciq+hemisphere+subtraction,0.7496271408390632,-0.13485025735795986,1,"[0.3167715669819325, 0.2, 0.4832284330180675]","[0.2, 0.6, 0.2]",7.084874099215837,"{""hemisphere"": 0.29999864639691565, ""sciq"": 0.13485025735795986, ""subtraction"": 3.0499427795410483}",sciq,continuous_primal_dual_psd,6,0.7496271408390632,0.7496271408368976,2.1656010318338303e-12,"[0.9425664844954442, 2.015851254774962e-14, 0.05743351550453546]",primal=Optimization terminated successfully; dual=outer=Optimization terminated successfully; inner=Optimization terminated successfully,1,-130.63655112305253,130.63655112305253,,pythia1b_10x_licenseclean_contcert_20260504_linear_20260504_deep6_licenseclean,pythia1b_10x_licenseclean_contcert_20260504
linear,triple,sciq+multiplication+modadd,12.295759441277431,6.255558204650846,0,"[0.26948693053154293, 0.2, 0.530513069468457]","[0.6, 0.2, 0.2]",6.944489479064941,"{""modadd"": -6.255558204650846, ""multiplication"": 5.550000000000033, ""sciq"": 0.6172946006394119}",modadd,continuous_primal_dual_psd,6,12.295759441277431,12.295759441276221,1.2096990076315706e-12,"[0.0, 0.31070330389387524, 0.6892966961061248]",primal=Optimization terminated successfully; dual=outer=Optimization terminated successfully; inner=Optimization terminated successfully,1,-196.35352357471572,198.43230954574145,,pythia1b_10x_licenseclean_contcert_20260504_linear_20260504_deep6_licenseclean,pythia1b_10x_licenseclean_contcert_20260504
linear,triple,sciq+nli+addition,14.449992847442601,-0.1907674069505936,1,"[0.2, 0.2, 0.6]","[0.6, 0.2, 0.2]",9.640776943693725,"{""addition"": 1.8000095367431967, ""nli"": 0.3763355977787295, ""sciq"": 0.1907674069505936}",sciq,continuous_primal_dual_psd,6,14.449992847442601,14.449992847442601,0.0,"[0.0, 0.0, 1.0]",primal=Optimization terminated successfully; dual=outer=Optimization terminated successfully; inner=Optimization terminated successfully,1,-218.74994039677654,268.82244287071825,,pythia1b_10x_licenseclean_contcert_20260504_linear_20260504_deep6_licenseclean,pythia1b_10x_licenseclean_contcert_20260504
linear,triple,sciq+nli+authors,-0.13004830177369409,-0.3687020380008567,1,"[0.2, 0.5206453943369602, 0.2793546056630398]","[0.6, 0.2, 0.2]",2.1103885728824157,"{""authors"": 5.966648387908968, ""nli"": 0.3687020380008567, ""sciq"": 0.6263977073734295}",nli,continuous_primal_dual_psd,6,-0.13004830177369409,-0.13004830177369417,8.326672684688674e-17,"[8.290116236260546e-18, 0.9731932560395451, 0.026806743960454925]",primal=Optimization terminated successfully; dual=outer=Optimization terminated successfully; inner=Optimization terminated successfully,1,-44.02266817438773,44.02266817438773,,pythia1b_10x_licenseclean_contcert_20260504_linear_20260504_deep6_licenseclean,pythia1b_10x_licenseclean_contcert_20260504
linear,triple,sciq+nli+modadd,19.45583312265179,10.422280502319303,0,"[0.2, 0.35646960993801946, 0.4435303900619805]","[0.6, 0.2, 0.2]",2.7777671813964844,"{""modadd"": -10.422280502319303, ""nli"": 0.1931289400768939, ""sciq"": 0.6172951215015011}",modadd,continuous_primal_dual_psd,6,19.45583312265179,19.45583312265179,0.0,"[0.0, 0.0, 1.0]",primal=Optimization terminated successfully; dual=outer=Optimization terminated successfully; inner=Optimization terminated successfully,1,-177.04931464355036,177.04931464355033,,pythia1b_10x_licenseclean_contcert_20260504_linear_20260504_deep6_licenseclean,pythia1b_10x_licenseclean_contcert_20260504
linear,triple,sciq+nli+multiplication,0.10307143227941037,-0.24668351481904885,1,"[0.2835914357174884, 0.34251041484905237, 0.3738981494334592]","[0.2, 0.6, 0.2]",0.20286015790455098,"{""multiplication"": 5.550000000000033, ""nli"": 0.4145040081845379, ""sciq"": 0.24668351481904885}",sciq,continuous_primal_dual_psd,6,0.10307143227941037,0.10307143227940874,1.6375789613221059e-15,"[0.7920466405940819, 3.237224399134375e-16, 0.20795335940591775]",primal=Optimization terminated successfully; dual=outer=Optimization terminated successfully; inner=Optimization terminated successfully,1,-16.66667726346293,16.66667726346293,,pythia1b_10x_licenseclean_contcert_20260504_linear_20260504_deep6_licenseclean,pythia1b_10x_licenseclean_contcert_20260504
linear,triple,sciq+nli+subtraction,1.5333126703897975,9.450009536743131,0,"[0.33333332603608323, 0.30000001876353466, 0.3666666552003821]","[0.4, 0.4, 0.2]",2.500009536743164,"{""nli"": 0.4908396059632656, ""sciq"": 0.46254855736827294, ""subtraction"": -9.450009536743131}",subtraction,continuous_primal_dual_psd,6,1.5333126703897975,1.5333126703897975,0.0,"[0.0, 0.0, 1.0]",primal=Optimization terminated successfully; dual=outer=Optimization terminated successfully; inner=Optimization terminated successfully,1,-0.631353231245867,0.6313532312458672,,pythia1b_10x_licenseclean_contcert_20260504_linear_20260504_deep6_licenseclean,pythia1b_10x_licenseclean_contcert_20260504
linear,triple,sciq+population+addition,13.200059604644752,-0.2518843227803217,1,"[0.2, 0.2, 0.6]","[0.2, 0.6, 0.2]",2.201912933009781,"{""addition"": 15.549990463256869, ""population"": 0.4042891482521938, ""sciq"": 0.2518843227803217}",sciq,continuous_primal_dual_psd,6,13.200059604644752,13.200059604644752,0.0,"[0.0, 0.0, 1.0]",primal=Optimization terminated successfully; dual=outer=Optimization terminated successfully; inner=Optimization terminated successfully,1,-250.00184774446177,257.6958797206677,,pythia1b_10x_licenseclean_contcert_20260504_linear_20260504_deep6_licenseclean,pythia1b_10x_licenseclean_contcert_20260504
linear,triple,sciq+population+authors,0.040655049150930433,-0.31839613078861245,1,"[0.2595872519125734, 0.2, 0.5404127480874266]","[0.4, 0.2, 0.4]",0.061345535636711135,"{""authors"": 9.300002384185824, ""population"": 0.31839613078861245, ""sciq"": 0.8422627499226535}",population,continuous_primal_dual_psd,6,0.040655049150930433,0.040655049150930433,0.0,"[1.0, 0.0, 0.0]",primal=Optimization terminated successfully; dual=outer=Optimization terminated successfully; inner=Optimization terminated successfully,1,-22.07976885911283,22.07976885911283,,pythia1b_10x_licenseclean_contcert_20260504_linear_20260504_deep6_licenseclean,pythia1b_10x_licenseclean_contcert_20260504
linear,triple,sciq+population+capitals,0.8804357692301389,-0.09713880037127205,1,"[0.2000000000000016, 0.2, 0.5999999999999984]","[0.2, 0.6, 0.2]",0.15297302667380036,"{""capitals"": 1.607692307692306, ""population"": 0.7662515566625155, ""sciq"": 0.09713880037127205}",sciq,continuous_primal_dual_psd,6,0.8804357692301389,0.8804357692301389,0.0,"[1.0, 0.0, 0.0]",primal=Optimization terminated successfully; dual=outer=Optimization terminated successfully; inner=Optimization terminated successfully,1,-38.162539511691406,38.1625395116914,,pythia1b_10x_licenseclean_contcert_20260504_linear_20260504_deep6_licenseclean,pythia1b_10x_licenseclean_contcert_20260504
linear,triple,sciq+population+hemisphere,3.5811049878282413,-0.06722985748171668,1,"[0.2, 0.23972779785533982, 0.5602722021446602]","[0.2, 0.6, 0.2]",0.46048480260031266,"{""hemisphere"": 0.2892456234628185, ""population"": 0.7049002287931884, ""sciq"": 0.06722985748171668}",sciq,continuous_primal_dual_psd,6,3.5811049878282413,3.5811049878278887,3.526068326209497e-13,"[0.0, 0.3823754074197397, 0.6176245925802604]",primal=Optimization terminated successfully; dual=outer=Optimization terminated successfully; inner=Optimization terminated successfully,1,-93.72249358101227,94.70839802018646,,pythia1b_10x_licenseclean_contcert_20260504_linear_20260504_deep6_licenseclean,pythia1b_10x_licenseclean_contcert_20260504
linear,triple,sciq+population+modadd,15.977791023254369,-0.3234070214293096,1,"[0.2, 0.2000000000000004, 0.5999999999999996]","[0.2, 0.6, 0.2]",10.745687523748613,"{""modadd"": 2.077743339538607, ""population"": 0.8276028845318428, ""sciq"": 0.3234070214293096}",sciq,continuous_primal_dual_psd,6,15.977791023254369,15.977791023254369,0.0,"[0.0, 0.0, 1.0]",primal=Optimization terminated successfully; dual=outer=Optimization terminated successfully; inner=Optimization terminated successfully,1,-202.37703028132069,202.46467510490882,,pythia1b_10x_licenseclean_contcert_20260504_linear_20260504_deep6_licenseclean,pythia1b_10x_licenseclean_contcert_20260504
linear,triple,sciq+population+multiplication,0.09332800419689391,-0.20183324162298358,1,"[0.4176816718274435, 0.2, 0.3823183281725565]","[0.2, 0.4, 0.4]",0.41717107359031536,"{""multiplication"": 9.299990463256869, ""population"": 0.20183324162298358, ""sciq"": 0.39362808571723384}",population,continuous_primal_dual_psd,6,0.09332800419689391,0.09332800419246284,4.4310666247326935e-12,"[4.835575163725072e-17, 0.9207448805678844, 0.0792551194321156]",primal=Optimization terminated successfully; dual=outer=Optimization terminated successfully; inner=Optimization terminated successfully,1,-32.084999425273395,32.08499942527339,,pythia1b_10x_licenseclean_contcert_20260504_linear_20260504_deep6_licenseclean,pythia1b_10x_licenseclean_contcert_20260504
linear,triple,sciq+population+nli,8.634235825902419,0.4633596468859424,0,"[0.2, 0.2, 0.6]","[0.2, 0.6, 0.2]",3.2795723812643085,"{""nli"": -0.4633596468859424, ""population"": -0.4607402473283327, ""sciq"": 0.28439549266782593}",nli,continuous_primal_dual_psd,6,8.634235825902419,8.634235825902419,0.0,"[0.0, 1.0, 0.0]",primal=Optimization terminated successfully; dual=outer=Optimization terminated successfully; inner=Optimization terminated successfully,1,-113.32520144137648,113.32520144137649,,pythia1b_10x_licenseclean_contcert_20260504_linear_20260504_deep6_licenseclean,pythia1b_10x_licenseclean_contcert_20260504
linear,triple,sciq+population+subtraction,12.58778593329159,-0.15825675792517868,1,"[0.2, 0.2, 0.6]","[0.2, 0.6, 0.2]",12.108299673269384,"{""population"": 0.88895421240117, ""sciq"": 0.15825675792517868, ""subtraction"": 5.549952316284212}",sciq,continuous_primal_dual_psd,6,12.58778593329159,12.58778593329159,0.0,"[0.0, 0.0, 1.0]",primal=Optimization terminated successfully; dual=outer=Optimization terminated successfully; inner=Optimization terminated successfully,1,-365.14659881640307,365.1465988164031,,pythia1b_10x_licenseclean_contcert_20260504_linear_20260504_deep6_licenseclean,pythia1b_10x_licenseclean_contcert_20260504
linear,triple,sciq+subtraction+modadd,23.842855776280672,5.699995231628385,0,"[0.2000000000000161, 0.2, 0.5999999999999839]","[0.6, 0.2, 0.2]",6.11116886138916,"{""modadd"": -4.866674613952604, ""sciq"": 0.17516342048050726, ""subtraction"": -5.699995231628385}",subtraction,continuous_primal_dual_psd,6,23.842855776280672,23.842855776280672,0.0,"[0.0, 0.0, 1.0]",primal=Optimization terminated successfully; dual=outer=Optimization terminated successfully; inner=Optimization terminated successfully,1,-222.40064788376608,222.40064788376606,,pythia1b_10x_licenseclean_contcert_20260504_linear_20260504_deep6_licenseclean,pythia1b_10x_licenseclean_contcert_20260504
linear,triple,sciq+subtraction+multiplication,13.82486886997064,19.450023841857877,0,"[0.2, 0.2, 0.6]","[0.2, 0.6, 0.2]",2.500009536743164,"{""multiplication"": -9.450009536743131, ""sciq"": 0.24278225777048262, ""subtraction"": -19.450023841857877}",subtraction,continuous_primal_dual_psd,6,13.82486886997064,13.82486886997064,0.0,"[0.0, 1.0, 0.0]",primal=Optimization terminated successfully; dual=outer=Optimization terminated successfully; inner=Optimization terminated successfully,1,-156.24654293351364,156.2465429335136,,pythia1b_10x_licenseclean_contcert_20260504_linear_20260504_deep6_licenseclean,pythia1b_10x_licenseclean_contcert_20260504
linear,triple,subtraction+multiplication+modadd,20.19808292039586,14.45002861022946,0,"[0.2, 0.2, 0.6]","[0.4, 0.2, 0.4]",0.1389026641845703,"{""modadd"": -11.811164093017545, ""multiplication"": -9.450033378601042, ""subtraction"": -14.45002861022946}",subtraction,continuous_primal_dual_psd,6,20.19808292039586,20.19808292039586,0.0,"[1.0, 0.0, 0.0]",primal=Optimization terminated successfully; dual=outer=Optimization terminated successfully; inner=Optimization terminated successfully,1,-388.94288406031205,388.9428840603121,,pythia1b_10x_licenseclean_contcert_20260504_linear_20260504_deep6_licenseclean,pythia1b_10x_licenseclean_contcert_20260504
magnitude_prune,pair,addition+modadd,-2.1165382266450736,-1.8000095367431967,1,"[0.3472624240166142, 0.6527375759833858]","[0.8, 0.2]",2.500009536743164,"{""addition"": 1.8000095367431967, ""modadd"": 2.077767181396517}",addition,continuous_primal_dual_psd,4,-2.1165382266450736,-2.1165382283219287,1.6768550992196651e-09,"[0.5292627674992976, 0.4707372325007025]",primal=Positive directional derivative for linesearch; dual=outer=Optimization terminated successfully; inner=Optimization terminated successfully,1,-15.625059604644768,15.625059604644768,,pythia1b_10x_licenseclean_contcert_20260504_magnitude_prune_20260504_deep6_licenseclean,pythia1b_10x_licenseclean_contcert_20260504
magnitude_prune,pair,addition+multiplication,-0.36667154101443966,3.2000095367431314,0,"[0.2, 0.8]","[0.2, 0.8]",0.0,"{""addition"": -3.2000095367431314, ""multiplication"": 3.0499904632568686}",addition,continuous_primal_dual_psd,4,-0.36667154101443966,-0.36667154101443966,0.0,"[0.0, 1.0]",primal=Optimization terminated successfully; dual=outer=Optimization terminated successfully; inner=Optimization terminated successfully,1,-46.87488079071047,46.87488079071047,,pythia1b_10x_licenseclean_contcert_20260504_magnitude_prune_20260504_deep6_licenseclean,pythia1b_10x_licenseclean_contcert_20260504
magnitude_prune,pair,addition+subtraction,1.4500028610229245,0.6999999999999673,0,"[0.20000000000000062, 0.7999999999999994]","[0.2, 0.8]",0.0,"{""addition"": 1.7999856948852866, ""subtraction"": -0.6999999999999673}",subtraction,continuous_primal_dual_psd,4,1.4500028610229245,1.4500028610229245,0.0,"[0.0, 1.0]",primal=Optimization terminated successfully; dual=outer=Optimization terminated successfully; inner=Optimization terminated successfully,1,-109.3745231628418,109.3745231628418,,pythia1b_10x_licenseclean_contcert_20260504_magnitude_prune_20260504_deep6_licenseclean,pythia1b_10x_licenseclean_contcert_20260504
magnitude_prune,pair,authors+addition,3.0677137855108416,4.033330154418913,0,"[0.28223870339608503, 0.717761296603915]","[0.2, 0.8]",0.0,"{""addition"": 0.5500047683716147, ""authors"": -4.033330154418913}",authors,continuous_primal_dual_psd,4,3.0677137855108416,3.067713785510828,1.3766765505351941e-14,"[0.9088506467574404, 0.09114935324255957]",primal=Optimization terminated successfully; dual=outer=Optimization terminated successfully; inner=Optimization terminated successfully,1,-124.99988079071048,124.99988079071048,,pythia1b_10x_licenseclean_contcert_20260504_magnitude_prune_20260504_deep6_licenseclean,pythia1b_10x_licenseclean_contcert_20260504
magnitude_prune,pair,authors+modadd,1.8514759299909846,2.0889074325561197,0,"[0.2, 0.8]","[0.4, 0.6]",2.9860854148864746,"{""authors"": -1.9500047683715493, ""modadd"": -2.0889074325561197}",modadd,continuous_primal_dual_psd,4,1.8514759299909846,1.8514759299909846,0.0,"[1.0, 0.0]",primal=Optimization terminated successfully; dual=outer=Optimization terminated successfully; inner=Optimization terminated successfully,1,-15.25742873635889,15.25742873635889,,pythia1b_10x_licenseclean_contcert_20260504_magnitude_prune_20260504_deep6_licenseclean,pythia1b_10x_licenseclean_contcert_20260504
magnitude_prune,pair,authors+multiplication,1.973534574499395,-2.8416483879089682,1,"[0.20000000000000012, 0.7999999999999998]","[0.8, 0.2]",4.791653156280518,"{""authors"": 2.8416483879089682, ""multiplication"": 5.550000000000033}",authors,continuous_primal_dual_psd,4,1.973534574499395,1.973534574499395,0.0,"[1.0, 0.0]",primal=Optimization terminated successfully; dual=outer=Optimization terminated successfully; inner=Optimization terminated successfully,1,-8.823526524329177,8.823526524329177,,pythia1b_10x_licenseclean_contcert_20260504_magnitude_prune_20260504_deep6_licenseclean,pythia1b_10x_licenseclean_contcert_20260504
magnitude_prune,pair,authors+subtraction,2.0693145530716532,-0.3416626930237143,1,"[0.22613813408577432, 0.7738618659142257]","[0.6, 0.4]",6.0416579246521,"{""authors"": 0.3416626930237143, ""subtraction"": 0.5499809265137046}",authors,continuous_primal_dual_psd,4,2.0693145530716532,2.0693145530716492,3.9968028886505635e-15,"[0.53861405204677, 0.4613859479532299]",primal=Optimization terminated successfully; dual=outer=Optimization terminated successfully; inner=Optimization terminated successfully,1,-11.580955260688077,11.580955260688077,,pythia1b_10x_licenseclean_contcert_20260504_magnitude_prune_20260504_deep6_licenseclean,pythia1b_10x_licenseclean_contcert_20260504
magnitude_prune,pair,capitals+addition,0.06539986613391635,-0.1461538461538444,1,"[0.23982515607046745, 0.7601748439295326]","[0.8, 0.2]",7.096177688011722,"{""addition"": 1.8000095367431967, ""capitals"": 0.1461538461538444}",capitals,continuous_primal_dual_psd,4,0.06539986613391635,0.06539986609690272,3.701362827346344e-11,"[0.8698588960704473, 0.13014110392955267]",primal=Optimization terminated successfully; dual=outer=Optimization terminated successfully; inner=Optimization terminated successfully,1,-5.208333333333332,5.208333333333332,,pythia1b_10x_licenseclean_contcert_20260504_magnitude_prune_20260504_deep6_licenseclean,pythia1b_10x_licenseclean_contcert_20260504
magnitude_prune,pair,capitals+authors,0.8667845752528192,-0.29999999999999827,1,"[0.41022199004667514, 0.5897780099533249]","[0.4, 0.6]",0.0,"{""authors"": 4.716667461395296, ""capitals"": 0.29999999999999827}",capitals,continuous_primal_dual_psd,4,0.8667845752528192,0.8667845752528192,0.0,"[0.0, 1.0]",primal=Optimization terminated successfully; dual=outer=Optimization terminated successfully; inner=Optimization terminated successfully,0,2.4388414783111448e-15,0.0,,pythia1b_10x_licenseclean_contcert_20260504_magnitude_prune_20260504_deep6_licenseclean,pythia1b_10x_licenseclean_contcert_20260504
magnitude_prune,pair,capitals+hemisphere,0.19808716773983281,-0.2892483306689953,1,"[0.2, 0.8]","[0.6, 0.4]",0.10752887573788289,"{""capitals"": 0.29999999999999827, ""hemisphere"": 0.2892483306689953}",hemisphere,continuous_primal_dual_psd,4,0.19808716773983281,0.19808716773983281,0.0,"[0.0, 1.0]",primal=Optimization terminated successfully; dual=outer=Optimization terminated successfully; inner=Optimization terminated successfully,1,-42.61404275894162,42.61404275894162,,pythia1b_10x_licenseclean_contcert_20260504_magnitude_prune_20260504_deep6_licenseclean,pythia1b_10x_licenseclean_contcert_20260504
magnitude_prune,pair,capitals+modadd,-0.6847453703703725,-0.4538461538461521,1,"[0.531111110883347, 0.46888888911665305]","[0.6, 0.4]",0.0,"{""capitals"": 0.4538461538461521, ""modadd"": 0.6888835906982749}",capitals,continuous_primal_dual_psd,4,-0.6847453703703725,-0.6847453703703725,0.0,"[1.0, 0.0]",primal=Optimization terminated successfully; dual=outer=Optimization terminated successfully; inner=Optimization terminated successfully,0,9.374999999999996,0.0,,pythia1b_10x_licenseclean_contcert_20260504_magnitude_prune_20260504_deep6_licenseclean,pythia1b_10x_licenseclean_contcert_20260504
magnitude_prune,pair,capitals+multiplication,-0.1495711555583307,-0.3769230769230752,1,"[0.23161795556664838, 0.7683820444333516]","[0.6, 0.4]",0.3076923076923077,"{""capitals"": 0.3769230769230752, ""multiplication"": 6.799980926513705}",capitals,continuous_primal_dual_psd,4,-0.1495711555583307,-0.1495711555583308,1.1102230246251565e-16,"[0.9779406159905972, 0.022059384009402765]",primal=Optimization terminated successfully; dual=outer=Optimization terminated successfully; inner=Optimization terminated successfully,1,-29.166693157687252,29.166693157687252,,pythia1b_10x_licenseclean_contcert_20260504_magnitude_prune_20260504_deep6_licenseclean,pythia1b_10x_licenseclean_contcert_20260504
magnitude_prune,pair,capitals+nli,0.2651255247447397,-0.06335842385305687,1,"[0.6200001803548945, 0.37999981964510554]","[0.8, 0.2]",0.2900758830756097,"{""capitals"": 0.6846153846153828, ""nli"": 0.06335842385305687}",nli,continuous_primal_dual_psd,4,0.2651255247447397,0.2651255247447397,0.0,"[0.0, 1.0]",primal=Optimization terminated successfully; dual=outer=Optimization terminated successfully; inner=Optimization terminated successfully,0,0.024432652922577434,0.0,,pythia1b_10x_licenseclean_contcert_20260504_magnitude_prune_20260504_deep6_licenseclean,pythia1b_10x_licenseclean_contcert_20260504
magnitude_prune,pair,capitals+subtraction,0.6280561434327643,1.9500286102294595,0,"[0.2548876968657678, 0.7451123031342322]","[0.4, 0.6]",3.749966621398926,"{""capitals"": -0.3923076923076941, ""subtraction"": -1.9500286102294595}",subtraction,continuous_primal_dual_psd,4,0.6280561434327643,0.628056138227538,5.20522625002684e-09,"[0.8450825361002428, 0.15491746389975725]",primal=Positive directional derivative for linesearch; dual=outer=Optimization terminated successfully; inner=Optimization terminated successfully,1,-9.375000000000002,9.375000000000002,,pythia1b_10x_licenseclean_contcert_20260504_magnitude_prune_20260504_deep6_licenseclean,pythia1b_10x_licenseclean_contcert_20260504
magnitude_prune,pair,hemisphere+addition,0.15288787943531545,-0.05268859413430041,1,"[0.38328794835866703, 0.6167120516413329]","[0.6, 0.4]",0.5053771882685928,"{""addition"": 3.0499904632568686, ""hemisphere"": 0.05268859413430041}",hemisphere,continuous_primal_dual_psd,4,0.15288787943531545,0.15288787943531545,0.0,"[1.0, 0.0]",primal=Optimization terminated successfully; dual=outer=Optimization terminated successfully; inner=Optimization terminated successfully,0,31.249821186065674,0.0,,pythia1b_10x_licenseclean_contcert_20260504_magnitude_prune_20260504_deep6_licenseclean,pythia1b_10x_licenseclean_contcert_20260504
magnitude_prune,pair,hemisphere+authors,0.7235304512414752,-0.3107516693310128,1,"[0.20000000000000176, 0.7999999999999983]","[0.8, 0.2]",0.6344094026684931,"{""authors"": 4.924985694885287, ""hemisphere"": 0.3107516693310128}",hemisphere,continuous_primal_dual_psd,4,0.7235304512414752,0.7235304512414752,0.0,"[0.0, 1.0]",primal=Optimization terminated successfully; dual=outer=Optimization terminated successfully; inner=Optimization terminated successfully,1,-41.42984747886658,41.42984747886658,,pythia1b_10x_licenseclean_contcert_20260504_magnitude_prune_20260504_deep6_licenseclean,pythia1b_10x_licenseclean_contcert_20260504
magnitude_prune,pair,hemisphere+modadd,-2.4787720925228944,0.20537583466550033,0,"[0.3711745605444677, 0.6288254394555324]","[0.8, 0.2]",0.010753022934097134,"{""hemisphere"": -0.20537583466550033, ""modadd"": 0.6888835906982749}",hemisphere,continuous_primal_dual_psd,4,-2.4787720925228944,-2.4787720925253742,2.4797941478027496e-12,"[0.3291958561750297, 0.6708041438249703]",primal=Optimization terminated successfully; dual=outer=Optimization terminated successfully; inner=Optimization terminated successfully,0,34.72208976745605,0.0,,pythia1b_10x_licenseclean_contcert_20260504_magnitude_prune_20260504_deep6_licenseclean,pythia1b_10x_licenseclean_contcert_20260504
magnitude_prune,pair,hemisphere+multiplication,0.521806882817101,-0.429030860796816,1,"[0.5766669754338586, 0.4233330245661414]","[0.8, 0.2]",0.3870952895966127,"{""hemisphere"": 0.429030860796816, ""multiplication"": 16.79997138977054}",hemisphere,continuous_primal_dual_psd,4,0.521806882817101,0.521806882817101,0.0,"[1.0, 0.0]",primal=Optimization terminated successfully; dual=outer=Optimization terminated successfully; inner=Optimization terminated successfully,1,-12.5,12.5,,pythia1b_10x_licenseclean_contcert_20260504_magnitude_prune_20260504_deep6_licenseclean,pythia1b_10x_licenseclean_contcert_20260504
magnitude_prune,pair,hemisphere+nli,0.26592780132407956,0.17328254077744348,0,"[0.3217334752345083, 0.6782665247654918]","[0.4, 0.6]",0.0,"{""hemisphere"": 0.05268724053121203, ""nli"": -0.17328254077744348}",nli,continuous_primal_dual_psd,4,0.26592780132407956,0.2659278013240792,3.3306690738754696e-16,"[0.006676990577574089, 0.9933230094224259]",primal=Optimization terminated successfully; dual=outer=Optimization terminated successfully; inner=Optimization terminated successfully,1,-42.613744735717766,42.613744735717766,,pythia1b_10x_licenseclean_contcert_20260504_magnitude_prune_20260504_deep6_licenseclean,pythia1b_10x_licenseclean_contcert_20260504
magnitude_prune,pair,hemisphere+subtraction,-4.813146030902903,-0.29999864639691565,1,"[0.5559999993567766, 0.4440000006432234]","[0.8, 0.2]",0.5053758346655044,"{""hemisphere"": 0.29999864639691565, ""subtraction"": 0.5499570846557944}",hemisphere,continuous_primal_dual_psd,4,-4.813146030902903,-4.813146030902903,0.0,"[0.0, 1.0]",primal=Optimization terminated successfully; dual=outer=Optimization terminated successfully; inner=Optimization terminated successfully,0,11.836886405944831,0.0,,pythia1b_10x_licenseclean_contcert_20260504_magnitude_prune_20260504_deep6_licenseclean,pythia1b_10x_licenseclean_contcert_20260504
magnitude_prune,pair,multiplication+modadd,1.2555534362792589,0.6999999999999673,0,"[0.2, 0.8]","[0.2, 0.8]",0.0,"{""modadd"": -0.6999999999999673, ""multiplication"": 5.550000000000033}",modadd,continuous_primal_dual_psd,4,1.2555534362792589,1.2555534362792589,0.0,"[0.0, 1.0]",primal=Optimization terminated successfully; dual=outer=Optimization terminated successfully; inner=Optimization terminated successfully,1,-104.16626930236815,104.16626930236815,,pythia1b_10x_licenseclean_contcert_20260504_magnitude_prune_20260504_deep6_licenseclean,pythia1b_10x_licenseclean_contcert_20260504
magnitude_prune,pair,nli+addition,0.20854977305222988,3.2000095367431314,0,"[0.4867479246961552, 0.5132520753038448]","[0.4, 0.6]",0.0,"{""addition"": -3.2000095367431314, ""nli"": -0.11221345103801676}",addition,continuous_primal_dual_psd,4,0.20854977305222988,0.2085497729865181,6.57117693592113e-11,"[0.9823945833646572, 0.017605416635342753]",primal=Optimization terminated successfully; dual=outer=Optimization terminated successfully; inner=Optimization terminated successfully,0,3.2304118886470174,0.0,,pythia1b_10x_licenseclean_contcert_20260504_magnitude_prune_20260504_deep6_licenseclean,pythia1b_10x_licenseclean_contcert_20260504
magnitude_prune,pair,nli+authors,0.5735318256607753,0.4022905571465157,0,"[0.2, 0.8]","[0.2, 0.8]",0.0,"{""authors"": 4.924997615814242, ""nli"": -0.4022905571465157}",nli,continuous_primal_dual_psd,4,0.5735318256607753,0.5735318256607753,0.0,"[2.220446049250313e-16, 0.9999999999999998]",primal=Optimization terminated successfully; dual=outer=Optimization terminated successfully; inner=Optimization terminated successfully,1,-48.52961677262783,48.52961677262783,,pythia1b_10x_licenseclean_contcert_20260504_magnitude_prune_20260504_deep6_licenseclean,pythia1b_10x_licenseclean_contcert_20260504
magnitude_prune,pair,nli+modadd,0.46816108707744636,0.6465650815548888,0,"[0.2833075345928763, 0.7166924654071237]","[0.2, 0.8]",0.0,"{""modadd"": 2.077767181396517, ""nli"": -0.6465650815548888}",nli,continuous_primal_dual_psd,4,0.46816108707744636,0.4681610870774463,5.551115123125783e-17,"[0.9348131187061274, 0.06518688129387268]",primal=Optimization terminated successfully; dual=outer=Optimization terminated successfully; inner=Optimization terminated successfully,1,-5.962607658380895e-15,5.962607658380895e-15,,pythia1b_10x_licenseclean_contcert_20260504_magnitude_prune_20260504_deep6_licenseclean,pythia1b_10x_licenseclean_contcert_20260504
magnitude_prune,pair,nli+multiplication,0.19122897423552027,0.16564898099957073,0,"[0.25566326986591814, 0.7443367301340819]","[0.4, 0.6]",4.284365324115143,"{""multiplication"": 3.050014305114779, ""nli"": -0.16564898099957073}",nli,continuous_primal_dual_psd,4,0.19122897423552027,0.19122897423552027,0.0,"[0.9740932208914748, 0.025906779108525263]",primal=Optimization terminated successfully; dual=outer=Optimization terminated successfully; inner=Optimization terminated successfully,0,0.5397534537144241,0.0,,pythia1b_10x_licenseclean_contcert_20260504_magnitude_prune_20260504_deep6_licenseclean,pythia1b_10x_licenseclean_contcert_20260504
magnitude_prune,pair,nli+subtraction,3.9500195503234528,8.20000476837155,0,"[0.2, 0.8]","[0.2, 0.8]",0.0,"{""nli"": -0.34122207892353357, ""subtraction"": -8.20000476837155}",subtraction,continuous_primal_dual_psd,4,3.9500195503234528,3.9500195503234528,0.0,"[0.0, 1.0]",primal=Optimization terminated successfully; dual=outer=Optimization terminated successfully; inner=Optimization terminated successfully,1,-31.250417232513424,31.250417232513424,,pythia1b_10x_licenseclean_contcert_20260504_magnitude_prune_20260504_deep6_licenseclean,pythia1b_10x_licenseclean_contcert_20260504
magnitude_prune,pair,population+addition,0.4302110385347828,-0.12821396507283733,1,"[0.5177205285636575, 0.48227947143634253]","[0.6, 0.4]",0.0,"{""addition"": 4.299995231628451, ""population"": 0.12821396507283733}",population,continuous_primal_dual_psd,4,0.4302110385347828,0.4302110385347828,0.0,"[1.0, 0.0]",primal=Optimization terminated successfully; dual=outer=Optimization terminated successfully; inner=Optimization terminated successfully,0,15.625059604644779,0.0,,pythia1b_10x_licenseclean_contcert_20260504_magnitude_prune_20260504_deep6_licenseclean,pythia1b_10x_licenseclean_contcert_20260504
magnitude_prune,pair,population+authors,0.19934144920669183,-0.05459468852269107,1,"[0.2, 0.8]","[0.2, 0.8]",0.0,"{""authors"": 0.3416626930237143, ""population"": 0.05459468852269107}",population,continuous_primal_dual_psd,4,0.19934144920669183,0.19934144920669183,0.0,"[0.9999999999999997, 2.7755575615628914e-16]",primal=Optimization terminated successfully; dual=outer=Optimization terminated successfully; inner=Optimization terminated successfully,1,-21.731929346484602,21.731929346484602,,pythia1b_10x_licenseclean_contcert_20260504_magnitude_prune_20260504_deep6_licenseclean,pythia1b_10x_licenseclean_contcert_20260504
magnitude_prune,pair,population+capitals,0.7353000997205994,0.5343653161110951,0,"[0.8, 0.19999999999999996]","[0.4, 0.6]",0.27606359871412434,"{""capitals"": 0.29999999999999827, ""population"": -0.5343653161110951}",population,continuous_primal_dual_psd,4,0.7353000997205994,0.7353000997205994,0.0,"[1.0, 0.0]",primal=Optimization terminated successfully; dual=outer=Optimization terminated successfully; inner=Optimization terminated successfully,0,1.7915965157025643e-15,0.0,,pythia1b_10x_licenseclean_contcert_20260504_magnitude_prune_20260504_deep6_licenseclean,pythia1b_10x_licenseclean_contcert_20260504
magnitude_prune,pair,population+hemisphere,0.5078522555611642,0.1969388050624113,0,"[0.2, 0.8]","[0.4, 0.6]",0.5337368588722524,"{""hemisphere"": 0.1817194549311124, ""population"": -0.1969388050624113}",population,continuous_primal_dual_psd,4,0.5078522555611642,0.5078522555611642,0.0,"[1.0, 0.0]",primal=Optimization terminated successfully; dual=outer=Optimization terminated successfully; inner=Optimization terminated successfully,1,-10.375754075214997,10.375754075214997,,pythia1b_10x_licenseclean_contcert_20260504_magnitude_prune_20260504_deep6_licenseclean,pythia1b_10x_licenseclean_contcert_20260504
magnitude_prune,pair,population+modadd,1.4923789184857663,0.6999999999999673,0,"[0.30940729546423307, 0.6905927045357669]","[0.4, 0.6]",0.0,"{""modadd"": -0.6999999999999673, ""population"": -0.6141127747690347}",modadd,continuous_primal_dual_psd,4,1.4923789184857663,1.4923789184857663,0.0,"[1.0, 0.0]",primal=Optimization terminated successfully; dual=outer=Optimization terminated successfully; inner=Optimization terminated successfully,0,4.16666666666666,0.0,,pythia1b_10x_licenseclean_contcert_20260504_magnitude_prune_20260504_deep6_licenseclean,pythia1b_10x_licenseclean_contcert_20260504
magnitude_prune,pair,population+multiplication,0.8957623688082071,0.546627472559298,0,"[0.8, 0.19999999999999996]","[0.6, 0.4]",0.0,"{""multiplication"": 5.550000000000033, ""population"": -0.546627472559298}",population,continuous_primal_dual_psd,4,0.8957623688082071,0.8957623688082071,0.0,"[1.0, 0.0]",primal=Optimization terminated successfully; dual=outer=Optimization terminated successfully; inner=Optimization terminated successfully,1,-0.08170176633788925,0.08170176633788925,,pythia1b_10x_licenseclean_contcert_20260504_magnitude_prune_20260504_deep6_licenseclean,pythia1b_10x_licenseclean_contcert_20260504
magnitude_prune,pair,population+nli,1.5248028381893253,0.7490833791885082,0,"[0.5522945795484787, 0.4477054204515213]","[0.6, 0.4]",0.0,"{""nli"": -0.6389315217770161, ""population"": -0.7490833791885082}",population,continuous_primal_dual_psd,4,1.5248028381893253,1.5248028381893253,0.0,"[1.0, 0.0]",primal=Optimization terminated successfully; dual=outer=Optimization terminated successfully; inner=Optimization terminated successfully,0,0.5397593510479778,0.0,,pythia1b_10x_licenseclean_contcert_20260504_magnitude_prune_20260504_deep6_licenseclean,pythia1b_10x_licenseclean_contcert_20260504
magnitude_prune,pair,population+subtraction,2.5140310949417763,1.1601175823221062,0,"[0.21946551880223153, 0.7805344811977685]","[0.8, 0.2]",4.539877649306279,"{""population"": -1.1601175823221062, ""subtraction"": 4.29994754791263}",population,continuous_primal_dual_psd,4,2.5140310949417763,2.5140310949413673,4.0900616227190767e-13,"[0.9564070398020067, 0.043592960197993295]",primal=Optimization terminated successfully; dual=outer=Optimization terminated successfully; inner=Optimization terminated successfully,1,-6.699421423141094,6.699421423141094,,pythia1b_10x_licenseclean_contcert_20260504_magnitude_prune_20260504_deep6_licenseclean,pythia1b_10x_licenseclean_contcert_20260504
magnitude_prune,pair,sciq+addition,0.31899902624003007,0.35149482210996913,0,"[0.7042858592117412, 0.29571414078825875]","[0.4, 0.6]",7.84853378811949,"{""addition"": 4.299995231628451, ""sciq"": -0.35149482210996913}",sciq,continuous_primal_dual_psd,4,0.31899902624003007,0.31899902624003007,0.0,"[1.0, 0.0]",primal=Optimization terminated successfully; dual=outer=Optimization terminated successfully; inner=Optimization terminated successfully,0,3.0973459953756697,0.0,,pythia1b_10x_licenseclean_contcert_20260504_magnitude_prune_20260504_deep6_licenseclean,pythia1b_10x_licenseclean_contcert_20260504
magnitude_prune,pair,sciq+authors,0.7014718067330615,-0.13615084999484503,1,"[0.20000000000000018, 0.7999999999999998]","[0.8, 0.2]",0.13914257766314184,"{""authors"": 11.591669845581087, ""sciq"": 0.13615084999484503}",sciq,continuous_primal_dual_psd,4,0.7014718067330615,0.7014718067330615,0.0,"[0.0, 1.0]",primal=Optimization terminated successfully; dual=outer=Optimization terminated successfully; inner=Optimization terminated successfully,1,-12.867706251251688,12.867706251251688,,pythia1b_10x_licenseclean_contcert_20260504_magnitude_prune_20260504_deep6_licenseclean,pythia1b_10x_licenseclean_contcert_20260504
magnitude_prune,pair,sciq+capitals,-0.25404972567871376,-0.23628033631023534,1,"[0.3364696471160203, 0.6635303528839798]","[0.6, 0.4]",0.15474500154696041,"{""capitals"": 0.8384615384615367, ""sciq"": 0.23628033631023534}",sciq,continuous_primal_dual_psd,4,-0.25404972567871376,-0.25404972567871376,0.0,"[1.0, 0.0]",primal=Optimization terminated successfully; dual=outer=Optimization terminated successfully; inner=Optimization terminated successfully,1,-2.0833333333333344,2.0833333333333344,,pythia1b_10x_licenseclean_contcert_20260504_magnitude_prune_20260504_deep6_licenseclean,pythia1b_10x_licenseclean_contcert_20260504
magnitude_prune,pair,sciq+hemisphere,-0.11711264967674423,-0.09713880037127205,1,"[0.4600004379384042, 0.5399995620615958]","[0.6, 0.4]",0.17348242063687203,"{""hemisphere"": 0.29999864639691565, ""sciq"": 0.09713880037127205}",sciq,continuous_primal_dual_psd,4,-0.11711264967674423,-0.11711264967674423,0.0,"[1.0, 0.0]",primal=Optimization terminated successfully; dual=outer=Optimization terminated successfully; inner=Optimization terminated successfully,0,1.2721294701070085,0.0,,pythia1b_10x_licenseclean_contcert_20260504_magnitude_prune_20260504_deep6_licenseclean,pythia1b_10x_licenseclean_contcert_20260504
magnitude_prune,pair,sciq+modadd,0.22452196850568906,0.05760724289986688,0,"[0.6203350698028972, 0.3796649301971028]","[0.8, 0.2]",3.420207622212405,"{""modadd"": 2.077767181396517, ""sciq"": -0.05760724289986688}",sciq,continuous_primal_dual_psd,4,0.22452196850568906,0.22452196850568903,2.7755575615628914e-17,"[0.9772061168058299, 0.022793883194170177]",primal=Optimization terminated successfully; dual=outer=Optimization terminated successfully; inner=Optimization terminated successfully,1,-0.6083985457478386,0.6083985457478386,,pythia1b_10x_licenseclean_contcert_20260504_magnitude_prune_20260504_deep6_licenseclean,pythia1b_10x_licenseclean_contcert_20260504
magnitude_prune,pair,sciq+multiplication,0.7000000000000179,-0.22067530811597044,1,"[0.2, 0.8]","[0.8, 0.2]",0.5721701302259395,"{""multiplication"": 4.299995231628451, ""sciq"": 0.22067530811597044}",sciq,continuous_primal_dual_psd,4,0.7000000000000179,0.7000000000000179,0.0,"[5.551115123125783e-17, 1.0]",primal=Optimization terminated successfully; dual=outer=Optimization terminated successfully; inner=Optimization terminated successfully,1,-58.33338631537454,58.33338631537454,,pythia1b_10x_licenseclean_contcert_20260504_magnitude_prune_20260504_deep6_licenseclean,pythia1b_10x_licenseclean_contcert_20260504
magnitude_prune,pair,sciq+nli,0.4893604554062503,0.4022905571465157,0,"[0.2, 0.8]","[0.8, 0.2]",0.20408135713625047,"{""nli"": -0.4022905571465157, ""sciq"": 0.09063687891102476}",nli,continuous_primal_dual_psd,4,0.4893604554062503,0.4893604554062503,0.0,"[5.551115123125783e-17, 1.0]",primal=Optimization terminated successfully; dual=outer=Optimization terminated successfully; inner=Optimization terminated successfully,1,-0.4684664856892961,0.4684664856892961,,pythia1b_10x_licenseclean_contcert_20260504_magnitude_prune_20260504_deep6_licenseclean,pythia1b_10x_licenseclean_contcert_20260504
magnitude_prune,pair,sciq+population,0.6085584575907521,0.41166266037244054,0,"[0.4869105666613943, 0.5130894333386057]","[0.4, 0.6]",0.0,"{""population"": -0.41166266037244054, ""sciq"": -0.05760724289986688}",population,continuous_primal_dual_psd,4,0.6085584575907521,0.6085584575907521,0.0,"[0.0, 1.0]",primal=Optimization terminated successfully; dual=outer=Optimization terminated successfully; inner=Optimization terminated successfully,0,2.599549542775055,0.0,,pythia1b_10x_licenseclean_contcert_20260504_magnitude_prune_20260504_deep6_licenseclean,pythia1b_10x_licenseclean_contcert_20260504
magnitude_prune,pair,sciq+subtraction,2.325006198883025,0.2968782651542205,0,"[0.2, 0.8]","[0.6, 0.4]",5.4031169664741645,"{""sciq"": -0.2968782651542205, ""subtraction"": 0.5499570846557944}",sciq,continuous_primal_dual_psd,4,2.325006198883025,2.325006198883025,0.0,"[0.0, 1.0]",primal=Optimization terminated successfully; dual=outer=Optimization terminated successfully; inner=Optimization terminated successfully,1,-31.250119209289547,31.250119209289547,,pythia1b_10x_licenseclean_contcert_20260504_magnitude_prune_20260504_deep6_licenseclean,pythia1b_10x_licenseclean_contcert_20260504
magnitude_prune,pair,subtraction+modadd,1.098213067588512,2.0889074325561197,0,"[0.640877415792744, 0.35912258420725596]","[0.2, 0.8]",3.611111640930176,"{""modadd"": -2.0889074325561197, ""subtraction"": -1.9500047683715493}",modadd,continuous_primal_dual_psd,4,1.098213067588512,1.098213067588402,1.099120794378905e-13,"[0.2980801822238966, 0.7019198177761035]",primal=Optimization terminated successfully; dual=outer=Optimization terminated successfully; inner=Optimization terminated successfully,0,17.361044883728027,0.0,,pythia1b_10x_licenseclean_contcert_20260504_magnitude_prune_20260504_deep6_licenseclean,pythia1b_10x_licenseclean_contcert_20260504
magnitude_prune,pair,subtraction+multiplication,5.575018596649141,0.6999999999999673,0,"[0.20000000000000007, 0.7999999999999999]","[0.8, 0.2]",5.000019073486328,"{""multiplication"": 3.0499904632568686, ""subtraction"": -0.6999999999999673}",subtraction,continuous_primal_dual_psd,4,5.575018596649141,5.575018596649141,0.0,"[1.0, 5.551115123125783e-17]",primal=Optimization terminated successfully; dual=outer=Optimization terminated successfully; inner=Optimization terminated successfully,1,-15.625059604644779,15.625059604644779,,pythia1b_10x_licenseclean_contcert_20260504_magnitude_prune_20260504_deep6_licenseclean,pythia1b_10x_licenseclean_contcert_20260504
magnitude_prune,triple,addition+multiplication+modadd,4.186772914867049,-0.5500047683716147,1,"[0.2, 0.2, 0.6]","[0.2, 0.2, 0.6]",0.0,"{""addition"": 0.5500047683716147, ""modadd"": 0.6888835906982749, ""multiplication"": 5.550000000000033}",addition,continuous_primal_dual_psd,6,4.186772914867049,4.186772914867049,0.0,"[0.0, 0.0, 1.0]",primal=Optimization terminated successfully; dual=outer=Optimization terminated successfully; inner=Optimization terminated successfully,1,-157.6862479567511,157.68624795675106,,pythia1b_10x_licenseclean_contcert_20260504_magnitude_prune_20260504_deep6_licenseclean,pythia1b_10x_licenseclean_contcert_20260504
magnitude_prune,triple,addition+subtraction+modadd,3.659009779617667,-3.4666507720947592,1,"[0.20000000000067295, 0.2, 0.5999999999993271]","[0.4, 0.2, 0.4]",1.6666650772094727,"{""addition"": 4.299995231628451, ""modadd"": 3.4666507720947592, ""subtraction"": 5.549952316284212}",modadd,continuous_primal_dual_psd,6,3.659009779617667,3.659009779617667,0.0,"[0.0, 0.0, 1.0]",primal=Optimization terminated successfully; dual=outer=Optimization terminated successfully; inner=Optimization terminated successfully,1,-224.72608561667602,224.72608561667602,,pythia1b_10x_licenseclean_contcert_20260504_magnitude_prune_20260504_deep6_licenseclean,pythia1b_10x_licenseclean_contcert_20260504
magnitude_prune,triple,addition+subtraction+multiplication,-0.6043579112053656,1.9500047683715493,0,"[0.5029114786777532, 0.20000000000000015, 0.2970885213222466]","[0.6, 0.2, 0.2]",0.0,"{""addition"": 0.5500047683716147, ""multiplication"": 5.550000000000033, ""subtraction"": -1.9500047683715493}",subtraction,continuous_primal_dual_psd,6,-0.6043579112053656,-0.6043579112277395,2.237388052606093e-11,"[1.6113106459520228e-15, 0.15359208652999354, 0.846407913470005]",primal=Optimization terminated successfully; dual=outer=Optimization terminated successfully; inner=Optimization terminated successfully,1,-306.5683100216239,306.5683100216239,,pythia1b_10x_licenseclean_contcert_20260504_magnitude_prune_20260504_deep6_licenseclean,pythia1b_10x_licenseclean_contcert_20260504
magnitude_prune,triple,authors+addition+modadd,9.732998858584878,1.9500047683715493,0,"[0.20000000000000714, 0.2, 0.5999999999999929]","[0.6, 0.2, 0.2]",6.25002384185791,"{""addition"": -1.9500047683715493, ""authors"": 2.8416483879089682, ""modadd"": 3.4666507720947592}",addition,continuous_primal_dual_psd,6,9.732998858584878,9.732998858584878,0.0,"[0.0, 0.0, 1.0]",primal=Optimization terminated successfully; dual=outer=Optimization terminated successfully; inner=Optimization terminated successfully,1,-296.00365592026094,296.00365592026094,,pythia1b_10x_licenseclean_contcert_20260504_magnitude_prune_20260504_deep6_licenseclean,pythia1b_10x_licenseclean_contcert_20260504
magnitude_prune,triple,authors+addition+multiplication,2.96069320941354,-0.3416626930237143,1,"[0.20000000000015944, 0.23515749688641596, 0.5648425031134245]","[0.4, 0.4, 0.2]",3.124988079071045,"{""addition"": 3.050014305114779, ""authors"": 0.3416626930237143, ""multiplication"": 8.049961853027376}",authors,continuous_primal_dual_psd,6,2.96069320941354,2.960693209409116,4.424016708526324e-12,"[0.89756253284778, 0.10243746715222014, 0.0]",primal=Optimization terminated successfully; dual=outer=Optimization terminated successfully; inner=Optimization terminated successfully,1,-168.91079552713376,168.91079552713376,,pythia1b_10x_licenseclean_contcert_20260504_magnitude_prune_20260504_deep6_licenseclean,pythia1b_10x_licenseclean_contcert_20260504
magnitude_prune,triple,authors+addition+subtraction,3.096846471474379,0.9083420753478677,0,"[0.2059638551801776, 0.20000000000000265, 0.5940361448198197]","[0.6, 0.2, 0.2]",4.374992847442627,"{""addition"": 0.5499809265137046, ""authors"": -0.9083420753478677, ""subtraction"": -0.6999999999999673}",authors,continuous_primal_dual_psd,6,3.096846471474379,3.0968464714739934,3.8546943414985435e-13,"[0.7358096417364851, 2.017780711125513e-16, 0.2641903582635147]",primal=Optimization terminated successfully; dual=outer=Optimization terminated successfully; inner=Optimization terminated successfully,1,-218.74964237213183,237.9927217233521,,pythia1b_10x_licenseclean_contcert_20260504_magnitude_prune_20260504_deep6_licenseclean,pythia1b_10x_licenseclean_contcert_20260504
magnitude_prune,triple,authors+multiplication+modadd,1.895057258869624,2.0889074325561197,0,"[0.36117623727880344, 0.3289666754980371, 0.3098570872231594]","[0.4, 0.2, 0.4]",1.944422721862793,"{""authors"": -1.9500047683715493, ""modadd"": -2.0889074325561197, ""multiplication"": 0.5500047683716147}",modadd,continuous_primal_dual_psd,6,1.895057258869624,1.8950572588659245,3.699485162655947e-12,"[0.7123225999981515, 1.6323205807855512e-15, 0.28767740000184683]",primal=Optimization terminated successfully; dual=outer=Optimization terminated successfully; inner=Optimization terminated successfully,1,-25.413852225386545,25.413852225386545,,pythia1b_10x_licenseclean_contcert_20260504_magnitude_prune_20260504_deep6_licenseclean,pythia1b_10x_licenseclean_contcert_20260504
magnitude_prune,triple,authors+subtraction+modadd,12.645557231523103,0.6999999999999673,0,"[0.2000000000000149, 0.2, 0.5999999999999851]","[0.2, 0.2, 0.6]",0.0,"{""authors"": 1.5916674613952964, ""modadd"": -0.6999999999999673, ""subtraction"": 0.5499809265137046}",modadd,continuous_primal_dual_psd,6,12.645557231523103,12.645557231523103,0.0,"[0.0, 0.0, 1.0]",primal=Optimization terminated successfully; dual=outer=Optimization terminated successfully; inner=Optimization terminated successfully,1,-340.7998425290127,340.7998425290127,,pythia1b_10x_licenseclean_contcert_20260504_magnitude_prune_20260504_deep6_licenseclean,pythia1b_10x_licenseclean_contcert_20260504
magnitude_prune,triple,authors+subtraction+multiplication,3.5019202624083094,0.6999999999999673,0,"[0.2, 0.3938376970336944, 0.4061623029663055]","[0.2, 0.4, 0.4]",0.0,"{""authors"": 0.3416626930237143, ""multiplication"": 6.800004768371615, ""subtraction"": -0.6999999999999673}",subtraction,continuous_primal_dual_psd,6,3.5019202624083094,3.5019202624083094,0.0,"[1.0, 0.0, 0.0]",primal=Optimization terminated successfully; dual=outer=Optimization terminated successfully; inner=Optimization terminated successfully,1,-74.2952170386479,74.29521703864792,,pythia1b_10x_licenseclean_contcert_20260504_magnitude_prune_20260504_deep6_licenseclean,pythia1b_10x_licenseclean_contcert_20260504
magnitude_prune,triple,capitals+addition+modadd,-0.34097343866199026,0.6999999999999673,0,"[0.20851881814353815, 0.2384267026683654, 0.5530544791880965]","[0.2, 0.4, 0.4]",5.000019073486328,"{""addition"": -0.6999999999999673, ""capitals"": 0.29999999999999827, ""modadd"": 2.077767181396517}",addition,continuous_primal_dual_psd,6,-0.34097343866199026,-0.3409734386619987,8.43769498715119e-15,"[0.9716084887344948, 0.002672954742147105, 0.025718556523358155]",primal=Optimization terminated successfully; dual=outer=Optimization terminated successfully; inner=Optimization terminated successfully,1,-160.69109880767996,160.69109880768005,,pythia1b_10x_licenseclean_contcert_20260504_magnitude_prune_20260504_deep6_licenseclean,pythia1b_10x_licenseclean_contcert_20260504
magnitude_prune,triple,capitals+addition+multiplication,3.1999618530285083,-0.22307692307692134,1,"[0.20000000000001822, 0.2, 0.5999999999999818]","[0.6, 0.2, 0.2]",2.1730816914484707,"{""addition"": 4.299995231628451, ""capitals"": 0.22307692307692134, ""multiplication"": 15.549966621398958}",capitals,continuous_primal_dual_psd,6,3.1999618530285083,3.1999618530285083,0.0,"[0.0, 1.0, 1.1102230246251565e-16]",primal=Optimization terminated successfully; dual=outer=Optimization terminated successfully; inner=Optimization terminated successfully,1,-218.74964237213177,220.97036336092964,,pythia1b_10x_licenseclean_contcert_20260504_magnitude_prune_20260504_deep6_licenseclean,pythia1b_10x_licenseclean_contcert_20260504
magnitude_prune,triple,capitals+addition+subtraction,10.700038146972634,-0.06923076923076749,1,"[0.2, 0.2, 0.6]","[0.6, 0.2, 0.2]",0.7692546110886449,"{""addition"": 5.550000000000033, ""capitals"": 0.06923076923076749, ""subtraction"": 3.0499427795410483}",capitals,continuous_primal_dual_psd,6,10.700038146972634,10.700038146972634,0.0,"[0.0, 0.0, 1.0]",primal=Optimization terminated successfully; dual=outer=Optimization terminated successfully; inner=Optimization terminated successfully,1,-312.5011920928963,312.50119209289625,,pythia1b_10x_licenseclean_contcert_20260504_magnitude_prune_20260504_deep6_licenseclean,pythia1b_10x_licenseclean_contcert_20260504
magnitude_prune,triple,capitals+authors+addition,3.0743590062615,1.9500047683715493,0,"[0.5068302479085594, 0.2, 0.2931697520914407]","[0.2, 0.6, 0.2]",3.3333301544189453,"{""addition"": 3.0499904632568686, ""authors"": -1.9500047683715493, ""capitals"": -0.08461538461538637}",authors,continuous_primal_dual_psd,6,3.0743590062615,3.0743590062615,0.0,"[0.0, 1.0, 0.0]",primal=Optimization terminated successfully; dual=outer=Optimization terminated successfully; inner=Optimization terminated successfully,1,-44.19400823255184,44.19400823255184,,pythia1b_10x_licenseclean_contcert_20260504_magnitude_prune_20260504_deep6_licenseclean,pythia1b_10x_licenseclean_contcert_20260504
magnitude_prune,triple,capitals+authors+modadd,0.2864058395809703,2.0889074325561197,0,"[0.2000000000000071, 0.5104313458594888, 0.28956865414050414]","[0.2, 0.4, 0.4]",0.0,"{""authors"": 0.3416626930237143, ""capitals"": 0.607692307692306, ""modadd"": -2.0889074325561197}",modadd,continuous_primal_dual_psd,6,0.2864058395809703,0.2864058395809703,0.0,"[0.0, 1.0, 0.0]",primal=Optimization terminated successfully; dual=outer=Optimization terminated successfully; inner=Optimization terminated successfully,1,-65.23100488483178,65.23100488483179,,pythia1b_10x_licenseclean_contcert_20260504_magnitude_prune_20260504_deep6_licenseclean,pythia1b_10x_licenseclean_contcert_20260504
magnitude_prune,triple,capitals+authors+multiplication,5.836967760186818,-0.607692307692306,1,"[0.2, 0.2, 0.6]","[0.2, 0.2, 0.6]",0.0,"{""authors"": 2.8416483879089682, ""capitals"": 0.607692307692306, ""multiplication"": 9.299990463256869}",capitals,continuous_primal_dual_psd,6,5.836967760186818,5.836967760186811,7.105427357601002e-15,"[0.0, 0.999999999999998, 2.0539125955565357e-15]",primal=Positive directional derivative for linesearch; dual=outer=Optimization terminated successfully; inner=Optimization terminated successfully,1,-154.87589817996457,154.87589817996457,,pythia1b_10x_licenseclean_contcert_20260504_magnitude_prune_20260504_deep6_licenseclean,pythia1b_10x_licenseclean_contcert_20260504
magnitude_prune,triple,capitals+authors+subtraction,6.3250214576736,0.6999999999999673,0,"[0.2000000000000138, 0.2, 0.5999999999999862]","[0.2, 0.6, 0.2]",4.583334922790527,"{""authors"": 2.633318233490023, ""capitals"": -0.08461538461538637, ""subtraction"": -0.6999999999999673}",subtraction,continuous_primal_dual_psd,6,6.3250214576736,6.3250214576736,0.0,"[0.0, 0.0, 1.0]",primal=Optimization terminated successfully; dual=outer=Optimization terminated successfully; inner=Optimization terminated successfully,1,-262.6611531550027,263.31818488709007,,pythia1b_10x_licenseclean_contcert_20260504_magnitude_prune_20260504_deep6_licenseclean,pythia1b_10x_licenseclean_contcert_20260504
magnitude_prune,triple,capitals+hemisphere+addition,-0.11657403571653724,-0.1817194549311124,1,"[0.34650313404368216, 0.26225527780684377, 0.3912415881494741]","[0.4, 0.2, 0.4]",0.0,"{""addition"": 1.7999856948852866, ""capitals"": 0.22307692307692134, ""hemisphere"": 0.1817194549311124}",hemisphere,continuous_primal_dual_psd,6,-0.11657403571653724,-0.1165740357625155,4.5978262863677344e-11,"[0.9671143476010062, 0.03288565239895426, 3.9578613959334943e-14]",primal=Optimization terminated successfully; dual=outer=Optimization terminated successfully; inner=Optimization terminated successfully,1,-87.41553169982538,87.4155316998254,,pythia1b_10x_licenseclean_contcert_20260504_magnitude_prune_20260504_deep6_licenseclean,pythia1b_10x_licenseclean_contcert_20260504
magnitude_prune,triple,capitals+hemisphere+authors,1.1301242405094931,-0.05268724053121203,1,"[0.2, 0.2, 0.6]","[0.4, 0.2, 0.4]",0.11827919146580325,"{""authors"": 1.383337306976351, ""capitals"": 0.1461538461538444, ""hemisphere"": 0.05268724053121203}",hemisphere,continuous_primal_dual_psd,6,1.1301242405094931,1.1301242405094911,1.9984014443252818e-15,"[1.831867990631505e-15, 0.0, 0.9999999999999982]",primal=Optimization terminated successfully; dual=outer=Optimization terminated successfully; inner=Optimization terminated successfully,1,-108.06699087760092,108.06699087760092,,pythia1b_10x_licenseclean_contcert_20260504_magnitude_prune_20260504_deep6_licenseclean,pythia1b_10x_licenseclean_contcert_20260504
magnitude_prune,triple,capitals+hemisphere+modadd,8.606913248093385,-0.29999864639691565,1,"[0.2, 0.2, 0.6]","[0.2, 0.6, 0.2]",0.12903086079681197,"{""capitals"": 0.3769230769230752, ""hemisphere"": 0.29999864639691565, ""modadd"": 0.6888835906982749}",hemisphere,continuous_primal_dual_psd,6,8.606913248093385,8.606913248093385,0.0,"[0.0, 1.0, 0.0]",primal=Optimization terminated successfully; dual=outer=Optimization terminated successfully; inner=Optimization terminated successfully,1,-258.85343733783594,258.85343733783594,,pythia1b_10x_licenseclean_contcert_20260504_magnitude_prune_20260504_deep6_licenseclean,pythia1b_10x_licenseclean_contcert_20260504
magnitude_prune,triple,capitals+hemisphere+multiplication,3.516378938896306,-0.3769230769230752,1,"[0.2, 0.2, 0.6]","[0.2, 0.4, 0.4]",0.23076923076923078,"{""capitals"": 0.3769230769230752, ""hemisphere"": 0.5580644287998048, ""multiplication"": 13.049980926513705}",capitals,continuous_primal_dual_psd,6,3.516378938896306,3.5163789388963043,1.7763568394002505e-15,"[3.330669073875468e-16, 0.9999999999999996, 0.0]",primal=Optimization terminated successfully; dual=outer=Optimization terminated successfully; inner=Optimization terminated successfully,1,-184.2749525476794,184.27495254767942,,pythia1b_10x_licenseclean_contcert_20260504_magnitude_prune_20260504_deep6_licenseclean,pythia1b_10x_licenseclean_contcert_20260504
magnitude_prune,triple,capitals+hemisphere+nli,0.381498726780388,-0.009922893891502907,1,"[0.23919994602615635, 0.20000000000000087, 0.5608000539738428]","[0.4, 0.4, 0.2]",0.33358062722898324,"{""capitals"": 0.530769230769229, ""hemisphere"": 0.1817194549311124, ""nli"": 0.009922893891502907}",nli,continuous_primal_dual_psd,6,0.381498726780388,0.381498726780388,0.0,"[0.0, 0.0, 1.0]",primal=Optimization terminated successfully; dual=outer=Optimization terminated successfully; inner=Optimization terminated successfully,1,-50.96675668627465,50.96675668627466,,pythia1b_10x_licenseclean_contcert_20260504_magnitude_prune_20260504_deep6_licenseclean,pythia1b_10x_licenseclean_contcert_20260504
magnitude_prune,triple,capitals+hemisphere+subtraction,-0.0821777042471794,-0.1461538461538444,1,"[0.561763232377701, 0.2, 0.23823676762229895]","[0.2, 0.6, 0.2]",0.15384615384615385,"{""capitals"": 0.1461538461538444, ""hemisphere"": 0.6870979968027935, ""subtraction"": 6.799957084655794}",capitals,continuous_primal_dual_psd,6,-0.0821777042471794,-0.08217770424722781,4.8405723873656825e-14,"[0.971938472004598, 0.0, 0.02806152799540205]",primal=Optimization terminated successfully; dual=outer=Optimization terminated successfully; inner=Optimization terminated successfully,1,-170.648881427725,170.648881427725,,pythia1b_10x_licenseclean_contcert_20260504_magnitude_prune_20260504_deep6_licenseclean,pythia1b_10x_licenseclean_contcert_20260504
magnitude_prune,triple,capitals+multiplication+modadd,9.727743339540325,-0.4538461538461521,1,"[0.20000000000002258, 0.20000000000000112, 0.5999999999999763]","[0.2, 0.2, 0.6]",0.0,"{""capitals"": 0.4538461538461521, ""modadd"": 0.6888597488403647, ""multiplication"": 5.550000000000033}",capitals,continuous_primal_dual_psd,6,9.727743339540325,9.727743339540325,0.0,"[0.0, 0.0, 1.0]",primal=Optimization terminated successfully; dual=outer=Optimization terminated successfully; inner=Optimization terminated successfully,1,-304.5822364627511,304.68510116526005,,pythia1b_10x_licenseclean_contcert_20260504_magnitude_prune_20260504_deep6_licenseclean,pythia1b_10x_licenseclean_contcert_20260504
magnitude_prune,triple,capitals+nli+addition,11.32502861022948,0.051144972815034634,0,"[0.2, 0.2, 0.6]","[0.6, 0.2, 0.2]",4.398869332299679,"{""addition"": 1.8000095367431967, ""capitals"": 0.22307692307692134, ""nli"": -0.051144972815034634}",nli,continuous_primal_dual_psd,6,11.32502861022948,11.32502861022948,0.0,"[0.0, 0.0, 1.0]",primal=Optimization terminated successfully; dual=outer=Optimization terminated successfully; inner=Optimization terminated successfully,1,-293.91116513110154,298.1069501795418,,pythia1b_10x_licenseclean_contcert_20260504_magnitude_prune_20260504_deep6_licenseclean,pythia1b_10x_licenseclean_contcert_20260504
magnitude_prune,triple,capitals+nli+authors,2.1566430086145036,0.22671745922255285,0,"[0.37780041534136893, 0.20000000000002896, 0.4221995846586021]","[0.2, 0.6, 0.2]",6.3066222319395235,"{""authors"": 0.3416626930237143, ""capitals"": 0.3769230769230752, ""nli"": -0.22671745922255285}",nli,continuous_primal_dual_psd,6,2.1566430086145036,2.1566430086145036,0.0,"[0.0, 0.0, 1.0]",primal=Optimization terminated successfully; dual=outer=Optimization terminated successfully; inner=Optimization terminated successfully,1,-33.52264847983431,33.52264847983431,,pythia1b_10x_licenseclean_contcert_20260504_magnitude_prune_20260504_deep6_licenseclean,pythia1b_10x_licenseclean_contcert_20260504
magnitude_prune,triple,capitals+nli+modadd,7.352839715670218,0.6999999999999673,0,"[0.2, 0.2, 0.6]","[0.4, 0.4, 0.2]",4.166698455810547,"{""capitals"": 0.4538461538461521, ""modadd"": -0.6999999999999673, ""nli"": -0.11221406255446136}",modadd,continuous_primal_dual_psd,6,7.352839715670218,7.352839715670196,2.1316282072803006e-14,"[0.0, 3.108624468950429e-15, 0.9999999999999969]",primal=Optimization terminated successfully; dual=outer=Optimization terminated successfully; inner=Optimization terminated successfully,1,-79.95718240764138,79.95718240764138,,pythia1b_10x_licenseclean_contcert_20260504_magnitude_prune_20260504_deep6_licenseclean,pythia1b_10x_licenseclean_contcert_20260504
magnitude_prune,triple,capitals+nli+multiplication,0.2245518471550157,-0.06335842385305687,1,"[0.4826837766976936, 0.20000000000000312, 0.31731622330230325]","[0.6, 0.2, 0.2]",0.1145033966680915,"{""capitals"": 0.1461538461538444, ""multiplication"": 10.54997138977054, ""nli"": 0.06335842385305687}",nli,continuous_primal_dual_psd,6,0.2245518471550157,0.2245518471550109,4.801714581503802e-15,"[0.0, 0.9723587618659434, 0.02764123813405651]",primal=Optimization terminated successfully; dual=outer=Optimization terminated successfully; inner=Optimization terminated successfully,1,-51.35207111784864,51.35207111784864,,pythia1b_10x_licenseclean_contcert_20260504_magnitude_prune_20260504_deep6_licenseclean,pythia1b_10x_licenseclean_contcert_20260504
magnitude_prune,triple,capitals+nli+subtraction,2.042791005383311,5.699995231628385,0,"[0.39466787566505884, 0.2, 0.40533212433494115]","[0.6, 0.2, 0.2]",2.384185791015625e-05,"{""capitals"": 0.1461538461538444, ""nli"": -0.17328254077744348, ""subtraction"": -5.699995231628385}",subtraction,continuous_primal_dual_psd,6,2.042791005383311,2.042791005374129,9.181988502859895e-12,"[0.5766059237524784, 2.4290594962346554e-15, 0.42339407624751924]",primal=Optimization terminated successfully; dual=outer=Optimization terminated successfully; inner=Optimization terminated successfully,1,-101.33231198160192,101.3323119816019,,pythia1b_10x_licenseclean_contcert_20260504_magnitude_prune_20260504_deep6_licenseclean,pythia1b_10x_licenseclean_contcert_20260504
magnitude_prune,triple,capitals+subtraction+modadd,0.10117653228148749,-0.1461538461538444,1,"[0.2553098060945499, 0.2, 0.54469019390545]","[0.4, 0.2, 0.4]",2.235061278709964,"{""capitals"": 0.1461538461538444, ""modadd"": 0.6888835906982749, ""subtraction"": 0.5499809265137046}",capitals,continuous_primal_dual_psd,6,0.10117653228148749,0.10117653228148749,0.0,"[0.0, 1.0, 7.632783294297951e-17]",primal=Positive directional derivative for linesearch; dual=outer=Optimization terminated successfully; inner=Optimization terminated successfully,1,-129.37721055301688,129.37721055301688,,pythia1b_10x_licenseclean_contcert_20260504_magnitude_prune_20260504_deep6_licenseclean,pythia1b_10x_licenseclean_contcert_20260504
magnitude_prune,triple,capitals+subtraction+multiplication,8.396055294273525,0.31538461538461715,0,"[0.20000000000002308, 0.20000000000002133, 0.5999999999999556]","[0.4, 0.4, 0.2]",1.6346201529869322,"{""capitals"": -0.31538461538461715, ""multiplication"": 10.54997138977054, ""subtraction"": 1.7999618530273764}",capitals,continuous_primal_dual_psd,6,8.396055294273525,8.396055294273525,0.0,"[0.0, 1.0, 0.0]",primal=Optimization terminated successfully; dual=outer=Optimization terminated successfully; inner=Optimization terminated successfully,1,-199.53716139391398,199.53716139391398,,pythia1b_10x_licenseclean_contcert_20260504_magnitude_prune_20260504_deep6_licenseclean,pythia1b_10x_licenseclean_contcert_20260504
magnitude_prune,triple,hemisphere+addition+modadd,-0.12593138876304266,0.07634497386868834,0,"[0.42761528000839855, 0.2, 0.3723847199916015]","[0.4, 0.2, 0.4]",0.0,"{""addition"": 0.5499809265137046, ""hemisphere"": -0.07634497386868834, ""modadd"": 2.077767181396517}",hemisphere,continuous_primal_dual_psd,6,-0.12593138876304266,-0.12593138876304266,0.0,"[1.0, 0.0, 0.0]",primal=Optimization terminated successfully; dual=outer=Optimization terminated successfully; inner=Optimization terminated successfully,1,-106.77541842452281,106.7754184245228,,pythia1b_10x_licenseclean_contcert_20260504_magnitude_prune_20260504_deep6_licenseclean,pythia1b_10x_licenseclean_contcert_20260504
magnitude_prune,triple,hemisphere+addition+multiplication,20.075014305114735,-0.1817194549311124,1,"[0.2, 0.2, 0.6]","[0.4, 0.4, 0.2]",3.381728991674244,"{""addition"": 1.7999856948852866, ""hemisphere"": 0.1817194549311124, ""multiplication"": 10.54997138977054}",hemisphere,continuous_primal_dual_psd,6,20.075014305114735,20.075014305114735,0.0,"[0.0, 1.0, 0.0]",primal=Optimization terminated successfully; dual=outer=Optimization terminated successfully; inner=Optimization terminated successfully,1,-527.5481889054561,527.5611782419403,,pythia1b_10x_licenseclean_contcert_20260504_magnitude_prune_20260504_deep6_licenseclean,pythia1b_10x_licenseclean_contcert_20260504
magnitude_prune,triple,hemisphere+addition+subtraction,-3.850454014554746,0.08709799680278547,0,"[0.5552481900689267, 0.24191573407268857, 0.2028360758583847]","[0.6, 0.2, 0.2]",0.0,"{""addition"": 5.550000000000033, ""hemisphere"": -0.08709799680278547, ""subtraction"": 0.5499570846557944}",hemisphere,continuous_primal_dual_psd,6,-3.850454014554746,-3.8504540145548773,1.3145040611561853e-13,"[0.7618866542306462, 0.0, 0.23811334576935378]",primal=Optimization terminated successfully; dual=outer=Optimization terminated successfully; inner=Optimization terminated successfully,1,-19.313204521582538,19.31320452158254,,pythia1b_10x_licenseclean_contcert_20260504_magnitude_prune_20260504_deep6_licenseclean,pythia1b_10x_licenseclean_contcert_20260504
magnitude_prune,triple,hemisphere+authors+addition,3.523373614285105,0.3236577333374803,0,"[0.20000000000003387, 0.29557486409787304, 0.504425135902093]","[0.2, 0.4, 0.4]",3.9180144964293326,"{""addition"": 3.0499904632568686, ""authors"": 0.3416626930237143, ""hemisphere"": -0.3236577333374803}",hemisphere,continuous_primal_dual_psd,6,3.523373614285105,3.523373614285105,0.0,"[9.020562075079397e-17, 1.0, 0.0]",primal=Optimization terminated successfully; dual=outer=Optimization terminated successfully; inner=Optimization terminated successfully,1,-187.50047683879578,187.50047683879578,,pythia1b_10x_licenseclean_contcert_20260504_magnitude_prune_20260504_deep6_licenseclean,pythia1b_10x_licenseclean_contcert_20260504
magnitude_prune,triple,hemisphere+authors+modadd,6.255534362793105,0.9083420753478677,0,"[0.20000000000000456, 0.2, 0.5999999999999954]","[0.2, 0.2, 0.6]",0.0,"{""authors"": -0.9083420753478677, ""hemisphere"": 0.3107516693310128, ""modadd"": -0.6999999999999673}",authors,continuous_primal_dual_psd,6,6.255534362793105,6.255534362793105,0.0,"[0.0, 0.0, 1.0]",primal=Optimization terminated successfully; dual=outer=Optimization terminated successfully; inner=Optimization terminated successfully,1,-143.62092493548346,143.62092493548346,,pythia1b_10x_licenseclean_contcert_20260504_magnitude_prune_20260504_deep6_licenseclean,pythia1b_10x_licenseclean_contcert_20260504
magnitude_prune,triple,hemisphere+authors+multiplication,1.2707672911208805,-0.3107530229341012,1,"[0.6000000000000024, 0.20000000000000454, 0.19999999999999307]","[0.2, 0.4, 0.4]",0.25806578240288913,"{""authors"": 1.5916436195373862, ""hemisphere"": 0.3107530229341012, ""multiplication"": 0.5500047683716147}",hemisphere,continuous_primal_dual_psd,6,1.2707672911208805,1.2707672911208805,0.0,"[0.0, 1.0, 0.0]",primal=Optimization terminated successfully; dual=outer=Optimization terminated successfully; inner=Optimization terminated successfully,1,-76.22915310857545,76.22915310857546,,pythia1b_10x_licenseclean_contcert_20260504_magnitude_prune_20260504_deep6_licenseclean,pythia1b_10x_licenseclean_contcert_20260504
magnitude_prune,triple,hemisphere+authors+subtraction,0.8625960916290589,2.7833253860473306,0,"[0.2, 0.35061523244779097, 0.449384767552209]","[0.2, 0.4, 0.4]",0.0,"{""authors"": -2.7833253860473306, ""hemisphere"": 0.05268724053121203, ""subtraction"": 0.5499809265137046}",authors,continuous_primal_dual_psd,6,0.8625960916290589,0.8625960916290589,0.0,"[0.0, 1.0, 0.0]",primal=Optimization terminated successfully; dual=outer=Optimization terminated successfully; inner=Optimization terminated successfully,1,-190.93111048680808,190.93111048680805,,pythia1b_10x_licenseclean_contcert_20260504_magnitude_prune_20260504_deep6_licenseclean,pythia1b_10x_licenseclean_contcert_20260504
magnitude_prune,triple,hemisphere+multiplication+modadd,6.255534362792943,-0.5473114058657077,1,"[0.2, 0.2, 0.6]","[0.2, 0.2, 0.6]",0.0,"{""hemisphere"": 0.5473114058657077, ""modadd"": 0.6888835906982749, ""multiplication"": 3.050014305114779}",hemisphere,continuous_primal_dual_psd,6,6.255534362792943,6.255534362792903,3.9968028886505635e-14,"[0.0, 1.1324274851176469e-14, 0.9999999999999887]",primal=Optimization terminated successfully; dual=outer=Optimization terminated successfully; inner=Optimization terminated successfully,1,-173.61044883728073,177.0486132769793,,pythia1b_10x_licenseclean_contcert_20260504_magnitude_prune_20260504_deep6_licenseclean,pythia1b_10x_licenseclean_contcert_20260504
magnitude_prune,triple,hemisphere+nli+addition,7.177467721017646,0.17328254077744348,0,"[0.2, 0.2, 0.6]","[0.4, 0.2, 0.4]",1.776722227594106,"{""addition"": 1.8000095367431967, ""hemisphere"": 0.17096643199701528, ""nli"": -0.17328254077744348}",nli,continuous_primal_dual_psd,6,7.177467721017646,7.177467721017646,0.0,"[0.0, 0.0, 1.0]",primal=Optimization terminated successfully; dual=outer=Optimization terminated successfully; inner=Optimization terminated successfully,1,-226.3328761065696,226.3328761065696,,pythia1b_10x_licenseclean_contcert_20260504_magnitude_prune_20260504_deep6_licenseclean,pythia1b_10x_licenseclean_contcert_20260504
magnitude_prune,triple,hemisphere+nli+authors,0.2741325214682053,0.104579891260144,0,"[0.30967858042730395, 0.3109145244925803, 0.3794068950801157]","[0.2, 0.4, 0.4]",0.0,"{""authors"": 0.3416626930237143, ""hemisphere"": 0.3215046922651099, ""nli"": -0.104579891260144}",nli,continuous_primal_dual_psd,6,0.2741325214682053,0.27413252146728706,9.18265463667467e-13,"[9.218890938708967e-16, 0.5180828484155056, 0.4819171515844936]",primal=Optimization terminated successfully; dual=outer=Optimization terminated successfully; inner=Optimization terminated successfully,1,-207.5043391108118,207.50433911081177,,pythia1b_10x_licenseclean_contcert_20260504_magnitude_prune_20260504_deep6_licenseclean,pythia1b_10x_licenseclean_contcert_20260504
magnitude_prune,triple,hemisphere+nli+modadd,0.41968551343645544,0.40992411692438846,0,"[0.391313529248965, 0.2709344900240976, 0.33775198072693735]","[0.2, 0.6, 0.2]",0.0,"{""hemisphere"": -0.3236577333374803, ""modadd"": 0.6888835906982749, ""nli"": -0.40992411692438846}",nli,continuous_primal_dual_psd,6,0.41968551343645544,0.4196855134363973,5.812017533912694e-14,"[1.2612445280821068e-14, 0.9955552961230817, 0.004444703876905605]",primal=Optimization terminated successfully; dual=outer=Optimization terminated successfully; inner=Optimization terminated successfully,1,-189.10420899433126,189.10420899433123,,pythia1b_10x_licenseclean_contcert_20260504_magnitude_prune_20260504_deep6_licenseclean,pythia1b_10x_licenseclean_contcert_20260504
magnitude_prune,triple,hemisphere+nli+multiplication,6.124555147818564,0.104579891260144,0,"[0.2, 0.2, 0.6]","[0.2, 0.2, 0.6]",0.0,"{""hemisphere"": 0.1817194549311124, ""multiplication"": 8.049985694885287, ""nli"": -0.104579891260144}",nli,continuous_primal_dual_psd,6,6.124555147818564,6.124555147818555,8.881784197001252e-15,"[0.9999999999999942, 0.0, 5.717648576819523e-15]",primal=Optimization terminated successfully; dual=outer=Optimization terminated successfully; inner=Optimization terminated successfully,1,-243.76998126066974,243.76998126066977,,pythia1b_10x_licenseclean_contcert_20260504_magnitude_prune_20260504_deep6_licenseclean,pythia1b_10x_licenseclean_contcert_20260504
magnitude_prune,triple,hemisphere+nli+subtraction,0.3153572359793628,0.22671745922255285,0,"[0.32427256459357967, 0.3563731315131018, 0.31935430389331854]","[0.4, 0.2, 0.4]",5.473277772405832,"{""hemisphere"": 0.05268724053121203, ""nli"": -0.22671745922255285, ""subtraction"": 1.7999380111694663}",nli,continuous_primal_dual_psd,6,0.3153572359793628,0.315357235973058,6.3048455345438015e-12,"[0.0, 0.9920293672916844, 0.007970632708315557]",primal=Optimization terminated successfully; dual=outer=Optimization terminated successfully; inner=Optimization terminated successfully,1,-51.23176724699431,51.231767246994316,,pythia1b_10x_licenseclean_contcert_20260504_magnitude_prune_20260504_deep6_licenseclean,pythia1b_10x_licenseclean_contcert_20260504
magnitude_prune,triple,hemisphere+subtraction+modadd,-2.9736794243745255,-0.17096643199701528,1,"[0.42786054702459897, 0.274224928719186, 0.297914524256215]","[0.4, 0.2, 0.4]",0.0,"{""hemisphere"": 0.17096643199701528, ""modadd"": 3.4666507720947592, ""subtraction"": 1.7999618530273764}",hemisphere,continuous_primal_dual_psd,6,-2.9736794243745255,-2.9736794243745384,1.2878587085651816e-14,"[0.17973812330604297, 0.0, 0.820261876693957]",primal=Optimization terminated successfully; dual=outer=Optimization terminated successfully; inner=Optimization terminated successfully,1,-110.32271570195395,110.32271570195395,,pythia1b_10x_licenseclean_contcert_20260504_magnitude_prune_20260504_deep6_licenseclean,pythia1b_10x_licenseclean_contcert_20260504
magnitude_prune,triple,hemisphere+subtraction+multiplication,1.5055351075627845,-0.3107530229341012,1,"[0.28030825854702124, 0.2, 0.5196917414529787]","[0.6, 0.2, 0.2]",0.1290322143999004,"{""hemisphere"": 0.3107530229341012, ""multiplication"": 5.550000000000033, ""subtraction"": 3.0499427795410483}",hemisphere,continuous_primal_dual_psd,6,1.5055351075627845,1.5055310524292358,4.0551335487304385e-06,"[0.2960066859902221, 0.703993314009778, 3.9499085644557876e-17]",primal=Optimization terminated successfully; dual=outer=Optimization terminated successfully; inner=Optimization terminated successfully,1,-258.1912145466259,258.1912145466259,,pythia1b_10x_licenseclean_contcert_20260504_magnitude_prune_20260504_deep6_licenseclean,pythia1b_10x_licenseclean_contcert_20260504
magnitude_prune,triple,nli+addition+modadd,12.5774166983675,0.5244281251089246,0,"[0.2, 0.2, 0.6]","[0.2, 0.2, 0.6]",0.0,"{""addition"": 1.8000095367431967, ""modadd"": 2.077767181396517, ""nli"": -0.5244281251089246}",nli,continuous_primal_dual_psd,6,12.5774166983675,12.5774166983675,0.0,"[0.0, 1.0, 0.0]",primal=Optimization terminated successfully; dual=outer=Optimization terminated successfully; inner=Optimization terminated successfully,1,-484.80816044364144,484.80816044364144,,pythia1b_10x_licenseclean_contcert_20260504_magnitude_prune_20260504_deep6_licenseclean,pythia1b_10x_licenseclean_contcert_20260504
magnitude_prune,triple,nli+addition+multiplication,0.2382972020220846,0.6999999999999673,0,"[0.30110825801054164, 0.2000000000000006, 0.49889174198945774]","[0.2, 0.2, 0.6]",3.750014305114746,"{""addition"": -0.6999999999999673, ""multiplication"": 6.800004768371615, ""nli"": -0.16564898099957073}",addition,continuous_primal_dual_psd,6,0.2382972020220846,0.23829720202204235,4.2243986086987206e-14,"[0.972691908578412, 0.027308091421587903, 0.0]",primal=Optimization terminated successfully; dual=outer=Optimization terminated successfully; inner=Optimization terminated successfully,1,-112.67253461221718,112.67253461221718,,pythia1b_10x_licenseclean_contcert_20260504_magnitude_prune_20260504_deep6_licenseclean,pythia1b_10x_licenseclean_contcert_20260504
magnitude_prune,triple,nli+addition+subtraction,0.27007499396626233,0.6999999999999673,0,"[0.3811529492736793, 0.41884705072632156, 0.19999999999999907]","[0.4, 0.4, 0.2]",0.0,"{""addition"": -0.6999999999999673, ""nli"": -0.051144972815034634, ""subtraction"": 0.5499809265137046}",addition,continuous_primal_dual_psd,6,0.27007499396626233,0.27007499396626217,1.6653345369377348e-16,"[3.774758283725518e-15, 0.0, 0.9999999999999962]",primal=Optimization terminated successfully; dual=outer=Optimization terminated successfully; inner=Optimization terminated successfully,1,-7.377152438364169,7.377152438364169,,pythia1b_10x_licenseclean_contcert_20260504_magnitude_prune_20260504_deep6_licenseclean,pythia1b_10x_licenseclean_contcert_20260504
magnitude_prune,triple,nli+authors+addition,6.3249737739562875,0.16564898099957073,0,"[0.2, 0.2, 0.6]","[0.2, 0.6, 0.2]",0.5343510190003966,"{""addition"": 3.0499904632568686, ""authors"": 0.3416626930237143, ""nli"": -0.16564898099957073}",nli,continuous_primal_dual_psd,6,6.3249737739562875,6.3249737739562875,0.0,"[0.0, 0.0, 1.0]",primal=Optimization terminated successfully; dual=outer=Optimization terminated successfully; inner=Optimization terminated successfully,1,-276.6897501637269,284.7001072343228,,pythia1b_10x_licenseclean_contcert_20260504_magnitude_prune_20260504_deep6_licenseclean,pythia1b_10x_licenseclean_contcert_20260504
magnitude_prune,triple,nli+authors+modadd,12.52841524887342,0.6999999999999673,0,"[0.2, 0.2, 0.6]","[0.4, 0.4, 0.2]",3.3333301544189453,"{""authors"": -0.6999999999999673, ""modadd"": 0.6888835906982749, ""nli"": -0.11221406255446136}",authors,continuous_primal_dual_psd,6,12.52841524887342,12.52841524887342,0.0,"[0.0, 0.0, 1.0]",primal=Optimization terminated successfully; dual=outer=Optimization terminated successfully; inner=Optimization terminated successfully,1,-320.0331738194311,320.0331738194311,,pythia1b_10x_licenseclean_contcert_20260504_magnitude_prune_20260504_deep6_licenseclean,pythia1b_10x_licenseclean_contcert_20260504
magnitude_prune,triple,nli+authors+multiplication,0.511298645184302,0.104579891260144,0,"[0.6, 0.2, 0.19999999999999996]","[0.2, 0.4, 0.4]",0.12213756796240885,"{""authors"": 0.3416626930237143, ""multiplication"": 3.050014305114779, ""nli"": -0.104579891260144}",nli,continuous_primal_dual_psd,6,0.511298645184302,0.511298645184302,0.0,"[0.0, 1.0, 3.122502256758253e-17]",primal=Optimization terminated successfully; dual=outer=Optimization terminated successfully; inner=Optimization terminated successfully,1,-44.159239592720404,44.159239592720404,,pythia1b_10x_licenseclean_contcert_20260504_magnitude_prune_20260504_deep6_licenseclean,pythia1b_10x_licenseclean_contcert_20260504
magnitude_prune,triple,nli+authors+subtraction,0.5436197223863264,1.9500047683715493,0,"[0.5127510645154607, 0.2872489354845343, 0.20000000000000506]","[0.2, 0.4, 0.4]",6.25,"{""authors"": -1.9500047683715493, ""nli"": -0.16564836948312614, ""subtraction"": -1.9500047683715493}",authors+subtraction,continuous_primal_dual_psd,6,0.5436197223863264,0.5436197223863111,1.532107773982716e-14,"[0.6389566266133561, 0.3610433733866439, 8.754932542820448e-18]",primal=Optimization terminated successfully; dual=outer=Optimization terminated successfully; inner=Optimization terminated successfully,1,-2.061549744895717,2.061549744895717,,pythia1b_10x_licenseclean_contcert_20260504_magnitude_prune_20260504_deep6_licenseclean,pythia1b_10x_licenseclean_contcert_20260504
magnitude_prune,triple,nli+multiplication+modadd,2.7469290001112228,0.6999999999999673,0,"[0.20000000000017507, 0.38110853777395154, 0.41889146222587337]","[0.2, 0.4, 0.4]",0.0,"{""modadd"": -0.6999999999999673, ""multiplication"": 6.799980926513705, ""nli"": -0.16564836948312614}",modadd,continuous_primal_dual_psd,6,2.7469290001112228,2.7469290001112228,0.0,"[0.0, 0.0, 1.0]",primal=Optimization terminated successfully; dual=outer=Optimization terminated successfully; inner=Optimization terminated successfully,1,-87.42447288309,87.42447288309002,,pythia1b_10x_licenseclean_contcert_20260504_magnitude_prune_20260504_deep6_licenseclean,pythia1b_10x_licenseclean_contcert_20260504
magnitude_prune,triple,nli+subtraction+modadd,5.815649336660538,0.4633596468859424,0,"[0.2, 0.2, 0.6]","[0.4, 0.2, 0.4]",0.12213695644596428,"{""modadd"": 0.6888835906982749, ""nli"": -0.4633596468859424, ""subtraction"": 0.5499809265137046}",nli,continuous_primal_dual_psd,6,5.815649336660538,5.815649336660538,0.0,"[0.0, 0.0, 1.0]",primal=Optimization terminated successfully; dual=outer=Optimization terminated successfully; inner=Optimization terminated successfully,1,-224.7260856166757,224.72608561667568,,pythia1b_10x_licenseclean_contcert_20260504_magnitude_prune_20260504_deep6_licenseclean,pythia1b_10x_licenseclean_contcert_20260504
magnitude_prune,triple,nli+subtraction+multiplication,6.439075775242769,3.2000095367431314,0,"[0.3394751346046949, 0.2, 0.4605248653953051]","[0.6, 0.2, 0.2]",2.500009536743164,"{""multiplication"": 4.299995231628451, ""nli"": -0.22671745922255285, ""subtraction"": -3.2000095367431314}",subtraction,continuous_primal_dual_psd,6,6.439075775242769,6.439075775242527,2.424727085781342e-13,"[4.151529133108396e-14, 0.5805953754140495, 0.419404624585909]",primal=Optimization terminated successfully; dual=outer=Optimization terminated successfully; inner=Optimization terminated successfully,1,-124.99868870431123,124.99868870431125,,pythia1b_10x_licenseclean_contcert_20260504_magnitude_prune_20260504_deep6_licenseclean,pythia1b_10x_licenseclean_contcert_20260504
magnitude_prune,triple,population+addition+modadd,4.536591530661629,0.3503113325031133,0,"[0.2, 0.2, 0.6]","[0.6, 0.2, 0.2]",1.599693435868436,"{""addition"": 4.299995231628451, ""modadd"": 3.4666507720947592, ""population"": -0.3503113325031133}",population,continuous_primal_dual_psd,6,4.536591530661629,4.536591530661389,2.398081733190338e-13,"[0.9999999999999376, 0.0, 6.239453398392991e-14]",primal=Optimization terminated successfully; dual=outer=Optimization terminated successfully; inner=Optimization terminated successfully,1,-122.90754709465435,122.90754709465436,,pythia1b_10x_licenseclean_contcert_20260504_magnitude_prune_20260504_deep6_licenseclean,pythia1b_10x_licenseclean_contcert_20260504
magnitude_prune,triple,population+addition+multiplication,1.267164883894416,0.687732051319181,0,"[0.20000000000000703, 0.33611202039763993, 0.46388797960235306]","[0.2, 0.4, 0.4]",0.0,"{""addition"": 0.5500047683716147, ""multiplication"": 4.299995231628451, ""population"": -0.687732051319181}",population,continuous_primal_dual_psd,6,1.267164883894416,1.2671648838943994,1.6653345369377348e-14,"[0.3833716379066796, 0.0, 0.6166283620933205]",primal=Optimization terminated successfully; dual=outer=Optimization terminated successfully; inner=Optimization terminated successfully,1,-62.50083446502709,62.50083446502709,,pythia1b_10x_licenseclean_contcert_20260504_magnitude_prune_20260504_deep6_licenseclean,pythia1b_10x_licenseclean_contcert_20260504
magnitude_prune,triple,population+addition+subtraction,1.3502660060965432,0.7000238418578775,0,"[0.2801157257366695, 0.35531932004695344, 0.36456495421637714]","[0.2, 0.4, 0.4]",0.0,"{""addition"": -0.7000238418578775, ""population"": -0.687732051319181, ""subtraction"": -0.6999999999999673}",addition,continuous_primal_dual_psd,6,1.3502660060965432,1.3502660060965397,3.552713678800501e-15,"[0.9894063919718601, 0.0, 0.010593608028139988]",primal=Optimization terminated successfully; dual=outer=Optimization terminated successfully; inner=Optimization terminated successfully,1,-81.42378796416595,81.42378796416594,,pythia1b_10x_licenseclean_contcert_20260504_magnitude_prune_20260504_deep6_licenseclean,pythia1b_10x_licenseclean_contcert_20260504
magnitude_prune,triple,population+authors+addition,5.495914677950312,0.687732051319181,0,"[0.20000000000000115, 0.23012746330718745, 0.5698725366928115]","[0.2, 0.4, 0.4]",0.6134959019954241,"{""addition"": 0.5500047683716147, ""authors"": 0.3416626930237143, ""population"": -0.687732051319181}",population,continuous_primal_dual_psd,6,5.495914677950312,5.495914677950312,0.0,"[0.0, 1.0, 0.0]",primal=Optimization terminated successfully; dual=outer=Optimization terminated successfully; inner=Optimization terminated successfully,1,-117.87379594109828,117.87379594109827,,pythia1b_10x_licenseclean_contcert_20260504_magnitude_prune_20260504_deep6_licenseclean,pythia1b_10x_licenseclean_contcert_20260504
magnitude_prune,triple,population+authors+modadd,-0.17430991642737226,0.41166266037244054,0,"[0.2, 0.4322803288192135, 0.3677196711807864]","[0.2, 0.4, 0.4]",0.0,"{""authors"": 5.966672229766878, ""modadd"": 2.077767181396517, ""population"": -0.41166266037244054}",population,continuous_primal_dual_psd,6,-0.17430991642737226,-0.17430991642737226,0.0,"[1.0, 0.0, 0.0]",primal=Optimization terminated successfully; dual=outer=Optimization terminated successfully; inner=Optimization terminated successfully,1,-29.18445036666337,29.184450366663377,,pythia1b_10x_licenseclean_contcert_20260504_magnitude_prune_20260504_deep6_licenseclean,pythia1b_10x_licenseclean_contcert_20260504
magnitude_prune,triple,population+authors+multiplication,2.077907578144864,0.20920675374323033,0,"[0.505407394004448, 0.2, 0.2945926059955519]","[0.2, 0.6, 0.2]",1.9491400899762195,"{""authors"": 3.6749928474426596, ""multiplication"": 0.5500047683716147, ""population"": -0.20920675374323033}",population,continuous_primal_dual_psd,6,2.077907578144864,2.077907578144864,0.0,"[0.0, 1.0, 0.0]",primal=Optimization terminated successfully; dual=outer=Optimization terminated successfully; inner=Optimization terminated successfully,1,-37.37825112643955,37.378251126439544,,pythia1b_10x_licenseclean_contcert_20260504_magnitude_prune_20260504_deep6_licenseclean,pythia1b_10x_licenseclean_contcert_20260504
magnitude_prune,triple,population+authors+subtraction,5.851343518808199,0.9638072344985374,0,"[0.2, 0.20000000000010618, 0.5999999999998938]","[0.2, 0.4, 0.4]",0.9861975338730119,"{""authors"": 0.3416626930237143, ""population"": -0.9638072344985374, ""subtraction"": 3.0499427795410483}",population,continuous_primal_dual_psd,6,5.851343518808199,5.851343518808194,5.329070518200751e-15,"[1.942890293093986e-14, 0.0, 0.9999999999999805]",primal=Optimization terminated successfully; dual=outer=Optimization terminated successfully; inner=Optimization terminated successfully,1,-324.5376382310724,324.5376382310723,,pythia1b_10x_licenseclean_contcert_20260504_magnitude_prune_20260504_deep6_licenseclean,pythia1b_10x_licenseclean_contcert_20260504
magnitude_prune,triple,population+capitals+addition,0.9636695708574456,0.4730081960091517,0,"[0.22468829031189494, 0.2, 0.5753117096881051]","[0.6, 0.2, 0.2]",0.6932491528859799,"{""addition"": 3.0499904632568686, ""capitals"": -0.007692307692309441, ""population"": -0.4730081960091517}",population,continuous_primal_dual_psd,6,0.9636695708574456,0.96366957085703,4.156675004196586e-13,"[0.3585621946616677, 0.6414378053383324, 0.0]",primal=Optimization terminated successfully; dual=outer=Optimization terminated successfully; inner=Optimization terminated successfully,1,-129.3766489071057,129.37664890710573,,pythia1b_10x_licenseclean_contcert_20260504_magnitude_prune_20260504_deep6_licenseclean,pythia1b_10x_licenseclean_contcert_20260504
magnitude_prune,triple,population+capitals+authors,4.248311144428049,0.7613513278693272,0,"[0.2, 0.2, 0.6]","[0.2, 0.2, 0.6]",0.0,"{""authors"": 0.34163885116580417, ""capitals"": 0.06923076923076749, ""population"": -0.7613513278693272}",population,continuous_primal_dual_psd,6,4.248311144428049,4.248311144428045,4.440892098500626e-15,"[0.9999999999999944, 0.0, 5.495603971894494e-15]",primal=Optimization terminated successfully; dual=outer=Optimization terminated successfully; inner=Optimization terminated successfully,1,-73.1707336942064,73.83984939949609,,pythia1b_10x_licenseclean_contcert_20260504_magnitude_prune_20260504_deep6_licenseclean,pythia1b_10x_licenseclean_contcert_20260504
magnitude_prune,triple,population+capitals+hemisphere,1.3225910715590454,0.007692307692309441,0,"[0.23902987839999246, 0.2, 0.5609701216000076]","[0.4, 0.2, 0.4]",0.18925228960271792,"{""capitals"": -0.007692307692309441, ""hemisphere"": 0.4290322143999044, ""population"": 0.41655709693301285}",capitals,continuous_primal_dual_psd,6,1.3225910715590454,1.3225910715590397,5.773159728050814e-15,"[0.9999999999999947, 5.218048215738208e-15, 0.0]",primal=Optimization terminated successfully; dual=outer=Optimization terminated successfully; inner=Optimization terminated successfully,1,-124.56857343833599,124.568573438336,,pythia1b_10x_licenseclean_contcert_20260504_magnitude_prune_20260504_deep6_licenseclean,pythia1b_10x_licenseclean_contcert_20260504
magnitude_prune,triple,population+capitals+modadd,6.4427918874453365,0.0742419415563729,0,"[0.2, 0.2, 0.6]","[0.4, 0.4, 0.2]",1.0306640794694315,"{""capitals"": 0.6846153846153828, ""modadd"": 3.4666507720947592, ""population"": -0.0742419415563729}",population,continuous_primal_dual_psd,6,6.4427918874453365,6.4427918874453365,0.0,"[0.0, 0.0, 1.0]",primal=Optimization terminated successfully; dual=outer=Optimization terminated successfully; inner=Optimization terminated successfully,1,-194.63645458273902,194.636454582739,,pythia1b_10x_licenseclean_contcert_20260504_magnitude_prune_20260504_deep6_licenseclean,pythia1b_10x_licenseclean_contcert_20260504
magnitude_prune,triple,population+capitals+multiplication,2.374168795836534,0.27055808161255757,0,"[0.27965147185294215, 0.2000000000000021, 0.5203485281470558]","[0.4, 0.4, 0.2]",0.5398708332126618,"{""capitals"": 0.06923076923076749, ""multiplication"": 8.049985694885287, ""population"": -0.27055808161255757}",population,continuous_primal_dual_psd,6,2.374168795836534,2.374168795836534,0.0,"[1.0, 0.0, 0.0]",primal=Optimization terminated successfully; dual=outer=Optimization terminated successfully; inner=Optimization terminated successfully,1,-33.33354526200351,33.33354526200352,,pythia1b_10x_licenseclean_contcert_20260504_magnitude_prune_20260504_deep6_licenseclean,pythia1b_10x_licenseclean_contcert_20260504
magnitude_prune,triple,population+capitals+nli,8.196236933106032,0.6754583104057459,0,"[0.2, 0.2, 0.6]","[0.6, 0.2, 0.2]",0.6871151785455705,"{""capitals"": 0.29999999999999827, ""nli"": -0.6389315217770161, ""population"": -0.6754583104057459}",population,continuous_primal_dual_psd,6,8.196236933106032,8.196236933106032,0.0,"[1.0, 0.0, 0.0]",primal=Optimization terminated successfully; dual=outer=Optimization terminated successfully; inner=Optimization terminated successfully,1,-170.31883292430578,170.31883292430578,,pythia1b_10x_licenseclean_contcert_20260504_magnitude_prune_20260504_deep6_licenseclean,pythia1b_10x_licenseclean_contcert_20260504
magnitude_prune,triple,population+capitals+subtraction,1.3874641600505377,0.06810217498334734,0,"[0.3724539589670883, 0.20000000000000415, 0.4275460410329075]","[0.2, 0.6, 0.2]",0.8220799907324278,"{""capitals"": 0.1461538461538444, ""population"": -0.06810217498334734, ""subtraction"": 1.7999618530273764}",population,continuous_primal_dual_psd,6,1.3874641600505377,1.3874641600505377,0.0,"[1.0, 0.0, 0.0]",primal=Optimization terminated successfully; dual=outer=Optimization terminated successfully; inner=Optimization terminated successfully,1,-48.841332406807275,48.84133240680728,,pythia1b_10x_licenseclean_contcert_20260504_magnitude_prune_20260504_deep6_licenseclean,pythia1b_10x_licenseclean_contcert_20260504
magnitude_prune,triple,population+hemisphere+addition,0.8503516800361304,0.2705522893799415,0,"[0.2, 0.38400975208037325, 0.4159902479196267]","[0.2, 0.6, 0.2]",0.2883489240927915,"{""addition"": 5.550000000000033, ""hemisphere"": 0.05268724053121203, ""population"": -0.2705522893799415}",population,continuous_primal_dual_psd,6,0.8503516800361304,0.8503516800360977,3.26405569239796e-14,"[0.9368988827749631, 0.06310111722503675, 0.0]",primal=Optimization terminated successfully; dual=outer=Optimization terminated successfully; inner=Optimization terminated successfully,1,-12.728633157473592,12.72863315747359,,pythia1b_10x_licenseclean_contcert_20260504_magnitude_prune_20260504_deep6_licenseclean,pythia1b_10x_licenseclean_contcert_20260504
magnitude_prune,triple,population+hemisphere+authors,3.1911278600884296,0.48527614468997077,0,"[0.20000000000001422, 0.2396152300256092, 0.5603847699743766]","[0.4, 0.2, 0.4]",0.07362506878276226,"{""authors"": 0.3416626930237143, ""hemisphere"": 0.18172080853420078, ""population"": -0.48527614468997077}",population,continuous_primal_dual_psd,6,3.1911278600884296,3.191127860088242,1.8784973576657649e-13,"[0.9041121068585805, 7.280343049340804e-15, 0.09588789314141229]",primal=Optimization terminated successfully; dual=outer=Optimization terminated successfully; inner=Optimization terminated successfully,1,-137.41939742327585,137.41939742327585,,pythia1b_10x_licenseclean_contcert_20260504_magnitude_prune_20260504_deep6_licenseclean,pythia1b_10x_licenseclean_contcert_20260504
magnitude_prune,triple,population+hemisphere+modadd,5.053908296747084,0.2705522893799415,0,"[0.2, 0.2, 0.6]","[0.2, 0.2, 0.6]",0.0,"{""hemisphere"": 0.29999864639691565, ""modadd"": 0.6888835906982749, ""population"": -0.2705522893799415}",population,continuous_primal_dual_psd,6,5.053908296747084,5.053908296747084,0.0,"[0.0, 0.0, 1.0]",primal=Optimization terminated successfully; dual=outer=Optimization terminated successfully; inner=Optimization terminated successfully,1,-203.62586856000644,203.6258685600065,,pythia1b_10x_licenseclean_contcert_20260504_magnitude_prune_20260504_deep6_licenseclean,pythia1b_10x_licenseclean_contcert_20260504
magnitude_prune,triple,population+hemisphere+multiplication,2.5970895308702033,0.13558747719308406,0,"[0.2, 0.2, 0.6]","[0.4, 0.4, 0.2]",0.07361927655014627,"{""hemisphere"": 0.05268859413430041, ""multiplication"": 10.54997138977054, ""population"": -0.13558747719308406}",population,continuous_primal_dual_psd,6,2.5970895308702033,2.5970895308702024,8.881784197001252e-16,"[0.9999999999999991, 0.0, 8.326672684688667e-16]",primal=Optimization terminated successfully; dual=outer=Optimization terminated successfully; inner=Optimization terminated successfully,1,-96.35765191958652,96.3576519195865,,pythia1b_10x_licenseclean_contcert_20260504_magnitude_prune_20260504_deep6_licenseclean,pythia1b_10x_licenseclean_contcert_20260504
magnitude_prune,triple,population+hemisphere+nli,1.8393246969116337,0.8104347070578355,0,"[0.2154794557399505, 0.2606039831695761, 0.5239165610904734]","[0.2, 0.4, 0.4]",0.6196240841032175,"{""hemisphere"": -0.07634497386868834, ""nli"": -0.5244281251089246, ""population"": -0.8104347070578355}",population,continuous_primal_dual_psd,6,1.8393246969116337,1.8393246969078036,3.830047390351865e-12,"[0.9245039408034409, 0.07549605919655836, 8.087986011007195e-16]",primal=Optimization terminated successfully; dual=outer=Optimization terminated successfully; inner=Optimization terminated successfully,1,-98.02946330273213,98.02946330273213,,pythia1b_10x_licenseclean_contcert_20260504_magnitude_prune_20260504_deep6_licenseclean,pythia1b_10x_licenseclean_contcert_20260504
magnitude_prune,triple,population+hemisphere+subtraction,5.239947874022263,0.7429494048480987,0,"[0.2, 0.26111078313388275, 0.5388892168661172]","[0.2, 0.6, 0.2]",1.3742187726259087,"{""hemisphere"": 0.17096778560010367, ""population"": -0.7429494048480987, ""subtraction"": 0.5499809265137046}",population,continuous_primal_dual_psd,6,5.239947874022263,5.2399478740201815,2.0818902157770935e-12,"[0.0, 0.0, 1.0]",primal=Optimization terminated successfully; dual=outer=Optimization terminated successfully; inner=Optimization terminated successfully,1,-187.5007152557377,187.50071525573767,,pythia1b_10x_licenseclean_contcert_20260504_magnitude_prune_20260504_deep6_licenseclean,pythia1b_10x_licenseclean_contcert_20260504
magnitude_prune,triple,population+multiplication+modadd,1.0161677426053934,-0.06072866286310058,1,"[0.31917230148648584, 0.26839129175927334, 0.41243640675424076]","[0.2, 0.4, 0.4]",0.13497060441947348,"{""modadd"": 2.077767181396517, ""multiplication"": 8.050009536743197, ""population"": 0.06072866286310058}",population,continuous_primal_dual_psd,6,1.0161677426053934,1.016167742604803,5.904166044956582e-13,"[0.6882923530308731, 0.0, 0.311707646969127]",primal=Optimization terminated successfully; dual=outer=Optimization terminated successfully; inner=Optimization terminated successfully,1,-63.84881344233565,63.84881344233564,,pythia1b_10x_licenseclean_contcert_20260504_magnitude_prune_20260504_deep6_licenseclean,pythia1b_10x_licenseclean_contcert_20260504
magnitude_prune,triple,population+nli+addition,5.19058296448314,0.6999999999999982,0,"[0.20000000000042492, 0.2, 0.5999999999995751]","[0.6, 0.2, 0.2]",0.5398766254452798,"{""addition"": 3.050014305114779, ""nli"": -0.6999999999999982, ""population"": -0.6141127747690347}",nli,continuous_primal_dual_psd,6,5.19058296448314,5.190582964483139,8.881784197001252e-16,"[8.104628079763578e-15, 0.0, 0.999999999999992]",primal=Optimization terminated successfully; dual=outer=Optimization terminated successfully; inner=Optimization terminated successfully,1,-256.7800118868601,256.7800118868601,,pythia1b_10x_licenseclean_contcert_20260504_magnitude_prune_20260504_deep6_licenseclean,pythia1b_10x_licenseclean_contcert_20260504
magnitude_prune,triple,population+nli+authors,3.7848354060710516,0.546627472559298,0,"[0.2, 0.2, 0.6]","[0.4, 0.4, 0.2]",0.49079324625676957,"{""authors"": 0.3416626930237143, ""nli"": -0.3488550271849617, ""population"": -0.546627472559298}",population,continuous_primal_dual_psd,6,3.7848354060710516,3.7848354060710516,0.0,"[1.0, 0.0, 0.0]",primal=Optimization terminated successfully; dual=outer=Optimization terminated successfully; inner=Optimization terminated successfully,1,-97.19750953282649,97.19750953282649,,pythia1b_10x_licenseclean_contcert_20260504_magnitude_prune_20260504_deep6_licenseclean,pythia1b_10x_licenseclean_contcert_20260504
magnitude_prune,triple,population+nli+modadd,5.572735969574007,0.546627472559298,0,"[0.2, 0.2, 0.6]","[0.4, 0.4, 0.2]",1.5422799599968218,"{""modadd"": 0.6888835906982749, ""nli"": -0.5244281251089246, ""population"": -0.546627472559298}",population,continuous_primal_dual_psd,6,5.572735969574007,5.572735969574005,1.7763568394002505e-15,"[5.551115123125781e-16, 0.0, 0.9999999999999996]",primal=Optimization terminated successfully; dual=outer=Optimization terminated successfully; inner=Optimization terminated successfully,1,-123.66455647788416,123.66455647788416,,pythia1b_10x_licenseclean_contcert_20260504_magnitude_prune_20260504_deep6_licenseclean,pythia1b_10x_licenseclean_contcert_20260504
magnitude_prune,triple,population+nli+multiplication,2.162510856896373,0.546627472559298,0,"[0.2, 0.2, 0.6]","[0.4, 0.2, 0.4]",0.8282139650728374,"{""multiplication"": 6.799980926513705, ""nli"": -0.4633596468859424, ""population"": -0.546627472559298}",population,continuous_primal_dual_psd,6,2.162510856896373,2.162510856896373,0.0,"[0.0, 0.0, 1.0]",primal=Optimization terminated successfully; dual=outer=Optimization terminated successfully; inner=Optimization terminated successfully,1,-126.82968081188685,126.82968081188683,,pythia1b_10x_licenseclean_contcert_20260504_magnitude_prune_20260504_deep6_licenseclean,pythia1b_10x_licenseclean_contcert_20260504
magnitude_prune,triple,population+nli+subtraction,7.845400790495262,1.9500047683715493,0,"[0.2, 0.2, 0.6]","[0.6, 0.2, 0.2]",8.750009536743164,"{""nli"": -0.5854966033319067, ""population"": -0.7490833791885082, ""subtraction"": -1.9500047683715493}",subtraction,continuous_primal_dual_psd,6,7.845400790495262,7.845400790495262,0.0,"[1.0, 0.0, 0.0]",primal=Optimization terminated successfully; dual=outer=Optimization terminated successfully; inner=Optimization terminated successfully,1,-151.36910899939755,151.36910899939753,,pythia1b_10x_licenseclean_contcert_20260504_magnitude_prune_20260504_deep6_licenseclean,pythia1b_10x_licenseclean_contcert_20260504
magnitude_prune,triple,population+subtraction+modadd,1.8833141881475797,0.7613513278693272,0,"[0.20000000000000623, 0.25765706756465273, 0.542342932435341]","[0.2, 0.4, 0.4]",0.4049060210258043,"{""modadd"": 3.4666507720947592, ""population"": -0.7613513278693272, ""subtraction"": 0.5499809265137046}",population,continuous_primal_dual_psd,6,1.8833141881475797,1.8833141881475164,6.328271240363392e-14,"[0.7107242444302471, 0.0, 0.28927575556975293]",primal=Optimization terminated successfully; dual=outer=Optimization terminated successfully; inner=Optimization terminated successfully,1,-76.0598218310761,76.05982183107609,,pythia1b_10x_licenseclean_contcert_20260504_magnitude_prune_20260504_deep6_licenseclean,pythia1b_10x_licenseclean_contcert_20260504
magnitude_prune,triple,population+subtraction+multiplication,5.003891077476006,1.3625734889513164,0,"[0.2, 0.2, 0.6]","[0.6, 0.2, 0.2]",1.837436047791815,"{""multiplication"": 0.5500047683716147, ""population"": -1.3625734889513164, ""subtraction"": 0.5499809265137046}",population,continuous_primal_dual_psd,6,5.003891077476006,5.003891077476006,0.0,"[1.0, 0.0, 0.0]",primal=Optimization terminated successfully; dual=outer=Optimization terminated successfully; inner=Optimization terminated successfully,1,-110.34819826052905,110.34819826052906,,pythia1b_10x_licenseclean_contcert_20260504_magnitude_prune_20260504_deep6_licenseclean,pythia1b_10x_licenseclean_contcert_20260504
magnitude_prune,triple,sciq+addition+modadd,0.9632740614731963,0.21235380703309506,0,"[0.2000000000000007, 0.20000000000000193, 0.5999999999999974]","[0.4, 0.2, 0.4]",0.4876461929668723,"{""addition"": 6.799980926513705, ""modadd"": 2.077767181396517, ""sciq"": -0.21235380703309506}",sciq,continuous_primal_dual_psd,6,0.9632740614731963,0.9632740614731963,0.0,"[1.0, 0.0, 0.0]",primal=Optimization terminated successfully; dual=outer=Optimization terminated successfully; inner=Optimization terminated successfully,1,-84.93793969196302,84.93793969196301,,pythia1b_10x_licenseclean_contcert_20260504_magnitude_prune_20260504_deep6_licenseclean,pythia1b_10x_licenseclean_contcert_20260504
magnitude_prune,triple,sciq+addition+multiplication,12.60644606640142,0.6388810007219133,0,"[0.2, 0.20000000000009166, 0.5999999999999084]","[0.6, 0.2, 0.2]",3.8111333043928,"{""addition"": 1.8000095367431967, ""multiplication"": 6.799980926513705, ""sciq"": -0.6388810007219133}",sciq,continuous_primal_dual_psd,6,12.60644606640142,12.60644606640142,0.0,"[0.0, 1.0, 0.0]",primal=Optimization terminated successfully; dual=outer=Optimization terminated successfully; inner=Optimization terminated successfully,1,-333.89516074931237,333.8951607493124,,pythia1b_10x_licenseclean_contcert_20260504_magnitude_prune_20260504_deep6_licenseclean,pythia1b_10x_licenseclean_contcert_20260504
magnitude_prune,triple,sciq+addition+subtraction,7.802502737968731,0.44512290782720143,0,"[0.2, 0.2, 0.6]","[0.4, 0.4, 0.2]",2.75488662891593,"{""addition"": 3.050014305114779, ""sciq"": -0.44512290782720143, ""subtraction"": 0.5499570846557944}",sciq,continuous_primal_dual_psd,6,7.802502737968731,7.802502737968731,0.0,"[0.0, 0.0, 1.0]",primal=Optimization terminated successfully; dual=outer=Optimization terminated successfully; inner=Optimization terminated successfully,1,-208.02748885550295,208.02748885550295,,pythia1b_10x_licenseclean_contcert_20260504_magnitude_prune_20260504_deep6_licenseclean,pythia1b_10x_licenseclean_contcert_20260504
magnitude_prune,triple,sciq+authors+addition,0.5824681110892582,0.2903768645560625,0,"[0.2, 0.46728612819181486, 0.3327138718081851]","[0.4, 0.4, 0.2]",0.054616556955748574,"{""addition"": 0.5500047683716147, ""authors"": 2.8416483879089682, ""sciq"": -0.2903768645560625}",sciq,continuous_primal_dual_psd,6,0.5824681110892582,0.5824681110892582,0.0,"[1.0, 0.0, 0.0]",primal=Optimization terminated successfully; dual=outer=Optimization terminated successfully; inner=Optimization terminated successfully,1,-222.59704146758125,222.59704146758125,,pythia1b_10x_licenseclean_contcert_20260504_magnitude_prune_20260504_deep6_licenseclean,pythia1b_10x_licenseclean_contcert_20260504
magnitude_prune,triple,sciq+authors+modadd,13.584492883204,0.01859519327629391,0,"[0.2000000000000062, 0.2, 0.5999999999999938]","[0.2, 0.2, 0.6]",0.0,"{""authors"": 6.175002384185824, ""modadd"": 0.6888835906982749, ""sciq"": -0.01859519327629391}",sciq,continuous_primal_dual_psd,6,13.584492883204,13.584492883204,0.0,"[0.0, 1.0, 0.0]",primal=Optimization terminated successfully; dual=outer=Optimization terminated successfully; inner=Optimization terminated successfully,1,-371.0792537521846,371.0792537521847,,pythia1b_10x_licenseclean_contcert_20260504_magnitude_prune_20260504_deep6_licenseclean,pythia1b_10x_licenseclean_contcert_20260504
magnitude_prune,triple,sciq+authors+multiplication,10.427202950020185,-0.051624829287451796,1,"[0.2, 0.2, 0.6]","[0.4, 0.4, 0.2]",0.10923207218731867,"{""authors"": 11.591669845581087, ""multiplication"": 6.799980926513705, ""sciq"": 0.051624829287451796}",sciq,continuous_primal_dual_psd,6,10.427202950020185,10.427202950020185,0.0,"[0.0, 1.0, 0.0]",primal=Optimization terminated successfully; dual=outer=Optimization terminated successfully; inner=Optimization terminated successfully,1,-331.5218638212614,331.5218638212614,,pythia1b_10x_licenseclean_contcert_20260504_magnitude_prune_20260504_deep6_licenseclean,pythia1b_10x_licenseclean_contcert_20260504
magnitude_prune,triple,sciq+authors+subtraction,5.781578864923471,0.6999999999999673,0,"[0.20000000000001508, 0.2, 0.5999999999999849]","[0.2, 0.6, 0.2]",4.583334922790527,"{""authors"": 4.924997615814242, ""sciq"": 0.23888152158400566, ""subtraction"": -0.6999999999999673}",subtraction,continuous_primal_dual_psd,6,5.781578864923471,5.781578864923471,0.0,"[0.0, 0.0, 1.0]",primal=Optimization terminated successfully; dual=outer=Optimization terminated successfully; inner=Optimization terminated successfully,1,-101.1275100662331,101.12751006623311,,pythia1b_10x_licenseclean_contcert_20260504_magnitude_prune_20260504_deep6_licenseclean,pythia1b_10x_licenseclean_contcert_20260504
magnitude_prune,triple,sciq+capitals+addition,0.5464045207910313,0.25136533579457876,0,"[0.2, 0.2, 0.6]","[0.4, 0.4, 0.2]",0.24837412898837125,"{""addition"": 1.8000095367431967, ""capitals"": 0.4538461538461521, ""sciq"": -0.25136533579457876}",sciq,continuous_primal_dual_psd,6,0.5464045207910313,0.5464045207910313,0.0,"[0.0, 1.0, 0.0]",primal=Optimization terminated successfully; dual=outer=Optimization terminated successfully; inner=Optimization terminated successfully,1,-27.231391274719797,27.231391274719797,,pythia1b_10x_licenseclean_contcert_20260504_magnitude_prune_20260504_deep6_licenseclean,pythia1b_10x_licenseclean_contcert_20260504
magnitude_prune,triple,sciq+capitals+authors,1.4609757057864916,0.25136533579457876,0,"[0.2, 0.2, 0.6]","[0.2, 0.4, 0.4]",2.7403021256006523,"{""authors"": 0.3416626930237143, ""capitals"": 0.530769230769229, ""sciq"": -0.25136533579457876}",sciq,continuous_primal_dual_psd,6,1.4609757057864916,1.4609757057864912,4.440892098500626e-16,"[4.440892098500625e-16, 0.0, 0.9999999999999996]",primal=Optimization terminated successfully; dual=outer=Optimization terminated successfully; inner=Optimization terminated successfully,1,-63.73816537623736,63.738165376237355,,pythia1b_10x_licenseclean_contcert_20260504_magnitude_prune_20260504_deep6_licenseclean,pythia1b_10x_licenseclean_contcert_20260504
magnitude_prune,triple,sciq+capitals+hemisphere,7.672706410131636,-0.04193557120020328,1,"[0.2, 0.2, 0.6]","[0.2, 0.4, 0.4]",0.03842485654616354,"{""capitals"": 0.22307692307692134, ""hemisphere"": 0.04193557120020328, ""sciq"": 0.058127271609788346}",hemisphere,continuous_primal_dual_psd,6,7.672706410131636,7.672706410131636,0.0,"[0.0, 0.0, 1.0]",primal=Optimization terminated successfully; dual=outer=Optimization terminated successfully; inner=Optimization terminated successfully,1,-369.75945171945165,369.7594517194516,,pythia1b_10x_licenseclean_contcert_20260504_magnitude_prune_20260504_deep6_licenseclean,pythia1b_10x_licenseclean_contcert_20260504
magnitude_prune,triple,sciq+capitals+modadd,0.7624153431408889,-0.12054686352475864,1,"[0.2, 0.20126649404652036, 0.5987335059534796]","[0.6, 0.2, 0.2]",0.13914205680105254,"{""capitals"": 0.7615384615384598, ""modadd"": 0.6888835906982749, ""sciq"": 0.12054686352475864}",sciq,continuous_primal_dual_psd,6,0.7624153431408889,0.7624153429159555,2.2493340523510597e-10,"[0.7696518144709998, 1.689369943849023e-15, 0.23034818552899855]",primal=Optimization terminated successfully; dual=outer=Optimization terminated successfully; inner=Optimization terminated successfully,1,-20.74741619397391,27.017452278491696,,pythia1b_10x_licenseclean_contcert_20260504_magnitude_prune_20260504_deep6_licenseclean,pythia1b_10x_licenseclean_contcert_20260504
magnitude_prune,triple,sciq+capitals+multiplication,0.4355014574108619,-0.13615084999484503,1,"[0.30896340321261967, 0.2, 0.4910365967873803]","[0.2, 0.2, 0.6]",0.3029906859441198,"{""capitals"": 0.22307692307692134, ""multiplication"": 8.049985694885287, ""sciq"": 0.13615084999484503}",sciq,continuous_primal_dual_psd,6,0.4355014574108619,0.4355014574108617,1.6653345369377348e-16,"[0.017552919939797153, 2.18043221282202e-17, 0.9824470800602029]",primal=Optimization terminated successfully; dual=outer=Optimization terminated successfully; inner=Optimization terminated successfully,1,-38.379604207744535,38.379604207744535,,pythia1b_10x_licenseclean_contcert_20260504_magnitude_prune_20260504_deep6_licenseclean,pythia1b_10x_licenseclean_contcert_20260504
magnitude_prune,triple,sciq+capitals+nli,0.5485936916384757,-0.06335842385305687,1,"[0.2, 0.2, 0.6]","[0.4, 0.4, 0.2]",0.17557187489107362,"{""capitals"": 0.29999999999999827, ""nli"": 0.06335842385305687, ""sciq"": 0.21417390751781243}",nli,continuous_primal_dual_psd,6,0.5485936916384757,0.5485936916384757,0.0,"[0.0, 0.0, 1.0]",primal=Optimization terminated successfully; dual=outer=Optimization terminated successfully; inner=Optimization terminated successfully,1,-9.812320983896653,9.812320983896653,,pythia1b_10x_licenseclean_contcert_20260504_magnitude_prune_20260504_deep6_licenseclean,pythia1b_10x_licenseclean_contcert_20260504
magnitude_prune,triple,sciq+capitals+subtraction,0.3330161731427121,0.16683983594927482,0,"[0.2, 0.2, 0.6]","[0.2, 0.4, 0.4]",1.7831649324222745,"{""capitals"": 0.29999999999999827, ""sciq"": -0.16683983594927482, ""subtraction"": 1.7999618530273764}",sciq,continuous_primal_dual_psd,6,0.3330161731427121,0.3330161731427121,0.0,"[0.0, 1.0, 0.0]",primal=Optimization terminated successfully; dual=outer=Optimization terminated successfully; inner=Optimization terminated successfully,1,-20.981391274719797,20.981391274719797,,pythia1b_10x_licenseclean_contcert_20260504_magnitude_prune_20260504_deep6_licenseclean,pythia1b_10x_licenseclean_contcert_20260504
magnitude_prune,triple,sciq+hemisphere+addition,0.530932520592792,0.20537583466550033,0,"[0.40967771742435816, 0.23912868985036442, 0.3511935927252774]","[0.2, 0.6, 0.2]",0.6344107562715815,"{""addition"": 8.050009536743197, ""hemisphere"": -0.20537583466550033, ""sciq"": 0.058127271609788346}",hemisphere,continuous_primal_dual_psd,6,0.530932520592792,0.5309325205924407,3.5127456499139953e-13,"[0.6204566702288269, 0.37954332977117294, 2.686196864740681e-16]",primal=Optimization terminated successfully; dual=outer=Optimization terminated successfully; inner=Optimization terminated successfully,1,-13.428251979245312,13.428251979245314,,pythia1b_10x_licenseclean_contcert_20260504_magnitude_prune_20260504_deep6_licenseclean,pythia1b_10x_licenseclean_contcert_20260504
magnitude_prune,triple,sciq+hemisphere+authors,5.095481497600428,0.3236577333374803,0,"[0.2000000000000089, 0.20000000000002077, 0.5999999999999703]","[0.2, 0.2, 0.6]",0.0,"{""authors"": 7.21667699813846, ""hemisphere"": -0.3236577333374803, ""sciq"": 0.051624829287451796}",hemisphere,continuous_primal_dual_psd,6,5.095481497600428,5.095481497600428,0.0,"[0.0, 1.0, 0.0]",primal=Optimization terminated successfully; dual=outer=Optimization terminated successfully; inner=Optimization terminated successfully,1,-265.8986557054748,265.8986557054748,,pythia1b_10x_licenseclean_contcert_20260504_magnitude_prune_20260504_deep6_licenseclean,pythia1b_10x_licenseclean_contcert_20260504
magnitude_prune,triple,sciq+hemisphere+modadd,9.385220917825025,0.0029917276682968016,0,"[0.2, 0.2, 0.6]","[0.4, 0.4, 0.2]",0.6970082723316705,"{""hemisphere"": 0.17096643199701528, ""modadd"": 2.077767181396517, ""sciq"": -0.0029917276682968016}",sciq,continuous_primal_dual_psd,6,9.385220917825025,9.385220917825025,0.0,"[0.0, 1.0, 0.0]",primal=Optimization terminated successfully; dual=outer=Optimization terminated successfully; inner=Optimization terminated successfully,1,-327.02295336711893,327.022953367119,,pythia1b_10x_licenseclean_contcert_20260504_magnitude_prune_20260504_deep6_licenseclean,pythia1b_10x_licenseclean_contcert_20260504
magnitude_prune,triple,sciq+hemisphere+multiplication,11.897767125133585,0.07634362026559996,0,"[0.2, 0.2, 0.6]","[0.2, 0.4, 0.4]",0.5625373804563134,"{""hemisphere"": -0.07634362026559996, ""multiplication"": 13.049957084655794, ""sciq"": -0.0029917276682968016}",hemisphere,continuous_primal_dual_psd,6,11.897767125133585,11.897767125133585,0.0,"[0.0, 1.0, 0.0]",primal=Optimization terminated successfully; dual=outer=Optimization terminated successfully; inner=Optimization terminated successfully,1,-337.5404947790275,337.5404947790275,,pythia1b_10x_licenseclean_contcert_20260504_magnitude_prune_20260504_deep6_licenseclean,pythia1b_10x_licenseclean_contcert_20260504
magnitude_prune,triple,sciq+hemisphere+nli,18.929180574417117,0.323656379734392,0,"[0.2, 0.2, 0.6]","[0.2, 0.2, 0.6]",0.0,"{""hemisphere"": -0.323656379734392, ""nli"": -0.22671745922255285, ""sciq"": -0.06410968522220342}",hemisphere,continuous_primal_dual_psd,6,18.929180574417117,18.929180574417117,0.0,"[0.0, 1.0, 0.0]",primal=Optimization terminated successfully; dual=outer=Optimization terminated successfully; inner=Optimization terminated successfully,1,-486.08535913709864,487.5003447706397,,pythia1b_10x_licenseclean_contcert_20260504_magnitude_prune_20260504_deep6_licenseclean,pythia1b_10x_licenseclean_contcert_20260504
magnitude_prune,triple,sciq+hemisphere+subtraction,16.41477733116659,0.07634497386868834,0,"[0.2, 0.2, 0.6]","[0.4, 0.4, 0.2]",0.2580644287998008,"{""hemisphere"": -0.07634497386868834, ""sciq"": -0.042003256429780506, ""subtraction"": 1.7999618530273764}",hemisphere,continuous_primal_dual_psd,6,16.41477733116659,16.41477733116659,0.0,"[0.0, 0.0, 1.0]",primal=Optimization terminated successfully; dual=outer=Optimization terminated successfully; inner=Optimization terminated successfully,1,-493.9945114337044,493.9945114337045,,pythia1b_10x_licenseclean_contcert_20260504_magnitude_prune_20260504_deep6_licenseclean,pythia1b_10x_licenseclean_contcert_20260504
magnitude_prune,triple,sciq+multiplication+modadd,2.812412849092097,0.6999999999999673,0,"[0.2, 0.25530962816868014, 0.5446903718313199]","[0.2, 0.2, 0.6]",0.0,"{""modadd"": -0.6999999999999673, ""multiplication"": 4.299995231628451, ""sciq"": -0.0732117502320425}",modadd,continuous_primal_dual_psd,6,2.812412849092097,2.8124128490920968,4.440892098500626e-16,"[0.0, 2.2204460492503126e-16, 0.9999999999999998]",primal=Optimization terminated successfully; dual=outer=Optimization terminated successfully; inner=Optimization terminated successfully,1,-143.7513594299996,143.7513594299996,,pythia1b_10x_licenseclean_contcert_20260504_magnitude_prune_20260504_deep6_licenseclean,pythia1b_10x_licenseclean_contcert_20260504
magnitude_prune,triple,sciq+nli+addition,18.20661220882545,3.2000095367431314,0,"[0.2, 0.2, 0.6]","[0.2, 0.2, 0.6]",0.0,"{""addition"": -3.2000095367431314, ""nli"": -0.051144972815034634, ""sciq"": -0.6544860289161782}",addition,continuous_primal_dual_psd,6,18.20661220882545,18.20661220882545,0.0,"[0.0, 0.0, 1.0]",primal=Optimization terminated successfully; dual=outer=Optimization terminated successfully; inner=Optimization terminated successfully,1,-446.25045972519,446.25045972519,,pythia1b_10x_licenseclean_contcert_20260504_magnitude_prune_20260504_deep6_licenseclean,pythia1b_10x_licenseclean_contcert_20260504
magnitude_prune,triple,sciq+nli+authors,3.6191272044703773,0.22671745922255285,0,"[0.2, 0.2, 0.6]","[0.2, 0.4, 0.4]",0.061069089739426735,"{""authors"": 0.3416626930237143, ""nli"": -0.22671745922255285, ""sciq"": 0.1907674069505936}",nli,continuous_primal_dual_psd,6,3.6191272044703773,3.6191272044703773,0.0,"[0.0, 0.0, 1.0]",primal=Optimization terminated successfully; dual=outer=Optimization terminated successfully; inner=Optimization terminated successfully,1,-88.87614955066066,92.65686364388468,,pythia1b_10x_licenseclean_contcert_20260504_magnitude_prune_20260504_deep6_licenseclean,pythia1b_10x_licenseclean_contcert_20260504
magnitude_prune,triple,sciq+nli+modadd,3.1861889435754893,0.6999999999999673,0,"[0.2, 0.2, 0.6]","[0.6, 0.2, 0.2]",1.3889074325561523,"{""modadd"": -0.6999999999999673, ""nli"": -0.5167945653310517, ""sciq"": -0.15773725007734646}",modadd,continuous_primal_dual_psd,6,3.1861889435754893,3.1861889435754884,8.881784197001252e-16,"[2.2204460492503126e-16, 0.0, 0.9999999999999998]",primal=Optimization terminated successfully; dual=outer=Optimization terminated successfully; inner=Optimization terminated successfully,1,-79.95718240764143,79.95718240764144,,pythia1b_10x_licenseclean_contcert_20260504_magnitude_prune_20260504_deep6_licenseclean,pythia1b_10x_licenseclean_contcert_20260504
magnitude_prune,triple,sciq+nli+multiplication,1.809581643295056,0.22671745922255285,0,"[0.2, 0.2, 0.6]","[0.6, 0.2, 0.2]",0.07926443352777454,"{""multiplication"": 6.799980926513705, ""nli"": -0.22671745922255285, ""sciq"": -0.15773725007734646}",nli,continuous_primal_dual_psd,6,1.809581643295056,1.809581643295056,0.0,"[1.0, 0.0, 5.551115123125783e-17]",primal=Optimization terminated successfully; dual=outer=Optimization terminated successfully; inner=Optimization terminated successfully,1,-38.28569154791235,38.28569154791235,,pythia1b_10x_licenseclean_contcert_20260504_magnitude_prune_20260504_deep6_licenseclean,pythia1b_10x_licenseclean_contcert_20260504
magnitude_prune,triple,sciq+nli+subtraction,0.4332781002145367,1.9500047683715493,0,"[0.30447784864073646, 0.3637730360730917, 0.3317491152861718]","[0.4, 0.2, 0.4]",1.250004768371582,"{""nli"": -0.4022911686629603, ""sciq"": 0.1907674069505936, ""subtraction"": -1.9500047683715493}",subtraction,continuous_primal_dual_psd,6,0.4332781002145367,0.4332781002145336,3.1086244689504383e-15,"[8.52720025887373e-17, 0.9517512585936403, 0.0482487414063595]",primal=Optimization terminated successfully; dual=outer=Optimization terminated successfully; inner=Optimization terminated successfully,1,-2.403958202263926,2.4039582022639263,,pythia1b_10x_licenseclean_contcert_20260504_magnitude_prune_20260504_deep6_licenseclean,pythia1b_10x_licenseclean_contcert_20260504
magnitude_prune,triple,sciq+population+addition,1.7172091555564504,0.44512290782720143,0,"[0.20000000000004817, 0.30112180744358497, 0.4988781925563669]","[0.4, 0.4, 0.2]",0.4450592578885737,"{""addition"": 4.299995231628451, ""population"": -0.2828260302933766, ""sciq"": -0.44512290782720143}",sciq,continuous_primal_dual_psd,6,1.7172091555564504,1.7172091555563649,8.548717289613705e-14,"[0.0, 0.9316700626397975, 0.0683299373602025]",primal=Optimization terminated successfully; dual=outer=Optimization terminated successfully; inner=Optimization terminated successfully,1,-99.7677632862357,99.76776328623569,,pythia1b_10x_licenseclean_contcert_20260504_magnitude_prune_20260504_deep6_licenseclean,pythia1b_10x_licenseclean_contcert_20260504
magnitude_prune,triple,sciq+population+authors,1.2780889839639933,0.48527614468997077,0,"[0.2, 0.24566001496288697, 0.554339985037113]","[0.2, 0.2, 0.6]",0.0,"{""authors"": 11.591669845581087, ""population"": -0.48527614468997077, ""sciq"": -0.0029917276682968016}",population,continuous_primal_dual_psd,6,1.2780889839639933,1.2780889839639553,3.7969627442180354e-14,"[0.0, 0.9762720356375661, 0.0237279643624337]",primal=Optimization terminated successfully; dual=outer=Optimization terminated successfully; inner=Optimization terminated successfully,1,-108.04824987895785,108.04824987895785,,pythia1b_10x_licenseclean_contcert_20260504_magnitude_prune_20260504_deep6_licenseclean,pythia1b_10x_licenseclean_contcert_20260504
magnitude_prune,triple,sciq+population+capitals,0.2472849756101123,0.1478554258739031,0,"[0.4522066569451624, 0.20000000000000473, 0.3477933430548329]","[0.4, 0.2, 0.4]",0.0,"{""capitals"": 0.7615384615384598, ""population"": -0.1478554258739031, ""sciq"": -0.0029906859441182795}",population,continuous_primal_dual_psd,6,0.2472849756101123,0.2472849756101123,0.0,"[0.0, 1.0, 0.0]",primal=Optimization terminated successfully; dual=outer=Optimization terminated successfully; inner=Optimization terminated successfully,1,-8.463036975621948,8.463036975621947,,pythia1b_10x_licenseclean_contcert_20260504_magnitude_prune_20260504_deep6_licenseclean,pythia1b_10x_licenseclean_contcert_20260504
magnitude_prune,triple,sciq+population+hemisphere,1.7643776533237627,1.0251527701352485,0,"[0.2, 0.48774367518311196, 0.31225632481688803]","[0.4, 0.4, 0.2]",0.3251527701352488,"{""hemisphere"": -0.20537718826858872, ""population"": -1.0251527701352485, ""sciq"": -0.042003256429780506}",population,continuous_primal_dual_psd,6,1.7643776533237627,1.7643776533237627,0.0,"[0.0, 1.0, 0.0]",primal=Optimization terminated successfully; dual=outer=Optimization terminated successfully; inner=Optimization terminated successfully,1,-75.89872483425273,75.89872483425273,,pythia1b_10x_licenseclean_contcert_20260504_magnitude_prune_20260504_deep6_licenseclean,pythia1b_10x_licenseclean_contcert_20260504
magnitude_prune,triple,sciq+population+modadd,15.983415924071416,0.3503113325031133,0,"[0.2, 0.20000000000000007, 0.5999999999999999]","[0.6, 0.2, 0.2]",1.907967215963393,"{""modadd"": 3.4666507720947592, ""population"": -0.3503113325031133, ""sciq"": -0.01859519327629391}",population,continuous_primal_dual_psd,6,15.983415924071416,15.983415924071416,0.0,"[0.0, 0.0, 1.0]",primal=Optimization terminated successfully; dual=outer=Optimization terminated successfully; inner=Optimization terminated successfully,1,-522.9930656369845,522.9930656369844,,pythia1b_10x_licenseclean_contcert_20260504_magnitude_prune_20260504_deep6_licenseclean,pythia1b_10x_licenseclean_contcert_20260504
magnitude_prune,triple,sciq+population+multiplication,5.213103953113471,0.6141127747690347,0,"[0.2, 0.2, 0.6]","[0.2, 0.6, 0.2]",0.22085782965043876,"{""multiplication"": 6.799980926513705, ""population"": -0.6141127747690347, ""sciq"": -0.0029917276682968016}",population,continuous_primal_dual_psd,6,5.213103953113471,5.213103953113471,0.0,"[0.0, 0.0, 1.0]",primal=Optimization terminated successfully; dual=outer=Optimization terminated successfully; inner=Optimization terminated successfully,1,-151.30517503929502,151.30517503929502,,pythia1b_10x_licenseclean_contcert_20260504_magnitude_prune_20260504_deep6_licenseclean,pythia1b_10x_licenseclean_contcert_20260504
magnitude_prune,triple,sciq+population+nli,1.079682817628715,0.41166266037244054,0,"[0.2000000000000022, 0.42728118786864855, 0.3727188121313493]","[0.6, 0.2, 0.2]",0.613490109762808,"{""nli"": -0.4022905571465157, ""population"": -0.41166266037244054, ""sciq"": 0.09063687891102476}",population,continuous_primal_dual_psd,6,1.079682817628715,1.079682817628715,0.0,"[2.7755575615628914e-16, 0.9999999999999996, 1.942890293094024e-16]",primal=Optimization terminated successfully; dual=outer=Optimization terminated successfully; inner=Optimization terminated successfully,1,-31.958324458321524,31.958324458321528,,pythia1b_10x_licenseclean_contcert_20260504_magnitude_prune_20260504_deep6_licenseclean,pythia1b_10x_licenseclean_contcert_20260504
magnitude_prune,triple,sciq+population+subtraction,2.6955320890174175,0.6999999999999673,0,"[0.20428531462148994, 0.2, 0.59571468537851]","[0.2, 0.6, 0.2]",1.250004768371582,"{""population"": -0.546627472559298, ""sciq"": -0.09661877166135059, ""subtraction"": -0.6999999999999673}",subtraction,continuous_primal_dual_psd,6,2.6955320890174175,2.6955320882695606,7.478568875285418e-10,"[7.212723626859252e-16, 0.74838153364299, 0.25161846635700935]",primal=Positive directional derivative for linesearch; dual=outer=Optimization terminated successfully; inner=Optimization terminated successfully,1,-93.75035762786858,93.75035762786858,,pythia1b_10x_licenseclean_contcert_20260504_magnitude_prune_20260504_deep6_licenseclean,pythia1b_10x_licenseclean_contcert_20260504
magnitude_prune,triple,sciq+subtraction+modadd,0.8595845169526726,0.01859519327629391,0,"[0.20000000000000015, 0.29625810415689924, 0.5037418958431006]","[0.2, 0.4, 0.4]",6.2370106950903725,"{""modadd"": 3.4666507720947592, ""sciq"": -0.01859519327629391, ""subtraction"": 3.0499427795410483}",sciq,continuous_primal_dual_psd,6,0.8595845169526726,0.8595845168501259,1.0254663784792228e-10,"[0.9038301362623744, 0.0, 0.09616986373762554]",primal=Optimization terminated successfully; dual=outer=Optimization terminated successfully; inner=Optimization terminated successfully,1,-67.11899304577395,67.11899304577395,,pythia1b_10x_licenseclean_contcert_20260504_magnitude_prune_20260504_deep6_licenseclean,pythia1b_10x_licenseclean_contcert_20260504
magnitude_prune,triple,sciq+subtraction+multiplication,12.113120786020744,-0.13615084999484503,1,"[0.20000000000046605, 0.2, 0.5999999999995339]","[0.2, 0.2, 0.6]",0.0,"{""multiplication"": 4.300019073486361, ""sciq"": 0.13615084999484503, ""subtraction"": 0.5499809265137046}",sciq,continuous_primal_dual_psd,6,12.113120786020744,12.113120786020744,0.0,"[0.0, 1.0, 0.0]",primal=Optimization terminated successfully; dual=outer=Optimization terminated successfully; inner=Optimization terminated successfully,1,-307.21841865470736,307.21841865470736,,pythia1b_10x_licenseclean_contcert_20260504_magnitude_prune_20260504_deep6_licenseclean,pythia1b_10x_licenseclean_contcert_20260504
magnitude_prune,triple,subtraction+multiplication+modadd,12.574997615814183,0.7000238418578775,0,"[0.2, 0.2, 0.6]","[0.6, 0.2, 0.2]",4.166674613952637,"{""modadd"": -0.6999999999999673, ""multiplication"": 0.5500047683716147, ""subtraction"": -0.7000238418578775}",subtraction,continuous_primal_dual_psd,6,12.574997615814183,12.574997615814183,0.0,"[1.0, 0.0, 0.0]",primal=Optimization terminated successfully; dual=outer=Optimization terminated successfully; inner=Optimization terminated successfully,1,-218.75011921374656,227.50348316719408,,pythia1b_10x_licenseclean_contcert_20260504_magnitude_prune_20260504_deep6_licenseclean,pythia1b_10x_licenseclean_contcert_20260504
ties,pair,addition+modadd,-0.08384242036068557,0.6999999999999673,0,"[0.2931532593862313, 0.7068467406137686]","[0.6, 0.4]",6.25002384185791,"{""addition"": -0.6999999999999673, ""modadd"": -0.6999999999999673}",addition+modadd,continuous_primal_dual_psd,4,-0.08384242036068557,-0.08384248314850598,6.278782041513331e-08,"[0.2821233973925224, 0.7178766026074775]",primal=Positive directional derivative for linesearch; dual=outer=Optimization terminated successfully; inner=Optimization terminated successfully,1,-17.36104488372803,17.36104488372803,,pythia1b_10x_licenseclean_contcert_20260504_ties_20260504_deep6_licenseclean,pythia1b_10x_licenseclean_contcert_20260504
ties,pair,addition+multiplication,-0.5000038147069481,-1.8000095367431967,1,"[0.2000000000000001, 0.7999999999999999]","[0.2, 0.8]",0.0,"{""addition"": 1.8000095367431967, ""multiplication"": 5.550000000000033}",addition,continuous_primal_dual_psd,4,-0.5000038147069481,-0.5000038147069481,0.0,"[0.0, 1.0]",primal=Optimization terminated successfully; dual=outer=Optimization terminated successfully; inner=Optimization terminated successfully,1,-31.249821186065656,31.249821186065656,,pythia1b_10x_licenseclean_contcert_20260504_ties_20260504_deep6_licenseclean,pythia1b_10x_licenseclean_contcert_20260504
ties,pair,addition+subtraction,4.092865706417877,0.6999999999999673,0,"[0.42857423122448196, 0.571425768775518]","[0.8, 0.2]",2.500009536743164,"{""addition"": 0.5500047683716147, ""subtraction"": -0.6999999999999673}",subtraction,continuous_primal_dual_psd,4,4.092865706417877,4.092865706417877,0.0,"[0.14285894143066108, 0.857141058569339]",primal=Optimization terminated successfully; dual=outer=Optimization terminated successfully; inner=Optimization terminated successfully,1,-31.249821186065677,31.249821186065677,,pythia1b_10x_licenseclean_contcert_20260504_ties_20260504_deep6_licenseclean,pythia1b_10x_licenseclean_contcert_20260504
ties,pair,authors+addition,2.405891546535856,0.6999999999999673,0,"[0.8, 0.19999999999999996]","[0.4, 0.6]",2.500009536743164,"{""addition"": -0.6999999999999673, ""authors"": -0.6999999999999673}",addition+authors,continuous_primal_dual_psd,4,2.405891546535856,2.405891546535856,0.0,"[1.0, 0.0]",primal=Optimization terminated successfully; dual=outer=Optimization terminated successfully; inner=Optimization terminated successfully,1,-15.625059604644752,15.625059604644752,,pythia1b_10x_licenseclean_contcert_20260504_ties_20260504_deep6_licenseclean,pythia1b_10x_licenseclean_contcert_20260504
ties,pair,authors+modadd,0.4583513142769764,-2.077767181396517,1,"[0.5554097872926337, 0.4445902127073663]","[0.6, 0.4]",0.0,"{""authors"": 3.88333492279056, ""modadd"": 2.077767181396517}",modadd,continuous_primal_dual_psd,4,0.4583513142769764,0.4583513142769764,0.0,"[1.0, 0.0]",primal=Optimization terminated successfully; dual=outer=Optimization terminated successfully; inner=Optimization terminated successfully,0,44.85314329695702,0.0,,pythia1b_10x_licenseclean_contcert_20260504_ties_20260504_deep6_licenseclean,pythia1b_10x_licenseclean_contcert_20260504
ties,pair,authors+multiplication,2.417656575810984,-4.924997615814242,1,"[0.20000000000000012, 0.7999999999999998]","[0.8, 0.2]",4.374992847442627,"{""authors"": 4.924997615814242, ""multiplication"": 5.550000000000033}",authors,continuous_primal_dual_psd,4,2.417656575810984,2.417656575810984,0.0,"[1.0, 0.0]",primal=Optimization terminated successfully; dual=outer=Optimization terminated successfully; inner=Optimization terminated successfully,1,-45.83338631537453,45.83338631537453,,pythia1b_10x_licenseclean_contcert_20260504_ties_20260504_deep6_licenseclean,pythia1b_10x_licenseclean_contcert_20260504
ties,pair,authors+subtraction,3.2320737459283935,-0.3416626930237143,1,"[0.32193276911272184, 0.6780672308872782]","[0.8, 0.2]",6.875002384185791,"{""authors"": 0.3416626930237143, ""subtraction"": 3.0499666213989585}",authors,continuous_primal_dual_psd,4,3.2320737459283935,3.2320737459283886,4.884981308350689e-15,"[0.18959025733850748, 0.8104097426614926]",primal=Optimization terminated successfully; dual=outer=Optimization terminated successfully; inner=Optimization terminated successfully,1,-26.838383997046957,26.838383997046957,,pythia1b_10x_licenseclean_contcert_20260504_ties_20260504_deep6_licenseclean,pythia1b_10x_licenseclean_contcert_20260504
ties,pair,capitals+addition,0.10833333333333149,-0.1461538461538444,1,"[0.2, 0.8]","[0.8, 0.2]",3.3461633828969757,"{""addition"": 3.050014305114779, ""capitals"": 0.1461538461538444}",capitals,continuous_primal_dual_psd,4,0.10833333333333149,0.10833333333333149,0.0,"[1.0, 0.0]",primal=Optimization terminated successfully; dual=outer=Optimization terminated successfully; inner=Optimization terminated successfully,1,-1.041666666666667,1.041666666666667,,pythia1b_10x_licenseclean_contcert_20260504_ties_20260504_deep6_licenseclean,pythia1b_10x_licenseclean_contcert_20260504
ties,pair,capitals+authors,1.317978871944531,0.23846153846154022,0,"[0.5334176729161779, 0.4665823270838221]","[0.6, 0.4]",0.0,"{""authors"": 4.924997615814242, ""capitals"": -0.23846153846154022}",capitals,continuous_primal_dual_psd,4,1.317978871944531,1.317978871944531,0.0,"[0.0, 1.0]",primal=Optimization terminated successfully; dual=outer=Optimization terminated successfully; inner=Optimization terminated successfully,1,-4.166666666666667,4.166666666666667,,pythia1b_10x_licenseclean_contcert_20260504_ties_20260504_deep6_licenseclean,pythia1b_10x_licenseclean_contcert_20260504
ties,pair,capitals+hemisphere,0.2596152544021283,0.1615384615384633,0,"[0.7999999999999999, 0.20000000000000007]","[0.8, 0.2]",0.0,"{""capitals"": -0.1615384615384633, ""hemisphere"": -0.08709799680278547}",capitals,continuous_primal_dual_psd,4,0.2596152544021283,0.2596152544021283,0.0,"[0.0, 1.0]",primal=Optimization terminated successfully; dual=outer=Optimization terminated successfully; inner=Optimization terminated successfully,1,-1.1835992336273211,1.1835992336273211,,pythia1b_10x_licenseclean_contcert_20260504_ties_20260504_deep6_licenseclean,pythia1b_10x_licenseclean_contcert_20260504
ties,pair,capitals+modadd,0.2659738779067671,0.6999999999999673,0,"[0.30000000223426615, 0.6999999977657339]","[0.4, 0.6]",0.0,"{""capitals"": 0.06923076923076749, ""modadd"": -0.6999999999999673}",modadd,continuous_primal_dual_psd,4,0.2659738779067671,0.2659738779067671,0.0,"[0.0, 1.0]",primal=Optimization terminated successfully; dual=outer=Optimization terminated successfully; inner=Optimization terminated successfully,0,4.166666666666664,0.0,,pythia1b_10x_licenseclean_contcert_20260504_ties_20260504_deep6_licenseclean,pythia1b_10x_licenseclean_contcert_20260504
ties,pair,capitals+multiplication,-0.00912511752895978,-0.29999999999999827,1,"[0.20991574344897537, 0.7900842565510247]","[0.4, 0.6]",0.38461538461538464,"{""capitals"": 0.29999999999999827, ""multiplication"": 5.550000000000033}",capitals,continuous_primal_dual_psd,4,-0.00912511752895978,-0.009125117529019108,5.93275428784068e-14,"[0.9175539561781718, 0.08244604382182819]",primal=Optimization terminated successfully; dual=outer=Optimization terminated successfully; inner=Optimization terminated successfully,1,-37.49999999999999,37.49999999999999,,pythia1b_10x_licenseclean_contcert_20260504_ties_20260504_deep6_licenseclean,pythia1b_10x_licenseclean_contcert_20260504
ties,pair,capitals+nli,0.5128850671724579,0.4633596468859424,0,"[0.2969817873236205, 0.7030182126763795]","[0.2, 0.8]",0.0,"{""capitals"": -0.1615384615384633, ""nli"": -0.4633596468859424}",nli,continuous_primal_dual_psd,4,0.5128850671724579,0.5128850671724579,0.0,"[0.0, 1.0]",primal=Optimization terminated successfully; dual=outer=Optimization terminated successfully; inner=Optimization terminated successfully,1,-2.25478853629531e-16,2.25478853629531e-16,,pythia1b_10x_licenseclean_contcert_20260504_ties_20260504_deep6_licenseclean,pythia1b_10x_licenseclean_contcert_20260504
ties,pair,capitals+subtraction,0.950000953674282,0.31538461538461715,0,"[0.2, 0.8]","[0.2, 0.8]",0.0,"{""capitals"": -0.31538461538461715, ""subtraction"": 0.5499809265137046}",capitals,continuous_primal_dual_psd,4,0.950000953674282,0.950000953674282,0.0,"[0.0, 1.0]",primal=Optimization terminated successfully; dual=outer=Optimization terminated successfully; inner=Optimization terminated successfully,1,-109.37541723251343,109.37541723251343,,pythia1b_10x_licenseclean_contcert_20260504_ties_20260504_deep6_licenseclean,pythia1b_10x_licenseclean_contcert_20260504
ties,pair,hemisphere+addition,2.75476206044337,0.4634416170683895,0,"[0.6966665617624744, 0.30333343823752557]","[0.8, 0.2]",0.24731275946879194,"{""addition"": 3.0499904632568686, ""hemisphere"": -0.4634416170683895}",hemisphere,continuous_primal_dual_psd,4,2.75476206044337,2.75476206044337,0.0,"[1.0, 0.0]",primal=Optimization terminated successfully; dual=outer=Optimization terminated successfully; inner=Optimization terminated successfully,1,-31.249821186065653,31.249821186065653,,pythia1b_10x_licenseclean_contcert_20260504_ties_20260504_deep6_licenseclean,pythia1b_10x_licenseclean_contcert_20260504
ties,pair,hemisphere+authors,0.679412769533441,0.1946241653344916,0,"[0.20000000000000284, 0.7999999999999972]","[0.2, 0.8]",0.0,"{""authors"": 1.5916674613952964, ""hemisphere"": -0.1946241653344916}",hemisphere,continuous_primal_dual_psd,4,0.679412769533441,0.679412769533441,0.0,"[0.0, 1.0]",primal=Optimization terminated successfully; dual=outer=Optimization terminated successfully; inner=Optimization terminated successfully,1,-97.06452488899234,97.06452488899234,,pythia1b_10x_licenseclean_contcert_20260504_ties_20260504_deep6_licenseclean,pythia1b_10x_licenseclean_contcert_20260504
ties,pair,hemisphere+modadd,0.7119801802712631,-0.05268724053121203,1,"[0.23132979858319877, 0.7686702014168012]","[0.6, 0.4]",0.12903221439990037,"{""hemisphere"": 0.05268724053121203, ""modadd"": 2.077743339538607}",hemisphere,continuous_primal_dual_psd,4,0.7119801802712631,0.7119801802703689,8.941736240331011e-13,"[0.3477676431055512, 0.6522323568944489]",primal=Optimization terminated successfully; dual=outer=Optimization terminated successfully; inner=Optimization terminated successfully,1,-27.225464582443227,27.225464582443227,,pythia1b_10x_licenseclean_contcert_20260504_ties_20260504_deep6_licenseclean,pythia1b_10x_licenseclean_contcert_20260504
ties,pair,hemisphere+multiplication,1.3088123973988037,-0.18172080853420078,1,"[0.31245780048453436, 0.6875421995154656]","[0.8, 0.2]",0.12903356800298876,"{""hemisphere"": 0.18172080853420078, ""multiplication"": 8.049985694885287}",hemisphere,continuous_primal_dual_psd,4,1.3088123973988037,1.308812397391536,7.2677419638012e-12,"[0.41996722036346773, 0.5800327796365323]",primal=Optimization terminated successfully; dual=outer=Optimization terminated successfully; inner=Optimization terminated successfully,1,-29.166772630749087,29.166772630749087,,pythia1b_10x_licenseclean_contcert_20260504_ties_20260504_deep6_licenseclean,pythia1b_10x_licenseclean_contcert_20260504
ties,pair,hemisphere+nli,2.451887798309297,0.3488550271849617,0,"[0.20000000000000068, 0.7999999999999994]","[0.8, 0.2]",0.11450461970098069,"{""hemisphere"": -0.19462551893757998, ""nli"": -0.3488550271849617}",nli,continuous_primal_dual_psd,4,2.451887798309297,2.451887798309297,0.0,"[1.0, 5.551115123125783e-17]",primal=Optimization terminated successfully; dual=outer=Optimization terminated successfully; inner=Optimization terminated successfully,1,-11.837333440780636,11.837333440780636,,pythia1b_10x_licenseclean_contcert_20260504_ties_20260504_deep6_licenseclean,pythia1b_10x_licenseclean_contcert_20260504
ties,pair,hemisphere+subtraction,3.4083349227905084,0.1946241653344916,0,"[0.20000000000000084, 0.7999999999999992]","[0.8, 0.2]",0.5053996765233859,"{""hemisphere"": -0.1946241653344916, ""subtraction"": 4.29994754791263}",hemisphere,continuous_primal_dual_psd,4,3.4083349227905084,3.4083349227905084,0.0,"[1.0, 0.0]",primal=Optimization terminated successfully; dual=outer=Optimization terminated successfully; inner=Optimization terminated successfully,1,-41.43014550209047,41.43014550209047,,pythia1b_10x_licenseclean_contcert_20260504_ties_20260504_deep6_licenseclean,pythia1b_10x_licenseclean_contcert_20260504
ties,pair,multiplication+modadd,0.9965687507075888,-0.6888835906982749,1,"[0.2135303150629695, 0.7864696849370305]","[0.6, 0.4]",1.3888835906982422,"{""modadd"": 0.6888835906982749, ""multiplication"": 1.8000095367431967}",modadd,continuous_primal_dual_psd,4,0.9965687507075888,0.9965687507075561,3.26405569239796e-14,"[0.12322392662828985, 0.8767760733717102]",primal=Optimization terminated successfully; dual=outer=Optimization terminated successfully; inner=Optimization terminated successfully,0,8.248247056821109e-16,0.0,,pythia1b_10x_licenseclean_contcert_20260504_ties_20260504_deep6_licenseclean,pythia1b_10x_licenseclean_contcert_20260504
ties,pair,nli+addition,1.7000014305114393,3.2000095367431314,0,"[0.2, 0.8]","[0.6, 0.4]",1.250004768371582,"{""addition"": -3.2000095367431314, ""nli"": -0.22671745922255285}",addition,continuous_primal_dual_psd,4,1.7000014305114393,1.7000014305114393,0.0,"[0.0, 1.0]",primal=Optimization terminated successfully; dual=outer=Optimization terminated successfully; inner=Optimization terminated successfully,1,-62.4999403953552,62.4999403953552,,pythia1b_10x_licenseclean_contcert_20260504_ties_20260504_deep6_licenseclean,pythia1b_10x_licenseclean_contcert_20260504
ties,pair,nli+authors,2.176476617200639,0.22671745922255285,0,"[0.20000000000000012, 0.7999999999999998]","[0.6, 0.4]",0.4732825407774145,"{""authors"": 0.5500047683716147, ""nli"": -0.22671745922255285}",nli,continuous_primal_dual_psd,4,2.176476617200639,2.176476617200639,0.0,"[0.0, 1.0]",primal=Optimization terminated successfully; dual=outer=Optimization terminated successfully; inner=Optimization terminated successfully,1,-4.963224466234444,4.963224466234444,,pythia1b_10x_licenseclean_contcert_20260504_ties_20260504_deep6_licenseclean,pythia1b_10x_licenseclean_contcert_20260504
ties,pair,nli+modadd,0.5952911442808596,0.4633596468859424,0,"[0.2, 0.8]","[0.2, 0.8]",0.0,"{""modadd"": 2.077767181396517, ""nli"": -0.4633596468859424}",nli,continuous_primal_dual_psd,4,0.5952911442808596,0.5952911442808596,0.0,"[1.0, 0.0]",primal=Optimization terminated successfully; dual=outer=Optimization terminated successfully; inner=Optimization terminated successfully,1,-2.715079293188063,2.715079293188063,,pythia1b_10x_licenseclean_contcert_20260504_ties_20260504_deep6_licenseclean,pythia1b_10x_licenseclean_contcert_20260504
ties,pair,nli+multiplication,0.41019302208622127,0.34122207892353357,0,"[0.2, 0.8]","[0.2, 0.8]",0.0,"{""multiplication"": 1.8000095367431967, ""nli"": -0.34122207892353357}",nli,continuous_primal_dual_psd,4,0.41019302208622127,0.41019302208622127,0.0,"[1.0, 5.551115123125783e-17]",primal=Optimization terminated successfully; dual=outer=Optimization terminated successfully; inner=Optimization terminated successfully,1,-8.33322736925092,8.33322736925092,,pythia1b_10x_licenseclean_contcert_20260504_ties_20260504_deep6_licenseclean,pythia1b_10x_licenseclean_contcert_20260504
ties,pair,nli+subtraction,0.3758494990797866,0.6999999999999673,0,"[0.39843219295139315, 0.6015678070486068]","[0.2, 0.8]",1.250004768371582,"{""nli"": -0.5244281251089246, ""subtraction"": -0.6999999999999673}",subtraction,continuous_primal_dual_psd,4,0.3758494990797866,0.3758494990797866,0.0,"[1.0, 5.551115123125783e-17]",primal=Optimization terminated successfully; dual=outer=Optimization terminated successfully; inner=Optimization terminated successfully,1,-4.9004198173738096e-15,4.9004198173738096e-15,,pythia1b_10x_licenseclean_contcert_20260504_ties_20260504_deep6_licenseclean,pythia1b_10x_licenseclean_contcert_20260504
ties,pair,population+addition,1.939218822507247,1.442326739841872,0,"[0.2, 0.8]","[0.6, 0.4]",3.0076875652728416,"{""addition"": 0.5500047683716147, ""population"": -1.442326739841872}",population,continuous_primal_dual_psd,4,1.939218822507247,1.939218822507247,0.0,"[1.0, 0.0]",primal=Optimization terminated successfully; dual=outer=Optimization terminated successfully; inner=Optimization terminated successfully,1,-7.598140852857846,7.598140852857846,,pythia1b_10x_licenseclean_contcert_20260504_ties_20260504_deep6_licenseclean,pythia1b_10x_licenseclean_contcert_20260504
ties,pair,population+authors,2.022064927568079,0.41166266037244054,0,"[0.2, 0.8]","[0.6, 0.4]",0.2883373396275268,"{""authors"": 0.3416626930237143, ""population"": -0.41166266037244054}",population,continuous_primal_dual_psd,4,2.022064927568079,2.022064927568079,0.0,"[5.551115123125783e-17, 1.0]",primal=Optimization terminated successfully; dual=outer=Optimization terminated successfully; inner=Optimization terminated successfully,1,-8.823575610733045,8.823575610733045,,pythia1b_10x_licenseclean_contcert_20260504_ties_20260504_deep6_licenseclean,pythia1b_10x_licenseclean_contcert_20260504
ties,pair,population+capitals,1.0908553261653169,0.2705522893799415,0,"[0.20000000000000023, 0.7999999999999998]","[0.2, 0.8]",0.0,"{""capitals"": -0.1615384615384633, ""population"": -0.2705522893799415}",population,continuous_primal_dual_psd,4,1.0908553261653169,1.0908553261653169,0.0,"[1.0, 0.0]",primal=Optimization terminated successfully; dual=outer=Optimization terminated successfully; inner=Optimization terminated successfully,1,-23.8561752712696,23.8561752712696,,pythia1b_10x_licenseclean_contcert_20260504_ties_20260504_deep6_licenseclean,pythia1b_10x_licenseclean_contcert_20260504
ties,pair,population+hemisphere,2.527651262283382,0.8840481913753656,0,"[0.20000000000000312, 0.7999999999999969]","[0.2, 0.8]",0.0,"{""hemisphere"": -0.3344094026684891, ""population"": -0.8840481913753656}",population,continuous_primal_dual_psd,4,2.527651262283382,2.527651262283382,0.0,"[0.0, 1.0]",primal=Optimization terminated successfully; dual=outer=Optimization terminated successfully; inner=Optimization terminated successfully,1,-85.22734045982358,85.22734045982358,,pythia1b_10x_licenseclean_contcert_20260504_ties_20260504_deep6_licenseclean,pythia1b_10x_licenseclean_contcert_20260504
ties,pair,population+modadd,1.533330154418913,0.7000238418578775,0,"[0.2, 0.8]","[0.2, 0.8]",0.0,"{""modadd"": -0.7000238418578775, ""population"": -0.5527614468997075}",modadd,continuous_primal_dual_psd,4,1.533330154418913,1.533330154418913,0.0,"[1.3877787807814457e-16, 0.9999999999999999]",primal=Optimization terminated successfully; dual=outer=Optimization terminated successfully; inner=Optimization terminated successfully,1,-34.722089767456055,34.722089767456055,,pythia1b_10x_licenseclean_contcert_20260504_ties_20260504_deep6_licenseclean,pythia1b_10x_licenseclean_contcert_20260504
ties,pair,population+multiplication,1.3973885054747726,0.7490833791885082,0,"[0.2, 0.8]","[0.8, 0.2]",0.15337252744070207,"{""multiplication"": 4.300019073486361, ""population"": -0.7490833791885082}",population,continuous_primal_dual_psd,4,1.3973885054747726,1.3973885054747726,0.0,"[1.0, 0.0]",primal=Optimization terminated successfully; dual=outer=Optimization terminated successfully; inner=Optimization terminated successfully,1,-16.666543250101206,16.666543250101206,,pythia1b_10x_licenseclean_contcert_20260504_ties_20260504_deep6_licenseclean,pythia1b_10x_licenseclean_contcert_20260504
ties,pair,population+nli,2.0954286504151884,1.4361927655014626,0,"[0.2, 0.8]","[0.2, 0.8]",0.0,"{""nli"": -0.5244281251089246, ""population"": -1.4361927655014626}",population,continuous_primal_dual_psd,4,2.0954286504151884,2.0954286504151884,0.0,"[1.0, 0.0]",primal=Optimization terminated successfully; dual=outer=Optimization terminated successfully; inner=Optimization terminated successfully,1,-21.160263815250342,21.160263815250342,,pythia1b_10x_licenseclean_contcert_20260504_ties_20260504_deep6_licenseclean,pythia1b_10x_licenseclean_contcert_20260504
ties,pair,population+subtraction,1.7324718648192774,0.9515334935851024,0,"[0.38975893946049944, 0.6102410605395006]","[0.6, 0.4]",0.8282139650728372,"{""population"": -0.9515334935851024, ""subtraction"": 1.7999618530273764}",population,continuous_primal_dual_psd,4,1.7324718648192774,1.7324718647820476,3.722977481857015e-11,"[1.0, 0.0]",primal=Optimization terminated successfully; dual=outer=Optimization terminated successfully; inner=Optimization terminated successfully,0,10.04919384299438,0.0,,pythia1b_10x_licenseclean_contcert_20260504_ties_20260504_deep6_licenseclean,pythia1b_10x_licenseclean_contcert_20260504
ties,pair,sciq+addition,0.5389388437614746,0.44512290782720143,0,"[0.20000000000000015, 0.7999999999999998]","[0.8, 0.2]",0.2548770921727659,"{""addition"": 3.0499904632568686, ""sciq"": -0.44512290782720143}",sciq,continuous_primal_dual_psd,4,0.5389388437614746,0.5389388437614746,0.0,"[1.0, 0.0]",primal=Optimization terminated successfully; dual=outer=Optimization terminated successfully; inner=Optimization terminated successfully,1,-124.99988079071045,124.99988079071045,,pythia1b_10x_licenseclean_contcert_20260504_ties_20260504_deep6_licenseclean,pythia1b_10x_licenseclean_contcert_20260504
ties,pair,sciq+authors,0.34993816810576084,0.10312121398368713,0,"[0.6337920736207303, 0.3662079263792697]","[0.6, 0.4]",0.0,"{""authors"": 1.5916674613952964, ""sciq"": -0.10312121398368713}",sciq,continuous_primal_dual_psd,4,0.34993816810576084,0.34993816810576084,0.0,"[1.0, 0.0]",primal=Optimization terminated successfully; dual=outer=Optimization terminated successfully; inner=Optimization terminated successfully,0,3.207982901898136,0.0,,pythia1b_10x_licenseclean_contcert_20260504_ties_20260504_deep6_licenseclean,pythia1b_10x_licenseclean_contcert_20260504
ties,pair,sciq+capitals,0.3654878022288394,0.01859519327629391,0,"[0.20000000000000007, 0.7999999999999999]","[0.4, 0.6]",0.4811437506445669,"{""capitals"": 0.1461538461538444, ""sciq"": -0.01859519327629391}",sciq,continuous_primal_dual_psd,4,0.3654878022288394,0.3654878022288394,0.0,"[1.0, 0.0]",primal=Optimization terminated successfully; dual=outer=Optimization terminated successfully; inner=Optimization terminated successfully,1,-4.166666666666665,4.166666666666665,,pythia1b_10x_licenseclean_contcert_20260504_ties_20260504_deep6_licenseclean,pythia1b_10x_licenseclean_contcert_20260504
ties,pair,sciq+hemisphere,0.36760382104797085,0.3344094026684891,0,"[0.43957450911272583, 0.5604254908872741]","[0.2, 0.8]",0.247312759468792,"{""hemisphere"": -0.3344094026684891, ""sciq"": -0.042003256429780506}",hemisphere,continuous_primal_dual_psd,4,0.36760382104797085,0.36760382104797085,0.0,"[0.0, 1.0]",primal=Optimization terminated successfully; dual=outer=Optimization terminated successfully; inner=Optimization terminated successfully,0,1.8252025999185648,0.0,,pythia1b_10x_licenseclean_contcert_20260504_ties_20260504_deep6_licenseclean,pythia1b_10x_licenseclean_contcert_20260504
ties,pair,sciq+modadd,0.4283189818675265,0.16683983594927482,0,"[0.20000000000000007, 0.7999999999999999]","[0.2, 0.8]",0.0,"{""modadd"": 2.077767181396517, ""sciq"": -0.16683983594927482}",sciq,continuous_primal_dual_psd,4,0.4283189818675265,0.4283189818675265,0.0,"[1.0, 0.0]",primal=Optimization terminated successfully; dual=outer=Optimization terminated successfully; inner=Optimization terminated successfully,1,-4.480105409330098,4.480105409330098,,pythia1b_10x_licenseclean_contcert_20260504_ties_20260504_deep6_licenseclean,pythia1b_10x_licenseclean_contcert_20260504
ties,pair,sciq+multiplication,0.0035402139045210557,0.01859519327629391,0,"[0.2, 0.8]","[0.4, 0.6]",0.039012049623572964,"{""multiplication"": 4.299995231628451, ""sciq"": -0.01859519327629391}",sciq,continuous_primal_dual_psd,4,0.0035402139045210557,0.0035402139045210557,0.0,"[1.0, 0.0]",primal=Optimization terminated successfully; dual=outer=Optimization terminated successfully; inner=Optimization terminated successfully,1,-0.6637239616841205,0.6637239616841205,,pythia1b_10x_licenseclean_contcert_20260504_ties_20260504_deep6_licenseclean,pythia1b_10x_licenseclean_contcert_20260504
ties,pair,sciq+nli,0.45690384616896695,0.4633596468859424,0,"[0.3032591085750351, 0.6967408914249649]","[0.4, 0.6]",0.0,"{""nli"": -0.4633596468859424, ""sciq"": -0.21885468676916384}",nli,continuous_primal_dual_psd,4,0.45690384616896695,0.45690384616896695,0.0,"[2.498001805406602e-16, 0.9999999999999998]",primal=Optimization terminated successfully; dual=outer=Optimization terminated successfully; inner=Optimization terminated successfully,0,1.0998821948648838,0.0,,pythia1b_10x_licenseclean_contcert_20260504_ties_20260504_deep6_licenseclean,pythia1b_10x_licenseclean_contcert_20260504
ties,pair,sciq+population,1.6346445109248502,1.0251527701352485,0,"[0.2, 0.8]","[0.6, 0.4]",0.12883663007906399,"{""population"": -1.0251527701352485, ""sciq"": -0.2968782651542205}",population,continuous_primal_dual_psd,4,1.6346445109248502,1.6346445109248502,0.0,"[0.0, 1.0]",primal=Optimization terminated successfully; dual=outer=Optimization terminated successfully; inner=Optimization terminated successfully,1,-8.660263815250342,8.660263815250342,,pythia1b_10x_licenseclean_contcert_20260504_ties_20260504_deep6_licenseclean,pythia1b_10x_licenseclean_contcert_20260504
ties,pair,sciq+subtraction,0.177433078945041,1.9500047683715493,0,"[0.8, 0.19999999999999996]","[0.6, 0.4]",0.0,"{""sciq"": -0.25136533579457876, ""subtraction"": -1.9500047683715493}",subtraction,continuous_primal_dual_psd,4,0.177433078945041,0.177433078945041,0.0,"[1.0, 0.0]",primal=Optimization terminated successfully; dual=outer=Optimization terminated successfully; inner=Optimization terminated successfully,0,0.6637100363340226,0.0,,pythia1b_10x_licenseclean_contcert_20260504_ties_20260504_deep6_licenseclean,pythia1b_10x_licenseclean_contcert_20260504
ties,pair,subtraction+modadd,1.075001430511442,-0.5499809265137046,1,"[0.2, 0.8]","[0.8, 0.2]",6.25,"{""modadd"": 2.077767181396517, ""subtraction"": 0.5499809265137046}",subtraction,continuous_primal_dual_psd,4,1.075001430511442,1.075001430511442,0.0,"[1.0, 0.0]",primal=Optimization terminated successfully; dual=outer=Optimization terminated successfully; inner=Optimization terminated successfully,1,-15.625059604644788,15.625059604644788,,pythia1b_10x_licenseclean_contcert_20260504_ties_20260504_deep6_licenseclean,pythia1b_10x_licenseclean_contcert_20260504
ties,pair,subtraction+multiplication,4.700015258789031,1.9500047683715493,0,"[0.2, 0.8]","[0.8, 0.2]",4.999995231628418,"{""multiplication"": 4.299995231628451, ""subtraction"": -1.9500047683715493}",subtraction,continuous_primal_dual_psd,4,4.700015258789031,4.700015258789031,0.0,"[1.0, 0.0]",primal=Optimization terminated successfully; dual=outer=Optimization terminated successfully; inner=Optimization terminated successfully,1,-78.12529802322388,78.12529802322388,,pythia1b_10x_licenseclean_contcert_20260504_ties_20260504_deep6_licenseclean,pythia1b_10x_licenseclean_contcert_20260504
ties,triple,addition+multiplication+modadd,5.105761894694689,-1.8000095367431967,1,"[0.2, 0.2, 0.6]","[0.2, 0.2, 0.6]",0.0,"{""addition"": 1.8000095367431967, ""modadd"": 2.077767181396517, ""multiplication"": 5.550000000000033}",addition,continuous_primal_dual_psd,6,5.105761894694689,5.105761894694689,0.0,"[1.0, 0.0, 0.0]",primal=Optimization terminated successfully; dual=outer=Optimization terminated successfully; inner=Optimization terminated successfully,1,-242.8759850154087,242.8759850154087,,pythia1b_10x_licenseclean_contcert_20260504_ties_20260504_deep6_licenseclean,pythia1b_10x_licenseclean_contcert_20260504
ties,triple,addition+subtraction+modadd,1.7973053528772702,-0.6888835906982749,1,"[0.2, 0.2000000000000102, 0.5999999999999898]","[0.2, 0.4, 0.4]",2.638888359069824,"{""addition"": 1.8000095367431967, ""modadd"": 0.6888835906982749, ""subtraction"": 1.7999618530273764}",modadd,continuous_primal_dual_psd,6,1.7973053528772702,1.7973053528772702,0.0,"[0.0, 0.0, 1.0]",primal=Optimization terminated successfully; dual=outer=Optimization terminated successfully; inner=Optimization terminated successfully,1,-165.64700035313913,165.64700035313913,,pythia1b_10x_licenseclean_contcert_20260504_ties_20260504_deep6_licenseclean,pythia1b_10x_licenseclean_contcert_20260504
ties,triple,addition+subtraction+multiplication,1.8182764394647875,-1.8000095367431967,1,"[0.2, 0.2, 0.6]","[0.4, 0.4, 0.2]",2.500009536743164,"{""addition"": 1.8000095367431967, ""multiplication"": 8.049985694885287, ""subtraction"": 4.29994754791263}",addition,continuous_primal_dual_psd,6,1.8182764394647875,1.8182764394647875,0.0,"[0.0, 1.0, 0.0]",primal=Optimization terminated successfully; dual=outer=Optimization terminated successfully; inner=Optimization terminated successfully,1,-137.66067631784404,137.66067631784406,,pythia1b_10x_licenseclean_contcert_20260504_ties_20260504_deep6_licenseclean,pythia1b_10x_licenseclean_contcert_20260504
ties,triple,authors+addition+modadd,4.188794678698927,1.9500047683715493,0,"[0.21320945612005623, 0.20000000000001297, 0.5867905438799308]","[0.4, 0.2, 0.4]",5.624997615814209,"{""addition"": -0.6999999999999673, ""authors"": -1.9500047683715493, ""modadd"": 3.4666507720947592}",authors,continuous_primal_dual_psd,6,4.188794678698927,4.188794678694722,4.204636638860393e-12,"[0.5958445703425375, 0.4041554296574612, 1.382616441086971e-15]",primal=Optimization terminated successfully; dual=outer=Optimization terminated successfully; inner=Optimization terminated successfully,1,-235.34674830292866,235.3467483029287,,pythia1b_10x_licenseclean_contcert_20260504_ties_20260504_deep6_licenseclean,pythia1b_10x_licenseclean_contcert_20260504
ties,triple,authors+addition+multiplication,8.199957084655757,0.6999999999999673,0,"[0.2, 0.2, 0.6]","[0.2, 0.2, 0.6]",0.0,"{""addition"": -0.6999999999999673, ""authors"": 6.175002384185824, ""multiplication"": 5.550000000000033}",addition,continuous_primal_dual_psd,6,8.199957084655757,8.199957084655757,0.0,"[0.0, 1.0, 0.0]",primal=Optimization terminated successfully; dual=outer=Optimization terminated successfully; inner=Optimization terminated successfully,1,-487.99141767028834,488.1391089528115,,pythia1b_10x_licenseclean_contcert_20260504_ties_20260504_deep6_licenseclean,pythia1b_10x_licenseclean_contcert_20260504
ties,triple,authors+addition+subtraction,3.131998042433973,5.074992847442594,0,"[0.26000001983773646, 0.3750001051383511, 0.3649998750239125]","[0.4, 0.2, 0.4]",0.2083420753479004,"{""addition"": 1.7999856948852866, ""authors"": -5.074992847442594, ""subtraction"": -0.6999999999999673}",authors,continuous_primal_dual_psd,6,3.131998042433973,3.131998042433973,0.0,"[1.0, 0.0, 0.0]",primal=Optimization terminated successfully; dual=outer=Optimization terminated successfully; inner=Optimization terminated successfully,1,-16.182072762472743,16.18207276247273,,pythia1b_10x_licenseclean_contcert_20260504_ties_20260504_deep6_licenseclean,pythia1b_10x_licenseclean_contcert_20260504
ties,triple,authors+multiplication+modadd,7.04585738029313,-0.6888835906982749,1,"[0.2, 0.2, 0.6]","[0.4, 0.4, 0.2]",7.013881206512451,"{""authors"": 2.8416483879089682, ""modadd"": 0.6888835906982749, ""multiplication"": 6.800004768371615}",modadd,continuous_primal_dual_psd,6,7.04585738029313,7.04585738029313,0.0,"[1.0, 0.0, 0.0]",primal=Optimization terminated successfully; dual=outer=Optimization terminated successfully; inner=Optimization terminated successfully,1,-128.52597216588674,128.52597216588674,,pythia1b_10x_licenseclean_contcert_20260504_ties_20260504_deep6_licenseclean,pythia1b_10x_licenseclean_contcert_20260504
ties,triple,authors+subtraction+modadd,1.330693283288194,2.0889074325561197,0,"[0.20162644006944963, 0.3290601386864275, 0.4693134212441229]","[0.2, 0.4, 0.4]",0.0,"{""authors"": 6.175002384185824, ""modadd"": -2.0889074325561197, ""subtraction"": -1.9500047683715493}",modadd,continuous_primal_dual_psd,6,1.330693283288194,1.3306932832834044,4.789502128232925e-12,"[0.5251007802118414, 0.47489921978815863, 0.0]",primal=Optimization terminated successfully; dual=outer=Optimization terminated successfully; inner=Optimization terminated successfully,1,-100.38464657353589,100.38464657353587,,pythia1b_10x_licenseclean_contcert_20260504_ties_20260504_deep6_licenseclean,pythia1b_10x_licenseclean_contcert_20260504
ties,triple,authors+subtraction+multiplication,1.6961280960103962,-1.5916674613952964,1,"[0.21949489413260131, 0.2000000000000002, 0.5805051058673985]","[0.2, 0.2, 0.6]",0.0,"{""authors"": 1.5916674613952964, ""multiplication"": 9.299966621398958, ""subtraction"": 4.29994754791263}",authors,continuous_primal_dual_psd,6,1.6961280960103962,1.6961280960103957,4.440892098500626e-16,"[0.9999999999999998, 5.5511151231257815e-17, 1.6653345369377346e-16]",primal=Optimization terminated successfully; dual=outer=Optimization terminated successfully; inner=Optimization terminated successfully,1,-139.75478171388704,139.7547817138871,,pythia1b_10x_licenseclean_contcert_20260504_ties_20260504_deep6_licenseclean,pythia1b_10x_licenseclean_contcert_20260504
ties,triple,capitals+addition+modadd,13.847957686442872,0.1615384615384633,0,"[0.2, 0.2, 0.6]","[0.4, 0.4, 0.2]",1.7884663068330862,"{""addition"": 0.5500047683716147, ""capitals"": -0.1615384615384633, ""modadd"": 0.6888835906982749}",capitals,continuous_primal_dual_psd,6,13.847957686442872,13.847957686442872,0.0,"[0.0, 1.0, 0.0]",primal=Optimization terminated successfully; dual=outer=Optimization terminated successfully; inner=Optimization terminated successfully,1,-395.5891621658201,395.5891621658201,,pythia1b_10x_licenseclean_contcert_20260504_ties_20260504_deep6_licenseclean,pythia1b_10x_licenseclean_contcert_20260504
ties,triple,capitals+addition+multiplication,0.19021866554010258,0.1615384615384633,0,"[0.20000000000000084, 0.43765173171553706, 0.3623482682844621]","[0.2, 0.4, 0.4]",0.0,"{""addition"": 0.5500047683716147, ""capitals"": -0.1615384615384633, ""multiplication"": 5.550000000000033}",capitals,continuous_primal_dual_psd,6,0.19021866554010258,0.19021866553984026,2.6231794514330886e-13,"[0.9758987844764483, 0.0, 0.024101215523551673]",primal=Optimization terminated successfully; dual=outer=Optimization terminated successfully; inner=Optimization terminated successfully,1,-19.313635823827276,19.31363582382728,,pythia1b_10x_licenseclean_contcert_20260504_ties_20260504_deep6_licenseclean,pythia1b_10x_licenseclean_contcert_20260504
ties,triple,capitals+addition+subtraction,1.195877432060202,0.6999999999999673,0,"[0.2451174683416564, 0.2, 0.5548825316583436]","[0.2, 0.6, 0.2]",1.250004768371582,"{""addition"": 1.7999856948852866, ""capitals"": -0.469230769230771, ""subtraction"": -0.6999999999999673}",subtraction,continuous_primal_dual_psd,6,1.195877432060202,1.195877432060156,4.596323321948148e-14,"[0.8561128378293926, 0.0, 0.14388716217060737]",primal=Optimization terminated successfully; dual=outer=Optimization terminated successfully; inner=Optimization terminated successfully,1,-137.03561609438145,137.03561609438145,,pythia1b_10x_licenseclean_contcert_20260504_ties_20260504_deep6_licenseclean,pythia1b_10x_licenseclean_contcert_20260504
ties,triple,capitals+authors+addition,4.960407263337577,0.9083420753478677,0,"[0.20000000000001095, 0.2, 0.599999999999989]","[0.4, 0.2, 0.4]",4.374992847442627,"{""addition"": 1.8000095367431967, ""authors"": -0.9083420753478677, ""capitals"": -0.1615384615384633}",authors,continuous_primal_dual_psd,6,4.960407263337577,4.960407263337577,0.0,"[0.0, 1.0, 0.0]",primal=Optimization terminated successfully; dual=outer=Optimization terminated successfully; inner=Optimization terminated successfully,1,-93.75035763071095,93.75035763071095,,pythia1b_10x_licenseclean_contcert_20260504_ties_20260504_deep6_licenseclean,pythia1b_10x_licenseclean_contcert_20260504
ties,triple,capitals+authors+modadd,6.255534362792945,0.23846153846154022,0,"[0.2, 0.2, 0.6]","[0.2, 0.4, 0.4]",0.15384615384615385,"{""authors"": 0.5500047683716147, ""capitals"": -0.23846153846154022, ""modadd"": 0.6888835906982749}",capitals,continuous_primal_dual_psd,6,6.255534362792945,6.2555343627929405,4.440892098500626e-15,"[0.0, 1.2767564783189282e-15, 0.9999999999999987]",primal=Optimization terminated successfully; dual=outer=Optimization terminated successfully; inner=Optimization terminated successfully,1,-138.88835906982462,138.8883590698246,,pythia1b_10x_licenseclean_contcert_20260504_ties_20260504_deep6_licenseclean,pythia1b_10x_licenseclean_contcert_20260504
ties,triple,capitals+authors+multiplication,6.634344978171912,-0.06923076923076749,1,"[0.2, 0.2, 0.6]","[0.2, 0.4, 0.4]",0.15384615384615385,"{""authors"": 0.3416626930237143, ""capitals"": 0.06923076923076749, ""multiplication"": 9.299990463256869}",capitals,continuous_primal_dual_psd,6,6.634344978171912,6.634344978171912,0.0,"[0.0, 1.0, 0.0]",primal=Optimization terminated successfully; dual=outer=Optimization terminated successfully; inner=Optimization terminated successfully,1,-148.47497637786518,148.47497637786518,,pythia1b_10x_licenseclean_contcert_20260504_ties_20260504_deep6_licenseclean,pythia1b_10x_licenseclean_contcert_20260504
ties,triple,capitals+authors+subtraction,21.949985694887808,1.9500047683715493,0,"[0.20000000000001533, 0.2, 0.5999999999999847]","[0.2, 0.2, 0.6]",0.0,"{""authors"": 1.5916674613952964, ""capitals"": -0.3923076923076941, ""subtraction"": -1.9500047683715493}",subtraction,continuous_primal_dual_psd,6,21.949985694887808,21.949985694887808,0.0,"[0.0, 0.0, 1.0]",primal=Optimization terminated successfully; dual=outer=Optimization terminated successfully; inner=Optimization terminated successfully,1,-508.75303646182465,511.58416958522906,,pythia1b_10x_licenseclean_contcert_20260504_ties_20260504_deep6_licenseclean,pythia1b_10x_licenseclean_contcert_20260504
ties,triple,capitals+hemisphere+addition,2.3876431165518603,0.45268994773738075,0,"[0.36857185481803284, 0.2, 0.43142814518196715]","[0.4, 0.4, 0.2]",0.11827919146580318,"{""addition"": 3.0499904632568686, ""capitals"": -0.23846153846154022, ""hemisphere"": -0.45268994773738075}",hemisphere,continuous_primal_dual_psd,6,2.3876431165518603,2.3876431165484777,3.382627511427927e-12,"[0.34438351866965466, 0.6556164813303453, 0.0]",primal=Optimization terminated successfully; dual=outer=Optimization terminated successfully; inner=Optimization terminated successfully,1,-26.08237543150857,26.08237543150857,,pythia1b_10x_licenseclean_contcert_20260504_ties_20260504_deep6_licenseclean,pythia1b_10x_licenseclean_contcert_20260504
ties,triple,capitals+hemisphere+authors,9.129562846901056,0.6999999999999673,0,"[0.2, 0.2, 0.6]","[0.2, 0.6, 0.2]",3.3333301544189453,"{""authors"": -0.6999999999999673, ""capitals"": -0.5461538461538479, ""hemisphere"": -0.4526913013404691}",authors,continuous_primal_dual_psd,6,9.129562846901056,9.129562846901056,0.0,"[0.0, 1.0, 0.0]",primal=Optimization terminated successfully; dual=outer=Optimization terminated successfully; inner=Optimization terminated successfully,1,-265.8721147113348,265.87211471133475,,pythia1b_10x_licenseclean_contcert_20260504_ties_20260504_deep6_licenseclean,pythia1b_10x_licenseclean_contcert_20260504
ties,triple,capitals+hemisphere+modadd,3.73051693297825,0.23846153846154022,0,"[0.2, 0.6, 0.19999999999999996]","[0.2, 0.6, 0.2]",0.0,"{""capitals"": -0.23846153846154022, ""hemisphere"": -0.18387114240039446, ""modadd"": 2.077767181396517}",capitals,continuous_primal_dual_psd,6,3.73051693297825,3.730516932978248,1.7763568394002505e-15,"[3.330669073875468e-16, 0.0, 0.9999999999999996]",primal=Optimization terminated successfully; dual=outer=Optimization terminated successfully; inner=Optimization terminated successfully,1,-83.82654003052853,83.82654003052853,,pythia1b_10x_licenseclean_contcert_20260504_ties_20260504_deep6_licenseclean,pythia1b_10x_licenseclean_contcert_20260504
ties,triple,capitals+hemisphere+multiplication,0.12814920025076226,0.1615384615384633,0,"[0.2, 0.4222571767708103, 0.37774282322918973]","[0.2, 0.4, 0.4]",0.0,"{""capitals"": -0.1615384615384633, ""hemisphere"": 0.05268859413430041, ""multiplication"": 4.299995231628451}",capitals,continuous_primal_dual_psd,6,0.12814920025076226,0.12814920025076226,0.0,"[0.0, 1.0, 0.0]",primal=Optimization terminated successfully; dual=outer=Optimization terminated successfully; inner=Optimization terminated successfully,1,-143.36370280018502,143.36370280018502,,pythia1b_10x_licenseclean_contcert_20260504_ties_20260504_deep6_licenseclean,pythia1b_10x_licenseclean_contcert_20260504
ties,triple,capitals+hemisphere+nli,1.0930186743156973,0.4022905571465157,0,"[0.3963176959957393, 0.20000000000000007, 0.40368230400426064]","[0.4, 0.2, 0.4]",0.0,"{""capitals"": -0.1615384615384633, ""hemisphere"": -0.33441075627157746, ""nli"": -0.4022905571465157}",nli,continuous_primal_dual_psd,6,1.0930186743156973,1.0930186743156973,0.0,"[0.0, 1.0, 0.0]",primal=Optimization terminated successfully; dual=outer=Optimization terminated successfully; inner=Optimization terminated successfully,1,-131.82962078034538,131.82962078034538,,pythia1b_10x_licenseclean_contcert_20260504_ties_20260504_deep6_licenseclean,pythia1b_10x_licenseclean_contcert_20260504
ties,triple,capitals+hemisphere+subtraction,5.046337311747639,0.31538461538461715,0,"[0.2471303132533062, 0.2, 0.5528696867466938]","[0.4, 0.4, 0.2]",2.8846249213585144,"{""capitals"": -0.31538461538461715, ""hemisphere"": -0.1946241653344916, ""subtraction"": 1.7999618530273764}",capitals,continuous_primal_dual_psd,6,5.046337311747639,5.0463373117468375,8.01136934569513e-13,"[0.0, 0.5152354784247143, 0.48476452157528577]",primal=Optimization terminated successfully; dual=outer=Optimization terminated successfully; inner=Optimization terminated successfully,1,-189.4454248103442,189.4454248103442,,pythia1b_10x_licenseclean_contcert_20260504_ties_20260504_deep6_licenseclean,pythia1b_10x_licenseclean_contcert_20260504
ties,triple,capitals+multiplication+modadd,3.4777671813964597,0.1615384615384633,0,"[0.2, 0.2, 0.6]","[0.4, 0.2, 0.4]",0.5384853803194142,"{""capitals"": -0.1615384615384633, ""modadd"": 0.6888835906982749, ""multiplication"": 5.550000000000033}",capitals,continuous_primal_dual_psd,6,3.4777671813964597,3.4777671813964597,0.0,"[0.0, 0.0, 1.0]",primal=Optimization terminated successfully; dual=outer=Optimization terminated successfully; inner=Optimization terminated successfully,1,-104.16626930236828,109.80088878598751,,pythia1b_10x_licenseclean_contcert_20260504_ties_20260504_deep6_licenseclean,pythia1b_10x_licenseclean_contcert_20260504
ties,triple,capitals+nli+addition,0.4205620082815038,0.4633596468859424,0,"[0.3718677143960385, 0.30983529799588344, 0.3182969876080781]","[0.4, 0.2, 0.4]",0.0,"{""addition"": 0.5500047683716147, ""capitals"": -0.23846153846154022, ""nli"": -0.4633596468859424}",nli,continuous_primal_dual_psd,6,0.4205620082815038,0.4205620082372082,4.4295622725343264e-11,"[0.0, 0.9655381737225924, 0.034461826277407626]",primal=Optimization terminated successfully; dual=outer=Optimization terminated successfully; inner=Optimization terminated successfully,1,-3.338177639672089,3.3381776396720895,,pythia1b_10x_licenseclean_contcert_20260504_ties_20260504_deep6_licenseclean,pythia1b_10x_licenseclean_contcert_20260504
ties,triple,capitals+nli+authors,2.104444211183883,0.6465650815548888,0,"[0.49846578233403027, 0.2000000000000013, 0.30153421766596844]","[0.2, 0.6, 0.2]",1.3034396868166604,"{""authors"": 3.67501668930057, ""capitals"": -0.3923076923076941, ""nli"": -0.6465650815548888}",nli,continuous_primal_dual_psd,6,2.104444211183883,2.104444211183883,0.0,"[5.551115123125783e-17, 0.0, 1.0]",primal=Optimization terminated successfully; dual=outer=Optimization terminated successfully; inner=Optimization terminated successfully,1,-29.095339415657087,29.095339415657087,,pythia1b_10x_licenseclean_contcert_20260504_ties_20260504_deep6_licenseclean,pythia1b_10x_licenseclean_contcert_20260504
ties,triple,capitals+nli+modadd,2.0888835906982157,0.7000238418578775,0,"[0.6, 0.2, 0.19999999999999996]","[0.4, 0.2, 0.4]",1.3888835906982422,"{""capitals"": -0.007692307692309441, ""modadd"": -0.7000238418578775, ""nli"": -0.6389315217770161}",modadd,continuous_primal_dual_psd,6,2.0888835906982157,2.0888835906982157,0.0,"[0.0, 1.6653345369377348e-16, 0.9999999999999998]",primal=Optimization terminated successfully; dual=outer=Optimization terminated successfully; inner=Optimization terminated successfully,1,-34.72208976745602,34.72208976745601,,pythia1b_10x_licenseclean_contcert_20260504_ties_20260504_deep6_licenseclean,pythia1b_10x_licenseclean_contcert_20260504
ties,triple,capitals+nli+multiplication,5.890953004393735,0.4633596468859424,0,"[0.2, 0.2, 0.6]","[0.2, 0.6, 0.2]",0.23664035311402493,"{""capitals"": -0.23846153846154022, ""multiplication"": 5.550000000000033, ""nli"": -0.4633596468859424}",nli,continuous_primal_dual_psd,6,5.890953004393735,5.890953004393735,0.0,"[0.0, 0.0, 1.0]",primal=Optimization terminated successfully; dual=outer=Optimization terminated successfully; inner=Optimization terminated successfully,1,-138.58494163984693,138.58494163984696,,pythia1b_10x_licenseclean_contcert_20260504_ties_20260504_deep6_licenseclean,pythia1b_10x_licenseclean_contcert_20260504
ties,triple,capitals+nli+subtraction,0.4816883481651111,0.5461538461538479,0,"[0.41749582993362533, 0.2000000000000003, 0.3825041700663744]","[0.2, 0.4, 0.4]",0.0,"{""capitals"": -0.5461538461538479, ""nli"": -0.4022905571465157, ""subtraction"": 0.5499809265137046}",capitals,continuous_primal_dual_psd,6,0.4816883481651111,0.4816883481615894,3.521682945262228e-12,"[0.9703550516409238, 4.918258691749468e-16, 0.0296449483590758]",primal=Optimization terminated successfully; dual=outer=Optimization terminated successfully; inner=Optimization terminated successfully,1,-48.168348282875044,48.168348282875044,,pythia1b_10x_licenseclean_contcert_20260504_ties_20260504_deep6_licenseclean,pythia1b_10x_licenseclean_contcert_20260504
ties,triple,capitals+subtraction+modadd,7.644417953491184,0.6999999999999673,0,"[0.2, 0.2, 0.6]","[0.2, 0.2, 0.6]",0.0,"{""capitals"": -0.23846153846154022, ""modadd"": -0.6999999999999673, ""subtraction"": 3.0499666213989585}",modadd,continuous_primal_dual_psd,6,7.644417953491184,7.644417953491184,0.0,"[0.0, 0.0, 1.0]",primal=Optimization terminated successfully; dual=outer=Optimization terminated successfully; inner=Optimization terminated successfully,1,-288.33897565723356,288.33897565723356,,pythia1b_10x_licenseclean_contcert_20260504_ties_20260504_deep6_licenseclean,pythia1b_10x_licenseclean_contcert_20260504
ties,triple,capitals+subtraction+multiplication,1.9844382828385623,0.6999999999999673,0,"[0.39584375900266433, 0.20000000000004453, 0.4041562409972912]","[0.4, 0.2, 0.4]",0.0,"{""capitals"": -0.31538461538461715, ""multiplication"": 5.550000000000033, ""subtraction"": -0.6999999999999673}",subtraction,continuous_primal_dual_psd,6,1.9844382828385623,1.9844382828385623,0.0,"[0.0, 1.0, 0.0]",primal=Optimization terminated successfully; dual=outer=Optimization terminated successfully; inner=Optimization terminated successfully,1,-68.51846148766727,68.51846148766725,,pythia1b_10x_licenseclean_contcert_20260504_ties_20260504_deep6_licenseclean,pythia1b_10x_licenseclean_contcert_20260504
ties,triple,hemisphere+addition+modadd,1.0046015167916131,0.323656379734392,0,"[0.2777477012061097, 0.20000000000006968, 0.5222522987938206]","[0.4, 0.2, 0.4]",0.2580671360059775,"{""addition"": 1.8000095367431967, ""hemisphere"": -0.323656379734392, ""modadd"": 3.4666507720947592}",hemisphere,continuous_primal_dual_psd,6,1.0046015167916131,1.0046015167913571,2.560174294785611e-13,"[0.8108510986595797, 0.18914890134042014, 0.0]",primal=Optimization terminated successfully; dual=outer=Optimization terminated successfully; inner=Optimization terminated successfully,1,-141.5977260261375,141.5977260261375,,pythia1b_10x_licenseclean_contcert_20260504_ties_20260504_deep6_licenseclean,pythia1b_10x_licenseclean_contcert_20260504
ties,triple,hemisphere+addition+multiplication,5.755228835252752,0.323656379734392,0,"[0.2, 0.2, 0.6]","[0.2, 0.2, 0.6]",0.0,"{""addition"": 5.550000000000033, ""hemisphere"": -0.323656379734392, ""multiplication"": 10.54997138977054}",hemisphere,continuous_primal_dual_psd,6,5.755228835252752,5.755228835252752,0.0,"[2.6922908347159975e-15, 0.9999999999999973, 0.0]",primal=Optimization terminated successfully; dual=outer=Optimization terminated successfully; inner=Optimization terminated successfully,1,-387.5976771596361,387.5976771596361,,pythia1b_10x_licenseclean_contcert_20260504_ties_20260504_deep6_licenseclean,pythia1b_10x_licenseclean_contcert_20260504
ties,triple,hemisphere+addition+subtraction,6.320991567213614,0.7107543765371814,0,"[0.20269964307224222, 0.2000000000000125, 0.5973003569277453]","[0.6, 0.2, 0.2]",1.2392503918343678,"{""addition"": 0.5500047683716147, ""hemisphere"": -0.7107543765371814, ""subtraction"": -0.7000238418578775}",hemisphere,continuous_primal_dual_psd,6,6.320991567213614,6.320991567204402,9.212186569129699e-12,"[0.8515978726345854, 0.14840212736541455, 0.0]",primal=Optimization terminated successfully; dual=outer=Optimization terminated successfully; inner=Optimization terminated successfully,1,-413.5024018721668,413.5024018721668,,pythia1b_10x_licenseclean_contcert_20260504_ties_20260504_deep6_licenseclean,pythia1b_10x_licenseclean_contcert_20260504
ties,triple,hemisphere+authors+addition,7.228373671912861,1.9500047683715493,0,"[0.20000000000081022, 0.2, 0.5999999999991897]","[0.2, 0.4, 0.4]",3.3333301544189453,"{""addition"": -1.9500047683715493, ""authors"": -1.9500047683715493, ""hemisphere"": -0.8290349216060731}",addition+authors,continuous_primal_dual_psd,6,7.228373671912861,7.228373671912861,0.0,"[1.0, 0.0, 0.0]",primal=Optimization terminated successfully; dual=outer=Optimization terminated successfully; inner=Optimization terminated successfully,1,-215.31407587464724,215.31407587464724,,pythia1b_10x_licenseclean_contcert_20260504_ties_20260504_deep6_licenseclean,pythia1b_10x_licenseclean_contcert_20260504
ties,triple,hemisphere+authors+modadd,3.491921708047855,0.6999999999999673,0,"[0.20000000000000898, 0.29980890848519315, 0.5001910915147979]","[0.6, 0.2, 0.2]",0.2083420753479004,"{""authors"": -0.6999999999999673, ""hemisphere"": 0.06344026346530916, ""modadd"": 0.6888835906982749}",authors,continuous_primal_dual_psd,6,3.491921708047855,3.4919217080476073,2.4780177909633494e-13,"[0.6399467447760804, 0.36005325522391785, 1.730361584773217e-15]",primal=Optimization terminated successfully; dual=outer=Optimization terminated successfully; inner=Optimization terminated successfully,1,-191.78148435853655,191.78148435853657,,pythia1b_10x_licenseclean_contcert_20260504_ties_20260504_deep6_licenseclean,pythia1b_10x_licenseclean_contcert_20260504
ties,triple,hemisphere+authors+multiplication,8.380004320170368,0.5709677856000956,0,"[0.2000000000006731, 0.2, 0.5999999999993268]","[0.4, 0.4, 0.2]",0.1290335680029887,"{""authors"": 6.175002384185824, ""hemisphere"": -0.5709677856000956, ""multiplication"": 4.299995231628451}",hemisphere,continuous_primal_dual_psd,6,8.380004320170368,8.380004320170361,7.105427357601002e-15,"[0.0, 0.9999999999999987, 1.332267629550186e-15]",primal=Optimization terminated successfully; dual=outer=Optimization terminated successfully; inner=Optimization terminated successfully,1,-200.11740080565227,200.11740080565227,,pythia1b_10x_licenseclean_contcert_20260504_ties_20260504_deep6_licenseclean,pythia1b_10x_licenseclean_contcert_20260504
ties,triple,hemisphere+authors+subtraction,6.275709983150948,1.9500047683715493,0,"[0.2, 0.201395723756651, 0.598604276243349]","[0.2, 0.4, 0.4]",3.3333301544189453,"{""authors"": -1.9500047683715493, ""hemisphere"": -0.3236577333374803, ""subtraction"": -0.6999999999999673}",authors,continuous_primal_dual_psd,6,6.275709983150948,6.275709982274186,8.767617742932998e-10,"[0.2195370313299057, 0.7804629686700942, 0.0]",primal=Positive directional derivative for linesearch; dual=outer=Optimization terminated successfully; inner=Optimization terminated successfully,1,-183.20208927564462,183.20208927564457,,pythia1b_10x_licenseclean_contcert_20260504_ties_20260504_deep6_licenseclean,pythia1b_10x_licenseclean_contcert_20260504
ties,triple,hemisphere+multiplication+modadd,-0.30478884824375074,0.0655933045376796,0,"[0.23885068372866763, 0.20000000000000262, 0.5611493162713297]","[0.2, 0.4, 0.4]",0.1397838837309091,"{""hemisphere"": -0.0655933045376796, ""modadd"": 2.077767181396517, ""multiplication"": 3.050014305114779}",hemisphere,continuous_primal_dual_psd,6,-0.30478884824375074,-0.3047888482437533,2.55351295663786e-15,"[0.1400407245207915, 0.8599592754792086, 0.0]",primal=Optimization terminated successfully; dual=outer=Optimization terminated successfully; inner=Optimization terminated successfully,1,-8.333386315374582,8.333386315374582,,pythia1b_10x_licenseclean_contcert_20260504_ties_20260504_deep6_licenseclean,pythia1b_10x_licenseclean_contcert_20260504
ties,triple,hemisphere+nli+addition,2.443190752396497,0.4634429706714778,0,"[0.2, 0.3357828047381673, 0.4642171952618327]","[0.2, 0.2, 0.6]",2.7365665660716534,"{""addition"": 0.5500047683716147, ""hemisphere"": -0.4634429706714778, ""nli"": -0.4633596468859424}",hemisphere,continuous_primal_dual_psd,6,2.443190752396497,2.443190752389388,7.108980071279802e-12,"[0.9563192282536791, 4.0923895859117263e-16, 0.043680771746320395]",primal=Optimization terminated successfully; dual=outer=Optimization terminated successfully; inner=Optimization terminated successfully,1,-93.17253236635983,93.17253236635983,,pythia1b_10x_licenseclean_contcert_20260504_ties_20260504_deep6_licenseclean,pythia1b_10x_licenseclean_contcert_20260504
ties,triple,hemisphere+nli+authors,3.3997789363117796,0.31290471040338325,0,"[0.3881927691860209, 0.2, 0.4118072308139791]","[0.4, 0.2, 0.4]",0.0,"{""authors"": 1.3833492279053061, ""hemisphere"": -0.31290471040338325, ""nli"": -0.2801529891841068}",hemisphere,continuous_primal_dual_psd,6,3.3997789363117796,3.3997789363117685,1.1102230246251565e-14,"[0.0, 3.71924713249426e-15, 0.9999999999999962]",primal=Optimization terminated successfully; dual=outer=Optimization terminated successfully; inner=Optimization terminated successfully,1,-167.37996155986053,167.37996155986053,,pythia1b_10x_licenseclean_contcert_20260504_ties_20260504_deep6_licenseclean,pythia1b_10x_licenseclean_contcert_20260504
ties,triple,hemisphere+nli+modadd,1.4403011800006444,0.4022905571465157,0,"[0.20000000000011178, 0.23294053973632015, 0.5670594602635681]","[0.2, 0.6, 0.2]",1.686616875409604,"{""hemisphere"": -0.18387249600348285, ""modadd"": 0.6888835906982749, ""nli"": -0.4022905571465157}",nli,continuous_primal_dual_psd,6,1.4403011800006444,1.4403011799938839,6.760592086152428e-12,"[0.4368140027997223, 3.7034821552799774e-16, 0.5631859972002773]",primal=Optimization terminated successfully; dual=outer=Optimization terminated successfully; inner=Optimization terminated successfully,1,-143.10423353492894,144.52967028634512,,pythia1b_10x_licenseclean_contcert_20260504_ties_20260504_deep6_licenseclean,pythia1b_10x_licenseclean_contcert_20260504
ties,triple,hemisphere+nli+multiplication,2.454431207315099,0.2801529891841068,0,"[0.2, 0.20000000000047577, 0.5999999999995242]","[0.2, 0.2, 0.6]",0.0,"{""hemisphere"": -0.20537718826858872, ""multiplication"": 5.550000000000033, ""nli"": -0.2801529891841068}",nli,continuous_primal_dual_psd,6,2.454431207315099,2.454431207315098,8.881784197001252e-16,"[8.326672684688667e-16, 0.0, 0.9999999999999991]",primal=Optimization terminated successfully; dual=outer=Optimization terminated successfully; inner=Optimization terminated successfully,1,-193.82920567746345,193.82920567746342,,pythia1b_10x_licenseclean_contcert_20260504_ties_20260504_deep6_licenseclean,pythia1b_10x_licenseclean_contcert_20260504
ties,triple,hemisphere+nli+subtraction,3.1262388625526105,0.9580671360059735,0,"[0.2, 0.3457770244179207, 0.45422297558207925]","[0.2, 0.4, 0.4]",0.0,"{""hemisphere"": -0.9580671360059735, ""nli"": -0.5244281251089246, ""subtraction"": 0.5499809265137046}",hemisphere,continuous_primal_dual_psd,6,3.1262388625526105,3.12623886255261,4.440892098500626e-16,"[3.330669073875468e-16, 0.0, 0.9999999999999996]",primal=Optimization terminated successfully; dual=outer=Optimization terminated successfully; inner=Optimization terminated successfully,1,-345.971002792614,345.97100279261406,,pythia1b_10x_licenseclean_contcert_20260504_ties_20260504_deep6_licenseclean,pythia1b_10x_licenseclean_contcert_20260504
ties,triple,hemisphere+subtraction+modadd,4.965846827653201,0.7107543765371814,0,"[0.24619263740893615, 0.2, 0.5538073625910638]","[0.2, 0.4, 0.4]",4.989264696949114,"{""hemisphere"": -0.7107543765371814, ""modadd"": 2.077767181396517, ""subtraction"": 3.0499427795410483}",hemisphere,continuous_primal_dual_psd,6,4.965846827653201,4.9658468273701715,2.83029599756901e-10,"[0.5981764708952071, 5.13493383453915e-18, 0.40182352910479296]",primal=Optimization terminated successfully; dual=outer=Optimization terminated successfully; inner=Optimization terminated successfully,1,-231.95629684969305,231.95629684969302,,pythia1b_10x_licenseclean_contcert_20260504_ties_20260504_deep6_licenseclean,pythia1b_10x_licenseclean_contcert_20260504
ties,triple,hemisphere+subtraction+multiplication,-0.10792701718638043,0.1946241653344916,0,"[0.3547711379393634, 0.26557425415592006, 0.3796546079047165]","[0.4, 0.2, 0.4]",0.0,"{""hemisphere"": -0.1946241653344916, ""multiplication"": 6.800004768371615, ""subtraction"": 3.0499427795410483}",hemisphere,continuous_primal_dual_psd,6,-0.10792701718638043,-0.107927017206125,1.9744580970204595e-11,"[0.680027313904611, 0.319972686095389, 8.602890128788301e-18]",primal=Optimization terminated successfully; dual=outer=Optimization terminated successfully; inner=Optimization terminated successfully,1,-121.29819106161543,121.29819106161541,,pythia1b_10x_licenseclean_contcert_20260504_ties_20260504_deep6_licenseclean,pythia1b_10x_licenseclean_contcert_20260504
ties,triple,nli+addition+modadd,11.116626930236801,0.5167945653310517,0,"[0.2, 0.2, 0.6]","[0.2, 0.2, 0.6]",0.0,"{""addition"": 0.5500047683716147, ""modadd"": 2.077767181396517, ""nli"": -0.5167945653310517}",nli,continuous_primal_dual_psd,6,11.116626930236801,11.116626930236801,0.0,"[0.0, 0.0, 1.0]",primal=Optimization terminated successfully; dual=outer=Optimization terminated successfully; inner=Optimization terminated successfully,1,-304.58223646275115,304.68510116526016,,pythia1b_10x_licenseclean_contcert_20260504_ties_20260504_deep6_licenseclean,pythia1b_10x_licenseclean_contcert_20260504
ties,triple,nli+addition+multiplication,2.324989509582488,0.5167945653310517,0,"[0.2, 0.2, 0.6]","[0.6, 0.2, 0.2]",0.1832054346689156,"{""addition"": 0.5500047683716147, ""multiplication"": 8.049961853027376, ""nli"": -0.5167945653310517}",nli,continuous_primal_dual_psd,6,2.324989509582488,2.324989509582488,0.0,"[0.0, 1.0, 0.0]",primal=Optimization terminated successfully; dual=outer=Optimization terminated successfully; inner=Optimization terminated successfully,1,-218.74904632568428,218.74904632568428,,pythia1b_10x_licenseclean_contcert_20260504_ties_20260504_deep6_licenseclean,pythia1b_10x_licenseclean_contcert_20260504
ties,triple,nli+addition+subtraction,1.369421513313494,0.6999999999999982,0,"[0.26303351123751234, 0.2, 0.5369664887624876]","[0.2, 0.4, 0.4]",6.250023841857879,"{""addition"": -0.6999999999999673, ""nli"": -0.6999999999999982, ""subtraction"": -0.6999999999999673}",addition+nli+subtraction,continuous_primal_dual_psd,6,1.369421513313494,1.369421513312163,1.3309353619206377e-12,"[0.8327705940872122, 0.16722940591278773, 0.0]",primal=Optimization terminated successfully; dual=outer=Optimization terminated successfully; inner=Optimization terminated successfully,1,-18.92318631467786,18.92318631467786,,pythia1b_10x_licenseclean_contcert_20260504_ties_20260504_deep6_licenseclean,pythia1b_10x_licenseclean_contcert_20260504
ties,triple,nli+authors+addition,2.945622934552436,0.6999999999999673,0,"[0.3126786898711193, 0.4652557752094623, 0.22206553491941838]","[0.2, 0.4, 0.4]",6.25002384185791,"{""addition"": 0.5500047683716147, ""authors"": -0.6999999999999673, ""nli"": -0.577863043554034}",authors,continuous_primal_dual_psd,6,2.945622934552436,2.94562293452454,2.7895907805941533e-11,"[3.792908370737494e-16, 0.943541984397919, 0.05645801560208067]",primal=Optimization terminated successfully; dual=outer=Optimization terminated successfully; inner=Optimization terminated successfully,1,-115.6731959906438,115.6731959906438,,pythia1b_10x_licenseclean_contcert_20260504_ties_20260504_deep6_licenseclean,pythia1b_10x_licenseclean_contcert_20260504
ties,triple,nli+authors+modadd,4.39854664975474,0.4633596468859424,0,"[0.2, 0.2, 0.6]","[0.2, 0.6, 0.2]",0.17557187489107368,"{""authors"": 2.633353996276888, ""modadd"": 0.6888835906982749, ""nli"": -0.4633596468859424}",nli,continuous_primal_dual_psd,6,4.39854664975474,4.39854664975474,0.0,"[0.0, 1.0, 0.0]",primal=Optimization terminated successfully; dual=outer=Optimization terminated successfully; inner=Optimization terminated successfully,1,-67.54286793751831,69.39219468853732,,pythia1b_10x_licenseclean_contcert_20260504_ties_20260504_deep6_licenseclean,pythia1b_10x_licenseclean_contcert_20260504
ties,triple,nli+authors+multiplication,0.7350434662193767,0.22671745922255285,0,"[0.2, 0.6, 0.19999999999999996]","[0.2, 0.4, 0.4]",0.2900771061084989,"{""authors"": 3.6749928474426596, ""multiplication"": 8.049985694885287, ""nli"": -0.22671745922255285}",nli,continuous_primal_dual_psd,6,0.7350434662193767,0.7350434662193767,0.0,"[6.938893903907228e-18, 1.0, 0.0]",primal=Optimization terminated successfully; dual=outer=Optimization terminated successfully; inner=Optimization terminated successfully,1,-50.27817897048277,50.27817897048276,,pythia1b_10x_licenseclean_contcert_20260504_ties_20260504_deep6_licenseclean,pythia1b_10x_licenseclean_contcert_20260504
ties,triple,nli+authors+subtraction,3.1344807965668817,0.4633596468859424,0,"[0.2000000000009165, 0.2, 0.5999999999990835]","[0.2, 0.2, 0.6]",0.0,"{""authors"": 1.5916674613952964, ""nli"": -0.4633596468859424, ""subtraction"": 0.5499809265137046}",nli,continuous_primal_dual_psd,6,3.1344807965668817,3.1344807965668817,0.0,"[0.0, 5.551115123125783e-17, 1.0]",primal=Optimization terminated successfully; dual=outer=Optimization terminated successfully; inner=Optimization terminated successfully,1,-315.3190135841618,315.31901358416184,,pythia1b_10x_licenseclean_contcert_20260504_ties_20260504_deep6_licenseclean,pythia1b_10x_licenseclean_contcert_20260504
ties,triple,nli+multiplication+modadd,9.489448588489621,0.5167945653310517,0,"[0.2, 0.2, 0.6]","[0.4, 0.4, 0.2]",0.1832054346689156,"{""modadd"": 2.077767181396517, ""multiplication"": 5.550000000000033, ""nli"": -0.5167945653310517}",nli,continuous_primal_dual_psd,6,9.489448588489621,9.489448588489621,0.0,"[0.0, 0.0, 1.0]",primal=Optimization terminated successfully; dual=outer=Optimization terminated successfully; inner=Optimization terminated successfully,1,-216.75753032412968,216.75753032412968,,pythia1b_10x_licenseclean_contcert_20260504_ties_20260504_deep6_licenseclean,pythia1b_10x_licenseclean_contcert_20260504
ties,triple,nli+subtraction+modadd,2.579610966826367,0.6389315217770161,0,"[0.2, 0.20000000000001789, 0.5999999999999821]","[0.4, 0.4, 0.2]",0.061068478222982114,"{""modadd"": 0.6888835906982749, ""nli"": -0.6389315217770161, ""subtraction"": 0.5499570846557944}",nli,continuous_primal_dual_psd,6,2.579610966826367,2.579610966826367,0.0,"[0.0, 1.0, 0.0]",primal=Optimization terminated successfully; dual=outer=Optimization terminated successfully; inner=Optimization terminated successfully,1,-173.16882512003409,173.16882512003406,,pythia1b_10x_licenseclean_contcert_20260504_ties_20260504_deep6_licenseclean,pythia1b_10x_licenseclean_contcert_20260504
ties,triple,nli+subtraction+multiplication,0.45704079787713076,0.2801529891841068,0,"[0.2, 0.3567994406134781, 0.4432005593865218]","[0.2, 0.4, 0.4]",0.0,"{""multiplication"": 5.550000000000033, ""nli"": -0.2801529891841068, ""subtraction"": 0.5499809265137046}",nli,continuous_primal_dual_psd,6,0.45704079787713076,0.45704079787713076,0.0,"[1.0, 0.0, 0.0]",primal=Optimization terminated successfully; dual=outer=Optimization terminated successfully; inner=Optimization terminated successfully,1,-3.2305805035087563,3.2305805035087567,,pythia1b_10x_licenseclean_contcert_20260504_ties_20260504_deep6_licenseclean,pythia1b_10x_licenseclean_contcert_20260504
ties,triple,population+addition+modadd,5.57273596957401,0.5527614468997075,0,"[0.2, 0.2, 0.6]","[0.2, 0.2, 0.6]",0.0,"{""addition"": 0.5500047683716147, ""modadd"": 0.6888835906982749, ""population"": -0.5527614468997075}",population,continuous_primal_dual_psd,6,5.57273596957401,5.57273596957401,0.0,"[0.0, 0.0, 1.0]",primal=Optimization terminated successfully; dual=outer=Optimization terminated successfully; inner=Optimization terminated successfully,1,-123.66455647788419,123.66455647788419,,pythia1b_10x_licenseclean_contcert_20260504_ties_20260504_deep6_licenseclean,pythia1b_10x_licenseclean_contcert_20260504
ties,triple,population+addition+multiplication,1.219046895926184,0.6999999999999673,0,"[0.2339775719458152, 0.20000000000007165, 0.5660224280541132]","[0.2, 0.6, 0.2]",0.40490602102583706,"{""addition"": -0.6999999999999673, ""multiplication"": 5.550000000000033, ""population"": -0.21534072808363983}",addition,continuous_primal_dual_psd,6,1.219046895926184,1.2190468959193175,6.866507362701668e-12,"[0.7297894176752534, 0.0, 0.2702105823247466]",primal=Optimization terminated successfully; dual=outer=Optimization terminated successfully; inner=Optimization terminated successfully,1,-297.5242920187047,297.52429201870467,,pythia1b_10x_licenseclean_contcert_20260504_ties_20260504_deep6_licenseclean,pythia1b_10x_licenseclean_contcert_20260504
ties,triple,population+addition+subtraction,0.3932173774138299,0.8226968635060384,0,"[0.3848165288253734, 0.20000000000001228, 0.4151834711746143]","[0.4, 0.2, 0.4]",0.0,"{""addition"": 1.7999856948852866, ""population"": -0.8226968635060384, ""subtraction"": 1.7999618530273764}",population,continuous_primal_dual_psd,6,0.3932173774138299,0.3932173774138299,0.0,"[1.0, 0.0, 0.0]",primal=Optimization terminated successfully; dual=outer=Optimization terminated successfully; inner=Optimization terminated successfully,1,-168.90952907728027,168.9095290772803,,pythia1b_10x_licenseclean_contcert_20260504_ties_20260504_deep6_licenseclean,pythia1b_10x_licenseclean_contcert_20260504
ties,triple,population+authors+addition,4.879375053566042,1.2276028845318427,0,"[0.2, 0.20000000000006887, 0.5999999999999311]","[0.4, 0.2, 0.4]",4.472416188954453,"{""addition"": -0.6999999999999673, ""authors"": -0.6999999999999673, ""population"": -1.2276028845318427}",population,continuous_primal_dual_psd,6,4.879375053566042,4.879375053566042,0.0,"[1.0, 0.0, 0.0]",primal=Optimization terminated successfully; dual=outer=Optimization terminated successfully; inner=Optimization terminated successfully,1,-130.50554961059532,130.50554961059532,,pythia1b_10x_licenseclean_contcert_20260504_ties_20260504_deep6_licenseclean,pythia1b_10x_licenseclean_contcert_20260504
ties,triple,population+authors+modadd,5.148551558395966,0.7552173535289177,0,"[0.20000000000000376, 0.20000000000002216, 0.5999999999999741]","[0.2, 0.6, 0.2]",0.15312472181894998,"{""authors"": 0.5500047683716147, ""modadd"": 2.077767181396517, ""population"": -0.7552173535289177}",population,continuous_primal_dual_psd,6,5.148551558395966,5.148551558395966,0.0,"[0.0, 1.0, 0.0]",primal=Optimization terminated successfully; dual=outer=Optimization terminated successfully; inner=Optimization terminated successfully,1,-90.87520482025985,92.85082227672318,,pythia1b_10x_licenseclean_contcert_20260504_ties_20260504_deep6_licenseclean,pythia1b_10x_licenseclean_contcert_20260504
ties,triple,population+authors+multiplication,3.6608028988083094,0.5527614468997075,0,"[0.2, 0.2, 0.6]","[0.2, 0.6, 0.2]",4.5222314005428865,"{""authors"": 0.3416626930237143, ""multiplication"": 1.8000095367431967, ""population"": -0.5527614468997075}",population,continuous_primal_dual_psd,6,3.6608028988083094,3.6608028988083094,0.0,"[1.0, 0.0, 0.0]",primal=Optimization terminated successfully; dual=outer=Optimization terminated successfully; inner=Optimization terminated successfully,1,-61.65589548620822,62.61080894938347,,pythia1b_10x_licenseclean_contcert_20260504_ties_20260504_deep6_licenseclean,pythia1b_10x_licenseclean_contcert_20260504
ties,triple,population+authors+subtraction,1.8315830851105541,1.9500047683715493,0,"[0.24598061814913016, 0.2, 0.5540193818508699]","[0.2, 0.2, 0.6]",0.0,"{""authors"": 2.8416483879089682, ""population"": -1.0251527701352485, ""subtraction"": -1.9500047683715493}",subtraction,continuous_primal_dual_psd,6,1.8315830851105541,1.831583085110264,2.902122986370159e-13,"[0.23939448611047076, 0.7606055138895293, 0.0]",primal=Optimization terminated successfully; dual=outer=Optimization terminated successfully; inner=Optimization terminated successfully,1,-39.69088337868052,39.69088337868052,,pythia1b_10x_licenseclean_contcert_20260504_ties_20260504_deep6_licenseclean,pythia1b_10x_licenseclean_contcert_20260504
ties,triple,population+capitals+addition,5.205772415581541,0.7490833791885082,0,"[0.2, 0.2, 0.6]","[0.4, 0.4, 0.2]",1.200921389183041,"{""addition"": 0.5500047683716147, ""capitals"": -0.3923076923076941, ""population"": -0.7490833791885082}",population,continuous_primal_dual_psd,6,5.205772415581541,5.205772415581541,0.0,"[1.0, 5.551115123125783e-17, 0.0]",primal=Optimization terminated successfully; dual=outer=Optimization terminated successfully; inner=Optimization terminated successfully,1,-147.46408662284475,147.46408662284475,,pythia1b_10x_licenseclean_contcert_20260504_ties_20260504_deep6_licenseclean,pythia1b_10x_licenseclean_contcert_20260504
ties,triple,population+capitals+authors,2.4701210631210184,1.0926380723449853,0,"[0.2, 0.22307603818114344, 0.5769239618188565]","[0.2, 0.4, 0.4]",0.20858988096961983,"{""authors"": 0.3416626930237143, ""capitals"": -0.5461538461538479, ""population"": -1.0926380723449853}",population,continuous_primal_dual_psd,6,2.4701210631210184,2.4701210631210184,0.0,"[5.551115123125783e-17, 0.0, 1.0]",primal=Optimization terminated successfully; dual=outer=Optimization terminated successfully; inner=Optimization terminated successfully,1,-63.79322918967446,63.79322918967446,,pythia1b_10x_licenseclean_contcert_20260504_ties_20260504_deep6_licenseclean,pythia1b_10x_licenseclean_contcert_20260504
ties,triple,population+capitals+hemisphere,1.7533060930192526,0.41166266037244054,0,"[0.24478487949713207, 0.20000000000102525, 0.5552151205018427]","[0.4, 0.4, 0.2]",0.13496481218685746,"{""capitals"": -0.23846153846154022, ""hemisphere"": -0.3344080490654007, ""population"": -0.41166266037244054}",population,continuous_primal_dual_psd,6,1.7533060930192526,1.7533060930122477,7.004841151569963e-12,"[0.7000057247679479, 6.467435365465485e-17, 0.299994275232052]",primal=Optimization terminated successfully; dual=outer=Optimization terminated successfully; inner=Optimization terminated successfully,1,-32.1817077654021,32.18170776540211,,pythia1b_10x_licenseclean_contcert_20260504_ties_20260504_deep6_licenseclean,pythia1b_10x_licenseclean_contcert_20260504
ties,triple,population+capitals+modadd,5.520251177394057,0.687732051319181,0,"[0.2, 0.2, 0.6]","[0.2, 0.6, 0.2]",0.2024501143965941,"{""capitals"": -0.23846153846154022, ""modadd"": 3.4666507720947592, ""population"": -0.687732051319181}",population,continuous_primal_dual_psd,6,5.520251177394057,5.520251177394057,0.0,"[1.0, 0.0, 0.0]",primal=Optimization terminated successfully; dual=outer=Optimization terminated successfully; inner=Optimization terminated successfully,1,-118.54182779851182,118.91385558819829,,pythia1b_10x_licenseclean_contcert_20260504_ties_20260504_deep6_licenseclean,pythia1b_10x_licenseclean_contcert_20260504
ties,triple,population+capitals+multiplication,1.5375459274920615,0.687732051319181,0,"[0.25324322642334207, 0.2, 0.5467567735766579]","[0.4, 0.4, 0.2]",1.0920154073387587,"{""capitals"": -0.1615384615384633, ""multiplication"": 3.050014305114779, ""population"": -0.687732051319181}",population,continuous_primal_dual_psd,6,1.5375459274920615,1.5375459274531031,3.895839206791152e-11,"[0.38367296049732597, 0.6163270395026736, 4.478500361358718e-16]",primal=Optimization terminated successfully; dual=outer=Optimization terminated successfully; inner=Optimization terminated successfully,1,-25.583562269334482,25.58356226933448,,pythia1b_10x_licenseclean_contcert_20260504_ties_20260504_deep6_licenseclean,pythia1b_10x_licenseclean_contcert_20260504
ties,triple,population+capitals+nli,1.6050475941184033,0.41166266037244054,0,"[0.42543320318163813, 0.2, 0.3745667968183619]","[0.2, 0.6, 0.2]",0.8159402241594023,"{""capitals"": -0.23846153846154022, ""nli"": -0.287785937445535, ""population"": -0.41166266037244054}",population,continuous_primal_dual_psd,6,1.6050475941184033,1.6050475941184033,0.0,"[1.0, 5.551115123125783e-17, 5.551115123125783e-17]",primal=Optimization terminated successfully; dual=outer=Optimization terminated successfully; inner=Optimization terminated successfully,1,-41.79172990168879,41.79172990168879,,pythia1b_10x_licenseclean_contcert_20260504_ties_20260504_deep6_licenseclean,pythia1b_10x_licenseclean_contcert_20260504
ties,triple,population+capitals+subtraction,0.5629769228962349,0.6141127747690347,0,"[0.33788698739274964, 0.2497857905211574, 0.41232722208609296]","[0.4, 0.4, 0.2]",0.41103999536621383,"{""capitals"": -0.23846153846154022, ""population"": -0.6141127747690347, ""subtraction"": 3.0499427795410483}",population,continuous_primal_dual_psd,6,0.5629769228962349,0.562976922890643,5.591860308129526e-12,"[0.10067903469507541, 0.8993209653049242, 3.3532848535671594e-16]",primal=Optimization terminated successfully; dual=outer=Optimization terminated successfully; inner=Optimization terminated successfully,1,-2.9462782549439472,2.9462782549439477,,pythia1b_10x_licenseclean_contcert_20260504_ties_20260504_deep6_licenseclean,pythia1b_10x_licenseclean_contcert_20260504
ties,triple,population+hemisphere+addition,15.662646981835916,1.0374207188160676,0,"[0.2, 0.20000000000004592, 0.5999999999999541]","[0.6, 0.2, 0.2]",0.9125840495554818,"{""addition"": 3.0499904632568686, ""hemisphere"": -0.3236577333374803, ""population"": -1.0374207188160676}",population,continuous_primal_dual_psd,6,15.662646981835916,15.662646981835767,1.4921397450962104e-13,"[0.0, 0.9999999999999576, 4.2355008389447923e-14]",primal=Optimization terminated successfully; dual=outer=Optimization terminated successfully; inner=Optimization terminated successfully,1,-374.41324013112626,374.41324013112626,,pythia1b_10x_licenseclean_contcert_20260504_ties_20260504_deep6_licenseclean,pythia1b_10x_licenseclean_contcert_20260504
ties,triple,population+hemisphere+authors,6.397710475316905,0.7107557301402698,0,"[0.20000000000020035, 0.2, 0.5999999999997996]","[0.2, 0.2, 0.6]",0.0,"{""authors"": 2.4250119209289878, ""hemisphere"": -0.7107557301402698, ""population"": -0.2766920559529671}",hemisphere,continuous_primal_dual_psd,6,6.397710475316905,6.397710475316905,0.0,"[1.0, 0.0, 0.0]",primal=Optimization terminated successfully; dual=outer=Optimization terminated successfully; inner=Optimization terminated successfully,1,-151.1715898058868,151.1715898058868,,pythia1b_10x_licenseclean_contcert_20260504_ties_20260504_deep6_licenseclean,pythia1b_10x_licenseclean_contcert_20260504
ties,triple,population+hemisphere+modadd,8.566242360728076,0.6141127747690347,0,"[0.2000000000000334, 0.2, 0.5999999999999666]","[0.2, 0.2, 0.6]",0.0,"{""hemisphere"": -0.3344094026684891, ""modadd"": 2.077767181396517, ""population"": -0.6141127747690347}",population,continuous_primal_dual_psd,6,8.566242360728076,8.566242360728076,0.0,"[0.0, 1.0, 0.0]",primal=Optimization terminated successfully; dual=outer=Optimization terminated successfully; inner=Optimization terminated successfully,1,-175.84104704686087,175.84104704686087,,pythia1b_10x_licenseclean_contcert_20260504_ties_20260504_deep6_licenseclean,pythia1b_10x_licenseclean_contcert_20260504
ties,triple,population+hemisphere+multiplication,9.128055047988859,0.45268859413429235,0,"[0.2, 0.2, 0.6]","[0.4, 0.2, 0.4]",0.8362656182668777,"{""hemisphere"": -0.45268859413429235, ""multiplication"": 6.800004768371615, ""population"": -0.0742419415563729}",hemisphere,continuous_primal_dual_psd,6,9.128055047988859,9.128055047988859,0.0,"[0.0, 1.0, 0.0]",primal=Optimization terminated successfully; dual=outer=Optimization terminated successfully; inner=Optimization terminated successfully,1,-351.10049519405356,358.0697768503826,,pythia1b_10x_licenseclean_contcert_20260504_ties_20260504_deep6_licenseclean,pythia1b_10x_licenseclean_contcert_20260504
ties,triple,population+hemisphere+nli,1.5356500151054426,0.6999999999999982,0,"[0.23758898093754277, 0.2, 0.5624110190624572]","[0.2, 0.6, 0.2]",0.19018216571577695,"{""hemisphere"": -0.5817221621372811, ""nli"": -0.6999999999999982, ""population"": -0.687732051319181}",nli,continuous_primal_dual_psd,6,1.5356500151054426,1.5356500151054402,2.4424906541753444e-15,"[0.9635591047510069, 0.03644089524899298, 0.0]",primal=Optimization terminated successfully; dual=outer=Optimization terminated successfully; inner=Optimization terminated successfully,1,-162.97088038064524,162.9708803806452,,pythia1b_10x_licenseclean_contcert_20260504_ties_20260504_deep6_licenseclean,pythia1b_10x_licenseclean_contcert_20260504
ties,triple,population+hemisphere+subtraction,3.6146523038763085,0.7490833791885082,0,"[0.32610073006576523, 0.2, 0.4738992699342348]","[0.4, 0.2, 0.4]",0.0,"{""hemisphere"": -0.4634429706714778, ""population"": -0.7490833791885082, ""subtraction"": -0.6999999999999673}",population,continuous_primal_dual_psd,6,3.6146523038763085,3.6146523038763085,0.0,"[0.0, 1.0, 0.0]",primal=Optimization terminated successfully; dual=outer=Optimization terminated successfully; inner=Optimization terminated successfully,1,-111.3919533143774,111.3919533143774,,pythia1b_10x_licenseclean_contcert_20260504_ties_20260504_deep6_licenseclean,pythia1b_10x_licenseclean_contcert_20260504
ties,triple,population+multiplication+modadd,5.702093658001151,0.7000238418578775,0,"[0.22091390001461356, 0.20000000000045995, 0.5790860999849266]","[0.6, 0.2, 0.2]",0.7423028979839945,"{""modadd"": -0.7000238418578775, ""multiplication"": 3.0499904632568686, ""population"": -0.687732051319181}",modadd,continuous_primal_dual_psd,6,5.702093658001151,5.7020936580011465,4.440892098500626e-15,"[0.0, 1.165734175856413e-15, 0.9999999999999989]",primal=Optimization terminated successfully; dual=outer=Optimization terminated successfully; inner=Optimization terminated successfully,1,-147.31335078921745,147.31335078921745,,pythia1b_10x_licenseclean_contcert_20260504_ties_20260504_deep6_licenseclean,pythia1b_10x_licenseclean_contcert_20260504
ties,triple,population+nli+addition,1.5867428417726166,1.1662573488951316,0,"[0.302229850660694, 0.2000000000000552, 0.4977701493392508]","[0.4, 0.4, 0.2]",0.7837474194764178,"{""addition"": -0.6999999999999673, ""nli"": -0.4633590353694978, ""population"": -1.1662573488951316}",population,continuous_primal_dual_psd,6,1.5867428417726166,1.5867428417605485,1.2068124277675452e-11,"[0.36654737310186397, 0.6334526268981361, 0.0]",primal=Optimization terminated successfully; dual=outer=Optimization terminated successfully; inner=Optimization terminated successfully,1,-51.83940075233368,51.83940075233368,,pythia1b_10x_licenseclean_contcert_20260504_ties_20260504_deep6_licenseclean,pythia1b_10x_licenseclean_contcert_20260504
ties,triple,population+nli+authors,8.067684653234178,0.687732051319181,0,"[0.20000000000000426, 0.2, 0.5999999999999958]","[0.4, 0.4, 0.2]",3.3455981030997317,"{""authors"": 2.4250119209289878, ""nli"": -0.577863043554034, ""population"": -0.687732051319181}",population,continuous_primal_dual_psd,6,8.067684653234178,8.067684653234174,3.552713678800501e-15,"[7.216449660063513e-16, 0.0, 0.9999999999999993]",primal=Optimization terminated successfully; dual=outer=Optimization terminated successfully; inner=Optimization terminated successfully,1,-141.00831556934725,141.2087927646379,,pythia1b_10x_licenseclean_contcert_20260504_ties_20260504_deep6_licenseclean,pythia1b_10x_licenseclean_contcert_20260504
ties,triple,population+nli+modadd,0.5879681422884708,0.687732051319181,0,"[0.3055920018781231, 0.3638932302693722, 0.33051476785250467]","[0.2, 0.4, 0.4]",0.0,"{""modadd"": 2.077767181396517, ""nli"": -0.5244281251089246, ""population"": -0.687732051319181}",population,continuous_primal_dual_psd,6,0.5879681422884708,0.5879681422308296,5.764122512630365e-11,"[0.2515103188740555, 0.7484896811259446, 0.0]",primal=Optimization terminated successfully; dual=outer=Optimization terminated successfully; inner=Optimization terminated successfully,1,-53.519978654382136,53.51997865438214,,pythia1b_10x_licenseclean_contcert_20260504_ties_20260504_deep6_licenseclean,pythia1b_10x_licenseclean_contcert_20260504
ties,triple,population+nli+multiplication,3.6182883603368965,0.6999999999999982,0,"[0.20000000000000248, 0.2, 0.5999999999999975]","[0.2, 0.6, 0.2]",0.3374207188160694,"{""multiplication"": 4.300019073486361, ""nli"": -0.6999999999999982, ""population"": -0.48527614468997077}",nli,continuous_primal_dual_psd,6,3.6182883603368965,3.6182883603368965,0.0,"[1.0, 0.0, 0.0]",primal=Optimization terminated successfully; dual=outer=Optimization terminated successfully; inner=Optimization terminated successfully,1,-49.50978940358684,50.88834969709057,,pythia1b_10x_licenseclean_contcert_20260504_ties_20260504_deep6_licenseclean,pythia1b_10x_licenseclean_contcert_20260504
ties,triple,population+nli+subtraction,8.200028610229465,0.9515334935851024,0,"[0.2, 0.2, 0.6]","[0.2, 0.6, 0.2]",5.998466506414865,"{""nli"": -0.4633596468859424, ""population"": -0.9515334935851024, ""subtraction"": -0.6999999999999673}",population,continuous_primal_dual_psd,6,8.200028610229465,8.200028610229465,0.0,"[0.0, 0.0, 1.0]",primal=Optimization terminated successfully; dual=outer=Optimization terminated successfully; inner=Optimization terminated successfully,1,-125.00047683715846,176.77736964621326,,pythia1b_10x_licenseclean_contcert_20260504_ties_20260504_deep6_licenseclean,pythia1b_10x_licenseclean_contcert_20260504
ties,triple,population+subtraction+modadd,12.199995422365213,0.8901821657157751,0,"[0.2, 0.2, 0.6]","[0.2, 0.2, 0.6]",0.0,"{""modadd"": 0.6888835906982749, ""population"": -0.8901821657157751, ""subtraction"": 0.5499809265137046}",population,continuous_primal_dual_psd,6,12.199995422365213,12.199995422365213,0.0,"[0.0, 1.0, 0.0]",primal=Optimization terminated successfully; dual=outer=Optimization terminated successfully; inner=Optimization terminated successfully,1,-437.50023841860303,437.5002384186031,,pythia1b_10x_licenseclean_contcert_20260504_ties_20260504_deep6_licenseclean,pythia1b_10x_licenseclean_contcert_20260504
ties,triple,population+subtraction+multiplication,5.330578440513286,0.8226968635060384,0,"[0.2, 0.2, 0.6]","[0.4, 0.2, 0.4]",3.627317441608675,"{""multiplication"": 4.299995231628451, ""population"": -0.8226968635060384, ""subtraction"": -0.7000238418578775}",population,continuous_primal_dual_psd,6,5.330578440513286,5.330578440513286,0.0,"[1.0, 0.0, 0.0]",primal=Optimization terminated successfully; dual=outer=Optimization terminated successfully; inner=Optimization terminated successfully,1,-135.39028399056735,135.39028399056735,,pythia1b_10x_licenseclean_contcert_20260504_ties_20260504_deep6_licenseclean,pythia1b_10x_licenseclean_contcert_20260504
ties,triple,sciq+addition+modadd,0.9055861527434135,0.21235380703309506,0,"[0.20000000000001766, 0.3230525907813903, 0.476947409218592]","[0.4, 0.2, 0.4]",0.4811437506445668,"{""addition"": 3.050014305114779, ""modadd"": 0.6888835906982749, ""sciq"": -0.21235380703309506}",sciq,continuous_primal_dual_psd,6,0.9055861527434135,0.905586152709757,3.365652201381408e-11,"[0.6878463350419446, 0.0, 0.3121536649580556]",primal=Optimization terminated successfully; dual=outer=Optimization terminated successfully; inner=Optimization terminated successfully,1,-69.44417953491214,69.44417953491214,,pythia1b_10x_licenseclean_contcert_20260504_ties_20260504_deep6_licenseclean,pythia1b_10x_licenseclean_contcert_20260504
ties,triple,sciq+addition+multiplication,22.575890961029124,0.21235380703309506,0,"[0.20000000000004195, 0.2, 0.599999999999958]","[0.4, 0.4, 0.2]",1.7376509613384543,"{""addition"": 0.5500047683716147, ""multiplication"": 4.300019073486361, ""sciq"": -0.21235380703309506}",sciq,continuous_primal_dual_psd,6,22.575890961029124,22.575890961029103,2.1316282072803006e-14,"[7.771561172376089e-16, 0.9999999999999991, 0.0]",primal=Optimization terminated successfully; dual=outer=Optimization terminated successfully; inner=Optimization terminated successfully,1,-640.9776366969386,640.9776366969387,,pythia1b_10x_licenseclean_contcert_20260504_ties_20260504_deep6_licenseclean,pythia1b_10x_licenseclean_contcert_20260504
ties,triple,sciq+addition+subtraction,1.0340730479305018,0.608972057832358,0,"[0.2, 0.2, 0.6]","[0.4, 0.2, 0.4]",0.09102794216760934,"{""addition"": 3.0499904632568686, ""sciq"": -0.608972057832358, ""subtraction"": 3.0499427795410483}",sciq,continuous_primal_dual_psd,6,1.0340730479305018,1.0340730479305018,0.0,"[1.0, 0.0, 0.0]",primal=Optimization terminated successfully; dual=outer=Optimization terminated successfully; inner=Optimization terminated successfully,1,-26.690788262191006,26.690788262191,,pythia1b_10x_licenseclean_contcert_20260504_ties_20260504_deep6_licenseclean,pythia1b_10x_licenseclean_contcert_20260504
ties,triple,sciq+authors+addition,9.239845194399084,0.15773725007734646,0,"[0.2, 0.2000000000000197, 0.5999999999999803]","[0.4, 0.4, 0.2]",4.083934979689467,"{""addition"": 0.5500047683716147, ""authors"": 0.3416626930237143, ""sciq"": -0.15773725007734646}",sciq,continuous_primal_dual_psd,6,9.239845194399084,9.239845194399084,0.0,"[0.0, 0.0, 1.0]",primal=Optimization terminated successfully; dual=outer=Optimization terminated successfully; inner=Optimization terminated successfully,1,-459.39336803186336,459.39336803186336,,pythia1b_10x_licenseclean_contcert_20260504_ties_20260504_deep6_licenseclean,pythia1b_10x_licenseclean_contcert_20260504
ties,triple,sciq+authors+modadd,2.7306507709789805,0.5998694719604296,0,"[0.2, 0.21569864595157112, 0.5843013540484289]","[0.2, 0.4, 0.4]",3.433460682458483,"{""authors"": 4.924997615814242, ""modadd"": 0.6888835906982749, ""sciq"": -0.5998694719604296}",sciq,continuous_primal_dual_psd,6,2.7306507709789805,2.730650770978949,3.1530333899354446e-14,"[0.0, 0.5144054927844102, 0.4855945072155898]",primal=Optimization terminated successfully; dual=outer=Optimization terminated successfully; inner=Optimization terminated successfully,1,-132.93099029360133,132.93099029360133,,pythia1b_10x_licenseclean_contcert_20260504_ties_20260504_deep6_licenseclean,pythia1b_10x_licenseclean_contcert_20260504
ties,triple,sciq+authors+multiplication,6.835373736314704,0.01859519327629391,0,"[0.2, 0.20000000000002643, 0.5999999999999736]","[0.2, 0.2, 0.6]",0.0,"{""authors"": 2.633342075347933, ""multiplication"": 5.550000000000033, ""sciq"": -0.01859519327629391}",sciq,continuous_primal_dual_psd,6,6.835373736314704,6.835373736314704,0.0,"[0.0, 1.0, 0.0]",primal=Optimization terminated successfully; dual=outer=Optimization terminated successfully; inner=Optimization terminated successfully,1,-161.6115318358864,161.61153183588644,,pythia1b_10x_licenseclean_contcert_20260504_ties_20260504_deep6_licenseclean,pythia1b_10x_licenseclean_contcert_20260504
ties,triple,sciq+authors+subtraction,2.75001095608407,0.7000238418578775,0,"[0.21999984213503065, 0.4199998421350377, 0.36000031572993163]","[0.2, 0.6, 0.2]",1.2499809265136719,"{""authors"": -0.6999999999999673, ""sciq"": -0.10312121398368713, ""subtraction"": -0.7000238418578775}",subtraction,continuous_primal_dual_psd,6,2.75001095608407,2.75001095608407,0.0,"[0.0, 1.0, 0.0]",primal=Optimization terminated successfully; dual=outer=Optimization terminated successfully; inner=Optimization terminated successfully,1,-47.65448836676653,47.654488366766515,,pythia1b_10x_licenseclean_contcert_20260504_ties_20260504_deep6_licenseclean,pythia1b_10x_licenseclean_contcert_20260504
ties,triple,sciq+capitals+addition,1.4854019997916805,0.25136533579457876,0,"[0.2, 0.2, 0.6]","[0.2, 0.2, 0.6]",0.0,"{""addition"": 0.5500047683716147, ""capitals"": -0.1615384615384633, ""sciq"": -0.25136533579457876}",sciq,continuous_primal_dual_psd,6,1.4854019997916805,1.4854019997916805,0.0,"[1.0, 0.0, 0.0]",primal=Optimization terminated successfully; dual=outer=Optimization terminated successfully; inner=Optimization terminated successfully,1,-93.74976158142074,93.74976158142073,,pythia1b_10x_licenseclean_contcert_20260504_ties_20260504_deep6_licenseclean,pythia1b_10x_licenseclean_contcert_20260504
ties,triple,sciq+capitals+authors,3.3029538234381457,0.3059818927503274,0,"[0.2, 0.2, 0.6]","[0.6, 0.2, 0.2]",0.3940181072496399,"{""authors"": 0.3416626930237143, ""capitals"": -0.23846153846154022, ""sciq"": -0.3059818927503274}",sciq,continuous_primal_dual_psd,6,3.3029538234381457,3.3029538234381457,0.0,"[0.0, 0.0, 1.0]",primal=Optimization terminated successfully; dual=outer=Optimization terminated successfully; inner=Optimization terminated successfully,1,-72.87635332415644,79.40703659757357,,pythia1b_10x_licenseclean_contcert_20260504_ties_20260504_deep6_licenseclean,pythia1b_10x_licenseclean_contcert_20260504
ties,triple,sciq+capitals+hemisphere,1.7395229668182157,0.23846153846154022,0,"[0.3518117155891403, 0.2000000000000063, 0.44818828441085334]","[0.4, 0.2, 0.4]",0.0,"{""capitals"": -0.23846153846154022, ""hemisphere"": -0.1946241653344916, ""sciq"": -0.09661877166135059}",capitals,continuous_primal_dual_psd,6,1.7395229668182157,1.7395229668182157,0.0,"[1.1102230246251565e-16, 0.0, 1.0]",primal=Optimization terminated successfully; dual=outer=Optimization terminated successfully; inner=Optimization terminated successfully,1,-7.799810649378561,7.799810649378561,,pythia1b_10x_licenseclean_contcert_20260504_ties_20260504_deep6_licenseclean,pythia1b_10x_licenseclean_contcert_20260504
ties,triple,sciq+capitals+modadd,6.255534362793448,0.01859519327629391,0,"[0.20000000000000728, 0.2, 0.5999999999999928]","[0.4, 0.4, 0.2]",0.542262749922652,"{""capitals"": 0.06923076923076749, ""modadd"": 2.077767181396517, ""sciq"": -0.01859519327629391}",sciq,continuous_primal_dual_psd,6,6.255534362793448,6.255534362793448,0.0,"[0.0, 0.0, 1.0]",primal=Optimization terminated successfully; dual=outer=Optimization terminated successfully; inner=Optimization terminated successfully,1,-181.80722234325037,183.73202905029916,,pythia1b_10x_licenseclean_contcert_20260504_ties_20260504_deep6_licenseclean,pythia1b_10x_licenseclean_contcert_20260504
ties,triple,sciq+capitals+multiplication,2.8759300761791113,0.1615384615384633,0,"[0.2518512396143313, 0.2, 0.5481487603856687]","[0.2, 0.6, 0.2]",0.050815345494631764,"{""capitals"": -0.1615384615384633, ""multiplication"": 5.550000000000033, ""sciq"": -0.01859519327629391}",capitals,continuous_primal_dual_psd,6,2.8759300761791113,2.8759300761791113,0.0,"[0.0, 0.0, 1.0]",primal=Optimization terminated successfully; dual=outer=Optimization terminated successfully; inner=Optimization terminated successfully,1,-91.66677263090082,91.66677263090082,,pythia1b_10x_licenseclean_contcert_20260504_ties_20260504_deep6_licenseclean,pythia1b_10x_licenseclean_contcert_20260504
ties,triple,sciq+capitals+nli,0.6806740523199997,0.4022905571465157,0,"[0.2, 0.2, 0.6]","[0.2, 0.2, 0.6]",0.0,"{""capitals"": -0.23846153846154022, ""nli"": -0.4022905571465157, ""sciq"": -0.35149482210996913}",nli,continuous_primal_dual_psd,6,0.6806740523199997,0.6806740523199997,0.0,"[0.0, 0.0, 1.0]",primal=Optimization terminated successfully; dual=outer=Optimization terminated successfully; inner=Optimization terminated successfully,1,-11.260676745736113,11.260676745736115,,pythia1b_10x_licenseclean_contcert_20260504_ties_20260504_deep6_licenseclean,pythia1b_10x_licenseclean_contcert_20260504
ties,triple,sciq+capitals+subtraction,0.9549340218086669,0.5461538461538479,0,"[0.2, 0.2, 0.6]","[0.2, 0.4, 0.4]",0.14734371152381398,"{""capitals"": -0.5461538461538479, ""sciq"": -0.3059818927503274, ""subtraction"": 0.5499809265137046}",capitals,continuous_primal_dual_psd,6,0.9549340218086669,0.9549340218086669,0.0,"[2.4980018054065963e-15, 0.9999999999999976, 0.0]",primal=Optimization terminated successfully; dual=outer=Optimization terminated successfully; inner=Optimization terminated successfully,1,-22.564483114261094,22.56448311426109,,pythia1b_10x_licenseclean_contcert_20260504_ties_20260504_deep6_licenseclean,pythia1b_10x_licenseclean_contcert_20260504
ties,triple,sciq+hemisphere+addition,9.496715000109065,0.6388810007219133,0,"[0.2, 0.20000000000001422, 0.5999999999999858]","[0.2, 0.2, 0.6]",0.0,"{""addition"": 0.5500047683716147, ""hemisphere"": -0.5817235157403695, ""sciq"": -0.6388810007219133}",sciq,continuous_primal_dual_psd,6,9.496715000109065,9.496715000109065,0.0,"[0.0, 0.0, 1.0]",primal=Optimization terminated successfully; dual=outer=Optimization terminated successfully; inner=Optimization terminated successfully,1,-397.13036293329833,397.1303629332984,,pythia1b_10x_licenseclean_contcert_20260504_ties_20260504_deep6_licenseclean,pythia1b_10x_licenseclean_contcert_20260504
ties,triple,sciq+hemisphere+authors,2.422995385783268,0.11222327899352622,0,"[0.32341559383213186, 0.2, 0.4765844061678681]","[0.4, 0.2, 0.4]",0.0,"{""authors"": 2.4250119209289878, ""hemisphere"": -0.0655933045376796, ""sciq"": -0.11222327899352622}",sciq,continuous_primal_dual_psd,6,2.422995385783268,2.422995385783268,0.0,"[0.0, 1.0, 0.0]",primal=Optimization terminated successfully; dual=outer=Optimization terminated successfully; inner=Optimization terminated successfully,1,-162.8230655800369,162.82306558003688,,pythia1b_10x_licenseclean_contcert_20260504_ties_20260504_deep6_licenseclean,pythia1b_10x_licenseclean_contcert_20260504
ties,triple,sciq+hemisphere+modadd,3.661385625781618,0.20537718826858872,0,"[0.2, 0.2, 0.6]","[0.2, 0.2, 0.6]",0.0,"{""hemisphere"": -0.20537718826858872, ""modadd"": 3.4666507720947592, ""sciq"": -0.1187252004537735}",hemisphere,continuous_primal_dual_psd,6,3.661385625781618,3.661385625781618,0.0,"[0.0, 1.0, 0.0]",primal=Optimization terminated successfully; dual=outer=Optimization terminated successfully; inner=Optimization terminated successfully,1,-178.54059203068107,178.54059203068107,,pythia1b_10x_licenseclean_contcert_20260504_ties_20260504_deep6_licenseclean,pythia1b_10x_licenseclean_contcert_20260504
ties,triple,sciq+hemisphere+multiplication,10.870453488824669,0.45268994773738075,0,"[0.2, 0.2, 0.6]","[0.2, 0.4, 0.4]",2.7473195890057505,"{""hemisphere"": -0.45268994773738075, ""multiplication"": 3.0499904632568686, ""sciq"": -0.05760724289986688}",hemisphere,continuous_primal_dual_psd,6,10.870453488824669,10.870453488824669,0.0,"[0.0, 1.0, 0.0]",primal=Optimization terminated successfully; dual=outer=Optimization terminated successfully; inner=Optimization terminated successfully,1,-208.4463952615061,208.4463952615061,,pythia1b_10x_licenseclean_contcert_20260504_ties_20260504_deep6_licenseclean,pythia1b_10x_licenseclean_contcert_20260504
ties,triple,sciq+hemisphere+nli,16.893175315856915,0.4022899456300711,0,"[0.2, 0.2, 0.6]","[0.4, 0.4, 0.2]",0.6848080511727144,"{""hemisphere"": -0.1946241653344916, ""nli"": -0.4022899456300711, ""sciq"": -0.11222327899352622}",nli,continuous_primal_dual_psd,6,16.893175315856915,16.893175315856915,0.0,"[0.0, 1.0, 0.0]",primal=Optimization terminated successfully; dual=outer=Optimization terminated successfully; inner=Optimization terminated successfully,1,-327.48331022081567,339.40981862411144,,pythia1b_10x_licenseclean_contcert_20260504_ties_20260504_deep6_licenseclean,pythia1b_10x_licenseclean_contcert_20260504
ties,triple,sciq+hemisphere+subtraction,4.061872116403701,0.8290335680029847,0,"[0.2, 0.2, 0.6]","[0.2, 0.4, 0.4]",3.620980737111729,"{""hemisphere"": -0.8290335680029847, ""sciq"": -0.25136533579457876, ""subtraction"": -0.6999999999999673}",hemisphere,continuous_primal_dual_psd,6,4.061872116403701,4.061872116403701,0.0,"[0.0, 1.0, 0.0]",primal=Optimization terminated successfully; dual=outer=Optimization terminated successfully; inner=Optimization terminated successfully,1,-84.05591887209455,84.05591887209455,,pythia1b_10x_licenseclean_contcert_20260504_ties_20260504_deep6_licenseclean,pythia1b_10x_licenseclean_contcert_20260504
ties,triple,sciq+multiplication+modadd,2.7000063578449716,-0.026918777807526342,1,"[0.2, 0.2, 0.6]","[0.4, 0.2, 0.4]",0.23927258484062142,"{""modadd"": 2.077767181396517, ""multiplication"": 4.299995231628451, ""sciq"": 0.026918777807526342}",sciq,continuous_primal_dual_psd,6,2.7000063578449716,2.7000063578449716,0.0,"[0.0, 1.0, 0.0]",primal=Optimization terminated successfully; dual=outer=Optimization terminated successfully; inner=Optimization terminated successfully,1,-108.333704207622,111.18085950406945,,pythia1b_10x_licenseclean_contcert_20260504_ties_20260504_deep6_licenseclean,pythia1b_10x_licenseclean_contcert_20260504
ties,triple,sciq+nli+addition,0.38949576753066073,0.3488550271849617,0,"[0.2, 0.47572983633264, 0.32427016366735995]","[0.2, 0.6, 0.2]",2.8511545095581696,"{""addition"": 0.5500047683716147, ""nli"": -0.3488550271849617, ""sciq"": -0.07321122936995325}",nli,continuous_primal_dual_psd,6,0.38949576753066073,0.38949576753066073,0.0,"[0.0, 1.0, 0.0]",primal=Optimization terminated successfully; dual=outer=Optimization terminated successfully; inner=Optimization terminated successfully,1,-124.99856948934398,124.99856948934398,,pythia1b_10x_licenseclean_contcert_20260504_ties_20260504_deep6_licenseclean,pythia1b_10x_licenseclean_contcert_20260504
ties,triple,sciq+nli+authors,3.4647679065010775,0.5244281251089246,0,"[0.2, 0.2, 0.6]","[0.4, 0.2, 0.4]",0.17557187489104276,"{""authors"": 2.4250119209289878, ""nli"": -0.5244281251089246, ""sciq"": -0.10312121398368713}",nli,continuous_primal_dual_psd,6,3.4647679065010775,3.4647679065010766,8.881784197001252e-16,"[1.6653345369377346e-16, 0.0, 0.9999999999999998]",primal=Optimization terminated successfully; dual=outer=Optimization terminated successfully; inner=Optimization terminated successfully,1,-33.3055780236898,33.3055780236898,,pythia1b_10x_licenseclean_contcert_20260504_ties_20260504_deep6_licenseclean,pythia1b_10x_licenseclean_contcert_20260504
ties,triple,sciq+nli+modadd,0.49045065925790143,0.5244281251089246,0,"[0.41740262049377574, 0.2, 0.3825973795062243]","[0.6, 0.2, 0.2]",0.1755957167489529,"{""modadd"": 2.077767181396517, ""nli"": -0.5244281251089246, ""sciq"": -0.11222327899352622}",nli,continuous_primal_dual_psd,6,0.49045065925790143,0.49045065925790143,0.0,"[0.0, 1.0, 0.0]",primal=Optimization terminated successfully; dual=outer=Optimization terminated successfully; inner=Optimization terminated successfully,1,-19.498287175515465,19.498287175515472,,pythia1b_10x_licenseclean_contcert_20260504_ties_20260504_deep6_licenseclean,pythia1b_10x_licenseclean_contcert_20260504
ties,triple,sciq+nli+multiplication,0.3965953985701087,0.22671745922255285,0,"[0.2, 0.39999999999329205, 0.4000000000067079]","[0.2, 0.4, 0.4]",0.0,"{""multiplication"": 5.550000000000033, ""nli"": -0.22671745922255285, ""sciq"": -0.15773725007734646}",nli,continuous_primal_dual_psd,6,0.3965953985701087,0.3965953985701087,0.0,"[0.0, 1.0, 0.0]",primal=Optimization terminated successfully; dual=outer=Optimization terminated successfully; inner=Optimization terminated successfully,1,-1.442702480964574,1.4427024809645743,,pythia1b_10x_licenseclean_contcert_20260504_ties_20260504_deep6_licenseclean,pythia1b_10x_licenseclean_contcert_20260504
ties,triple,sciq+nli+subtraction,0.5010588068953107,0.4022905571465157,0,"[0.28697324926020784, 0.20000000000002077, 0.5130267507397714]","[0.2, 0.6, 0.2]",0.17557248640751827,"{""nli"": -0.4022905571465157, ""sciq"": -0.26697036398884366, ""subtraction"": 0.5499809265137046}",nli,continuous_primal_dual_psd,6,0.5010588068953107,0.5010588068946795,6.311617894994015e-13,"[0.2432730276041742, 0.7567269723958255, 2.1466864202034086e-16]",primal=Optimization terminated successfully; dual=outer=Optimization terminated successfully; inner=Optimization terminated successfully,1,-125.00047683715799,125.00047683715798,,pythia1b_10x_licenseclean_contcert_20260504_ties_20260504_deep6_licenseclean,pythia1b_10x_licenseclean_contcert_20260504
ties,triple,sciq+population+addition,6.314352852897347,0.7936280857172308,0,"[0.2, 0.2, 0.6]","[0.2, 0.2, 0.6]",0.0,"{""addition"": -0.6999999999999673, ""population"": -0.7613513278693272, ""sciq"": -0.7936280857172308}",sciq,continuous_primal_dual_psd,6,6.314352852897347,6.314352852897347,0.0,"[0.0, 1.0, 0.0]",primal=Optimization terminated successfully; dual=outer=Optimization terminated successfully; inner=Optimization terminated successfully,1,-189.7203254482237,189.72032544822372,,pythia1b_10x_licenseclean_contcert_20260504_ties_20260504_deep6_licenseclean,pythia1b_10x_licenseclean_contcert_20260504
ties,triple,sciq+population+authors,1.6772996195377217,1.9500047683715493,0,"[0.20000000000000945, 0.3716052371504904, 0.4283947628495002]","[0.2, 0.4, 0.4]",0.0,"{""authors"": -1.9500047683715493, ""population"": -0.48527614468997077, ""sciq"": -0.2422617081984719}",authors,continuous_primal_dual_psd,6,1.6772996195377217,1.6772996195376857,3.597122599785507e-14,"[2.7184265295820873e-16, 0.2949871010007788, 0.7050128989992209]",primal=Optimization terminated successfully; dual=outer=Optimization terminated successfully; inner=Optimization terminated successfully,1,-6.144413832195802,6.144413832195803,,pythia1b_10x_licenseclean_contcert_20260504_ties_20260504_deep6_licenseclean,pythia1b_10x_licenseclean_contcert_20260504
ties,triple,sciq+population+capitals,0.8614796773671438,0.1615384615384633,0,"[0.24836479449190602, 0.26056399051576307, 0.49107121499233086]","[0.2, 0.4, 0.4]",1.2133029760936722,"{""capitals"": -0.1615384615384633, ""population"": -0.1478554258739031, ""sciq"": -0.15773725007734646}",capitals,continuous_primal_dual_psd,6,0.8614796773671438,0.8614796773671385,5.329070518200751e-15,"[0.0, 0.5601368521092709, 0.43986314789072917]",primal=Optimization terminated successfully; dual=outer=Optimization terminated successfully; inner=Optimization terminated successfully,1,-34.73072509208628,34.73072509208628,,pythia1b_10x_licenseclean_contcert_20260504_ties_20260504_deep6_licenseclean,pythia1b_10x_licenseclean_contcert_20260504
ties,triple,sciq+population+hemisphere,4.3013697642656386,0.8226968635060384,0,"[0.2, 0.392914352844253, 0.4070856471557469]","[0.4, 0.2, 0.4]",0.3435604853890931,"{""hemisphere"": -0.7107543765371814, ""population"": -0.8226968635060384, ""sciq"": -0.09661877166135059}",population,continuous_primal_dual_psd,6,4.3013697642656386,4.3013697642656386,0.0,"[0.0, 0.0, 1.0]",primal=Optimization terminated successfully; dual=outer=Optimization terminated successfully; inner=Optimization terminated successfully,1,-168.1129307427833,168.1129307427833,,pythia1b_10x_licenseclean_contcert_20260504_ties_20260504_deep6_licenseclean,pythia1b_10x_licenseclean_contcert_20260504
ties,triple,sciq+population+modadd,3.4777671813971676,0.8901821657157751,0,"[0.2, 0.2000000000000157, 0.5999999999999843]","[0.2, 0.2, 0.6]",0.0,"{""modadd"": 0.6888835906982749, ""population"": -0.8901821657157751, ""sciq"": -0.15773725007734646}",population,continuous_primal_dual_psd,6,3.4777671813971676,3.4777671813971676,0.0,"[0.0, 0.0, 1.0]",primal=Optimization terminated successfully; dual=outer=Optimization terminated successfully; inner=Optimization terminated successfully,1,-118.54862979798474,120.28084724440285,,pythia1b_10x_licenseclean_contcert_20260504_ties_20260504_deep6_licenseclean,pythia1b_10x_licenseclean_contcert_20260504
ties,triple,sciq+population+multiplication,2.4751450113164846,0.8901821657157751,0,"[0.32289669513782016, 0.2, 0.4771033048621798]","[0.2, 0.2, 0.6]",0.4233137362796491,"{""multiplication"": 6.799980926513705, ""population"": -0.8901821657157751, ""sciq"": -0.01859519327629391}",population,continuous_primal_dual_psd,6,2.4751450113164846,2.4751450113164846,0.0,"[0.0, 1.0, 0.0]",primal=Optimization terminated successfully; dual=outer=Optimization terminated successfully; inner=Optimization terminated successfully,1,-29.70225331355616,29.702253313556163,,pythia1b_10x_licenseclean_contcert_20260504_ties_20260504_deep6_licenseclean,pythia1b_10x_licenseclean_contcert_20260504
ties,triple,sciq+population+nli,0.6921846054758696,0.687732051319181,0,"[0.2189772400093743, 0.30240334797880475, 0.478619412011821]","[0.2, 0.4, 0.4]",0.0,"{""nli"": -0.5244281251089246, ""population"": -0.687732051319181, ""sciq"": -0.26697036398884366}",population,continuous_primal_dual_psd,6,0.6921846054758696,0.6921846054726347,3.2348568268503186e-12,"[0.3834908691835874, 0.14831572708022492, 0.46819340373618773]",primal=Optimization terminated successfully; dual=outer=Optimization terminated successfully; inner=Optimization terminated successfully,1,-7.485889839791458,7.485889839791458,,pythia1b_10x_licenseclean_contcert_20260504_ties_20260504_deep6_licenseclean,pythia1b_10x_licenseclean_contcert_20260504
ties,triple,sciq+population+subtraction,2.0985430970250665,1.239876625445278,0,"[0.44668576429631157, 0.24848082334051025, 0.3048334123631782]","[0.6, 0.2, 0.2]",3.2101376796694354,"{""population"": -1.239876625445278, ""sciq"": -0.3905063508714528, ""subtraction"": 0.5499809265137046}",population,continuous_primal_dual_psd,6,2.0985430970250665,2.098543097025062,4.440892098500626e-15,"[0.0, 0.5592708861346354, 0.4407291138653645]",primal=Optimization terminated successfully; dual=outer=Optimization terminated successfully; inner=Optimization terminated successfully,1,-49.80910529288634,49.80910529288634,,pythia1b_10x_licenseclean_contcert_20260504_ties_20260504_deep6_licenseclean,pythia1b_10x_licenseclean_contcert_20260504
ties,triple,sciq+subtraction+modadd,2.3480310551281875,0.1187252004537735,0,"[0.3851948428443023, 0.2, 0.41480515715569766]","[0.2, 0.6, 0.2]",0.5812747995461938,"{""modadd"": 0.6888597488403647, ""sciq"": -0.1187252004537735, ""subtraction"": 0.5499809265137046}",sciq,continuous_primal_dual_psd,6,2.3480310551281875,2.3480310551281875,0.0,"[0.0, 1.0, 0.0]",primal=Optimization terminated successfully; dual=outer=Optimization terminated successfully; inner=Optimization terminated successfully,1,-129.37721055301682,129.37721055301682,,pythia1b_10x_licenseclean_contcert_20260504_ties_20260504_deep6_licenseclean,pythia1b_10x_licenseclean_contcert_20260504
ties,triple,sciq+subtraction+multiplication,13.780250402761226,0.15123480775500991,0,"[0.2, 0.2, 0.6]","[0.6, 0.2, 0.2]",1.7987699606165395,"{""multiplication"": 4.299995231628451, ""sciq"": -0.15123480775500991, ""subtraction"": 0.5499809265137046}",sciq,continuous_primal_dual_psd,6,13.780250402761226,13.780250402761226,0.0,"[0.0, 1.0, 0.0]",primal=Optimization terminated successfully; dual=outer=Optimization terminated successfully; inner=Optimization terminated successfully,1,-415.0025150872996,415.0025150872997,,pythia1b_10x_licenseclean_contcert_20260504_ties_20260504_deep6_licenseclean,pythia1b_10x_licenseclean_contcert_20260504
ties,triple,subtraction+multiplication+modadd,0.9187637743752153,-0.5499809265137046,1,"[0.2892309397586098, 0.2948554563204118, 0.4159136039209783]","[0.2, 0.6, 0.2]",1.2499809265136719,"{""modadd"": 0.6888835906982749, ""multiplication"": 5.5499761581421225, ""subtraction"": 0.5499809265137046}",subtraction,continuous_primal_dual_psd,6,0.9187637743752153,0.9187637743751882,2.708944180085382e-14,"[0.29911225551422516, 3.3644199089758254e-16, 0.7008877444857745]",primal=Optimization terminated successfully; dual=outer=Optimization terminated successfully; inner=Optimization terminated successfully,1,-77.25454329530749,77.25454329530746,,pythia1b_10x_licenseclean_contcert_20260504_ties_20260504_deep6_licenseclean,pythia1b_10x_licenseclean_contcert_20260504
