method,query_kind,adapters,predicted_score,heldout_score,feasible,predicted_weights,heldout_weights,coefficient_regret,margins,obstructing_tasks,certificate_type,grid_points,primal_upper,dual_lower,certificate_gap,dual_weights,certificate_message,psd_projected,quadratic_min_eigenvalue,quadratic_psd_adjustment,error,slice_id
dare_linear,pair,lhong4759_f68c5c87_934d_4399_b+tuanna08go_6af2bb68_a65f_4331,14.905205499776184,-0.1,1,"[0.4681862916228865, 0.5318137083771135]","[0.2, 0.8]",22.025953102111785,"{""lhong4759_f68c5c87_934d_4399_b"": 19.997116851806673, ""tuanna08go_6af2bb68_a65f_4331"": 0.1}",tuanna08go_6af2bb68_a65f_4331,continuous_primal_dual_psd,4,14.905205499776184,14.905205499776184,0.0,"[0.0, 1.0]",primal=Optimization terminated successfully; dual=outer=Optimization terminated successfully; inner=Optimization terminated successfully,0,201.10353827476493,0.0,,qwen25_real_m50_balanced_random_seed20260503_dare_linear_e8_dare_linear
dare_linear,pair,versil91_e9f26c47_9b78_4e3f_81+cunghoctienganh_b7496e73_1762,-2.016668925960829,3.910234642028776,0,"[0.6384355220966224, 0.36156447790337765]","[0.8, 0.2]",2.215909957885742,"{""cunghoctienganh_b7496e73_1762"": -3.910234642028776, ""versil91_e9f26c47_9b78_4e3f_81"": 1.6333358764648551}",cunghoctienganh_b7496e73_1762,continuous_primal_dual_psd,4,-2.016668925960829,-2.016668925960829,0.0,"[1.0, 0.0]",primal=Optimization terminated successfully; dual=outer=Optimization terminated successfully; inner=Optimization terminated successfully,0,190.72442556935468,0.0,,qwen25_real_m50_balanced_random_seed20260503_dare_linear_e8_dare_linear
dare_linear,pair,chauhoang_2aa4f343_5524_f86e_b+mrhungddddh_911f6275_22fd_4f41,20.983164183756177,29.97083969116208,0,"[0.3014507236018523, 0.6985492763981477]","[0.4, 0.6]",0.0,"{""chauhoang_2aa4f343_5524_f86e_b"": -29.970839691162077, ""mrhungddddh_911f6275_22fd_4f41"": -23.09582538604733}",chauhoang_2aa4f343_5524_f86e_b,continuous_primal_dual_psd,4,20.983164183756177,20.983164183756134,3.907985046680551e-14,"[0.45891272098583186, 0.5410872790141681]",primal=Optimization terminated successfully; dual=outer=Optimization terminated successfully; inner=Optimization terminated successfully,0,184.08551812171933,0.0,,qwen25_real_m50_balanced_random_seed20260503_dare_linear_e8_dare_linear
dare_linear,pair,versil91_01a5620a_fb5f_4bab_94+mrhungddddh_9b1deaac_4565_48f2,3.0825997146306463,5.5396426166459625,0,"[0.688884441104262, 0.31111555889573805]","[0.4, 0.6]",6.025747684104737,"{""mrhungddddh_9b1deaac_4565_48f2"": -1.8298179626464517, ""versil91_01a5620a_fb5f_4bab_94"": -5.5396426166459625}",versil91_01a5620a_fb5f_4bab_94,continuous_primal_dual_psd,4,3.0825997146306463,3.0825997146306463,0.0,"[0.0, 1.0]",primal=Optimization terminated successfully; dual=outer=Optimization terminated successfully; inner=Optimization terminated successfully,0,158.69567786363612,0.0,,qwen25_real_m50_balanced_random_seed20260503_dare_linear_e8_dare_linear
dare_linear,pair,tuanna08go_c1cf0152_7ae6_43b6+phungkhaccuong_a992b7f5_9d18_c,13.369020295143129,3.5125047683715493,0,"[0.7999999999999996, 0.2000000000000004]","[0.8, 0.2]",0.0,"{""phungkhaccuong_a992b7f5_9d18_c"": -3.5125047683715493, ""tuanna08go_c1cf0152_7ae6_43b6"": 3.007754611969027}",phungkhaccuong_a992b7f5_9d18_c,continuous_primal_dual_psd,4,13.369020295143129,13.369020295143129,0.0,"[0.0, 1.0]",primal=Optimization terminated successfully; dual=outer=Optimization terminated successfully; inner=Optimization terminated successfully,1,-23.83843064308174,23.83843064308174,,qwen25_real_m50_balanced_random_seed20260503_dare_linear_e8_dare_linear
dare_linear,pair,thaffggg_8a78a9b2_d3fa_4615_b8+cunghoctienganh_c1cf0152_7ae6,5.225179785086809,7.887497615814176,0,"[0.29105957079391154, 0.7089404292060885]","[0.2, 0.8]",0.0,"{""cunghoctienganh_c1cf0152_7ae6"": -3.2000095367431314, ""thaffggg_8a78a9b2_d3fa_4615_b8"": -7.887497615814176}",thaffggg_8a78a9b2_d3fa_4615_b8,continuous_primal_dual_psd,4,5.225179785086809,5.225179785086805,3.552713678800501e-15,"[0.3872495209591129, 0.6127504790408872]",primal=Optimization terminated successfully; dual=outer=Optimization terminated successfully; inner=Optimization terminated successfully,0,156.58717768998767,0.0,,qwen25_real_m50_balanced_random_seed20260503_dare_linear_e8_dare_linear
dare_linear,pair,nhoxinh_0c66c9c5_5cc2_46a8_9db+mrhunghddddd_d692685b_fdb4_477,74.64709110260011,11.877873611450164,0,"[0.2, 0.8]","[0.8, 0.2]",26.322126388549805,"{""mrhunghddddd_d692685b_fdb4_477"": -5.908337306976286, ""nhoxinh_0c66c9c5_5cc2_46a8_9db"": -11.877873611450163}",nhoxinh_0c66c9c5_5cc2_46a8_9db,continuous_primal_dual_psd,4,74.64709110260011,74.64709110260011,0.0,"[0.0, 1.0]",primal=Optimization terminated successfully; dual=outer=Optimization terminated successfully; inner=Optimization terminated successfully,1,-496.3307082653045,496.3307082653045,,qwen25_real_m50_balanced_random_seed20260503_dare_linear_e8_dare_linear
dare_linear,pair,nhung02_db2c9545_4607_487b_9cc+adammandic87_f28f18cf_4abb_4db,11.32781691551201,13.455703926086391,0,"[0.2, 0.8]","[0.2, 0.8]",0.0,"{""adammandic87_f28f18cf_4abb_4db"": -10.595110130310026, ""nhung02_db2c9545_4607_487b_9cc"": -13.455703926086393}",nhung02_db2c9545_4607_487b_9cc,continuous_primal_dual_psd,4,11.32781691551201,11.32781691551201,0.0,"[1.0, 0.0]",primal=Optimization terminated successfully; dual=outer=Optimization terminated successfully; inner=Optimization terminated successfully,0,447.9168355464933,0.0,,qwen25_real_m50_balanced_random_seed20260503_dare_linear_e8_dare_linear
dare_linear,pair,nbninh_a1f78795_1b61_4923_9235+datlaaaaaaa_0dbe42c8_b07b_4785,39.34608435494848,62.66968555450436,0,"[0.6742020087010887, 0.3257979912989113]","[0.6, 0.4]",0.0,"{""datlaaaaaaa_0dbe42c8_b07b_4785"": -41.00449390411374, ""nbninh_a1f78795_1b61_4923_9235"": -62.66968555450436}",nbninh_a1f78795_1b61_4923_9235,continuous_primal_dual_psd,4,39.34608435494848,39.34608435494848,0.0,"[0.0, 1.0]",primal=Optimization terminated successfully; dual=outer=Optimization terminated successfully; inner=Optimization terminated successfully,1,-9.91597771644586,9.91597771644586,,qwen25_real_m50_balanced_random_seed20260503_dare_linear_e8_dare_linear
dare_linear,pair,duyphu_7aba420b_74ac_4209_b514+chauhoang_4909ad74_a335_4972_9,68.9500088215009,44.95263404846188,0,"[0.20000000000006052, 0.7999999999999394]","[0.6, 0.4]",10.485851764678957,"{""chauhoang_4909ad74_a335_4972_9"": -17.505064678192106, ""duyphu_7aba420b_74ac_4209_b514"": -44.95263404846188}",duyphu_7aba420b_74ac_4209_b514,continuous_primal_dual_psd,4,68.9500088215009,68.9500088215009,0.0,"[0.0, 1.0]",primal=Optimization terminated successfully; dual=outer=Optimization terminated successfully; inner=Optimization terminated successfully,1,-536.4589393138884,536.4589393138884,,qwen25_real_m50_balanced_random_seed20260503_dare_linear_e8_dare_linear
dare_linear,pair,laquythang_8444c3be_8779_4769+duyphu_4909ad74_a335_4972_9ed8,69.46318395137786,62.0250374794006,0,"[0.2, 0.8]","[0.2, 0.8]",0.0,"{""duyphu_4909ad74_a335_4972_9ed8"": -62.0250374794006, ""laquythang_8444c3be_8779_4769"": -39.76249999999997}",duyphu_4909ad74_a335_4972_9ed8,continuous_primal_dual_psd,4,69.46318395137786,69.46318395137786,0.0,"[1.0, 0.0]",primal=Optimization terminated successfully; dual=outer=Optimization terminated successfully; inner=Optimization terminated successfully,1,-697.9165971279144,697.9165971279144,,qwen25_real_m50_balanced_random_seed20260503_dare_linear_e8_dare_linear
dare_linear,pair,nbninh_c4ae10ba_efe4_401e_8dd7+nblinh63_0eb73af3_0631_437a_ad,0.2562551297204551,2.994588088989225,0,"[0.8, 0.19999999999999996]","[0.8, 0.2]",0.0,"{""nblinh63_0eb73af3_0631_437a_ad"": 13.401850986480746, ""nbninh_c4ae10ba_efe4_401e_8dd7"": -2.994588088989225}",nbninh_c4ae10ba_efe4_401e_8dd7,continuous_primal_dual_psd,4,0.2562551297204551,0.2562551297204551,0.0,"[1.0, 0.0]",primal=Optimization terminated successfully; dual=outer=Optimization terminated successfully; inner=Optimization terminated successfully,1,-5.468762572844263,5.468762572844263,,qwen25_real_m50_balanced_random_seed20260503_dare_linear_e8_dare_linear
dare_linear,pair,nbninh_0d8b128b_8753_46c3_b80f+thaffggg_8c87f3d3_d4bb_475a_a8,54.19621057510489,16.173484992980924,0,"[0.2000000000000046, 0.7999999999999954]","[0.8, 0.2]",31.78759813308716,"{""nbninh_0d8b128b_8753_46c3_b80f"": 4.195842075347933, ""thaffggg_8c87f3d3_d4bb_475a_a8"": -16.173484992980924}",thaffggg_8c87f3d3_d4bb_475a_a8,continuous_primal_dual_psd,4,54.19621057510489,54.19621057510489,0.0,"[1.0, 0.0]",primal=Optimization terminated successfully; dual=outer=Optimization terminated successfully; inner=Optimization terminated successfully,1,-541.6667461395266,541.6667461395266,,qwen25_real_m50_balanced_random_seed20260503_dare_linear_e8_dare_linear
dare_linear,pair,nhoxinh_9214fc0d_4490_4bdd_9ff+mrhunghd_9e58333c_df22_4a00_9c,48.21010365437741,40.933826637268034,0,"[0.5143395848340208, 0.48566041516597924]","[0.6, 0.4]",0.0,"{""mrhunghd_9e58333c_df22_4a00_9c"": -31.741681766509977, ""nhoxinh_9214fc0d_4490_4bdd_9ff"": -40.933826637268034}",nhoxinh_9214fc0d_4490_4bdd_9ff,continuous_primal_dual_psd,4,48.21010365437741,48.21010365437741,0.0,"[1.0, 0.0]",primal=Optimization terminated successfully; dual=outer=Optimization terminated successfully; inner=Optimization terminated successfully,0,345.05188465118414,0.0,,qwen25_real_m50_balanced_random_seed20260503_dare_linear_e8_dare_linear
dare_linear,pair,taronklm_trained_model+mrhungddddh_fe499423_02f3_4cfd,12.472195687623469,-0.6484987704934314,1,"[0.568379165191868, 0.43162083480813196]","[0.8, 0.2]",0.295483003412427,"{""mrhungddddh_fe499423_02f3_4cfd"": 15.393754768371615, ""taronklm_trained_model"": 0.6484987704934314}",taronklm_trained_model,continuous_primal_dual_psd,4,12.472195687623469,12.472195687623469,0.0,"[1.0, 0.0]",primal=Optimization terminated successfully; dual=outer=Optimization terminated successfully; inner=Optimization terminated successfully,0,37.6421213150024,0.0,,qwen25_real_m50_balanced_random_seed20260503_dare_linear_e8_dare_linear
dare_linear,pair,tuanna08go_7647f014_8af3_4266+hongngo_687b8c72_c89b_4cb7_b7c,24.2416507720947,3.2378704071044595,0,"[0.2, 0.8]","[0.8, 0.2]",12.620925903320312,"{""hongngo_687b8c72_c89b_4cb7_b7c"": -3.2378704071044595, ""tuanna08go_7647f014_8af3_4266"": -0.22337161009247866}",hongngo_687b8c72_c89b_4cb7_b7c,continuous_primal_dual_psd,4,24.2416507720947,24.2416507720947,0.0,"[0.0, 1.0]",primal=Optimization terminated successfully; dual=outer=Optimization terminated successfully; inner=Optimization terminated successfully,1,-348.9580750465392,348.9580750465392,,qwen25_real_m50_balanced_random_seed20260503_dare_linear_e8_dare_linear
dare_linear,pair,laquythang_efe15045_778f_4dfa+versil91_63cd5c4a_5a68_4c25_bd,-2.57045355837231,1.126137447357145,0,"[0.28449081006210547, 0.7155091899378945]","[0.4, 0.6]",0.0923871935305671,"{""laquythang_efe15045_778f_4dfa"": -1.126137447357145, ""versil91_63cd5c4a_5a68_4c25_bd"": -0.07037413798217693}",laquythang_efe15045_778f_4dfa,continuous_primal_dual_psd,4,-2.57045355837231,-2.57045355837231,0.0,"[0.0, 1.0]",primal=Optimization terminated successfully; dual=outer=Optimization terminated successfully; inner=Optimization terminated successfully,0,171.29056405276353,0.0,,qwen25_real_m50_balanced_random_seed20260503_dare_linear_e8_dare_linear
dare_linear,pair,cunghoctienganh_4909ad74_a335+nhoxinh_2f944a50_cbd3_4334_af8,38.58808078552536,28.462234210967985,0,"[0.4325255360295631, 0.5674744639704369]","[0.4, 0.6]",0.0,"{""cunghoctienganh_4909ad74_a335"": -17.991676998138395, ""nhoxinh_2f944a50_cbd3_4334_af8"": -28.462234210967985}",nhoxinh_2f944a50_cbd3_4334_af8,continuous_primal_dual_psd,4,38.58808078552536,38.58808078552536,0.0,"[0.9999999999999997, 3.33066907387547e-16]",primal=Optimization terminated successfully; dual=outer=Optimization terminated successfully; inner=Optimization terminated successfully,0,165.65576195716827,0.0,,qwen25_real_m50_balanced_random_seed20260503_dare_linear_e8_dare_linear
dare_linear,pair,datlaaaaaaa_cc1f8701_0976_4f48+versil91_121ef6e9_0ded_4fc3_8c,7.316475582122774,8.408334922790495,0,"[0.2, 0.8]","[0.2, 0.8]",0.0,"{""datlaaaaaaa_cc1f8701_0976_4f48"": -7.366648387908903, ""versil91_121ef6e9_0ded_4fc3_8c"": -8.408334922790495}",versil91_121ef6e9_0ded_4fc3_8c,continuous_primal_dual_psd,4,7.316475582122774,7.316475582122774,0.0,"[1.0, 0.0]",primal=Optimization terminated successfully; dual=outer=Optimization terminated successfully; inner=Optimization terminated successfully,1,-18.438845872879103,18.438845872879103,,qwen25_real_m50_balanced_random_seed20260503_dare_linear_e8_dare_linear
dare_linear,pair,adammandic87_3d7a58a6_4380_4e3+phungkhaccuong_731c6dec_a942_4,-0.1631226488403396,-4.219862747192416,1,"[0.6761216334526914, 0.3238783665473086]","[0.6, 0.4]",0.0,"{""adammandic87_3d7a58a6_4380_4e3"": 8.53879146575931, ""phungkhaccuong_731c6dec_a942_4"": 4.2198627471924155}",phungkhaccuong_731c6dec_a942_4,continuous_primal_dual_psd,4,-0.1631226488403396,-0.1631226488413141,9.744982598647312e-13,"[0.7809122807065232, 0.21908771929347678]",primal=Optimization terminated successfully; dual=outer=Optimization terminated successfully; inner=Optimization terminated successfully,0,14.59112911464022,0.0,,qwen25_real_m50_balanced_random_seed20260503_dare_linear_e8_dare_linear
dare_linear,pair,duyphu_0112d9da_9934_4614_b233+denbeo_d9ae91c0_fed9_4fb4_8ddd,71.50505513415716,44.4980771064758,0,"[0.58543142687127, 0.41456857312872997]","[0.6, 0.4]",0.0,"{""denbeo_d9ae91c0_fed9_4fb4_8ddd"": -24.57820482254025, ""duyphu_0112d9da_9934_4614_b233"": -44.4980771064758}",duyphu_0112d9da_9934_4614_b233,continuous_primal_dual_psd,4,71.50505513415716,71.50505513415716,0.0,"[0.0, 1.0]",primal=Optimization terminated successfully; dual=outer=Optimization terminated successfully; inner=Optimization terminated successfully,0,650.3309309482576,0.0,,qwen25_real_m50_balanced_random_seed20260503_dare_linear_e8_dare_linear
dare_linear,pair,phungkhaccuong_2b1522e6_bef2_7+nhung03_7b6cdc3c_7130_4c2c_a2c,35.79691106516269,46.021953296661344,0,"[0.5656305081643416, 0.43436949183565843]","[0.4, 0.6]",9.613943099975586,"{""nhung03_7b6cdc3c_7130_4c2c_a2c"": -35.81215448379513, ""phungkhaccuong_2b1522e6_bef2_7"": -46.021953296661344}",phungkhaccuong_2b1522e6_bef2_7,continuous_primal_dual_psd,4,35.79691106516269,35.79691106516269,0.0,"[0.8601815330154566, 0.13981846698454345]",primal=Optimization terminated successfully; dual=outer=Optimization terminated successfully; inner=Optimization terminated successfully,0,482.0074141025542,0.0,,qwen25_real_m50_balanced_random_seed20260503_dare_linear_e8_dare_linear
dare_linear,pair,hongngo_7e251dfc_e0f7_4f73_aae+nhung02_08157847_d833_4d45_90f,76.28713793754576,60.29937572479245,0,"[0.2, 0.8]","[0.2, 0.8]",0.0,"{""hongngo_7e251dfc_e0f7_4f73_aae"": -56.28712482452389, ""nhung02_08157847_d833_4d45_90f"": -60.29937572479245}",nhung02_08157847_d833_4d45_90f,continuous_primal_dual_psd,4,76.28713793754576,76.28713793754576,0.0,"[0.0, 1.0]",primal=Optimization terminated successfully; dual=outer=Optimization terminated successfully; inner=Optimization terminated successfully,1,-358.4277629852296,358.4277629852296,,qwen25_real_m50_balanced_random_seed20260503_dare_linear_e8_dare_linear
dare_linear,pair,versil91_8444c3be_8779_4769_a0+datlaaaaaaa_e8cccbe1_c136_409a,14.063008867319034,21.86478681564328,0,"[0.5813082546836028, 0.4186917453163972]","[0.8, 0.2]",0.3124952316284179,"{""datlaaaaaaa_e8cccbe1_c136_409a"": -21.864786815643278, ""versil91_8444c3be_8779_4769_a0"": -2.0220327805256524}",datlaaaaaaa_e8cccbe1_c136_409a,continuous_primal_dual_psd,4,14.063008867319034,14.063008867319034,0.0,"[1.0, 0.0]",primal=Optimization terminated successfully; dual=outer=Optimization terminated successfully; inner=Optimization terminated successfully,0,150.08538961410525,0.0,,qwen25_real_m50_balanced_random_seed20260503_dare_linear_e8_dare_linear
dare_linear,pair,hongngo_9d92894f_7b7b_49e0_8f3+versil91_474890ea_012d_4a25_96,2.0731994265519096,0.4179516523424295,0,"[0.20512484913931422, 0.7948751508606857]","[0.2, 0.8]",0.0,"{""hongngo_9d92894f_7b7b_49e0_8f3"": 1.572701263427767, ""versil91_474890ea_012d_4a25_96"": -0.4179516523424295}",versil91_474890ea_012d_4a25_96,continuous_primal_dual_psd,4,2.0731994265519096,2.0731994265418625,1.0047074283647817e-11,"[0.038410052593065784, 0.9615899474069343]",primal=Optimization terminated successfully; dual=outer=Optimization terminated successfully; inner=Optimization terminated successfully,0,46.87502980232228,0.0,,qwen25_real_m50_balanced_random_seed20260503_dare_linear_e8_dare_linear
dare_linear,pair,lhong4759_f68c5c87_934d_4399_b+cunghoctienganh_4909ad74_a335,55.03999947202824,56.324997615814176,0,"[0.4481386942413415, 0.5518613057586585]","[0.4, 0.6]",0.0,"{""cunghoctienganh_4909ad74_a335"": -56.324997615814176, ""lhong4759_f68c5c87_934d_4399_b"": -44.39390010833737}",cunghoctienganh_4909ad74_a335,continuous_primal_dual_psd,4,55.03999947202824,55.03999947202824,0.0,"[1.0, 0.0]",primal=Optimization terminated successfully; dual=outer=Optimization terminated successfully; inner=Optimization terminated successfully,0,518.9394950866698,0.0,,qwen25_real_m50_balanced_random_seed20260503_dare_linear_e8_dare_linear
dare_linear,pair,tuanna08go_6af2bb68_a65f_4331+nbninh_0d8b128b_8753_46c3_b80f,37.85725023999241,0.4214290385338499,0,"[0.3429747861769199, 0.6570252138230801]","[0.8, 0.2]",3.283372234812065,"{""nbninh_0d8b128b_8753_46c3_b80f"": 2.785584259033236, ""tuanna08go_6af2bb68_a65f_4331"": -0.42142903853384994}",tuanna08go_6af2bb68_a65f_4331,continuous_primal_dual_psd,4,37.85725023999241,37.8572502399896,2.8137492336099967e-12,"[0.5259356659138009, 0.47406433408619914]",primal=Optimization terminated successfully; dual=outer=Optimization terminated successfully; inner=Optimization terminated successfully,1,-168.59740018844613,168.59740018844613,,qwen25_real_m50_balanced_random_seed20260503_dare_linear_e8_dare_linear
dare_linear,pair,versil91_01a5620a_fb5f_4bab_94+denbeo_d9ae91c0_fed9_4fb4_8ddd,92.28334970474242,2.672284508991285,0,"[0.2, 0.8]","[0.8, 0.2]",43.38026981229775,"{""denbeo_d9ae91c0_fed9_4fb4_8ddd"": -1.148715686798063, ""versil91_01a5620a_fb5f_4bab_94"": -2.672284508991285}",versil91_01a5620a_fb5f_4bab_94,continuous_primal_dual_psd,4,92.28334970474242,92.28334970474242,0.0,"[0.0, 1.0]",primal=Optimization terminated successfully; dual=outer=Optimization terminated successfully; inner=Optimization terminated successfully,1,-544.7441339492797,544.7441339492797,,qwen25_real_m50_balanced_random_seed20260503_dare_linear_e8_dare_linear
dare_linear,pair,phungkhaccuong_a992b7f5_9d18_c+datlaaaaaaa_0dbe42c8_b07b_4785,48.71954954496211,27.743259143829317,0,"[0.6064093115685824, 0.39359068843141765]","[0.8, 0.2]",4.831743240356445,"{""datlaaaaaaa_0dbe42c8_b07b_4785"": -27.743259143829313, ""phungkhaccuong_a992b7f5_9d18_c"": -14.762511920928922}",datlaaaaaaa_0dbe42c8_b07b_4785,continuous_primal_dual_psd,4,48.71954954496211,48.71954954496211,0.0,"[1.0, 0.0]",primal=Optimization terminated successfully; dual=outer=Optimization terminated successfully; inner=Optimization terminated successfully,0,146.30675315856934,0.0,,qwen25_real_m50_balanced_random_seed20260503_dare_linear_e8_dare_linear
dare_linear,pair,versil91_e9f26c47_9b78_4e3f_81+tuanna08go_7647f014_8af3_4266,0.0213631171230787,-0.2478394383543421,1,"[0.2, 0.8]","[0.8, 0.2]",0.0932694211827003,"{""tuanna08go_7647f014_8af3_4266"": 0.24783943835434216, ""versil91_e9f26c47_9b78_4e3f_81"": 3.966671752929699}",tuanna08go_7647f014_8af3_4266,continuous_primal_dual_psd,4,0.0213631171230787,0.0213631171230787,0.0,"[0.0, 1.0]",primal=Optimization terminated successfully; dual=outer=Optimization terminated successfully; inner=Optimization terminated successfully,1,-29.03192785354133,29.03192785354133,,qwen25_real_m50_balanced_random_seed20260503_dare_linear_e8_dare_linear
dare_linear,pair,duyphu_4909ad74_a335_4972_9ed8+mrhungddddh_9b1deaac_4565_48f2,32.52198405265835,24.77780885696408,0,"[0.20000000000000362, 0.7999999999999964]","[0.8, 0.2]",34.195053577423096,"{""duyphu_4909ad74_a335_4972_9ed8"": -24.77780885696408, ""mrhungddddh_9b1deaac_4565_48f2"": -16.733661365509}",duyphu_4909ad74_a335_4972_9ed8,continuous_primal_dual_psd,4,32.52198405265835,32.52198405265835,0.0,"[0.0, 1.0]",primal=Optimization terminated successfully; dual=outer=Optimization terminated successfully; inner=Optimization terminated successfully,1,-176.9648492336273,176.9648492336273,,qwen25_real_m50_balanced_random_seed20260503_dare_linear_e8_dare_linear
dare_linear,pair,thaffggg_8c87f3d3_d4bb_475a_a8+nhung02_08157847_d833_4d45_90f,87.10556509341995,61.11958332061764,0,"[0.5014999587494181, 0.4985000412505819]","[0.6, 0.4]",0.0,"{""nhung02_08157847_d833_4d45_90f"": -58.43236751556393, ""thaffggg_8c87f3d3_d4bb_475a_a8"": -61.11958332061764}",thaffggg_8c87f3d3_d4bb_475a_a8,continuous_primal_dual_psd,4,87.10556509341995,87.10556509341995,0.0,"[1.0, 0.0]",primal=Optimization terminated successfully; dual=outer=Optimization terminated successfully; inner=Optimization terminated successfully,0,331.91293478012045,0.0,,qwen25_real_m50_balanced_random_seed20260503_dare_linear_e8_dare_linear
dare_linear,pair,taronklm_trained_model+duyphu_7aba420b_74ac_4209_b514,-6.61217800774952,-0.9310737425862144,1,"[0.37126704622282647, 0.6287329537771735]","[0.4, 0.6]",0.0,"{""duyphu_7aba420b_74ac_4209_b514"": 32.05786638259891, ""taronklm_trained_model"": 0.9310737425862144}",taronklm_trained_model,continuous_primal_dual_psd,4,-6.61217800774952,-6.61217800774952,0.0,"[1.0, 0.0]",primal=Optimization terminated successfully; dual=outer=Optimization terminated successfully; inner=Optimization terminated successfully,0,667.9686903953548,0.0,,qwen25_real_m50_balanced_random_seed20260503_dare_linear_e8_dare_linear
dare_linear,pair,datlaaaaaaa_cc1f8701_0976_4f48+nbninh_c4ae10ba_efe4_401e_8dd7,10.262926292419392,22.4110991477966,0,"[0.2, 0.8]","[0.4, 0.6]",3.445518016815185,"{""datlaaaaaaa_cc1f8701_0976_4f48"": -9.24164361953732, ""nbninh_c4ae10ba_efe4_401e_8dd7"": -22.411099147796598}",nbninh_c4ae10ba_efe4_401e_8dd7,continuous_primal_dual_psd,4,10.262926292419392,10.262926292419392,0.0,"[1.0, 0.0]",primal=Optimization terminated successfully; dual=outer=Optimization terminated successfully; inner=Optimization terminated successfully,1,-5.664060753771638,5.664060753771638,,qwen25_real_m50_balanced_random_seed20260503_dare_linear_e8_dare_linear
dare_linear,pair,mrhungddddh_911f6275_22fd_4f41+mrhunghddddd_d692685b_fdb4_477,20.63348002433773,7.679167461395231,0,"[0.8, 0.19999999999999996]","[0.8, 0.2]",0.0,"{""mrhungddddh_911f6275_22fd_4f41"": -7.679167461395231, ""mrhunghddddd_d692685b_fdb4_477"": -6.325009536743131}",mrhungddddh_911f6275_22fd_4f41,continuous_primal_dual_psd,4,20.63348002433773,20.63348002433773,0.0,"[0.0, 1.0]",primal=Optimization terminated successfully; dual=outer=Optimization terminated successfully; inner=Optimization terminated successfully,1,-19.17630434036248,19.17630434036248,,qwen25_real_m50_balanced_random_seed20260503_dare_linear_e8_dare_linear
dare_linear,pair,laquythang_8444c3be_8779_4769+chauhoang_4909ad74_a335_4972_9,58.106246662139824,40.3874904632568,0,"[0.2, 0.8]","[0.2, 0.8]",0.0,"{""chauhoang_4909ad74_a335_4972_9"": -16.919413280487028, ""laquythang_8444c3be_8779_4769"": -40.3874904632568}",laquythang_8444c3be_8779_4769,continuous_primal_dual_psd,4,58.106246662139824,58.106246662139824,0.0,"[0.0, 1.0]",primal=Optimization terminated successfully; dual=outer=Optimization terminated successfully; inner=Optimization terminated successfully,1,-468.8230156898499,468.8230156898499,,qwen25_real_m50_balanced_random_seed20260503_dare_linear_e8_dare_linear
dare_linear,pair,chauhoang_2aa4f343_5524_f86e_b+duyphu_0112d9da_9934_4614_b233,40.00142629490285,31.901922893524137,0,"[0.37086049944464305, 0.629139500555357]","[0.2, 0.8]",12.543702125549316,"{""chauhoang_2aa4f343_5524_f86e_b"": -28.07178802490231, ""duyphu_0112d9da_9934_4614_b233"": -31.901922893524137}",duyphu_0112d9da_9934_4614_b233,continuous_primal_dual_psd,4,40.00142629490285,40.00142629490285,0.0,"[1.0, 0.0]",primal=Optimization terminated successfully; dual=outer=Optimization terminated successfully; inner=Optimization terminated successfully,0,491.1221563816067,0.0,,qwen25_real_m50_balanced_random_seed20260503_dare_linear_e8_dare_linear
dare_linear,pair,tuanna08go_c1cf0152_7ae6_43b6+versil91_63cd5c4a_5a68_4c25_bd,2.3458547115325565,0.2185204023244154,0,"[0.2, 0.8]","[0.4, 0.6]",0.3333333333333333,"{""tuanna08go_c1cf0152_7ae6_43b6"": 3.2015293121338217, ""versil91_63cd5c4a_5a68_4c25_bd"": -0.21852040232441547}",versil91_63cd5c4a_5a68_4c25_bd,continuous_primal_dual_psd,4,2.3458547115325565,2.3458547115325565,0.0,"[1.0, 0.0]",primal=Optimization terminated successfully; dual=outer=Optimization terminated successfully; inner=Optimization terminated successfully,1,-65.10436534881593,65.10436534881593,,qwen25_real_m50_balanced_random_seed20260503_dare_linear_e8_dare_linear
dare_linear,pair,cunghoctienganh_b7496e73_1762+hongngo_687b8c72_c89b_4cb7_b7c,33.76245984390211,38.09584684371945,0,"[0.5661903204915631, 0.43380967950843685]","[0.6, 0.4]",0.0,"{""cunghoctienganh_b7496e73_1762"": -38.09584684371945, ""hongngo_687b8c72_c89b_4cb7_b7c"": -24.70642633438107}",cunghoctienganh_b7496e73_1762,continuous_primal_dual_psd,4,33.76245984390211,33.76245984390211,0.0,"[0.0, 1.0]",primal=Optimization terminated successfully; dual=outer=Optimization terminated successfully; inner=Optimization terminated successfully,0,218.75023841857896,0.0,,qwen25_real_m50_balanced_random_seed20260503_dare_linear_e8_dare_linear
dare_linear,pair,nblinh63_0eb73af3_0631_437a_ad+mrhungddddh_fe499423_02f3_4cfd,83.60530204772947,59.28829021453854,0,"[0.2, 0.8]","[0.2, 0.8]",0.0,"{""mrhungddddh_fe499423_02f3_4cfd"": -53.576603603363004, ""nblinh63_0eb73af3_0631_437a_ad"": -59.28829021453854}",nblinh63_0eb73af3_0631_437a_ad,continuous_primal_dual_psd,4,83.60530204772947,83.60530204772947,0.0,"[5.551115123125783e-17, 1.0]",primal=Optimization terminated successfully; dual=outer=Optimization terminated successfully; inner=Optimization terminated successfully,1,-595.880746841431,595.880746841431,,qwen25_real_m50_balanced_random_seed20260503_dare_linear_e8_dare_linear
dare_linear,pair,nbninh_a1f78795_1b61_4923_9235+nhung03_7b6cdc3c_7130_4c2c_a2c,75.94048739267649,72.30985469818111,0,"[0.5413895904831798, 0.4586104095168202]","[0.4, 0.6]",6.249988079071045,"{""nbninh_a1f78795_1b61_4923_9235"": -72.30985469818111, ""nhung03_7b6cdc3c_7130_4c2c_a2c"": -42.01408929824826}",nbninh_a1f78795_1b61_4923_9235,continuous_primal_dual_psd,4,75.94048739267649,75.94048739267649,0.0,"[0.0, 1.0]",primal=Optimization terminated successfully; dual=outer=Optimization terminated successfully; inner=Optimization terminated successfully,1,-107.57207870483394,107.57207870483394,,qwen25_real_m50_balanced_random_seed20260503_dare_linear_e8_dare_linear
dare_linear,pair,cunghoctienganh_c1cf0152_7ae6+nhung02_db2c9545_4607_487b_9cc,119.8842865943909,15.131846141815153,0,"[0.2, 0.8]","[0.8, 0.2]",86.44883632659912,"{""cunghoctienganh_c1cf0152_7ae6"": -13.72082538604733, ""nhung02_db2c9545_4607_487b_9cc"": -15.131846141815153}",nhung02_db2c9545_4607_487b_9cc,continuous_primal_dual_psd,4,119.8842865943909,119.8842865943909,0.0,"[0.0, 1.0]",primal=Optimization terminated successfully; dual=outer=Optimization terminated successfully; inner=Optimization terminated successfully,1,-573.0171501636505,573.0171501636505,,qwen25_real_m50_balanced_random_seed20260503_dare_linear_e8_dare_linear
dare_linear,pair,adammandic87_3d7a58a6_4380_4e3+mrhunghd_9e58333c_df22_4a00_9c,21.50819845199581,4.706409645080534,0,"[0.2, 0.8]","[0.8, 0.2]",10.368597507476808,"{""adammandic87_3d7a58a6_4380_4e3"": -4.706409645080534, ""mrhunghd_9e58333c_df22_4a00_9c"": 2.008327770233187}",adammandic87_3d7a58a6_4380_4e3,continuous_primal_dual_psd,4,21.50819845199581,21.50819845199581,0.0,"[0.0, 1.0]",primal=Optimization terminated successfully; dual=outer=Optimization terminated successfully; inner=Optimization terminated successfully,1,-605.8329343795776,605.8329343795776,,qwen25_real_m50_balanced_random_seed20260503_dare_linear_e8_dare_linear
dare_linear,pair,thaffggg_8a78a9b2_d3fa_4615_b8+laquythang_efe15045_778f_4dfa,60.90076394084066,68.4556991577148,0,"[0.2000000000006295, 0.7999999999993705]","[0.2, 0.8]",0.0,"{""laquythang_efe15045_778f_4dfa"": -68.4556991577148, ""thaffggg_8a78a9b2_d3fa_4615_b8"": -36.92595071792599}",laquythang_efe15045_778f_4dfa,continuous_primal_dual_psd,4,60.90076394084066,60.90076394084066,0.0,"[1.0, 0.0]",primal=Optimization terminated successfully; dual=outer=Optimization terminated successfully; inner=Optimization terminated successfully,0,39.36305642127971,0.0,,qwen25_real_m50_balanced_random_seed20260503_dare_linear_e8_dare_linear
dare_linear,pair,phungkhaccuong_731c6dec_a942_4+adammandic87_f28f18cf_4abb_4db,1.0020787239076423,4.033342075347868,0,"[0.20000000000000495, 0.799999999999995]","[0.2, 0.8]",0.0,"{""adammandic87_f28f18cf_4abb_4db"": 5.1289766311645835, ""phungkhaccuong_731c6dec_a942_4"": -4.033342075347868}",phungkhaccuong_731c6dec_a942_4,continuous_primal_dual_psd,4,1.0020787239076423,1.0020787239076423,0.0,"[0.0, 1.0]",primal=Optimization terminated successfully; dual=outer=Optimization terminated successfully; inner=Optimization terminated successfully,1,-89.84342217445374,89.84342217445374,,qwen25_real_m50_balanced_random_seed20260503_dare_linear_e8_dare_linear
dare_linear,pair,nhoxinh_9214fc0d_4490_4bdd_9ff+hongngo_9d92894f_7b7b_49e0_8f3,80.06207795297172,82.59173936843868,0,"[0.3475948384227708, 0.6524051615772293]","[0.4, 0.6]",0.0,"{""hongngo_9d92894f_7b7b_49e0_8f3"": -29.362598133087126, ""nhoxinh_9214fc0d_4490_4bdd_9ff"": -82.59173936843868}",nhoxinh_9214fc0d_4490_4bdd_9ff,continuous_primal_dual_psd,4,80.06207795297172,80.06207795297172,0.0,"[0.0, 1.0]",primal=Optimization terminated successfully; dual=outer=Optimization terminated successfully; inner=Optimization terminated successfully,1,-35.15616059303312,35.15616059303312,,qwen25_real_m50_balanced_random_seed20260503_dare_linear_e8_dare_linear
dare_linear,pair,phungkhaccuong_2b1522e6_bef2_7+nhoxinh_2f944a50_cbd3_4334_af8,4.450511998207325,5.28334684371945,0,"[0.41727580647387774, 0.5827241935261223]","[0.6, 0.4]",1.439368724822998,"{""nhoxinh_2f944a50_cbd3_4334_af8"": 4.686793613433871, ""phungkhaccuong_2b1522e6_bef2_7"": -5.28334684371945}",phungkhaccuong_2b1522e6_bef2_7,continuous_primal_dual_psd,4,4.450511998207325,4.450511998173227,3.409805771070751e-11,"[0.08131349376701404, 0.918686506232986]",primal=Optimization terminated successfully; dual=outer=Optimization terminated successfully; inner=Optimization terminated successfully,0,422.2756624221799,0.0,,qwen25_real_m50_balanced_random_seed20260503_dare_linear_e8_dare_linear
dare_linear,pair,versil91_121ef6e9_0ded_4fc3_8c+versil91_474890ea_012d_4a25_96,0.2145030829306691,-0.8000057220677207,1,"[0.2, 0.8]","[0.6, 0.4]",0.1923072521486364,"{""versil91_121ef6e9_0ded_4fc3_8c"": 1.070842075347933, ""versil91_474890ea_012d_4a25_96"": 0.8000057220677207}",versil91_474890ea_012d_4a25_96,continuous_primal_dual_psd,4,0.2145030829306691,0.2145030829306691,0.0,"[1.0, 0.0]",primal=Optimization terminated successfully; dual=outer=Optimization terminated successfully; inner=Optimization terminated successfully,1,-55.39759993553161,55.39759993553161,,qwen25_real_m50_balanced_random_seed20260503_dare_linear_e8_dare_linear
dare_linear,pair,versil91_8444c3be_8779_4769_a0+nhoxinh_0c66c9c5_5cc2_46a8_9db,79.12993199825293,3.800955486297575,0,"[0.7999999999999998, 0.20000000000000018]","[0.8, 0.2]",0.0,"{""nhoxinh_0c66c9c5_5cc2_46a8_9db"": -3.8009554862975747, ""versil91_8444c3be_8779_4769_a0"": -1.8186441664242072}",nhoxinh_0c66c9c5_5cc2_46a8_9db,continuous_primal_dual_psd,4,79.12993199825293,79.12993199825293,0.0,"[1.6653345369377348e-16, 0.9999999999999998]",primal=Optimization terminated successfully; dual=outer=Optimization terminated successfully; inner=Optimization terminated successfully,1,-239.10984396934532,239.10984396934532,,qwen25_real_m50_balanced_random_seed20260503_dare_linear_e8_dare_linear
dare_linear,pair,hongngo_7e251dfc_e0f7_4f73_aae+datlaaaaaaa_e8cccbe1_c136_409a,47.68237299919125,51.3249904632568,0,"[0.2, 0.8]","[0.2, 0.8]",0.0,"{""datlaaaaaaa_e8cccbe1_c136_409a"": -51.3249904632568, ""hongngo_7e251dfc_e0f7_4f73_aae"": -27.376106452941862}",datlaaaaaaa_e8cccbe1_c136_409a,continuous_primal_dual_psd,4,47.68237299919125,47.68237299919125,0.0,"[1.0, 0.0]",primal=Optimization terminated successfully; dual=outer=Optimization terminated successfully; inner=Optimization terminated successfully,1,-598.8579988479613,598.8579988479613,,qwen25_real_m50_balanced_random_seed20260503_dare_linear_e8_dare_linear
dare_linear,pair,lhong4759_f68c5c87_934d_4399_b+cunghoctienganh_c1cf0152_7ae6,5.472914808206924,1.541343402862516,0,"[0.2, 0.8]","[0.2, 0.8]",0.0,"{""cunghoctienganh_c1cf0152_7ae6"": -1.0124952316283853, ""lhong4759_f68c5c87_934d_4399_b"": -1.5413434028625161}",lhong4759_f68c5c87_934d_4399_b,continuous_primal_dual_psd,4,5.472914808206924,5.472914808206924,0.0,"[0.0, 1.0]",primal=Optimization terminated successfully; dual=outer=Optimization terminated successfully; inner=Optimization terminated successfully,1,-28.172135353088414,28.172135353088414,,qwen25_real_m50_balanced_random_seed20260503_dare_linear_e8_dare_linear
dare_linear,pair,tuanna08go_6af2bb68_a65f_4331+nhung02_08157847_d833_4d45_90f,15.267574422026271,9.866681766509975,0,"[0.673024739031771, 0.32697526096822904]","[0.8, 0.2]",20.905447006225582,"{""nhung02_08157847_d833_4d45_90f"": -9.866681766509977, ""tuanna08go_6af2bb68_a65f_4331"": -1.1857128843984501}",nhung02_08157847_d833_4d45_90f,continuous_primal_dual_psd,4,15.267574422026271,15.267574422026271,0.0,"[1.0, 0.0]",primal=Optimization terminated successfully; dual=outer=Optimization terminated successfully; inner=Optimization terminated successfully,0,498.761534690857,0.0,,qwen25_real_m50_balanced_random_seed20260503_dare_linear_e8_dare_linear
dare_linear,pair,cunghoctienganh_4909ad74_a335+nbninh_a1f78795_1b61_4923_9235,16.23992065660326,44.12802762985226,0,"[0.5534060469444568, 0.44659395305554317]","[0.4, 0.6]",4.393935203552246,"{""cunghoctienganh_4909ad74_a335"": -35.90834445953366, ""nbninh_a1f78795_1b61_4923_9235"": -44.12802762985226}",nbninh_a1f78795_1b61_4923_9235,continuous_primal_dual_psd,4,16.23992065660326,16.23992065660326,0.0,"[1.0, 0.0]",primal=Optimization terminated successfully; dual=outer=Optimization terminated successfully; inner=Optimization terminated successfully,0,508.1132054328917,0.0,,qwen25_real_m50_balanced_random_seed20260503_dare_linear_e8_dare_linear
dare_linear,pair,nbninh_0d8b128b_8753_46c3_b80f+datlaaaaaaa_0dbe42c8_b07b_4785,60.14318890571594,53.34422893524167,0,"[0.2, 0.8]","[0.8, 0.2]",2.6041626930236816,"{""datlaaaaaaa_0dbe42c8_b07b_4785"": -53.34422893524167, ""nbninh_0d8b128b_8753_46c3_b80f"": -7.9676301002502115}",datlaaaaaaa_0dbe42c8_b07b_4785,continuous_primal_dual_psd,4,60.14318890571594,60.14318890571594,0.0,"[1.0, 0.0]",primal=Optimization terminated successfully; dual=outer=Optimization terminated successfully; inner=Optimization terminated successfully,1,-575.5208432674407,575.5208432674407,,qwen25_real_m50_balanced_random_seed20260503_dare_linear_e8_dare_linear
dare_linear,pair,versil91_e9f26c47_9b78_4e3f_81+mrhungddddh_911f6275_22fd_4f41,3.162065639761373,3.824988079071012,0,"[0.7789475502821148, 0.22105244971788518]","[0.8, 0.2]",0.0,"{""mrhungddddh_911f6275_22fd_4f41"": -3.8249880790710122, ""versil91_e9f26c47_9b78_4e3f_81"": -1.6999999999999886}",mrhungddddh_911f6275_22fd_4f41,continuous_primal_dual_psd,4,3.162065639761373,3.162065639761189,1.8385293287792595e-13,"[0.5381966414878798, 0.4618033585121202]",primal=Optimization terminated successfully; dual=outer=Optimization terminated successfully; inner=Optimization terminated successfully,0,29.647499322891232,0.0,,qwen25_real_m50_balanced_random_seed20260503_dare_linear_e8_dare_linear
dare_linear,pair,chauhoang_4909ad74_a335_4972_9+versil91_121ef6e9_0ded_4fc3_8c,9.309366416931171,2.314940166473356,0,"[0.2000000000000019, 0.799999999999998]","[0.2, 0.8]",0.0,"{""chauhoang_4909ad74_a335_4972_9"": -2.314940166473356, ""versil91_121ef6e9_0ded_4fc3_8c"": 6.175002384185824}",chauhoang_4909ad74_a335_4972_9,continuous_primal_dual_psd,4,9.309366416931171,9.309366416931171,0.0,"[1.0, 0.0]",primal=Optimization terminated successfully; dual=outer=Optimization terminated successfully; inner=Optimization terminated successfully,0,99.70822542814996,0.0,,qwen25_real_m50_balanced_random_seed20260503_dare_linear_e8_dare_linear
dare_linear,pair,laquythang_8444c3be_8779_4769+nblinh63_0eb73af3_0631_437a_ad,101.80416412353512,81.0125143051147,0,"[0.2, 0.8]","[0.8, 0.2]",6.666648387908936,"{""laquythang_8444c3be_8779_4769"": -81.0125143051147, ""nblinh63_0eb73af3_0631_437a_ad"": -72.83941812515255}",laquythang_8444c3be_8779_4769,continuous_primal_dual_psd,4,101.80416412353512,101.80416412353512,0.0,"[0.0, 1.0]",primal=Optimization terminated successfully; dual=outer=Optimization terminated successfully; inner=Optimization terminated successfully,1,-781.2497019767762,781.2497019767762,,qwen25_real_m50_balanced_random_seed20260503_dare_linear_e8_dare_linear
dare_linear,pair,mrhunghd_9e58333c_df22_4a00_9c+mrhungddddh_9b1deaac_4565_48f2,112.9342759881336,87.15833730697628,0,"[0.47597666443026815, 0.5240233355697319]","[0.4, 0.6]",0.0,"{""mrhungddddh_9b1deaac_4565_48f2"": -81.82981319427486, ""mrhunghd_9e58333c_df22_4a00_9c"": -87.15833730697628}",mrhunghd_9e58333c_df22_4a00_9c,continuous_primal_dual_psd,4,112.9342759881336,112.9342759881336,0.0,"[1.0, 0.0]",primal=Optimization terminated successfully; dual=outer=Optimization terminated successfully; inner=Optimization terminated successfully,0,75.04746317863427,0.0,,qwen25_real_m50_balanced_random_seed20260503_dare_linear_e8_dare_linear
dare_linear,pair,datlaaaaaaa_cc1f8701_0976_4f48+chauhoang_2aa4f343_5524_f86e_b,50.25443243893692,58.51248807907101,0,"[0.5081854519957122, 0.4918145480042878]","[0.4, 0.6]",8.749985694885247,"{""chauhoang_2aa4f343_5524_f86e_b"": -46.34101696014401, ""datlaaaaaaa_cc1f8701_0976_4f48"": -58.51248807907101}",datlaaaaaaa_cc1f8701_0976_4f48,continuous_primal_dual_psd,4,50.25443243893692,50.25443243893394,2.97717406283482e-12,"[0.0, 1.0]",primal=Optimization terminated successfully; dual=outer=Optimization terminated successfully; inner=Optimization terminated successfully,0,367.8978979587553,0.0,,qwen25_real_m50_balanced_random_seed20260503_dare_linear_e8_dare_linear
dare_linear,pair,taronklm_trained_model+hongngo_9d92894f_7b7b_49e0_8f3,19.554160308839613,0.0174393291144771,0,"[0.20000000000001936, 0.7999999999999806]","[0.6, 0.4]",0.3617712839703329,"{""hongngo_9d92894f_7b7b_49e0_8f3"": 15.668007659912142, ""taronklm_trained_model"": -0.01743932911447719}",taronklm_trained_model,continuous_primal_dual_psd,4,19.554160308839613,19.554160308839613,0.0,"[0.0, 1.0]",primal=Optimization terminated successfully; dual=outer=Optimization terminated successfully; inner=Optimization terminated successfully,1,-436.197966337204,436.197966337204,,qwen25_real_m50_balanced_random_seed20260503_dare_linear_e8_dare_linear
dare_linear,pair,thaffggg_8a78a9b2_d3fa_4615_b8+mrhunghddddd_d692685b_fdb4_477,101.18948513714928,77.67918415069576,0,"[0.47372680530024175, 0.5262731946997583]","[0.6, 0.4]",15.729153156280518,"{""mrhunghddddd_d692685b_fdb4_477"": -77.67918415069576, ""thaffggg_8a78a9b2_d3fa_4615_b8"": -51.24488182067868}",mrhunghddddd_d692685b_fdb4_477,continuous_primal_dual_psd,4,101.18948513714928,101.18948513714916,1.2789769243681806e-13,"[1.0, 0.0]",primal=Optimization terminated successfully; dual=outer=Optimization terminated successfully; inner=Optimization terminated successfully,0,649.8575210571283,0.0,,qwen25_real_m50_balanced_random_seed20260503_dare_linear_e8_dare_linear
dare_linear,pair,denbeo_d9ae91c0_fed9_4fb4_8ddd+nhung02_db2c9545_4607_487b_9cc,146.96927818068292,115.95568962097164,0,"[0.725811751167984, 0.274188248832016]","[0.6, 0.4]",29.920578002929688,"{""denbeo_d9ae91c0_fed9_4fb4_8ddd"": -104.59423370361324, ""nhung02_db2c9545_4607_487b_9cc"": -115.95568962097164}",nhung02_db2c9545_4607_487b_9cc,continuous_primal_dual_psd,4,146.96927818068292,146.96927818068292,0.0,"[0.0, 1.0]",primal=Optimization terminated successfully; dual=outer=Optimization terminated successfully; inner=Optimization terminated successfully,0,187.50011920928955,0.0,,qwen25_real_m50_balanced_random_seed20260503_dare_linear_e8_dare_linear
dare_linear,pair,phungkhaccuong_a992b7f5_9d18_c+versil91_63cd5c4a_5a68_4c25_bd,4.479693734561188,0.9222236350766416,0,"[0.3334855157840248, 0.6665144842159751]","[0.2, 0.8]",7.38194621050438,"{""phungkhaccuong_a992b7f5_9d18_c"": 0.029167461395296357, ""versil91_63cd5c4a_5a68_4c25_bd"": -0.9222236350766417}",versil91_63cd5c4a_5a68_4c25_bd,continuous_primal_dual_psd,4,4.479693734561188,4.479693734561188,0.0,"[1.0, 0.0]",primal=Optimization terminated successfully; dual=outer=Optimization terminated successfully; inner=Optimization terminated successfully,0,85.36372771168834,0.0,,qwen25_real_m50_balanced_random_seed20260503_dare_linear_e8_dare_linear
dare_linear,pair,adammandic87_3d7a58a6_4380_4e3+nbninh_c4ae10ba_efe4_401e_8dd7,0.2399508089801099,2.564802837371793,0,"[0.2, 0.8]","[0.2, 0.8]",0.0,"{""adammandic87_3d7a58a6_4380_4e3"": 10.437819290161165, ""nbninh_c4ae10ba_efe4_401e_8dd7"": -2.5648028373717935}",nbninh_c4ae10ba_efe4_401e_8dd7,continuous_primal_dual_psd,4,0.2399508089801099,0.2399508089801099,0.0,"[1.0, 0.0]",primal=Optimization terminated successfully; dual=outer=Optimization terminated successfully; inner=Optimization terminated successfully,1,-43.3520615437808,43.3520615437808,,qwen25_real_m50_balanced_random_seed20260503_dare_linear_e8_dare_linear
dare_linear,pair,versil91_8444c3be_8779_4769_a0+cunghoctienganh_b7496e73_1762,7.29472644329088,6.315532398223844,0,"[0.7999999999999929, 0.20000000000000706]","[0.8, 0.2]",0.0,"{""cunghoctienganh_b7496e73_1762"": -6.315532398223844, ""versil91_8444c3be_8779_4769_a0"": -0.3610163902628261}",cunghoctienganh_b7496e73_1762,continuous_primal_dual_psd,4,7.29472644329088,7.29472644329088,0.0,"[1.0, 0.0]",primal=Optimization terminated successfully; dual=outer=Optimization terminated successfully; inner=Optimization terminated successfully,0,16.52672886848449,0.0,,qwen25_real_m50_balanced_random_seed20260503_dare_linear_e8_dare_linear
dare_linear,pair,versil91_01a5620a_fb5f_4bab_94+phungkhaccuong_2b1522e6_bef2_7,-3.590276476191989,-1.480147220467387,1,"[0.41094864024148653, 0.5890513597585134]","[0.6, 0.4]",2.0330887372408544,"{""phungkhaccuong_2b1522e6_bef2_7"": 17.557570266723665, ""versil91_01a5620a_fb5f_4bab_94"": 1.480147220467387}",versil91_01a5620a_fb5f_4bab_94,continuous_primal_dual_psd,4,-3.590276476191989,-3.590276476191989,0.0,"[1.0, 0.0]",primal=Optimization terminated successfully; dual=outer=Optimization terminated successfully; inner=Optimization terminated successfully,0,37.22826492583727,0.0,,qwen25_real_m50_balanced_random_seed20260503_dare_linear_e8_dare_linear
dare_linear,pair,duyphu_7aba420b_74ac_4209_b514+nhoxinh_2f944a50_cbd3_4334_af8,3.3146379355978013,6.017604541778532,0,"[0.3628271365419247, 0.6371728634580753]","[0.6, 0.4]",5.889427661895752,"{""duyphu_7aba420b_74ac_4209_b514"": -6.017604541778532, ""nhoxinh_2f944a50_cbd3_4334_af8"": -4.445627403259245}",duyphu_7aba420b_74ac_4209_b514,continuous_primal_dual_psd,4,3.3146379355978013,3.3146379355978013,0.0,"[5.551115123125783e-17, 1.0]",primal=Optimization terminated successfully; dual=outer=Optimization terminated successfully; inner=Optimization terminated successfully,0,248.69769811630232,0.0,,qwen25_real_m50_balanced_random_seed20260503_dare_linear_e8_dare_linear
dare_linear,pair,tuanna08go_c1cf0152_7ae6_43b6+thaffggg_8c87f3d3_d4bb_475a_a8,8.180997140378409,6.575551700592008,0,"[0.6992633444743517, 0.3007366555256483]","[0.6, 0.4]",0.0,"{""thaffggg_8c87f3d3_d4bb_475a_a8"": -6.575551700592008, ""tuanna08go_c1cf0152_7ae6_43b6"": -6.390562725067106}",thaffggg_8c87f3d3_d4bb_475a_a8,continuous_primal_dual_psd,4,8.180997140378409,8.180997140377253,1.156408302449563e-12,"[0.7705455126519755, 0.2294544873480246]",primal=Optimization terminated successfully; dual=outer=Optimization terminated successfully; inner=Optimization terminated successfully,0,179.68729138374334,0.0,,qwen25_real_m50_balanced_random_seed20260503_dare_linear_e8_dare_linear
dare_linear,pair,duyphu_4909ad74_a335_4972_9ed8+nhoxinh_9214fc0d_4490_4bdd_9ff,93.06458063125606,61.400047016143766,0,"[0.2, 0.8]","[0.8, 0.2]",6.432080268859856,"{""duyphu_4909ad74_a335_4972_9ed8"": -61.400047016143766, ""nhoxinh_9214fc0d_4490_4bdd_9ff"": -42.890408706665006}",duyphu_4909ad74_a335_4972_9ed8,continuous_primal_dual_psd,4,93.06458063125606,93.06458063125606,0.0,"[8.326672684688674e-17, 0.9999999999999999]",primal=Optimization terminated successfully; dual=outer=Optimization terminated successfully; inner=Optimization terminated successfully,1,-704.4273614883422,704.4273614883422,,qwen25_real_m50_balanced_random_seed20260503_dare_linear_e8_dare_linear
dare_linear,pair,duyphu_0112d9da_9934_4614_b233+mrhungddddh_fe499423_02f3_4cfd,61.66211910247803,47.13646478652951,0,"[0.2, 0.8]","[0.2, 0.8]",0.0,"{""duyphu_0112d9da_9934_4614_b233"": -47.13646478652951, ""mrhungddddh_fe499423_02f3_4cfd"": -37.518909645080534}",duyphu_0112d9da_9934_4614_b233,continuous_primal_dual_psd,4,61.66211910247803,61.66211910247803,0.0,"[0.0, 1.0]",primal=Optimization terminated successfully; dual=outer=Optimization terminated successfully; inner=Optimization terminated successfully,1,-611.9792163372039,611.9792163372039,,qwen25_real_m50_balanced_random_seed20260503_dare_linear_e8_dare_linear
dare_linear,pair,phungkhaccuong_731c6dec_a942_4+datlaaaaaaa_e8cccbe1_c136_409a,0.4005434686623861,4.080680084228483,0,"[0.6436999533428852, 0.3563000466571148]","[0.8, 0.2]",3.0113697052001958,"{""datlaaaaaaa_e8cccbe1_c136_409a"": -4.080680084228483, ""phungkhaccuong_731c6dec_a942_4"": 4.13973026275638}",datlaaaaaaa_e8cccbe1_c136_409a,continuous_primal_dual_psd,4,0.4005434686623861,0.4005434686623861,0.0,"[1.0, 0.0]",primal=Optimization terminated successfully; dual=outer=Optimization terminated successfully; inner=Optimization terminated successfully,0,37.78658860733613,0.0,,qwen25_real_m50_balanced_random_seed20260503_dare_linear_e8_dare_linear
dare_linear,pair,hongngo_7e251dfc_e0f7_4f73_aae+nhung03_7b6cdc3c_7130_4c2c_a2c,82.95094914436334,57.281437587738,0,"[0.2, 0.8]","[0.8, 0.2]",8.929920196533196,"{""hongngo_7e251dfc_e0f7_4f73_aae"": -57.281437587738004, ""nhung03_7b6cdc3c_7130_4c2c_a2c"": -27.967611026763883}",hongngo_7e251dfc_e0f7_4f73_aae,continuous_primal_dual_psd,4,82.95094914436334,82.95094914436334,0.0,"[0.0, 1.0]",primal=Optimization terminated successfully; dual=outer=Optimization terminated successfully; inner=Optimization terminated successfully,1,-1042.1669483184814,1042.1669483184814,,qwen25_real_m50_balanced_random_seed20260503_dare_linear_e8_dare_linear
dare_linear,pair,tuanna08go_7647f014_8af3_4266+nhoxinh_0c66c9c5_5cc2_46a8_9db,6.218484115601825,0.4600834800473477,0,"[0.799999999999757, 0.20000000000024298]","[0.8, 0.2]",0.0,"{""nhoxinh_0c66c9c5_5cc2_46a8_9db"": 3.410586643219027, ""tuanna08go_7647f014_8af3_4266"": -0.4600834800473477}",tuanna08go_7647f014_8af3_4266,continuous_primal_dual_psd,4,6.218484115601825,6.218484115601825,0.0,"[0.0, 1.0]",primal=Optimization terminated successfully; dual=outer=Optimization terminated successfully; inner=Optimization terminated successfully,0,17.102296726779382,0.0,,qwen25_real_m50_balanced_random_seed20260503_dare_linear_e8_dare_linear
dare_linear,pair,laquythang_efe15045_778f_4dfa+hongngo_687b8c72_c89b_4cb7_b7c,25.464225749528545,30.829671096801725,0,"[0.44131814221728977, 0.5586818577827102]","[0.2, 0.8]",15.521538257598875,"{""hongngo_687b8c72_c89b_4cb7_b7c"": -30.829671096801725, ""laquythang_efe15045_778f_4dfa"": -12.830689620971647}",hongngo_687b8c72_c89b_4cb7_b7c,continuous_primal_dual_psd,4,25.464225749528545,25.464225749528545,0.0,"[1.0, 0.0]",primal=Optimization terminated successfully; dual=outer=Optimization terminated successfully; inner=Optimization terminated successfully,0,118.4894144535064,0.0,,qwen25_real_m50_balanced_random_seed20260503_dare_linear_e8_dare_linear
dare_linear,pair,adammandic87_f28f18cf_4abb_4db+versil91_474890ea_012d_4a25_96,-0.8962923930789941,-2.2487264584596898,1,"[0.22424233121632897, 0.775757668783671]","[0.2, 0.8]",0.0,"{""adammandic87_f28f18cf_4abb_4db"": 4.163071441650423, ""versil91_474890ea_012d_4a25_96"": 2.2487264584596898}",versil91_474890ea_012d_4a25_96,continuous_primal_dual_psd,4,-0.8962923930789941,-0.896292393110039,3.104494439298833e-11,"[0.19562894138475823, 0.8043710586152418]",primal=Optimization terminated successfully; dual=outer=Optimization terminated successfully; inner=Optimization terminated successfully,1,-122.39575386047365,122.39575386047365,,qwen25_real_m50_balanced_random_seed20260503_dare_linear_e8_dare_linear
dare_linear,pair,lhong4759_f68c5c87_934d_4399_b+phungkhaccuong_2b1522e6_bef2_7,15.626700108395534,1.5012771606444986,0,"[0.23008283059234397, 0.7699171694076561]","[0.2, 0.8]",0.0,"{""lhong4759_f68c5c87_934d_4399_b"": -1.5012771606444986, ""phungkhaccuong_2b1522e6_bef2_7"": 3.8454502105713217}",lhong4759_f68c5c87_934d_4399_b,continuous_primal_dual_psd,4,15.626700108395534,15.626700108395534,0.0,"[1.0, 0.0]",primal=Optimization terminated successfully; dual=outer=Optimization terminated successfully; inner=Optimization terminated successfully,1,-109.57539081573488,109.57539081573488,,qwen25_real_m50_balanced_random_seed20260503_dare_linear_e8_dare_linear
dare_linear,pair,versil91_e9f26c47_9b78_4e3f_81+thaffggg_8c87f3d3_d4bb_475a_a8,-0.7032191803999872,-0.2487228393554801,1,"[0.7999999999999998, 0.20000000000000018]","[0.8, 0.2]",0.0,"{""thaffggg_8c87f3d3_d4bb_475a_a8"": 0.5835264205932944, ""versil91_e9f26c47_9b78_4e3f_81"": 0.24872283935548012}",versil91_e9f26c47_9b78_4e3f_81,continuous_primal_dual_psd,4,-0.7032191803999872,-0.7032191803999872,0.0,"[1.0, 0.0]",primal=Optimization terminated successfully; dual=outer=Optimization terminated successfully; inner=Optimization terminated successfully,0,66.12855740922473,0.0,,qwen25_real_m50_balanced_random_seed20260503_dare_linear_e8_dare_linear
dare_linear,pair,tuanna08go_c1cf0152_7ae6_43b6+chauhoang_4909ad74_a335_4972_9,9.939622354507478,6.633129787445036,0,"[0.7999999999999965, 0.2000000000000035]","[0.8, 0.2]",0.0,"{""chauhoang_4909ad74_a335_4972_9"": -6.633129787445036, ""tuanna08go_c1cf0152_7ae6_43b6"": -5.188635063171354}",chauhoang_4909ad74_a335_4972_9,continuous_primal_dual_psd,4,9.939622354507478,9.939622354507478,0.0,"[1.0, 0.0]",primal=Optimization terminated successfully; dual=outer=Optimization terminated successfully; inner=Optimization terminated successfully,0,236.9797229766846,0.0,,qwen25_real_m50_balanced_random_seed20260503_dare_linear_e8_dare_linear
dare_linear,pair,thaffggg_8a78a9b2_d3fa_4615_b8+denbeo_d9ae91c0_fed9_4fb4_8ddd,101.37104553885167,73.93719263076778,0,"[0.3310284494827472, 0.6689715505172529]","[0.4, 0.6]",0.0,"{""denbeo_d9ae91c0_fed9_4fb4_8ddd"": -66.38109989166256, ""thaffggg_8a78a9b2_d3fa_4615_b8"": -73.93719263076778}",thaffggg_8a78a9b2_d3fa_4615_b8,continuous_primal_dual_psd,4,101.37104553885167,101.37104553885167,0.0,"[0.0, 1.0]",primal=Optimization terminated successfully; dual=outer=Optimization terminated successfully; inner=Optimization terminated successfully,1,-35.15630960464516,35.15630960464516,,qwen25_real_m50_balanced_random_seed20260503_dare_linear_e8_dare_linear
dare_linear,pair,chauhoang_2aa4f343_5524_f86e_b+mrhungddddh_9b1deaac_4565_48f2,31.46354642779275,13.17596740722653,0,"[0.2916034980160277, 0.7083965019839723]","[0.6, 0.4]",15.65704345703125,"{""chauhoang_2aa4f343_5524_f86e_b"": -12.03012771606442, ""mrhungddddh_9b1deaac_4565_48f2"": -13.17596740722653}",mrhungddddh_9b1deaac_4565_48f2,continuous_primal_dual_psd,4,31.46354642779275,31.46354642779272,3.1974423109204515e-14,"[0.0785778024902196, 0.9214221975097804]",primal=Optimization terminated successfully; dual=outer=Optimization terminated successfully; inner=Optimization terminated successfully,1,-149.14810657501226,149.14810657501226,,qwen25_real_m50_balanced_random_seed20260503_dare_linear_e8_dare_linear
dare_linear,pair,taronklm_trained_model+laquythang_efe15045_778f_4dfa,0.0556873688584005,-0.4654196808447246,1,"[0.48702052100492965, 0.5129794789950703]","[0.8, 0.2]",0.0607171658185256,"{""laquythang_efe15045_778f_4dfa"": 32.93636732101444, ""taronklm_trained_model"": 0.4654196808447246}",taronklm_trained_model,continuous_primal_dual_psd,4,0.0556873688584005,0.0556873688583152,8.526512829121202e-14,"[1.0, 0.0]",primal=Optimization terminated successfully; dual=outer=Optimization terminated successfully; inner=Optimization terminated successfully,0,787.6603305339813,0.0,,qwen25_real_m50_balanced_random_seed20260503_dare_linear_e8_dare_linear
dare_linear,pair,nbninh_0d8b128b_8753_46c3_b80f+nblinh63_0eb73af3_0631_437a_ad,70.20188696384429,56.48452348709103,0,"[0.20000000000000126, 0.7999999999999987]","[0.2, 0.8]",0.0,"{""nblinh63_0eb73af3_0631_437a_ad"": -56.48452348709103, ""nbninh_0d8b128b_8753_46c3_b80f"": -30.900302600860563}",nblinh63_0eb73af3_0631_437a_ad,continuous_primal_dual_psd,4,70.20188696384429,70.20188696384429,0.0,"[1.0, 0.0]",primal=Optimization terminated successfully; dual=outer=Optimization terminated successfully; inner=Optimization terminated successfully,1,-204.42679524421692,204.42679524421692,,qwen25_real_m50_balanced_random_seed20260503_dare_linear_e8_dare_linear
dare_linear,pair,versil91_8444c3be_8779_4769_a0+nbninh_c4ae10ba_efe4_401e_8dd7,-0.2749994188551998,3.4316451072692544,0,"[0.20000000000000007, 0.7999999999999999]","[0.8, 0.2]",13.366830348968506,"{""nbninh_c4ae10ba_efe4_401e_8dd7"": -3.4316451072692544, ""versil91_8444c3be_8779_4769_a0"": -0.4796605566870333}",nbninh_c4ae10ba_efe4_401e_8dd7,continuous_primal_dual_psd,4,-0.2749994188551998,-0.2749994188551998,0.0,"[0.0, 1.0]",primal=Optimization terminated successfully; dual=outer=Optimization terminated successfully; inner=Optimization terminated successfully,1,-4.101541196013881,4.101541196013881,,qwen25_real_m50_balanced_random_seed20260503_dare_linear_e8_dare_linear
dare_linear,pair,cunghoctienganh_b7496e73_1762+nhoxinh_0c66c9c5_5cc2_46a8_9db,56.50873489379885,37.37614459991452,0,"[0.8, 0.19999999999999996]","[0.8, 0.2]",0.0,"{""cunghoctienganh_b7496e73_1762"": -37.37614459991452, ""nhoxinh_0c66c9c5_5cc2_46a8_9db"": 2.4490445137024253}",cunghoctienganh_b7496e73_1762,continuous_primal_dual_psd,4,56.50873489379885,56.50873489379885,0.0,"[0.0, 1.0]",primal=Optimization terminated successfully; dual=outer=Optimization terminated successfully; inner=Optimization terminated successfully,0,0.0002980232236975,0.0,,qwen25_real_m50_balanced_random_seed20260503_dare_linear_e8_dare_linear
dare_linear,pair,adammandic87_3d7a58a6_4380_4e3+datlaaaaaaa_0dbe42c8_b07b_4785,51.66591949462888,8.151915740966764,0,"[0.2, 0.8]","[0.8, 0.2]",17.700326442718506,"{""adammandic87_3d7a58a6_4380_4e3"": -2.1102339744567544, ""datlaaaaaaa_0dbe42c8_b07b_4785"": -8.151915740966764}",datlaaaaaaa_0dbe42c8_b07b_4785,continuous_primal_dual_psd,4,51.66591949462888,51.66591949462888,0.0,"[0.0, 1.0]",primal=Optimization terminated successfully; dual=outer=Optimization terminated successfully; inner=Optimization terminated successfully,1,-313.92022967338573,313.92022967338573,,qwen25_real_m50_balanced_random_seed20260503_dare_linear_e8_dare_linear
dare_linear,pair,datlaaaaaaa_cc1f8701_0976_4f48+mrhungddddh_911f6275_22fd_4f41,40.50535507202149,62.36666746139523,0,"[0.2, 0.8]","[0.4, 0.6]",27.08332538604736,"{""datlaaaaaaa_cc1f8701_0976_4f48"": -54.13748331069943, ""mrhungddddh_911f6275_22fd_4f41"": -62.36666746139523}",mrhungddddh_911f6275_22fd_4f41,continuous_primal_dual_psd,4,40.50535507202149,40.50535507202149,0.0,"[0.0, 1.0]",primal=Optimization terminated successfully; dual=outer=Optimization terminated successfully; inner=Optimization terminated successfully,1,-39.954930543899486,39.954930543899486,,qwen25_real_m50_balanced_random_seed20260503_dare_linear_e8_dare_linear
dare_linear,pair,laquythang_8444c3be_8779_4769+nhoxinh_2f944a50_cbd3_4334_af8,43.0184770345688,46.17858238220212,0,"[0.20000000000000154, 0.7999999999999985]","[0.2, 0.8]",0.0,"{""laquythang_8444c3be_8779_4769"": -31.949999999999967, ""nhoxinh_2f944a50_cbd3_4334_af8"": -46.178582382202116}",nhoxinh_2f944a50_cbd3_4334_af8,continuous_primal_dual_psd,4,43.0184770345688,43.0184770345688,0.0,"[1.0, 0.0]",primal=Optimization terminated successfully; dual=outer=Optimization terminated successfully; inner=Optimization terminated successfully,0,252.60493159294109,0.0,,qwen25_real_m50_balanced_random_seed20260503_dare_linear_e8_dare_linear
dare_linear,pair,adammandic87_f28f18cf_4abb_4db+versil91_63cd5c4a_5a68_4c25_bd,-1.4907482762283588,-0.8555569684100004,1,"[0.2282205940773029, 0.7717794059226971]","[0.2, 0.8]",0.0,"{""adammandic87_f28f18cf_4abb_4db"": 7.344874668121371, ""versil91_63cd5c4a_5a68_4c25_bd"": 0.8555569684100004}",versil91_63cd5c4a_5a68_4c25_bd,continuous_primal_dual_psd,4,-1.4907482762283588,-1.490748276231805,3.446132268436486e-12,"[0.11702041548190983, 0.8829795845180902]",primal=Optimization terminated successfully; dual=outer=Optimization terminated successfully; inner=Optimization terminated successfully,1,-63.80200386047365,63.80200386047365,,qwen25_real_m50_balanced_random_seed20260503_dare_linear_e8_dare_linear
dare_linear,pair,phungkhaccuong_731c6dec_a942_4+mrhunghddddd_d692685b_fdb4_477,37.71335728168488,-13.154169845581087,1,"[0.8, 0.19999999999999996]","[0.4, 0.6]",14.375007152557371,"{""mrhunghddddd_d692685b_fdb4_477"": 13.154169845581087, ""phungkhaccuong_731c6dec_a942_4"": 17.577239799499544}",mrhunghddddd_d692685b_fdb4_477,continuous_primal_dual_psd,4,37.71335728168488,37.71335728168488,0.0,"[0.0, 1.0]",primal=Optimization terminated successfully; dual=outer=Optimization terminated successfully; inner=Optimization terminated successfully,1,-112.32510209083571,112.32510209083571,,qwen25_real_m50_balanced_random_seed20260503_dare_linear_e8_dare_linear
dare_linear,pair,tuanna08go_6af2bb68_a65f_4331+phungkhaccuong_a992b7f5_9d18_c,24.917649698257417,-0.3357137018326875,1,"[0.2, 0.8]","[0.8, 0.2]",0.5571419229323001,"{""phungkhaccuong_a992b7f5_9d18_c"": 15.549990463256869, ""tuanna08go_6af2bb68_a65f_4331"": 0.33571370183268756}",tuanna08go_6af2bb68_a65f_4331,continuous_primal_dual_psd,4,24.917649698257417,24.917649698257417,0.0,"[0.9999999999999998, 2.7755575615628914e-16]",primal=Optimization terminated successfully; dual=outer=Optimization terminated successfully; inner=Optimization terminated successfully,1,-225.76093673706052,225.76093673706052,,qwen25_real_m50_balanced_random_seed20260503_dare_linear_e8_dare_linear
dare_linear,pair,mrhungddddh_fe499423_02f3_4cfd+nhung03_7b6cdc3c_7130_4c2c_a2c,81.08729667663569,42.28654212951657,0,"[0.2, 0.8]","[0.2, 0.8]",0.0,"{""mrhungddddh_fe499423_02f3_4cfd"": -42.28654212951657, ""nhung03_7b6cdc3c_7130_4c2c_a2c"": -26.501265239715543}",mrhungddddh_fe499423_02f3_4cfd,continuous_primal_dual_psd,4,81.08729667663569,81.08729667663569,0.0,"[0.0, 1.0]",primal=Optimization terminated successfully; dual=outer=Optimization terminated successfully; inner=Optimization terminated successfully,1,-654.5925140380859,654.5925140380859,,qwen25_real_m50_balanced_random_seed20260503_dare_linear_e8_dare_linear
dare_linear,pair,tuanna08go_7647f014_8af3_4266+duyphu_4909ad74_a335_4972_9ed8,-0.5436369244918313,-0.2047412362678835,1,"[0.8, 0.19999999999999996]","[0.8, 0.2]",0.0,"{""duyphu_4909ad74_a335_4972_9ed8"": 10.204729366302523, ""tuanna08go_7647f014_8af3_4266"": 0.20474123626788351}",tuanna08go_7647f014_8af3_4266,continuous_primal_dual_psd,4,-0.5436369244918313,-0.5436369244918313,0.0,"[1.0, 0.0]",primal=Optimization terminated successfully; dual=outer=Optimization terminated successfully; inner=Optimization terminated successfully,0,7.045468968803383,0.0,,qwen25_real_m50_balanced_random_seed20260503_dare_linear_e8_dare_linear
dare_linear,pair,versil91_01a5620a_fb5f_4bab_94+hongngo_7e251dfc_e0f7_4f73_aae,1.635187860148271,11.807945442199674,0,"[0.7484679528493834, 0.2515320471506166]","[0.6, 0.4]",6.562495231628418,"{""hongngo_7e251dfc_e0f7_4f73_aae"": -11.807945442199674, ""versil91_01a5620a_fb5f_4bab_94"": -2.5141925899185753}",hongngo_7e251dfc_e0f7_4f73_aae,continuous_primal_dual_psd,4,1.635187860148271,1.6351878601480805,1.905142710256769e-13,"[0.9260495608986445, 0.07395043910135551]",primal=Optimization terminated successfully; dual=outer=Optimization terminated successfully; inner=Optimization terminated successfully,0,61.498433351516766,0.0,,qwen25_real_m50_balanced_random_seed20260503_dare_linear_e8_dare_linear
dare_linear,pair,cunghoctienganh_c1cf0152_7ae6+versil91_474890ea_012d_4a25_96,0.214051479923726,0.1743594145180359,0,"[0.4086828545042438, 0.5913171454957562]","[0.4, 0.6]",0.0,"{""cunghoctienganh_c1cf0152_7ae6"": 0.6541698455810874, ""versil91_474890ea_012d_4a25_96"": -0.1743594145180359}",versil91_474890ea_012d_4a25_96,continuous_primal_dual_psd,4,0.214051479923726,0.214051479923726,0.0,"[1.0, 0.0]",primal=Optimization terminated successfully; dual=outer=Optimization terminated successfully; inner=Optimization terminated successfully,0,15.452826982711011,0.0,,qwen25_real_m50_balanced_random_seed20260503_dare_linear_e8_dare_linear
dare_linear,pair,nbninh_a1f78795_1b61_4923_9235+nhoxinh_9214fc0d_4490_4bdd_9ff,84.11590599271035,62.95377321243283,0,"[0.5126826000556401, 0.48731739994435985]","[0.4, 0.6]",70.47350406646729,"{""nbninh_a1f78795_1b61_4923_9235"": -62.95377321243283, ""nhoxinh_9214fc0d_4490_4bdd_9ff"": -42.40527458190915}",nbninh_a1f78795_1b61_4923_9235,continuous_primal_dual_psd,4,84.11590599271035,84.11590599271035,0.0,"[0.0, 1.0]",primal=Optimization terminated successfully; dual=outer=Optimization terminated successfully; inner=Optimization terminated successfully,0,106.77054524421682,0.0,,qwen25_real_m50_balanced_random_seed20260503_dare_linear_e8_dare_linear
dare_linear,pair,cunghoctienganh_4909ad74_a335+nhung02_db2c9545_4607_487b_9cc,72.06758666278068,30.595830154418916,0,"[0.4500190447960272, 0.5499809552039727]","[0.6, 0.4]",106.45831823349,"{""cunghoctienganh_4909ad74_a335"": -30.595830154418913, ""nhung02_db2c9545_4607_487b_9cc"": -25.273898315429655}",cunghoctienganh_4909ad74_a335,continuous_primal_dual_psd,4,72.06758666278068,72.06758666278068,0.0,"[0.0, 1.0]",primal=Optimization terminated successfully; dual=outer=Optimization terminated successfully; inner=Optimization terminated successfully,0,422.2758114337923,0.0,,qwen25_real_m50_balanced_random_seed20260503_dare_linear_e8_dare_linear
dare_linear,pair,hongngo_687b8c72_c89b_4cb7_b7c+hongngo_9d92894f_7b7b_49e0_8f3,52.30826304449743,35.73932952880856,0,"[0.5205194318367649, 0.47948056816323514]","[0.6, 0.4]",0.0,"{""hongngo_687b8c72_c89b_4cb7_b7c"": -35.73932952880856, ""hongngo_9d92894f_7b7b_49e0_8f3"": -10.734966468811002}",hongngo_687b8c72_c89b_4cb7_b7c,continuous_primal_dual_psd,4,52.30826304449743,52.30826304449696,4.689582056016661e-13,"[0.0, 1.0]",primal=Optimization terminated successfully; dual=outer=Optimization terminated successfully; inner=Optimization terminated successfully,0,401.0421037673949,0.0,,qwen25_real_m50_balanced_random_seed20260503_dare_linear_e8_dare_linear
dare_linear,pair,mrhunghd_9e58333c_df22_4a00_9c+nhung02_08157847_d833_4d45_90f,80.54501982218787,41.74169607162472,0,"[0.22869944745282667, 0.7713005525471733]","[0.4, 0.6]",9.37497615814209,"{""mrhunghd_9e58333c_df22_4a00_9c"": -41.74169607162472, ""nhung02_08157847_d833_4d45_90f"": -29.498091411590543}",mrhunghd_9e58333c_df22_4a00_9c,continuous_primal_dual_psd,4,80.54501982218787,80.54501982218774,1.2789769243681806e-13,"[0.7183792528540229, 0.281620747145977]",primal=Optimization terminated successfully; dual=outer=Optimization terminated successfully; inner=Optimization terminated successfully,1,-172.77628183364897,172.77628183364897,,qwen25_real_m50_balanced_random_seed20260503_dare_linear_e8_dare_linear
dare_linear,pair,duyphu_7aba420b_74ac_4209_b514+versil91_121ef6e9_0ded_4fc3_8c,1.2337525325750862,-0.4691451072693198,1,"[0.2, 0.8]","[0.2, 0.8]",0.0,"{""duyphu_7aba420b_74ac_4209_b514"": 0.4691451072693198, ""versil91_121ef6e9_0ded_4fc3_8c"": 6.070837306976351}",duyphu_7aba420b_74ac_4209_b514,continuous_primal_dual_psd,4,1.2337525325750862,1.2337525325750862,0.0,"[0.0, 1.0]",primal=Optimization terminated successfully; dual=outer=Optimization terminated successfully; inner=Optimization terminated successfully,1,-40.36067470618998,40.36067470618998,,qwen25_real_m50_balanced_random_seed20260503_dare_linear_e8_dare_linear
dare_linear,pair,duyphu_0112d9da_9934_4614_b233+datlaaaaaaa_e8cccbe1_c136_409a,15.991657447814871,46.6374904632568,0,"[0.2, 0.8]","[0.8, 0.2]",1.250004768371582,"{""datlaaaaaaa_e8cccbe1_c136_409a"": -46.6374904632568, ""duyphu_0112d9da_9934_4614_b233"": -34.99487943649289}",datlaaaaaaa_e8cccbe1_c136_409a,continuous_primal_dual_psd,4,15.991657447814871,15.991657447814871,0.0,"[1.0, 0.0]",primal=Optimization terminated successfully; dual=outer=Optimization terminated successfully; inner=Optimization terminated successfully,1,-509.1145634651184,509.1145634651184,,qwen25_real_m50_balanced_random_seed20260503_dare_linear_e8_dare_linear
dare_linear,pair,cunghoctienganh_c1cf0152_7ae6+thaffggg_8c87f3d3_d4bb_475a_a8,-2.812418858259917,2.4234683036803872,0,"[0.6750408513163597, 0.3249591486836403]","[0.8, 0.2]",21.070802211761475,"{""cunghoctienganh_c1cf0152_7ae6"": 3.4666746139526694, ""thaffggg_8c87f3d3_d4bb_475a_a8"": -2.4234683036803872}",thaffggg_8c87f3d3_d4bb_475a_a8,continuous_primal_dual_psd,4,-2.812418858259917,-2.812418858259917,0.0,"[1.0, 0.0]",primal=Optimization terminated successfully; dual=outer=Optimization terminated successfully; inner=Optimization terminated successfully,0,616.4024998938022,0.0,,qwen25_real_m50_balanced_random_seed20260503_dare_linear_e8_dare_linear
dare_linear,pair,chauhoang_2aa4f343_5524_f86e_b+hongngo_687b8c72_c89b_4cb7_b7c,30.827068131553133,41.51730842590329,0,"[0.47142852489394704, 0.528571475106053]","[0.4, 0.6]",0.0,"{""chauhoang_2aa4f343_5524_f86e_b"": -41.51730842590329, ""hongngo_687b8c72_c89b_4cb7_b7c"": -40.305188369750944}",chauhoang_2aa4f343_5524_f86e_b,continuous_primal_dual_psd,4,30.827068131553133,30.827068131553133,0.0,"[1.0, 0.0]",primal=Optimization terminated successfully; dual=outer=Optimization terminated successfully; inner=Optimization terminated successfully,0,554.3324351310729,0.0,,qwen25_real_m50_balanced_random_seed20260503_dare_linear_e8_dare_linear
dare_linear,pair,cunghoctienganh_b7496e73_1762+mrhungddddh_9b1deaac_4565_48f2,45.82617486819623,48.8818079948425,0,"[0.49124637902272245, 0.5087536209772776]","[0.8, 0.2]",9.05306339263916,"{""cunghoctienganh_b7496e73_1762"": -48.8818079948425, ""mrhungddddh_9b1deaac_4565_48f2"": -11.95000715255734}",cunghoctienganh_b7496e73_1762,continuous_primal_dual_psd,4,45.82617486819623,45.8261748681939,2.323474745935528e-12,"[0.0, 1.0]",primal=Optimization terminated successfully; dual=outer=Optimization terminated successfully; inner=Optimization terminated successfully,0,120.62057852745028,0.0,,qwen25_real_m50_balanced_random_seed20260503_dare_linear_e8_dare_linear
dare_linear,pair,versil91_e9f26c47_9b78_4e3f_81+hongngo_9d92894f_7b7b_49e0_8f3,36.460414600372296,3.6999923706054574,0,"[0.2, 0.8]","[0.8, 0.2]",10.71795654296875,"{""hongngo_9d92894f_7b7b_49e0_8f3"": -3.1475574493407876, ""versil91_e9f26c47_9b78_4e3f_81"": -3.6999923706054574}",versil91_e9f26c47_9b78_4e3f_81,continuous_primal_dual_psd,4,36.460414600372296,36.460414600372296,0.0,"[0.0, 1.0]",primal=Optimization terminated successfully; dual=outer=Optimization terminated successfully; inner=Optimization terminated successfully,1,-169.27078366279608,169.27078366279608,,qwen25_real_m50_balanced_random_seed20260503_dare_linear_e8_dare_linear
dare_linear,pair,chauhoang_4909ad74_a335_4972_9+versil91_474890ea_012d_4a25_96,8.3160299937201,1.5589777335271264,0,"[0.22176828046363362, 0.7782317195363664]","[0.4, 0.6]",1.9743689512975744,"{""chauhoang_4909ad74_a335_4972_9"": 4.726132678985628, ""versil91_474890ea_012d_4a25_96"": -1.5589777335271264}",versil91_474890ea_012d_4a25_96,continuous_primal_dual_psd,4,8.3160299937201,8.3160299937201,0.0,"[1.0, 0.0]",primal=Optimization terminated successfully; dual=outer=Optimization terminated successfully; inner=Optimization terminated successfully,1,-0.0001490116120355,0.0001490116120355,,qwen25_real_m50_balanced_random_seed20260503_dare_linear_e8_dare_linear
dare_linear,pair,tuanna08go_c1cf0152_7ae6_43b6+nbninh_0d8b128b_8753_46c3_b80f,6.042389178300851,2.518180084228483,0,"[0.7207972414329025, 0.27920275856709753]","[0.8, 0.2]",0.0,"{""nbninh_0d8b128b_8753_46c3_b80f"": 1.9522517204284995, ""tuanna08go_c1cf0152_7ae6_43b6"": -2.518180084228483}",tuanna08go_c1cf0152_7ae6_43b6,continuous_primal_dual_psd,4,6.042389178300851,6.042389178300851,0.0,"[0.5094417129441171, 0.49055828705588284]",primal=Optimization terminated successfully; dual=outer=Optimization terminated successfully; inner=Optimization terminated successfully,0,479.1666567325591,0.0,,qwen25_real_m50_balanced_random_seed20260503_dare_linear_e8_dare_linear
dare_linear,pair,taronklm_trained_model+nblinh63_0eb73af3_0631_437a_ad,-5.221634086596822,-0.2116280732698518,1,"[0.45425243304101415, 0.5457475669589859]","[0.4, 0.6]",0.0,"{""nblinh63_0eb73af3_0631_437a_ad"": 28.850909996032748, ""taronklm_trained_model"": 0.21162807326985186}",taronklm_trained_model,continuous_primal_dual_psd,4,-5.221634086596822,-5.221634086596822,0.0,"[1.0, 0.0]",primal=Optimization terminated successfully; dual=outer=Optimization terminated successfully; inner=Optimization terminated successfully,0,1009.114384651184,0.0,,qwen25_real_m50_balanced_random_seed20260503_dare_linear_e8_dare_linear
dare_linear,pair,lhong4759_f68c5c87_934d_4399_b+laquythang_efe15045_778f_4dfa,50.904090406124645,60.92728681564328,0,"[0.7679364598813746, 0.2320635401186254]","[0.6, 0.4]",13.202190399169917,"{""laquythang_efe15045_778f_4dfa"": -60.92728681564328, ""lhong4759_f68c5c87_934d_4399_b"": -42.9355771064758}",laquythang_efe15045_778f_4dfa,continuous_primal_dual_psd,4,50.904090406124645,50.90409040612287,1.7763568394002505e-12,"[0.7642668445174579, 0.23573315548254212]",primal=Optimization terminated successfully; dual=outer=Optimization terminated successfully; inner=Optimization terminated successfully,0,184.6590638160707,0.0,,qwen25_real_m50_balanced_random_seed20260503_dare_linear_e8_dare_linear
dare_linear,pair,adammandic87_3d7a58a6_4380_4e3+datlaaaaaaa_cc1f8701_0976_4f48,43.04484314918516,12.28652305603024,0,"[0.2, 0.8]","[0.8, 0.2]",37.68428564071655,"{""adammandic87_3d7a58a6_4380_4e3"": -12.28652305603024, ""datlaaaaaaa_cc1f8701_0976_4f48"": -11.429157924652067}",adammandic87_3d7a58a6_4380_4e3,continuous_primal_dual_psd,4,43.04484314918516,43.04484314918516,0.0,"[0.0, 1.0]",primal=Optimization terminated successfully; dual=outer=Optimization terminated successfully; inner=Optimization terminated successfully,1,-231.3338220119477,231.3338220119477,,qwen25_real_m50_balanced_random_seed20260503_dare_linear_e8_dare_linear
dare_linear,pair,nhoxinh_0c66c9c5_5cc2_46a8_9db+nhung02_08157847_d833_4d45_90f,57.304174375534025,32.23846263885495,0,"[0.2, 0.8]","[0.2, 0.8]",0.0,"{""nhoxinh_0c66c9c5_5cc2_46a8_9db"": -32.23846263885495, ""nhung02_08157847_d833_4d45_90f"": -27.631107044219938}",nhoxinh_0c66c9c5_5cc2_46a8_9db,continuous_primal_dual_psd,4,57.304174375534025,57.304174375534025,0.0,"[0.0, 1.0]",primal=Optimization terminated successfully; dual=outer=Optimization terminated successfully; inner=Optimization terminated successfully,1,-680.6342303752898,680.6342303752898,,qwen25_real_m50_balanced_random_seed20260503_dare_linear_e8_dare_linear
dare_linear,pair,denbeo_d9ae91c0_fed9_4fb4_8ddd+nhoxinh_2f944a50_cbd3_4334_af8,53.99357683658598,39.26424093246457,0,"[0.2, 0.8]","[0.4, 0.6]",2.74038314819336,"{""denbeo_d9ae91c0_fed9_4fb4_8ddd"": -25.796166133880583, ""nhoxinh_2f944a50_cbd3_4334_af8"": -39.26424093246457}",nhoxinh_2f944a50_cbd3_4334_af8,continuous_primal_dual_psd,4,53.99357683658598,53.99357683658598,0.0,"[1.0, 0.0]",primal=Optimization terminated successfully; dual=outer=Optimization terminated successfully; inner=Optimization terminated successfully,0,283.1436693668364,0.0,,qwen25_real_m50_balanced_random_seed20260503_dare_linear_e8_dare_linear
dare_linear,pair,nbninh_c4ae10ba_efe4_401e_8dd7+versil91_121ef6e9_0ded_4fc3_8c,-0.4558754176596133,-3.9073794364929526,1,"[0.2, 0.8]","[0.2, 0.8]",0.0,"{""nbninh_c4ae10ba_efe4_401e_8dd7"": 3.9073794364929526, ""versil91_121ef6e9_0ded_4fc3_8c"": 9.091672229766878}",nbninh_c4ae10ba_efe4_401e_8dd7,continuous_primal_dual_psd,4,-0.4558754176596133,-0.4558754176596133,0.0,"[1.1102230246251565e-16, 0.9999999999999999]",primal=Optimization terminated successfully; dual=outer=Optimization terminated successfully; inner=Optimization terminated successfully,1,-24.65557761501103,24.65557761501103,,qwen25_real_m50_balanced_random_seed20260503_dare_linear_e8_dare_linear
dare_linear,pair,duyphu_7aba420b_74ac_4209_b514+phungkhaccuong_2b1522e6_bef2_7,17.55417890548702,0.2228648185729653,0,"[0.2, 0.8]","[0.2, 0.8]",0.0,"{""duyphu_7aba420b_74ac_4209_b514"": -0.22286481857296536, ""phungkhaccuong_2b1522e6_bef2_7"": 1.5159099578857749}",duyphu_7aba420b_74ac_4209_b514,continuous_primal_dual_psd,4,17.55417890548702,17.55417890548702,0.0,"[1.0, 0.0]",primal=Optimization terminated successfully; dual=outer=Optimization terminated successfully; inner=Optimization terminated successfully,1,-375.0000894069671,375.0000894069671,,qwen25_real_m50_balanced_random_seed20260503_dare_linear_e8_dare_linear
dare_linear,pair,nhoxinh_9214fc0d_4490_4bdd_9ff+datlaaaaaaa_0dbe42c8_b07b_4785,35.68534392173038,30.634430122375456,0,"[0.5117582464978033, 0.4882417535021967]","[0.6, 0.4]",0.0,"{""datlaaaaaaa_0dbe42c8_b07b_4785"": -25.17916269302365, ""nhoxinh_9214fc0d_4490_4bdd_9ff"": -30.634430122375456}",nhoxinh_9214fc0d_4490_4bdd_9ff,continuous_primal_dual_psd,4,35.68534392173038,35.68534392173038,0.0,"[0.0, 1.0]",primal=Optimization terminated successfully; dual=outer=Optimization terminated successfully; inner=Optimization terminated successfully,0,972.656160593033,0.0,,qwen25_real_m50_balanced_random_seed20260503_dare_linear_e8_dare_linear
dare_linear,pair,phungkhaccuong_a992b7f5_9d18_c+mrhungddddh_911f6275_22fd_4f41,16.011980247497526,23.20000238418576,0,"[0.2, 0.8]","[0.4, 0.6]",9.375011920928957,"{""mrhungddddh_911f6275_22fd_4f41"": -23.20000238418576, ""phungkhaccuong_a992b7f5_9d18_c"": -22.158339691162077}",mrhungddddh_911f6275_22fd_4f41,continuous_primal_dual_psd,4,16.011980247497526,16.011980247497526,0.0,"[0.0, 1.0]",primal=Optimization terminated successfully; dual=outer=Optimization terminated successfully; inner=Optimization terminated successfully,1,-217.3845469951629,217.3845469951629,,qwen25_real_m50_balanced_random_seed20260503_dare_linear_e8_dare_linear
dare_linear,pair,versil91_01a5620a_fb5f_4bab_94+tuanna08go_7647f014_8af3_4266,-0.4888643707721846,-0.5201343167919487,1,"[0.2000000000000003, 0.7999999999999997]","[0.2, 0.8]",0.0,"{""tuanna08go_7647f014_8af3_4266"": 0.5201343167919487, ""versil91_01a5620a_fb5f_4bab_94"": 2.699034111551547}",tuanna08go_7647f014_8af3_4266,continuous_primal_dual_psd,4,-0.4888643707721846,-0.4888643707721846,0.0,"[0.0, 1.0]",primal=Optimization terminated successfully; dual=outer=Optimization terminated successfully; inner=Optimization terminated successfully,0,0.5113561882408736,0.0,,qwen25_real_m50_balanced_random_seed20260503_dare_linear_e8_dare_linear
dare_linear,pair,thaffggg_8a78a9b2_d3fa_4615_b8+hongngo_7e251dfc_e0f7_4f73_aae,55.83048988611649,49.27006072998044,0,"[0.359974791169619, 0.640025208830381]","[0.4, 0.6]",0.0,"{""hongngo_7e251dfc_e0f7_4f73_aae"": -49.270060729980436, ""thaffggg_8a78a9b2_d3fa_4615_b8"": -34.60223979949948}",hongngo_7e251dfc_e0f7_4f73_aae,continuous_primal_dual_psd,4,55.83048988611649,55.83048988611649,0.0,"[1.0, 0.0]",primal=Optimization terminated successfully; dual=outer=Optimization terminated successfully; inner=Optimization terminated successfully,0,561.7898702621461,0.0,,qwen25_real_m50_balanced_random_seed20260503_dare_linear_e8_dare_linear
dare_linear,pair,tuanna08go_6af2bb68_a65f_4331+duyphu_0112d9da_9934_4614_b233,28.56351639868941,-0.192856442199225,1,"[0.29435185417679105, 0.7056481458232089]","[0.8, 0.2]",33.87654098199411,"{""duyphu_0112d9da_9934_4614_b233"": 4.868182468414339, ""tuanna08go_6af2bb68_a65f_4331"": 0.19285644219922507}",tuanna08go_6af2bb68_a65f_4331,continuous_primal_dual_psd,4,28.56351639868941,28.563516398689337,7.105427357601003e-14,"[0.6434914996577373, 0.3565085003422626]",primal=Optimization terminated successfully; dual=outer=Optimization terminated successfully; inner=Optimization terminated successfully,1,-101.1984050273896,101.1984050273896,,qwen25_real_m50_balanced_random_seed20260503_dare_linear_e8_dare_linear
dare_linear,pair,mrhunghddddd_d692685b_fdb4_477+datlaaaaaaa_e8cccbe1_c136_409a,40.27140513765565,17.290905189514127,0,"[0.4397356053855415, 0.5602643946144585]","[0.6, 0.4]",32.38636255264282,"{""datlaaaaaaa_e8cccbe1_c136_409a"": -17.290905189514127, ""mrhunghddddd_d692685b_fdb4_477"": 6.904157924652132}",datlaaaaaaa_e8cccbe1_c136_409a,continuous_primal_dual_psd,4,40.27140513765565,40.27140513765565,0.0,"[1.0, 0.0]",primal=Optimization terminated successfully; dual=outer=Optimization terminated successfully; inner=Optimization terminated successfully,0,329.2265534400939,0.0,,qwen25_real_m50_balanced_random_seed20260503_dare_linear_e8_dare_linear
dare_linear,pair,duyphu_4909ad74_a335_4972_9ed8+phungkhaccuong_731c6dec_a942_4,-0.511528611553667,4.450002384185758,0,"[0.2, 0.8]","[0.2, 0.8]",0.0,"{""duyphu_4909ad74_a335_4972_9ed8"": 10.611936378479037, ""phungkhaccuong_731c6dec_a942_4"": -4.450002384185758}",phungkhaccuong_731c6dec_a942_4,continuous_primal_dual_psd,4,-0.511528611553667,-0.511528611553667,0.0,"[0.0, 1.0]",primal=Optimization terminated successfully; dual=outer=Optimization terminated successfully; inner=Optimization terminated successfully,0,11.671945948069652,0.0,,qwen25_real_m50_balanced_random_seed20260503_dare_linear_e8_dare_linear
dare_linear,pair,nhung02_db2c9545_4607_487b_9cc+mrhungddddh_fe499423_02f3_4cfd,139.2096216201783,116.61346263885494,0,"[0.20000000000000198, 0.799999999999998]","[0.2, 0.8]",0.0,"{""mrhungddddh_fe499423_02f3_4cfd"": -116.61346263885494, ""nhung02_db2c9545_4607_487b_9cc"": -83.91026563644405}",mrhungddddh_fe499423_02f3_4cfd,continuous_primal_dual_psd,4,139.2096216201783,139.2096216201783,0.0,"[1.0, 0.0]",primal=Optimization terminated successfully; dual=outer=Optimization terminated successfully; inner=Optimization terminated successfully,1,-201.4669775962833,201.4669775962833,,qwen25_real_m50_balanced_random_seed20260503_dare_linear_e8_dare_linear
dare_linear,pair,nhung03_7b6cdc3c_7130_4c2c_a2c+versil91_63cd5c4a_5a68_4c25_bd,6.097729277610732,3.7370492817754366,0,"[0.2, 0.8]","[0.2, 0.8]",0.0,"{""nhung03_7b6cdc3c_7130_4c2c_a2c"": 0.44583969116214206, ""versil91_63cd5c4a_5a68_4c25_bd"": -3.7370492817754366}",versil91_63cd5c4a_5a68_4c25_bd,continuous_primal_dual_psd,4,6.097729277610732,6.097729277610732,0.0,"[1.0, 0.0]",primal=Optimization terminated successfully; dual=outer=Optimization terminated successfully; inner=Optimization terminated successfully,0,1.4205276966093536,0.0,,qwen25_real_m50_balanced_random_seed20260503_dare_linear_e8_dare_linear
dare_linear,pair,versil91_8444c3be_8779_4769_a0+cunghoctienganh_4909ad74_a335,11.488580179214424,9.76250476837155,0,"[0.8, 0.19999999999999996]","[0.8, 0.2]",0.0,"{""cunghoctienganh_4909ad74_a335"": -9.76250476837155, ""versil91_8444c3be_8779_4769_a0"": -1.496611385898555}",cunghoctienganh_4909ad74_a335,continuous_primal_dual_psd,4,11.488580179214424,11.488580179214424,0.0,"[1.0, 0.0]",primal=Optimization terminated successfully; dual=outer=Optimization terminated successfully; inner=Optimization terminated successfully,0,157.0513844490048,0.0,,qwen25_real_m50_balanced_random_seed20260503_dare_linear_e8_dare_linear
dare_linear,pair,nbninh_a1f78795_1b61_4923_9235+mrhunghd_9e58333c_df22_4a00_9c,44.69711894246743,60.37803001403805,0,"[0.5380498599296829, 0.4619501400703171]","[0.6, 0.4]",0.0,"{""mrhunghd_9e58333c_df22_4a00_9c"": -29.449990463256803, ""nbninh_a1f78795_1b61_4923_9235"": -60.37803001403805}",nbninh_a1f78795_1b61_4923_9235,continuous_primal_dual_psd,4,44.69711894246743,44.697118942464186,3.240074875066057e-12,"[0.0, 1.0]",primal=Optimization terminated successfully; dual=outer=Optimization terminated successfully; inner=Optimization terminated successfully,0,1122.8969693183897,0.0,,qwen25_real_m50_balanced_random_seed20260503_dare_linear_e8_dare_linear
dare_linear,pair,laquythang_8444c3be_8779_4769+adammandic87_f28f18cf_4abb_4db,13.002081584947128,7.887497615814176,0,"[0.20000000000005222, 0.7999999999999478]","[0.2, 0.8]",0.0,"{""adammandic87_f28f18cf_4abb_4db"": -2.6842624664306314, ""laquythang_8444c3be_8779_4769"": -7.887497615814176}",laquythang_8444c3be_8779_4769,continuous_primal_dual_psd,4,13.002081584947128,13.002081584947128,0.0,"[0.0, 1.0]",primal=Optimization terminated successfully; dual=outer=Optimization terminated successfully; inner=Optimization terminated successfully,1,-416.6662693023683,416.6662693023683,,qwen25_real_m50_balanced_random_seed20260503_dare_linear_e8_dare_linear
dare_linear,pair,chauhoang_2aa4f343_5524_f86e_b+hongngo_7e251dfc_e0f7_4f73_aae,45.89951141470856,46.08462162017819,0,"[0.44562941344503126, 0.5543705865549687]","[0.6, 0.4]",7.61725902557373,"{""chauhoang_2aa4f343_5524_f86e_b"": -46.08462162017819, ""hongngo_7e251dfc_e0f7_4f73_aae"": -41.770055961608854}",chauhoang_2aa4f343_5524_f86e_b,continuous_primal_dual_psd,4,45.89951141470856,45.89951141470856,0.0,"[1.0, 0.0]",primal=Optimization terminated successfully; dual=outer=Optimization terminated successfully; inner=Optimization terminated successfully,0,442.8265988826752,0.0,,qwen25_real_m50_balanced_random_seed20260503_dare_linear_e8_dare_linear
dare_linear,pair,versil91_e9f26c47_9b78_4e3f_81+cunghoctienganh_4909ad74_a335,12.848926258087108,20.491674613952604,0,"[0.8, 0.19999999999999996]","[0.8, 0.2]",0.0,"{""cunghoctienganh_4909ad74_a335"": -20.491674613952604, ""versil91_e9f26c47_9b78_4e3f_81"": -7.648715209960926}",cunghoctienganh_4909ad74_a335,continuous_primal_dual_psd,4,12.848926258087108,12.848926258087108,0.0,"[0.0, 1.0]",primal=Optimization terminated successfully; dual=outer=Optimization terminated successfully; inner=Optimization terminated successfully,1,-9.677337484349056,9.677337484349056,,qwen25_real_m50_balanced_random_seed20260503_dare_linear_e8_dare_linear
dare_linear,pair,taronklm_trained_model+phungkhaccuong_2b1522e6_bef2_7,-25.209153398979225,-0.5317619881856138,1,"[0.4694530181813089, 0.5305469818186911]","[0.8, 0.2]",0.4054835198449114,"{""phungkhaccuong_2b1522e6_bef2_7"": 21.01874046325687, ""taronklm_trained_model"": 0.5317619881856138}",taronklm_trained_model,continuous_primal_dual_psd,4,-25.209153398979225,-25.209153398979225,0.0,"[1.0, 0.0]",primal=Optimization terminated successfully; dual=outer=Optimization terminated successfully; inner=Optimization terminated successfully,0,537.9605293273925,0.0,,qwen25_real_m50_balanced_random_seed20260503_dare_linear_e8_dare_linear
dare_linear,pair,chauhoang_4909ad74_a335_4972_9+mrhunghd_9e58333c_df22_4a00_9c,29.80763808256644,13.825014305114712,0,"[0.5534638153054664, 0.4465361846945336]","[0.4, 0.6]",25.20831823348999,"{""chauhoang_4909ad74_a335_4972_9"": 1.4634578704834311, ""mrhunghd_9e58333c_df22_4a00_9c"": -13.825014305114713}",mrhunghd_9e58333c_df22_4a00_9c,continuous_primal_dual_psd,4,29.80763808256644,29.80763808256644,0.0,"[1.0, 0.0]",primal=Optimization terminated successfully; dual=outer=Optimization terminated successfully; inner=Optimization terminated successfully,0,534.1275036334991,0.0,,qwen25_real_m50_balanced_random_seed20260503_dare_linear_e8_dare_linear
dare_linear,pair,tuanna08go_c1cf0152_7ae6_43b6+laquythang_efe15045_778f_4dfa,-11.810705312284355,0.2396375656127602,0,"[0.5774332117316202, 0.4225667882683798]","[0.6, 0.4]",0.0,"{""laquythang_efe15045_778f_4dfa"": 5.322727489471468, ""tuanna08go_c1cf0152_7ae6_43b6"": -0.23963756561276028}",tuanna08go_c1cf0152_7ae6_43b6,continuous_primal_dual_psd,4,-11.810705312284355,-11.810705312284442,8.704148513061227e-14,"[0.917601485868858, 0.08239851413114188]",primal=Optimization terminated successfully; dual=outer=Optimization terminated successfully; inner=Optimization terminated successfully,0,512.7203464508056,0.0,,qwen25_real_m50_balanced_random_seed20260503_dare_linear_e8_dare_linear
dare_linear,pair,datlaaaaaaa_cc1f8701_0976_4f48+laquythang_8444c3be_8779_4769,89.18881037414644,89.86665315628048,0,"[0.46023728340489667, 0.5397627165951033]","[0.4, 0.6]",0.0,"{""datlaaaaaaa_cc1f8701_0976_4f48"": -89.86665315628048, ""laquythang_8444c3be_8779_4769"": -72.26250476837154}",datlaaaaaaa_cc1f8701_0976_4f48,continuous_primal_dual_psd,4,89.18881037414644,89.18881037414644,0.0,"[0.0, 1.0]",primal=Optimization terminated successfully; dual=outer=Optimization terminated successfully; inner=Optimization terminated successfully,0,319.219827651977,0.0,,qwen25_real_m50_balanced_random_seed20260503_dare_linear_e8_dare_linear
dare_linear,pair,cunghoctienganh_b7496e73_1762+nbninh_c4ae10ba_efe4_401e_8dd7,-0.7156240332877866,10.2928072929382,0,"[0.20000000000002324, 0.7999999999999767]","[0.2, 0.8]",0.0,"{""cunghoctienganh_b7496e73_1762"": -10.2928072929382, ""nbninh_c4ae10ba_efe4_401e_8dd7"": 8.729633617401156}",cunghoctienganh_b7496e73_1762,continuous_primal_dual_psd,4,-0.7156240332877866,-0.7156240332877866,0.0,"[0.0, 1.0]",primal=Optimization terminated successfully; dual=outer=Optimization terminated successfully; inner=Optimization terminated successfully,1,-367.1878576278685,367.1878576278685,,qwen25_real_m50_balanced_random_seed20260503_dare_linear_e8_dare_linear
dare_linear,pair,adammandic87_3d7a58a6_4380_4e3+nhung02_08157847_d833_4d45_90f,8.506998090540847,-1.1749952316284509,1,"[0.7384779916501164, 0.2615220083498836]","[0.8, 0.2]",0.0,"{""adammandic87_3d7a58a6_4380_4e3"": 1.1749952316284507, ""nhung02_08157847_d833_4d45_90f"": 3.9073794364929526}",adammandic87_3d7a58a6_4380_4e3,continuous_primal_dual_psd,4,8.506998090540847,8.506998090540847,0.0,"[0.0, 1.0]",primal=Optimization terminated successfully; dual=outer=Optimization terminated successfully; inner=Optimization terminated successfully,0,47.206602283532,0.0,,qwen25_real_m50_balanced_random_seed20260503_dare_linear_e8_dare_linear
dare_linear,pair,denbeo_d9ae91c0_fed9_4fb4_8ddd+nhoxinh_0c66c9c5_5cc2_46a8_9db,75.44215556073985,39.089420509338346,0,"[0.7150794723294731, 0.2849205276705269]","[0.8, 0.2]",0.0,"{""denbeo_d9ae91c0_fed9_4fb4_8ddd"": -21.24486274719235, ""nhoxinh_0c66c9c5_5cc2_46a8_9db"": -39.089420509338346}",nhoxinh_0c66c9c5_5cc2_46a8_9db,continuous_primal_dual_psd,4,75.44215556073985,75.44215556073985,0.0,"[1.0, 0.0]",primal=Optimization terminated successfully; dual=outer=Optimization terminated successfully; inner=Optimization terminated successfully,0,148.20098876953088,0.0,,qwen25_real_m50_balanced_random_seed20260503_dare_linear_e8_dare_linear
dare_linear,pair,nhoxinh_2f944a50_cbd3_4334_af8+nblinh63_0eb73af3_0631_437a_ad,60.76252169609069,51.158908081054655,0,"[0.2, 0.8]","[0.8, 0.2]",33.19274187088012,"{""nblinh63_0eb73af3_0631_437a_ad"": -37.61868782043454, ""nhoxinh_2f944a50_cbd3_4334_af8"": -51.158908081054655}",nhoxinh_2f944a50_cbd3_4334_af8,continuous_primal_dual_psd,4,60.76252169609069,60.76252169609069,0.0,"[1.0, 0.0]",primal=Optimization terminated successfully; dual=outer=Optimization terminated successfully; inner=Optimization terminated successfully,1,-356.7710518836973,356.7710518836973,,qwen25_real_m50_balanced_random_seed20260503_dare_linear_e8_dare_linear
dare_linear,pair,lhong4759_f68c5c87_934d_4399_b+versil91_121ef6e9_0ded_4fc3_8c,4.966086220741224,11.276915740966764,0,"[0.2, 0.8]","[0.2, 0.8]",0.0,"{""lhong4759_f68c5c87_934d_4399_b"": -11.276915740966764, ""versil91_121ef6e9_0ded_4fc3_8c"": -10.179153156280485}",lhong4759_f68c5c87_934d_4399_b,continuous_primal_dual_psd,4,4.966086220741224,4.966086220741224,0.0,"[1.0, 0.0]",primal=Optimization terminated successfully; dual=outer=Optimization terminated successfully; inner=Optimization terminated successfully,0,1.65745615959162,0.0,,qwen25_real_m50_balanced_random_seed20260503_dare_linear_e8_dare_linear
dare_linear,pair,duyphu_7aba420b_74ac_4209_b514+phungkhaccuong_a992b7f5_9d18_c,44.49093885421753,17.36302680969235,0,"[0.2, 0.8]","[0.8, 0.2]",36.30901575088501,"{""duyphu_7aba420b_74ac_4209_b514"": -17.36302680969235, ""phungkhaccuong_a992b7f5_9d18_c"": -11.32500476837155}",duyphu_7aba420b_74ac_4209_b514,continuous_primal_dual_psd,4,44.49093885421753,44.49093885421753,0.0,"[0.0, 1.0]",primal=Optimization terminated successfully; dual=outer=Optimization terminated successfully; inner=Optimization terminated successfully,1,-506.5101385116576,506.5101385116576,,qwen25_real_m50_balanced_random_seed20260503_dare_linear_e8_dare_linear
dare_linear,pair,duyphu_0112d9da_9934_4614_b233+nbninh_0d8b128b_8753_46c3_b80f,12.859239543668709,12.815383148193328,0,"[0.6779424324674875, 0.32205756753251247]","[0.4, 0.6]",5.658519268035889,"{""duyphu_0112d9da_9934_4614_b233"": -12.815383148193327, ""nbninh_0d8b128b_8753_46c3_b80f"": -11.172762584686247}",duyphu_0112d9da_9934_4614_b233,continuous_primal_dual_psd,4,12.859239543668709,12.8592395436581,1.0606626688058896e-11,"[0.9521011071584895, 0.04789889284151055]",primal=Optimization terminated successfully; dual=outer=Optimization terminated successfully; inner=Optimization terminated successfully,0,393.2291269302367,0.0,,qwen25_real_m50_balanced_random_seed20260503_dare_linear_e8_dare_linear
dare_linear,pair,versil91_8444c3be_8779_4769_a0+tuanna08go_7647f014_8af3_4266,-0.5290921499718052,-0.5003539221244718,1,"[0.2, 0.8]","[0.4, 0.6]",0.0632113595076558,"{""tuanna08go_7647f014_8af3_4266"": 0.5003539221244718, ""versil91_8444c3be_8779_4769_a0"": 2.757627776161381}",tuanna08go_7647f014_8af3_4266,continuous_primal_dual_psd,4,-0.5290921499718052,-0.5290921499718052,0.0,"[0.0, 1.0]",primal=Optimization terminated successfully; dual=outer=Optimization terminated successfully; inner=Optimization terminated successfully,0,5.000005201863515,0.0,,qwen25_real_m50_balanced_random_seed20260503_dare_linear_e8_dare_linear
dare_linear,pair,tuanna08go_6af2bb68_a65f_4331+mrhungddddh_911f6275_22fd_4f41,21.058720371874937,0.4214290385338499,0,"[0.20982283559165466, 0.7901771644083453]","[0.8, 0.2]",32.88271696518926,"{""mrhungddddh_911f6275_22fd_4f41"": 2.945849227905306, ""tuanna08go_6af2bb68_a65f_4331"": -0.42142903853384994}",tuanna08go_6af2bb68_a65f_4331,continuous_primal_dual_psd,4,21.058720371874937,21.058720371874912,2.4868995751603507e-14,"[0.39269840219739827, 0.6073015978026017]",primal=Optimization terminated successfully; dual=outer=Optimization terminated successfully; inner=Optimization terminated successfully,1,-118.3164119720459,118.3164119720459,,qwen25_real_m50_balanced_random_seed20260503_dare_linear_e8_dare_linear
dare_linear,pair,hongngo_9d92894f_7b7b_49e0_8f3+nhung03_7b6cdc3c_7130_4c2c_a2c,50.86087218894011,3.953209590911833,0,"[0.5531347211223329, 0.44686527887766714]","[0.4, 0.6]",35.02476215362549,"{""hongngo_9d92894f_7b7b_49e0_8f3"": 2.429351139068636, ""nhung03_7b6cdc3c_7130_4c2c_a2c"": -3.9532095909118325}",nhung03_7b6cdc3c_7130_4c2c_a2c,continuous_primal_dual_psd,4,50.86087218894011,50.86087218894011,0.0,"[0.0, 1.0]",primal=Optimization terminated successfully; dual=outer=Optimization terminated successfully; inner=Optimization terminated successfully,0,973.9583730697632,0.0,,qwen25_real_m50_balanced_random_seed20260503_dare_linear_e8_dare_linear
dare_linear,pair,versil91_01a5620a_fb5f_4bab_94+versil91_474890ea_012d_4a25_96,0.5086967662966451,0.0933831781756486,0,"[0.20000000000000256, 0.7999999999999974]","[0.2, 0.8]",0.0,"{""versil91_01a5620a_fb5f_4bab_94"": -0.09338317817564865, ""versil91_474890ea_012d_4a25_96"": 0.6333371480451453}",versil91_01a5620a_fb5f_4bab_94,continuous_primal_dual_psd,4,0.5086967662966451,0.5086967662966451,0.0,"[1.0, 0.0]",primal=Optimization terminated successfully; dual=outer=Optimization terminated successfully; inner=Optimization terminated successfully,1,-17.044991254806522,17.044991254806522,,qwen25_real_m50_balanced_random_seed20260503_dare_linear_e8_dare_linear
dare_linear,pair,mrhunghddddd_d692685b_fdb4_477+adammandic87_f28f18cf_4abb_4db,23.73124785423273,5.699995231628385,0,"[0.2, 0.8]","[0.2, 0.8]",0.0,"{""adammandic87_f28f18cf_4abb_4db"": -3.454938602447477, ""mrhunghddddd_d692685b_fdb4_477"": -5.699995231628385}",mrhunghddddd_d692685b_fdb4_477,continuous_primal_dual_psd,4,23.73124785423273,23.73124785423273,0.0,"[0.0, 1.0]",primal=Optimization terminated successfully; dual=outer=Optimization terminated successfully; inner=Optimization terminated successfully,1,-333.33331346511864,333.33331346511864,,qwen25_real_m50_balanced_random_seed20260503_dare_linear_e8_dare_linear
dare_linear,pair,phungkhaccuong_731c6dec_a942_4+nbninh_a1f78795_1b61_4923_9235,40.4812461853027,-5.021151828765902,1,"[0.2, 0.8]","[0.8, 0.2]",80.4370641708374,"{""nbninh_a1f78795_1b61_4923_9235"": 5.44583492279056, ""phungkhaccuong_731c6dec_a942_4"": 5.021151828765902}",phungkhaccuong_731c6dec_a942_4,continuous_primal_dual_psd,4,40.4812461853027,40.4812461853027,0.0,"[0.0, 1.0]",primal=Optimization terminated successfully; dual=outer=Optimization terminated successfully; inner=Optimization terminated successfully,1,-234.9756658077239,234.9756658077239,,qwen25_real_m50_balanced_random_seed20260503_dare_linear_e8_dare_linear
dare_linear,pair,duyphu_4909ad74_a335_4972_9ed8+hongngo_687b8c72_c89b_4cb7_b7c,57.012067305113824,63.07250566482541,0,"[0.2193806419860928, 0.7806193580139071]","[0.6, 0.4]",10.331475734710686,"{""duyphu_4909ad74_a335_4972_9ed8"": -63.07250566482541, ""hongngo_687b8c72_c89b_4cb7_b7c"": -62.61869974136349}",duyphu_4909ad74_a335_4972_9ed8,continuous_primal_dual_psd,4,57.012067305113824,57.012067305113824,0.0,"[0.9362088138709076, 0.06379118612909239]",primal=Optimization terminated successfully; dual=outer=Optimization terminated successfully; inner=Optimization terminated successfully,1,-152.34380960464492,152.34380960464492,,qwen25_real_m50_balanced_random_seed20260503_dare_linear_e8_dare_linear
dare_linear,pair,mrhungddddh_9b1deaac_4565_48f2+datlaaaaaaa_0dbe42c8_b07b_4785,41.39317936897275,-3.586861419677767,1,"[0.2, 0.8]","[0.2, 0.8]",0.0,"{""datlaaaaaaa_0dbe42c8_b07b_4785"": 3.586861419677767, ""mrhungddddh_9b1deaac_4565_48f2"": 3.747102546691927}",datlaaaaaaa_0dbe42c8_b07b_4785,continuous_primal_dual_psd,4,41.39317936897275,41.39317936897275,0.0,"[0.0, 1.0]",primal=Optimization terminated successfully; dual=outer=Optimization terminated successfully; inner=Optimization terminated successfully,1,-464.4881188869475,464.4881188869475,,qwen25_real_m50_balanced_random_seed20260503_dare_linear_e8_dare_linear
dare_linear,pair,thaffggg_8a78a9b2_d3fa_4615_b8+nhung02_db2c9545_4607_487b_9cc,139.21809011391116,69.76251907348629,0,"[0.21429793402491007, 0.78570206597509]","[0.4, 0.6]",50.42468309402466,"{""nhung02_db2c9545_4607_487b_9cc"": -69.76251907348629, ""thaffggg_8a78a9b2_d3fa_4615_b8"": -54.35383625030514}",nhung02_db2c9545_4607_487b_9cc,continuous_primal_dual_psd,4,139.21809011391116,139.21808943715538,6.767557749753905e-07,"[0.86031423587136, 0.13968576412864003]",primal=Positive directional derivative for linesearch; dual=outer=Optimization terminated successfully; inner=Optimization terminated successfully,1,-383.9963674545296,383.9963674545296,,qwen25_real_m50_balanced_random_seed20260503_dare_linear_e8_dare_linear
dare_linear,pair,cunghoctienganh_c1cf0152_7ae6+mrhungddddh_fe499423_02f3_4cfd,32.46976621150968,6.869879436492887,0,"[0.8, 0.19999999999999996]","[0.8, 0.2]",0.0,"{""cunghoctienganh_c1cf0152_7ae6"": -6.220844459533659, ""mrhungddddh_fe499423_02f3_4cfd"": -6.869879436492887}",mrhungddddh_fe499423_02f3_4cfd,continuous_primal_dual_psd,4,32.46976621150968,32.46976621150968,0.0,"[0.0, 1.0]",primal=Optimization terminated successfully; dual=outer=Optimization terminated successfully; inner=Optimization terminated successfully,1,-22.01661467552189,22.01661467552189,,qwen25_real_m50_balanced_random_seed20260503_dare_linear_e8_dare_linear
dare_linear,pair,nhoxinh_9214fc0d_4490_4bdd_9ff+versil91_63cd5c4a_5a68_4c25_bd,13.24166483879084,9.984663200378384,0,"[0.2, 0.8]","[0.2, 0.8]",0.0,"{""nhoxinh_9214fc0d_4490_4bdd_9ff"": -9.984663200378385, ""versil91_63cd5c4a_5a68_4c25_bd"": -2.477784842049926}",nhoxinh_9214fc0d_4490_4bdd_9ff,continuous_primal_dual_psd,4,13.24166483879084,13.24166483879084,0.0,"[1.0, 0.0]",primal=Optimization terminated successfully; dual=outer=Optimization terminated successfully; inner=Optimization terminated successfully,1,-358.0731153488158,358.0731153488158,,qwen25_real_m50_balanced_random_seed20260503_dare_linear_e8_dare_linear
dare_linear,pair,thaffggg_8c87f3d3_d4bb_475a_a8+datlaaaaaaa_e8cccbe1_c136_409a,34.486219439882944,26.438632678985563,0,"[0.227443618221127, 0.772556381778873]","[0.6, 0.4]",21.958041191101078,"{""datlaaaaaaa_e8cccbe1_c136_409a"": -26.438632678985563, ""thaffggg_8c87f3d3_d4bb_475a_a8"": -23.433104228973356}",datlaaaaaaa_e8cccbe1_c136_409a,continuous_primal_dual_psd,4,34.486219439882944,34.486219439882944,0.0,"[1.0, 0.0]",primal=Optimization terminated successfully; dual=outer=Optimization terminated successfully; inner=Optimization terminated successfully,0,55.98992109298706,0.0,,qwen25_real_m50_balanced_random_seed20260503_dare_linear_e8_dare_linear
dare_linear,triple,datlaaaaaaa_cc1f8701_0976_4f48+nbninh_c4ae10ba_efe4_401e_8dd7+thaffggg_8c87f3d3_d4bb_475a_a8,0.0878856268751775,8.042660427093473,0,"[0.2, 0.5255253793536707, 0.2744746206463293]","[0.2, 0.4, 0.4]",7.9363226890563965,"{""datlaaaaaaa_cc1f8701_0976_4f48"": -5.387499999999967, ""nbninh_c4ae10ba_efe4_401e_8dd7"": 5.120226669311556, ""thaffggg_8c87f3d3_d4bb_475a_a8"": -8.042660427093473}",thaffggg_8c87f3d3_d4bb_475a_a8,continuous_primal_dual_psd,6,0.0878856268751775,0.0878856268751775,0.0,"[0.0, 1.0, 0.0]",primal=Optimization terminated successfully; dual=outer=Optimization terminated successfully; inner=Optimization terminated successfully,1,-486.8747228216724,486.8747228216725,,qwen25_real_m50_balanced_random_seed20260503_dare_linear_e8_dare_linear
dare_linear,triple,taronklm_trained_model+phungkhaccuong_a992b7f5_9d18_c+versil91_474890ea_012d_4a25_96,-21.244335797677344,-0.5586158814906625,1,"[0.3295275742890022, 0.2000000000000041, 0.4704724257109937]","[0.4, 0.2, 0.4]",0.0,"{""phungkhaccuong_a992b7f5_9d18_c"": 86.38332777023318, ""taronklm_trained_model"": 0.5586158814906625, ""versil91_474890ea_012d_4a25_96"": 11.146194634226351}",taronklm_trained_model,continuous_primal_dual_psd,6,-21.244335797677344,-21.244335797677344,0.0,"[0.0, 1.0, 0.0]",primal=Optimization terminated successfully; dual=outer=Optimization terminated successfully; inner=Optimization terminated successfully,1,-1222.0575053450832,1222.0575053450832,,qwen25_real_m50_balanced_random_seed20260503_dare_linear_e8_dare_linear
dare_linear,triple,versil91_01a5620a_fb5f_4bab_94+nhung02_db2c9545_4607_487b_9cc+nhung03_7b6cdc3c_7130_4c2c_a2c,19.272235697767968,16.779568862915006,0,"[0.5385935324148233, 0.26140646758518143, 0.1999999999999953]","[0.4, 0.4, 0.2]",1.5056967735290527,"{""nhung02_db2c9545_4607_487b_9cc"": -16.779568862915006, ""nhung03_7b6cdc3c_7130_4c2c_a2c"": -10.459616851806608, ""versil91_01a5620a_fb5f_4bab_94"": -5.114022275137057}",nhung02_db2c9545_4607_487b_9cc,continuous_primal_dual_psd,6,19.272235697767968,19.27223569776786,1.0658141036401505e-13,"[0.0, 5.4567461660323465e-14, 0.9999999999999454]",primal=Optimization terminated successfully; dual=outer=Optimization terminated successfully; inner=Optimization terminated successfully,0,91.6031350183316,0.0,,qwen25_real_m50_balanced_random_seed20260503_dare_linear_e8_dare_linear
dare_linear,triple,chauhoang_2aa4f343_5524_f86e_b+phungkhaccuong_731c6dec_a942_4+mrhunghd_9e58333c_df22_4a00_9c,5.834562293163174,13.752880764007536,0,"[0.20000000000000043, 0.47127399218291977, 0.32872600781707983]","[0.2, 0.6, 0.2]",0.905466079711914,"{""chauhoang_2aa4f343_5524_f86e_b"": 2.336856651306185, ""mrhunghd_9e58333c_df22_4a00_9c"": -11.32502861022946, ""phungkhaccuong_731c6dec_a942_4"": -13.752880764007536}",phungkhaccuong_731c6dec_a942_4,continuous_primal_dual_psd,6,5.834562293163174,5.834562293163174,0.0,"[1.0, 0.0, 0.0]",primal=Optimization terminated successfully; dual=outer=Optimization terminated successfully; inner=Optimization terminated successfully,1,-35.46563674840354,35.465636748403654,,qwen25_real_m50_balanced_random_seed20260503_dare_linear_e8_dare_linear
dare_linear,triple,versil91_e9f26c47_9b78_4e3f_81+tuanna08go_c1cf0152_7ae6_43b6+hongngo_9d92894f_7b7b_49e0_8f3,22.74938761195467,2.707567882537809,0,"[0.2279927261016281, 0.2780277649157473, 0.49397950898262455]","[0.6, 0.2, 0.2]",15.27448320388796,"{""hongngo_9d92894f_7b7b_49e0_8f3"": -2.4045617103576333, ""tuanna08go_c1cf0152_7ae6_43b6"": -2.707567882537809, ""versil91_e9f26c47_9b78_4e3f_81"": -2.0846130371093636}",tuanna08go_c1cf0152_7ae6_43b6,continuous_primal_dual_psd,6,22.74938761195467,22.749387611589576,3.650946212019335e-10,"[0.12016956935636589, 0.336503889513838, 0.5433265411297962]",primal=Optimization terminated successfully; dual=outer=Optimization terminated successfully; inner=Optimization terminated successfully,1,-350.4109073573113,350.4109073573114,,qwen25_real_m50_balanced_random_seed20260503_dare_linear_e8_dare_linear
dare_linear,triple,chauhoang_4909ad74_a335_4972_9+hongngo_7e251dfc_e0f7_4f73_aae+nhung02_08157847_d833_4d45_90f,25.20677893069727,14.535215568542448,0,"[0.4128153986083346, 0.2, 0.38718460139166533]","[0.4, 0.2, 0.4]",0.0,"{""chauhoang_4909ad74_a335_4972_9"": -6.738022041320768, ""hongngo_7e251dfc_e0f7_4f73_aae"": -14.535215568542448, ""nhung02_08157847_d833_4d45_90f"": -9.257701110839811}",hongngo_7e251dfc_e0f7_4f73_aae,continuous_primal_dual_psd,6,25.20677893069727,25.20677893069716,1.1013412404281553e-13,"[0.9999999999999731, 2.6922908347159324e-14, 0.0]",primal=Optimization terminated successfully; dual=outer=Optimization terminated successfully; inner=Optimization terminated successfully,1,-925.5456603204034,925.5456603204032,,qwen25_real_m50_balanced_random_seed20260503_dare_linear_e8_dare_linear
dare_linear,triple,duyphu_0112d9da_9934_4614_b233+nhoxinh_9214fc0d_4490_4bdd_9ff+datlaaaaaaa_0dbe42c8_b07b_4785,82.95870654403979,37.21951551437375,0,"[0.2, 0.20000000000003867, 0.5999999999999613]","[0.2, 0.2, 0.6]",0.0,"{""datlaaaaaaa_0dbe42c8_b07b_4785"": -31.0685903549194, ""duyphu_0112d9da_9934_4614_b233"": -37.21951551437375, ""nhoxinh_9214fc0d_4490_4bdd_9ff"": -32.052698802947965}",duyphu_0112d9da_9934_4614_b233,continuous_primal_dual_psd,6,82.95870654403979,82.95870654403979,0.0,"[0.0, 1.0, 0.0]",primal=Optimization terminated successfully; dual=outer=Optimization terminated successfully; inner=Optimization terminated successfully,1,-1533.4200476700564,1533.4200476700564,,qwen25_real_m50_balanced_random_seed20260503_dare_linear_e8_dare_linear
dare_linear,triple,laquythang_8444c3be_8779_4769+cunghoctienganh_b7496e73_1762+nblinh63_0eb73af3_0631_437a_ad,69.34573159605128,81.03144474029537,0,"[0.3008000612857422, 0.3581347890612369, 0.3410651496530208]","[0.2, 0.4, 0.4]",0.0,"{""cunghoctienganh_b7496e73_1762"": -81.03144474029537, ""laquythang_8444c3be_8779_4769"": -41.32499999999997, ""nblinh63_0eb73af3_0631_437a_ad"": -64.61825675964351}",cunghoctienganh_b7496e73_1762,continuous_primal_dual_psd,6,69.34573159605128,69.34573159604349,7.787548383930698e-12,"[0.8777612966853852, 0.0, 0.12223870331461482]",primal=Optimization terminated successfully; dual=outer=Optimization terminated successfully; inner=Optimization terminated successfully,1,-609.0905620991996,609.0905620992,,qwen25_real_m50_balanced_random_seed20260503_dare_linear_e8_dare_linear
dare_linear,triple,duyphu_7aba420b_74ac_4209_b514+cunghoctienganh_c1cf0152_7ae6+phungkhaccuong_2b1522e6_bef2_7,60.90586918287401,3.76819677352902,0,"[0.2, 0.2, 0.6]","[0.2, 0.6, 0.2]",1.273298263549805,"{""cunghoctienganh_c1cf0152_7ae6"": 9.195837306976351, ""duyphu_7aba420b_74ac_4209_b514"": 2.9603927612305014, ""phungkhaccuong_2b1522e6_bef2_7"": -3.76819677352902}",phungkhaccuong_2b1522e6_bef2_7,continuous_primal_dual_psd,6,60.90586918287401,60.90586918287401,0.0,"[1.0, 0.0, 0.0]",primal=Optimization terminated successfully; dual=outer=Optimization terminated successfully; inner=Optimization terminated successfully,1,-1308.484146734796,1308.484146734796,,qwen25_real_m50_balanced_random_seed20260503_dare_linear_e8_dare_linear
dare_linear,triple,nhoxinh_0c66c9c5_5cc2_46a8_9db+mrhungddddh_911f6275_22fd_4f41+mrhunghddddd_d692685b_fdb4_477,148.54452915191652,31.84583492279049,0,"[0.2, 0.2, 0.6]","[0.6, 0.2, 0.2]",49.98397827148437,"{""mrhungddddh_911f6275_22fd_4f41"": -31.845834922790495, ""mrhunghddddd_d692685b_fdb4_477"": -12.991681766509977, ""nhoxinh_0c66c9c5_5cc2_46a8_9db"": -16.5894062042236}",mrhungddddh_911f6275_22fd_4f41,continuous_primal_dual_psd,6,148.54452915191652,148.54452915191644,8.526512829121202e-14,"[5.2428655870118785e-15, 0.0, 0.9999999999999947]",primal=Optimization terminated successfully; dual=outer=Optimization terminated successfully; inner=Optimization terminated successfully,1,-1893.6924195550264,1903.1405581357697,,qwen25_real_m50_balanced_random_seed20260503_dare_linear_e8_dare_linear
dare_linear,triple,adammandic87_3d7a58a6_4380_4e3+laquythang_efe15045_778f_4dfa+versil91_63cd5c4a_5a68_4c25_bd,3.011984113845517,-5.0777933191765445,1,"[0.2, 0.2, 0.6]","[0.2, 0.6, 0.2]",2.8518622127843547,"{""adammandic87_3d7a58a6_4380_4e3"": 20.798394012451205, ""laquythang_efe15045_778f_4dfa"": 14.101132678985628, ""versil91_63cd5c4a_5a68_4c25_bd"": 5.0777933191765445}",versil91_63cd5c4a_5a68_4c25_bd,continuous_primal_dual_psd,6,3.011984113845517,3.011984113845504,1.2878587085651816e-14,"[1.2234657731367728e-13, 0.0, 0.9999999999998777]",primal=Optimization terminated successfully; dual=outer=Optimization terminated successfully; inner=Optimization terminated successfully,1,-256.1188627885092,256.1188627885092,,qwen25_real_m50_balanced_random_seed20260503_dare_linear_e8_dare_linear
dare_linear,triple,thaffggg_8a78a9b2_d3fa_4615_b8+nhoxinh_2f944a50_cbd3_4334_af8+versil91_121ef6e9_0ded_4fc3_8c,21.46740524603041,14.866653156280483,0,"[0.2138624299692506, 0.2, 0.5861375700307494]","[0.2, 0.2, 0.6]",0.0,"{""nhoxinh_2f944a50_cbd3_4334_af8"": -14.008572769165006, ""thaffggg_8a78a9b2_d3fa_4615_b8"": -14.217653942108122, ""versil91_121ef6e9_0ded_4fc3_8c"": -14.866653156280485}",versil91_121ef6e9_0ded_4fc3_8c,continuous_primal_dual_psd,6,21.46740524603041,21.46740524603041,0.0,"[1.0, 0.0, 0.0]",primal=Optimization terminated successfully; dual=outer=Optimization terminated successfully; inner=Optimization terminated successfully,1,-43.62246371350753,43.62246371350752,,qwen25_real_m50_balanced_random_seed20260503_dare_linear_e8_dare_linear
dare_linear,triple,versil91_8444c3be_8779_4769_a0+tuanna08go_6af2bb68_a65f_4331+mrhungddddh_fe499423_02f3_4cfd,28.790508972754857,-1.1785701440319127,1,"[0.2, 0.5491089150633326, 0.25089108493666745]","[0.2, 0.6, 0.2]",0.0,"{""mrhungddddh_fe499423_02f3_4cfd"": 12.713453102111849, ""tuanna08go_6af2bb68_a65f_4331"": 1.1785701440319127, ""versil91_8444c3be_8779_4769_a0"": 2.7406788866259335}",tuanna08go_6af2bb68_a65f_4331,continuous_primal_dual_psd,6,28.790508972754857,28.790508972754857,0.0,"[1.0, 0.0, 0.0]",primal=Optimization terminated successfully; dual=outer=Optimization terminated successfully; inner=Optimization terminated successfully,1,-449.0288560263623,449.0288560263623,,qwen25_real_m50_balanced_random_seed20260503_dare_linear_e8_dare_linear
dare_linear,triple,duyphu_4909ad74_a335_4972_9ed8+nbninh_a1f78795_1b61_4923_9235+hongngo_687b8c72_c89b_4cb7_b7c,102.66578501292116,29.18485708236691,0,"[0.2, 0.2, 0.6]","[0.2, 0.2, 0.6]",0.0,"{""duyphu_4909ad74_a335_4972_9ed8"": -6.471410465240446, ""hongngo_687b8c72_c89b_4cb7_b7c"": -26.055470180511442, ""nbninh_a1f78795_1b61_4923_9235"": -29.18485708236691}",nbninh_a1f78795_1b61_4923_9235,continuous_primal_dual_psd,6,102.66578501292116,102.66578501292116,0.0,"[1.148021176216827e-15, 0.0, 0.9999999999999989]",primal=Optimization terminated successfully; dual=outer=Optimization terminated successfully; inner=Optimization terminated successfully,1,-2665.50084039433,2665.50084039433,,qwen25_real_m50_balanced_random_seed20260503_dare_linear_e8_dare_linear
dare_linear,triple,tuanna08go_7647f014_8af3_4266+nbninh_0d8b128b_8753_46c3_b80f+mrhungddddh_9b1deaac_4565_48f2,2.672003176085269,1.2587348866481671,0,"[0.38622717692789743, 0.3304565343212927, 0.28331628875080983]","[0.4, 0.4, 0.2]",0.0,"{""mrhungddddh_9b1deaac_4565_48f2"": 19.035562801361117, ""nbninh_0d8b128b_8753_46c3_b80f"": 24.187824058532748, ""tuanna08go_7647f014_8af3_4266"": -1.2587348866481671}",tuanna08go_7647f014_8af3_4266,continuous_primal_dual_psd,6,2.672003176085269,2.672003176085269,0.0,"[0.0, 1.0, 0.0]",primal=Optimization terminated successfully; dual=outer=Optimization terminated successfully; inner=Optimization terminated successfully,1,-45.33302643770514,45.33302643770519,,qwen25_real_m50_balanced_random_seed20260503_dare_linear_e8_dare_linear
dare_linear,triple,cunghoctienganh_4909ad74_a335+datlaaaaaaa_e8cccbe1_c136_409a+adammandic87_f28f18cf_4abb_4db,36.654289159061456,23.228421878814665,0,"[0.20873622631789257, 0.2, 0.5912637736821074]","[0.4, 0.4, 0.2]",11.448860168457031,"{""adammandic87_f28f18cf_4abb_4db"": -17.52835817337033, ""cunghoctienganh_4909ad74_a335"": -17.679181766509977, ""datlaaaaaaa_e8cccbe1_c136_409a"": -23.228421878814665}",datlaaaaaaa_e8cccbe1_c136_409a,continuous_primal_dual_psd,6,36.654289159061456,36.654289157871375,1.190080922697234e-09,"[0.981413171390443, 4.151700098447135e-14, 0.018586828609515414]",primal=Optimization terminated successfully; dual=outer=Optimization terminated successfully; inner=Optimization terminated successfully,1,-387.8801930355817,387.8801930355817,,qwen25_real_m50_balanced_random_seed20260503_dare_linear_e8_dare_linear
dare_linear,triple,lhong4759_f68c5c87_934d_4399_b+phungkhaccuong_731c6dec_a942_4+denbeo_d9ae91c0_fed9_4fb4_8ddd,190.73787636756907,0.6038457870483072,0,"[0.2, 0.2, 0.6]","[0.2, 0.6, 0.2]",69.735586643219,"{""denbeo_d9ae91c0_fed9_4fb4_8ddd"": 3.5147517204284995, ""lhong4759_f68c5c87_934d_4399_b"": 2.833661365509066, ""phungkhaccuong_731c6dec_a942_4"": -0.6038457870483072}",phungkhaccuong_731c6dec_a942_4,continuous_primal_dual_psd,6,190.73787636756907,190.7378763675688,2.842170943040401e-13,"[0.9999999999998959, 0.0, 1.0403319045642367e-13]",primal=Optimization terminated successfully; dual=outer=Optimization terminated successfully; inner=Optimization terminated successfully,1,-2493.638107396697,2592.99452038862,,qwen25_real_m50_balanced_random_seed20260503_dare_linear_e8_dare_linear
dare_linear,triple,thaffggg_8a78a9b2_d3fa_4615_b8+denbeo_d9ae91c0_fed9_4fb4_8ddd+thaffggg_8c87f3d3_d4bb_475a_a8,101.94053359031678,72.1182615280151,0,"[0.2, 0.2, 0.6]","[0.4, 0.2, 0.4]",4.212558269500732,"{""denbeo_d9ae91c0_fed9_4fb4_8ddd"": -72.1182615280151, ""thaffggg_8a78a9b2_d3fa_4615_b8"": -60.68398065567013, ""thaffggg_8c87f3d3_d4bb_475a_a8"": -69.1309363365173}",denbeo_d9ae91c0_fed9_4fb4_8ddd,continuous_primal_dual_psd,6,101.94053359031678,101.94053359031678,0.0,"[1.0, 0.0, 0.0]",primal=Optimization terminated successfully; dual=outer=Optimization terminated successfully; inner=Optimization terminated successfully,1,-785.77907837782,785.77907837782,,qwen25_real_m50_balanced_random_seed20260503_dare_linear_e8_dare_linear
dare_linear,triple,tuanna08go_6af2bb68_a65f_4331+datlaaaaaaa_cc1f8701_0976_4f48+mrhunghddddd_d692685b_fdb4_477,20.85444021811844,4.762473773956266,0,"[0.4065460396004017, 0.2, 0.39345396039959835]","[0.4, 0.2, 0.4]",0.0,"{""datlaaaaaaa_cc1f8701_0976_4f48"": -4.762473773956266, ""mrhunghddddd_d692685b_fdb4_477"": 6.487509536743197, ""tuanna08go_6af2bb68_a65f_4331"": 0.4857137018326876}",datlaaaaaaa_cc1f8701_0976_4f48,continuous_primal_dual_psd,6,20.85444021811844,20.85444021811736,1.0835776720341528e-12,"[0.9999999999999121, 0.0, 8.787415239907342e-14]",primal=Optimization terminated successfully; dual=outer=Optimization terminated successfully; inner=Optimization terminated successfully,0,201.69751532750217,0.0,,qwen25_real_m50_balanced_random_seed20260503_dare_linear_e8_dare_linear
dare_linear,triple,taronklm_trained_model+nbninh_0d8b128b_8753_46c3_b80f+mrhunghd_9e58333c_df22_4a00_9c,93.71967686701934,-0.3472809829696457,1,"[0.2368823602833376, 0.2, 0.5631176397166624]","[0.6, 0.2, 0.2]",14.172283367155403,"{""mrhunghd_9e58333c_df22_4a00_9c"": 10.758337306976351, ""nbninh_0d8b128b_8753_46c3_b80f"": 49.900969791412386, ""taronklm_trained_model"": 0.3472809829696457}",taronklm_trained_model,continuous_primal_dual_psd,6,93.71967686701934,93.71967686701832,1.0231815394945445e-12,"[4.588690424777425e-14, 0.0, 0.999999999999954]",primal=Optimization terminated successfully; dual=outer=Optimization terminated successfully; inner=Optimization terminated successfully,1,-2727.566354095791,2727.566354095791,,qwen25_real_m50_balanced_random_seed20260503_dare_linear_e8_dare_linear
dare_linear,triple,duyphu_4909ad74_a335_4972_9ed8+nbninh_c4ae10ba_efe4_401e_8dd7+mrhungddddh_9b1deaac_4565_48f2,9.97541569799813,-0.4851787567138999,1,"[0.2000000000000048, 0.482247594156177, 0.31775240584381814]","[0.4, 0.4, 0.2]",10.512101650238035,"{""duyphu_4909ad74_a335_4972_9ed8"": 0.4851787567138999, ""mrhungddddh_9b1deaac_4565_48f2"": 9.011515903472933, ""nbninh_c4ae10ba_efe4_401e_8dd7"": 5.86322240829471}",duyphu_4909ad74_a335_4972_9ed8,continuous_primal_dual_psd,6,9.97541569799813,9.97541569799813,0.0,"[0.0, 0.0, 1.0]",primal=Optimization terminated successfully; dual=outer=Optimization terminated successfully; inner=Optimization terminated successfully,1,-376.5640000352524,376.5640000352525,,qwen25_real_m50_balanced_random_seed20260503_dare_linear_e8_dare_linear
dare_linear,triple,cunghoctienganh_c1cf0152_7ae6+nbninh_a1f78795_1b61_4923_9235+hongngo_7e251dfc_e0f7_4f73_aae,123.46883348763288,26.07878751754757,0,"[0.2, 0.2, 0.6]","[0.6, 0.2, 0.2]",22.945070266723636,"{""cunghoctienganh_c1cf0152_7ae6"": -23.61666269302365, ""hongngo_7e251dfc_e0f7_4f73_aae"": -26.078787517547575, ""nbninh_a1f78795_1b61_4923_9235"": -22.95377559661862}",hongngo_7e251dfc_e0f7_4f73_aae,continuous_primal_dual_psd,6,123.46883348763288,123.46883348763288,0.0,"[0.0, 0.0, 1.0]",primal=Optimization terminated successfully; dual=outer=Optimization terminated successfully; inner=Optimization terminated successfully,1,-2711.283448097549,2711.2834480975484,,qwen25_real_m50_balanced_random_seed20260503_dare_linear_e8_dare_linear
dare_linear,triple,versil91_01a5620a_fb5f_4bab_94+versil91_e9f26c47_9b78_4e3f_81+duyphu_7aba420b_74ac_4209_b514,10.568140457866027,5.02329177856442,0,"[0.2, 0.3881683234251824, 0.41183167657481756]","[0.4, 0.4, 0.2]",5.051708221435547,"{""duyphu_7aba420b_74ac_4209_b514"": -5.02329177856442, ""versil91_01a5620a_fb5f_4bab_94"": 0.5499994214851103, ""versil91_e9f26c47_9b78_4e3f_81"": 0.6333358764648551}",duyphu_7aba420b_74ac_4209_b514,continuous_primal_dual_psd,6,10.568140457866027,10.568140457855492,1.0535572414482886e-11,"[0.5982663830374447, 0.0, 0.4017336169625552]",primal=Optimization terminated successfully; dual=outer=Optimization terminated successfully; inner=Optimization terminated successfully,1,-137.65496231086252,137.6549623108625,,qwen25_real_m50_balanced_random_seed20260503_dare_linear_e8_dare_linear
dare_linear,triple,nhung02_db2c9545_4607_487b_9cc+datlaaaaaaa_0dbe42c8_b07b_4785+datlaaaaaaa_e8cccbe1_c136_409a,46.5213500984687,65.75684852600094,0,"[0.3721832434220648, 0.2, 0.42781675657793516]","[0.2, 0.6, 0.2]",6.619298458099365,"{""datlaaaaaaa_0dbe42c8_b07b_4785"": -51.70159645080563, ""datlaaaaaaa_e8cccbe1_c136_409a"": -49.27954978942868, ""nhung02_db2c9545_4607_487b_9cc"": -65.75684852600094}",nhung02_db2c9545_4607_487b_9cc,continuous_primal_dual_psd,6,46.5213500984687,46.52135009846192,6.778577699151356e-12,"[1.6439627437109979e-12, 0.999999999998356, 0.0]",primal=Optimization terminated successfully; dual=outer=Optimization terminated successfully; inner=Optimization terminated successfully,1,-499.8370806958085,499.8370806958085,,qwen25_real_m50_balanced_random_seed20260503_dare_linear_e8_dare_linear
dare_linear,triple,cunghoctienganh_4909ad74_a335+nhoxinh_0c66c9c5_5cc2_46a8_9db+nhung02_08157847_d833_4d45_90f,79.89157625515261,40.38747854232785,0,"[0.2000000000001137, 0.20000000000000878, 0.5999999999998775]","[0.2, 0.4, 0.4]",2.2596240043640137,"{""cunghoctienganh_4909ad74_a335"": -40.38747854232785, ""nhoxinh_0c66c9c5_5cc2_46a8_9db"": -31.34904212951657, ""nhung02_08157847_d833_4d45_90f"": -27.41476602554318}",cunghoctienganh_4909ad74_a335,continuous_primal_dual_psd,6,79.89157625515261,79.89157625515261,0.0,"[0.0, 1.0, 0.0]",primal=Optimization terminated successfully; dual=outer=Optimization terminated successfully; inner=Optimization terminated successfully,1,-1306.078705542957,1306.078705542957,,qwen25_real_m50_balanced_random_seed20260503_dare_linear_e8_dare_linear
dare_linear,triple,chauhoang_4909ad74_a335_4972_9+mrhungddddh_fe499423_02f3_4cfd+mrhungddddh_911f6275_22fd_4f41,56.29856562414188,27.57498331069943,0,"[0.2, 0.2, 0.6]","[0.2, 0.2, 0.6]",0.0,"{""chauhoang_4909ad74_a335_4972_9"": -11.864760589599577, ""mrhungddddh_911f6275_22fd_4f41"": -27.57498331069943, ""mrhungddddh_fe499423_02f3_4cfd"": -25.411537361144987}",mrhungddddh_911f6275_22fd_4f41,continuous_primal_dual_psd,6,56.29856562414188,56.29856562414186,2.131628207280301e-14,"[0.0, 1.665334536937707e-14, 0.9999999999999833]",primal=Optimization terminated successfully; dual=outer=Optimization terminated successfully; inner=Optimization terminated successfully,1,-1452.5790817117197,1452.5790817117197,,qwen25_real_m50_balanced_random_seed20260503_dare_linear_e8_dare_linear
dare_linear,triple,laquythang_efe15045_778f_4dfa+phungkhaccuong_2b1522e6_bef2_7+phungkhaccuong_a992b7f5_9d18_c,84.29996258325245,29.98977012634274,0,"[0.2, 0.2, 0.6]","[0.2, 0.6, 0.2]",8.607947826385498,"{""laquythang_efe15045_778f_4dfa"": -29.98977012634274, ""phungkhaccuong_2b1522e6_bef2_7"": -14.980295372009245, ""phungkhaccuong_a992b7f5_9d18_c"": -21.012511920928922}",laquythang_efe15045_778f_4dfa,continuous_primal_dual_psd,6,84.29996258325245,84.29996258325245,0.0,"[0.0, 0.0, 1.0]",primal=Optimization terminated successfully; dual=outer=Optimization terminated successfully; inner=Optimization terminated successfully,1,-1576.9215208572132,1576.921520857213,,qwen25_real_m50_balanced_random_seed20260503_dare_linear_e8_dare_linear
dare_linear,triple,adammandic87_3d7a58a6_4380_4e3+cunghoctienganh_b7496e73_1762+hongngo_687b8c72_c89b_4cb7_b7c,58.60864055644056,35.09393043518063,0,"[0.20000000000000934, 0.20000000000005724, 0.5999999999999335]","[0.2, 0.2, 0.6]",0.0,"{""adammandic87_3d7a58a6_4380_4e3"": -12.591019344329801, ""cunghoctienganh_b7496e73_1762"": -35.09393043518063, ""hongngo_687b8c72_c89b_4cb7_b7c"": -30.345967483520475}",cunghoctienganh_b7496e73_1762,continuous_primal_dual_psd,6,58.60864055644056,58.60864055642792,1.2640555269172182e-11,"[0.0, 8.067435608432192e-13, 0.9999999999991933]",primal=Optimization terminated successfully; dual=outer=Optimization terminated successfully; inner=Optimization terminated successfully,1,-1150.4522343726965,1150.4522343726962,,qwen25_real_m50_balanced_random_seed20260503_dare_linear_e8_dare_linear
dare_linear,triple,versil91_8444c3be_8779_4769_a0+duyphu_0112d9da_9934_4614_b233+versil91_474890ea_012d_4a25_96,9.136893614549368,1.8525419454951024,0,"[0.3952383199355067, 0.2, 0.4047616800644933]","[0.2, 0.2, 0.6]",0.4995557565312321,"{""duyphu_0112d9da_9934_4614_b233"": -1.6848475456237466, ""versil91_474890ea_012d_4a25_96"": -1.5333352406892478, ""versil91_8444c3be_8779_4769_a0"": -1.8525419454951024}",versil91_8444c3be_8779_4769_a0,continuous_primal_dual_psd,6,9.136893614549368,9.136893614549368,0.0,"[0.0, 1.0, 0.0]",primal=Optimization terminated successfully; dual=outer=Optimization terminated successfully; inner=Optimization terminated successfully,1,-259.4313332606371,259.43133326063696,,qwen25_real_m50_balanced_random_seed20260503_dare_linear_e8_dare_linear
dare_linear,triple,tuanna08go_7647f014_8af3_4266+nhoxinh_9214fc0d_4490_4bdd_9ff+versil91_63cd5c4a_5a68_4c25_bd,-0.3400058395773646,-0.0082547769087954,1,"[0.6000000000000059, 0.2, 0.19999999999999418]","[0.6, 0.2, 0.2]",0.0,"{""nhoxinh_9214fc0d_4490_4bdd_9ff"": 7.66756229400638, ""tuanna08go_7647f014_8af3_4266"": 0.008254776908795435, ""versil91_63cd5c4a_5a68_4c25_bd"": 3.411118175383285}",tuanna08go_7647f014_8af3_4266,continuous_primal_dual_psd,6,-0.3400058395773646,-0.3400058395773646,0.0,"[1.0, 0.0, 0.0]",primal=Optimization terminated successfully; dual=outer=Optimization terminated successfully; inner=Optimization terminated successfully,1,-0.6214090927226277,0.6214090927226269,,qwen25_real_m50_balanced_random_seed20260503_dare_linear_e8_dare_linear
dare_linear,triple,tuanna08go_c1cf0152_7ae6_43b6+hongngo_9d92894f_7b7b_49e0_8f3+nblinh63_0eb73af3_0631_437a_ad,53.15262628605869,17.457011413574186,0,"[0.2, 0.2, 0.6]","[0.6, 0.2, 0.2]",8.461523056030273,"{""hongngo_9d92894f_7b7b_49e0_8f3"": -17.457011413574186, ""nblinh63_0eb73af3_0631_437a_ad"": -16.211357784271208, ""tuanna08go_c1cf0152_7ae6_43b6"": -16.987887096404997}",hongngo_9d92894f_7b7b_49e0_8f3,continuous_primal_dual_psd,6,53.15262628605869,53.15262628605762,1.0658141036401505e-12,"[0.999999999999944, 0.0, 5.606626274356919e-14]",primal=Optimization terminated successfully; dual=outer=Optimization terminated successfully; inner=Optimization terminated successfully,1,-810.898888228216,810.898888228216,,qwen25_real_m50_balanced_random_seed20260503_dare_linear_e8_dare_linear
dare_linear,triple,chauhoang_2aa4f343_5524_f86e_b+nhoxinh_2f944a50_cbd3_4334_af8+nhung03_7b6cdc3c_7130_4c2c_a2c,105.36242204048222,43.197813701629606,0,"[0.2584264417295761, 0.20000000000002818, 0.5415735582703958]","[0.2, 0.6, 0.2]",32.9829454421997,"{""chauhoang_2aa4f343_5524_f86e_b"": -32.975640964508024, ""nhoxinh_2f944a50_cbd3_4334_af8"": -43.197813701629606, ""nhung03_7b6cdc3c_7130_4c2c_a2c"": -6.076589298248258}",nhoxinh_2f944a50_cbd3_4334_af8,continuous_primal_dual_psd,6,105.36242204048222,105.36242175537376,2.851084701660511e-07,"[0.8104101653511395, 4.55106216277038e-14, 0.1895898346488149]",primal=Optimization terminated successfully; dual=outer=Optimization terminated successfully; inner=Optimization terminated successfully,1,-1588.186710782053,1588.1867107820533,,qwen25_real_m50_balanced_random_seed20260503_dare_linear_e8_dare_linear
dare_linear,triple,laquythang_8444c3be_8779_4769+adammandic87_f28f18cf_4abb_4db+versil91_121ef6e9_0ded_4fc3_8c,65.24434754009143,10.179153156280483,0,"[0.2, 0.2, 0.6]","[0.2, 0.2, 0.6]",0.0,"{""adammandic87_f28f18cf_4abb_4db"": 0.8530347824097007, ""laquythang_8444c3be_8779_4769"": -9.345832538604704, ""versil91_121ef6e9_0ded_4fc3_8c"": -10.179153156280485}",versil91_121ef6e9_0ded_4fc3_8c,continuous_primal_dual_psd,6,65.24434754009143,65.24434754009143,0.0,"[0.0, 1.0, 0.0]",primal=Optimization terminated successfully; dual=outer=Optimization terminated successfully; inner=Optimization terminated successfully,1,-1455.097540359272,1455.097540359272,,qwen25_real_m50_balanced_random_seed20260503_dare_linear_e8_dare_linear
dare_linear,triple,lhong4759_f68c5c87_934d_4399_b+nhoxinh_0c66c9c5_5cc2_46a8_9db+nblinh63_0eb73af3_0631_437a_ad,115.96646969939393,45.87700672149655,0,"[0.2, 0.2, 0.6]","[0.4, 0.2, 0.4]",2.989506721496582,"{""lhong4759_f68c5c87_934d_4399_b"": -20.571795177459684, ""nblinh63_0eb73af3_0631_437a_ad"": -45.87700672149655, ""nhoxinh_0c66c9c5_5cc2_46a8_9db"": -40.53172178268429}",nblinh63_0eb73af3_0631_437a_ad,continuous_primal_dual_psd,6,115.96646969939393,115.96646969939393,0.0,"[1.0, 0.0, 0.0]",primal=Optimization terminated successfully; dual=outer=Optimization terminated successfully; inner=Optimization terminated successfully,1,-2272.6887420627218,2272.6887420627218,,qwen25_real_m50_balanced_random_seed20260503_dare_linear_e8_dare_linear
dare_linear,triple,taronklm_trained_model+laquythang_efe15045_778f_4dfa+phungkhaccuong_2b1522e6_bef2_7,-7.967777581409543,-0.583394312092068,1,"[0.4874403851268694, 0.2, 0.31255961487313066]","[0.6, 0.2, 0.2]",0.4840243597230333,"{""laquythang_efe15045_778f_4dfa"": 63.04999284744266, ""phungkhaccuong_2b1522e6_bef2_7"": 35.95719032287601, ""taronklm_trained_model"": 0.583394312092068}",taronklm_trained_model,continuous_primal_dual_psd,6,-7.967777581409543,-7.967777581409543,0.0,"[0.0, 1.0, 0.0]",primal=Optimization terminated successfully; dual=outer=Optimization terminated successfully; inner=Optimization terminated successfully,1,-459.7247195673765,459.7247195673765,,qwen25_real_m50_balanced_random_seed20260503_dare_linear_e8_dare_linear
dare_linear,triple,phungkhaccuong_731c6dec_a942_4+hongngo_9d92894f_7b7b_49e0_8f3+versil91_474890ea_012d_4a25_96,8.579856796758378,7.807377052307096,0,"[0.4540757853746518, 0.2, 0.34592421462534817]","[0.4, 0.4, 0.2]",2.812504768371582,"{""hongngo_9d92894f_7b7b_49e0_8f3"": 4.361173439025912, ""phungkhaccuong_731c6dec_a942_4"": -7.807377052307096, ""versil91_474890ea_012d_4a25_96"": -5.507715636122275}",phungkhaccuong_731c6dec_a942_4,continuous_primal_dual_psd,6,8.579856796758378,8.579856796758378,0.0,"[0.0, 1.0, 0.0]",primal=Optimization terminated successfully; dual=outer=Optimization terminated successfully; inner=Optimization terminated successfully,1,-268.26007438217,268.26007438216993,,qwen25_real_m50_balanced_random_seed20260503_dare_linear_e8_dare_linear
dare_linear,triple,chauhoang_2aa4f343_5524_f86e_b+thaffggg_8c87f3d3_d4bb_475a_a8+datlaaaaaaa_e8cccbe1_c136_409a,47.746248795470365,29.02386493682858,0,"[0.2, 0.2000000000000106, 0.5999999999999894]","[0.4, 0.4, 0.2]",10.2272629737854,"{""chauhoang_2aa4f343_5524_f86e_b"": -15.467634868621793, ""datlaaaaaaa_e8cccbe1_c136_409a"": -29.02386493682858, ""thaffggg_8c87f3d3_d4bb_475a_a8"": -14.345100593566862}",datlaaaaaaa_e8cccbe1_c136_409a,continuous_primal_dual_psd,6,47.746248795470365,47.74624879546681,3.552713678800501e-12,"[0.9999999999994245, 5.7553961596535e-13, 0.0]",primal=Optimization terminated successfully; dual=outer=Optimization terminated successfully; inner=Optimization terminated successfully,1,-707.2027199619874,707.2027199619873,,qwen25_real_m50_balanced_random_seed20260503_dare_linear_e8_dare_linear
dare_linear,triple,duyphu_0112d9da_9934_4614_b233+mrhunghd_9e58333c_df22_4a00_9c+nhung02_db2c9545_4607_487b_9cc,33.07146506011878,37.11610145568845,0,"[0.5433655230393041, 0.20000000000001938, 0.25663447696067654]","[0.6, 0.2, 0.2]",0.0,"{""duyphu_0112d9da_9934_4614_b233"": -37.116101455688444, ""mrhunghd_9e58333c_df22_4a00_9c"": -32.991650772094694, ""nhung02_db2c9545_4607_487b_9cc"": -30.21705455780026}",duyphu_0112d9da_9934_4614_b233,continuous_primal_dual_psd,6,33.07146506011878,33.07146506011878,0.0,"[0.0, 1.0, 0.0]",primal=Optimization terminated successfully; dual=outer=Optimization terminated successfully; inner=Optimization terminated successfully,1,-761.1782711004957,761.1782711004957,,qwen25_real_m50_balanced_random_seed20260503_dare_linear_e8_dare_linear
dare_linear,triple,datlaaaaaaa_cc1f8701_0976_4f48+duyphu_4909ad74_a335_4972_9ed8+nbninh_0d8b128b_8753_46c3_b80f,44.67112507911679,13.4644062042236,0,"[0.40532262077622483, 0.2, 0.3946773792237752]","[0.2, 0.4, 0.4]",22.964751720428467,"{""datlaaaaaaa_cc1f8701_0976_4f48"": -11.533311080932585, ""duyphu_4909ad74_a335_4972_9ed8"": -5.922904682159391, ""nbninh_0d8b128b_8753_46c3_b80f"": -13.4644062042236}",nbninh_0d8b128b_8753_46c3_b80f,continuous_primal_dual_psd,6,44.67112507911679,44.67112507911679,0.0,"[0.0, 1.0, 0.0]",primal=Optimization terminated successfully; dual=outer=Optimization terminated successfully; inner=Optimization terminated successfully,1,-531.6167057733916,531.6167057733916,,qwen25_real_m50_balanced_random_seed20260503_dare_linear_e8_dare_linear
dare_linear,triple,cunghoctienganh_b7496e73_1762+chauhoang_4909ad74_a335_4972_9+nhoxinh_9214fc0d_4490_4bdd_9ff,22.087134891528308,27.09205455780026,0,"[0.5561718903463362, 0.2, 0.24382810965366386]","[0.4, 0.4, 0.2]",14.147722721099854,"{""chauhoang_4909ad74_a335_4972_9"": -10.946920585632292, ""cunghoctienganh_b7496e73_1762"": -27.09205455780026, ""nhoxinh_9214fc0d_4490_4bdd_9ff"": -25.374391746520963}",cunghoctienganh_b7496e73_1762,continuous_primal_dual_psd,6,22.087134891528308,22.087134891527967,3.410605131648481e-13,"[0.0, 0.3739143622740133, 0.6260856377259866]",primal=Optimization terminated successfully; dual=outer=Optimization terminated successfully; inner=Optimization terminated successfully,1,-369.649259874166,369.649259874166,,qwen25_real_m50_balanced_random_seed20260503_dare_linear_e8_dare_linear
dare_linear,triple,adammandic87_3d7a58a6_4380_4e3+tuanna08go_c1cf0152_7ae6_43b6+hongngo_687b8c72_c89b_4cb7_b7c,35.75212068557736,0.3503472328185708,0,"[0.2, 0.2, 0.6]","[0.2, 0.6, 0.2]",27.785539627075195,"{""adammandic87_3d7a58a6_4380_4e3"": 5.133339691162142, ""hongngo_687b8c72_c89b_4cb7_b7c"": -0.35034723281857083, ""tuanna08go_c1cf0152_7ae6_43b6"": 3.016480731964144}",hongngo_687b8c72_c89b_4cb7_b7c,continuous_primal_dual_psd,6,35.75212068557736,35.75212068557734,2.131628207280301e-14,"[8.881784197001244e-16, 0.9999999999999991, 0.0]",primal=Optimization terminated successfully; dual=outer=Optimization terminated successfully; inner=Optimization terminated successfully,1,-629.1366985551874,646.6576814375061,,qwen25_real_m50_balanced_random_seed20260503_dare_linear_e8_dare_linear
dare_linear,triple,cunghoctienganh_c1cf0152_7ae6+mrhungddddh_fe499423_02f3_4cfd+mrhunghddddd_d692685b_fdb4_477,107.42348141670232,23.61665077209469,0,"[0.2, 0.2, 0.6]","[0.6, 0.2, 0.2]",16.25000238418579,"{""cunghoctienganh_c1cf0152_7ae6"": -23.616650772094694, ""mrhungddddh_fe499423_02f3_4cfd"": -13.905122947692838, ""mrhunghddddd_d692685b_fdb4_477"": -20.804169845581022}",cunghoctienganh_c1cf0152_7ae6,continuous_primal_dual_psd,6,107.42348141670232,107.42348141670232,0.0,"[0.0, 1.0, 0.0]",primal=Optimization terminated successfully; dual=outer=Optimization terminated successfully; inner=Optimization terminated successfully,1,-1520.230819441118,1531.2496011751905,,qwen25_real_m50_balanced_random_seed20260503_dare_linear_e8_dare_linear
dare_linear,triple,nhung02_08157847_d833_4d45_90f+mrhungddddh_911f6275_22fd_4f41+versil91_63cd5c4a_5a68_4c25_bd,14.08329048448528,8.800962638854948,0,"[0.2, 0.2, 0.6]","[0.4, 0.2, 0.4]",4.607367515563965,"{""mrhungddddh_911f6275_22fd_4f41"": -7.574990463256803, ""nhung02_08157847_d833_4d45_90f"": -8.800962638854948, ""versil91_63cd5c4a_5a68_4c25_bd"": -1.6629676724777243}",nhung02_08157847_d833_4d45_90f,continuous_primal_dual_psd,6,14.08329048448528,14.083290484485186,9.414691248821329e-14,"[1.474813200605804e-14, 0.9999999999999853, 0.0]",primal=Optimization terminated successfully; dual=outer=Optimization terminated successfully; inner=Optimization terminated successfully,1,-435.800982045834,435.800982045834,,qwen25_real_m50_balanced_random_seed20260503_dare_linear_e8_dare_linear
dare_linear,triple,nbninh_c4ae10ba_efe4_401e_8dd7+adammandic87_f28f18cf_4abb_4db+versil91_121ef6e9_0ded_4fc3_8c,5.751106998451581,2.375403118133512,0,"[0.2, 0.2, 0.6]","[0.2, 0.2, 0.6]",0.0,"{""adammandic87_f28f18cf_4abb_4db"": 9.674438762664828, ""nbninh_c4ae10ba_efe4_401e_8dd7"": -2.3754031181335122, ""versil91_121ef6e9_0ded_4fc3_8c"": 5.3416817665100425}",nbninh_c4ae10ba_efe4_401e_8dd7,continuous_primal_dual_psd,6,5.751106998451581,5.751106998451581,0.0,"[0.0, 0.0, 1.0]",primal=Optimization terminated successfully; dual=outer=Optimization terminated successfully; inner=Optimization terminated successfully,1,-177.5528185490339,177.5528185490339,,qwen25_real_m50_balanced_random_seed20260503_dare_linear_e8_dare_linear
dare_linear,triple,thaffggg_8a78a9b2_d3fa_4615_b8+datlaaaaaaa_0dbe42c8_b07b_4785+nhung03_7b6cdc3c_7130_4c2c_a2c,98.89758527796572,69.53014440536495,0,"[0.30321354866374745, 0.2, 0.49678645133625254]","[0.4, 0.2, 0.4]",0.0,"{""datlaaaaaaa_0dbe42c8_b07b_4785"": -64.64231319427486, ""nhung03_7b6cdc3c_7130_4c2c_a2c"": -60.41152782440182, ""thaffggg_8a78a9b2_d3fa_4615_b8"": -69.53014440536495}",thaffggg_8a78a9b2_d3fa_4615_b8,continuous_primal_dual_psd,6,98.89758527796572,98.8975852779657,2.8421709430404014e-14,"[0.0, 3.697042672001635e-14, 0.9999999999999631]",primal=Optimization terminated successfully; dual=outer=Optimization terminated successfully; inner=Optimization terminated successfully,1,-1602.747420421027,1602.7474204210268,,qwen25_real_m50_balanced_random_seed20260503_dare_linear_e8_dare_linear
dare_linear,triple,versil91_01a5620a_fb5f_4bab_94+versil91_e9f26c47_9b78_4e3f_81+nbninh_a1f78795_1b61_4923_9235,0.0664197836821731,-0.3571271876540227,1,"[0.3212767952002043, 0.47872320479979935, 0.1999999999999964]","[0.4, 0.4, 0.2]",0.0,"{""nbninh_a1f78795_1b61_4923_9235"": 5.587884712219271, ""versil91_01a5620a_fb5f_4bab_94"": 0.3571271876540227, ""versil91_e9f26c47_9b78_4e3f_81"": 2.1974380493164176}",versil91_01a5620a_fb5f_4bab_94,continuous_primal_dual_psd,6,0.0664197836821731,0.0664197836821731,0.0,"[0.0, 1.0, 0.0]",primal=Optimization terminated successfully; dual=outer=Optimization terminated successfully; inner=Optimization terminated successfully,1,-197.93900272297583,197.9390027229758,,qwen25_real_m50_balanced_random_seed20260503_dare_linear_e8_dare_linear
dare_linear,triple,tuanna08go_6af2bb68_a65f_4331+phungkhaccuong_a992b7f5_9d18_c+denbeo_d9ae91c0_fed9_4fb4_8ddd,54.53320497930861,9.658339691162077,0,"[0.6000000000000143, 0.20000000000000712, 0.19999999999997864]","[0.6, 0.2, 0.2]",0.0,"{""denbeo_d9ae91c0_fed9_4fb4_8ddd"": -5.491653156280485, ""phungkhaccuong_a992b7f5_9d18_c"": -9.658339691162077, ""tuanna08go_6af2bb68_a65f_4331"": -1.0571411054980626}",phungkhaccuong_a992b7f5_9d18_c,continuous_primal_dual_psd,6,54.53320497930861,54.53320497930858,2.8421709430404014e-14,"[0.0, 2.5535129566378577e-15, 0.9999999999999976]",primal=Optimization terminated successfully; dual=outer=Optimization terminated successfully; inner=Optimization terminated successfully,1,-770.9804193172265,770.9804193172265,,qwen25_real_m50_balanced_random_seed20260503_dare_linear_e8_dare_linear
dare_linear,triple,versil91_8444c3be_8779_4769_a0+duyphu_7aba420b_74ac_4209_b514+nhoxinh_2f944a50_cbd3_4334_af8,28.817214778543843,7.234087657928434,0,"[0.2042076383156897, 0.2, 0.5957923616843103]","[0.6, 0.2, 0.2]",20.01020908355713,"{""duyphu_7aba420b_74ac_4209_b514"": -7.234087657928434, ""nhoxinh_2f944a50_cbd3_4334_af8"": -5.8376700401305825, ""versil91_8444c3be_8779_4769_a0"": -0.327118611191931}",duyphu_7aba420b_74ac_4209_b514,continuous_primal_dual_psd,6,28.817214778543843,28.817214778458688,8.515499416716921e-11,"[1.813214184812682e-15, 0.345785897964291, 0.6542141020357072]",primal=Optimization terminated successfully; dual=outer=Optimization terminated successfully; inner=Optimization terminated successfully,1,-431.1222186955969,432.3394868157956,,qwen25_real_m50_balanced_random_seed20260503_dare_linear_e8_dare_linear
dare_linear,triple,lhong4759_f68c5c87_934d_4399_b+cunghoctienganh_4909ad74_a335+mrhungddddh_9b1deaac_4565_48f2,92.20053262710576,7.262519073486295,0,"[0.2, 0.2, 0.6]","[0.2, 0.2, 0.6]",0.0,"{""cunghoctienganh_4909ad74_a335"": -7.262519073486295, ""lhong4759_f68c5c87_934d_4399_b"": -1.6775638580321939, ""mrhungddddh_9b1deaac_4565_48f2"": -4.017320346832243}",cunghoctienganh_4909ad74_a335,continuous_primal_dual_psd,6,92.20053262710576,92.20053262710576,0.0,"[0.0, 1.0, 0.0]",primal=Optimization terminated successfully; dual=outer=Optimization terminated successfully; inner=Optimization terminated successfully,1,-1947.4073945427645,1965.4096291004023,,qwen25_real_m50_balanced_random_seed20260503_dare_linear_e8_dare_linear
dare_linear,triple,tuanna08go_7647f014_8af3_4266+laquythang_8444c3be_8779_4769+hongngo_7e251dfc_e0f7_4f73_aae,117.9204371069298,17.451873493194547,0,"[0.2, 0.2, 0.6]","[0.4, 0.2, 0.4]",26.61933898925781,"{""hongngo_7e251dfc_e0f7_4f73_aae"": -17.451873493194547, ""laquythang_8444c3be_8779_4769"": -15.804174613952604, ""tuanna08go_7647f014_8af3_4266"": -3.7159138361487063}",hongngo_7e251dfc_e0f7_4f73_aae,continuous_primal_dual_psd,6,117.9204371069298,117.9204371069298,0.0,"[0.0, 0.0, 1.0]",primal=Optimization terminated successfully; dual=outer=Optimization terminated successfully; inner=Optimization terminated successfully,1,-2729.808419674958,2729.808419674958,,qwen25_real_m50_balanced_random_seed20260503_dare_linear_e8_dare_linear
dare_linear,triple,phungkhaccuong_731c6dec_a942_4+nhoxinh_0c66c9c5_5cc2_46a8_9db+hongngo_687b8c72_c89b_4cb7_b7c,129.78141016960157,11.713984680175749,0,"[0.2, 0.2, 0.6]","[0.2, 0.2, 0.6]",0.0,"{""hongngo_687b8c72_c89b_4cb7_b7c"": -11.713984680175749, ""nhoxinh_0c66c9c5_5cc2_46a8_9db"": 7.761546897888216, ""phungkhaccuong_731c6dec_a942_4"": -0.5157143592834146}",hongngo_687b8c72_c89b_4cb7_b7c,continuous_primal_dual_psd,6,129.78141016960157,129.78141016960157,0.0,"[0.0, 1.0, 0.0]",primal=Optimization terminated successfully; dual=outer=Optimization terminated successfully; inner=Optimization terminated successfully,1,-3108.0490385200856,3108.0490385200856,,qwen25_real_m50_balanced_random_seed20260503_dare_linear_e8_dare_linear
dare_linear,triple,taronklm_trained_model+adammandic87_f28f18cf_4abb_4db+versil91_121ef6e9_0ded_4fc3_8c,-6.211995138998507,-0.6355907391737875,1,"[0.4294074549393279, 0.370592545060696, 0.19999999999997609]","[0.6, 0.2, 0.2]",0.19043467724956,"{""adammandic87_f28f18cf_4abb_4db"": 6.631001758575472, ""taronklm_trained_model"": 0.6355907391737875, ""versil91_121ef6e9_0ded_4fc3_8c"": 79.71667938232424}",taronklm_trained_model,continuous_primal_dual_psd,6,-6.211995138998507,-6.211995138998507,0.0,"[0.0, 0.0, 1.0]",primal=Optimization terminated successfully; dual=outer=Optimization terminated successfully; inner=Optimization terminated successfully,1,-24.73377615673085,24.73377615673085,,qwen25_real_m50_balanced_random_seed20260503_dare_linear_e8_dare_linear
dare_linear,triple,tuanna08go_6af2bb68_a65f_4331+thaffggg_8c87f3d3_d4bb_475a_a8+versil91_474890ea_012d_4a25_96,22.226431395379237,5.704370212554899,0,"[0.20000000000005685, 0.20000000000005183, 0.5999999999998913]","[0.4, 0.2, 0.4]",0.1136183738708496,"{""thaffggg_8c87f3d3_d4bb_475a_a8"": -5.704370212554899, ""tuanna08go_6af2bb68_a65f_4331"": -0.7999991825657626, ""versil91_474890ea_012d_4a25_96"": -1.8923148815722772}",thaffggg_8c87f3d3_d4bb_475a_a8,continuous_primal_dual_psd,6,22.226431395379237,22.226431395379237,0.0,"[0.0, 1.0, 0.0]",primal=Optimization terminated successfully; dual=outer=Optimization terminated successfully; inner=Optimization terminated successfully,1,-687.1030437488388,687.1030437488388,,qwen25_real_m50_balanced_random_seed20260503_dare_linear_e8_dare_linear
dare_linear,triple,nhoxinh_9214fc0d_4490_4bdd_9ff+hongngo_9d92894f_7b7b_49e0_8f3+mrhunghd_9e58333c_df22_4a00_9c,267.69233592668166,2.7833373069762857,0,"[0.2, 0.2, 0.6]","[0.2, 0.2, 0.6]",0.0,"{""hongngo_9d92894f_7b7b_49e0_8f3"": 3.548237609863314, ""mrhunghd_9e58333c_df22_4a00_9c"": -2.7833373069762857, ""nhoxinh_9214fc0d_4490_4bdd_9ff"": 7.9902737617493}",mrhunghd_9e58333c_df22_4a00_9c,continuous_primal_dual_psd,6,267.69233592668166,267.69233592668166,0.0,"[0.0, 1.0, 0.0]",primal=Optimization terminated successfully; dual=outer=Optimization terminated successfully; inner=Optimization terminated successfully,1,-6627.2645753518045,6627.2645753518045,,qwen25_real_m50_balanced_random_seed20260503_dare_linear_e8_dare_linear
dare_linear,triple,datlaaaaaaa_cc1f8701_0976_4f48+chauhoang_2aa4f343_5524_f86e_b+nbninh_a1f78795_1b61_4923_9235,-4.4260865242166005,19.194307994842497,0,"[0.3645615839954601, 0.2, 0.4354384160045399]","[0.4, 0.2, 0.4]",0.0,"{""chauhoang_2aa4f343_5524_f86e_b"": -2.1663577079772622, ""datlaaaaaaa_cc1f8701_0976_4f48"": 0.5500047683716147, ""nbninh_a1f78795_1b61_4923_9235"": -19.194307994842497}",nbninh_a1f78795_1b61_4923_9235,continuous_primal_dual_psd,6,-4.4260865242166005,-4.4260865242166005,0.0,"[1.0, 0.0, 0.0]",primal=Optimization terminated successfully; dual=outer=Optimization terminated successfully; inner=Optimization terminated successfully,1,-642.47409489695,642.4740948969499,,qwen25_real_m50_balanced_random_seed20260503_dare_linear_e8_dare_linear
dare_linear,triple,versil91_01a5620a_fb5f_4bab_94+cunghoctienganh_b7496e73_1762+datlaaaaaaa_e8cccbe1_c136_409a,1.550437041135979,12.177279663085905,0,"[0.4713652517373916, 0.2, 0.3286347482626084]","[0.6, 0.2, 0.2]",15.96590280532837,"{""cunghoctienganh_b7496e73_1762"": -12.177279663085905, ""datlaaaaaaa_e8cccbe1_c136_409a"": -3.597727489471403, ""versil91_01a5620a_fb5f_4bab_94"": -0.8818434261039868}",cunghoctienganh_b7496e73_1762,continuous_primal_dual_psd,6,1.550437041135979,1.550437041135979,0.0,"[1.0, 0.0, 0.0]",primal=Optimization terminated successfully; dual=outer=Optimization terminated successfully; inner=Optimization terminated successfully,1,-418.6230026895924,418.62300268959234,,qwen25_real_m50_balanced_random_seed20260503_dare_linear_e8_dare_linear
dare_linear,triple,nbninh_0d8b128b_8753_46c3_b80f+datlaaaaaaa_0dbe42c8_b07b_4785+versil91_63cd5c4a_5a68_4c25_bd,14.01011665625279,7.991662693023649,0,"[0.2111947457910077, 0.26203792720232605, 0.5267673270066663]","[0.2, 0.2, 0.6]",0.0,"{""datlaaaaaaa_0dbe42c8_b07b_4785"": -7.991662693023649, ""nbninh_0d8b128b_8753_46c3_b80f"": 8.178195285797152, ""versil91_63cd5c4a_5a68_4c25_bd"": 0.48518283042781085}",datlaaaaaaa_0dbe42c8_b07b_4785,continuous_primal_dual_psd,6,14.01011665625279,14.01011665625279,0.0,"[1.0, 0.0, 0.0]",primal=Optimization terminated successfully; dual=outer=Optimization terminated successfully; inner=Optimization terminated successfully,1,-172.56736751608526,172.56736751608528,,qwen25_real_m50_balanced_random_seed20260503_dare_linear_e8_dare_linear
dare_linear,triple,tuanna08go_c1cf0152_7ae6_43b6+nhung02_db2c9545_4607_487b_9cc+mrhungddddh_fe499423_02f3_4cfd,109.3371794031795,54.364803504943815,0,"[0.3400052056024066, 0.2, 0.4599947943975934]","[0.4, 0.2, 0.4]",0.0,"{""mrhungddddh_fe499423_02f3_4cfd"": -52.11828060150143, ""nhung02_db2c9545_4607_487b_9cc"": -54.364803504943815, ""tuanna08go_c1cf0152_7ae6_43b6"": -51.26087970733639}",nhung02_db2c9545_4607_487b_9cc,continuous_primal_dual_psd,6,109.3371794031795,109.3371794031795,0.0,"[1.0, 0.0, 0.0]",primal=Optimization terminated successfully; dual=outer=Optimization terminated successfully; inner=Optimization terminated successfully,1,-1677.2065487739062,1677.2065487739062,,qwen25_real_m50_balanced_random_seed20260503_dare_linear_e8_dare_linear
dare_linear,triple,adammandic87_3d7a58a6_4380_4e3+chauhoang_4909ad74_a335_4972_9+nbninh_c4ae10ba_efe4_401e_8dd7,40.26036444850213,6.789735031127897,0,"[0.45137682961284603, 0.2, 0.34862317038715396]","[0.6, 0.2, 0.2]",18.18181276321411,"{""adammandic87_3d7a58a6_4380_4e3"": -3.039744567871061, ""chauhoang_4909ad74_a335_4972_9"": 8.257624435424837, ""nbninh_c4ae10ba_efe4_401e_8dd7"": -6.789735031127897}",nbninh_c4ae10ba_efe4_401e_8dd7,continuous_primal_dual_psd,6,40.26036444850213,40.26036444850213,0.0,"[0.0, 1.0, 0.0]",primal=Optimization terminated successfully; dual=outer=Optimization terminated successfully; inner=Optimization terminated successfully,1,-1261.3455412199442,1261.3455412199442,,qwen25_real_m50_balanced_random_seed20260503_dare_linear_e8_dare_linear
dare_linear,triple,cunghoctienganh_c1cf0152_7ae6+denbeo_d9ae91c0_fed9_4fb4_8ddd+hongngo_7e251dfc_e0f7_4f73_aae,64.12996865326022,33.484068584442106,0,"[0.5863950967884042, 0.20000000000000956, 0.21360490321158632]","[0.6, 0.2, 0.2]",0.0,"{""cunghoctienganh_c1cf0152_7ae6"": -23.929169845581022, ""denbeo_d9ae91c0_fed9_4fb4_8ddd"": -13.824990463256803, ""hongngo_7e251dfc_e0f7_4f73_aae"": -33.484068584442106}",hongngo_7e251dfc_e0f7_4f73_aae,continuous_primal_dual_psd,6,64.12996865326022,64.12996865326022,0.0,"[0.0, 1.0, 0.0]",primal=Optimization terminated successfully; dual=outer=Optimization terminated successfully; inner=Optimization terminated successfully,1,-350.13619359150584,350.13619359150584,,qwen25_real_m50_balanced_random_seed20260503_dare_linear_e8_dare_linear
dare_linear,triple,duyphu_7aba420b_74ac_4209_b514+duyphu_0112d9da_9934_4614_b233+nhung02_08157847_d833_4d45_90f,30.062796574740677,16.253605556488004,0,"[0.2, 0.41098735592097674, 0.38901264407902325]","[0.2, 0.4, 0.4]",0.0,"{""duyphu_0112d9da_9934_4614_b233"": -16.253605556488004, ""duyphu_7aba420b_74ac_4209_b514"": -8.417800140380827, ""nhung02_08157847_d833_4d45_90f"": 4.428204822540316}",duyphu_0112d9da_9934_4614_b233,continuous_primal_dual_psd,6,30.062796574740677,30.062796574740677,0.0,"[0.0, 0.0, 1.0]",primal=Optimization terminated successfully; dual=outer=Optimization terminated successfully; inner=Optimization terminated successfully,1,-1084.4831723031805,1084.483172303181,,qwen25_real_m50_balanced_random_seed20260503_dare_linear_e8_dare_linear
dare_linear,triple,versil91_e9f26c47_9b78_4e3f_81+tuanna08go_7647f014_8af3_4266+laquythang_8444c3be_8779_4769,62.79472853364655,0.7818876690602088,0,"[0.2, 0.2, 0.6]","[0.4, 0.4, 0.2]",37.31395917465924,"{""laquythang_8444c3be_8779_4769"": 8.883330154418978, ""tuanna08go_7647f014_8af3_4266"": -0.7818876690602088, ""versil91_e9f26c47_9b78_4e3f_81"": 1.5820587158203239}",tuanna08go_7647f014_8af3_4266,continuous_primal_dual_psd,6,62.79472853364655,62.79472853355612,9.043077398018795e-11,"[1.7711350521231554e-12, 0.0, 0.999999999998229]",primal=Optimization terminated successfully; dual=outer=Optimization terminated successfully; inner=Optimization terminated successfully,1,-1548.992466661163,1548.992466661163,,qwen25_real_m50_balanced_random_seed20260503_dare_linear_e8_dare_linear
dare_linear,triple,thaffggg_8a78a9b2_d3fa_4615_b8+phungkhaccuong_2b1522e6_bef2_7+nhung03_7b6cdc3c_7130_4c2c_a2c,149.37167381868284,54.48204584121701,0,"[0.2, 0.2, 0.6]","[0.2, 0.6, 0.2]",31.25584125518798,"{""nhung03_7b6cdc3c_7130_4c2c_a2c"": -54.48204584121701, ""phungkhaccuong_2b1522e6_bef2_7"": -51.059845161437956, ""thaffggg_8a78a9b2_d3fa_4615_b8"": -21.56539268493649}",nhung03_7b6cdc3c_7130_4c2c_a2c,continuous_primal_dual_psd,6,149.37167381868284,149.37167381868284,0.0,"[0.0, 0.0, 1.0]",primal=Optimization terminated successfully; dual=outer=Optimization terminated successfully; inner=Optimization terminated successfully,1,-1718.805893574909,1718.805893574909,,qwen25_real_m50_balanced_random_seed20260503_dare_linear_e8_dare_linear
dare_linear,triple,laquythang_efe15045_778f_4dfa+phungkhaccuong_a992b7f5_9d18_c+nblinh63_0eb73af3_0631_437a_ad,128.6885219676895,26.58940858840939,0,"[0.2, 0.20000000000003068, 0.5999999999999693]","[0.4, 0.4, 0.2]",76.78322792053223,"{""laquythang_efe15045_778f_4dfa"": -18.938639831542936, ""nblinh63_0eb73af3_0631_437a_ad"": -26.58940858840939, ""phungkhaccuong_a992b7f5_9d18_c"": -13.408330154418913}",nblinh63_0eb73af3_0631_437a_ad,continuous_primal_dual_psd,6,128.6885219676895,128.6885219676895,0.0,"[2.098824906085656e-15, 0.999999999999998, 0.0]",primal=Optimization terminated successfully; dual=outer=Optimization terminated successfully; inner=Optimization terminated successfully,1,-1373.0205313656004,1373.0205313656002,,qwen25_real_m50_balanced_random_seed20260503_dare_linear_e8_dare_linear
dare_linear,triple,nhoxinh_2f944a50_cbd3_4334_af8+mrhungddddh_9b1deaac_4565_48f2+mrhunghddddd_d692685b_fdb4_477,78.39764296762104,46.6374904632568,0,"[0.41595173550276615, 0.2, 0.38404826449723384]","[0.4, 0.2, 0.4]",0.0,"{""mrhungddddh_9b1deaac_4565_48f2"": -23.945203495025602, ""mrhunghddddd_d692685b_fdb4_477"": -8.304181766509977, ""nhoxinh_2f944a50_cbd3_4334_af8"": -46.6374904632568}",nhoxinh_2f944a50_cbd3_4334_af8,continuous_primal_dual_psd,6,78.39764296762104,78.39764296762104,0.0,"[0.0, 0.0, 1.0]",primal=Optimization terminated successfully; dual=outer=Optimization terminated successfully; inner=Optimization terminated successfully,1,-1509.6674973874422,1509.6674973874422,,qwen25_real_m50_balanced_random_seed20260503_dare_linear_e8_dare_linear
dare_linear,triple,lhong4759_f68c5c87_934d_4399_b+versil91_8444c3be_8779_4769_a0+duyphu_4909ad74_a335_4972_9ed8,44.03597323845038,4.217615795135465,0,"[0.45671153262025005, 0.2, 0.34328846737974994]","[0.2, 0.6, 0.2]",44.65546607971192,"{""duyphu_4909ad74_a335_4972_9ed8"": 5.3606122016907065, ""lhong4759_f68c5c87_934d_4399_b"": -4.217615795135465, ""versil91_8444c3be_8779_4769_a0"": -0.7677955581417903}",lhong4759_f68c5c87_934d_4399_b,continuous_primal_dual_psd,6,44.03597323845038,44.03597323845038,0.0,"[0.0, 0.0, 1.0]",primal=Optimization terminated successfully; dual=outer=Optimization terminated successfully; inner=Optimization terminated successfully,1,-462.5037486138689,462.50374861386894,,qwen25_real_m50_balanced_random_seed20260503_dare_linear_e8_dare_linear
dare_linear,triple,cunghoctienganh_4909ad74_a335+mrhungddddh_911f6275_22fd_4f41+adammandic87_f28f18cf_4abb_4db,36.66205080754548,20.699992847442594,0,"[0.2, 0.275019860633594, 0.524980139366406]","[0.2, 0.2, 0.6]",0.0,"{""adammandic87_f28f18cf_4abb_4db"": -11.785355281829801, ""cunghoctienganh_4909ad74_a335"": -19.866672229766813, ""mrhungddddh_911f6275_22fd_4f41"": -20.699992847442594}",mrhungddddh_911f6275_22fd_4f41,continuous_primal_dual_psd,6,36.66205080754548,36.66205080754548,0.0,"[0.0, 0.0, 1.0]",primal=Optimization terminated successfully; dual=outer=Optimization terminated successfully; inner=Optimization terminated successfully,1,-320.29990689119444,320.2999068911944,,qwen25_real_m50_balanced_random_seed20260503_dare_linear_e8_dare_linear
dare_linear,triple,tuanna08go_c1cf0152_7ae6_43b6+phungkhaccuong_731c6dec_a942_4+hongngo_7e251dfc_e0f7_4f73_aae,1.451624611221746,3.967037868499723,0,"[0.6000000000000195, 0.2000000000000126, 0.19999999999996787]","[0.2, 0.6, 0.2]",7.632565498352051,"{""hongngo_7e251dfc_e0f7_4f73_aae"": -3.967037868499723, ""phungkhaccuong_731c6dec_a942_4"": 7.368895339965853, ""tuanna08go_c1cf0152_7ae6_43b6"": 7.885369586944613}",hongngo_7e251dfc_e0f7_4f73_aae,continuous_primal_dual_psd,6,1.451624611221746,1.451624611221667,7.882583474838611e-14,"[0.9999999999999098, 9.003908729709208e-14, 0.0]",primal=Optimization terminated successfully; dual=outer=Optimization terminated successfully; inner=Optimization terminated successfully,1,-649.6391823302939,649.6391823302939,,qwen25_real_m50_balanced_random_seed20260503_dare_linear_e8_dare_linear
dare_linear,triple,mrhunghd_9e58333c_df22_4a00_9c+nhung02_db2c9545_4607_487b_9cc+versil91_474890ea_012d_4a25_96,16.797852810555014,19.658342075347868,0,"[0.35470078253020954, 0.23407776622084722, 0.41122145124894327]","[0.4, 0.2, 0.4]",0.0,"{""mrhunghd_9e58333c_df22_4a00_9c"": -19.658342075347868, ""nhung02_db2c9545_4607_487b_9cc"": -13.654556941986051, ""versil91_474890ea_012d_4a25_96"": -4.03334859218061}",mrhunghd_9e58333c_df22_4a00_9c,continuous_primal_dual_psd,6,16.797852810555014,16.79785281055396,1.0551559626037488e-12,"[0.0, 0.30752023294679043, 0.6924797670532096]",primal=Optimization terminated successfully; dual=outer=Optimization terminated successfully; inner=Optimization terminated successfully,0,519.643262765703,0.0,,qwen25_real_m50_balanced_random_seed20260503_dare_linear_e8_dare_linear
dare_linear,triple,nbninh_0d8b128b_8753_46c3_b80f+hongngo_9d92894f_7b7b_49e0_8f3+nblinh63_0eb73af3_0631_437a_ad,107.73683185557618,21.16110630035397,0,"[0.20000000000005672, 0.20000000000008986, 0.5999999999998534]","[0.2, 0.6, 0.2]",7.4410080909729,"{""hongngo_9d92894f_7b7b_49e0_8f3"": -14.213994216918913, ""nblinh63_0eb73af3_0631_437a_ad"": -21.16110630035397, ""nbninh_0d8b128b_8753_46c3_b80f"": -11.012509536743131}",nblinh63_0eb73af3_0631_437a_ad,continuous_primal_dual_psd,6,107.73683185557618,107.73683185557618,0.0,"[1.0, 0.0, 0.0]",primal=Optimization terminated successfully; dual=outer=Optimization terminated successfully; inner=Optimization terminated successfully,1,-2190.6454251892696,2190.6454251892696,,qwen25_real_m50_balanced_random_seed20260503_dare_linear_e8_dare_linear
dare_linear,triple,tuanna08go_6af2bb68_a65f_4331+phungkhaccuong_a992b7f5_9d18_c+datlaaaaaaa_e8cccbe1_c136_409a,18.92585785460989,2.859094810485807,0,"[0.20000000000002843, 0.38357871670562277, 0.4164212832943488]","[0.6, 0.2, 0.2]",36.6761326789856,"{""datlaaaaaaa_e8cccbe1_c136_409a"": -2.859094810485807, ""phungkhaccuong_a992b7f5_9d18_c"": -1.5333325386047036, ""tuanna08go_6af2bb68_a65f_4331"": -0.1428572596334625}",datlaaaaaaa_e8cccbe1_c136_409a,continuous_primal_dual_psd,6,18.92585785460989,18.925857854609188,7.069900220812997e-13,"[0.9999999999994544, 5.455635943005043e-13, 0.0]",primal=Optimization terminated successfully; dual=outer=Optimization terminated successfully; inner=Optimization terminated successfully,1,-709.9040808951333,709.9040808951333,,qwen25_real_m50_balanced_random_seed20260503_dare_linear_e8_dare_linear
dare_linear,triple,versil91_01a5620a_fb5f_4bab_94+nhoxinh_0c66c9c5_5cc2_46a8_9db+nhung03_7b6cdc3c_7130_4c2c_a2c,99.0204689732868,2.088005303824453,0,"[0.20000000000014903, 0.33861378102801476, 0.4613862189718362]","[0.6, 0.2, 0.2]",39.09276337674802,"{""nhoxinh_0c66c9c5_5cc2_46a8_9db"": 1.5115468978882163, ""nhung03_7b6cdc3c_7130_4c2c_a2c"": -0.4676253318786294, ""versil91_01a5620a_fb5f_4bab_94"": -2.088005303824453}",versil91_01a5620a_fb5f_4bab_94,continuous_primal_dual_psd,6,99.0204689732868,99.0204689732868,0.0,"[0.0, 1.0, 0.0]",primal=Optimization terminated successfully; dual=outer=Optimization terminated successfully; inner=Optimization terminated successfully,1,-1291.4389184027427,1291.4389184027427,,qwen25_real_m50_balanced_random_seed20260503_dare_linear_e8_dare_linear
dare_linear,triple,laquythang_efe15045_778f_4dfa+nhung02_08157847_d833_4d45_90f+versil91_63cd5c4a_5a68_4c25_bd,3.5990476552438224,11.637499999999967,0,"[0.3606432897304076, 0.2, 0.43935671026959233]","[0.4, 0.2, 0.4]",0.0,"{""laquythang_efe15045_778f_4dfa"": -11.637499999999967, ""nhung02_08157847_d833_4d45_90f"": 5.253514575958285, ""versil91_63cd5c4a_5a68_4c25_bd"": -0.9222278736399384}",laquythang_efe15045_778f_4dfa,continuous_primal_dual_psd,6,3.5990476552438224,3.5990476552438206,1.7763568394002505e-15,"[0.0, 0.9999999999999996, 3.330669073875468e-16]",primal=Optimization terminated successfully; dual=outer=Optimization terminated successfully; inner=Optimization terminated successfully,1,-29.841429227118084,29.841429227118105,,qwen25_real_m50_balanced_random_seed20260503_dare_linear_e8_dare_linear
dare_linear,triple,thaffggg_8a78a9b2_d3fa_4615_b8+thaffggg_8c87f3d3_d4bb_475a_a8+mrhunghddddd_d692685b_fdb4_477,213.32308955192585,69.97083730697628,0,"[0.2, 0.2, 0.6]","[0.6, 0.2, 0.2]",33.01936388015747,"{""mrhunghddddd_d692685b_fdb4_477"": -69.97083730697628, ""thaffggg_8a78a9b2_d3fa_4615_b8"": -48.02373952865597, ""thaffggg_8c87f3d3_d4bb_475a_a8"": -59.23435993194577}",mrhunghddddd_d692685b_fdb4_477,continuous_primal_dual_psd,6,213.32308955192585,213.32308955192585,0.0,"[1.0, 0.0, 0.0]",primal=Optimization terminated successfully; dual=outer=Optimization terminated successfully; inner=Optimization terminated successfully,1,-2747.012083250704,2757.4117209808533,,qwen25_real_m50_balanced_random_seed20260503_dare_linear_e8_dare_linear
dare_linear,triple,taronklm_trained_model+versil91_8444c3be_8779_4769_a0+tuanna08go_7647f014_8af3_4266,1.2389450795378152,-0.8040323445637536,1,"[0.2, 0.2, 0.6]","[0.6, 0.2, 0.2]",1.1246197269263924,"{""taronklm_trained_model"": 0.8040323445637536, ""tuanna08go_7647f014_8af3_4266"": 3.392717830748543, ""versil91_8444c3be_8779_4769_a0"": 10.189828338667443}",taronklm_trained_model,continuous_primal_dual_psd,6,1.2389450795378152,1.2389450795378152,0.0,"[0.0, 0.0, 1.0]",primal=Optimization terminated successfully; dual=outer=Optimization terminated successfully; inner=Optimization terminated successfully,1,-499.1973699398317,499.1973699398317,,qwen25_real_m50_balanced_random_seed20260503_dare_linear_e8_dare_linear
dare_linear,triple,datlaaaaaaa_cc1f8701_0976_4f48+nhoxinh_2f944a50_cbd3_4334_af8+hongngo_687b8c72_c89b_4cb7_b7c,127.76662522304775,90.49164361953731,0,"[0.2, 0.2, 0.6]","[0.2, 0.4, 0.4]",3.54166030883789,"{""datlaaaaaaa_cc1f8701_0976_4f48"": -90.49164361953731, ""hongngo_687b8c72_c89b_4cb7_b7c"": -89.77052278518673, ""nhoxinh_2f944a50_cbd3_4334_af8"": -49.836793613433805}",datlaaaaaaa_cc1f8701_0976_4f48,continuous_primal_dual_psd,6,127.76662522304775,127.7666252230451,2.671640686457977e-12,"[0.0, 1.2007062011319627e-13, 0.9999999999998799]",primal=Optimization terminated successfully; dual=outer=Optimization terminated successfully; inner=Optimization terminated successfully,1,-1619.3125784144197,1619.3125784144197,,qwen25_real_m50_balanced_random_seed20260503_dare_linear_e8_dare_linear
dare_linear,triple,duyphu_4909ad74_a335_4972_9ed8+duyphu_0112d9da_9934_4614_b233+versil91_121ef6e9_0ded_4fc3_8c,11.323759486763642,16.808679771423307,0,"[0.2, 0.33196695354586125, 0.4680330464541387]","[0.2, 0.2, 0.6]",8.910977840423584,"{""duyphu_0112d9da_9934_4614_b233"": -12.793520164489713, ""duyphu_4909ad74_a335_4972_9ed8"": -16.808679771423307, ""versil91_121ef6e9_0ded_4fc3_8c"": -9.137490463256803}",duyphu_4909ad74_a335_4972_9ed8,continuous_primal_dual_psd,6,11.323759486763642,11.323759486763642,0.0,"[0.0, 1.0, 0.0]",primal=Optimization terminated successfully; dual=outer=Optimization terminated successfully; inner=Optimization terminated successfully,1,-674.7831788232768,674.7831788232768,,qwen25_real_m50_balanced_random_seed20260503_dare_linear_e8_dare_linear
dare_linear,triple,cunghoctienganh_4909ad74_a335+phungkhaccuong_2b1522e6_bef2_7+nbninh_a1f78795_1b61_4923_9235,12.889398366665231,17.31931276321408,0,"[0.2000000000000073, 0.38214998166481584, 0.4178500183351769]","[0.2, 0.4, 0.4]",0.0,"{""cunghoctienganh_4909ad74_a335"": -3.5125166893005044, ""nbninh_a1f78795_1b61_4923_9235"": -17.31931276321408, ""phungkhaccuong_2b1522e6_bef2_7"": -11.949995231628385}",nbninh_a1f78795_1b61_4923_9235,continuous_primal_dual_psd,6,12.889398366665231,12.889398366665231,0.0,"[1.0, 0.0, 0.0]",primal=Optimization terminated successfully; dual=outer=Optimization terminated successfully; inner=Optimization terminated successfully,1,-327.404035889333,327.404035889333,,qwen25_real_m50_balanced_random_seed20260503_dare_linear_e8_dare_linear
dare_linear,triple,nbninh_c4ae10ba_efe4_401e_8dd7+nhoxinh_9214fc0d_4490_4bdd_9ff+mrhungddddh_9b1deaac_4565_48f2,146.80321600444375,51.814499568939176,0,"[0.39870489804101805, 0.20000000000006168, 0.40129510195892026]","[0.6, 0.2, 0.2]",46.85534238815307,"{""mrhungddddh_9b1deaac_4565_48f2"": -19.594231319427458, ""nbninh_c4ae10ba_efe4_401e_8dd7"": -51.814499568939176, ""nhoxinh_9214fc0d_4490_4bdd_9ff"": -42.556050491332975}",nbninh_c4ae10ba_efe4_401e_8dd7,continuous_primal_dual_psd,6,146.80321600444375,146.8032160043707,7.30437932361383e-11,"[0.0, 4.430821725037956e-12, 0.9999999999955691]",primal=Optimization terminated successfully; dual=outer=Optimization terminated successfully; inner=Optimization terminated successfully,1,-1766.903768996165,1766.903768996165,,qwen25_real_m50_balanced_random_seed20260503_dare_linear_e8_dare_linear
dare_linear,triple,chauhoang_2aa4f343_5524_f86e_b+denbeo_d9ae91c0_fed9_4fb4_8ddd+mrhungddddh_911f6275_22fd_4f41,40.3355609675985,24.345853996276823,0,"[0.44250179857390265, 0.33673029173284713, 0.22076790969325022]","[0.4, 0.4, 0.2]",0.0,"{""chauhoang_2aa4f343_5524_f86e_b"": -14.642301273345915, ""denbeo_d9ae91c0_fed9_4fb4_8ddd"": -8.568599891662565, ""mrhungddddh_911f6275_22fd_4f41"": -24.345853996276823}",mrhungddddh_911f6275_22fd_4f41,continuous_primal_dual_psd,6,40.3355609675985,40.3355609675985,0.0,"[0.0, 1.0, 0.0]",primal=Optimization terminated successfully; dual=outer=Optimization terminated successfully; inner=Optimization terminated successfully,0,215.89510436907105,0.0,,qwen25_real_m50_balanced_random_seed20260503_dare_linear_e8_dare_linear
dare_linear,triple,adammandic87_3d7a58a6_4380_4e3+chauhoang_4909ad74_a335_4972_9+mrhungddddh_fe499423_02f3_4cfd,27.242893985590637,17.49488420486447,0,"[0.45259346542428064, 0.3474065345757224, 0.19999999999999696]","[0.4, 0.4, 0.2]",0.0,"{""adammandic87_3d7a58a6_4380_4e3"": -6.349042129516569, ""chauhoang_4909ad74_a335_4972_9"": -13.479724597930876, ""mrhungddddh_fe499423_02f3_4cfd"": -17.49488420486447}",mrhungddddh_fe499423_02f3_4cfd,continuous_primal_dual_psd,6,27.242893985590637,27.24289398559057,6.750155989720953e-14,"[0.0, 0.9999999999999822, 1.776356839400219e-14]",primal=Positive directional derivative for linesearch; dual=outer=Optimization terminated successfully; inner=Optimization terminated successfully,1,-47.436842122655776,47.436842122655776,,qwen25_real_m50_balanced_random_seed20260503_dare_linear_e8_dare_linear
dare_linear,triple,laquythang_8444c3be_8779_4769+cunghoctienganh_c1cf0152_7ae6+datlaaaaaaa_0dbe42c8_b07b_4785,99.33641262054454,15.123072338104215,0,"[0.2, 0.2, 0.6]","[0.2, 0.2, 0.6]",0.0,"{""cunghoctienganh_c1cf0152_7ae6"": -10.491672229766813, ""datlaaaaaaa_0dbe42c8_b07b_4785"": -15.123072338104215, ""laquythang_8444c3be_8779_4769"": -14.762499999999967}",datlaaaaaaa_0dbe42c8_b07b_4785,continuous_primal_dual_psd,6,99.33641262054454,99.33641262054454,0.0,"[0.0, 0.0, 1.0]",primal=Optimization terminated successfully; dual=outer=Optimization terminated successfully; inner=Optimization terminated successfully,1,-2245.063980174819,2302.399512597757,,qwen25_real_m50_balanced_random_seed20260503_dare_linear_e8_dare_linear
dare_linear,triple,lhong4759_f68c5c87_934d_4399_b+versil91_e9f26c47_9b78_4e3f_81+cunghoctienganh_b7496e73_1762,24.69330265454644,9.298482608795132,0,"[0.2, 0.36548537349832505, 0.43451462650167494]","[0.2, 0.6, 0.2]",5.2178144454956055,"{""cunghoctienganh_b7496e73_1762"": -9.298482608795133, ""lhong4759_f68c5c87_934d_4399_b"": 1.5115468978882163, ""versil91_e9f26c47_9b78_4e3f_81"": -0.7512771606445199}",cunghoctienganh_b7496e73_1762,continuous_primal_dual_psd,6,24.69330265454644,24.69330265454602,4.156675004196586e-13,"[0.4548017299054987, 0.5451982700945013, 0.0]",primal=Optimization terminated successfully; dual=outer=Optimization terminated successfully; inner=Optimization terminated successfully,1,-319.8510407431535,319.8510407431535,,qwen25_real_m50_balanced_random_seed20260503_dare_linear_e8_dare_linear
dare_linear,triple,duyphu_7aba420b_74ac_4209_b514+mrhunghd_9e58333c_df22_4a00_9c+adammandic87_f28f18cf_4abb_4db,77.46091874993661,25.283315849304167,0,"[0.2776715850106959, 0.2, 0.5223284149893042]","[0.4, 0.2, 0.4]",13.49945068359375,"{""adammandic87_f28f18cf_4abb_4db"": -6.84511966705319, ""duyphu_7aba420b_74ac_4209_b514"": -20.950594615936247, ""mrhunghd_9e58333c_df22_4a00_9c"": -25.283315849304167}",mrhunghd_9e58333c_df22_4a00_9c,continuous_primal_dual_psd,6,77.46091874993661,77.46091874993661,0.0,"[0.0, 0.0, 1.0]",primal=Optimization terminated successfully; dual=outer=Optimization terminated successfully; inner=Optimization terminated successfully,1,-1287.7819305909402,1287.7819305909402,,qwen25_real_m50_balanced_random_seed20260503_dare_linear_e8_dare_linear
dare_linear,triple,thaffggg_8a78a9b2_d3fa_4615_b8+nhung03_7b6cdc3c_7130_4c2c_a2c+versil91_474890ea_012d_4a25_96,80.66214628219603,20.16315765380856,0,"[0.2, 0.2, 0.6]","[0.6, 0.2, 0.2]",1.9871950149536133,"{""nhung03_7b6cdc3c_7130_4c2c_a2c"": -2.9516012191772134, ""thaffggg_8a78a9b2_d3fa_4615_b8"": -20.16315765380856, ""versil91_474890ea_012d_4a25_96"": -1.6615438901668231}",thaffggg_8a78a9b2_d3fa_4615_b8,continuous_primal_dual_psd,6,80.66214628219603,80.66214628219603,0.0,"[1.0, 0.0, 0.0]",primal=Optimization terminated successfully; dual=outer=Optimization terminated successfully; inner=Optimization terminated successfully,1,-1759.6951843795189,1796.9249527019442,,qwen25_real_m50_balanced_random_seed20260503_dare_linear_e8_dare_linear
dare_linear,triple,versil91_8444c3be_8779_4769_a0+tuanna08go_6af2bb68_a65f_4331+nblinh63_0eb73af3_0631_437a_ad,71.50362859458433,0.8016952768887595,0,"[0.20000000000004975, 0.22169640580431452, 0.5783035941956357]","[0.4, 0.4, 0.2]",58.44724395116907,"{""nblinh63_0eb73af3_0631_437a_ad"": 0.8952706336975425, ""tuanna08go_6af2bb68_a65f_4331"": -0.5285717789003874, ""versil91_8444c3be_8779_4769_a0"": -0.8016952768887595}",versil91_8444c3be_8779_4769_a0,continuous_primal_dual_psd,6,71.50362859458433,71.5036285945751,9.222844710166099e-12,"[0.6571224366811271, 1.0945886847957457e-15, 0.3428775633188717]",primal=Optimization terminated successfully; dual=outer=Optimization terminated successfully; inner=Optimization terminated successfully,1,-889.7621853753033,889.7621853753031,,qwen25_real_m50_balanced_random_seed20260503_dare_linear_e8_dare_linear
dare_linear,triple,laquythang_efe15045_778f_4dfa+nbninh_c4ae10ba_efe4_401e_8dd7+nhung02_db2c9545_4607_487b_9cc,9.695491343996224,18.73978681564328,0,"[0.6000000000001077, 0.2, 0.19999999999989226]","[0.6, 0.2, 0.2]",0.0,"{""laquythang_efe15045_778f_4dfa"": -18.739786815643278, ""nbninh_c4ae10ba_efe4_401e_8dd7"": -8.898571205139127, ""nhung02_db2c9545_4607_487b_9cc"": -14.506831836700407}",laquythang_efe15045_778f_4dfa,continuous_primal_dual_psd,6,9.695491343996224,9.695491343920908,7.531752999057062e-11,"[0.0, 0.0, 1.0]",primal=Optimization terminated successfully; dual=outer=Optimization terminated successfully; inner=Optimization terminated successfully,1,-24.78545358205281,24.78545358205279,,qwen25_real_m50_balanced_random_seed20260503_dare_linear_e8_dare_linear
dare_linear,triple,duyphu_4909ad74_a335_4972_9ed8+nbninh_0d8b128b_8753_46c3_b80f+nhoxinh_9214fc0d_4490_4bdd_9ff,172.72651500701917,53.433826637268034,0,"[0.2, 0.2, 0.6]","[0.6, 0.2, 0.2]",28.24008464813232,"{""duyphu_4909ad74_a335_4972_9ed8"": -53.433826637268034, ""nbninh_0d8b128b_8753_46c3_b80f"": -27.566972446441618, ""nhoxinh_9214fc0d_4490_4bdd_9ff"": -40.16167230606076}",duyphu_4909ad74_a335_4972_9ed8,continuous_primal_dual_psd,6,172.72651500701917,172.72651500701917,0.0,"[0.0, 1.0, 0.0]",primal=Optimization terminated successfully; dual=outer=Optimization terminated successfully; inner=Optimization terminated successfully,1,-2374.7493249326144,2388.2985325770965,,qwen25_real_m50_balanced_random_seed20260503_dare_linear_e8_dare_linear
dare_linear,triple,tuanna08go_c1cf0152_7ae6_43b6+cunghoctienganh_c1cf0152_7ae6+hongngo_7e251dfc_e0f7_4f73_aae,1.8875126524172288,3.1336814880370767,0,"[0.5140094584233068, 0.2, 0.28599054157669324]","[0.4, 0.4, 0.2]",4.857969284057617,"{""cunghoctienganh_c1cf0152_7ae6"": 4.820832538604769, ""hongngo_7e251dfc_e0f7_4f73_aae"": -3.1336814880370767, ""tuanna08go_c1cf0152_7ae6_43b6"": -2.7454525947570474}",hongngo_7e251dfc_e0f7_4f73_aae,continuous_primal_dual_psd,6,1.8875126524172288,1.8875126524172288,0.0,"[0.0, 1.0, 0.0]",primal=Optimization terminated successfully; dual=outer=Optimization terminated successfully; inner=Optimization terminated successfully,1,-68.3490969927077,68.34909699270769,,qwen25_real_m50_balanced_random_seed20260503_dare_linear_e8_dare_linear
dare_linear,triple,nhoxinh_0c66c9c5_5cc2_46a8_9db+thaffggg_8c87f3d3_d4bb_475a_a8+nhung02_08157847_d833_4d45_90f,182.4597871641999,25.435569953918424,0,"[0.2, 0.2, 0.6]","[0.2, 0.6, 0.2]",27.51603126525879,"{""nhoxinh_0c66c9c5_5cc2_46a8_9db"": -25.435569953918424, ""nhung02_08157847_d833_4d45_90f"": -20.17115659713742, ""thaffggg_8c87f3d3_d4bb_475a_a8"": -22.60848588943478}",nhoxinh_0c66c9c5_5cc2_46a8_9db,continuous_primal_dual_psd,6,182.4597871641999,182.4597871641999,0.0,"[0.0, 1.0, 0.0]",primal=Optimization terminated successfully; dual=outer=Optimization terminated successfully; inner=Optimization terminated successfully,1,-3555.1058906723106,3555.105890672311,,qwen25_real_m50_balanced_random_seed20260503_dare_linear_e8_dare_linear
dare_linear,triple,cunghoctienganh_b7496e73_1762+mrhunghddddd_d692685b_fdb4_477+versil91_121ef6e9_0ded_4fc3_8c,69.93249367016003,10.25492258071896,0,"[0.2, 0.2, 0.6]","[0.2, 0.2, 0.6]",0.0,"{""cunghoctienganh_b7496e73_1762"": -10.254922580718961, ""mrhunghddddd_d692685b_fdb4_477"": -5.595842075347868, ""versil91_121ef6e9_0ded_4fc3_8c"": 0.445827770233187}",cunghoctienganh_b7496e73_1762,continuous_primal_dual_psd,6,69.93249367016003,69.93249367016003,0.0,"[0.0, 1.0, 0.0]",primal=Optimization terminated successfully; dual=outer=Optimization terminated successfully; inner=Optimization terminated successfully,1,-1555.1833706110922,1555.1833706110924,,qwen25_real_m50_balanced_random_seed20260503_dare_linear_e8_dare_linear
dare_linear,triple,datlaaaaaaa_cc1f8701_0976_4f48+tuanna08go_7647f014_8af3_4266+datlaaaaaaa_0dbe42c8_b07b_4785,34.25309280910908,11.877885532379118,0,"[0.2, 0.4587992258492582, 0.3412007741507418]","[0.2, 0.6, 0.2]",16.113746166229248,"{""datlaaaaaaa_0dbe42c8_b07b_4785"": -11.877885532379118, ""datlaaaaaaa_cc1f8701_0976_4f48"": -6.429150772094694, ""tuanna08go_7647f014_8af3_4266"": -1.4078135045614735}",datlaaaaaaa_0dbe42c8_b07b_4785,continuous_primal_dual_psd,6,34.25309280910908,34.25309280910854,5.400124791776761e-13,"[4.2632564145604194e-14, 0.0, 0.9999999999999574]",primal=Optimization terminated successfully; dual=outer=Optimization terminated successfully; inner=Optimization terminated successfully,1,-947.4292957621848,947.429295762185,,qwen25_real_m50_balanced_random_seed20260503_dare_linear_e8_dare_linear
dare_linear,triple,cunghoctienganh_4909ad74_a335+denbeo_d9ae91c0_fed9_4fb4_8ddd+hongngo_9d92894f_7b7b_49e0_8f3,39.21669848555122,30.90832538604733,0,"[0.21821003489734875, 0.347540455086409, 0.43424951001624224]","[0.2, 0.4, 0.4]",0.0,"{""cunghoctienganh_4909ad74_a335"": -30.90832538604733, ""denbeo_d9ae91c0_fed9_4fb4_8ddd"": -20.307377052307096, ""hongngo_9d92894f_7b7b_49e0_8f3"": -18.76819438934323}",cunghoctienganh_4909ad74_a335,continuous_primal_dual_psd,6,39.21669848555122,39.21669848555122,0.0,"[0.0, 1.0, 0.0]",primal=Optimization terminated successfully; dual=outer=Optimization terminated successfully; inner=Optimization terminated successfully,0,742.8390384786491,0.0,,qwen25_real_m50_balanced_random_seed20260503_dare_linear_e8_dare_linear
dare_linear,triple,laquythang_8444c3be_8779_4769+phungkhaccuong_731c6dec_a942_4+nbninh_a1f78795_1b61_4923_9235,44.65289295865906,17.366674613952604,0,"[0.2000000000004199, 0.599999999999562, 0.20000000000001816]","[0.2, 0.6, 0.2]",0.0,"{""laquythang_8444c3be_8779_4769"": -17.366674613952604, ""nbninh_a1f78795_1b61_4923_9235"": -6.182947826385465, ""phungkhaccuong_731c6dec_a942_4"": -10.595837306976286}",laquythang_8444c3be_8779_4769,continuous_primal_dual_psd,6,44.65289295865906,44.65289295862076,3.8298253457469394e-11,"[4.393152508441745e-13, 4.749534099346421e-13, 0.9999999999990857]",primal=Optimization terminated successfully; dual=outer=Optimization terminated successfully; inner=Optimization terminated successfully,1,-247.86777333947117,247.86777333947117,,qwen25_real_m50_balanced_random_seed20260503_dare_linear_e8_dare_linear
dare_linear,triple,adammandic87_3d7a58a6_4380_4e3+phungkhaccuong_2b1522e6_bef2_7+versil91_63cd5c4a_5a68_4c25_bd,11.431263431441664,-3.300008477126606,1,"[0.2, 0.20000000000004886, 0.5999999999999511]","[0.4, 0.2, 0.4]",2.000008477126593,"{""adammandic87_3d7a58a6_4380_4e3"": 9.71667461395267, ""phungkhaccuong_2b1522e6_bef2_7"": 8.116277980804476, ""versil91_63cd5c4a_5a68_4c25_bd"": 3.300008477126606}",versil91_63cd5c4a_5a68_4c25_bd,continuous_primal_dual_psd,6,11.431263431441664,11.431263431441664,0.0,"[0.0, 0.0, 1.0]",primal=Optimization terminated successfully; dual=outer=Optimization terminated successfully; inner=Optimization terminated successfully,1,-459.3979919445797,459.6827289847957,,qwen25_real_m50_balanced_random_seed20260503_dare_linear_e8_dare_linear
dare_linear,triple,versil91_01a5620a_fb5f_4bab_94+taronklm_trained_model+duyphu_7aba420b_74ac_4209_b514,37.127325763775325,-0.6299288514938802,1,"[0.20000000000000712, 0.2, 0.5999999999999929]","[0.4, 0.4, 0.2]",21.1689414743271,"{""duyphu_7aba420b_74ac_4209_b514"": 29.562970924377474, ""taronklm_trained_model"": 0.6299288514938802, ""versil91_01a5620a_fb5f_4bab_94"": 9.68658215721257}",taronklm_trained_model,continuous_primal_dual_psd,6,37.127325763775325,37.127325763775325,0.0,"[0.0, 1.0, 0.0]",primal=Optimization terminated successfully; dual=outer=Optimization terminated successfully; inner=Optimization terminated successfully,1,-798.5530030598791,798.5530030598791,,qwen25_real_m50_balanced_random_seed20260503_dare_linear_e8_dare_linear
dare_linear,triple,duyphu_0112d9da_9934_4614_b233+hongngo_687b8c72_c89b_4cb7_b7c+mrhungddddh_911f6275_22fd_4f41,15.464373736062411,25.80416507720944,0,"[0.26349875473165624, 0.3576037196491354, 0.3788975256192084]","[0.4, 0.2, 0.4]",0.772857666015625,"{""duyphu_0112d9da_9934_4614_b233"": -6.097725105285612, ""hongngo_687b8c72_c89b_4cb7_b7c"": -25.032737922668424, ""mrhungddddh_911f6275_22fd_4f41"": -25.80416507720944}",mrhungddddh_911f6275_22fd_4f41,continuous_primal_dual_psd,6,15.464373736062411,15.464373736061338,1.0746958878371517e-12,"[0.47667823082233945, 2.1507764716876934e-14, 0.5233217691776391]",primal=Optimization terminated successfully; dual=outer=Optimization terminated successfully; inner=Optimization terminated successfully,1,-68.00764137907971,68.00764137907971,,qwen25_real_m50_balanced_random_seed20260503_dare_linear_e8_dare_linear
dare_linear,triple,lhong4759_f68c5c87_934d_4399_b+chauhoang_2aa4f343_5524_f86e_b+mrhungddddh_fe499423_02f3_4cfd,64.02005374598865,33.90512771606442,0,"[0.23538316452686536, 0.2, 0.5646168354731347]","[0.2, 0.4, 0.4]",13.5176420211792,"{""chauhoang_2aa4f343_5524_f86e_b"": -33.90512771606442, ""lhong4759_f68c5c87_934d_4399_b"": -19.93878192901608, ""mrhungddddh_fe499423_02f3_4cfd"": -25.59584684371945}",chauhoang_2aa4f343_5524_f86e_b,continuous_primal_dual_psd,6,64.02005374598865,64.02005374598794,7.105427357601002e-13,"[0.9999999999997757, 0.0, 2.2426505097423134e-13]",primal=Optimization terminated successfully; dual=outer=Optimization terminated successfully; inner=Optimization terminated successfully,1,-330.07465040520265,330.07465040520265,,qwen25_real_m50_balanced_random_seed20260503_dare_linear_e8_dare_linear
dare_linear,triple,nhoxinh_2f944a50_cbd3_4334_af8+mrhungddddh_9b1deaac_4565_48f2+datlaaaaaaa_e8cccbe1_c136_409a,106.53334565162666,35.78304357528683,0,"[0.2, 0.2, 0.6]","[0.2, 0.2, 0.6]",0.0,"{""datlaaaaaaa_e8cccbe1_c136_409a"": -33.14318962097165, ""mrhungddddh_9b1deaac_4565_48f2"": -33.055785369873014, ""nhoxinh_2f944a50_cbd3_4334_af8"": -35.78304357528683}",nhoxinh_2f944a50_cbd3_4334_af8,continuous_primal_dual_psd,6,106.53334565162666,106.53334565162666,0.0,"[1.0, 0.0, 0.0]",primal=Optimization terminated successfully; dual=outer=Optimization terminated successfully; inner=Optimization terminated successfully,1,-2374.928216612121,2383.166718862805,,qwen25_real_m50_balanced_random_seed20260503_dare_linear_e8_dare_linear
dare_linear,triple,versil91_e9f26c47_9b78_4e3f_81+chauhoang_4909ad74_a335_4972_9+phungkhaccuong_a992b7f5_9d18_c,57.703157832730064,4.084605407714832,0,"[0.2, 0.2, 0.6]","[0.6, 0.2, 0.2]",23.386236667633035,"{""chauhoang_4909ad74_a335_4972_9"": -3.342035484313932, ""phungkhaccuong_a992b7f5_9d18_c"": -0.38750476837154935, ""versil91_e9f26c47_9b78_4e3f_81"": -4.084605407714832}",versil91_e9f26c47_9b78_4e3f_81,continuous_primal_dual_psd,6,57.703157832730064,57.703157832730064,0.0,"[0.0, 1.0, 0.0]",primal=Optimization terminated successfully; dual=outer=Optimization terminated successfully; inner=Optimization terminated successfully,1,-773.3588377891136,773.3588377891135,,qwen25_real_m50_balanced_random_seed20260503_dare_linear_e8_dare_linear
dare_linear,pair,denbeo_d9ae91c0_fed9_4fb4_8ddd+hongngo_7e251dfc_e0f7_4f73_aae,110.43960041999809,109.4499856948852,0,"[0.2, 0.8]","[0.8, 0.2]",4.687511920928955,"{""denbeo_d9ae91c0_fed9_4fb4_8ddd"": -99.49516363143917, ""hongngo_7e251dfc_e0f7_4f73_aae"": -109.44998569488521}",hongngo_7e251dfc_e0f7_4f73_aae,continuous_primal_dual_psd,4,110.43960041999809,110.43960041999809,0.0,"[1.0, 0.0]",primal=Optimization terminated successfully; dual=outer=Optimization terminated successfully; inner=Optimization terminated successfully,1,-805.9899508953104,805.9899508953104,,qwen25_real_m50_balanced_random_seed20260504_dare_linear_e8_dare_linear
dare_linear,pair,mrhunghd_9e58333c_df22_4a00_9c+mrhungddddh_9b1deaac_4565_48f2,103.4285319190889,79.44997854232784,0,"[0.4058173814445446, 0.5941826185554554]","[0.6, 0.4]",7.083332538604736,"{""mrhungddddh_9b1deaac_4565_48f2"": -61.741676998138395, ""mrhunghd_9e58333c_df22_4a00_9c"": -79.44997854232784}",mrhunghd_9e58333c_df22_4a00_9c,continuous_primal_dual_psd,4,103.4285319190889,103.4285319190889,0.0,"[0.0, 1.0]",primal=Optimization terminated successfully; dual=outer=Optimization terminated successfully; inner=Optimization terminated successfully,1,-64.35722112655638,64.35722112655638,,qwen25_real_m50_balanced_random_seed20260504_dare_linear_e8_dare_linear
dare_linear,pair,laquythang_efe15045_778f_4dfa+cunghoctienganh_c1cf0152_7ae6,13.315062594420628,7.74545974731442,0,"[0.20000000000024545, 0.7999999999997546]","[0.2, 0.8]",0.0,"{""cunghoctienganh_c1cf0152_7ae6"": -7.74545974731442, ""laquythang_efe15045_778f_4dfa"": -1.5653879165649087}",cunghoctienganh_c1cf0152_7ae6,continuous_primal_dual_psd,4,13.315062594420628,13.315062594420628,0.0,"[1.0, 0.0]",primal=Optimization terminated successfully; dual=outer=Optimization terminated successfully; inner=Optimization terminated successfully,0,72.45359448988376,0.0,,qwen25_real_m50_balanced_random_seed20260504_dare_linear_e8_dare_linear
dare_linear,pair,duyphu_7aba420b_74ac_4209_b514+versil91_121ef6e9_0ded_4fc3_8c,4.976045560836749,5.5592695856509575,0,"[0.2, 0.8]","[0.2, 0.8]",0.0,"{""duyphu_7aba420b_74ac_4209_b514"": -2.8066665649413736, ""versil91_121ef6e9_0ded_4fc3_8c"": -5.5592695856509575}",versil91_121ef6e9_0ded_4fc3_8c,continuous_primal_dual_psd,4,4.976045560836749,4.976045560836749,0.0,"[1.0, 0.0]",primal=Optimization terminated successfully; dual=outer=Optimization terminated successfully; inner=Optimization terminated successfully,0,121.09369039535513,0.0,,qwen25_real_m50_balanced_random_seed20260504_dare_linear_e8_dare_linear
dare_linear,pair,nbninh_a1f78795_1b61_4923_9235+nhung02_08157847_d833_4d45_90f,62.203238925429325,49.52575273513791,0,"[0.4030398702919072, 0.5969601297080929]","[0.4, 0.6]",0.0,"{""nbninh_a1f78795_1b61_4923_9235"": -49.52575273513791, ""nhung02_08157847_d833_4d45_90f"": -31.116679382324186}",nbninh_a1f78795_1b61_4923_9235,continuous_primal_dual_psd,4,62.203238925429325,62.203238925429325,0.0,"[0.0, 1.0]",primal=Optimization terminated successfully; dual=outer=Optimization terminated successfully; inner=Optimization terminated successfully,0,75.62100887298564,0.0,,qwen25_real_m50_balanced_random_seed20260504_dare_linear_e8_dare_linear
dare_linear,pair,cunghoctienganh_4909ad74_a335+mrhungddddh_fe499423_02f3_4cfd,59.59010027539837,41.0686165809631,0,"[0.4147624720636625, 0.5852375279363375]","[0.4, 0.6]",0.0,"{""cunghoctienganh_4909ad74_a335"": -31.27765960693356, ""mrhungddddh_fe499423_02f3_4cfd"": -41.0686165809631}",mrhungddddh_fe499423_02f3_4cfd,continuous_primal_dual_psd,4,59.59010027539837,59.59010027539837,0.0,"[1.0, 0.0]",primal=Optimization terminated successfully; dual=outer=Optimization terminated successfully; inner=Optimization terminated successfully,0,67.30765104293809,0.0,,qwen25_real_m50_balanced_random_seed20260504_dare_linear_e8_dare_linear
dare_linear,pair,versil91_8444c3be_8779_4769_a0+datlaaaaaaa_cc1f8701_0976_4f48,3.5406851595959097,4.080656242370573,0,"[0.7831169305579386, 0.21688306944206137]","[0.8, 0.2]",0.0,"{""datlaaaaaaa_cc1f8701_0976_4f48"": -4.080656242370573, ""versil91_8444c3be_8779_4769_a0"": -2.8951559431551908}",datlaaaaaaa_cc1f8701_0976_4f48,continuous_primal_dual_psd,4,3.5406851595959097,3.540685159595605,3.0464519795714295e-13,"[0.7974368182622127, 0.20256318173778734]",primal=Optimization terminated successfully; dual=outer=Optimization terminated successfully; inner=Optimization terminated successfully,0,167.76874661445595,0.0,,qwen25_real_m50_balanced_random_seed20260504_dare_linear_e8_dare_linear
dare_linear,pair,versil91_63cd5c4a_5a68_4c25_bd+versil91_474890ea_012d_4a25_96,0.3018878394893829,0.6672293663024575,0,"[0.20000000000000104, 0.7999999999999989]","[0.8, 0.2]",0.8420586585998535,"{""versil91_474890ea_012d_4a25_96"": -0.6672293663024575, ""versil91_63cd5c4a_5a68_4c25_bd"": 4.01153259277347}",versil91_474890ea_012d_4a25_96,continuous_primal_dual_psd,4,0.3018878394893829,0.3018878394893829,0.0,"[1.0, 0.0]",primal=Optimization terminated successfully; dual=outer=Optimization terminated successfully; inner=Optimization terminated successfully,1,-18.160333562214703,18.160333562214703,,qwen25_real_m50_balanced_random_seed20260504_dare_linear_e8_dare_linear
dare_linear,pair,nbninh_0d8b128b_8753_46c3_b80f+hongngo_9d92894f_7b7b_49e0_8f3,53.0014952528228,16.741660308837858,0,"[0.3657144595314975, 0.6342855404685025]","[0.6, 0.4]",37.90866136550903,"{""hongngo_9d92894f_7b7b_49e0_8f3"": -16.741660308837858, ""nbninh_0d8b128b_8753_46c3_b80f"": -1.9966156005859048}",hongngo_9d92894f_7b7b_49e0_8f3,continuous_primal_dual_psd,4,53.0014952528228,53.0014952528228,0.0,"[1.0, 0.0]",primal=Optimization terminated successfully; dual=outer=Optimization terminated successfully; inner=Optimization terminated successfully,1,-26.98943018913268,26.98943018913268,,qwen25_real_m50_balanced_random_seed20260504_dare_linear_e8_dare_linear
dare_linear,pair,versil91_01a5620a_fb5f_4bab_94+versil91_e9f26c47_9b78_4e3f_81,0.1470201968382856,-0.442861813925211,1,"[0.2, 0.8]","[0.2, 0.8]",0.0,"{""versil91_01a5620a_fb5f_4bab_94"": 0.442861813925211, ""versil91_e9f26c47_9b78_4e3f_81"": 0.848777741956951}",versil91_01a5620a_fb5f_4bab_94,continuous_primal_dual_psd,4,0.1470201968382856,0.1470201968382856,0.0,"[1.0, 0.0]",primal=Optimization terminated successfully; dual=outer=Optimization terminated successfully; inner=Optimization terminated successfully,1,-27.351118363416816,27.351118363416816,,qwen25_real_m50_balanced_random_seed20260504_dare_linear_e8_dare_linear
dare_linear,pair,thaffggg_8a78a9b2_d3fa_4615_b8+chauhoang_2aa4f343_5524_f86e_b,68.41154761314391,63.977959823608366,0,"[0.2, 0.8]","[0.2, 0.8]",0.0,"{""chauhoang_2aa4f343_5524_f86e_b"": -61.32500476837155, ""thaffggg_8a78a9b2_d3fa_4615_b8"": -63.977959823608366}",thaffggg_8a78a9b2_d3fa_4615_b8,continuous_primal_dual_psd,4,68.41154761314391,68.41154761314391,0.0,"[0.0, 1.0]",primal=Optimization terminated successfully; dual=outer=Optimization terminated successfully; inner=Optimization terminated successfully,1,-411.4586114883428,411.4586114883428,,qwen25_real_m50_balanced_random_seed20260504_dare_linear_e8_dare_linear
dare_linear,pair,nbninh_c4ae10ba_efe4_401e_8dd7+nhoxinh_2f944a50_cbd3_4334_af8,30.5944030783943,9.994867515563932,0,"[0.5397690095881962, 0.4602309904118038]","[0.6, 0.4]",0.0,"{""nbninh_c4ae10ba_efe4_401e_8dd7"": -0.44856464833029885, ""nhoxinh_2f944a50_cbd3_4334_af8"": -9.994867515563932}",nhoxinh_2f944a50_cbd3_4334_af8,continuous_primal_dual_psd,4,30.5944030783943,30.5944030783943,0.0,"[1.0, 0.0]",primal=Optimization terminated successfully; dual=outer=Optimization terminated successfully; inner=Optimization terminated successfully,1,-47.11195826530458,47.11195826530458,,qwen25_real_m50_balanced_random_seed20260504_dare_linear_e8_dare_linear
dare_linear,pair,mrhungddddh_911f6275_22fd_4f41+mrhunghddddd_d692685b_fdb4_477,32.43958301544187,17.31931276321408,0,"[0.2, 0.8]","[0.6, 0.4]",31.363630294799805,"{""mrhungddddh_911f6275_22fd_4f41"": -17.31931276321408, ""mrhunghddddd_d692685b_fdb4_477"": -12.24283285140988}",mrhungddddh_911f6275_22fd_4f41,continuous_primal_dual_psd,4,32.43958301544187,32.43958301544187,0.0,"[0.0, 1.0]",primal=Optimization terminated successfully; dual=outer=Optimization terminated successfully; inner=Optimization terminated successfully,1,-291.6666865348816,291.6666865348816,,qwen25_real_m50_balanced_random_seed20260504_dare_linear_e8_dare_linear
dare_linear,pair,lhong4759_f68c5c87_934d_4399_b+nhung03_7b6cdc3c_7130_4c2c_a2c,90.3809387207031,64.45292539596554,0,"[0.2, 0.8]","[0.2, 0.8]",0.0,"{""lhong4759_f68c5c87_934d_4399_b"": -49.45000715255734, ""nhung03_7b6cdc3c_7130_4c2c_a2c"": -64.45292539596554}",nhung03_7b6cdc3c_7130_4c2c_a2c,continuous_primal_dual_psd,4,90.3809387207031,90.3809387207031,0.0,"[1.0, 0.0]",primal=Optimization terminated successfully; dual=outer=Optimization terminated successfully; inner=Optimization terminated successfully,1,-1260.015964508057,1260.015964508057,,qwen25_real_m50_balanced_random_seed20260504_dare_linear_e8_dare_linear
dare_linear,pair,hongngo_687b8c72_c89b_4cb7_b7c+nblinh63_0eb73af3_0631_437a_ad,57.64748163223263,55.85151023864743,0,"[0.2, 0.8]","[0.2, 0.8]",0.0,"{""hongngo_687b8c72_c89b_4cb7_b7c"": -55.85151023864743, ""nblinh63_0eb73af3_0631_437a_ad"": -54.13750715255734}",hongngo_687b8c72_c89b_4cb7_b7c,continuous_primal_dual_psd,4,57.64748163223263,57.64748163223263,0.0,"[0.0, 1.0]",primal=Optimization terminated successfully; dual=outer=Optimization terminated successfully; inner=Optimization terminated successfully,1,-310.31459569931053,310.31459569931053,,qwen25_real_m50_balanced_random_seed20260504_dare_linear_e8_dare_linear
dare_linear,pair,tuanna08go_6af2bb68_a65f_4331+phungkhaccuong_2b1522e6_bef2_7,-5.46826224421396,-0.1044699818327791,1,"[0.5435881100099141, 0.45641188999008586]","[0.6, 0.4]",0.0,"{""phungkhaccuong_2b1522e6_bef2_7"": 13.326093482971224, ""tuanna08go_6af2bb68_a65f_4331"": 0.10446998183277911}",tuanna08go_6af2bb68_a65f_4331,continuous_primal_dual_psd,4,-5.46826224421396,-5.46826224421396,0.0,"[1.0, 0.0]",primal=Optimization terminated successfully; dual=outer=Optimization terminated successfully; inner=Optimization terminated successfully,0,320.31252980232244,0.0,,qwen25_real_m50_balanced_random_seed20260504_dare_linear_e8_dare_linear
dare_linear,pair,duyphu_4909ad74_a335_4972_9ed8+nhoxinh_0c66c9c5_5cc2_46a8_9db,66.97083539962767,46.98789424896237,0,"[0.2, 0.8]","[0.6, 0.4]",20.68762779235839,"{""duyphu_4909ad74_a335_4972_9ed8"": -46.98789424896237, ""nhoxinh_0c66c9c5_5cc2_46a8_9db"": -42.107346725463835}",duyphu_4909ad74_a335_4972_9ed8,continuous_primal_dual_psd,4,66.97083539962767,66.97083539962767,0.0,"[0.0, 1.0]",primal=Optimization terminated successfully; dual=outer=Optimization terminated successfully; inner=Optimization terminated successfully,1,-148.43732118606582,148.43732118606582,,qwen25_real_m50_balanced_random_seed20260504_dare_linear_e8_dare_linear
dare_linear,pair,adammandic87_3d7a58a6_4380_4e3+phungkhaccuong_731c6dec_a942_4,0.487140329170737,-0.9117621147944576,1,"[0.2, 0.8]","[0.4, 0.6]",1.0352927620447836,"{""adammandic87_3d7a58a6_4380_4e3"": 1.2230780516862483, ""phungkhaccuong_731c6dec_a942_4"": 0.9117621147944577}",phungkhaccuong_731c6dec_a942_4,continuous_primal_dual_psd,4,0.487140329170737,0.487140329170737,0.0,"[0.0, 1.0]",primal=Optimization terminated successfully; dual=outer=Optimization terminated successfully; inner=Optimization terminated successfully,1,-41.41937105609873,41.41937105609873,,qwen25_real_m50_balanced_random_seed20260504_dare_linear_e8_dare_linear
dare_linear,pair,taronklm_trained_model+duyphu_0112d9da_9934_4614_b233,-1.2825775410358926,-31.062838363647494,1,"[0.6125681582626764, 0.3874318417373236]","[0.4, 0.6]",14.407050609588625,"{""duyphu_0112d9da_9934_4614_b233"": 31.062838363647494, ""taronklm_trained_model"": 39.247938919067415}",duyphu_0112d9da_9934_4614_b233,continuous_primal_dual_psd,4,-1.2825775410358926,-1.2825775410358926,0.0,"[1.0, 0.0]",primal=Optimization terminated successfully; dual=outer=Optimization terminated successfully; inner=Optimization terminated successfully,0,9.367393629979556,0.0,,qwen25_real_m50_balanced_random_seed20260504_dare_linear_e8_dare_linear
dare_linear,pair,laquythang_8444c3be_8779_4769+cunghoctienganh_b7496e73_1762,63.4320869026557,104.24168415069576,0,"[0.44757340831491393, 0.5524265916850861]","[0.4, 0.6]",0.0,"{""cunghoctienganh_b7496e73_1762"": -104.24168415069576, ""laquythang_8444c3be_8779_4769"": -84.4310671806335}",cunghoctienganh_b7496e73_1762,continuous_primal_dual_psd,4,63.4320869026557,63.4320869026557,0.0,"[1.0, 0.0]",primal=Optimization terminated successfully; dual=outer=Optimization terminated successfully; inner=Optimization terminated successfully,0,300.48117041587795,0.0,,qwen25_real_m50_balanced_random_seed20260504_dare_linear_e8_dare_linear
dare_linear,pair,phungkhaccuong_a992b7f5_9d18_c+nhung02_db2c9545_4607_487b_9cc,19.259177517890976,30.860260200500456,0,"[0.8, 0.19999999999999996]","[0.8, 0.2]",0.0,"{""nhung02_db2c9545_4607_487b_9cc"": -30.860260200500456, ""phungkhaccuong_a992b7f5_9d18_c"": -26.538434696197477}",nhung02_db2c9545_4607_487b_9cc,continuous_primal_dual_psd,4,19.259177517890976,19.259177517890976,0.0,"[3.33066907387547e-16, 0.9999999999999997]",primal=Optimization terminated successfully; dual=outer=Optimization terminated successfully; inner=Optimization terminated successfully,0,395.83340287208574,0.0,,qwen25_real_m50_balanced_random_seed20260504_dare_linear_e8_dare_linear
dare_linear,pair,nhoxinh_9214fc0d_4490_4bdd_9ff+thaffggg_8c87f3d3_d4bb_475a_a8,125.66393561363218,97.33826227188106,0,"[0.2, 0.8]","[0.4, 0.6]",3.125,"{""nhoxinh_9214fc0d_4490_4bdd_9ff"": -97.33826227188106, ""thaffggg_8c87f3d3_d4bb_475a_a8"": -92.32876605987545}",nhoxinh_9214fc0d_4490_4bdd_9ff,continuous_primal_dual_psd,4,125.66393561363218,125.66393561363218,0.0,"[0.0, 1.0]",primal=Optimization terminated successfully; dual=outer=Optimization terminated successfully; inner=Optimization terminated successfully,1,-919.5713698863984,919.5713698863984,,qwen25_real_m50_balanced_random_seed20260504_dare_linear_e8_dare_linear
dare_linear,pair,datlaaaaaaa_0dbe42c8_b07b_4785+datlaaaaaaa_e8cccbe1_c136_409a,10.458015871047936,22.896972370147672,0,"[0.2, 0.8]","[0.2, 0.8]",0.0,"{""datlaaaaaaa_0dbe42c8_b07b_4785"": -22.896972370147672, ""datlaaaaaaa_e8cccbe1_c136_409a"": -22.175803852081266}",datlaaaaaaa_0dbe42c8_b07b_4785,continuous_primal_dual_psd,4,10.458015871047936,10.458015871047936,0.0,"[1.0, 0.0]",primal=Optimization terminated successfully; dual=outer=Optimization terminated successfully; inner=Optimization terminated successfully,1,-5.20795583724981,5.20795583724981,,qwen25_real_m50_balanced_random_seed20260504_dare_linear_e8_dare_linear
dare_linear,pair,tuanna08go_c1cf0152_7ae6_43b6+chauhoang_4909ad74_a335_4972_9,57.2000021457672,3.133717250823942,0,"[0.2, 0.8]","[0.8, 0.2]",40.55870771408081,"{""chauhoang_4909ad74_a335_4972_9"": -1.2208373069762857, ""tuanna08go_c1cf0152_7ae6_43b6"": -3.133717250823942}",tuanna08go_c1cf0152_7ae6_43b6,continuous_primal_dual_psd,4,57.2000021457672,57.2000021457672,0.0,"[6.661338147750939e-16, 0.9999999999999993]",primal=Optimization terminated successfully; dual=outer=Optimization terminated successfully; inner=Optimization terminated successfully,1,-483.1723868846895,483.1723868846895,,qwen25_real_m50_balanced_random_seed20260504_dare_linear_e8_dare_linear
dare_linear,pair,tuanna08go_7647f014_8af3_4266+adammandic87_f28f18cf_4abb_4db,-0.8015088002129653,-0.1364179918882423,1,"[0.5537447139179309, 0.4462552860820691]","[0.4, 0.6]",0.1622896088667041,"{""adammandic87_f28f18cf_4abb_4db"": 3.812691497802767, ""tuanna08go_7647f014_8af3_4266"": 0.13641799188824236}",tuanna08go_7647f014_8af3_4266,continuous_primal_dual_psd,4,-0.8015088002129653,-0.8015088002129653,0.0,"[1.0, 0.0]",primal=Optimization terminated successfully; dual=outer=Optimization terminated successfully; inner=Optimization terminated successfully,0,24.60735861318063,0.0,,qwen25_real_m50_balanced_random_seed20260504_dare_linear_e8_dare_linear
dare_linear,pair,duyphu_7aba420b_74ac_4209_b514+phungkhaccuong_731c6dec_a942_4,2.85625047683782,-0.7941176298992989,1,"[0.20000000000000834, 0.7999999999999916]","[0.4, 0.6]",0.0705884412083873,"{""duyphu_7aba420b_74ac_4209_b514"": 1.0569899559021323, ""phungkhaccuong_731c6dec_a942_4"": 0.7941176298992989}",phungkhaccuong_731c6dec_a942_4,continuous_primal_dual_psd,4,2.85625047683782,2.85625047683782,0.0,"[1.0, 5.551115123125783e-17]",primal=Optimization terminated successfully; dual=outer=Optimization terminated successfully; inner=Optimization terminated successfully,1,-58.392694006445325,58.392694006445325,,qwen25_real_m50_balanced_random_seed20260504_dare_linear_e8_dare_linear
dare_linear,pair,taronklm_trained_model+nhung02_08157847_d833_4d45_90f,-1.7039157785515195,-29.45626668930057,1,"[0.5884219302568561, 0.4115780697431439]","[0.6, 0.4]",0.0,"{""nhung02_08157847_d833_4d45_90f"": 54.23588447570804, ""taronklm_trained_model"": 29.45626668930057}",taronklm_trained_model,continuous_primal_dual_psd,4,-1.7039157785515195,-1.7039157785515195,0.0,"[1.0, 0.0]",primal=Optimization terminated successfully; dual=outer=Optimization terminated successfully; inner=Optimization terminated successfully,0,33.58842189999046,0.0,,qwen25_real_m50_balanced_random_seed20260504_dare_linear_e8_dare_linear
dare_linear,pair,duyphu_0112d9da_9934_4614_b233+versil91_121ef6e9_0ded_4fc3_8c,4.212772917747462,1.9296287316825405,0,"[0.2, 0.8]","[0.2, 0.8]",0.0,"{""duyphu_0112d9da_9934_4614_b233"": -1.9259602546691568, ""versil91_121ef6e9_0ded_4fc3_8c"": -1.9296287316825405}",versil91_121ef6e9_0ded_4fc3_8c,continuous_primal_dual_psd,4,4.212772917747462,4.212772917747462,0.0,"[1.0, 0.0]",primal=Optimization terminated successfully; dual=outer=Optimization terminated successfully; inner=Optimization terminated successfully,0,93.39496493339534,0.0,,qwen25_real_m50_balanced_random_seed20260504_dare_linear_e8_dare_linear
dare_linear,pair,versil91_8444c3be_8779_4769_a0+cunghoctienganh_4909ad74_a335,50.82177228927612,18.34203310012814,0,"[0.2, 0.8]","[0.6, 0.4]",17.46213436126709,"{""cunghoctienganh_4909ad74_a335"": -18.34203310012814, ""versil91_8444c3be_8779_4769_a0"": -8.70806638934055}",cunghoctienganh_4909ad74_a335,continuous_primal_dual_psd,4,50.82177228927612,50.82177228927612,0.0,"[4.440892098500626e-16, 0.9999999999999996]",primal=Optimization terminated successfully; dual=outer=Optimization terminated successfully; inner=Optimization terminated successfully,1,-373.1968998908994,373.1968998908994,,qwen25_real_m50_balanced_random_seed20260504_dare_linear_e8_dare_linear
dare_linear,pair,datlaaaaaaa_cc1f8701_0976_4f48+cunghoctienganh_b7496e73_1762,46.28391690254208,85.27384109497066,0,"[0.20000000000000057, 0.7999999999999994]","[0.4, 0.6]",10.42616367340088,"{""cunghoctienganh_b7496e73_1762"": -71.32499523162838, ""datlaaaaaaa_cc1f8701_0976_4f48"": -85.27384109497066}",datlaaaaaaa_cc1f8701_0976_4f48,continuous_primal_dual_psd,4,46.28391690254208,46.28391690254208,0.0,"[0.0, 1.0]",primal=Optimization terminated successfully; dual=outer=Optimization terminated successfully; inner=Optimization terminated successfully,0,77.36027240753134,0.0,,qwen25_real_m50_balanced_random_seed20260504_dare_linear_e8_dare_linear
dare_linear,pair,phungkhaccuong_2b1522e6_bef2_7+mrhunghd_9e58333c_df22_4a00_9c,20.726034712791407,28.92916507720944,0,"[0.8, 0.19999999999999996]","[0.8, 0.2]",0.0,"{""mrhunghd_9e58333c_df22_4a00_9c"": -28.92916507720944, ""phungkhaccuong_2b1522e6_bef2_7"": -1.8837005615234048}",mrhunghd_9e58333c_df22_4a00_9c,continuous_primal_dual_psd,4,20.726034712791407,20.726034712791407,0.0,"[1.0, 0.0]",primal=Optimization terminated successfully; dual=outer=Optimization terminated successfully; inner=Optimization terminated successfully,0,29.947906732558987,0.0,,qwen25_real_m50_balanced_random_seed20260504_dare_linear_e8_dare_linear
dare_linear,pair,nbninh_a1f78795_1b61_4923_9235+hongngo_9d92894f_7b7b_49e0_8f3,55.34520528268167,40.624240112304655,0,"[0.409046822502907, 0.590953177497093]","[0.2, 0.8]",22.897708415985107,"{""hongngo_9d92894f_7b7b_49e0_8f3"": -19.962814521789518, ""nbninh_a1f78795_1b61_4923_9235"": -40.624240112304655}",nbninh_a1f78795_1b61_4923_9235,continuous_primal_dual_psd,4,55.34520528268167,55.34520528268167,0.0,"[0.0, 1.0]",primal=Optimization terminated successfully; dual=outer=Optimization terminated successfully; inner=Optimization terminated successfully,1,-168.16914081573495,168.16914081573495,,qwen25_real_m50_balanced_random_seed20260504_dare_linear_e8_dare_linear
dare_linear,pair,versil91_01a5620a_fb5f_4bab_94+laquythang_8444c3be_8779_4769,4.174360704421929,3.0484706878661783,0,"[0.8, 0.19999999999999996]","[0.8, 0.2]",0.0,"{""laquythang_8444c3be_8779_4769"": -3.0484706878661783, ""versil91_01a5620a_fb5f_4bab_94"": -0.6428578902280224}",laquythang_8444c3be_8779_4769,continuous_primal_dual_psd,4,4.174360704421929,4.174360704421929,0.0,"[0.0, 1.0]",primal=Optimization terminated successfully; dual=outer=Optimization terminated successfully; inner=Optimization terminated successfully,0,0.8680240404726011,0.0,,qwen25_real_m50_balanced_random_seed20260504_dare_linear_e8_dare_linear
dare_linear,pair,versil91_e9f26c47_9b78_4e3f_81+phungkhaccuong_a992b7f5_9d18_c,12.43269184001434,2.0774752616882,0,"[0.38746265955184583, 0.6125373404481542]","[0.8, 0.2]",7.674837112426758,"{""phungkhaccuong_a992b7f5_9d18_c"": -2.0774752616881997, ""versil91_e9f26c47_9b78_4e3f_81"": 0.3182916532338614}",phungkhaccuong_a992b7f5_9d18_c,continuous_primal_dual_psd,4,12.43269184001434,12.43269184001433,1.0658141036401504e-14,"[0.58707652606247, 0.4129234739375301]",primal=Optimization terminated successfully; dual=outer=Optimization terminated successfully; inner=Optimization terminated successfully,1,-52.083432674408,52.083432674408,,qwen25_real_m50_balanced_random_seed20260504_dare_linear_e8_dare_linear
dare_linear,pair,lhong4759_f68c5c87_934d_4399_b+denbeo_d9ae91c0_fed9_4fb4_8ddd,102.5371875383031,85.87338037490841,0,"[0.26086860429548536, 0.7391313957045147]","[0.8, 0.2]",1.1727690696716309,"{""denbeo_d9ae91c0_fed9_4fb4_8ddd"": -85.87338037490841, ""lhong4759_f68c5c87_934d_4399_b"": -69.44999999999996}",denbeo_d9ae91c0_fed9_4fb4_8ddd,continuous_primal_dual_psd,4,102.5371875383031,102.53718753830216,9.521272659185342e-13,"[0.35301774065108144, 0.6469822593489185]",primal=Optimization terminated successfully; dual=outer=Optimization terminated successfully; inner=Optimization terminated successfully,1,-178.5582304000858,178.5582304000858,,qwen25_real_m50_balanced_random_seed20260504_dare_linear_e8_dare_linear
dare_linear,pair,duyphu_4909ad74_a335_4972_9ed8+mrhungddddh_fe499423_02f3_4cfd,42.175851583300215,62.46135540008542,0,"[0.6719020593691186, 0.3280979406308814]","[0.4, 0.6]",11.155307292938224,"{""duyphu_4909ad74_a335_4972_9ed8"": -62.46135540008542, ""mrhungddddh_fe499423_02f3_4cfd"": -57.22246475219723}",duyphu_4909ad74_a335_4972_9ed8,continuous_primal_dual_psd,4,42.175851583300215,42.17585158328515,1.5063505998114124e-11,"[0.0, 1.0]",primal=Optimization terminated successfully; dual=outer=Optimization terminated successfully; inner=Optimization terminated successfully,0,698.9815831184383,0.0,,qwen25_real_m50_balanced_random_seed20260504_dare_linear_e8_dare_linear
dare_linear,pair,cunghoctienganh_c1cf0152_7ae6+datlaaaaaaa_0dbe42c8_b07b_4785,18.58062334060677,4.866662693023649,0,"[0.7999999999999973, 0.20000000000000273]","[0.8, 0.2]",0.0,"{""cunghoctienganh_c1cf0152_7ae6"": -4.866662693023649, ""datlaaaaaaa_0dbe42c8_b07b_4785"": -3.323116970062223}",cunghoctienganh_c1cf0152_7ae6,continuous_primal_dual_psd,4,18.58062334060677,18.58062334060677,0.0,"[0.0, 1.0]",primal=Optimization terminated successfully; dual=outer=Optimization terminated successfully; inner=Optimization terminated successfully,1,-57.09141492843627,57.09141492843627,,qwen25_real_m50_balanced_random_seed20260504_dare_linear_e8_dare_linear
dare_linear,pair,hongngo_7e251dfc_e0f7_4f73_aae+datlaaaaaaa_e8cccbe1_c136_409a,32.063610029220705,49.262049865722624,0,"[0.20000000000000423, 0.7999999999999958]","[0.2, 0.8]",0.0,"{""datlaaaaaaa_e8cccbe1_c136_409a"": -49.262049865722624, ""hongngo_7e251dfc_e0f7_4f73_aae"": -31.220832538604704}",datlaaaaaaa_e8cccbe1_c136_409a,continuous_primal_dual_psd,4,32.063610029220705,32.063610029220705,0.0,"[1.0, 0.0]",primal=Optimization terminated successfully; dual=outer=Optimization terminated successfully; inner=Optimization terminated successfully,1,-282.5525403022765,282.5525403022765,,qwen25_real_m50_balanced_random_seed20260504_dare_linear_e8_dare_linear
dare_linear,pair,tuanna08go_c1cf0152_7ae6_43b6+versil91_474890ea_012d_4a25_96,0.7263159162776694,-0.3511159896850913,1,"[0.2, 0.8]","[0.2, 0.8]",0.0,"{""tuanna08go_c1cf0152_7ae6_43b6"": 1.866266059875521, ""versil91_474890ea_012d_4a25_96"": 0.3511159896850913}",versil91_474890ea_012d_4a25_96,continuous_primal_dual_psd,4,0.7263159162776694,0.7263159162776694,0.0,"[5.551115123125783e-17, 1.0]",primal=Optimization terminated successfully; dual=outer=Optimization terminated successfully; inner=Optimization terminated successfully,1,-20.96165070209771,20.96165070209771,,qwen25_real_m50_balanced_random_seed20260504_dare_linear_e8_dare_linear
dare_linear,pair,nhung02_db2c9545_4607_487b_9cc+mrhunghddddd_d692685b_fdb4_477,68.05370700709554,63.15192289352414,0,"[0.5140217450129544, 0.4859782549870456]","[0.4, 0.6]",21.3942527770996,"{""mrhunghddddd_d692685b_fdb4_477"": -57.08110637664792, ""nhung02_db2c9545_4607_487b_9cc"": -63.15192289352414}",nhung02_db2c9545_4607_487b_9cc,continuous_primal_dual_psd,4,68.05370700709554,68.05370700709554,0.0,"[0.0, 1.0]",primal=Optimization terminated successfully; dual=outer=Optimization terminated successfully; inner=Optimization terminated successfully,0,958.3336114883416,0.0,,qwen25_real_m50_balanced_random_seed20260504_dare_linear_e8_dare_linear
dare_linear,pair,chauhoang_4909ad74_a335_4972_9+nhoxinh_2f944a50_cbd3_4334_af8,43.08304030524288,41.88589162826535,0,"[0.28743932155677543, 0.7125606784432246]","[0.2, 0.8]",0.0,"{""chauhoang_4909ad74_a335_4972_9"": -35.64319915771481, ""nhoxinh_2f944a50_cbd3_4334_af8"": -41.88589162826535}",nhoxinh_2f944a50_cbd3_4334_af8,continuous_primal_dual_psd,4,43.08304030524288,43.08304030499407,2.488107497811143e-10,"[0.04939233018113044, 0.9506076698188696]",primal=Optimization terminated successfully; dual=outer=Optimization terminated successfully; inner=Optimization terminated successfully,1,-44.1522896289825,44.1522896289825,,qwen25_real_m50_balanced_random_seed20260504_dare_linear_e8_dare_linear
dare_linear,pair,tuanna08go_6af2bb68_a65f_4331+laquythang_efe15045_778f_4dfa,35.58873362541192,3.304162693023649,0,"[0.8, 0.19999999999999996]","[0.8, 0.2]",0.0,"{""laquythang_efe15045_778f_4dfa"": -3.304162693023649, ""tuanna08go_6af2bb68_a65f_4331"": -1.281004828200958}",laquythang_efe15045_778f_4dfa,continuous_primal_dual_psd,4,35.58873362541192,35.58873362541192,0.0,"[1.0, 0.0]",primal=Optimization terminated successfully; dual=outer=Optimization terminated successfully; inner=Optimization terminated successfully,0,251.5390515327452,0.0,,qwen25_real_m50_balanced_random_seed20260504_dare_linear_e8_dare_linear
dare_linear,pair,nbninh_c4ae10ba_efe4_401e_8dd7+nbninh_0d8b128b_8753_46c3_b80f,116.79090447425848,16.14070243835446,0,"[0.2, 0.8]","[0.8, 0.2]",35.969555377960205,"{""nbninh_0d8b128b_8753_46c3_b80f"": -16.14070243835446, ""nbninh_c4ae10ba_efe4_401e_8dd7"": 0.22652149554420553}",nbninh_0d8b128b_8753_46c3_b80f,continuous_primal_dual_psd,4,116.79090447425848,116.79090447425848,0.0,"[1.0, 0.0]",primal=Optimization terminated successfully; dual=outer=Optimization terminated successfully; inner=Optimization terminated successfully,1,-391.21657609939535,391.21657609939535,,qwen25_real_m50_balanced_random_seed20260504_dare_linear_e8_dare_linear
dare_linear,pair,adammandic87_3d7a58a6_4380_4e3+nhoxinh_9214fc0d_4490_4bdd_9ff,3.76346789129731,-1.6846170775293705,1,"[0.7076858009063091, 0.29231419909369094]","[0.8, 0.2]",0.0,"{""adammandic87_3d7a58a6_4380_4e3"": 1.6846170775293703, ""nhoxinh_9214fc0d_4490_4bdd_9ff"": 5.067059326171908}",adammandic87_3d7a58a6_4380_4e3,continuous_primal_dual_psd,4,3.76346789129731,3.76346789129731,0.0,"[0.8756166143076838, 0.12438338569231619]",primal=Optimization terminated successfully; dual=outer=Optimization terminated successfully; inner=Optimization terminated successfully,0,325.7209062576293,0.0,,qwen25_real_m50_balanced_random_seed20260504_dare_linear_e8_dare_linear
dare_linear,pair,nhoxinh_0c66c9c5_5cc2_46a8_9db+nblinh63_0eb73af3_0631_437a_ad,68.74535941257142,78.82062501907345,0,"[0.610433196124192, 0.389566803875808]","[0.4, 0.6]",13.470292091369627,"{""nblinh63_0eb73af3_0631_437a_ad"": -45.700016689300504, ""nhoxinh_0c66c9c5_5cc2_46a8_9db"": -78.82062501907345}",nhoxinh_0c66c9c5_5cc2_46a8_9db,continuous_primal_dual_psd,4,68.74535941257142,68.74535941257142,0.0,"[0.0, 1.0]",primal=Optimization terminated successfully; dual=outer=Optimization terminated successfully; inner=Optimization terminated successfully,0,26.04186534881596,0.0,,qwen25_real_m50_balanced_random_seed20260504_dare_linear_e8_dare_linear
dare_linear,pair,tuanna08go_7647f014_8af3_4266+chauhoang_2aa4f343_5524_f86e_b,-0.347295190584016,-0.2888071052498445,1,"[0.7433390241295913, 0.2566609758704087]","[0.8, 0.2]",0.0,"{""chauhoang_2aa4f343_5524_f86e_b"": 14.612504768371615, ""tuanna08go_7647f014_8af3_4266"": 0.28880710524984454}",tuanna08go_7647f014_8af3_4266,continuous_primal_dual_psd,4,-0.347295190584016,-0.347295190584016,0.0,"[1.0, 0.0]",primal=Optimization terminated successfully; dual=outer=Optimization terminated successfully; inner=Optimization terminated successfully,0,23.36388849343816,0.0,,qwen25_real_m50_balanced_random_seed20260504_dare_linear_e8_dare_linear
dare_linear,pair,hongngo_687b8c72_c89b_4cb7_b7c+versil91_63cd5c4a_5a68_4c25_bd,12.220819067955144,4.828777980804411,0,"[0.20000000000000578, 0.7999999999999943]","[0.2, 0.8]",0.0,"{""hongngo_687b8c72_c89b_4cb7_b7c"": -4.828777980804411, ""versil91_63cd5c4a_5a68_4c25_bd"": -4.66851301193234}",hongngo_687b8c72_c89b_4cb7_b7c,continuous_primal_dual_psd,4,12.220819067955144,12.220819067955144,0.0,"[1.0, 0.0]",primal=Optimization terminated successfully; dual=outer=Optimization terminated successfully; inner=Optimization terminated successfully,1,-26.179224912658025,26.179224912658025,,qwen25_real_m50_balanced_random_seed20260504_dare_linear_e8_dare_linear
dare_linear,pair,thaffggg_8a78a9b2_d3fa_4615_b8+mrhungddddh_911f6275_22fd_4f41,42.98830739966658,48.351505470275846,0,"[0.25336150368717464, 0.7466384963128254]","[0.2, 0.8]",0.0,"{""mrhungddddh_911f6275_22fd_4f41"": -48.351505470275846, ""thaffggg_8a78a9b2_d3fa_4615_b8"": -24.908903312683073}",mrhungddddh_911f6275_22fd_4f41,continuous_primal_dual_psd,4,42.98830739966658,42.98830739966658,0.0,"[1.0, 0.0]",primal=Optimization terminated successfully; dual=outer=Optimization terminated successfully; inner=Optimization terminated successfully,0,146.8349993228911,0.0,,qwen25_real_m50_balanced_random_seed20260504_dare_linear_e8_dare_linear
dare_linear,pair,mrhungddddh_9b1deaac_4565_48f2+nhung03_7b6cdc3c_7130_4c2c_a2c,50.56695336673936,56.603995037078825,0,"[0.4805149142127325, 0.5194850857872675]","[0.6, 0.4]",6.7671895027160645,"{""mrhungddddh_9b1deaac_4565_48f2"": -44.03335161209103, ""nhung03_7b6cdc3c_7130_4c2c_a2c"": -56.603995037078825}",nhung03_7b6cdc3c_7130_4c2c_a2c,continuous_primal_dual_psd,4,50.56695336673936,50.56695336673936,0.0,"[1.0, 0.0]",primal=Optimization terminated successfully; dual=outer=Optimization terminated successfully; inner=Optimization terminated successfully,0,314.7760033607482,0.0,,qwen25_real_m50_balanced_random_seed20260504_dare_linear_e8_dare_linear
dare_linear,pair,thaffggg_8c87f3d3_d4bb_475a_a8+adammandic87_f28f18cf_4abb_4db,0.876274776458958,14.393165779113737,0,"[0.2000000000000042, 0.7999999999999958]","[0.4, 0.6]",8.825767040252686,"{""adammandic87_f28f18cf_4abb_4db"": -13.957575035095182, ""thaffggg_8c87f3d3_d4bb_475a_a8"": -14.393165779113737}",thaffggg_8c87f3d3_d4bb_475a_a8,continuous_primal_dual_psd,4,0.876274776458958,0.876274776458958,0.0,"[1.0, 0.0]",primal=Optimization terminated successfully; dual=outer=Optimization terminated successfully; inner=Optimization terminated successfully,1,-50.78136920928956,50.78136920928956,,qwen25_real_m50_balanced_random_seed20260504_dare_linear_e8_dare_linear
dare_linear,pair,cunghoctienganh_4909ad74_a335+duyphu_4909ad74_a335_4972_9ed8,84.5669872284007,51.11667222976681,0,"[0.20000000000002227, 0.7999999999999777]","[0.8, 0.2]",15.833330154418938,"{""cunghoctienganh_4909ad74_a335"": -38.10528821945187, ""duyphu_4909ad74_a335_4972_9ed8"": -51.11667222976681}",duyphu_4909ad74_a335_4972_9ed8,continuous_primal_dual_psd,4,84.5669872284007,84.5669872284007,0.0,"[1.0, 0.0]",primal=Optimization terminated successfully; dual=outer=Optimization terminated successfully; inner=Optimization terminated successfully,1,-857.5722575187681,857.5722575187681,,qwen25_real_m50_balanced_random_seed20260504_dare_linear_e8_dare_linear
dare_linear,pair,phungkhaccuong_731c6dec_a942_4+mrhunghd_9e58333c_df22_4a00_9c,8.498557719974679,5.179169845581022,0,"[0.20000000000000007, 0.7999999999999999]","[0.6, 0.4]",16.562485694885254,"{""mrhunghd_9e58333c_df22_4a00_9c"": -5.179169845581022, ""phungkhaccuong_731c6dec_a942_4"": 0.2647057793958042}",mrhunghd_9e58333c_df22_4a00_9c,continuous_primal_dual_psd,4,8.498557719974679,8.498557719974679,0.0,"[1.0, 5.551115123125783e-17]",primal=Optimization terminated successfully; dual=outer=Optimization terminated successfully; inner=Optimization terminated successfully,1,-12.321468392127516,12.321468392127516,,qwen25_real_m50_balanced_random_seed20260504_dare_linear_e8_dare_linear
dare_linear,pair,duyphu_7aba420b_74ac_4209_b514+thaffggg_8c87f3d3_d4bb_475a_a8,29.575004053115816,25.24543113708493,0,"[0.2, 0.8]","[0.2, 0.8]",0.0,"{""duyphu_7aba420b_74ac_4209_b514"": -13.41853446960446, ""thaffggg_8c87f3d3_d4bb_475a_a8"": -25.24543113708493}",thaffggg_8c87f3d3_d4bb_475a_a8,continuous_primal_dual_psd,4,29.575004053115816,29.575004053115816,0.0,"[1.0, 0.0]",primal=Optimization terminated successfully; dual=outer=Optimization terminated successfully; inner=Optimization terminated successfully,1,-11.71886920928976,11.71886920928976,,qwen25_real_m50_balanced_random_seed20260504_dare_linear_e8_dare_linear
dare_linear,pair,nhoxinh_9214fc0d_4490_4bdd_9ff+nhung02_08157847_d833_4d45_90f,97.5408930301666,67.56552762985226,0,"[0.2, 0.8]","[0.2, 0.8]",0.0,"{""nhoxinh_9214fc0d_4490_4bdd_9ff"": -67.56552762985226, ""nhung02_08157847_d833_4d45_90f"": -67.31859750747677}",nhoxinh_9214fc0d_4490_4bdd_9ff,continuous_primal_dual_psd,4,97.5408930301666,97.5408930301666,0.0,"[0.0, 1.0]",primal=Optimization terminated successfully; dual=outer=Optimization terminated successfully; inner=Optimization terminated successfully,1,-400.4499316215519,400.4499316215519,,qwen25_real_m50_balanced_random_seed20260504_dare_linear_e8_dare_linear
dare_linear,pair,versil91_01a5620a_fb5f_4bab_94+tuanna08go_7647f014_8af3_4266,-1.2963955116861765,-0.0580715712513546,1,"[0.5018483949627741, 0.4981516050372259]","[0.2, 0.8]",0.3301772661977397,"{""tuanna08go_7647f014_8af3_4266"": 0.058071571251354676, ""versil91_01a5620a_fb5f_4bab_94"": 7.4714492175494}",tuanna08go_7647f014_8af3_4266,continuous_primal_dual_psd,4,-1.2963955116861765,-1.2963955116861765,0.0,"[0.0, 1.0]",primal=Optimization terminated successfully; dual=outer=Optimization terminated successfully; inner=Optimization terminated successfully,0,34.55501246987983,0.0,,qwen25_real_m50_balanced_random_seed20260504_dare_linear_e8_dare_linear
dare_linear,pair,versil91_e9f26c47_9b78_4e3f_81+duyphu_0112d9da_9934_4614_b233,19.533831548690788,0.7375223240557296,0,"[0.7999999999999996, 0.2000000000000004]","[0.8, 0.2]",0.0,"{""duyphu_0112d9da_9934_4614_b233"": 0.365719127655062, ""versil91_e9f26c47_9b78_4e3f_81"": -0.7375223240557296}",versil91_e9f26c47_9b78_4e3f_81,continuous_primal_dual_psd,4,19.533831548690788,19.533831548690788,0.0,"[0.0, 1.0]",primal=Optimization terminated successfully; dual=outer=Optimization terminated successfully; inner=Optimization terminated successfully,1,-84.8722457885743,84.8722457885743,,qwen25_real_m50_balanced_random_seed20260504_dare_linear_e8_dare_linear
dare_linear,pair,thaffggg_8a78a9b2_d3fa_4615_b8+nbninh_a1f78795_1b61_4923_9235,75.78888129166296,82.00681514739986,0,"[0.22698423319997135, 0.7730157668000286]","[0.4, 0.6]",23.48483800888061,"{""nbninh_a1f78795_1b61_4923_9235"": -82.00681514739986, ""thaffggg_8a78a9b2_d3fa_4615_b8"": -74.32178564071651}",nbninh_a1f78795_1b61_4923_9235,continuous_primal_dual_psd,4,75.78888129166296,75.78888129166296,0.0,"[1.0, 0.0]",primal=Optimization terminated successfully; dual=outer=Optimization terminated successfully; inner=Optimization terminated successfully,0,328.1250596046445,0.0,,qwen25_real_m50_balanced_random_seed20260504_dare_linear_e8_dare_linear
dare_linear,pair,hongngo_9d92894f_7b7b_49e0_8f3+versil91_63cd5c4a_5a68_4c25_bd,5.283786726010206,0.2833277702331216,0,"[0.20000000000048498, 0.799999999999515]","[0.2, 0.8]",0.0,"{""hongngo_9d92894f_7b7b_49e0_8f3"": -0.2833277702331216, ""versil91_63cd5c4a_5a68_4c25_bd"": 0.23750953674319675}",hongngo_9d92894f_7b7b_49e0_8f3,continuous_primal_dual_psd,4,5.283786726010206,5.283786726010206,0.0,"[1.0, 0.0]",primal=Optimization terminated successfully; dual=outer=Optimization terminated successfully; inner=Optimization terminated successfully,0,31.132023527277887,0.0,,qwen25_real_m50_balanced_random_seed20260504_dare_linear_e8_dare_linear
dare_linear,pair,phungkhaccuong_a992b7f5_9d18_c+nbninh_c4ae10ba_efe4_401e_8dd7,33.0721635341644,2.6347310066222818,0,"[0.2, 0.8]","[0.2, 0.8]",0.0,"{""nbninh_c4ae10ba_efe4_401e_8dd7"": 0.9004592442113383, ""phungkhaccuong_a992b7f5_9d18_c"": -2.6347310066222818}",phungkhaccuong_a992b7f5_9d18_c,continuous_primal_dual_psd,4,33.0721635341644,33.0721635341644,0.0,"[0.0, 1.0]",primal=Optimization terminated successfully; dual=outer=Optimization terminated successfully; inner=Optimization terminated successfully,1,-298.76872897148144,298.76872897148144,,qwen25_real_m50_balanced_random_seed20260504_dare_linear_e8_dare_linear
dare_linear,pair,laquythang_8444c3be_8779_4769+nhoxinh_2f944a50_cbd3_4334_af8,32.02693648338317,20.37947483062741,0,"[0.2, 0.8]","[0.2, 0.8]",0.0,"{""laquythang_8444c3be_8779_4769"": -19.099608135223356, ""nhoxinh_2f944a50_cbd3_4334_af8"": -20.37947483062741}",nhoxinh_2f944a50_cbd3_4334_af8,continuous_primal_dual_psd,4,32.02693648338317,32.02693648338317,0.0,"[1.0, 0.0]",primal=Optimization terminated successfully; dual=outer=Optimization terminated successfully; inner=Optimization terminated successfully,1,-322.20661640167225,322.20661640167225,,qwen25_real_m50_balanced_random_seed20260504_dare_linear_e8_dare_linear
dare_linear,pair,adammandic87_3d7a58a6_4380_4e3+datlaaaaaaa_cc1f8701_0976_4f48,1.7509329270114051,3.3704430580138838,0,"[0.7964338696872647, 0.2035661303127353]","[0.6, 0.4]",11.931800842285156,"{""adammandic87_3d7a58a6_4380_4e3"": -1.8282047143817062, ""datlaaaaaaa_cc1f8701_0976_4f48"": -3.3704430580138833}",datlaaaaaaa_cc1f8701_0976_4f48,continuous_primal_dual_psd,4,1.7509329270114051,1.7509329270114051,0.0,"[1.0, 0.0]",primal=Optimization terminated successfully; dual=outer=Optimization terminated successfully; inner=Optimization terminated successfully,0,235.407391997781,0.0,,qwen25_real_m50_balanced_random_seed20260504_dare_linear_e8_dare_linear
dare_linear,pair,cunghoctienganh_b7496e73_1762+nblinh63_0eb73af3_0631_437a_ad,88.03318924903866,59.13751430511471,0,"[0.2, 0.8]","[0.2, 0.8]",0.0,"{""cunghoctienganh_b7496e73_1762"": -59.13751430511471, ""nblinh63_0eb73af3_0631_437a_ad"": -56.95001192092892}",cunghoctienganh_b7496e73_1762,continuous_primal_dual_psd,4,88.03318924903866,88.03318924903866,0.0,"[0.0, 1.0]",primal=Optimization terminated successfully; dual=outer=Optimization terminated successfully; inner=Optimization terminated successfully,1,-219.16866302490268,219.16866302490268,,qwen25_real_m50_balanced_random_seed20260504_dare_linear_e8_dare_linear
dare_linear,pair,nhung02_db2c9545_4607_487b_9cc+nhung03_7b6cdc3c_7130_4c2c_a2c,105.63474355747496,93.16065616607662,0,"[0.23602797004112702, 0.763972029958873]","[0.2, 0.8]",0.0,"{""nhung02_db2c9545_4607_487b_9cc"": -85.25129861831661, ""nhung03_7b6cdc3c_7130_4c2c_a2c"": -93.16065616607662}",nhung03_7b6cdc3c_7130_4c2c_a2c,continuous_primal_dual_psd,4,105.63474355747496,105.63474355747496,0.0,"[1.0, 0.0]",primal=Optimization terminated successfully; dual=outer=Optimization terminated successfully; inner=Optimization terminated successfully,0,406.2500596046449,0.0,,qwen25_real_m50_balanced_random_seed20260504_dare_linear_e8_dare_linear
dare_linear,pair,chauhoang_4909ad74_a335_4972_9+hongngo_7e251dfc_e0f7_4f73_aae,45.14447540541767,36.11668653488156,0,"[0.22997842905699584, 0.7700215709430042]","[0.6, 0.4]",32.18748569488525,"{""chauhoang_4909ad74_a335_4972_9"": -32.944324684143034, ""hongngo_7e251dfc_e0f7_4f73_aae"": -36.11668653488156}",hongngo_7e251dfc_e0f7_4f73_aae,continuous_primal_dual_psd,4,45.14447540541767,45.14447540541762,4.263256414560601e-14,"[0.4369662063488588, 0.5630337936511413]",primal=Optimization terminated successfully; dual=outer=Optimization terminated successfully; inner=Optimization terminated successfully,1,-118.98994445800794,118.98994445800794,,qwen25_real_m50_balanced_random_seed20260504_dare_linear_e8_dare_linear
dare_linear,pair,nhoxinh_0c66c9c5_5cc2_46a8_9db+mrhungddddh_fe499423_02f3_4cfd,80.52716202735904,80.42757816314693,0,"[0.2, 0.8]","[0.4, 0.6]",10.528838634490969,"{""mrhungddddh_fe499423_02f3_4cfd"": -80.42757816314693, ""nhoxinh_0c66c9c5_5cc2_46a8_9db"": -67.7454621315002}",mrhungddddh_fe499423_02f3_4cfd,continuous_primal_dual_psd,4,80.52716202735904,80.52716202735904,0.0,"[0.0, 1.0]",primal=Optimization terminated successfully; dual=outer=Optimization terminated successfully; inner=Optimization terminated successfully,1,-37.76073455810571,37.76073455810571,,qwen25_real_m50_balanced_random_seed20260504_dare_linear_e8_dare_linear
dare_linear,pair,versil91_8444c3be_8779_4769_a0+adammandic87_f28f18cf_4abb_4db,-0.8297667859399485,-1.5774193888970929,1,"[0.5133335128510271, 0.48666648714897287]","[0.6, 0.4]",0.0,"{""adammandic87_f28f18cf_4abb_4db"": 2.8183668136597007, ""versil91_8444c3be_8779_4769_a0"": 1.5774193888970929}",versil91_8444c3be_8779_4769_a0,continuous_primal_dual_psd,4,-0.8297667859399485,-0.8297667859399485,0.0,"[0.0, 1.0]",primal=Optimization terminated successfully; dual=outer=Optimization terminated successfully; inner=Optimization terminated successfully,0,25.500011444091797,0.0,,qwen25_real_m50_balanced_random_seed20260504_dare_linear_e8_dare_linear
dare_linear,pair,mrhunghddddd_d692685b_fdb4_477+datlaaaaaaa_0dbe42c8_b07b_4785,38.256092739105206,43.06159324645993,0,"[0.2, 0.8]","[0.4, 0.6]",31.66958093643188,"{""datlaaaaaaa_0dbe42c8_b07b_4785"": -27.36666507720944, ""mrhunghddddd_d692685b_fdb4_477"": -43.06159324645993}",mrhunghddddd_d692685b_fdb4_477,continuous_primal_dual_psd,4,38.256092739105206,38.256092739105206,0.0,"[0.0, 1.0]",primal=Optimization terminated successfully; dual=outer=Optimization terminated successfully; inner=Optimization terminated successfully,1,-387.21963763236977,387.21963763236977,,qwen25_real_m50_balanced_random_seed20260504_dare_linear_e8_dare_linear
dare_linear,pair,phungkhaccuong_2b1522e6_bef2_7+nbninh_0d8b128b_8753_46c3_b80f,74.10625643730165,17.949417304992643,0,"[0.2, 0.8]","[0.6, 0.4]",43.69535446166992,"{""nbninh_0d8b128b_8753_46c3_b80f"": -14.814952087402311, ""phungkhaccuong_2b1522e6_bef2_7"": -17.949417304992643}",phungkhaccuong_2b1522e6_bef2_7,continuous_primal_dual_psd,4,74.10625643730165,74.10625643730165,0.0,"[0.0, 1.0]",primal=Optimization terminated successfully; dual=outer=Optimization terminated successfully; inner=Optimization terminated successfully,1,-417.9687798023222,417.9687798023222,,qwen25_real_m50_balanced_random_seed20260504_dare_linear_e8_dare_linear
dare_linear,pair,tuanna08go_c1cf0152_7ae6_43b6+laquythang_efe15045_778f_4dfa,14.100576114655194,1.7176301002502117,0,"[0.20000000000001805, 0.799999999999982]","[0.8, 0.2]",17.98807382583618,"{""laquythang_efe15045_778f_4dfa"": -1.7176301002502115, ""tuanna08go_c1cf0152_7ae6_43b6"": 0.0007241249084799506}",laquythang_efe15045_778f_4dfa,continuous_primal_dual_psd,4,14.100576114655194,14.100576114655194,0.0,"[0.0, 1.0]",primal=Optimization terminated successfully; dual=outer=Optimization terminated successfully; inner=Optimization terminated successfully,1,-310.0974468133805,310.0974468133805,,qwen25_real_m50_balanced_random_seed20260504_dare_linear_e8_dare_linear
dare_linear,pair,denbeo_d9ae91c0_fed9_4fb4_8ddd+versil91_121ef6e9_0ded_4fc3_8c,12.801676893206974,27.28654451370236,0,"[0.3787238804621382, 0.6212761195378618]","[0.2, 0.8]",6.504940986633301,"{""denbeo_d9ae91c0_fed9_4fb4_8ddd"": -27.28654451370236, ""versil91_121ef6e9_0ded_4fc3_8c"": -10.581495330588737}",denbeo_d9ae91c0_fed9_4fb4_8ddd,continuous_primal_dual_psd,4,12.801676893206974,12.801676893191754,1.5219825399981346e-11,"[1.0, 0.0]",primal=Optimization terminated successfully; dual=outer=Optimization terminated successfully; inner=Optimization terminated successfully,0,692.3078000545503,0.0,,qwen25_real_m50_balanced_random_seed20260504_dare_linear_e8_dare_linear
dare_linear,pair,tuanna08go_6af2bb68_a65f_4331+chauhoang_2aa4f343_5524_f86e_b,13.645014654508978,0.281004828200958,0,"[0.28196655717213287, 0.7180334428278672]","[0.6, 0.4]",3.856490403427427,"{""chauhoang_2aa4f343_5524_f86e_b"": 6.279179382324251, ""tuanna08go_6af2bb68_a65f_4331"": -0.281004828200958}",tuanna08go_6af2bb68_a65f_4331,continuous_primal_dual_psd,4,13.645014654508978,13.645014654508945,3.3750779948604765e-14,"[0.5851002356233994, 0.41489976437660053]",primal=Optimization terminated successfully; dual=outer=Optimization terminated successfully; inner=Optimization terminated successfully,1,-169.1433787345886,169.1433787345886,,qwen25_real_m50_balanced_random_seed20260504_dare_linear_e8_dare_linear
dare_linear,pair,mrhungddddh_9b1deaac_4565_48f2+versil91_474890ea_012d_4a25_96,9.031538571650746,4.033330154418913,0,"[0.31823587372349427, 0.6817641262765057]","[0.4, 0.6]",0.0,"{""mrhungddddh_9b1deaac_4565_48f2"": -4.033330154418913, ""versil91_474890ea_012d_4a25_96"": -0.8216530799865396}",mrhungddddh_9b1deaac_4565_48f2,continuous_primal_dual_psd,4,9.031538571650746,9.031538571650746,0.0,"[1.0, 0.0]",primal=Optimization terminated successfully; dual=outer=Optimization terminated successfully; inner=Optimization terminated successfully,0,111.84181599156744,0.0,,qwen25_real_m50_balanced_random_seed20260504_dare_linear_e8_dare_linear
dare_linear,pair,taronklm_trained_model+cunghoctienganh_c1cf0152_7ae6,-1.773180308382456,-42.89376430511478,1,"[0.5460491432375599, 0.45395085676244007]","[0.4, 0.6]",25.5729079246521,"{""cunghoctienganh_c1cf0152_7ae6"": 61.2744420051575, ""taronklm_trained_model"": 42.89376430511478}",taronklm_trained_model,continuous_primal_dual_psd,4,-1.773180308382456,-1.773180308382456,0.0,"[1.0, 0.0]",primal=Optimization terminated successfully; dual=outer=Optimization terminated successfully; inner=Optimization terminated successfully,0,8.426952367838501,0.0,,qwen25_real_m50_balanced_random_seed20260504_dare_linear_e8_dare_linear
dare_linear,pair,lhong4759_f68c5c87_934d_4399_b+hongngo_687b8c72_c89b_4cb7_b7c,55.37838883399962,64.9708301544189,0,"[0.2, 0.8]","[0.8, 0.2]",4.6875,"{""hongngo_687b8c72_c89b_4cb7_b7c"": -64.9708301544189, ""lhong4759_f68c5c87_934d_4399_b"": -32.26250715255734}",hongngo_687b8c72_c89b_4cb7_b7c,continuous_primal_dual_psd,4,55.37838883399962,55.37838883399962,0.0,"[1.0, 0.0]",primal=Optimization terminated successfully; dual=outer=Optimization terminated successfully; inner=Optimization terminated successfully,1,-33.00741314887985,33.00741314887985,,qwen25_real_m50_balanced_random_seed20260504_dare_linear_e8_dare_linear
dare_linear,pair,mrhungddddh_911f6275_22fd_4f41+datlaaaaaaa_e8cccbe1_c136_409a,23.205214214324936,34.25114459991452,0,"[0.8, 0.19999999999999996]","[0.6, 0.4]",0.8806586265563965,"{""datlaaaaaaa_e8cccbe1_c136_409a"": -9.93659801483151, ""mrhungddddh_911f6275_22fd_4f41"": -34.25114459991452}",mrhungddddh_911f6275_22fd_4f41,continuous_primal_dual_psd,4,23.205214214324936,23.205214214324936,0.0,"[3.885780586188048e-16, 0.9999999999999997]",primal=Optimization terminated successfully; dual=outer=Optimization terminated successfully; inner=Optimization terminated successfully,0,16.226470470428428,0.0,,qwen25_real_m50_balanced_random_seed20260504_dare_linear_e8_dare_linear
dare_linear,pair,denbeo_d9ae91c0_fed9_4fb4_8ddd+nbninh_c4ae10ba_efe4_401e_8dd7,22.68767781257626,0.5135209083556802,0,"[0.2, 0.8]","[0.2, 0.8]",0.0,"{""denbeo_d9ae91c0_fed9_4fb4_8ddd"": -0.5135209083556802, ""nbninh_c4ae10ba_efe4_401e_8dd7"": 0.6501728571070706}",denbeo_d9ae91c0_fed9_4fb4_8ddd,continuous_primal_dual_psd,4,22.68767781257626,22.68767781257626,0.0,"[0.0, 1.0]",primal=Optimization terminated successfully; dual=outer=Optimization terminated successfully; inner=Optimization terminated successfully,1,-244.7915077209475,244.7915077209475,,qwen25_real_m50_balanced_random_seed20260504_dare_linear_e8_dare_linear
dare_linear,pair,nhoxinh_0c66c9c5_5cc2_46a8_9db+mrhunghd_9e58333c_df22_4a00_9c,87.34584517478983,69.8666722297668,0,"[0.2000000000000046, 0.7999999999999954]","[0.8, 0.2]",10.3124737739563,"{""mrhunghd_9e58333c_df22_4a00_9c"": -69.8666722297668, ""nhoxinh_0c66c9c5_5cc2_46a8_9db"": -52.675512504577604}",mrhunghd_9e58333c_df22_4a00_9c,continuous_primal_dual_psd,4,87.34584517478983,87.34584517478983,0.0,"[1.0, 0.0]",primal=Optimization terminated successfully; dual=outer=Optimization terminated successfully; inner=Optimization terminated successfully,1,-263.19369673728954,263.19369673728954,,qwen25_real_m50_balanced_random_seed20260504_dare_linear_e8_dare_linear
dare_linear,pair,duyphu_7aba420b_74ac_4209_b514+phungkhaccuong_a992b7f5_9d18_c,30.11665410995477,21.94127149581906,0,"[0.2, 0.8]","[0.8, 0.2]",28.566408157348636,"{""duyphu_7aba420b_74ac_4209_b514"": -21.94127149581906, ""phungkhaccuong_a992b7f5_9d18_c"": -20.60603208541867}",duyphu_7aba420b_74ac_4209_b514,continuous_primal_dual_psd,4,30.11665410995477,30.11665410995477,0.0,"[0.0, 1.0]",primal=Optimization terminated successfully; dual=outer=Optimization terminated successfully; inner=Optimization terminated successfully,1,-1019.5311903953556,1019.5311903953556,,qwen25_real_m50_balanced_random_seed20260504_dare_linear_e8_dare_linear
dare_linear,pair,lhong4759_f68c5c87_934d_4399_b+versil91_e9f26c47_9b78_4e3f_81,2.2599803163123777,1.145119923036371,0,"[0.20000000000000218, 0.7999999999999978]","[0.2, 0.8]",0.0,"{""lhong4759_f68c5c87_934d_4399_b"": -0.6999880790710122, ""versil91_e9f26c47_9b78_4e3f_81"": -1.145119923036371}",versil91_e9f26c47_9b78_4e3f_81,continuous_primal_dual_psd,4,2.2599803163123777,2.2599803163123777,0.0,"[0.0, 1.0]",primal=Optimization terminated successfully; dual=outer=Optimization terminated successfully; inner=Optimization terminated successfully,0,33.3331425999252,0.0,,qwen25_real_m50_balanced_random_seed20260504_dare_linear_e8_dare_linear
dare_linear,pair,phungkhaccuong_2b1522e6_bef2_7+hongngo_9d92894f_7b7b_49e0_8f3,36.44127415300989,26.15890808105465,0,"[0.535008803083732, 0.464991196916268]","[0.2, 0.8]",0.7910966873168945,"{""hongngo_9d92894f_7b7b_49e0_8f3"": -15.179160308837858, ""phungkhaccuong_2b1522e6_bef2_7"": -26.158908081054655}",phungkhaccuong_2b1522e6_bef2_7,continuous_primal_dual_psd,4,36.44127415300989,36.44127415300974,1.4921397450962106e-13,"[0.6517397437225844, 0.34826025627741564]",primal=Optimization terminated successfully; dual=outer=Optimization terminated successfully; inner=Optimization terminated successfully,1,-91.14608168601993,91.14608168601993,,qwen25_real_m50_balanced_random_seed20260504_dare_linear_e8_dare_linear
dare_linear,pair,laquythang_8444c3be_8779_4769+mrhungddddh_9b1deaac_4565_48f2,65.87430627714019,48.5882551193237,0,"[0.6624605832662074, 0.3375394167337926]","[0.6, 0.4]",0.0,"{""laquythang_8444c3be_8779_4769"": -48.5882551193237, ""mrhungddddh_9b1deaac_4565_48f2"": -32.36666030883786}",laquythang_8444c3be_8779_4769,continuous_primal_dual_psd,4,65.87430627714019,65.87430627714019,0.0,"[0.0, 1.0]",primal=Optimization terminated successfully; dual=outer=Optimization terminated successfully; inner=Optimization terminated successfully,0,236.8335425853724,0.0,,qwen25_real_m50_balanced_random_seed20260504_dare_linear_e8_dare_linear
dare_linear,pair,duyphu_0112d9da_9934_4614_b233+datlaaaaaaa_e8cccbe1_c136_409a,20.737463641246336,31.30166835784909,0,"[0.4034898313858196, 0.5965101686141804]","[0.6, 0.4]",5.28409481048584,"{""datlaaaaaaa_e8cccbe1_c136_409a"": -31.30166835784909, ""duyphu_0112d9da_9934_4614_b233"": -30.956390571594206}",datlaaaaaaa_e8cccbe1_c136_409a,continuous_primal_dual_psd,4,20.737463641246336,20.737463641246336,0.0,"[1.0, 0.0]",primal=Optimization terminated successfully; dual=outer=Optimization terminated successfully; inner=Optimization terminated successfully,0,378.5513341426847,0.0,,qwen25_real_m50_balanced_random_seed20260504_dare_linear_e8_dare_linear
dare_linear,pair,cunghoctienganh_c1cf0152_7ae6+hongngo_7e251dfc_e0f7_4f73_aae,8.179452783208319,24.137499999999967,0,"[0.4312400835740815, 0.5687599164259185]","[0.8, 0.2]",5.416667461395264,"{""cunghoctienganh_c1cf0152_7ae6"": -23.929157924652067, ""hongngo_7e251dfc_e0f7_4f73_aae"": -24.137499999999967}",hongngo_7e251dfc_e0f7_4f73_aae,continuous_primal_dual_psd,4,8.179452783208319,8.179452783208259,6.039613253960853e-14,"[0.9634438974353415, 0.0365561025646585]",primal=Optimization terminated successfully; dual=outer=Optimization terminated successfully; inner=Optimization terminated successfully,1,-12.442186827378416,12.442186827378416,,qwen25_real_m50_balanced_random_seed20260504_dare_linear_e8_dare_linear
dare_linear,pair,versil91_8444c3be_8779_4769_a0+nblinh63_0eb73af3_0631_437a_ad,54.51596753578776,5.004838777794209,0,"[0.20904162006805593, 0.7909583799319441]","[0.8, 0.2]",42.361842988715765,"{""nblinh63_0eb73af3_0631_437a_ad"": -4.762497615814176, ""versil91_8444c3be_8779_4769_a0"": -5.004838777794209}",versil91_8444c3be_8779_4769_a0,continuous_primal_dual_psd,4,54.51596753578776,54.51596753578633,1.4281908988778014e-12,"[0.8453757026166491, 0.15462429738335098]",primal=Optimization terminated successfully; dual=outer=Optimization terminated successfully; inner=Optimization terminated successfully,1,-194.01073455810536,194.01073455810536,,qwen25_real_m50_balanced_random_seed20260504_dare_linear_e8_dare_linear
dare_linear,pair,adammandic87_3d7a58a6_4380_4e3+nhung02_08157847_d833_4d45_90f,1.5331428345339615,2.342644405364957,0,"[0.7384776254897373, 0.2615223745102627]","[0.8, 0.2]",0.0,"{""adammandic87_3d7a58a6_4380_4e3"": 1.1205154539345734, ""nhung02_08157847_d833_4d45_90f"": -2.3426444053649575}",nhung02_08157847_d833_4d45_90f,continuous_primal_dual_psd,4,1.5331428345339615,1.5331428345339615,0.0,"[1.0, 0.0]",primal=Optimization terminated successfully; dual=outer=Optimization terminated successfully; inner=Optimization terminated successfully,0,313.7969800984675,0.0,,qwen25_real_m50_balanced_random_seed20260504_dare_linear_e8_dare_linear
dare_linear,pair,mrhunghddddd_d692685b_fdb4_477+versil91_121ef6e9_0ded_4fc3_8c,1.8884442009442832,0.2851847016752205,0,"[0.2478656713277118, 0.7521343286722881]","[0.2, 0.8]",0.0,"{""mrhunghddddd_d692685b_fdb4_477"": 0.1901715278625815, ""versil91_121ef6e9_0ded_4fc3_8c"": -0.28518470167522053}",versil91_121ef6e9_0ded_4fc3_8c,continuous_primal_dual_psd,4,1.8884442009442832,1.8884442009442832,0.0,"[5.551115123125783e-17, 1.0]",primal=Optimization terminated successfully; dual=outer=Optimization terminated successfully; inner=Optimization terminated successfully,0,474.4590818881986,0.0,,qwen25_real_m50_balanced_random_seed20260504_dare_linear_e8_dare_linear
dare_linear,pair,datlaaaaaaa_cc1f8701_0976_4f48+nbninh_0d8b128b_8753_46c3_b80f,49.54895563125607,42.63179607391354,0,"[0.2, 0.8]","[0.2, 0.8]",0.0,"{""datlaaaaaaa_cc1f8701_0976_4f48"": -42.63179607391354, ""nbninh_0d8b128b_8753_46c3_b80f"": -26.7096192359924}",datlaaaaaaa_cc1f8701_0976_4f48,continuous_primal_dual_psd,4,49.54895563125607,49.54895563125607,0.0,"[0.0, 1.0]",primal=Optimization terminated successfully; dual=outer=Optimization terminated successfully; inner=Optimization terminated successfully,0,415.3645038604732,0.0,,qwen25_real_m50_balanced_random_seed20260504_dare_linear_e8_dare_linear
dare_linear,pair,mrhungddddh_fe499423_02f3_4cfd+adammandic87_f28f18cf_4abb_4db,19.458516311645475,19.24603290557858,0,"[0.2, 0.8]","[0.4, 0.6]",1.8611550331115725,"{""adammandic87_f28f18cf_4abb_4db"": -19.24603290557858, ""mrhungddddh_fe499423_02f3_4cfd"": -16.821816635131803}",adammandic87_f28f18cf_4abb_4db,continuous_primal_dual_psd,4,19.458516311645475,19.458516311645475,0.0,"[1.0, 0.0]",primal=Optimization terminated successfully; dual=outer=Optimization terminated successfully; inner=Optimization terminated successfully,1,-78.83548736572273,78.83548736572273,,qwen25_real_m50_balanced_random_seed20260504_dare_linear_e8_dare_linear
dare_linear,pair,taronklm_trained_model+cunghoctienganh_4909ad74_a335,-0.4477854063615442,16.116646003723112,0,"[0.7999999999999974, 0.20000000000000262]","[0.8, 0.2]",0.0,"{""cunghoctienganh_4909ad74_a335"": 14.058515357971224, ""taronklm_trained_model"": -16.116646003723112}",taronklm_trained_model,continuous_primal_dual_psd,4,-0.4477854063615442,-0.4477854063615442,0.0,"[1.0, 0.0]",primal=Optimization terminated successfully; dual=outer=Optimization terminated successfully; inner=Optimization terminated successfully,1,-34.45506095886226,34.45506095886226,,qwen25_real_m50_balanced_random_seed20260504_dare_linear_e8_dare_linear
dare_linear,pair,nbninh_a1f78795_1b61_4923_9235+versil91_63cd5c4a_5a68_4c25_bd,1.139620877436176,1.703062725067106,0,"[0.2, 0.8]","[0.2, 0.8]",0.0,"{""nbninh_a1f78795_1b61_4923_9235"": -0.813630294799772, ""versil91_63cd5c4a_5a68_4c25_bd"": -1.703062725067106}",versil91_63cd5c4a_5a68_4c25_bd,continuous_primal_dual_psd,4,1.139620877436176,1.139620877436176,0.0,"[0.0, 1.0]",primal=Optimization terminated successfully; dual=outer=Optimization terminated successfully; inner=Optimization terminated successfully,1,-99.15888309478756,99.15888309478756,,qwen25_real_m50_balanced_random_seed20260504_dare_linear_e8_dare_linear
dare_linear,pair,laquythang_efe15045_778f_4dfa+cunghoctienganh_b7496e73_1762,64.1460127353668,44.34584684371945,0,"[0.2, 0.8]","[0.4, 0.6]",14.0625,"{""cunghoctienganh_b7496e73_1762"": -44.34584684371945, ""laquythang_efe15045_778f_4dfa"": -7.943597507476774}",cunghoctienganh_b7496e73_1762,continuous_primal_dual_psd,4,64.1460127353668,64.1460127353668,0.0,"[1.0, 0.0]",primal=Optimization terminated successfully; dual=outer=Optimization terminated successfully; inner=Optimization terminated successfully,1,-178.8587868213658,178.8587868213658,,qwen25_real_m50_balanced_random_seed20260504_dare_linear_e8_dare_linear
dare_linear,pair,thaffggg_8a78a9b2_d3fa_4615_b8+phungkhaccuong_731c6dec_a942_4,23.18450475645229,18.13733882904049,0,"[0.20888335488067425, 0.7911166451193258]","[0.2, 0.8]",0.0,"{""phungkhaccuong_731c6dec_a942_4"": -2.0647040291245164, ""thaffggg_8a78a9b2_d3fa_4615_b8"": -18.137338829040495}",thaffggg_8a78a9b2_d3fa_4615_b8,continuous_primal_dual_psd,4,23.18450475645229,23.18450475645229,0.0,"[1.0, 0.0]",primal=Optimization terminated successfully; dual=outer=Optimization terminated successfully; inner=Optimization terminated successfully,0,179.10681144616436,0.0,,qwen25_real_m50_balanced_random_seed20260504_dare_linear_e8_dare_linear
dare_linear,pair,hongngo_687b8c72_c89b_4cb7_b7c+nhung02_db2c9545_4607_487b_9cc,86.01249582767491,104.63940210342405,0,"[0.8, 0.19999999999999996]","[0.6, 0.4]",8.882558345794678,"{""hongngo_687b8c72_c89b_4cb7_b7c"": -104.63940210342403, ""nhung02_db2c9545_4607_487b_9cc"": -101.82180709838863}",hongngo_687b8c72_c89b_4cb7_b7c,continuous_primal_dual_psd,4,86.01249582767491,86.01249582767491,0.0,"[0.0, 1.0]",primal=Optimization terminated successfully; dual=outer=Optimization terminated successfully; inner=Optimization terminated successfully,0,206.9129049777985,0.0,,qwen25_real_m50_balanced_random_seed20260504_dare_linear_e8_dare_linear
dare_linear,pair,chauhoang_4909ad74_a335_4972_9+mrhungddddh_911f6275_22fd_4f41,28.365866613388008,39.7151500701904,0,"[0.2, 0.8]","[0.8, 0.2]",11.628806591033936,"{""chauhoang_4909ad74_a335_4972_9"": -39.7151500701904, ""mrhungddddh_911f6275_22fd_4f41"": -30.425384712219206}",chauhoang_4909ad74_a335_4972_9,continuous_primal_dual_psd,4,28.365866613388008,28.365866613388008,0.0,"[5.551115123125783e-17, 1.0]",primal=Optimization terminated successfully; dual=outer=Optimization terminated successfully; inner=Optimization terminated successfully,1,-608.1727147102356,608.1727147102356,,qwen25_real_m50_balanced_random_seed20260504_dare_linear_e8_dare_linear
dare_linear,pair,duyphu_4909ad74_a335_4972_9ed8+nhung03_7b6cdc3c_7130_4c2c_a2c,38.15832562446592,60.05603380203244,0,"[0.2, 0.8]","[0.2, 0.8]",0.0,"{""duyphu_4909ad74_a335_4972_9ed8"": -60.05603380203244, ""nhung03_7b6cdc3c_7130_4c2c_a2c"": -44.50099773406979}",duyphu_4909ad74_a335_4972_9ed8,continuous_primal_dual_psd,4,38.15832562446592,38.15832562446592,0.0,"[0.9999999999999996, 5.551115123125783e-16]",primal=Optimization terminated successfully; dual=outer=Optimization terminated successfully; inner=Optimization terminated successfully,1,-109.57494378089916,109.57494378089916,,qwen25_real_m50_balanced_random_seed20260504_dare_linear_e8_dare_linear
dare_linear,pair,chauhoang_2aa4f343_5524_f86e_b+nhoxinh_9214fc0d_4490_4bdd_9ff,71.55094571113585,63.51248331069943,0,"[0.2, 0.8]","[0.8, 0.2]",40.018951892852776,"{""chauhoang_2aa4f343_5524_f86e_b"": -63.51248331069943, ""nhoxinh_9214fc0d_4490_4bdd_9ff"": -56.58066577911374}",chauhoang_2aa4f343_5524_f86e_b,continuous_primal_dual_psd,4,71.55094571113585,71.55094571113585,0.0,"[0.0, 1.0]",primal=Optimization terminated successfully; dual=outer=Optimization terminated successfully; inner=Optimization terminated successfully,1,-419.1705584526063,419.1705584526063,,qwen25_real_m50_balanced_random_seed20260504_dare_linear_e8_dare_linear
dare_linear,pair,tuanna08go_7647f014_8af3_4266+versil91_474890ea_012d_4a25_96,-0.1417791724007002,-0.1041323473185286,1,"[0.20000000000000062, 0.7999999999999994]","[0.8, 0.2]",0.6336630936758896,"{""tuanna08go_7647f014_8af3_4266"": 0.10413234731852869, ""versil91_474890ea_012d_4a25_96"": 16.166993904113802}",tuanna08go_7647f014_8af3_4266,continuous_primal_dual_psd,4,-0.1417791724007002,-0.1417791724007002,0.0,"[1.0, 0.0]",primal=Optimization terminated successfully; dual=outer=Optimization terminated successfully; inner=Optimization terminated successfully,1,-7.565765697937036,7.565765697937036,,qwen25_real_m50_balanced_random_seed20260504_dare_linear_e8_dare_linear
dare_linear,pair,versil91_01a5620a_fb5f_4bab_94+tuanna08go_c1cf0152_7ae6_43b6,0.9311736140074278,-0.3571453795196184,1,"[0.2760273209243974, 0.7239726790756026]","[0.6, 0.4]",3.557166837191705,"{""tuanna08go_c1cf0152_7ae6_43b6"": 3.5045354843139975, ""versil91_01a5620a_fb5f_4bab_94"": 0.35714537951961844}",versil91_01a5620a_fb5f_4bab_94,continuous_primal_dual_psd,4,0.9311736140074278,0.9311736140073876,4.007905118896815e-14,"[0.5943051829726231, 0.4056948170273769]",primal=Optimization terminated successfully; dual=outer=Optimization terminated successfully; inner=Optimization terminated successfully,1,-30.28862109611929,30.28862109611929,,qwen25_real_m50_balanced_random_seed20260504_dare_linear_e8_dare_linear
dare_linear,pair,nhoxinh_2f944a50_cbd3_4334_af8+thaffggg_8c87f3d3_d4bb_475a_a8,39.58954954896781,34.67727012634274,0,"[0.5096696169457074, 0.49033038305429255]","[0.6, 0.4]",0.0,"{""nhoxinh_2f944a50_cbd3_4334_af8"": -22.751286697387663, ""thaffggg_8c87f3d3_d4bb_475a_a8"": -34.67727012634274}",thaffggg_8c87f3d3_d4bb_475a_a8,continuous_primal_dual_psd,4,39.58954954896781,39.58954954894958,1.8232526599604168e-11,"[0.693691884122765, 0.306308115877235]",primal=Optimization terminated successfully; dual=outer=Optimization terminated successfully; inner=Optimization terminated successfully,0,471.5907573699948,0.0,,qwen25_real_m50_balanced_random_seed20260504_dare_linear_e8_dare_linear
dare_linear,pair,tuanna08go_6af2bb68_a65f_4331+datlaaaaaaa_0dbe42c8_b07b_4785,13.169894815903092,5.160227489471403,0,"[0.7838185046828133, 0.21618149531718667]","[0.8, 0.2]",0.0,"{""datlaaaaaaa_0dbe42c8_b07b_4785"": -5.160227489471403, ""tuanna08go_6af2bb68_a65f_4331"": -0.3536314706446608}",datlaaaaaaa_0dbe42c8_b07b_4785,continuous_primal_dual_psd,4,13.169894815903092,13.169894815903092,0.0,"[1.0, 0.0]",primal=Optimization terminated successfully; dual=outer=Optimization terminated successfully; inner=Optimization terminated successfully,0,154.0468633174896,0.0,,qwen25_real_m50_balanced_random_seed20260504_dare_linear_e8_dare_linear
dare_linear,pair,versil91_01a5620a_fb5f_4bab_94+phungkhaccuong_2b1522e6_bef2_7,-1.086441860160594,-7.028588057573726,1,"[0.6823858426138989, 0.3176141573861011]","[0.4, 0.6]",5.157153880863476,"{""phungkhaccuong_2b1522e6_bef2_7"": 15.975782203674349, ""versil91_01a5620a_fb5f_4bab_94"": 7.028588057573726}",versil91_01a5620a_fb5f_4bab_94,continuous_primal_dual_psd,4,-1.086441860160594,-1.086441860160594,0.0,"[1.0, 0.0]",primal=Optimization terminated successfully; dual=outer=Optimization terminated successfully; inner=Optimization terminated successfully,0,63.24746651618351,0.0,,qwen25_real_m50_balanced_random_seed20260504_dare_linear_e8_dare_linear
dare_linear,pair,nbninh_c4ae10ba_efe4_401e_8dd7+mrhunghd_9e58333c_df22_4a00_9c,26.038152539983187,16.22082300186154,0,"[0.5198758262318716, 0.48012417376812844]","[0.6, 0.4]",0.0,"{""mrhunghd_9e58333c_df22_4a00_9c"": -16.22082300186154, ""nbninh_c4ae10ba_efe4_401e_8dd7"": -0.26371970730440675}",mrhunghd_9e58333c_df22_4a00_9c,continuous_primal_dual_psd,4,26.038152539983187,26.038152539983187,0.0,"[1.0, 0.0]",primal=Optimization terminated successfully; dual=outer=Optimization terminated successfully; inner=Optimization terminated successfully,0,399.8853266239165,0.0,,qwen25_real_m50_balanced_random_seed20260504_dare_linear_e8_dare_linear
dare_linear,pair,phungkhaccuong_a992b7f5_9d18_c+mrhungddddh_911f6275_22fd_4f41,38.02291936874388,8.701899719238249,0,"[0.2, 0.8]","[0.8, 0.2]",23.844683170318604,"{""mrhungddddh_911f6275_22fd_4f41"": -8.701899719238249, ""phungkhaccuong_a992b7f5_9d18_c"": -5.500403118133512}",mrhungddddh_911f6275_22fd_4f41,continuous_primal_dual_psd,4,38.02291936874388,38.02291936874388,0.0,"[1.0, 0.0]",primal=Optimization terminated successfully; dual=outer=Optimization terminated successfully; inner=Optimization terminated successfully,1,-597.856342792511,597.856342792511,,qwen25_real_m50_balanced_random_seed20260504_dare_linear_e8_dare_linear
dare_linear,pair,duyphu_0112d9da_9934_4614_b233+nbninh_a1f78795_1b61_4923_9235,21.266749572754264,13.568583202362028,0,"[0.799999999999992, 0.20000000000000795]","[0.8, 0.2]",0.0,"{""duyphu_0112d9da_9934_4614_b233"": -13.568583202362028, ""nbninh_a1f78795_1b61_4923_9235"": -12.518170547485319}",duyphu_0112d9da_9934_4614_b233,continuous_primal_dual_psd,4,21.266749572754264,21.266749572754264,0.0,"[0.9999999999999999, 1.1102230246251568e-16]",primal=Optimization terminated successfully; dual=outer=Optimization terminated successfully; inner=Optimization terminated successfully,0,272.3717689514162,0.0,,qwen25_real_m50_balanced_random_seed20260504_dare_linear_e8_dare_linear
dare_linear,pair,duyphu_7aba420b_74ac_4209_b514+tuanna08go_c1cf0152_7ae6_43b6,11.074803766478672,14.715173912048307,0,"[0.2155950778448017, 0.7844049221551983]","[0.2, 0.8]",0.0,"{""duyphu_7aba420b_74ac_4209_b514"": -9.397557449340788, ""tuanna08go_c1cf0152_7ae6_43b6"": -14.715173912048307}",tuanna08go_c1cf0152_7ae6_43b6,continuous_primal_dual_psd,4,11.074803766478672,11.074803766478418,2.540190280342358e-13,"[0.4863429501525716, 0.5136570498474284]",primal=Optimization terminated successfully; dual=outer=Optimization terminated successfully; inner=Optimization terminated successfully,0,138.07778578867234,0.0,,qwen25_real_m50_balanced_random_seed20260504_dare_linear_e8_dare_linear
dare_linear,pair,nhoxinh_9214fc0d_4490_4bdd_9ff+hongngo_9d92894f_7b7b_49e0_8f3,65.39316601753231,45.23598260879513,0,"[0.2, 0.8]","[0.2, 0.8]",0.0,"{""hongngo_9d92894f_7b7b_49e0_8f3"": -27.230456542968717, ""nhoxinh_9214fc0d_4490_4bdd_9ff"": -45.23598260879513}",nhoxinh_9214fc0d_4490_4bdd_9ff,continuous_primal_dual_psd,4,65.39316601753231,65.39316601753231,0.0,"[0.0, 1.0]",primal=Optimization terminated successfully; dual=outer=Optimization terminated successfully; inner=Optimization terminated successfully,1,-289.06255960464483,289.06255960464483,,qwen25_real_m50_balanced_random_seed20260504_dare_linear_e8_dare_linear
dare_linear,pair,versil91_e9f26c47_9b78_4e3f_81+thaffggg_8a78a9b2_d3fa_4615_b8,21.1322898387908,12.645652961730924,0,"[0.8, 0.19999999999999996]","[0.8, 0.2]",0.0,"{""thaffggg_8a78a9b2_d3fa_4615_b8"": -12.645652961730924, ""versil91_e9f26c47_9b78_4e3f_81"": -4.682632012567988}",thaffggg_8a78a9b2_d3fa_4615_b8,continuous_primal_dual_psd,4,21.1322898387908,21.1322898387908,0.0,"[0.0, 1.0]",primal=Optimization terminated successfully; dual=outer=Optimization terminated successfully; inner=Optimization terminated successfully,0,66.40583276748613,0.0,,qwen25_real_m50_balanced_random_seed20260504_dare_linear_e8_dare_linear
dare_linear,pair,nhoxinh_2f944a50_cbd3_4334_af8+adammandic87_f28f18cf_4abb_4db,11.891542154369276,7.802274894714323,0,"[0.27880651794951744, 0.7211934820504826]","[0.2, 0.8]",0.0,"{""adammandic87_f28f18cf_4abb_4db"": -7.802274894714323, ""nhoxinh_2f944a50_cbd3_4334_af8"": -5.884292793273893}",adammandic87_f28f18cf_4abb_4db,continuous_primal_dual_psd,4,11.891542154369276,11.891542154369276,0.0,"[1.0, 0.0]",primal=Optimization terminated successfully; dual=outer=Optimization terminated successfully; inner=Optimization terminated successfully,0,30.499973297119134,0.0,,qwen25_real_m50_balanced_random_seed20260504_dare_linear_e8_dare_linear
dare_linear,pair,tuanna08go_7647f014_8af3_4266+mrhunghddddd_d692685b_fdb4_477,1.9048703382949248,0.2708139361370318,0,"[0.8, 0.19999999999999996]","[0.8, 0.2]",0.0,"{""mrhunghddddd_d692685b_fdb4_477"": 8.950361537933382, ""tuanna08go_7647f014_8af3_4266"": -0.2708139361370318}",tuanna08go_7647f014_8af3_4266,continuous_primal_dual_psd,4,1.9048703382949248,1.9048703382949248,0.0,"[1.0, 0.0]",primal=Optimization terminated successfully; dual=outer=Optimization terminated successfully; inner=Optimization terminated successfully,1,-3.3376948253953285,3.3376948253953285,,qwen25_real_m50_balanced_random_seed20260504_dare_linear_e8_dare_linear
dare_linear,pair,lhong4759_f68c5c87_934d_4399_b+phungkhaccuong_731c6dec_a942_4,22.49997086524958,9.450009536743131,0,"[0.2, 0.8]","[0.2, 0.8]",0.0,"{""lhong4759_f68c5c87_934d_4399_b"": -9.450009536743131, ""phungkhaccuong_731c6dec_a942_4"": -0.8882329261035482}",lhong4759_f68c5c87_934d_4399_b,continuous_primal_dual_psd,4,22.49997086524958,22.49997086524958,0.0,"[1.0, 0.0]",primal=Optimization terminated successfully; dual=outer=Optimization terminated successfully; inner=Optimization terminated successfully,1,-857.8267693519589,857.8267693519589,,qwen25_real_m50_balanced_random_seed20260504_dare_linear_e8_dare_linear
dare_linear,pair,chauhoang_2aa4f343_5524_f86e_b+hongngo_7e251dfc_e0f7_4f73_aae,21.169437723014653,37.887492847442594,0,"[0.5526985636530081, 0.44730143634699193]","[0.6, 0.4]",0.0,"{""chauhoang_2aa4f343_5524_f86e_b"": -27.99166746139523, ""hongngo_7e251dfc_e0f7_4f73_aae"": -37.887492847442594}",hongngo_7e251dfc_e0f7_4f73_aae,continuous_primal_dual_psd,4,21.169437723014653,21.169437723014653,0.0,"[1.0, 0.0]",primal=Optimization terminated successfully; dual=outer=Optimization terminated successfully; inner=Optimization terminated successfully,0,844.623893499374,0.0,,qwen25_real_m50_balanced_random_seed20260504_dare_linear_e8_dare_linear
dare_linear,pair,nblinh63_0eb73af3_0631_437a_ad+nhung02_08157847_d833_4d45_90f,111.5555495739028,73.29615659713741,0,"[0.200000000000025, 0.799999999999975]","[0.4, 0.6]",5.496799945831299,"{""nblinh63_0eb73af3_0631_437a_ad"": -59.13750238418576, ""nhung02_08157847_d833_4d45_90f"": -73.29615659713741}",nhung02_08157847_d833_4d45_90f,continuous_primal_dual_psd,4,111.5555495739028,111.5555495739028,0.0,"[0.9999999999999969, 3.219646771412954e-15]",primal=Optimization terminated successfully; dual=outer=Optimization terminated successfully; inner=Optimization terminated successfully,1,-389.53274488449085,389.53274488449085,,qwen25_real_m50_balanced_random_seed20260504_dare_linear_e8_dare_linear
dare_linear,pair,mrhungddddh_9b1deaac_4565_48f2+versil91_121ef6e9_0ded_4fc3_8c,8.205834102630572,3.4259337656948774,0,"[0.2, 0.8]","[0.2, 0.8]",0.0,"{""mrhungddddh_9b1deaac_4565_48f2"": 0.9666889190674155, ""versil91_121ef6e9_0ded_4fc3_8c"": -3.4259337656948774}",versil91_121ef6e9_0ded_4fc3_8c,continuous_primal_dual_psd,4,8.205834102630572,8.205834102630572,0.0,"[1.0, 0.0]",primal=Optimization terminated successfully; dual=outer=Optimization terminated successfully; inner=Optimization terminated successfully,1,-330.2556276321412,330.2556276321412,,qwen25_real_m50_balanced_random_seed20260504_dare_linear_e8_dare_linear
dare_linear,pair,nbninh_0d8b128b_8753_46c3_b80f+nhung03_7b6cdc3c_7130_4c2c_a2c,62.32763134018498,49.44345064163205,0,"[0.5546036279266311, 0.4453963720733689]","[0.6, 0.4]",0.0,"{""nbninh_0d8b128b_8753_46c3_b80f"": -37.494877052307096, ""nhung03_7b6cdc3c_7130_4c2c_a2c"": -49.44345064163205}",nhung03_7b6cdc3c_7130_4c2c_a2c,continuous_primal_dual_psd,4,62.32763134018498,62.3276313401848,1.8474111129762605e-13,"[0.7638423312314919, 0.23615766876850808]",primal=Optimization terminated successfully; dual=outer=Optimization terminated successfully; inner=Optimization terminated successfully,0,39.0623509883881,0.0,,qwen25_real_m50_balanced_random_seed20260504_dare_linear_e8_dare_linear
dare_linear,pair,tuanna08go_6af2bb68_a65f_4331+mrhungddddh_fe499423_02f3_4cfd,15.609648227320264,10.748091411590543,0,"[0.6553039206108904, 0.3446960793891096]","[0.8, 0.2]",2.94872522354126,"{""mrhungddddh_fe499423_02f3_4cfd"": -10.748091411590543, ""tuanna08go_6af2bb68_a65f_4331"": -1.1022339519978037}",mrhungddddh_fe499423_02f3_4cfd,continuous_primal_dual_psd,4,15.609648227320264,15.609648227320264,0.0,"[1.0, 0.0]",primal=Optimization terminated successfully; dual=outer=Optimization terminated successfully; inner=Optimization terminated successfully,0,404.0010273456573,0.0,,qwen25_real_m50_balanced_random_seed20260504_dare_linear_e8_dare_linear
dare_linear,pair,cunghoctienganh_4909ad74_a335+datlaaaaaaa_0dbe42c8_b07b_4785,79.3329996585883,35.586360168457,0,"[0.20000000000001888, 0.7999999999999812]","[0.8, 0.2]",51.60984992980956,"{""cunghoctienganh_4909ad74_a335"": -32.75492496490475, ""datlaaaaaaa_0dbe42c8_b07b_4785"": -35.586360168457}",datlaaaaaaa_0dbe42c8_b07b_4785,continuous_primal_dual_psd,4,79.3329996585883,79.3329996585883,0.0,"[0.0, 1.0]",primal=Optimization terminated successfully; dual=outer=Optimization terminated successfully; inner=Optimization terminated successfully,1,-914.0621125698084,914.0621125698084,,qwen25_real_m50_balanced_random_seed20260504_dare_linear_e8_dare_linear
dare_linear,pair,adammandic87_3d7a58a6_4380_4e3+chauhoang_4909ad74_a335_4972_9,15.07401557984,26.83636255264279,0,"[0.6586947760117285, 0.34130522398827146]","[0.8, 0.2]",0.7575750350952148,"{""adammandic87_3d7a58a6_4380_4e3"": -2.6487187011241584, ""chauhoang_4909ad74_a335_4972_9"": -26.83636255264279}",chauhoang_4909ad74_a335_4972_9,continuous_primal_dual_psd,4,15.07401557984,15.07401557984,0.0,"[1.0, 0.0]",primal=Optimization terminated successfully; dual=outer=Optimization terminated successfully; inner=Optimization terminated successfully,0,193.16708272657925,0.0,,qwen25_real_m50_balanced_random_seed20260504_dare_linear_e8_dare_linear
dare_linear,pair,versil91_8444c3be_8779_4769_a0+denbeo_d9ae91c0_fed9_4fb4_8ddd,14.741662812232931,-0.3822581666912943,1,"[0.8, 0.19999999999999996]","[0.8, 0.2]",0.0,"{""denbeo_d9ae91c0_fed9_4fb4_8ddd"": 0.8399217605591147, ""versil91_8444c3be_8779_4769_a0"": 0.38225816669129437}",versil91_8444c3be_8779_4769_a0,continuous_primal_dual_psd,4,14.741662812232931,14.741662812232931,0.0,"[1.0, 0.0]",primal=Optimization terminated successfully; dual=outer=Optimization terminated successfully; inner=Optimization terminated successfully,0,399.73959326744097,0.0,,qwen25_real_m50_balanced_random_seed20260504_dare_linear_e8_dare_linear
dare_linear,pair,datlaaaaaaa_cc1f8701_0976_4f48+laquythang_8444c3be_8779_4769,88.13000762451594,111.94998331069942,0,"[0.5548414712172397, 0.4451585287827603]","[0.4, 0.6]",4.725396633148193,"{""datlaaaaaaa_cc1f8701_0976_4f48"": -111.94998331069942, ""laquythang_8444c3be_8779_4769"": -109.27006311416622}",datlaaaaaaa_cc1f8701_0976_4f48,continuous_primal_dual_psd,4,88.13000762451594,88.13000762451594,0.0,"[1.0, 0.0]",primal=Optimization terminated successfully; dual=outer=Optimization terminated successfully; inner=Optimization terminated successfully,0,177.08361148834237,0.0,,qwen25_real_m50_balanced_random_seed20260504_dare_linear_e8_dare_linear
dare_linear,pair,laquythang_efe15045_778f_4dfa+nhoxinh_0c66c9c5_5cc2_46a8_9db,88.0424163397831,58.46441097259518,0,"[0.42417850321427847, 0.5758214967857216]","[0.6, 0.4]",36.40514612197875,"{""laquythang_efe15045_778f_4dfa"": -58.46441097259518, ""nhoxinh_0c66c9c5_5cc2_46a8_9db"": -54.17025394439694}",laquythang_efe15045_778f_4dfa,continuous_primal_dual_psd,4,88.0424163397831,88.0424163397831,0.0,"[1.0, 0.0]",primal=Optimization terminated successfully; dual=outer=Optimization terminated successfully; inner=Optimization terminated successfully,0,143.2290673255921,0.0,,qwen25_real_m50_balanced_random_seed20260504_dare_linear_e8_dare_linear
dare_linear,pair,cunghoctienganh_b7496e73_1762+duyphu_4909ad74_a335_4972_9ed8,53.2913029909134,46.62803716659543,0,"[0.8, 0.19999999999999996]","[0.6, 0.4]",12.632548809051514,"{""cunghoctienganh_b7496e73_1762"": -30.07500476837155, ""duyphu_4909ad74_a335_4972_9ed8"": -46.628037166595426}",duyphu_4909ad74_a335_4972_9ed8,continuous_primal_dual_psd,4,53.2913029909134,53.2913029909134,0.0,"[0.0, 1.0]",primal=Optimization terminated successfully; dual=outer=Optimization terminated successfully; inner=Optimization terminated successfully,1,-136.41819357872012,136.41819357872012,,qwen25_real_m50_balanced_random_seed20260504_dare_linear_e8_dare_linear
dare_linear,pair,cunghoctienganh_c1cf0152_7ae6+thaffggg_8c87f3d3_d4bb_475a_a8,36.91795594692229,4.809847545623747,0,"[0.8, 0.19999999999999996]","[0.8, 0.2]",0.0,"{""cunghoctienganh_c1cf0152_7ae6"": -0.5011469841003091, ""thaffggg_8c87f3d3_d4bb_475a_a8"": -4.809847545623747}",thaffggg_8c87f3d3_d4bb_475a_a8,continuous_primal_dual_psd,4,36.91795594692229,36.91795594692229,0.0,"[0.0, 1.0]",primal=Optimization terminated successfully; dual=outer=Optimization terminated successfully; inner=Optimization terminated successfully,1,-122.59617447853093,122.59617447853093,,qwen25_real_m50_balanced_random_seed20260504_dare_linear_e8_dare_linear
dare_linear,pair,taronklm_trained_model+versil91_63cd5c4a_5a68_4c25_bd,-2.1010864682986155,-33.46668176651004,1,"[0.5374004660722324, 0.46259953392776765]","[0.4, 0.6]",9.79166030883789,"{""taronklm_trained_model"": 33.46668176651004, ""versil91_63cd5c4a_5a68_4c25_bd"": 45.485541152954134}",taronklm_trained_model,continuous_primal_dual_psd,4,-2.1010864682986155,-2.1010864682986155,0.0,"[1.0, 0.0]",primal=Optimization terminated successfully; dual=outer=Optimization terminated successfully; inner=Optimization terminated successfully,0,28.373679973731864,0.0,,qwen25_real_m50_balanced_random_seed20260504_dare_linear_e8_dare_linear
dare_linear,pair,datlaaaaaaa_e8cccbe1_c136_409a+versil91_474890ea_012d_4a25_96,1.080264568589068,6.320646476745573,0,"[0.2, 0.8]","[0.2, 0.8]",0.0,"{""datlaaaaaaa_e8cccbe1_c136_409a"": -0.3255636215209634, ""versil91_474890ea_012d_4a25_96"": -6.320646476745573}",versil91_474890ea_012d_4a25_96,continuous_primal_dual_psd,4,1.080264568589068,1.080264568589068,0.0,"[0.0, 1.0]",primal=Optimization terminated successfully; dual=outer=Optimization terminated successfully; inner=Optimization terminated successfully,0,13.486861918385776,0.0,,qwen25_real_m50_balanced_random_seed20260504_dare_linear_e8_dare_linear
dare_linear,pair,nhung02_08157847_d833_4d45_90f+nhung02_db2c9545_4607_487b_9cc,126.48883290292174,44.49806518554684,0,"[0.20000000000003862, 0.7999999999999614]","[0.8, 0.2]",42.756426334381096,"{""nhung02_08157847_d833_4d45_90f"": -44.49806518554684, ""nhung02_db2c9545_4607_487b_9cc"": -35.12310094833371}",nhung02_08157847_d833_4d45_90f,continuous_primal_dual_psd,4,126.48883290292174,126.48883290292174,0.0,"[1.0, 0.0]",primal=Optimization terminated successfully; dual=outer=Optimization terminated successfully; inner=Optimization terminated successfully,1,-948.863476514817,948.863476514817,,qwen25_real_m50_balanced_random_seed20260504_dare_linear_e8_dare_linear
dare_linear,pair,nbninh_c4ae10ba_efe4_401e_8dd7+hongngo_687b8c72_c89b_4cb7_b7c,35.263641736859554,26.49545974731442,0,"[0.7815423943341132, 0.2184576056658868]","[0.8, 0.2]",0.0,"{""hongngo_687b8c72_c89b_4cb7_b7c"": -26.49545974731442, ""nbninh_c4ae10ba_efe4_401e_8dd7"": -0.058208776768367505}",hongngo_687b8c72_c89b_4cb7_b7c,continuous_primal_dual_psd,4,35.263641736859554,35.263641736859554,0.0,"[1.0, 0.0]",primal=Optimization terminated successfully; dual=outer=Optimization terminated successfully; inner=Optimization terminated successfully,0,135.0615918636322,0.0,,qwen25_real_m50_balanced_random_seed20260504_dare_linear_e8_dare_linear
dare_linear,pair,laquythang_8444c3be_8779_4769+phungkhaccuong_2b1522e6_bef2_7,27.305811670836725,19.3174392700195,0,"[0.2078062343119829, 0.7921937656880171]","[0.2, 0.8]",0.0,"{""laquythang_8444c3be_8779_4769"": -19.3174392700195, ""phungkhaccuong_2b1522e6_bef2_7"": -12.850335311889616}",laquythang_8444c3be_8779_4769,continuous_primal_dual_psd,4,27.305811670836725,27.30581167082976,6.963318810448982e-12,"[0.11158293113489924, 0.8884170688651007]",primal=Optimization terminated successfully; dual=outer=Optimization terminated successfully; inner=Optimization terminated successfully,1,-252.0035207271576,252.0035207271576,,qwen25_real_m50_balanced_random_seed20260504_dare_linear_e8_dare_linear
dare_linear,pair,nhoxinh_2f944a50_cbd3_4334_af8+hongngo_7e251dfc_e0f7_4f73_aae,48.882181119921455,39.64228935241696,0,"[0.20000000000001744, 0.7999999999999825]","[0.8, 0.2]",28.55770587921142,"{""hongngo_7e251dfc_e0f7_4f73_aae"": -30.283334922790495, ""nhoxinh_2f944a50_cbd3_4334_af8"": -39.64228935241696}",nhoxinh_2f944a50_cbd3_4334_af8,continuous_primal_dual_psd,4,48.882181119921455,48.88218111992146,0.0,"[1.1102230246251565e-16, 1.0]",primal=Optimization terminated successfully; dual=outer=Optimization terminated successfully; inner=Optimization terminated successfully,1,-321.6876089572909,321.6876089572909,,qwen25_real_m50_balanced_random_seed20260504_dare_linear_e8_dare_linear
dare_linear,pair,lhong4759_f68c5c87_934d_4399_b+thaffggg_8c87f3d3_d4bb_475a_a8,65.00515081865426,47.262492847442594,0,"[0.3759517998392381, 0.6240482001607619]","[0.4, 0.6]",0.0,"{""lhong4759_f68c5c87_934d_4399_b"": -47.262492847442594, ""thaffggg_8c87f3d3_d4bb_475a_a8"": -46.741679382324186}",lhong4759_f68c5c87_934d_4399_b,continuous_primal_dual_psd,4,65.00515081865426,65.0051508186535,7.531752999057062e-13,"[0.45313383457190715, 0.5468661654280929]",primal=Optimization terminated successfully; dual=outer=Optimization terminated successfully; inner=Optimization terminated successfully,0,117.00555682182282,0.0,,qwen25_real_m50_balanced_random_seed20260504_dare_linear_e8_dare_linear
dare_linear,pair,mrhunghd_9e58333c_df22_4a00_9c+mrhungddddh_fe499423_02f3_4cfd,76.28394130275926,94.24165792465206,0,"[0.5161320744367077, 0.4838679255632923]","[0.8, 0.2]",15.62497615814209,"{""mrhungddddh_fe499423_02f3_4cfd"": -77.17438049316402, ""mrhunghd_9e58333c_df22_4a00_9c"": -94.24165792465206}",mrhunghd_9e58333c_df22_4a00_9c,continuous_primal_dual_psd,4,76.28394130275926,76.28394130275926,0.0,"[0.0, 1.0]",primal=Optimization terminated successfully; dual=outer=Optimization terminated successfully; inner=Optimization terminated successfully,0,638.3760273456575,0.0,,qwen25_real_m50_balanced_random_seed20260504_dare_linear_e8_dare_linear
dare_linear,pair,chauhoang_2aa4f343_5524_f86e_b+nbninh_a1f78795_1b61_4923_9235,17.99680425270826,15.491655540466276,0,"[0.5161815063402109, 0.48381849365978913]","[0.6, 0.4]",0.0,"{""chauhoang_2aa4f343_5524_f86e_b"": -12.15832538604733, ""nbninh_a1f78795_1b61_4923_9235"": -15.491655540466276}",nbninh_a1f78795_1b61_4923_9235,continuous_primal_dual_psd,4,17.99680425270826,17.99680425270826,0.0,"[1.0, 0.0]",primal=Optimization terminated successfully; dual=outer=Optimization terminated successfully; inner=Optimization terminated successfully,0,187.70024180412284,0.0,,qwen25_real_m50_balanced_random_seed20260504_dare_linear_e8_dare_linear
dare_linear,pair,phungkhaccuong_731c6dec_a942_4+mrhunghddddd_d692685b_fdb4_477,76.55416793823244,15.230873298644989,0,"[0.2, 0.8]","[0.8, 0.2]",60.34965515136718,"{""mrhunghddddd_d692685b_fdb4_477"": -15.230873298644987, ""phungkhaccuong_731c6dec_a942_4"": -1.5352921786210219}",mrhunghddddd_d692685b_fdb4_477,continuous_primal_dual_psd,4,76.55416793823244,76.55416793823244,0.0,"[0.0, 1.0]",primal=Optimization terminated successfully; dual=outer=Optimization terminated successfully; inner=Optimization terminated successfully,1,-332.0313990116122,332.0313990116122,,qwen25_real_m50_balanced_random_seed20260504_dare_linear_e8_dare_linear
dare_linear,pair,nhung02_db2c9545_4607_487b_9cc+mrhungddddh_9b1deaac_4565_48f2,138.02006788254403,69.449988079071,0,"[0.20000000000003568, 0.7999999999999643]","[0.2, 0.8]",0.0,"{""mrhungddddh_9b1deaac_4565_48f2"": -69.449988079071, ""nhung02_db2c9545_4607_487b_9cc"": -54.04937572479245}",mrhungddddh_9b1deaac_4565_48f2,continuous_primal_dual_psd,4,138.02006788254403,138.02006788254403,0.0,"[1.0, 0.0]",primal=Optimization terminated successfully; dual=outer=Optimization terminated successfully; inner=Optimization terminated successfully,1,-417.613387107849,417.613387107849,,qwen25_real_m50_balanced_random_seed20260504_dare_linear_e8_dare_linear
dare_linear,pair,laquythang_efe15045_778f_4dfa+mrhungddddh_911f6275_22fd_4f41,24.49775780414238,26.580682468414278,0,"[0.2724763033972598, 0.7275236966027402]","[0.2, 0.8]",0.0,"{""laquythang_efe15045_778f_4dfa"": -15.96442766189572, ""mrhungddddh_911f6275_22fd_4f41"": -26.580682468414274}",mrhungddddh_911f6275_22fd_4f41,continuous_primal_dual_psd,4,24.49775780414238,24.49775780414238,0.0,"[1.0, 0.0]",primal=Optimization terminated successfully; dual=outer=Optimization terminated successfully; inner=Optimization terminated successfully,0,170.4724133014678,0.0,,qwen25_real_m50_balanced_random_seed20260504_dare_linear_e8_dare_linear
dare_linear,pair,versil91_8444c3be_8779_4769_a0+nhoxinh_9214fc0d_4490_4bdd_9ff,17.155854097704335,18.720832538604704,0,"[0.7952385940706396, 0.20476140592936043]","[0.8, 0.2]",0.0,"{""nhoxinh_9214fc0d_4490_4bdd_9ff"": -18.720832538604704, ""versil91_8444c3be_8779_4769_a0"": -6.556452055662318}",nhoxinh_9214fc0d_4490_4bdd_9ff,continuous_primal_dual_psd,4,17.155854097704335,17.155854097704335,0.0,"[1.0, 0.0]",primal=Optimization terminated successfully; dual=outer=Optimization terminated successfully; inner=Optimization terminated successfully,0,174.57917332649228,0.0,,qwen25_real_m50_balanced_random_seed20260504_dare_linear_e8_dare_linear
dare_linear,pair,phungkhaccuong_a992b7f5_9d18_c+denbeo_d9ae91c0_fed9_4fb4_8ddd,93.81457872390746,72.829213809967,0,"[0.2, 0.8]","[0.4, 0.6]",25.84061622619629,"{""denbeo_d9ae91c0_fed9_4fb4_8ddd"": -62.59540624618527, ""phungkhaccuong_a992b7f5_9d18_c"": -72.829213809967}",phungkhaccuong_a992b7f5_9d18_c,continuous_primal_dual_psd,4,93.81457872390746,93.81457872390746,0.0,"[0.0, 1.0]",primal=Optimization terminated successfully; dual=outer=Optimization terminated successfully; inner=Optimization terminated successfully,1,-304.687321186066,304.687321186066,,qwen25_real_m50_balanced_random_seed20260504_dare_linear_e8_dare_linear
dare_linear,pair,tuanna08go_6af2bb68_a65f_4331+nbninh_0d8b128b_8753_46c3_b80f,7.612870407104467,-0.2441345773575334,1,"[0.8, 0.19999999999999996]","[0.8, 0.2]",0.0,"{""nbninh_0d8b128b_8753_46c3_b80f"": 4.59357194900516, ""tuanna08go_6af2bb68_a65f_4331"": 0.24413457735753344}",tuanna08go_6af2bb68_a65f_4331,continuous_primal_dual_psd,4,7.612870407104467,7.612870407104467,0.0,"[1.0, 0.0]",primal=Optimization terminated successfully; dual=outer=Optimization terminated successfully; inner=Optimization terminated successfully,0,240.88487029075625,0.0,,qwen25_real_m50_balanced_random_seed20260504_dare_linear_e8_dare_linear
dare_linear,pair,tuanna08go_c1cf0152_7ae6_43b6+duyphu_0112d9da_9934_4614_b233,25.46136922836302,4.724648666381803,0,"[0.2, 0.8]","[0.8, 0.2]",30.227279663085938,"{""duyphu_0112d9da_9934_4614_b233"": -3.92916507720944, ""tuanna08go_c1cf0152_7ae6_43b6"": -4.724648666381803}",tuanna08go_c1cf0152_7ae6_43b6,continuous_primal_dual_psd,4,25.46136922836302,25.46136922836302,0.0,"[0.0, 1.0]",primal=Optimization terminated successfully; dual=outer=Optimization terminated successfully; inner=Optimization terminated successfully,1,-81.67624473571783,81.67624473571783,,qwen25_real_m50_balanced_random_seed20260504_dare_linear_e8_dare_linear
dare_linear,pair,duyphu_7aba420b_74ac_4209_b514+datlaaaaaaa_0dbe42c8_b07b_4785,89.29374761581417,31.6659123420715,0,"[0.2, 0.8]","[0.8, 0.2]",63.33333253860473,"{""datlaaaaaaa_0dbe42c8_b07b_4785"": -31.6659123420715, ""duyphu_7aba420b_74ac_4209_b514"": -25.38532323837277}",datlaaaaaaa_0dbe42c8_b07b_4785,continuous_primal_dual_psd,4,89.29374761581417,89.29374761581417,0.0,"[1.0, 0.0]",primal=Optimization terminated successfully; dual=outer=Optimization terminated successfully; inner=Optimization terminated successfully,1,-1411.4582538604734,1411.4582538604734,,qwen25_real_m50_balanced_random_seed20260504_dare_linear_e8_dare_linear
dare_linear,pair,versil91_01a5620a_fb5f_4bab_94+thaffggg_8a78a9b2_d3fa_4615_b8,5.290121317217057,6.059113216400114,0,"[0.7565219046257525, 0.24347809537424747]","[0.8, 0.2]",0.0,"{""thaffggg_8a78a9b2_d3fa_4615_b8"": -6.059113216400114, ""versil91_01a5620a_fb5f_4bab_94"": 0.27143221486166674}",thaffggg_8a78a9b2_d3fa_4615_b8,continuous_primal_dual_psd,4,5.290121317217057,5.290121317217057,0.0,"[1.6653345369377348e-16, 0.9999999999999998]",primal=Optimization terminated successfully; dual=outer=Optimization terminated successfully; inner=Optimization terminated successfully,0,76.08501771860179,0.0,,qwen25_real_m50_balanced_random_seed20260504_dare_linear_e8_dare_linear
dare_linear,pair,versil91_e9f26c47_9b78_4e3f_81+datlaaaaaaa_e8cccbe1_c136_409a,7.974417074198769,2.465727996826139,0,"[0.6443300007125857, 0.3556699992874143]","[0.8, 0.2]",17.954540252685547,"{""datlaaaaaaa_e8cccbe1_c136_409a"": -2.465727996826139, ""versil91_e9f26c47_9b78_4e3f_81"": -0.5616317925257194}",datlaaaaaaa_e8cccbe1_c136_409a,continuous_primal_dual_psd,4,7.974417074198769,7.974417074198769,0.0,"[1.0, 0.0]",primal=Optimization terminated successfully; dual=outer=Optimization terminated successfully; inner=Optimization terminated successfully,0,161.66535060615075,0.0,,qwen25_real_m50_balanced_random_seed20260504_dare_linear_e8_dare_linear
dare_linear,pair,hongngo_9d92894f_7b7b_49e0_8f3+versil91_474890ea_012d_4a25_96,20.671570968627908,8.650174808502165,0,"[0.2, 0.8]","[0.2, 0.8]",0.0,"{""hongngo_9d92894f_7b7b_49e0_8f3"": -3.92916507720944, ""versil91_474890ea_012d_4a25_96"": -8.650174808502165}",versil91_474890ea_012d_4a25_96,continuous_primal_dual_psd,4,20.671570968627908,20.671570968627908,0.0,"[1.0, 0.0]",primal=Optimization terminated successfully; dual=outer=Optimization terminated successfully; inner=Optimization terminated successfully,0,27.69857645034789,0.0,,qwen25_real_m50_balanced_random_seed20260504_dare_linear_e8_dare_linear
dare_linear,pair,cunghoctienganh_4909ad74_a335+adammandic87_f28f18cf_4abb_4db,18.348945655199437,17.632535171508756,0,"[0.21624785332140545, 0.7837521466785946]","[0.2, 0.8]",0.0,"{""adammandic87_f28f18cf_4abb_4db"": -17.632535171508756, ""cunghoctienganh_4909ad74_a335"": -6.201878261566129}",adammandic87_f28f18cf_4abb_4db,continuous_primal_dual_psd,4,18.348945655199437,18.348945655199437,0.0,"[1.0, 0.0]",primal=Optimization terminated successfully; dual=outer=Optimization terminated successfully; inner=Optimization terminated successfully,0,28.999977111816392,0.0,,qwen25_real_m50_balanced_random_seed20260504_dare_linear_e8_dare_linear
dare_linear,pair,cunghoctienganh_c1cf0152_7ae6+chauhoang_4909ad74_a335_4972_9,44.02691907882691,3.304162693023649,0,"[0.2, 0.8]","[0.8, 0.2]",36.60038709640503,"{""chauhoang_4909ad74_a335_4972_9"": -3.304162693023649, ""cunghoctienganh_c1cf0152_7ae6"": -2.3003966331481607}",chauhoang_4909ad74_a335_4972_9,continuous_primal_dual_psd,4,44.02691907882691,44.02691907882691,0.0,"[0.0, 1.0]",primal=Optimization terminated successfully; dual=outer=Optimization terminated successfully; inner=Optimization terminated successfully,1,-225.96135735511768,225.96135735511768,,qwen25_real_m50_balanced_random_seed20260504_dare_linear_e8_dare_linear
dare_linear,pair,datlaaaaaaa_cc1f8701_0976_4f48+hongngo_687b8c72_c89b_4cb7_b7c,47.724553805387984,53.152647686004606,0,"[0.27151186891399964, 0.7284881310860003]","[0.4, 0.6]",40.75757265090942,"{""datlaaaaaaa_cc1f8701_0976_4f48"": -44.84771795272824, ""hongngo_687b8c72_c89b_4cb7_b7c"": -53.152647686004606}",hongngo_687b8c72_c89b_4cb7_b7c,continuous_primal_dual_psd,4,47.724553805387984,47.724553805387984,0.0,"[1.0, 0.0]",primal=Optimization terminated successfully; dual=outer=Optimization terminated successfully; inner=Optimization terminated successfully,0,265.42425155639614,0.0,,qwen25_real_m50_balanced_random_seed20260504_dare_linear_e8_dare_linear
dare_linear,pair,tuanna08go_7647f014_8af3_4266+nblinh63_0eb73af3_0631_437a_ad,28.15035409927362,0.1687906076261792,0,"[0.8, 0.19999999999999996]","[0.8, 0.2]",0.0,"{""nblinh63_0eb73af3_0631_437a_ad"": 18.466660308837923, ""tuanna08go_7647f014_8af3_4266"": -0.16879060762617928}",tuanna08go_7647f014_8af3_4266,continuous_primal_dual_psd,4,28.15035409927362,28.15035409927362,0.0,"[0.0, 1.0]",primal=Optimization terminated successfully; dual=outer=Optimization terminated successfully; inner=Optimization terminated successfully,1,-110.95046997070304,110.95046997070304,,qwen25_real_m50_balanced_random_seed20260504_dare_linear_e8_dare_linear
dare_linear,pair,adammandic87_3d7a58a6_4380_4e3+nhung03_7b6cdc3c_7130_4c2c_a2c,10.038228971638592,6.52386255264279,0,"[0.8, 0.19999999999999996]","[0.8, 0.2]",0.0,"{""adammandic87_3d7a58a6_4380_4e3"": -0.9051266626954623, ""nhung03_7b6cdc3c_7130_4c2c_a2c"": -6.52386255264279}",nhung03_7b6cdc3c_7130_4c2c_a2c,continuous_primal_dual_psd,4,10.038228971638592,10.038228971638592,0.0,"[1.0, 0.0]",primal=Optimization terminated successfully; dual=outer=Optimization terminated successfully; inner=Optimization terminated successfully,0,45.73625268705359,0.0,,qwen25_real_m50_balanced_random_seed20260504_dare_linear_e8_dare_linear
dare_linear,pair,cunghoctienganh_b7496e73_1762+versil91_121ef6e9_0ded_4fc3_8c,-4.204749261449923,1.116672229766813,0,"[0.3006023175021342, 0.6993976824978658]","[0.2, 0.8]",5.338895862511771,"{""cunghoctienganh_b7496e73_1762"": -1.116672229766813, ""versil91_121ef6e9_0ded_4fc3_8c"": 1.2481539157314494}",cunghoctienganh_b7496e73_1762,continuous_primal_dual_psd,4,-4.204749261449923,-4.20474926145049,5.675460101883799e-13,"[0.8050357492628091, 0.19496425073719087]",primal=Optimization terminated successfully; dual=outer=Optimization terminated successfully; inner=Optimization terminated successfully,0,233.2821488380432,0.0,,qwen25_real_m50_balanced_random_seed20260504_dare_linear_e8_dare_linear
dare_linear,pair,duyphu_4909ad74_a335_4972_9ed8+versil91_63cd5c4a_5a68_4c25_bd,7.575791549682774,10.529545021057096,0,"[0.2000000000000036, 0.7999999999999964]","[0.2, 0.8]",0.0,"{""duyphu_4909ad74_a335_4972_9ed8"": -10.529545021057096, ""versil91_63cd5c4a_5a68_4c25_bd"": -8.470967483520475}",duyphu_4909ad74_a335_4972_9ed8,continuous_primal_dual_psd,4,7.575791549682774,7.575791549682774,0.0,"[1.0, 0.0]",primal=Optimization terminated successfully; dual=outer=Optimization terminated successfully; inner=Optimization terminated successfully,1,-87.02820207202426,87.02820207202426,,qwen25_real_m50_balanced_random_seed20260504_dare_linear_e8_dare_linear
dare_linear,pair,taronklm_trained_model+nhoxinh_0c66c9c5_5cc2_46a8_9db,-1.6020490443527322,3.916767311096159,0,"[0.7117747390343102, 0.2882252609656898]","[0.8, 0.2]",0.0,"{""nhoxinh_0c66c9c5_5cc2_46a8_9db"": -3.9167673110961587, ""taronklm_trained_model"": 19.925007152557406}",nhoxinh_0c66c9c5_5cc2_46a8_9db,continuous_primal_dual_psd,4,-1.6020490443527322,-1.6020490443527322,0.0,"[1.0, 0.0]",primal=Optimization terminated successfully; dual=outer=Optimization terminated successfully; inner=Optimization terminated successfully,0,23.17446589910073,0.0,,qwen25_real_m50_balanced_random_seed20260504_dare_linear_e8_dare_linear
dare_linear,triple,duyphu_7aba420b_74ac_4209_b514+mrhunghd_9e58333c_df22_4a00_9c+versil91_474890ea_012d_4a25_96,11.652337879388668,17.972734642028776,0,"[0.3577053568765128, 0.2, 0.4422946431234872]","[0.2, 0.2, 0.6]",1.0605812072753906,"{""duyphu_7aba420b_74ac_4209_b514"": -17.972734642028776, ""mrhunghd_9e58333c_df22_4a00_9c"": -17.78332300186154, ""versil91_474890ea_012d_4a25_96"": -8.952465724945036}",duyphu_7aba420b_74ac_4209_b514,continuous_primal_dual_psd,6,11.652337879388668,11.652337879388668,0.0,"[1.0, 0.0, 0.0]",primal=Optimization terminated successfully; dual=outer=Optimization terminated successfully; inner=Optimization terminated successfully,1,-558.1387784781848,558.1387784781847,,qwen25_real_m50_balanced_random_seed20260504_dare_linear_e8_dare_linear
dare_linear,triple,nhoxinh_9214fc0d_4490_4bdd_9ff+hongngo_9d92894f_7b7b_49e0_8f3+mrhungddddh_fe499423_02f3_4cfd,115.69856213759309,47.60338373184201,0,"[0.3574737908739155, 0.2, 0.4425262091260844]","[0.2, 0.6, 0.2]",59.65111255645751,"{""hongngo_9d92894f_7b7b_49e0_8f3"": -44.650307369232145, ""mrhungddddh_fe499423_02f3_4cfd"": -26.629510593414274, ""nhoxinh_9214fc0d_4490_4bdd_9ff"": -47.60338373184201}",nhoxinh_9214fc0d_4490_4bdd_9ff,continuous_primal_dual_psd,6,115.69856213759309,115.69856213759309,0.0,"[0.0, 1.0, 0.0]",primal=Optimization terminated successfully; dual=outer=Optimization terminated successfully; inner=Optimization terminated successfully,1,-983.2989812736377,983.2989812736377,,qwen25_real_m50_balanced_random_seed20260504_dare_linear_e8_dare_linear
dare_linear,triple,nbninh_a1f78795_1b61_4923_9235+nhoxinh_2f944a50_cbd3_4334_af8+mrhunghddddd_d692685b_fdb4_477,124.96722462018111,46.32500715255734,0,"[0.2, 0.2, 0.6]","[0.6, 0.2, 0.2]",23.21969270706176,"{""mrhunghddddd_d692685b_fdb4_477"": -34.40336294174191, ""nbninh_a1f78795_1b61_4923_9235"": -46.32500715255734, ""nhoxinh_2f944a50_cbd3_4334_af8"": -27.342632484436002}",nbninh_a1f78795_1b61_4923_9235,continuous_primal_dual_psd,6,124.96722462018111,124.96722462017227,8.853362487570848e-12,"[0.0, 2.4056702378113906e-12, 0.9999999999975944]",primal=Optimization terminated successfully; dual=outer=Optimization terminated successfully; inner=Optimization terminated successfully,1,-2097.584524300376,2097.584524300376,,qwen25_real_m50_balanced_random_seed20260504_dare_linear_e8_dare_linear
dare_linear,triple,chauhoang_2aa4f343_5524_f86e_b+duyphu_4909ad74_a335_4972_9ed8+nhoxinh_0c66c9c5_5cc2_46a8_9db,152.24171986718483,61.96896142959592,0,"[0.2, 0.2, 0.6]","[0.2, 0.6, 0.2]",6.099915504455559,"{""chauhoang_2aa4f343_5524_f86e_b"": -41.11665792465207, ""duyphu_4909ad74_a335_4972_9ed8"": -61.968961429595915, ""nhoxinh_0c66c9c5_5cc2_46a8_9db"": -33.36607522964474}",duyphu_4909ad74_a335_4972_9ed8,continuous_primal_dual_psd,6,152.24171986718483,152.24171986718483,0.0,"[0.0, 0.0, 1.0]",primal=Optimization terminated successfully; dual=outer=Optimization terminated successfully; inner=Optimization terminated successfully,1,-3005.654320762917,3005.654320762917,,qwen25_real_m50_balanced_random_seed20260504_dare_linear_e8_dare_linear
dare_linear,triple,tuanna08go_6af2bb68_a65f_4331+thaffggg_8a78a9b2_d3fa_4615_b8+cunghoctienganh_c1cf0152_7ae6,0.8063947132121219,0.0072622486769351,0,"[0.2, 0.2393903798643326, 0.5606096201356674]","[0.6, 0.2, 0.2]",1.6681200793564794,"{""cunghoctienganh_c1cf0152_7ae6"": 14.025387096405062, ""thaffggg_8a78a9b2_d3fa_4615_b8"": 6.50789432525638, ""tuanna08go_6af2bb68_a65f_4331"": -0.007262248676935121}",tuanna08go_6af2bb68_a65f_4331,continuous_primal_dual_psd,6,0.8063947132121219,0.8063947132113878,7.340794638821535e-13,"[1.594375399870543e-17, 0.18990516265100812, 0.8100948373489919]",primal=Optimization terminated successfully; dual=outer=Optimization terminated successfully; inner=Optimization terminated successfully,1,-367.2041829680799,367.2041829680797,,qwen25_real_m50_balanced_random_seed20260504_dare_linear_e8_dare_linear
dare_linear,triple,lhong4759_f68c5c87_934d_4399_b+denbeo_d9ae91c0_fed9_4fb4_8ddd+nblinh63_0eb73af3_0631_437a_ad,91.4948974025309,57.97856159210202,0,"[0.22850416594260836, 0.2, 0.5714958340573917]","[0.2, 0.6, 0.2]",8.991849422454827,"{""denbeo_d9ae91c0_fed9_4fb4_8ddd"": -57.97856159210202, ""lhong4759_f68c5c87_934d_4399_b"": -41.32501192092892, ""nblinh63_0eb73af3_0631_437a_ad"": -46.01248807907101}",denbeo_d9ae91c0_fed9_4fb4_8ddd,continuous_primal_dual_psd,6,91.4948974025309,91.49384196553729,0.0010554369936102,"[9.092257355539854e-05, 0.4703887844134104, 0.5295202930130343]",primal=Positive directional derivative for linesearch; dual=outer=Optimization terminated successfully; inner=Optimization terminated successfully,1,-2791.815612643819,2791.815612643819,,qwen25_real_m50_balanced_random_seed20260504_dare_linear_e8_dare_linear
dare_linear,triple,datlaaaaaaa_e8cccbe1_c136_409a+adammandic87_f28f18cf_4abb_4db+versil91_121ef6e9_0ded_4fc3_8c,10.621913624834804,-2.552482414245638,1,"[0.2000000000001839, 0.20000000000001594, 0.5999999999998001]","[0.2, 0.2, 0.6]",0.0,"{""adammandic87_f28f18cf_4abb_4db"": 2.552482414245638, ""datlaaaaaaa_e8cccbe1_c136_409a"": 6.269702243804964, ""versil91_121ef6e9_0ded_4fc3_8c"": 3.6111184673700563}",adammandic87_f28f18cf_4abb_4db,continuous_primal_dual_psd,6,10.621913624834804,10.621913624834775,2.8421709430404014e-14,"[0.9999999999999973, 2.6090241078691108e-15, 0.0]",primal=Optimization terminated successfully; dual=outer=Optimization terminated successfully; inner=Optimization terminated successfully,1,-631.6389717488275,631.6389717488277,,qwen25_real_m50_balanced_random_seed20260504_dare_linear_e8_dare_linear
dare_linear,triple,versil91_8444c3be_8779_4769_a0+tuanna08go_7647f014_8af3_4266+nbninh_0d8b128b_8753_46c3_b80f,1.1064027109087815,0.5407236411075174,0,"[0.38305296859896565, 0.404733948997877, 0.2122130824031574]","[0.2, 0.6, 0.2]",3.15927635889249,"{""nbninh_0d8b128b_8753_46c3_b80f"": 22.705456542968783, ""tuanna08go_7647f014_8af3_4266"": -0.5407236411075174, ""versil91_8444c3be_8779_4769_a0"": -0.23386510969867966}",tuanna08go_7647f014_8af3_4266,continuous_primal_dual_psd,6,1.1064027109087815,1.106402710906775,2.006617094707508e-12,"[1.1530983884023526e-16, 0.8897671855875048, 0.11023281441249516]",primal=Optimization terminated successfully; dual=outer=Optimization terminated successfully; inner=Optimization terminated successfully,1,-223.6683331319205,223.66833313192052,,qwen25_real_m50_balanced_random_seed20260504_dare_linear_e8_dare_linear
dare_linear,triple,hongngo_687b8c72_c89b_4cb7_b7c+nhung02_db2c9545_4607_487b_9cc+mrhungddddh_911f6275_22fd_4f41,159.53412957191466,65.52955217361446,0,"[0.2, 0.2, 0.6]","[0.2, 0.2, 0.6]",0.0,"{""hongngo_687b8c72_c89b_4cb7_b7c"": -65.52955217361446, ""mrhungddddh_911f6275_22fd_4f41"": -37.44243688583371, ""nhung02_db2c9545_4607_487b_9cc"": -36.469248008727995}",hongngo_687b8c72_c89b_4cb7_b7c,continuous_primal_dual_psd,6,159.53412957191466,159.5341295718538,6.085087989049498e-11,"[0.0, 3.2436830998855675e-12, 0.9999999999967564]",primal=Positive directional derivative for linesearch; dual=outer=Optimization terminated successfully; inner=Optimization terminated successfully,1,-2964.746077706619,2981.61383154845,,qwen25_real_m50_balanced_random_seed20260504_dare_linear_e8_dare_linear
dare_linear,triple,versil91_e9f26c47_9b78_4e3f_81+cunghoctienganh_4909ad74_a335+phungkhaccuong_a992b7f5_9d18_c,82.36669607163012,9.72898311614987,0,"[0.2, 0.20000000000001075, 0.5999999999999892]","[0.6, 0.2, 0.2]",24.46533441543579,"{""cunghoctienganh_4909ad74_a335"": -9.128025245666471, ""phungkhaccuong_a992b7f5_9d18_c"": -9.72898311614987, ""versil91_e9f26c47_9b78_4e3f_81"": -0.5067542741931281}",phungkhaccuong_a992b7f5_9d18_c,continuous_primal_dual_psd,6,82.36669607163012,82.36669607163012,0.0,"[0.0, 0.0, 1.0]",primal=Optimization terminated successfully; dual=outer=Optimization terminated successfully; inner=Optimization terminated successfully,1,-1465.122631793978,1495.622374155309,,qwen25_real_m50_balanced_random_seed20260504_dare_linear_e8_dare_linear
dare_linear,triple,phungkhaccuong_2b1522e6_bef2_7+nhung02_08157847_d833_4d45_90f+versil91_63cd5c4a_5a68_4c25_bd,0.7930392423351145,-2.2028415679931967,1,"[0.2, 0.2, 0.6]","[0.4, 0.2, 0.4]",2.618741989135742,"{""nhung02_08157847_d833_4d45_90f"": 5.65415315628055, ""phungkhaccuong_2b1522e6_bef2_7"": 2.2028415679931967, ""versil91_63cd5c4a_5a68_4c25_bd"": 11.666712093353304}",phungkhaccuong_2b1522e6_bef2_7,continuous_primal_dual_psd,6,0.7930392423351145,0.7930392423351145,0.0,"[0.0, 0.0, 1.0]",primal=Optimization terminated successfully; dual=outer=Optimization terminated successfully; inner=Optimization terminated successfully,1,-427.4528281956913,427.4528281956914,,qwen25_real_m50_balanced_random_seed20260504_dare_linear_e8_dare_linear
dare_linear,triple,tuanna08go_c1cf0152_7ae6_43b6+duyphu_0112d9da_9934_4614_b233+nbninh_c4ae10ba_efe4_401e_8dd7,7.703362771946601,2.8496534347533853,0,"[0.5081048167313219, 0.2918951832686752, 0.20000000000000284]","[0.6, 0.2, 0.2]",0.0,"{""duyphu_0112d9da_9934_4614_b233"": -2.679160308837858, ""nbninh_c4ae10ba_efe4_401e_8dd7"": -0.43019487987683475, ""tuanna08go_c1cf0152_7ae6_43b6"": -2.8496534347533853}",tuanna08go_c1cf0152_7ae6_43b6,continuous_primal_dual_psd,6,7.703362771946601,7.703362771946601,0.0,"[0.0, 0.0, 1.0]",primal=Optimization terminated successfully; dual=outer=Optimization terminated successfully; inner=Optimization terminated successfully,0,154.75462054126154,0.0,,qwen25_real_m50_balanced_random_seed20260504_dare_linear_e8_dare_linear
dare_linear,triple,laquythang_8444c3be_8779_4769+cunghoctienganh_b7496e73_1762+mrhungddddh_9b1deaac_4565_48f2,168.83083887100227,47.631827068328825,0,"[0.2, 0.2, 0.6]","[0.6, 0.2, 0.2]",11.922335624694824,"{""cunghoctienganh_b7496e73_1762"": -37.679174613952604, ""laquythang_8444c3be_8779_4769"": -47.631827068328825, ""mrhungddddh_9b1deaac_4565_48f2"": -40.07500715255734}",laquythang_8444c3be_8779_4769,continuous_primal_dual_psd,6,168.83083887100227,168.83083887100227,0.0,"[0.0, 0.0, 1.0]",primal=Optimization terminated successfully; dual=outer=Optimization terminated successfully; inner=Optimization terminated successfully,1,-3142.9297472347707,3247.164826798399,,qwen25_real_m50_balanced_random_seed20260504_dare_linear_e8_dare_linear
dare_linear,triple,versil91_01a5620a_fb5f_4bab_94+laquythang_efe15045_778f_4dfa+thaffggg_8c87f3d3_d4bb_475a_a8,13.686926894078624,9.203782749175993,0,"[0.2, 0.30193309673762747, 0.4980669032623726]","[0.4, 0.4, 0.2]",35.776519775390625,"{""laquythang_efe15045_778f_4dfa"": -6.749668788909879, ""thaffggg_8c87f3d3_d4bb_475a_a8"": -9.203782749175993, ""versil91_01a5620a_fb5f_4bab_94"": 1.185719050203715}",thaffggg_8c87f3d3_d4bb_475a_a8,continuous_primal_dual_psd,6,13.686926894078624,13.686926894078592,3.1974423109204515e-14,"[0.0, 0.8825218209828556, 0.11747817901714445]",primal=Optimization terminated successfully; dual=outer=Optimization terminated successfully; inner=Optimization terminated successfully,1,-139.42331400387454,139.4233140038745,,qwen25_real_m50_balanced_random_seed20260504_dare_linear_e8_dare_linear
dare_linear,triple,taronklm_trained_model+datlaaaaaaa_cc1f8701_0976_4f48+hongngo_7e251dfc_e0f7_4f73_aae,150.1452118025758,-20.322748947143587,1,"[0.2, 0.2, 0.6]","[0.4, 0.4, 0.2]",30.501914024353027,"{""datlaaaaaaa_cc1f8701_0976_4f48"": 20.322748947143587, ""hongngo_7e251dfc_e0f7_4f73_aae"": 44.35208730697635, ""taronklm_trained_model"": 21.800026226043734}",datlaaaaaaa_cc1f8701_0976_4f48,continuous_primal_dual_psd,6,150.1452118025758,150.1452118025758,0.0,"[0.0, 1.0, 0.0]",primal=Optimization terminated successfully; dual=outer=Optimization terminated successfully; inner=Optimization terminated successfully,1,-3663.991950763867,3663.991950763867,,qwen25_real_m50_balanced_random_seed20260504_dare_linear_e8_dare_linear
dare_linear,triple,adammandic87_3d7a58a6_4380_4e3+chauhoang_4909ad74_a335_4972_9+phungkhaccuong_731c6dec_a942_4,2.8530600520021334,3.3988625526427896,0,"[0.2, 0.2, 0.6]","[0.4, 0.2, 0.4]",2.2253870964050293,"{""adammandic87_3d7a58a6_4380_4e3"": -0.8282061815738233, ""chauhoang_4909ad74_a335_4972_9"": -3.3988625526427896, ""phungkhaccuong_731c6dec_a942_4"": -1.005883245236347}",chauhoang_4909ad74_a335_4972_9,continuous_primal_dual_psd,6,2.8530600520021334,2.8530600520021334,0.0,"[0.0, 1.0, 0.0]",primal=Optimization terminated successfully; dual=outer=Optimization terminated successfully; inner=Optimization terminated successfully,1,-573.5296380722885,573.5296380722885,,qwen25_real_m50_balanced_random_seed20260504_dare_linear_e8_dare_linear
dare_linear,triple,tuanna08go_7647f014_8af3_4266+datlaaaaaaa_0dbe42c8_b07b_4785+nhung03_7b6cdc3c_7130_4c2c_a2c,82.78320140838592,18.40833730697629,0,"[0.6000000000000003, 0.2, 0.19999999999999973]","[0.6, 0.2, 0.2]",0.0,"{""datlaaaaaaa_0dbe42c8_b07b_4785"": -18.408337306976286, ""nhung03_7b6cdc3c_7130_4c2c_a2c"": -16.925957870483366, ""tuanna08go_7647f014_8af3_4266"": -0.665130837811579}",datlaaaaaaa_0dbe42c8_b07b_4785,continuous_primal_dual_psd,6,82.78320140838592,82.78320140838592,0.0,"[0.0, 0.0, 1.0]",primal=Optimization terminated successfully; dual=outer=Optimization terminated successfully; inner=Optimization terminated successfully,1,-537.6013828746278,695.6968153257852,,qwen25_real_m50_balanced_random_seed20260504_dare_linear_e8_dare_linear
dare_linear,triple,laquythang_8444c3be_8779_4769+mrhunghd_9e58333c_df22_4a00_9c+mrhunghddddd_d692685b_fdb4_477,30.413159767797083,46.74165554046628,0,"[0.2939504039185271, 0.37543481184685895, 0.3306147842346139]","[0.2, 0.4, 0.4]",0.0,"{""laquythang_8444c3be_8779_4769"": -25.747338008880583, ""mrhunghd_9e58333c_df22_4a00_9c"": -46.741655540466276, ""mrhunghddddd_d692685b_fdb4_477"": -34.28829021453854}",mrhunghd_9e58333c_df22_4a00_9c,continuous_primal_dual_psd,6,30.413159767797083,30.41315976779233,4.7535309022350694e-12,"[0.021409788436923084, 0.0, 0.978590211563077]",primal=Optimization terminated successfully; dual=outer=Optimization terminated successfully; inner=Optimization terminated successfully,0,202.4474120055895,0.0,,qwen25_real_m50_balanced_random_seed20260504_dare_linear_e8_dare_linear
dare_linear,triple,thaffggg_8a78a9b2_d3fa_4615_b8+mrhungddddh_fe499423_02f3_4cfd+datlaaaaaaa_0dbe42c8_b07b_4785,84.70921546815524,43.50302524566647,0,"[0.20418761572549052, 0.23947751184683871, 0.5563348724276708]","[0.6, 0.2, 0.2]",56.53408765792846,"{""datlaaaaaaa_0dbe42c8_b07b_4785"": -43.50302524566647, ""mrhungddddh_fe499423_02f3_4cfd"": -28.312185478210417, ""thaffggg_8a78a9b2_d3fa_4615_b8"": -28.81915874481198}",datlaaaaaaa_0dbe42c8_b07b_4785,continuous_primal_dual_psd,6,84.70921546815524,84.70921546813057,2.467004378559068e-11,"[0.04214208356133806, 0.5002211406308792, 0.4576367758077827]",primal=Optimization terminated successfully; dual=outer=Optimization terminated successfully; inner=Optimization terminated successfully,1,-633.4598841874142,645.1295912549049,,qwen25_real_m50_balanced_random_seed20260504_dare_linear_e8_dare_linear
dare_linear,triple,nbninh_0d8b128b_8753_46c3_b80f+nhoxinh_0c66c9c5_5cc2_46a8_9db+nhung02_db2c9545_4607_487b_9cc,173.0437726497803,9.033361148834196,0,"[0.2, 0.2000000000000439, 0.5999999999999561]","[0.6, 0.2, 0.2]",66.81523323059082,"{""nbninh_0d8b128b_8753_46c3_b80f"": -0.0786454200744302, ""nhoxinh_0c66c9c5_5cc2_46a8_9db"": -3.610852432250944, ""nhung02_db2c9545_4607_487b_9cc"": -9.033361148834196}",nhung02_db2c9545_4607_487b_9cc,continuous_primal_dual_psd,6,173.0437726497803,173.0437726497803,0.0,"[0.0, 1.0, 0.0]",primal=Optimization terminated successfully; dual=outer=Optimization terminated successfully; inner=Optimization terminated successfully,1,-2016.0486473522465,2076.465143455714,,qwen25_real_m50_balanced_random_seed20260504_dare_linear_e8_dare_linear
dare_linear,triple,nbninh_c4ae10ba_efe4_401e_8dd7+hongngo_687b8c72_c89b_4cb7_b7c+hongngo_9d92894f_7b7b_49e0_8f3,33.791875257385925,21.845832538604704,0,"[0.20000000000004778, 0.46470525142286445, 0.33529474857708774]","[0.2, 0.4, 0.4]",0.0,"{""hongngo_687b8c72_c89b_4cb7_b7c"": -21.845832538604704, ""hongngo_9d92894f_7b7b_49e0_8f3"": -19.39390010833737, ""nbninh_c4ae10ba_efe4_401e_8dd7"": -0.6265214955442021}",hongngo_687b8c72_c89b_4cb7_b7c,continuous_primal_dual_psd,6,33.791875257385925,33.79187525736407,2.185629455198068e-11,"[1.0, 0.0, 0.0]",primal=Optimization terminated successfully; dual=outer=Optimization terminated successfully; inner=Optimization terminated successfully,1,-788.998305230029,788.9983052300291,,qwen25_real_m50_balanced_random_seed20260504_dare_linear_e8_dare_linear
dare_linear,triple,phungkhaccuong_2b1522e6_bef2_7+nbninh_a1f78795_1b61_4923_9235+nhoxinh_2f944a50_cbd3_4334_af8,17.814173015499403,-5.209097194671664,1,"[0.20000000000001422, 0.2, 0.5999999999999858]","[0.4, 0.2, 0.4]",10.738635063171388,"{""nbninh_a1f78795_1b61_4923_9235"": 5.2090971946716635, ""nhoxinh_2f944a50_cbd3_4334_af8"": 18.154165077209505, ""phungkhaccuong_2b1522e6_bef2_7"": 7.283684539794955}",nbninh_a1f78795_1b61_4923_9235,continuous_primal_dual_psd,6,17.814173015499403,17.814173015499403,0.0,"[0.0, 0.0, 1.0]",primal=Optimization terminated successfully; dual=outer=Optimization terminated successfully; inner=Optimization terminated successfully,1,-605.3580326411811,605.3580326411811,,qwen25_real_m50_balanced_random_seed20260504_dare_linear_e8_dare_linear
dare_linear,triple,lhong4759_f68c5c87_934d_4399_b+denbeo_d9ae91c0_fed9_4fb4_8ddd+nhung03_7b6cdc3c_7130_4c2c_a2c,84.52503986360692,65.08301801681515,0,"[0.2000000000000688, 0.2, 0.5999999999999313]","[0.2, 0.2, 0.6]",0.0,"{""denbeo_d9ae91c0_fed9_4fb4_8ddd"": -51.50274343490597, ""lhong4759_f68c5c87_934d_4399_b"": -52.57500715255734, ""nhung03_7b6cdc3c_7130_4c2c_a2c"": -65.08301801681515}",nhung03_7b6cdc3c_7130_4c2c_a2c,continuous_primal_dual_psd,6,84.52503986360692,84.52503986360263,4.291678123991005e-12,"[0.9999999999998854, 0.0, 1.1451950499007177e-13]",primal=Optimization terminated successfully; dual=outer=Optimization terminated successfully; inner=Optimization terminated successfully,1,-789.3234983074663,789.3234983074663,,qwen25_real_m50_balanced_random_seed20260504_dare_linear_e8_dare_linear
dare_linear,triple,versil91_8444c3be_8779_4769_a0+cunghoctienganh_c1cf0152_7ae6+chauhoang_4909ad74_a335_4972_9,44.39309287917101,10.633722019195524,0,"[0.20000000000001109, 0.20000000000005025, 0.5999999999999387]","[0.6, 0.2, 0.2]",21.221578121185303,"{""chauhoang_4909ad74_a335_4972_9"": -6.476512622833219, ""cunghoctienganh_c1cf0152_7ae6"": -10.633722019195524, ""versil91_8444c3be_8779_4769_a0"": -3.9354826108072802}",cunghoctienganh_c1cf0152_7ae6,continuous_primal_dual_psd,6,44.39309287917101,44.3930928791462,2.48121523327427e-11,"[2.4049444454672576e-12, 0.0, 0.999999999997595]",primal=Optimization terminated successfully; dual=outer=Optimization terminated successfully; inner=Optimization terminated successfully,1,-921.3221044385504,921.3221044385504,,qwen25_real_m50_balanced_random_seed20260504_dare_linear_e8_dare_linear
dare_linear,triple,versil91_01a5620a_fb5f_4bab_94+nhung02_08157847_d833_4d45_90f+datlaaaaaaa_e8cccbe1_c136_409a,22.308069137914917,8.564201068878141,0,"[0.20000000000031057, 0.39895220769820455, 0.4010477923014849]","[0.6, 0.2, 0.2]",26.590919494628903,"{""datlaaaaaaa_e8cccbe1_c136_409a"": -8.564201068878141, ""nhung02_08157847_d833_4d45_90f"": -5.932381820678678, ""versil91_01a5620a_fb5f_4bab_94"": -0.2428565823289661}",datlaaaaaaa_e8cccbe1_c136_409a,continuous_primal_dual_psd,6,22.308069137914917,22.308069137914917,0.0,"[0.0, 1.0, 0.0]",primal=Optimization terminated successfully; dual=outer=Optimization terminated successfully; inner=Optimization terminated successfully,1,-284.7747501566438,284.7747501566438,,qwen25_real_m50_balanced_random_seed20260504_dare_linear_e8_dare_linear
dare_linear,triple,duyphu_7aba420b_74ac_4209_b514+phungkhaccuong_731c6dec_a942_4+versil91_474890ea_012d_4a25_96,23.956324962270354,-1.405881203253169,1,"[0.2, 0.20000000000000046, 0.5999999999999995]","[0.2, 0.4, 0.4]",0.7294124339272586,"{""duyphu_7aba420b_74ac_4209_b514"": 11.738809871673617, ""phungkhaccuong_731c6dec_a942_4"": 1.4058812032531687, ""versil91_474890ea_012d_4a25_96"": 6.3978999137878745}",phungkhaccuong_731c6dec_a942_4,continuous_primal_dual_psd,6,23.956324962270354,23.956324962270354,0.0,"[1.0, 0.0, 0.0]",primal=Optimization terminated successfully; dual=outer=Optimization terminated successfully; inner=Optimization terminated successfully,1,-1103.9428494748274,1103.9428494748274,,qwen25_real_m50_balanced_random_seed20260504_dare_linear_e8_dare_linear
dare_linear,triple,duyphu_0112d9da_9934_4614_b233+nblinh63_0eb73af3_0631_437a_ad+versil91_121ef6e9_0ded_4fc3_8c,10.08948590403525,11.012497615814176,0,"[0.20743322944155002, 0.2, 0.59256677055845]","[0.4, 0.2, 0.4]",1.250004768371582,"{""duyphu_0112d9da_9934_4614_b233"": -8.175960254669157, ""nblinh63_0eb73af3_0631_437a_ad"": -11.012497615814176, ""versil91_121ef6e9_0ded_4fc3_8c"": -3.0629598892209704}",nblinh63_0eb73af3_0631_437a_ad,continuous_primal_dual_psd,6,10.08948590403525,10.089485903922531,1.1271694688730348e-10,"[0.0, 0.927333644526753, 0.07266635547324692]",primal=Optimization terminated successfully; dual=outer=Optimization terminated successfully; inner=Optimization terminated successfully,1,-727.8674506585639,727.8674506585639,,qwen25_real_m50_balanced_random_seed20260504_dare_linear_e8_dare_linear
dare_linear,triple,cunghoctienganh_b7496e73_1762+mrhungddddh_9b1deaac_4565_48f2+versil91_63cd5c4a_5a68_4c25_bd,-1.8643784653319957,-8.089348602294955,1,"[0.20000000000000503, 0.29846736793765916, 0.5015326320623358]","[0.4, 0.2, 0.4]",5.710220336914063,"{""cunghoctienganh_b7496e73_1762"": 8.154162693023714, ""mrhungddddh_9b1deaac_4565_48f2"": 14.299997615814242, ""versil91_63cd5c4a_5a68_4c25_bd"": 8.089348602294955}",versil91_63cd5c4a_5a68_4c25_bd,continuous_primal_dual_psd,6,-1.8643784653319957,-1.8643784653319957,0.0,"[0.0, 0.0, 1.0]",primal=Optimization terminated successfully; dual=outer=Optimization terminated successfully; inner=Optimization terminated successfully,1,-409.72011130773313,409.72011130773313,,qwen25_real_m50_balanced_random_seed20260504_dare_linear_e8_dare_linear
dare_linear,triple,adammandic87_3d7a58a6_4380_4e3+cunghoctienganh_4909ad74_a335+thaffggg_8c87f3d3_d4bb_475a_a8,24.4095885298033,32.83067054748532,0,"[0.48127172585586026, 0.20000000000002843, 0.3187282741441113]","[0.4, 0.2, 0.4]",0.0,"{""adammandic87_3d7a58a6_4380_4e3"": -3.2128232591031893, ""cunghoctienganh_4909ad74_a335"": -32.83067054748532, ""thaffggg_8c87f3d3_d4bb_475a_a8"": -23.199990463256803}",cunghoctienganh_4909ad74_a335,continuous_primal_dual_psd,6,24.4095885298033,24.409588524645574,5.157723137472203e-09,"[0.0, 0.48208616497403195, 0.5179138350259681]",primal=Optimization terminated successfully; dual=outer=Optimization terminated successfully; inner=Optimization terminated successfully,1,-322.7050074194184,322.7050074194184,,qwen25_real_m50_balanced_random_seed20260504_dare_linear_e8_dare_linear
dare_linear,triple,datlaaaaaaa_cc1f8701_0976_4f48+chauhoang_2aa4f343_5524_f86e_b+nhoxinh_9214fc0d_4490_4bdd_9ff,74.30501526628365,96.8647510528564,0,"[0.3703551764848431, 0.2679802343804058, 0.3616645891347511]","[0.2, 0.4, 0.4]",26.846599578857425,"{""chauhoang_2aa4f343_5524_f86e_b"": -74.7624904632568, ""datlaaaaaaa_cc1f8701_0976_4f48"": -96.8647510528564, ""nhoxinh_9214fc0d_4490_4bdd_9ff"": -84.85720462799068}",datlaaaaaaa_cc1f8701_0976_4f48,continuous_primal_dual_psd,6,74.30501526628365,74.30501526628348,1.7053025658242404e-13,"[0.6668601567671062, 0.3331398432328938, 0.0]",primal=Optimization terminated successfully; dual=outer=Optimization terminated successfully; inner=Optimization terminated successfully,1,-481.0450106756458,481.0450106756458,,qwen25_real_m50_balanced_random_seed20260504_dare_linear_e8_dare_linear
dare_linear,triple,versil91_e9f26c47_9b78_4e3f_81+tuanna08go_c1cf0152_7ae6_43b6+adammandic87_f28f18cf_4abb_4db,-0.5979105188967857,0.3341464662746767,0,"[0.28338614081227037, 0.2, 0.5166138591877296]","[0.4, 0.4, 0.2]",6.156945452670603,"{""adammandic87_f28f18cf_4abb_4db"": 5.739399719238314, ""tuanna08go_c1cf0152_7ae6_43b6"": 1.6390054702759116, ""versil91_e9f26c47_9b78_4e3f_81"": -0.33414646627467676}",versil91_e9f26c47_9b78_4e3f_81,continuous_primal_dual_psd,6,-0.5979105188967857,-0.5979105189265671,2.9781399568662437e-11,"[3.4680422523480964e-17, 0.109433477434148, 0.890566522565852]",primal=Optimization terminated successfully; dual=outer=Optimization terminated successfully; inner=Optimization terminated successfully,1,-81.47130389361124,81.47130389361125,,qwen25_real_m50_balanced_random_seed20260504_dare_linear_e8_dare_linear
dare_linear,triple,laquythang_efe15045_778f_4dfa+phungkhaccuong_a992b7f5_9d18_c+mrhungddddh_911f6275_22fd_4f41,68.30076200665653,25.491657924652067,0,"[0.20000000000010804, 0.2, 0.599999999999892]","[0.4, 0.2, 0.4]",4.2992472648620605,"{""laquythang_efe15045_778f_4dfa"": -4.770508480071989, ""mrhungddddh_911f6275_22fd_4f41"": -25.491657924652067, ""phungkhaccuong_a992b7f5_9d18_c"": -11.5653903007507}",mrhungddddh_911f6275_22fd_4f41,continuous_primal_dual_psd,6,68.30076200665653,68.30076200665312,3.410605131648481e-12,"[0.9999999999997895, 2.1044277431765412e-13, 0.0]",primal=Optimization terminated successfully; dual=outer=Optimization terminated successfully; inner=Optimization terminated successfully,1,-1389.7619507307418,1389.7619507307415,,qwen25_real_m50_balanced_random_seed20260504_dare_linear_e8_dare_linear
dare_linear,triple,taronklm_trained_model+duyphu_4909ad74_a335_4972_9ed8+hongngo_7e251dfc_e0f7_4f73_aae,33.45740881094068,-19.352099227905303,1,"[0.2, 0.2, 0.6]","[0.4, 0.4, 0.2]",25.5729079246521,"{""duyphu_4909ad74_a335_4972_9ed8"": 21.137115287780794, ""hongngo_7e251dfc_e0f7_4f73_aae"": 43.31042461395267, ""taronklm_trained_model"": 19.352099227905306}",taronklm_trained_model,continuous_primal_dual_psd,6,33.45740881094068,33.45740881093958,1.0942358130705545e-12,"[0.0, 0.9999999999880878, 1.1912167154000623e-11]",primal=Optimization terminated successfully; dual=outer=Optimization terminated successfully; inner=Optimization terminated successfully,1,-1609.068269311991,1609.068269311991,,qwen25_real_m50_balanced_random_seed20260504_dare_linear_e8_dare_linear
dare_linear,triple,versil91_8444c3be_8779_4769_a0+tuanna08go_6af2bb68_a65f_4331+nhoxinh_0c66c9c5_5cc2_46a8_9db,110.05141770807826,5.936017704009977,0,"[0.23813449366154302, 0.20000000000033685, 0.5618655063381202]","[0.4, 0.4, 0.2]",59.64159965515136,"{""nhoxinh_0c66c9c5_5cc2_46a8_9db"": -5.936017704009977, ""tuanna08go_6af2bb68_a65f_4331"": -1.0631283639317923, ""versil91_8444c3be_8779_4769_a0"": -4.7403213886014814}",nhoxinh_0c66c9c5_5cc2_46a8_9db,continuous_primal_dual_psd,6,110.05141770807826,110.05141770807748,7.958078640513122e-13,"[0.9999999999991975, 8.025003168537311e-13, 0.0]",primal=Optimization terminated successfully; dual=outer=Optimization terminated successfully; inner=Optimization terminated successfully,1,-1139.403197134431,1139.403197134431,,qwen25_real_m50_balanced_random_seed20260504_dare_linear_e8_dare_linear
dare_linear,triple,versil91_01a5620a_fb5f_4bab_94+nbninh_a1f78795_1b61_4923_9235+mrhunghddddd_d692685b_fdb4_477,152.19431051847155,18.067410659790006,0,"[0.2, 0.20000000000000903, 0.599999999999991]","[0.6, 0.2, 0.2]",62.15909719467162,"{""mrhunghddddd_d692685b_fdb4_477"": -17.02573604583737, ""nbninh_a1f78795_1b61_4923_9235"": -18.067410659790006, ""versil91_01a5620a_fb5f_4bab_94"": -6.8428683534204735}",nbninh_a1f78795_1b61_4923_9235,continuous_primal_dual_psd,6,152.19431051847155,152.19431051847053,1.0231815394945445e-12,"[0.0, 9.177518377426241e-14, 0.9999999999999083]",primal=Optimization terminated successfully; dual=outer=Optimization terminated successfully; inner=Optimization terminated successfully,1,-2774.635354252515,2774.635354252515,,qwen25_real_m50_balanced_random_seed20260504_dare_linear_e8_dare_linear
dare_linear,triple,lhong4759_f68c5c87_934d_4399_b+tuanna08go_7647f014_8af3_4266+mrhungddddh_9b1deaac_4565_48f2,25.78705592461193,0.3173057254311243,0,"[0.3890028996130296, 0.20000000000000287, 0.4109971003869676]","[0.2, 0.6, 0.2]",12.466010123873042,"{""lhong4759_f68c5c87_934d_4399_b"": 18.36249523162845, ""mrhungddddh_9b1deaac_4565_48f2"": 13.466665077209505, ""tuanna08go_7647f014_8af3_4266"": -0.31730572543112434}",tuanna08go_7647f014_8af3_4266,continuous_primal_dual_psd,6,25.78705592461193,25.78705592461188,5.329070518200752e-14,"[5.312417172831092e-14, 0.0, 0.9999999999999469]",primal=Optimization terminated successfully; dual=outer=Optimization terminated successfully; inner=Optimization terminated successfully,1,-399.1366188672429,399.1366188672429,,qwen25_real_m50_balanced_random_seed20260504_dare_linear_e8_dare_linear
dare_linear,triple,chauhoang_4909ad74_a335_4972_9+phungkhaccuong_731c6dec_a942_4+nbninh_0d8b128b_8753_46c3_b80f,138.91899759719593,26.41022510528561,0,"[0.2000000000000071, 0.20000000000000834, 0.5999999999999845]","[0.4, 0.4, 0.2]",12.973499298095703,"{""chauhoang_4909ad74_a335_4972_9"": -26.410225105285612, ""nbninh_0d8b128b_8753_46c3_b80f"": -22.381225299835172, ""phungkhaccuong_731c6dec_a942_4"": -5.217642734623869}",chauhoang_4909ad74_a335_4972_9,continuous_primal_dual_psd,6,138.91899759719593,138.91899759719593,0.0,"[0.0, 0.0, 1.0]",primal=Optimization terminated successfully; dual=outer=Optimization terminated successfully; inner=Optimization terminated successfully,1,-2649.3674267417096,2649.367426741709,,qwen25_real_m50_balanced_random_seed20260504_dare_linear_e8_dare_linear
dare_linear,triple,duyphu_7aba420b_74ac_4209_b514+laquythang_efe15045_778f_4dfa+cunghoctienganh_c1cf0152_7ae6,39.21326107978819,24.81057949066159,0,"[0.2, 0.2, 0.6]","[0.2, 0.2, 0.6]",0.0,"{""cunghoctienganh_c1cf0152_7ae6"": -9.724608135223356, ""duyphu_7aba420b_74ac_4209_b514"": -12.911549282073942, ""laquythang_efe15045_778f_4dfa"": -24.81057949066159}",laquythang_efe15045_778f_4dfa,continuous_primal_dual_psd,6,39.21326107978819,39.21326107978287,5.3219650908431496e-12,"[2.0419776980376497e-12, 0.9999999999979581, 0.0]",primal=Optimization terminated successfully; dual=outer=Optimization terminated successfully; inner=Optimization terminated successfully,1,-674.352978964055,755.4734783757407,,qwen25_real_m50_balanced_random_seed20260504_dare_linear_e8_dare_linear
dare_linear,triple,nhung02_08157847_d833_4d45_90f+datlaaaaaaa_0dbe42c8_b07b_4785+versil91_474890ea_012d_4a25_96,6.1233769437776,6.987884712219206,0,"[0.30555548391512566, 0.20000000000001755, 0.49444451608485673]","[0.2, 0.2, 0.6]",3.437507152557373,"{""datlaaaaaaa_0dbe42c8_b07b_4785"": -6.987884712219206, ""nhung02_08157847_d833_4d45_90f"": 4.740700054168734, ""versil91_474890ea_012d_4a25_96"": -4.421594810485807}",datlaaaaaaa_0dbe42c8_b07b_4785,continuous_primal_dual_psd,6,6.1233769437776,6.1233769437776,8.881784197001252e-16,"[0.9999999999999998, 0.0, 2.775557561562891e-16]",primal=Optimization terminated successfully; dual=outer=Optimization terminated successfully; inner=Optimization terminated successfully,1,-33.51685460732353,33.51685460732352,,qwen25_real_m50_balanced_random_seed20260504_dare_linear_e8_dare_linear
dare_linear,triple,laquythang_8444c3be_8779_4769+chauhoang_2aa4f343_5524_f86e_b+nbninh_c4ae10ba_efe4_401e_8dd7,18.592388193683348,5.179157924652067,0,"[0.4248439816001051, 0.37515601839963425, 0.20000000000026064]","[0.2, 0.4, 0.4]",7.8125,"{""chauhoang_2aa4f343_5524_f86e_b"": -5.179157924652067, ""laquythang_8444c3be_8779_4769"": -4.866662693023649, ""nbninh_c4ae10ba_efe4_401e_8dd7"": -0.1431689558656389}",chauhoang_2aa4f343_5524_f86e_b,continuous_primal_dual_psd,6,18.592388193683348,18.592388193683348,0.0,"[0.0, 0.0, 1.0]",primal=Optimization terminated successfully; dual=outer=Optimization terminated successfully; inner=Optimization terminated successfully,0,4.039975921081189,0.0,,qwen25_real_m50_balanced_random_seed20260504_dare_linear_e8_dare_linear
dare_linear,triple,tuanna08go_c1cf0152_7ae6_43b6+phungkhaccuong_a992b7f5_9d18_c+hongngo_687b8c72_c89b_4cb7_b7c,-1.7667337113758208,1.7941267013549478,0,"[0.5825495102140344, 0.21745048978600653, 0.199999999999959]","[0.4, 0.4, 0.2]",0.714576244354248,"{""hongngo_687b8c72_c89b_4cb7_b7c"": -1.0409028053283365, ""phungkhaccuong_a992b7f5_9d18_c"": -1.7941267013549478, ""tuanna08go_c1cf0152_7ae6_43b6"": 2.974232959747347}",phungkhaccuong_a992b7f5_9d18_c,continuous_primal_dual_psd,6,-1.7667337113758208,-1.7667337114513744,7.555356340560593e-11,"[0.0, 0.9372162090517817, 0.06278379094821829]",primal=Optimization terminated successfully; dual=outer=Optimization terminated successfully; inner=Optimization terminated successfully,0,105.06727523730626,0.0,,qwen25_real_m50_balanced_random_seed20260504_dare_linear_e8_dare_linear
dare_linear,triple,nblinh63_0eb73af3_0631_437a_ad+mrhunghd_9e58333c_df22_4a00_9c+adammandic87_f28f18cf_4abb_4db,63.95210928916933,28.72082300186154,0,"[0.2, 0.2, 0.6]","[0.2, 0.2, 0.6]",0.0,"{""adammandic87_f28f18cf_4abb_4db"": -25.335779857635465, ""mrhunghd_9e58333c_df22_4a00_9c"": -28.72082300186154, ""nblinh63_0eb73af3_0631_437a_ad"": -26.637521457672086}",mrhunghd_9e58333c_df22_4a00_9c,continuous_primal_dual_psd,6,63.95210928916933,63.95210928916554,3.787192781601334e-12,"[0.999999999999867, 1.3294920719884483e-13, 0.0]",primal=Optimization terminated successfully; dual=outer=Optimization terminated successfully; inner=Optimization terminated successfully,1,-1550.3202019186378,1560.5874622298809,,qwen25_real_m50_balanced_random_seed20260504_dare_linear_e8_dare_linear
dare_linear,triple,datlaaaaaaa_cc1f8701_0976_4f48+phungkhaccuong_2b1522e6_bef2_7+nhoxinh_2f944a50_cbd3_4334_af8,106.03128648172672,26.49543590545651,0,"[0.2, 0.2, 0.6]","[0.2, 0.6, 0.2]",5.257880687713623,"{""datlaaaaaaa_cc1f8701_0976_4f48"": -26.49543590545651, ""nhoxinh_2f944a50_cbd3_4334_af8"": -18.792954158782926, ""phungkhaccuong_2b1522e6_bef2_7"": -17.99311943054196}",datlaaaaaaa_cc1f8701_0976_4f48,continuous_primal_dual_psd,6,106.03128648172672,106.03128648172672,0.0,"[0.0, 0.0, 1.0]",primal=Optimization terminated successfully; dual=outer=Optimization terminated successfully; inner=Optimization terminated successfully,1,-2295.6614944426715,2295.6614944426715,,qwen25_real_m50_balanced_random_seed20260504_dare_linear_e8_dare_linear
dare_linear,triple,versil91_e9f26c47_9b78_4e3f_81+hongngo_9d92894f_7b7b_49e0_8f3+datlaaaaaaa_e8cccbe1_c136_409a,32.26560840213024,3.824988079071012,0,"[0.2, 0.49586225063346145, 0.3041377493665385]","[0.6, 0.2, 0.2]",17.371785640716553,"{""datlaaaaaaa_e8cccbe1_c136_409a"": -3.564205837249723, ""hongngo_9d92894f_7b7b_49e0_8f3"": -3.8249880790710122, ""versil91_e9f26c47_9b78_4e3f_81"": -1.3768244318559721}",hongngo_9d92894f_7b7b_49e0_8f3,continuous_primal_dual_psd,6,32.26560840213024,32.26560840213024,0.0,"[0.0, 1.0, 0.0]",primal=Optimization terminated successfully; dual=outer=Optimization terminated successfully; inner=Optimization terminated successfully,1,-432.6959717091603,432.6959717091604,,qwen25_real_m50_balanced_random_seed20260504_dare_linear_e8_dare_linear
dare_linear,triple,adammandic87_3d7a58a6_4380_4e3+thaffggg_8a78a9b2_d3fa_4615_b8+cunghoctienganh_4909ad74_a335,41.012938576173454,12.878015708923307,0,"[0.47281362918897674, 0.3271863708110931, 0.19999999999993023]","[0.4, 0.4, 0.2]",0.0,"{""adammandic87_3d7a58a6_4380_4e3"": -3.3666671557307013, ""cunghoctienganh_4909ad74_a335"": -12.878015708923307, ""thaffggg_8a78a9b2_d3fa_4615_b8"": -7.768026065826383}",cunghoctienganh_4909ad74_a335,continuous_primal_dual_psd,6,41.012938576173454,41.0129385761452,2.8258284601179184e-11,"[3.6337599595981374e-13, 0.9999999999995712, 6.539213615042172e-14]",primal=Optimization terminated successfully; dual=outer=Optimization terminated successfully; inner=Optimization terminated successfully,1,-79.29209579317603,79.29209579317602,,qwen25_real_m50_balanced_random_seed20260504_dare_linear_e8_dare_linear
dare_linear,triple,duyphu_0112d9da_9934_4614_b233+thaffggg_8c87f3d3_d4bb_475a_a8+versil91_63cd5c4a_5a68_4c25_bd,0.8170000166528268,12.271979522705044,0,"[0.2, 0.34783514333304905, 0.45216485666695094]","[0.2, 0.4, 0.4]",0.0,"{""duyphu_0112d9da_9934_4614_b233"": -0.6759435653686197, ""thaffggg_8c87f3d3_d4bb_475a_a8"": -12.271979522705045, ""versil91_63cd5c4a_5a68_4c25_bd"": -3.232780170440641}",thaffggg_8c87f3d3_d4bb_475a_a8,continuous_primal_dual_psd,6,0.8170000166528268,0.8170000166524076,4.192202140984591e-13,"[0.0, 0.0, 1.0]",primal=Optimization terminated successfully; dual=outer=Optimization terminated successfully; inner=Optimization terminated successfully,1,-517.9168518575527,517.9168518575527,,qwen25_real_m50_balanced_random_seed20260504_dare_linear_e8_dare_linear
dare_linear,triple,duyphu_4909ad74_a335_4972_9ed8+mrhungddddh_fe499423_02f3_4cfd+versil91_121ef6e9_0ded_4fc3_8c,8.883184707342744,8.427277278900114,0,"[0.2, 0.2, 0.6]","[0.2, 0.2, 0.6]",0.0,"{""duyphu_4909ad74_a335_4972_9ed8"": -8.427277278900114, ""mrhungddddh_fe499423_02f3_4cfd"": 1.5115230560303061, ""versil91_121ef6e9_0ded_4fc3_8c"": 0.4185186566642128}",duyphu_4909ad74_a335_4972_9ed8,continuous_primal_dual_psd,6,8.883184707342744,8.883184707342552,1.9184653865522705e-13,"[0.0, 0.9999999999999187, 8.13238365537861e-14]",primal=Optimization terminated successfully; dual=outer=Optimization terminated successfully; inner=Optimization terminated successfully,1,-355.1311672616531,355.1311672616532,,qwen25_real_m50_balanced_random_seed20260504_dare_linear_e8_dare_linear
dare_linear,triple,tuanna08go_6af2bb68_a65f_4331+hongngo_7e251dfc_e0f7_4f73_aae+nhung03_7b6cdc3c_7130_4c2c_a2c,17.207771064404625,2.109530639648405,0,"[0.4414831779529415, 0.20000000000001078, 0.3585168220470477]","[0.4, 0.2, 0.4]",0.0,"{""hongngo_7e251dfc_e0f7_4f73_aae"": 11.487504768371615, ""nhung03_7b6cdc3c_7130_4c2c_a2c"": -2.109530639648405, ""tuanna08go_6af2bb68_a65f_4331"": -0.02402277586578074}",nhung03_7b6cdc3c_7130_4c2c_a2c,continuous_primal_dual_psd,6,17.207771064404625,17.207771064404625,0.0,"[1.0, 0.0, 0.0]",primal=Optimization terminated successfully; dual=outer=Optimization terminated successfully; inner=Optimization terminated successfully,1,-534.7942449842931,534.794244984293,,qwen25_real_m50_balanced_random_seed20260504_dare_linear_e8_dare_linear
dare_linear,triple,taronklm_trained_model+cunghoctienganh_b7496e73_1762+nhung02_db2c9545_4607_487b_9cc,66.61708616105432,0.5718023300170572,0,"[0.2, 0.3831725127092713, 0.4168274872907287]","[0.6, 0.2, 0.2]",29.21473979949951,"{""cunghoctienganh_b7496e73_1762"": 42.73749284744266, ""nhung02_db2c9545_4607_487b_9cc"": -0.5718023300170572, ""taronklm_trained_model"": 22.84167699813846}",nhung02_db2c9545_4607_487b_9cc,continuous_primal_dual_psd,6,66.61708616105432,66.61708616105432,0.0,"[0.0, 0.0, 1.0]",primal=Optimization terminated successfully; dual=outer=Optimization terminated successfully; inner=Optimization terminated successfully,1,-1904.7979484240495,1904.79794842405,,qwen25_real_m50_balanced_random_seed20260504_dare_linear_e8_dare_linear
dare_linear,triple,denbeo_d9ae91c0_fed9_4fb4_8ddd+nhoxinh_9214fc0d_4490_4bdd_9ff+mrhungddddh_911f6275_22fd_4f41,97.11233674965632,35.823121738433805,0,"[0.2, 0.2, 0.6]","[0.2, 0.2, 0.6]",0.0,"{""denbeo_d9ae91c0_fed9_4fb4_8ddd"": -27.566245269775358, ""mrhungddddh_911f6275_22fd_4f41"": -35.823121738433805, ""nhoxinh_9214fc0d_4490_4bdd_9ff"": -27.66968317031857}",mrhungddddh_911f6275_22fd_4f41,continuous_primal_dual_psd,6,97.11233674965632,97.11233674965632,0.0,"[1.0, 0.0, 0.0]",primal=Optimization terminated successfully; dual=outer=Optimization terminated successfully; inner=Optimization terminated successfully,1,-1208.330117080087,1208.330117080087,,qwen25_real_m50_balanced_random_seed20260504_dare_linear_e8_dare_linear
dare_linear,triple,nbninh_a1f78795_1b61_4923_9235+mrhunghddddd_d692685b_fdb4_477+datlaaaaaaa_0dbe42c8_b07b_4785,90.55177874565128,32.6697022438049,0,"[0.2, 0.2, 0.6]","[0.6, 0.2, 0.2]",15.2083158493042,"{""datlaaaaaaa_0dbe42c8_b07b_4785"": -3.768184852600065, ""mrhunghddddd_d692685b_fdb4_477"": -24.20814342498776, ""nbninh_a1f78795_1b61_4923_9235"": -32.6697022438049}",nbninh_a1f78795_1b61_4923_9235,continuous_primal_dual_psd,6,90.55177874565128,90.55177874563414,1.715250164124882e-11,"[0.9999999999993479, 6.521450046643916e-13, 0.0]",primal=Optimization terminated successfully; dual=outer=Optimization terminated successfully; inner=Optimization terminated successfully,1,-2823.5895065549435,2824.8405969490013,,qwen25_real_m50_balanced_random_seed20260504_dare_linear_e8_dare_linear
dare_linear,triple,phungkhaccuong_a992b7f5_9d18_c+nhoxinh_0c66c9c5_5cc2_46a8_9db+mrhungddddh_9b1deaac_4565_48f2,51.593661652040055,20.28334445953366,0,"[0.3387967401495224, 0.2170555699110988, 0.4441476899393788]","[0.2, 0.6, 0.2]",7.500004768371582,"{""mrhungddddh_9b1deaac_4565_48f2"": -20.28334445953366, ""nhoxinh_0c66c9c5_5cc2_46a8_9db"": -5.376580429077116, ""phungkhaccuong_a992b7f5_9d18_c"": -11.972573471069303}",mrhungddddh_9b1deaac_4565_48f2,continuous_primal_dual_psd,6,51.593661652040055,51.593661652031074,8.981260180007666e-12,"[0.8229016492109191, 0.0, 0.1770983507890808]",primal=Optimization terminated successfully; dual=outer=Optimization terminated successfully; inner=Optimization terminated successfully,1,-1011.936399586814,1021.8130883434146,,qwen25_real_m50_balanced_random_seed20260504_dare_linear_e8_dare_linear
dare_linear,triple,lhong4759_f68c5c87_934d_4399_b+duyphu_7aba420b_74ac_4209_b514+nbninh_0d8b128b_8753_46c3_b80f,170.89353664143178,23.34862060546872,0,"[0.2, 0.2, 0.6]","[0.2, 0.6, 0.2]",38.91388177871704,"{""duyphu_7aba420b_74ac_4209_b514"": -23.348620605468717, ""lhong4759_f68c5c87_934d_4399_b"": -15.387502384185758, ""nbninh_0d8b128b_8753_46c3_b80f"": -11.823251914977995}",duyphu_7aba420b_74ac_4209_b514,continuous_primal_dual_psd,6,170.89353664143178,170.8935366414268,4.973799150320701e-12,"[0.0, 0.9999999999998848, 1.1518080734747544e-13]",primal=Optimization terminated successfully; dual=outer=Optimization terminated successfully; inner=Optimization terminated successfully,1,-3277.97194549739,3277.97194549739,,qwen25_real_m50_balanced_random_seed20260504_dare_linear_e8_dare_linear
dare_linear,triple,versil91_01a5620a_fb5f_4bab_94+nbninh_c4ae10ba_efe4_401e_8dd7+nhoxinh_9214fc0d_4490_4bdd_9ff,32.38123410131584,2.52763338088986,0,"[0.34862428439939225, 0.4479483317729578, 0.2034273838276499]","[0.4, 0.4, 0.2]",0.0,"{""nbninh_c4ae10ba_efe4_401e_8dd7"": -0.19024120284861054, ""nhoxinh_9214fc0d_4490_4bdd_9ff"": -2.52763338088986, ""versil91_01a5620a_fb5f_4bab_94"": 1.2714354846093077}",nhoxinh_9214fc0d_4490_4bdd_9ff,continuous_primal_dual_psd,6,32.38123410131584,32.38123410131578,5.684341886080803e-14,"[0.0, 0.9706696226096436, 0.029330377390356335]",primal=Optimization terminated successfully; dual=outer=Optimization terminated successfully; inner=Optimization terminated successfully,1,-889.7701724466394,889.7701724466397,,qwen25_real_m50_balanced_random_seed20260504_dare_linear_e8_dare_linear
dare_linear,triple,chauhoang_4909ad74_a335_4972_9+duyphu_4909ad74_a335_4972_9ed8+phungkhaccuong_731c6dec_a942_4,14.676423448055552,2.7359754562377603,0,"[0.2, 0.2, 0.6]","[0.2, 0.2, 0.6]",0.0,"{""chauhoang_4909ad74_a335_4972_9"": -2.7359754562377603, ""duyphu_4909ad74_a335_4972_9ed8"": 0.07652931213382175, ""phungkhaccuong_731c6dec_a942_4"": -1.4294109753678508}",chauhoang_4909ad74_a335_4972_9,continuous_primal_dual_psd,6,14.676423448055552,14.676423448055544,8.881784197001252e-15,"[4.829470157119407e-15, 0.0, 0.9999999999999951]",primal=Optimization terminated successfully; dual=outer=Optimization terminated successfully; inner=Optimization terminated successfully,1,-334.3040011691138,334.3040011691138,,qwen25_real_m50_balanced_random_seed20260504_dare_linear_e8_dare_linear
dare_linear,triple,cunghoctienganh_c1cf0152_7ae6+hongngo_687b8c72_c89b_4cb7_b7c+thaffggg_8c87f3d3_d4bb_475a_a8,33.706249040393125,17.035225105285612,0,"[0.21393797095947706, 0.2513878442362896, 0.5346741848042333]","[0.6, 0.2, 0.2]",20.028388500213623,"{""cunghoctienganh_c1cf0152_7ae6"": -17.035225105285612, ""hongngo_687b8c72_c89b_4cb7_b7c"": 3.1447022438049643, ""thaffggg_8c87f3d3_d4bb_475a_a8"": -16.72271795272824}",cunghoctienganh_c1cf0152_7ae6,continuous_primal_dual_psd,6,33.706249040393125,33.70624904020146,1.9166179754392942e-10,"[0.0, 0.7963581337356012, 0.20364186626439892]",primal=Positive directional derivative for linesearch; dual=outer=Optimization terminated successfully; inner=Optimization terminated successfully,1,-228.4022771877696,228.4022771877696,,qwen25_real_m50_balanced_random_seed20260504_dare_linear_e8_dare_linear
dare_linear,triple,tuanna08go_7647f014_8af3_4266+denbeo_d9ae91c0_fed9_4fb4_8ddd+nhung03_7b6cdc3c_7130_4c2c_a2c,60.028933382858646,24.445632171630827,0,"[0.2, 0.2, 0.6]","[0.6, 0.2, 0.2]",13.28669786453247,"{""denbeo_d9ae91c0_fed9_4fb4_8ddd"": -24.445632171630827, ""nhung03_7b6cdc3c_7130_4c2c_a2c"": -21.15454978942868, ""tuanna08go_7647f014_8af3_4266"": -0.6358597240874903}",denbeo_d9ae91c0_fed9_4fb4_8ddd,continuous_primal_dual_psd,6,60.028933382858646,60.0289333828305,2.8144597763457568e-11,"[0.0, 3.7278404983385386e-12, 0.9999999999962721]",primal=Optimization terminated successfully; dual=outer=Optimization terminated successfully; inner=Optimization terminated successfully,1,-683.5409375349275,683.5409375349276,,qwen25_real_m50_balanced_random_seed20260504_dare_linear_e8_dare_linear
dare_linear,triple,hongngo_9d92894f_7b7b_49e0_8f3+nhung02_08157847_d833_4d45_90f+nhung02_db2c9545_4607_487b_9cc,48.27878031621202,24.530139636993376,0,"[0.2293888350704892, 0.4740197858842164, 0.2965913790452944]","[0.4, 0.4, 0.2]",17.732369899749756,"{""hongngo_9d92894f_7b7b_49e0_8f3"": -20.35544223785397, ""nhung02_08157847_d833_4d45_90f"": -10.51572866439816, ""nhung02_db2c9545_4607_487b_9cc"": -24.530139636993376}",nhung02_db2c9545_4607_487b_9cc,continuous_primal_dual_psd,6,48.27878031621202,48.278780316211765,2.557953848736361e-13,"[0.4410419068853787, 0.5589580931146213, 0.0]",primal=Optimization terminated successfully; dual=outer=Optimization terminated successfully; inner=Optimization terminated successfully,1,-60.97228191433078,60.97228191433069,,qwen25_real_m50_balanced_random_seed20260504_dare_linear_e8_dare_linear
dare_linear,triple,datlaaaaaaa_cc1f8701_0976_4f48+nblinh63_0eb73af3_0631_437a_ad+versil91_63cd5c4a_5a68_4c25_bd,22.982267853608786,21.268168163299528,0,"[0.2, 0.2, 0.6]","[0.2, 0.2, 0.6]",0.0,"{""datlaaaaaaa_cc1f8701_0976_4f48"": -21.268168163299528, ""nblinh63_0eb73af3_0631_437a_ad"": -17.470839691162077, ""versil91_63cd5c4a_5a68_4c25_bd"": -15.866079998016325}",datlaaaaaaa_cc1f8701_0976_4f48,continuous_primal_dual_psd,6,22.982267853608786,22.982267853608388,3.943512183468556e-13,"[0.9999999999996134, 3.865241460230988e-13, 0.0]",primal=Optimization terminated successfully; dual=outer=Optimization terminated successfully; inner=Optimization terminated successfully,1,-526.3316669220642,526.3316669220642,,qwen25_real_m50_balanced_random_seed20260504_dare_linear_e8_dare_linear
dare_linear,triple,tuanna08go_c1cf0152_7ae6_43b6+cunghoctienganh_4909ad74_a335+phungkhaccuong_2b1522e6_bef2_7,19.467971827829928,6.599643898010221,0,"[0.20000000000023857, 0.24149607769998527, 0.5585039222997762]","[0.4, 0.2, 0.4]",18.721580505371094,"{""cunghoctienganh_4909ad74_a335"": 11.894711780548128, ""phungkhaccuong_2b1522e6_bef2_7"": 5.804964828491244, ""tuanna08go_c1cf0152_7ae6_43b6"": -6.599643898010221}",tuanna08go_c1cf0152_7ae6_43b6,continuous_primal_dual_psd,6,19.467971827829928,19.467971827829928,0.0,"[0.0, 1.0, 0.0]",primal=Optimization terminated successfully; dual=outer=Optimization terminated successfully; inner=Optimization terminated successfully,1,-76.43932502761432,76.43932502761432,,qwen25_real_m50_balanced_random_seed20260504_dare_linear_e8_dare_linear
dare_linear,triple,laquythang_8444c3be_8779_4769+mrhunghd_9e58333c_df22_4a00_9c+versil91_121ef6e9_0ded_4fc3_8c,16.61407761955938,15.387514305114712,0,"[0.29726648906130465, 0.23745172343511362, 0.46528178750358173]","[0.2, 0.2, 0.6]",10.624969005584717,"{""laquythang_8444c3be_8779_4769"": -15.387514305114713, ""mrhunghd_9e58333c_df22_4a00_9c"": -14.86666507720944, ""versil91_121ef6e9_0ded_4fc3_8c"": 0.4629608217044727}",laquythang_8444c3be_8779_4769,continuous_primal_dual_psd,6,16.61407761955938,16.614077619559353,2.8421709430404014e-14,"[8.881784197001173e-15, 0.0, 0.9999999999999911]",primal=Optimization terminated successfully; dual=outer=Optimization terminated successfully; inner=Optimization terminated successfully,1,-291.8151733888777,291.8151733888777,,qwen25_real_m50_balanced_random_seed20260504_dare_linear_e8_dare_linear
dare_linear,triple,versil91_8444c3be_8779_4769_a0+cunghoctienganh_b7496e73_1762+mrhungddddh_fe499423_02f3_4cfd,114.14670261812024,11.82180948257443,0,"[0.2, 0.2, 0.6]","[0.2, 0.6, 0.2]",55.03203868865966,"{""cunghoctienganh_b7496e73_1762"": -7.8875214576720865, ""mrhungddddh_fe499423_02f3_4cfd"": -11.82180948257443, ""versil91_8444c3be_8779_4769_a0"": -9.640325611841973}",mrhungddddh_fe499423_02f3_4cfd,continuous_primal_dual_psd,6,114.14670261812024,114.14670261811747,2.7426949600339867e-12,"[0.0, 6.61621799882524e-14, 0.9999999999999338]",primal=Optimization terminated successfully; dual=outer=Optimization terminated successfully; inner=Optimization terminated successfully,1,-2118.4621775021237,2118.462177502123,,qwen25_real_m50_balanced_random_seed20260504_dare_linear_e8_dare_linear
dare_linear,triple,versil91_e9f26c47_9b78_4e3f_81+thaffggg_8a78a9b2_d3fa_4615_b8+mrhungddddh_911f6275_22fd_4f41,27.59912904653813,15.340152454376188,0,"[0.2, 0.2, 0.6]","[0.2, 0.2, 0.6]",0.0,"{""mrhungddddh_911f6275_22fd_4f41"": -15.340152454376188, ""thaffggg_8a78a9b2_d3fa_4615_b8"": -8.773270320892301, ""versil91_e9f26c47_9b78_4e3f_81"": -1.406376620253092}",mrhungddddh_911f6275_22fd_4f41,continuous_primal_dual_psd,6,27.59912904653813,27.59912904653813,0.0,"[0.0, 1.0, 0.0]",primal=Optimization terminated successfully; dual=outer=Optimization terminated successfully; inner=Optimization terminated successfully,1,-883.5543355613337,883.5543355613336,,qwen25_real_m50_balanced_random_seed20260504_dare_linear_e8_dare_linear
dare_linear,triple,adammandic87_3d7a58a6_4380_4e3+taronklm_trained_model+versil91_474890ea_012d_4a25_96,-1.250971005777327,-7.658977895283568,1,"[0.2, 0.6000000000000066, 0.1999999999999933]","[0.2, 0.4, 0.4]",0.7692312206744969,"{""adammandic87_3d7a58a6_4380_4e3"": 7.658977895283568, ""taronklm_trained_model"": 42.21667938232425, ""versil91_474890ea_012d_4a25_96"": 39.23515968322757}",adammandic87_3d7a58a6_4380_4e3,continuous_primal_dual_psd,6,-1.250971005777327,-1.250971005777327,0.0,"[0.0, 1.0, 0.0]",primal=Optimization terminated successfully; dual=outer=Optimization terminated successfully; inner=Optimization terminated successfully,1,-260.3223272480219,260.3223272480219,,qwen25_real_m50_balanced_random_seed20260504_dare_linear_e8_dare_linear
dare_linear,triple,laquythang_efe15045_778f_4dfa+nhoxinh_2f944a50_cbd3_4334_af8+adammandic87_f28f18cf_4abb_4db,100.25499768257144,22.27633304595944,0,"[0.2, 0.2, 0.6]","[0.2, 0.2, 0.6]",0.0,"{""adammandic87_f28f18cf_4abb_4db"": -22.27633304595944, ""laquythang_efe15045_778f_4dfa"": -15.571788024902311, ""nhoxinh_2f944a50_cbd3_4334_af8"": -11.509290409088102}",adammandic87_f28f18cf_4abb_4db,continuous_primal_dual_psd,6,100.25499768257144,100.25499768257144,0.0,"[1.0, 0.0, 0.0]",primal=Optimization terminated successfully; dual=outer=Optimization terminated successfully; inner=Optimization terminated successfully,1,-2541.067173002786,2580.100398021833,,qwen25_real_m50_balanced_random_seed20260504_dare_linear_e8_dare_linear
dare_linear,triple,tuanna08go_6af2bb68_a65f_4331+chauhoang_2aa4f343_5524_f86e_b+duyphu_0112d9da_9934_4614_b233,18.351881535599745,1.381090354919401,0,"[0.43261792849049674, 0.3673820715088299, 0.20000000000067342]","[0.6, 0.2, 0.2]",8.798074722290039,"{""chauhoang_2aa4f343_5524_f86e_b"": 8.77917699813846, ""duyphu_0112d9da_9934_4614_b233"": -1.381090354919401, ""tuanna08go_6af2bb68_a65f_4331"": 0.1379889583733049}",duyphu_0112d9da_9934_4614_b233,continuous_primal_dual_psd,6,18.351881535599745,18.351881535599745,0.0,"[0.0, 0.0, 1.0]",primal=Optimization terminated successfully; dual=outer=Optimization terminated successfully; inner=Optimization terminated successfully,1,-280.32383710654125,280.32383710654125,,qwen25_real_m50_balanced_random_seed20260504_dare_linear_e8_dare_linear
dare_linear,triple,hongngo_7e251dfc_e0f7_4f73_aae+datlaaaaaaa_e8cccbe1_c136_409a+versil91_63cd5c4a_5a68_4c25_bd,19.97302536482393,7.574990463256803,0,"[0.2, 0.2, 0.6]","[0.4, 0.2, 0.4]",2.102279663085937,"{""datlaaaaaaa_e8cccbe1_c136_409a"": -4.997780990600553, ""hongngo_7e251dfc_e0f7_4f73_aae"": -7.574990463256803, ""versil91_63cd5c4a_5a68_4c25_bd"": -5.542638969421354}",hongngo_7e251dfc_e0f7_4f73_aae,continuous_primal_dual_psd,6,19.97302536482393,19.97302536482393,0.0,"[0.0, 1.0, 0.0]",primal=Optimization terminated successfully; dual=outer=Optimization terminated successfully; inner=Optimization terminated successfully,1,-734.1324328970364,734.1324328970364,,qwen25_real_m50_balanced_random_seed20260504_dare_linear_e8_dare_linear
dare_linear,triple,duyphu_7aba420b_74ac_4209_b514+thaffggg_8a78a9b2_d3fa_4615_b8+mrhunghddddd_d692685b_fdb4_477,50.7743936214855,35.35034961700436,0,"[0.5785717351124109, 0.2, 0.22142826488758915]","[0.6, 0.2, 0.2]",0.0,"{""duyphu_7aba420b_74ac_4209_b514"": -35.35034961700436, ""mrhunghddddd_d692685b_fdb4_477"": -28.13442058563229, ""thaffggg_8a78a9b2_d3fa_4615_b8"": -25.439205837249723}",duyphu_7aba420b_74ac_4209_b514,continuous_primal_dual_psd,6,50.7743936214855,50.7743936214855,0.0,"[0.0, 1.0, 0.0]",primal=Optimization terminated successfully; dual=outer=Optimization terminated successfully; inner=Optimization terminated successfully,0,275.8971057337964,0.0,,qwen25_real_m50_balanced_random_seed20260504_dare_linear_e8_dare_linear
dare_linear,triple,versil91_8444c3be_8779_4769_a0+nhoxinh_0c66c9c5_5cc2_46a8_9db+mrhungddddh_fe499423_02f3_4cfd,105.38741655349762,23.951736164092985,0,"[0.6, 0.2, 0.19999999999999996]","[0.6, 0.2, 0.2]",0.0,"{""mrhungddddh_fe499423_02f3_4cfd"": -13.071814250946012, ""nhoxinh_0c66c9c5_5cc2_46a8_9db"": -23.951736164092985, ""versil91_8444c3be_8779_4769_a0"": -10.875813501699863}",nhoxinh_0c66c9c5_5cc2_46a8_9db,continuous_primal_dual_psd,6,105.38741655349762,105.38741655349762,0.0,"[0.0, 1.0, 0.0]",primal=Optimization terminated successfully; dual=outer=Optimization terminated successfully; inner=Optimization terminated successfully,1,-1613.881652124585,1615.805558045861,,qwen25_real_m50_balanced_random_seed20260504_dare_linear_e8_dare_linear
dare_linear,triple,lhong4759_f68c5c87_934d_4399_b+nbninh_a1f78795_1b61_4923_9235+mrhunghd_9e58333c_df22_4a00_9c,71.76087137995944,39.449992847442594,0,"[0.25663791062211866, 0.2, 0.5433620893778813]","[0.4, 0.4, 0.2]",21.145832538604736,"{""lhong4759_f68c5c87_934d_4399_b"": -26.324990463256803, ""mrhunghd_9e58333c_df22_4a00_9c"": -30.179146003723112, ""nbninh_a1f78795_1b61_4923_9235"": -39.449992847442594}",nbninh_a1f78795_1b61_4923_9235,continuous_primal_dual_psd,6,71.76087137995944,71.76087137995944,0.0,"[1.0, 0.0, 0.0]",primal=Optimization terminated successfully; dual=outer=Optimization terminated successfully; inner=Optimization terminated successfully,1,-657.0236231597603,657.0236231597604,,qwen25_real_m50_balanced_random_seed20260504_dare_linear_e8_dare_linear
dare_linear,triple,taronklm_trained_model+nhoxinh_9214fc0d_4490_4bdd_9ff+datlaaaaaaa_0dbe42c8_b07b_4785,-0.5374984624944854,-6.1465948104858725,1,"[0.2, 0.21817292145819472, 0.5818270785418053]","[0.6, 0.2, 0.2]",15.710210800170898,"{""datlaaaaaaa_0dbe42c8_b07b_4785"": 81.67688541412356, ""nhoxinh_9214fc0d_4490_4bdd_9ff"": 6.1465948104858725, ""taronklm_trained_model"": 19.45626430511478}",nhoxinh_9214fc0d_4490_4bdd_9ff,continuous_primal_dual_psd,6,-0.5374984624944854,-0.537498462494564,7.860379014346108e-14,"[0.9298806372490436, 0.0, 0.0701193627509565]",primal=Optimization terminated successfully; dual=outer=Optimization terminated successfully; inner=Optimization terminated successfully,1,-380.5393408986521,383.7774750786471,,qwen25_real_m50_balanced_random_seed20260504_dare_linear_e8_dare_linear
dare_linear,triple,denbeo_d9ae91c0_fed9_4fb4_8ddd+nbninh_c4ae10ba_efe4_401e_8dd7+thaffggg_8c87f3d3_d4bb_475a_a8,124.09823678586775,23.989620876312223,0,"[0.27529648680491825, 0.21564548325592423, 0.5090580299391575]","[0.2, 0.6, 0.2]",59.73192453384399,"{""denbeo_d9ae91c0_fed9_4fb4_8ddd"": -23.989620876312223, ""nbninh_c4ae10ba_efe4_401e_8dd7"": 0.18633791173128292, ""thaffggg_8c87f3d3_d4bb_475a_a8"": -13.484063816070524}",denbeo_d9ae91c0_fed9_4fb4_8ddd,continuous_primal_dual_psd,6,124.09823678586775,124.09823678586768,8.526512829121202e-14,"[0.0, 0.8102449516436678, 0.18975504835633208]",primal=Optimization terminated successfully; dual=outer=Optimization terminated successfully; inner=Optimization terminated successfully,1,-1137.7519451906371,1137.7519451906376,,qwen25_real_m50_balanced_random_seed20260504_dare_linear_e8_dare_linear
dare_linear,triple,tuanna08go_c1cf0152_7ae6_43b6+cunghoctienganh_c1cf0152_7ae6+mrhungddddh_9b1deaac_4565_48f2,34.6548888803365,2.31933898925778,0,"[0.20000000000003956, 0.20000000000001394, 0.5999999999999465]","[0.2, 0.2, 0.6]",0.0,"{""cunghoctienganh_c1cf0152_7ae6"": 3.854915428161654, ""mrhungddddh_9b1deaac_4565_48f2"": -1.5333206176757486, ""tuanna08go_c1cf0152_7ae6_43b6"": -2.31933898925778}",tuanna08go_c1cf0152_7ae6_43b6,continuous_primal_dual_psd,6,34.6548888803365,34.6548888803365,0.0,"[0.0, 0.0, 1.0]",primal=Optimization terminated successfully; dual=outer=Optimization terminated successfully; inner=Optimization terminated successfully,1,-1059.8252231343558,1059.8252231343558,,qwen25_real_m50_balanced_random_seed20260504_dare_linear_e8_dare_linear
dare_linear,triple,versil91_01a5620a_fb5f_4bab_94+versil91_e9f26c47_9b78_4e3f_81+duyphu_0112d9da_9934_4614_b233,1.7245191055804128,0.4142829116448695,0,"[0.5214549918073205, 0.2, 0.27854500819267947]","[0.6, 0.2, 0.2]",0.0,"{""duyphu_0112d9da_9934_4614_b233"": 3.9875119209289878, ""versil91_01a5620a_fb5f_4bab_94"": -0.4142829116448695, ""versil91_e9f26c47_9b78_4e3f_81"": 0.04296248535184498}",versil91_01a5620a_fb5f_4bab_94,continuous_primal_dual_psd,6,1.7245191055804128,1.7245191055804128,0.0,"[0.0, 0.0, 1.0]",primal=Optimization terminated successfully; dual=outer=Optimization terminated successfully; inner=Optimization terminated successfully,1,-71.99723606089862,71.99723606089862,,qwen25_real_m50_balanced_random_seed20260504_dare_linear_e8_dare_linear
dare_linear,triple,nhoxinh_2f944a50_cbd3_4334_af8+hongngo_687b8c72_c89b_4cb7_b7c+mrhungddddh_911f6275_22fd_4f41,9.36987705230709,25.227227878570524,0,"[0.2, 0.2, 0.6]","[0.4, 0.2, 0.4]",6.789052486419678,"{""hongngo_687b8c72_c89b_4cb7_b7c"": -19.00492019653317, ""mrhungddddh_911f6275_22fd_4f41"": -19.91401023864743, ""nhoxinh_2f944a50_cbd3_4334_af8"": -25.227227878570524}",nhoxinh_2f944a50_cbd3_4334_af8,continuous_primal_dual_psd,6,9.36987705230709,9.36987705230709,0.0,"[0.0, 0.0, 1.0]",primal=Optimization terminated successfully; dual=outer=Optimization terminated successfully; inner=Optimization terminated successfully,1,-423.7977701121447,423.7977701121448,,qwen25_real_m50_balanced_random_seed20260504_dare_linear_e8_dare_linear
dare_linear,triple,datlaaaaaaa_cc1f8701_0976_4f48+duyphu_4909ad74_a335_4972_9ed8+nblinh63_0eb73af3_0631_437a_ad,93.04159359636796,85.67157096862789,0,"[0.3845611412799895, 0.2, 0.4154388587200104]","[0.4, 0.2, 0.4]",0.0,"{""datlaaaaaaa_cc1f8701_0976_4f48"": -85.67157096862789, ""duyphu_4909ad74_a335_4972_9ed8"": -78.14319438934322, ""nblinh63_0eb73af3_0631_437a_ad"": -61.012497615814176}",datlaaaaaaa_cc1f8701_0976_4f48,continuous_primal_dual_psd,6,93.04159359636796,93.0415935963679,5.684341886080803e-14,"[0.0, 0.0, 1.0]",primal=Optimization terminated successfully; dual=outer=Optimization terminated successfully; inner=Optimization terminated successfully,1,-845.2493118040429,845.2493118040429,,qwen25_real_m50_balanced_random_seed20260504_dare_linear_e8_dare_linear
dare_linear,triple,chauhoang_4909ad74_a335_4972_9+phungkhaccuong_731c6dec_a942_4+datlaaaaaaa_e8cccbe1_c136_409a,1.3466091671766094,9.16006870269772,0,"[0.24282849032328616, 0.5130942408469312, 0.24407726882978265]","[0.2, 0.6, 0.2]",0.0,"{""chauhoang_4909ad74_a335_4972_9"": -0.17917461395260403, ""datlaaaaaaa_e8cccbe1_c136_409a"": -9.160068702697721, ""phungkhaccuong_731c6dec_a942_4"": 1.2176453600308026}",datlaaaaaaa_e8cccbe1_c136_409a,continuous_primal_dual_psd,6,1.3466091671766094,1.3466091671766094,0.0,"[0.0, 1.0, 0.0]",primal=Optimization terminated successfully; dual=outer=Optimization terminated successfully; inner=Optimization terminated successfully,0,190.6190015950497,0.0,,qwen25_real_m50_balanced_random_seed20260504_dare_linear_e8_dare_linear
dare_linear,triple,laquythang_8444c3be_8779_4769+nbninh_0d8b128b_8753_46c3_b80f+nhung03_7b6cdc3c_7130_4c2c_a2c,71.53343267440547,35.37803001403805,0,"[0.2, 0.6000000000000181, 0.19999999999998197]","[0.2, 0.6, 0.2]",0.0,"{""laquythang_8444c3be_8779_4769"": -35.37803001403805, ""nbninh_0d8b128b_8753_46c3_b80f"": -18.904414844512907, ""nhung03_7b6cdc3c_7130_4c2c_a2c"": -34.208157730102506}",laquythang_8444c3be_8779_4769,continuous_primal_dual_psd,6,71.53343267440547,71.53343267440547,0.0,"[1.0, 0.0, 0.0]",primal=Optimization terminated successfully; dual=outer=Optimization terminated successfully; inner=Optimization terminated successfully,1,-1940.5344949661608,1949.58839359118,,qwen25_real_m50_balanced_random_seed20260504_dare_linear_e8_dare_linear
dare_linear,triple,cunghoctienganh_4909ad74_a335+cunghoctienganh_b7496e73_1762+versil91_121ef6e9_0ded_4fc3_8c,-0.3622613994363917,16.741672229766813,0,"[0.2116042176973721, 0.3160766155574241, 0.4723191667452038]","[0.2, 0.4, 0.4]",0.0,"{""cunghoctienganh_4909ad74_a335"": -16.741672229766813, ""cunghoctienganh_b7496e73_1762"": -6.220844459533659, ""versil91_121ef6e9_0ded_4fc3_8c"": -4.181492533138147}",cunghoctienganh_4909ad74_a335,continuous_primal_dual_psd,6,-0.3622613994363917,-0.3622613994505499,1.4158285654986004e-11,"[1.2929228326576992e-15, 0.0880746875821736, 0.9119253124178252]",primal=Optimization terminated successfully; dual=outer=Optimization terminated successfully; inner=Optimization terminated successfully,0,373.58406564509136,0.0,,qwen25_real_m50_balanced_random_seed20260504_dare_linear_e8_dare_linear
dare_linear,triple,tuanna08go_7647f014_8af3_4266+phungkhaccuong_2b1522e6_bef2_7+phungkhaccuong_a992b7f5_9d18_c,23.365299447333285,7.279256057739225,0,"[0.2, 0.3285996370734563, 0.47140036292654375]","[0.4, 0.4, 0.2]",6.696534156799316,"{""phungkhaccuong_2b1522e6_bef2_7"": 0.8879869461059897, ""phungkhaccuong_a992b7f5_9d18_c"": -7.279256057739225, ""tuanna08go_7647f014_8af3_4266"": -0.6207928337806767}",phungkhaccuong_a992b7f5_9d18_c,continuous_primal_dual_psd,6,23.365299447333285,23.36529944718092,1.5236878425639588e-10,"[4.444562715695513e-13, 0.40457238939188234, 0.5954276106076734]",primal=Optimization terminated successfully; dual=outer=Optimization terminated successfully; inner=Optimization terminated successfully,1,-529.6630790188821,529.6630790188821,,qwen25_real_m50_balanced_random_seed20260504_dare_linear_e8_dare_linear
dare_linear,triple,laquythang_efe15045_778f_4dfa+chauhoang_2aa4f343_5524_f86e_b+nhung02_db2c9545_4607_487b_9cc,106.5200246014682,35.8762771606445,0,"[0.2000000000000575, 0.200000000000134, 0.5999999999998085]","[0.4, 0.4, 0.2]",24.094557762146,"{""chauhoang_2aa4f343_5524_f86e_b"": -32.991650772094694, ""laquythang_efe15045_778f_4dfa"": -35.8762771606445, ""nhung02_db2c9545_4607_487b_9cc"": -23.5846192359924}",laquythang_efe15045_778f_4dfa,continuous_primal_dual_psd,6,106.5200246014682,106.52002460146495,3.254285729781259e-12,"[0.9999999999998321, 0.0, 1.6792123247452673e-13]",primal=Optimization terminated successfully; dual=outer=Optimization terminated successfully; inner=Optimization terminated successfully,1,-1565.2325422102265,1565.2325422102265,,qwen25_real_m50_balanced_random_seed20260504_dare_linear_e8_dare_linear
dare_linear,triple,adammandic87_3d7a58a6_4380_4e3+hongngo_7e251dfc_e0f7_4f73_aae+nhung02_08157847_d833_4d45_90f,17.025173153773608,20.387497615814176,0,"[0.2000000000000513, 0.29942147155614257, 0.5005785284438061]","[0.2, 0.4, 0.4]",3.125,"{""adammandic87_3d7a58a6_4380_4e3"": -1.469231220674493, ""hongngo_7e251dfc_e0f7_4f73_aae"": -20.387497615814176, ""nhung02_08157847_d833_4d45_90f"": -10.563793849945036}",hongngo_7e251dfc_e0f7_4f73_aae,continuous_primal_dual_psd,6,17.025173153773608,17.025173153773608,0.0,"[0.0, 0.0, 1.0]",primal=Optimization terminated successfully; dual=outer=Optimization terminated successfully; inner=Optimization terminated successfully,1,-1032.914626710279,1032.914626710279,,qwen25_real_m50_balanced_random_seed20260504_dare_linear_e8_dare_linear
dare_linear,triple,hongngo_9d92894f_7b7b_49e0_8f3+adammandic87_f28f18cf_4abb_4db+versil91_474890ea_012d_4a25_96,9.87734864702444,9.966471862792936,0,"[0.30046883852159384, 0.2, 0.49953116147840615]","[0.2, 0.2, 0.6]",0.7677555084228516,"{""adammandic87_f28f18cf_4abb_4db"": -7.153967094421354, ""hongngo_9d92894f_7b7b_49e0_8f3"": -1.741662693023649, ""versil91_474890ea_012d_4a25_96"": -9.966471862792936}",versil91_474890ea_012d_4a25_96,continuous_primal_dual_psd,6,9.87734864702444,9.87734864702444,0.0,"[1.0, 0.0, 0.0]",primal=Optimization terminated successfully; dual=outer=Optimization terminated successfully; inner=Optimization terminated successfully,1,-241.72833187287645,241.72833187287648,,qwen25_real_m50_balanced_random_seed20260504_dare_linear_e8_dare_linear
dare_linear,triple,versil91_8444c3be_8779_4769_a0+tuanna08go_6af2bb68_a65f_4331+nbninh_0d8b128b_8753_46c3_b80f,-4.114798205928992,0.6580632219101795,0,"[0.30756708547613987, 0.4655482877458239, 0.22688462677803622]","[0.2, 0.6, 0.2]",0.0419360854774298,"{""nbninh_0d8b128b_8753_46c3_b80f"": 6.213614273071322, ""tuanna08go_6af2bb68_a65f_4331"": -0.6273740501686836, ""versil91_8444c3be_8779_4769_a0"": -0.6580632219101795}",versil91_8444c3be_8779_4769_a0,continuous_primal_dual_psd,6,-4.114798205928992,-4.114798205929007,1.5099033134902132e-14,"[9.523849037134187e-17, 0.12388231673162511, 0.8761176832683748]",primal=Optimization terminated successfully; dual=outer=Optimization terminated successfully; inner=Optimization terminated successfully,0,2.518877914886616,0.0,,qwen25_real_m50_balanced_random_seed20260504_dare_linear_e8_dare_linear
dare_linear,triple,thaffggg_8a78a9b2_d3fa_4615_b8+nbninh_c4ae10ba_efe4_401e_8dd7+nhoxinh_0c66c9c5_5cc2_46a8_9db,91.45358464858003,16.387632560729948,0,"[0.2, 0.2, 0.6]","[0.2, 0.6, 0.2]",28.35955619812012,"{""nbninh_c4ae10ba_efe4_401e_8dd7"": -0.5231921173515268, ""nhoxinh_0c66c9c5_5cc2_46a8_9db"": -3.0950815200805337, ""thaffggg_8a78a9b2_d3fa_4615_b8"": -16.387632560729948}",thaffggg_8a78a9b2_d3fa_4615_b8,continuous_primal_dual_psd,6,91.45358464858003,91.45358464858003,0.0,"[0.0, 0.0, 1.0]",primal=Optimization terminated successfully; dual=outer=Optimization terminated successfully; inner=Optimization terminated successfully,1,-1075.2690835692504,1075.2690835692504,,qwen25_real_m50_balanced_random_seed20260504_dare_linear_e8_dare_linear
dare_linear,triple,cunghoctienganh_b7496e73_1762+nbninh_a1f78795_1b61_4923_9235+versil91_474890ea_012d_4a25_96,-2.289216947063164,8.894935321807829,0,"[0.202527872233856, 0.35608516632773346, 0.4413869614384105]","[0.2, 0.4, 0.4]",0.0,"{""cunghoctienganh_b7496e73_1762"": 11.800000000000033, ""nbninh_a1f78795_1b61_4923_9235"": -3.8818151473998697, ""versil91_474890ea_012d_4a25_96"": -8.894935321807829}",versil91_474890ea_012d_4a25_96,continuous_primal_dual_psd,6,-2.289216947063164,-2.2892169470649564,1.7927881401647028e-12,"[0.02075650057763848, 0.0, 0.9792434994223616]",primal=Optimization terminated successfully; dual=outer=Optimization terminated successfully; inner=Optimization terminated successfully,1,-124.22092366104586,124.22092366104586,,qwen25_real_m50_balanced_random_seed20260504_dare_linear_e8_dare_linear
dare_linear,triple,versil91_01a5620a_fb5f_4bab_94+thaffggg_8c87f3d3_d4bb_475a_a8+mrhunghd_9e58333c_df22_4a00_9c,36.22047000047329,36.28712005615231,0,"[0.45111018869400477, 0.34888981130581, 0.20000000000018525]","[0.4, 0.4, 0.2]",0.0,"{""mrhunghd_9e58333c_df22_4a00_9c"": -24.86666746139523, ""thaffggg_8c87f3d3_d4bb_475a_a8"": -36.28712005615231, ""versil91_01a5620a_fb5f_4bab_94"": -6.328582825977481}",thaffggg_8c87f3d3_d4bb_475a_a8,continuous_primal_dual_psd,6,36.22047000047329,36.22047000004171,4.3158365770068485e-10,"[0.0, 1.0, 0.0]",primal=Optimization terminated successfully; dual=outer=Optimization terminated successfully; inner=Optimization terminated successfully,1,-250.1341016528968,250.1341016528968,,qwen25_real_m50_balanced_random_seed20260504_dare_linear_e8_dare_linear
dare_linear,triple,tuanna08go_6af2bb68_a65f_4331+duyphu_7aba420b_74ac_4209_b514+nhoxinh_2f944a50_cbd3_4334_af8,15.151106098635054,0.0463678367429466,0,"[0.2, 0.38808448141923507, 0.4119155185807649]","[0.6, 0.2, 0.2]",14.900417803973571,"{""duyphu_7aba420b_74ac_4209_b514"": 5.829712677001986, ""nhoxinh_2f944a50_cbd3_4334_af8"": 3.6990492820740073, ""tuanna08go_6af2bb68_a65f_4331"": -0.04636783674294662}",tuanna08go_6af2bb68_a65f_4331,continuous_primal_dual_psd,6,15.151106098635054,15.15110609863504,1.4210854715202004e-14,"[0.999999999999998, 1.94289029309402e-15, 0.0]",primal=Optimization terminated successfully; dual=outer=Optimization terminated successfully; inner=Optimization terminated successfully,1,-529.0285306366645,529.0285306366646,,qwen25_real_m50_balanced_random_seed20260504_dare_linear_e8_dare_linear
dare_linear,triple,adammandic87_3d7a58a6_4380_4e3+mrhunghddddd_d692685b_fdb4_477+versil91_63cd5c4a_5a68_4c25_bd,0.8104807283091446,-0.8384624413489995,1,"[0.4935124652332474, 0.20000000000000534, 0.3064875347667473]","[0.6, 0.2, 0.2]",0.7179499217986601,"{""adammandic87_3d7a58a6_4380_4e3"": 0.8384624413489995, ""mrhunghddddd_d692685b_fdb4_477"": 3.1636326789856284, ""versil91_63cd5c4a_5a68_4c25_bd"": 5.265912342071566}",adammandic87_3d7a58a6_4380_4e3,continuous_primal_dual_psd,6,0.8104807283091446,0.8104807283091446,0.0,"[0.0, 0.0, 1.0]",primal=Optimization terminated successfully; dual=outer=Optimization terminated successfully; inner=Optimization terminated successfully,1,-751.4158572397038,751.4158572397038,,qwen25_real_m50_balanced_random_seed20260504_dare_linear_e8_dare_linear
dare_linear,triple,lhong4759_f68c5c87_934d_4399_b+hongngo_9d92894f_7b7b_49e0_8f3+versil91_121ef6e9_0ded_4fc3_8c,42.88368186902772,9.818592739105192,0,"[0.2000000000001137, 0.2, 0.5999999999998863]","[0.2, 0.2, 0.6]",0.0,"{""hongngo_9d92894f_7b7b_49e0_8f3"": -9.818592739105192, ""lhong4759_f68c5c87_934d_4399_b"": -5.699995231628385, ""versil91_121ef6e9_0ded_4fc3_8c"": -0.633336752439624}",hongngo_9d92894f_7b7b_49e0_8f3,continuous_primal_dual_psd,6,42.88368186902772,42.88368186902772,0.0,"[0.0, 0.0, 1.0]",primal=Optimization terminated successfully; dual=outer=Optimization terminated successfully; inner=Optimization terminated successfully,1,-1118.6996703518737,1118.6996703518737,,qwen25_real_m50_balanced_random_seed20260504_dare_linear_e8_dare_linear
dare_linear,triple,cunghoctienganh_4909ad74_a335+mrhungddddh_fe499423_02f3_4cfd+mrhungddddh_9b1deaac_4565_48f2,75.78320039190109,43.19999523162839,0,"[0.43540272842929245, 0.2, 0.36459727157070754]","[0.4, 0.2, 0.4]",0.0,"{""cunghoctienganh_4909ad74_a335"": -40.41590995788571, ""mrhungddddh_9b1deaac_4565_48f2"": -43.199995231628385, ""mrhungddddh_fe499423_02f3_4cfd"": -32.03015632629391}",mrhungddddh_9b1deaac_4565_48f2,continuous_primal_dual_psd,6,75.78320039190109,75.78320039190109,0.0,"[0.0, 0.0, 1.0]",primal=Optimization terminated successfully; dual=outer=Optimization terminated successfully; inner=Optimization terminated successfully,1,-543.4682489063647,543.4682489063648,,qwen25_real_m50_balanced_random_seed20260504_dare_linear_e8_dare_linear
dare_linear,triple,laquythang_8444c3be_8779_4769+denbeo_d9ae91c0_fed9_4fb4_8ddd+nblinh63_0eb73af3_0631_437a_ad,143.29829933102926,44.29848499298093,0,"[0.2, 0.2, 0.6]","[0.4, 0.2, 0.4]",19.659078121185303,"{""denbeo_d9ae91c0_fed9_4fb4_8ddd"": -38.90512294769284, ""laquythang_8444c3be_8779_4769"": -44.298484992980924, ""nblinh63_0eb73af3_0631_437a_ad"": -37.67916269302365}",laquythang_8444c3be_8779_4769,continuous_primal_dual_psd,6,143.29829933102926,143.29829933102926,0.0,"[2.780978572425319e-17, 1.0, 0.0]",primal=Optimization terminated successfully; dual=outer=Optimization terminated successfully; inner=Optimization terminated successfully,1,-3071.762005075137,3071.762005075137,,qwen25_real_m50_balanced_random_seed20260504_dare_linear_e8_dare_linear
dare_linear,triple,phungkhaccuong_2b1522e6_bef2_7+nhung02_08157847_d833_4d45_90f+datlaaaaaaa_0dbe42c8_b07b_4785,25.2846255135176,0.6999999999999673,0,"[0.42549017350153195, 0.3412481491281904, 0.2332616773702776]","[0.6, 0.2, 0.2]",37.367427349090576,"{""datlaaaaaaa_0dbe42c8_b07b_4785"": -0.6999999999999673, ""nhung02_08157847_d833_4d45_90f"": 11.351272392272982, ""phungkhaccuong_2b1522e6_bef2_7"": 0.39995603561404636}",datlaaaaaaa_0dbe42c8_b07b_4785,continuous_primal_dual_psd,6,25.2846255135176,25.28462551351637,1.2256862191861728e-12,"[0.534079602957886, 0.46592039704211374, 3.85291753738905e-16]",primal=Optimization terminated successfully; dual=outer=Optimization terminated successfully; inner=Optimization terminated successfully,1,-496.5057123781816,496.5057123781816,,qwen25_real_m50_balanced_random_seed20260504_dare_linear_e8_dare_linear
dare_linear,triple,tuanna08go_c1cf0152_7ae6_43b6+chauhoang_4909ad74_a335_4972_9+hongngo_7e251dfc_e0f7_4f73_aae,67.00949446641211,8.18106241226193,0,"[0.2, 0.2, 0.6]","[0.6, 0.2, 0.2]",3.0397772789001465,"{""chauhoang_4909ad74_a335_4972_9"": -8.18106241226193, ""hongngo_7e251dfc_e0f7_4f73_aae"": -6.845834922790495, ""tuanna08go_c1cf0152_7ae6_43b6"": -3.758719635009733}",chauhoang_4909ad74_a335_4972_9,continuous_primal_dual_psd,6,67.00949446641211,67.00949446640554,6.565414878423326e-12,"[0.9999999999993483, 6.517564266057733e-13, 0.0]",primal=Optimization terminated successfully; dual=outer=Optimization terminated successfully; inner=Optimization terminated successfully,1,-1826.9817345441488,1826.9817345441488,,qwen25_real_m50_balanced_random_seed20260504_dare_linear_e8_dare_linear
dare_linear,triple,versil91_e9f26c47_9b78_4e3f_81+phungkhaccuong_731c6dec_a942_4+nhoxinh_9214fc0d_4490_4bdd_9ff,5.222256618920682,9.30795974731442,0,"[0.20000000000064436, 0.514298462736931, 0.28570153726242464]","[0.4, 0.4, 0.2]",8.986735343933105,"{""nhoxinh_9214fc0d_4490_4bdd_9ff"": -9.30795974731442, ""phungkhaccuong_731c6dec_a942_4"": 0.45294016405876025, ""versil91_e9f26c47_9b78_4e3f_81"": -2.85336946120347}",nhoxinh_9214fc0d_4490_4bdd_9ff,continuous_primal_dual_psd,6,5.222256618920682,5.222256618920682,0.0,"[0.0, 1.0, 0.0]",primal=Optimization terminated successfully; dual=outer=Optimization terminated successfully; inner=Optimization terminated successfully,1,-23.860128673175357,23.860128673175343,,qwen25_real_m50_balanced_random_seed20260504_dare_linear_e8_dare_linear
dare_linear,triple,laquythang_efe15045_778f_4dfa+duyphu_4909ad74_a335_4972_9ed8+nhung02_db2c9545_4607_487b_9cc,49.94239756328594,57.6697022438049,0,"[0.44732541279071303, 0.2, 0.3526745872092869]","[0.4, 0.2, 0.4]",0.0,"{""duyphu_4909ad74_a335_4972_9ed8"": -57.6697022438049, ""laquythang_efe15045_778f_4dfa"": -44.137492847442594, ""nhung02_db2c9545_4607_487b_9cc"": -26.24488182067868}",duyphu_4909ad74_a335_4972_9ed8,continuous_primal_dual_psd,6,49.94239756328594,49.942397563258375,2.7561952720134286e-11,"[2.142841459824423e-12, 0.0, 0.9999999999978573]",primal=Optimization terminated successfully; dual=outer=Optimization terminated successfully; inner=Optimization terminated successfully,1,-113.09596200874626,113.09596200874633,,qwen25_real_m50_balanced_random_seed20260504_dare_linear_e8_dare_linear
dare_linear,triple,mrhungddddh_911f6275_22fd_4f41+adammandic87_f28f18cf_4abb_4db+nhung03_7b6cdc3c_7130_4c2c_a2c,43.609718918775314,18.88181276321408,0,"[0.2, 0.3060397608102581, 0.49396023918974197]","[0.2, 0.4, 0.4]",0.0,"{""adammandic87_f28f18cf_4abb_4db"": -16.98787517547604, ""mrhungddddh_911f6275_22fd_4f41"": -18.88181276321408, ""nhung03_7b6cdc3c_7130_4c2c_a2c"": -14.019492340087858}",mrhungddddh_911f6275_22fd_4f41,continuous_primal_dual_psd,6,43.609718918775314,43.609718918775314,0.0,"[1.0, 0.0, 0.0]",primal=Optimization terminated successfully; dual=outer=Optimization terminated successfully; inner=Optimization terminated successfully,1,-1089.962577184864,1089.9625771848644,,qwen25_real_m50_balanced_random_seed20260504_dare_linear_e8_dare_linear
dare_linear,triple,cunghoctienganh_c1cf0152_7ae6+duyphu_0112d9da_9934_4614_b233+hongngo_687b8c72_c89b_4cb7_b7c,0.4017618994616754,8.720818233489958,0,"[0.4713877804180042, 0.2, 0.3286122195819958]","[0.4, 0.2, 0.4]",0.0,"{""cunghoctienganh_c1cf0152_7ae6"": -4.307940673828092, ""duyphu_0112d9da_9934_4614_b233"": -8.720818233489958, ""hongngo_687b8c72_c89b_4cb7_b7c"": -8.351507854461637}",duyphu_0112d9da_9934_4614_b233,continuous_primal_dual_psd,6,0.4017618994616754,0.4017618994616754,0.0,"[0.0, 1.0, 0.0]",primal=Optimization terminated successfully; dual=outer=Optimization terminated successfully; inner=Optimization terminated successfully,1,-255.75224782718692,255.75224782718692,,qwen25_real_m50_balanced_random_seed20260504_dare_linear_e8_dare_linear
dare_linear,triple,taronklm_trained_model+datlaaaaaaa_cc1f8701_0976_4f48+chauhoang_2aa4f343_5524_f86e_b,26.42034686537289,-20.810410308837923,1,"[0.2, 0.2, 0.6]","[0.6, 0.2, 0.2]",23.58424663543701,"{""chauhoang_2aa4f343_5524_f86e_b"": 82.11251192092898, ""datlaaaaaaa_cc1f8701_0976_4f48"": 44.0159290313721, ""taronklm_trained_model"": 20.810410308837923}",taronklm_trained_model,continuous_primal_dual_psd,6,26.42034686537289,26.42034686537289,0.0,"[0.0, 0.0, 1.0]",primal=Optimization terminated successfully; dual=outer=Optimization terminated successfully; inner=Optimization terminated successfully,1,-1061.1936226043997,1061.1936226043997,,qwen25_real_m50_balanced_random_seed20260504_dare_linear_e8_dare_linear
dare_linear,triple,tuanna08go_7647f014_8af3_4266+phungkhaccuong_a992b7f5_9d18_c+datlaaaaaaa_e8cccbe1_c136_409a,37.88752861022954,0.2665095677891573,0,"[0.2, 0.2, 0.6]","[0.6, 0.2, 0.2]",21.02496401161755,"{""datlaaaaaaa_e8cccbe1_c136_409a"": 0.8734314918518393, ""phungkhaccuong_a992b7f5_9d18_c"": 11.601850318908724, ""tuanna08go_7647f014_8af3_4266"": -0.26650956778915735}",tuanna08go_7647f014_8af3_4266,continuous_primal_dual_psd,6,37.88752861022954,37.88752861022954,0.0,"[0.0, 0.0, 1.0]",primal=Optimization terminated successfully; dual=outer=Optimization terminated successfully; inner=Optimization terminated successfully,1,-1164.952227424409,1189.68003886791,,qwen25_real_m50_balanced_random_seed20260504_dare_linear_e8_dare_linear
dare_linear,pair,chauhoang_2aa4f343_5524_f86e_b+versil91_63cd5c4a_5a68_4c25_bd,1.620903086662263,5.405715179443327,0,"[0.20000000000000248, 0.7999999999999975]","[0.4, 0.6]",3.002619743347168,"{""chauhoang_2aa4f343_5524_f86e_b"": 2.5291531562805503, ""versil91_63cd5c4a_5a68_4c25_bd"": -5.405715179443327}",versil91_63cd5c4a_5a68_4c25_bd,continuous_primal_dual_psd,4,1.620903086662263,1.620903086662263,0.0,"[1.0, 5.551115123125783e-17]",primal=Optimization terminated successfully; dual=outer=Optimization terminated successfully; inner=Optimization terminated successfully,0,21.808511609673435,0.0,,qwen25_real_m50_balanced_random_seed20260505_dare_linear_e8_dare_linear
dare_linear,pair,nbninh_c4ae10ba_efe4_401e_8dd7+mrhunghd_9e58333c_df22_4a00_9c,-1.1637135078423206,13.370445442199674,0,"[0.5946865722018104, 0.4053134277981896]","[0.6, 0.4]",0.0,"{""mrhunghd_9e58333c_df22_4a00_9c"": -12.262502384185758, ""nbninh_c4ae10ba_efe4_401e_8dd7"": -13.370445442199674}",nbninh_c4ae10ba_efe4_401e_8dd7,continuous_primal_dual_psd,4,-1.1637135078423206,-1.1637135078423206,0.0,"[1.0, 0.0]",primal=Optimization terminated successfully; dual=outer=Optimization terminated successfully; inner=Optimization terminated successfully,0,72.47593523219331,0.0,,qwen25_real_m50_balanced_random_seed20260505_dare_linear_e8_dare_linear
dare_linear,pair,cunghoctienganh_b7496e73_1762+thaffggg_8c87f3d3_d4bb_475a_a8,53.12318093776709,54.942408275604215,0,"[0.8, 0.19999999999999996]","[0.8, 0.2]",0.0,"{""cunghoctienganh_b7496e73_1762"": -31.012514305114713, ""thaffggg_8c87f3d3_d4bb_475a_a8"": -54.942408275604215}",thaffggg_8c87f3d3_d4bb_475a_a8,continuous_primal_dual_psd,4,53.12318093776709,53.12318093776709,0.0,"[1.0, 0.0]",primal=Optimization terminated successfully; dual=outer=Optimization terminated successfully; inner=Optimization terminated successfully,0,37.17765212059038,0.0,,qwen25_real_m50_balanced_random_seed20260505_dare_linear_e8_dare_linear
dare_linear,pair,lhong4759_f68c5c87_934d_4399_b+hongngo_687b8c72_c89b_4cb7_b7c,58.218427371983694,40.26437110900876,0,"[0.2000000000000215, 0.7999999999999785]","[0.8, 0.2]",1.998138427734375,"{""hongngo_687b8c72_c89b_4cb7_b7c"": -40.264371109008756, ""lhong4759_f68c5c87_934d_4399_b"": -39.65033597946164}",hongngo_687b8c72_c89b_4cb7_b7c,continuous_primal_dual_psd,4,58.218427371983694,58.218427371983694,0.0,"[0.0, 1.0]",primal=Optimization terminated successfully; dual=outer=Optimization terminated successfully; inner=Optimization terminated successfully,1,-306.2896430492399,306.2896430492399,,qwen25_real_m50_balanced_random_seed20260505_dare_linear_e8_dare_linear
dare_linear,pair,taronklm_trained_model+hongngo_9d92894f_7b7b_49e0_8f3,25.272906494140607,-1.269078070281752,1,"[0.2, 0.8]","[0.8, 0.2]",28.171697146056864,"{""hongngo_9d92894f_7b7b_49e0_8f3"": 21.837887096405062, ""taronklm_trained_model"": 1.2690780702817521}",taronklm_trained_model,continuous_primal_dual_psd,4,25.272906494140607,25.272906494140607,0.0,"[1.0, 0.0]",primal=Optimization terminated successfully; dual=outer=Optimization terminated successfully; inner=Optimization terminated successfully,1,-251.95330381393435,251.95330381393435,,qwen25_real_m50_balanced_random_seed20260505_dare_linear_e8_dare_linear
dare_linear,pair,laquythang_8444c3be_8779_4769+nbninh_a1f78795_1b61_4923_9235,52.44714565277098,39.34583969116208,0,"[0.2, 0.8]","[0.2, 0.8]",0.0,"{""laquythang_8444c3be_8779_4769"": -39.34583969116208, ""nbninh_a1f78795_1b61_4923_9235"": -15.988472175598112}",laquythang_8444c3be_8779_4769,continuous_primal_dual_psd,4,52.44714565277098,52.44714565277098,0.0,"[0.0, 1.0]",primal=Optimization terminated successfully; dual=outer=Optimization terminated successfully; inner=Optimization terminated successfully,1,-28.40906381607089,28.40906381607089,,qwen25_real_m50_balanced_random_seed20260505_dare_linear_e8_dare_linear
dare_linear,pair,datlaaaaaaa_cc1f8701_0976_4f48+versil91_474890ea_012d_4a25_96,18.00638623237606,19.34583492279049,0,"[0.2, 0.8]","[0.4, 0.6]",1.1137843132019043,"{""datlaaaaaaa_cc1f8701_0976_4f48"": -19.345834922790495, ""versil91_474890ea_012d_4a25_96"": -11.060574722290006}",datlaaaaaaa_cc1f8701_0976_4f48,continuous_primal_dual_psd,4,18.00638623237606,18.00638623237606,0.0,"[1.0, 0.0]",primal=Optimization terminated successfully; dual=outer=Optimization terminated successfully; inner=Optimization terminated successfully,0,162.47779130935638,0.0,,qwen25_real_m50_balanced_random_seed20260505_dare_linear_e8_dare_linear
dare_linear,pair,nhoxinh_0c66c9c5_5cc2_46a8_9db+hongngo_7e251dfc_e0f7_4f73_aae,79.00790636635892,68.82499761581417,0,"[0.491277362051433, 0.508722637948567]","[0.6, 0.4]",48.71211051940918,"{""hongngo_7e251dfc_e0f7_4f73_aae"": -68.82499761581417, ""nhoxinh_0c66c9c5_5cc2_46a8_9db"": -56.28712482452389}",hongngo_7e251dfc_e0f7_4f73_aae,continuous_primal_dual_psd,4,79.00790636635892,79.00790636635892,0.0,"[0.0, 1.0]",primal=Optimization terminated successfully; dual=outer=Optimization terminated successfully; inner=Optimization terminated successfully,0,19.531250000000064,0.0,,qwen25_real_m50_balanced_random_seed20260505_dare_linear_e8_dare_linear
dare_linear,pair,versil91_8444c3be_8779_4769_a0+nbninh_0d8b128b_8753_46c3_b80f,3.982591700553847,5.075016689300504,0,"[0.7999999999999998, 0.20000000000000018]","[0.8, 0.2]",0.0,"{""nbninh_0d8b128b_8753_46c3_b80f"": -5.075016689300504, ""versil91_8444c3be_8779_4769_a0"": -1.7416865348815591}",nbninh_0d8b128b_8753_46c3_b80f,continuous_primal_dual_psd,4,3.982591700553847,3.982591700553847,0.0,"[5.551115123125783e-17, 1.0]",primal=Optimization terminated successfully; dual=outer=Optimization terminated successfully; inner=Optimization terminated successfully,0,11.206885495399998,0.0,,qwen25_real_m50_balanced_random_seed20260505_dare_linear_e8_dare_linear
dare_linear,pair,phungkhaccuong_2b1522e6_bef2_7+nhung02_08157847_d833_4d45_90f,67.71892733573912,13.376286697387664,0,"[0.2, 0.8]","[0.6, 0.4]",15.73716402053833,"{""nhung02_08157847_d833_4d45_90f"": -8.607211780548063, ""phungkhaccuong_2b1522e6_bef2_7"": -13.376286697387663}",phungkhaccuong_2b1522e6_bef2_7,continuous_primal_dual_psd,4,67.71892733573912,67.71892733573912,0.0,"[1.0, 0.0]",primal=Optimization terminated successfully; dual=outer=Optimization terminated successfully; inner=Optimization terminated successfully,1,-230.3504943847658,230.3504943847658,,qwen25_real_m50_balanced_random_seed20260505_dare_linear_e8_dare_linear
dare_linear,pair,denbeo_d9ae91c0_fed9_4fb4_8ddd+datlaaaaaaa_e8cccbe1_c136_409a,40.93601591587066,16.325011920928922,0,"[0.2000000000000011, 0.7999999999999989]","[0.6, 0.4]",2.187514305114746,"{""datlaaaaaaa_e8cccbe1_c136_409a"": -16.325011920928922, ""denbeo_d9ae91c0_fed9_4fb4_8ddd"": -10.38750715255734}",datlaaaaaaa_e8cccbe1_c136_409a,continuous_primal_dual_psd,4,40.93601591587066,40.93601591587066,0.0,"[1.0, 0.0]",primal=Optimization terminated successfully; dual=outer=Optimization terminated successfully; inner=Optimization terminated successfully,1,-315.340906381607,315.340906381607,,qwen25_real_m50_balanced_random_seed20260505_dare_linear_e8_dare_linear
dare_linear,pair,adammandic87_3d7a58a6_4380_4e3+adammandic87_f28f18cf_4abb_4db,-0.9794950835146248,3.162112903594938,0,"[0.5805773591296485, 0.4194226408703515]","[0.6, 0.4]",0.0,"{""adammandic87_3d7a58a6_4380_4e3"": -0.08095303969306579, ""adammandic87_f28f18cf_4abb_4db"": -3.162112903594938}",adammandic87_f28f18cf_4abb_4db,continuous_primal_dual_psd,4,-0.9794950835146248,-0.9794950835146248,0.0,"[1.0, 0.0]",primal=Optimization terminated successfully; dual=outer=Optimization terminated successfully; inner=Optimization terminated successfully,0,5.247179541070241,0.0,,qwen25_real_m50_balanced_random_seed20260505_dare_linear_e8_dare_linear
dare_linear,pair,nhoxinh_9214fc0d_4490_4bdd_9ff+mrhunghddddd_d692685b_fdb4_477,123.61993618011482,98.51249761581415,0,"[0.2, 0.8]","[0.2, 0.8]",0.0,"{""mrhunghddddd_d692685b_fdb4_477"": -74.97084445953365, ""nhoxinh_9214fc0d_4490_4bdd_9ff"": -98.51249761581417}",nhoxinh_9214fc0d_4490_4bdd_9ff,continuous_primal_dual_psd,4,123.61993618011482,123.61993618011482,0.0,"[0.0, 1.0]",primal=Optimization terminated successfully; dual=outer=Optimization terminated successfully; inner=Optimization terminated successfully,1,-292.8322553634644,292.8322553634644,,qwen25_real_m50_balanced_random_seed20260505_dare_linear_e8_dare_linear
dare_linear,pair,cunghoctienganh_4909ad74_a335+mrhungddddh_9b1deaac_4565_48f2,9.497616445394364,32.459893894195524,0,"[0.32825570484766486, 0.6717442951523351]","[0.4, 0.6]",0.0,"{""cunghoctienganh_4909ad74_a335"": -32.459893894195524, ""mrhungddddh_9b1deaac_4565_48f2"": -27.86856002807614}",cunghoctienganh_4909ad74_a335,continuous_primal_dual_psd,4,9.497616445394364,9.497616445394364,0.0,"[0.0, 1.0]",primal=Optimization terminated successfully; dual=outer=Optimization terminated successfully; inner=Optimization terminated successfully,0,347.9567170143125,0.0,,qwen25_real_m50_balanced_random_seed20260505_dare_linear_e8_dare_linear
dare_linear,pair,cunghoctienganh_c1cf0152_7ae6+phungkhaccuong_a992b7f5_9d18_c,26.617104482650724,-1.45790488122201,1,"[0.2, 0.8]","[0.8, 0.2]",15.90790964959356,"{""cunghoctienganh_c1cf0152_7ae6"": 1.45790488122201, ""phungkhaccuong_a992b7f5_9d18_c"": 1.9041626930237143}",cunghoctienganh_c1cf0152_7ae6,continuous_primal_dual_psd,4,26.617104482650724,26.617104482650724,0.0,"[1.0, 0.0]",primal=Optimization terminated successfully; dual=outer=Optimization terminated successfully; inner=Optimization terminated successfully,1,-276.351273059845,276.351273059845,,qwen25_real_m50_balanced_random_seed20260505_dare_linear_e8_dare_linear
dare_linear,pair,mrhungddddh_fe499423_02f3_4cfd+nhung03_7b6cdc3c_7130_4c2c_a2c,101.00398607254024,69.76250715255733,0,"[0.2, 0.8]","[0.2, 0.8]",0.0,"{""mrhungddddh_fe499423_02f3_4cfd"": -54.85866374969479, ""nhung03_7b6cdc3c_7130_4c2c_a2c"": -69.76250715255733}",nhung03_7b6cdc3c_7130_4c2c_a2c,continuous_primal_dual_psd,4,101.00398607254024,101.00398607254024,0.0,"[1.0, 0.0]",primal=Optimization terminated successfully; dual=outer=Optimization terminated successfully; inner=Optimization terminated successfully,1,-894.7771787643437,894.7771787643437,,qwen25_real_m50_balanced_random_seed20260505_dare_linear_e8_dare_linear
dare_linear,pair,chauhoang_4909ad74_a335_4972_9+nhoxinh_2f944a50_cbd3_4334_af8,56.0068053722383,44.04933757781979,0,"[0.20000000000000134, 0.7999999999999987]","[0.4, 0.6]",2.1154046058654785,"{""chauhoang_4909ad74_a335_4972_9"": -24.09743375778195, ""nhoxinh_2f944a50_cbd3_4334_af8"": -44.04933757781979}",nhoxinh_2f944a50_cbd3_4334_af8,continuous_primal_dual_psd,4,56.0068053722383,56.0068053722383,0.0,"[0.0, 1.0]",primal=Optimization terminated successfully; dual=outer=Optimization terminated successfully; inner=Optimization terminated successfully,1,-207.3858678340912,207.3858678340912,,qwen25_real_m50_balanced_random_seed20260505_dare_linear_e8_dare_linear
dare_linear,pair,tuanna08go_c1cf0152_7ae6_43b6+nblinh63_0eb73af3_0631_437a_ad,14.397921633720344,12.366667461395233,0,"[0.7999999999999994, 0.20000000000000062]","[0.8, 0.2]",0.0,"{""nblinh63_0eb73af3_0631_437a_ad"": -9.58329744338986, ""tuanna08go_c1cf0152_7ae6_43b6"": -12.366667461395231}",tuanna08go_c1cf0152_7ae6_43b6,continuous_primal_dual_psd,4,14.397921633720344,14.397921633720344,0.0,"[0.0, 1.0]",primal=Optimization terminated successfully; dual=outer=Optimization terminated successfully; inner=Optimization terminated successfully,0,65.04279828754834,0.0,,qwen25_real_m50_balanced_random_seed20260505_dare_linear_e8_dare_linear
dare_linear,pair,duyphu_7aba420b_74ac_4209_b514+thaffggg_8a78a9b2_d3fa_4615_b8,40.319581514025856,45.7852274894714,0,"[0.5108683445270676, 0.48913165547293236]","[0.4, 0.6]",7.7658891677856445,"{""duyphu_7aba420b_74ac_4209_b514"": -23.762360286712614, ""thaffggg_8a78a9b2_d3fa_4615_b8"": -45.7852274894714}",thaffggg_8a78a9b2_d3fa_4615_b8,continuous_primal_dual_psd,4,40.319581514025856,40.319581514025856,0.0,"[1.0, 0.0]",primal=Optimization terminated successfully; dual=outer=Optimization terminated successfully; inner=Optimization terminated successfully,0,434.494614601135,0.0,,qwen25_real_m50_balanced_random_seed20260505_dare_linear_e8_dare_linear
dare_linear,pair,duyphu_4909ad74_a335_4972_9ed8+versil91_121ef6e9_0ded_4fc3_8c,7.45801396369928,-0.8530347824097007,1,"[0.2, 0.8]","[0.2, 0.8]",0.0,"{""duyphu_4909ad74_a335_4972_9ed8"": 0.8530347824097007, ""versil91_121ef6e9_0ded_4fc3_8c"": 0.9603205939584073}",duyphu_4909ad74_a335_4972_9ed8,continuous_primal_dual_psd,4,7.45801396369928,7.45801396369928,0.0,"[1.0, 5.551115123125783e-17]",primal=Optimization terminated successfully; dual=outer=Optimization terminated successfully; inner=Optimization terminated successfully,1,-376.6907507818594,376.6907507818594,,qwen25_real_m50_balanced_random_seed20260505_dare_linear_e8_dare_linear
dare_linear,pair,versil91_e9f26c47_9b78_4e3f_81+nhung02_db2c9545_4607_487b_9cc,14.660664446239991,23.88181991577145,0,"[0.7271240747083525, 0.2728759252916475]","[0.8, 0.2]",0.0,"{""nhung02_db2c9545_4607_487b_9cc"": -23.88181991577145, ""versil91_e9f26c47_9b78_4e3f_81"": -7.866596731217092}",nhung02_db2c9545_4607_487b_9cc,continuous_primal_dual_psd,4,14.660664446239991,14.660664446239991,0.0,"[0.0, 1.0]",primal=Optimization terminated successfully; dual=outer=Optimization terminated successfully; inner=Optimization terminated successfully,0,170.98136079134466,0.0,,qwen25_real_m50_balanced_random_seed20260505_dare_linear_e8_dare_linear
dare_linear,pair,tuanna08go_6af2bb68_a65f_4331+laquythang_efe15045_778f_4dfa,4.813301038742061,9.364774894714325,0,"[0.8, 0.19999999999999996]","[0.8, 0.2]",0.0,"{""laquythang_efe15045_778f_4dfa"": 2.7374952316284507, ""tuanna08go_6af2bb68_a65f_4331"": -9.364774894714323}",tuanna08go_6af2bb68_a65f_4331,continuous_primal_dual_psd,4,4.813301038742061,4.813301038742061,0.0,"[0.0, 1.0]",primal=Optimization terminated successfully; dual=outer=Optimization terminated successfully; inner=Optimization terminated successfully,1,-26.98898315429699,26.98898315429699,,qwen25_real_m50_balanced_random_seed20260505_dare_linear_e8_dare_linear
dare_linear,pair,versil91_01a5620a_fb5f_4bab_94+datlaaaaaaa_0dbe42c8_b07b_4785,3.281015825271524,0.0734946902240046,0,"[0.8, 0.19999999999999996]","[0.8, 0.2]",0.0,"{""datlaaaaaaa_0dbe42c8_b07b_4785"": 2.9698818206787436, ""versil91_01a5620a_fb5f_4bab_94"": -0.07349469022400468}",versil91_01a5620a_fb5f_4bab_94,continuous_primal_dual_psd,4,3.281015825271524,3.281015825271524,0.0,"[0.0, 1.0]",primal=Optimization terminated successfully; dual=outer=Optimization terminated successfully; inner=Optimization terminated successfully,1,-9.11474227905261,9.11474227905261,,qwen25_real_m50_balanced_random_seed20260505_dare_linear_e8_dare_linear
dare_linear,pair,tuanna08go_7647f014_8af3_4266+duyphu_0112d9da_9934_4614_b233,0.3975707369041821,0.0156309389663465,0,"[0.667907240984858, 0.332092759015142]","[0.6, 0.4]",0.0,"{""duyphu_0112d9da_9934_4614_b233"": 6.070837306976351, ""tuanna08go_7647f014_8af3_4266"": -0.01563093896634656}",tuanna08go_7647f014_8af3_4266,continuous_primal_dual_psd,4,0.3975707369041821,0.3975707369041821,0.0,"[1.0, 0.0]",primal=Optimization terminated successfully; dual=outer=Optimization terminated successfully; inner=Optimization terminated successfully,0,38.20985824946403,0.0,,qwen25_real_m50_balanced_random_seed20260505_dare_linear_e8_dare_linear
dare_linear,pair,phungkhaccuong_731c6dec_a942_4+mrhungddddh_911f6275_22fd_4f41,5.163555216789213,6.533339691162077,0,"[0.8, 0.19999999999999996]","[0.8, 0.2]",0.0,"{""mrhungddddh_911f6275_22fd_4f41"": 5.224367904663119, ""phungkhaccuong_731c6dec_a942_4"": -6.533339691162077}",phungkhaccuong_731c6dec_a942_4,continuous_primal_dual_psd,4,5.163555216789213,5.163555216789213,0.0,"[0.0, 1.0]",primal=Optimization terminated successfully; dual=outer=Optimization terminated successfully; inner=Optimization terminated successfully,0,32.43351643680462,0.0,,qwen25_real_m50_balanced_random_seed20260505_dare_linear_e8_dare_linear
dare_linear,pair,cunghoctienganh_b7496e73_1762+versil91_63cd5c4a_5a68_4c25_bd,-0.9846562713326898,1.8982798576354651,0,"[0.4290755824101544, 0.5709244175898456]","[0.2, 0.8]",3.900778293609619,"{""cunghoctienganh_b7496e73_1762"": 9.92499284744266, ""versil91_63cd5c4a_5a68_4c25_bd"": -1.8982798576354654}",versil91_63cd5c4a_5a68_4c25_bd,continuous_primal_dual_psd,4,-0.9846562713326898,-0.9846562713326898,0.0,"[0.0, 1.0]",primal=Optimization terminated successfully; dual=outer=Optimization terminated successfully; inner=Optimization terminated successfully,0,31.648975996610584,0.0,,qwen25_real_m50_balanced_random_seed20260505_dare_linear_e8_dare_linear
dare_linear,pair,mrhunghd_9e58333c_df22_4a00_9c+mrhungddddh_911f6275_22fd_4f41,20.26502771164673,40.33942527770993,0,"[0.4226290140785209, 0.5773709859214791]","[0.2, 0.8]",9.318912029266356,"{""mrhungddddh_911f6275_22fd_4f41"": -40.33942527770993, ""mrhunghd_9e58333c_df22_4a00_9c"": -25.17916269302365}",mrhungddddh_911f6275_22fd_4f41,continuous_primal_dual_psd,4,20.26502771164673,20.26502771164673,0.0,"[1.0, 0.0]",primal=Optimization terminated successfully; dual=outer=Optimization terminated successfully; inner=Optimization terminated successfully,0,209.6354961395264,0.0,,qwen25_real_m50_balanced_random_seed20260505_dare_linear_e8_dare_linear
dare_linear,pair,versil91_8444c3be_8779_4769_a0+tuanna08go_6af2bb68_a65f_4331,-0.0736358026914589,-2.652284431457552,1,"[0.39346584364620774, 0.6065341563537923]","[0.4, 0.6]",0.0,"{""tuanna08go_6af2bb68_a65f_4331"": 2.652284431457552, ""versil91_8444c3be_8779_4769_a0"": 8.334085273742708}",tuanna08go_6af2bb68_a65f_4331,continuous_primal_dual_psd,4,-0.0736358026914589,-0.0736358026914589,0.0,"[0.0, 1.0]",primal=Optimization terminated successfully; dual=outer=Optimization terminated successfully; inner=Optimization terminated successfully,0,8.430721594860417,0.0,,qwen25_real_m50_balanced_random_seed20260505_dare_linear_e8_dare_linear
dare_linear,pair,nbninh_a1f78795_1b61_4923_9235+nhung03_7b6cdc3c_7130_4c2c_a2c,74.93721432685854,46.32499523162839,0,"[0.8, 0.19999999999999996]","[0.6, 0.4]",30.833327770233147,"{""nbninh_a1f78795_1b61_4923_9235"": -30.69998331069943, ""nhung03_7b6cdc3c_7130_4c2c_a2c"": -46.324995231628385}",nhung03_7b6cdc3c_7130_4c2c_a2c,continuous_primal_dual_psd,4,74.93721432685854,74.93721432685854,0.0,"[1.0, 0.0]",primal=Optimization terminated successfully; dual=outer=Optimization terminated successfully; inner=Optimization terminated successfully,0,94.81519460678112,0.0,,qwen25_real_m50_balanced_random_seed20260505_dare_linear_e8_dare_linear
dare_linear,pair,taronklm_trained_model+mrhunghddddd_d692685b_fdb4_477,-6.145462747479115,-0.9640339182704064,1,"[0.5469410774928117, 0.45305892250718827]","[0.6, 0.4]",0.0,"{""mrhunghddddd_d692685b_fdb4_477"": 38.674983310699496, ""taronklm_trained_model"": 0.9640339182704063}",taronklm_trained_model,continuous_primal_dual_psd,4,-6.145462747479115,-6.145462747479115,0.0,"[1.0, 0.0]",primal=Optimization terminated successfully; dual=outer=Optimization terminated successfully; inner=Optimization terminated successfully,0,385.50302386283886,0.0,,qwen25_real_m50_balanced_random_seed20260505_dare_linear_e8_dare_linear
dare_linear,pair,datlaaaaaaa_cc1f8701_0976_4f48+nhoxinh_9214fc0d_4490_4bdd_9ff,108.40107388496573,78.3041746139526,0,"[0.20000000000001206, 0.7999999999999879]","[0.2, 0.8]",0.0,"{""datlaaaaaaa_cc1f8701_0976_4f48"": -74.13751192092892, ""nhoxinh_9214fc0d_4490_4bdd_9ff"": -78.3041746139526}",nhoxinh_9214fc0d_4490_4bdd_9ff,continuous_primal_dual_psd,4,108.40107388496573,108.40107388496573,0.0,"[1.0, 0.0]",primal=Optimization terminated successfully; dual=outer=Optimization terminated successfully; inner=Optimization terminated successfully,1,-760.1612806320188,760.1612806320188,,qwen25_real_m50_balanced_random_seed20260505_dare_linear_e8_dare_linear
dare_linear,pair,chauhoang_2aa4f343_5524_f86e_b+versil91_121ef6e9_0ded_4fc3_8c,1.9873892159442563,-1.982537358547605,1,"[0.29720301061248283, 0.7027969893875172]","[0.6, 0.4]",2.085707403699016,"{""chauhoang_2aa4f343_5524_f86e_b"": 3.0499904632568686, ""versil91_121ef6e9_0ded_4fc3_8c"": 1.982537358547605}",versil91_121ef6e9_0ded_4fc3_8c,continuous_primal_dual_psd,4,1.9873892159442563,1.9873892159442563,0.0,"[1.0, 0.0]",primal=Optimization terminated successfully; dual=outer=Optimization terminated successfully; inner=Optimization terminated successfully,0,218.7500894069672,0.0,,qwen25_real_m50_balanced_random_seed20260505_dare_linear_e8_dare_linear
dare_linear,pair,versil91_e9f26c47_9b78_4e3f_81+nhoxinh_0c66c9c5_5cc2_46a8_9db,14.644226507288224,2.6507527351379068,0,"[0.7204005879680067, 0.27959941203199334]","[0.8, 0.2]",0.0,"{""nhoxinh_0c66c9c5_5cc2_46a8_9db"": -2.6507527351379068, ""versil91_e9f26c47_9b78_4e3f_81"": -1.6388729202945733}",nhoxinh_0c66c9c5_5cc2_46a8_9db,continuous_primal_dual_psd,4,14.644226507288224,14.644226507288217,8.881784197001252e-15,"[0.987935458275284, 0.012064541724716098]",primal=Optimization terminated successfully; dual=outer=Optimization terminated successfully; inner=Optimization terminated successfully,1,-46.3264810570826,46.3264810570826,,qwen25_real_m50_balanced_random_seed20260505_dare_linear_e8_dare_linear
dare_linear,pair,duyphu_4909ad74_a335_4972_9ed8+nbninh_c4ae10ba_efe4_401e_8dd7,5.8030692951834695,2.717045021057096,0,"[0.4655400721020933, 0.5344599278979068]","[0.6, 0.4]",19.460225105285645,"{""duyphu_4909ad74_a335_4972_9ed8"": -2.717045021057096, ""nbninh_c4ae10ba_efe4_401e_8dd7"": 7.046231555938753}",duyphu_4909ad74_a335_4972_9ed8,continuous_primal_dual_psd,4,5.8030692951834695,5.803069295153037,3.043254537260509e-11,"[1.0, 0.0]",primal=Optimization terminated successfully; dual=outer=Optimization terminated successfully; inner=Optimization terminated successfully,0,23.28125916420976,0.0,,qwen25_real_m50_balanced_random_seed20260505_dare_linear_e8_dare_linear
dare_linear,pair,nbninh_0d8b128b_8753_46c3_b80f+mrhungddddh_9b1deaac_4565_48f2,7.544412371235438,27.773860168457,0,"[0.5722823653795127, 0.4277176346204873]","[0.4, 0.6]",0.0284075736999511,"{""mrhungddddh_9b1deaac_4565_48f2"": -27.773860168457, ""nbninh_0d8b128b_8753_46c3_b80f"": -4.450014305114713}",mrhungddddh_9b1deaac_4565_48f2,continuous_primal_dual_psd,4,7.544412371235438,7.544412371235438,0.0,"[1.0, 0.0]",primal=Optimization terminated successfully; dual=outer=Optimization terminated successfully; inner=Optimization terminated successfully,0,329.4271230697632,0.0,,qwen25_real_m50_balanced_random_seed20260505_dare_linear_e8_dare_linear
dare_linear,pair,lhong4759_f68c5c87_934d_4399_b+adammandic87_3d7a58a6_4380_4e3,4.548361141850542,1.205501143573839,0,"[0.3165493508410398, 0.6834506491589603]","[0.2, 0.8]",1.8205142393389404,"{""adammandic87_3d7a58a6_4380_4e3"": -1.205501143573839, ""lhong4759_f68c5c87_934d_4399_b"": 12.889739799499544}",adammandic87_3d7a58a6_4380_4e3,continuous_primal_dual_psd,4,4.548361141850542,4.548361141850542,0.0,"[1.0, 0.0]",primal=Optimization terminated successfully; dual=outer=Optimization terminated successfully; inner=Optimization terminated successfully,0,31.79865713878235,0.0,,qwen25_real_m50_balanced_random_seed20260505_dare_linear_e8_dare_linear
dare_linear,pair,laquythang_8444c3be_8779_4769+versil91_474890ea_012d_4a25_96,-0.8747177600861151,2.8875023841857583,0,"[0.2, 0.8]","[0.2, 0.8]",0.0,"{""laquythang_8444c3be_8779_4769"": -0.17917461395260403, ""versil91_474890ea_012d_4a25_96"": -2.8875023841857583}",versil91_474890ea_012d_4a25_96,continuous_primal_dual_psd,4,-0.8747177600861151,-0.8747177600861151,0.0,"[1.0, 0.0]",primal=Optimization terminated successfully; dual=outer=Optimization terminated successfully; inner=Optimization terminated successfully,0,17.592012882232588,0.0,,qwen25_real_m50_balanced_random_seed20260505_dare_linear_e8_dare_linear
dare_linear,pair,denbeo_d9ae91c0_fed9_4fb4_8ddd+nblinh63_0eb73af3_0631_437a_ad,39.56365300610135,41.35412282943722,0,"[0.524927422695952, 0.47507257730404795]","[0.4, 0.6]",18.549692630767822,"{""denbeo_d9ae91c0_fed9_4fb4_8ddd"": -32.26250715255734, ""nblinh63_0eb73af3_0631_437a_ad"": -41.35412282943722}",nblinh63_0eb73af3_0631_437a_ad,continuous_primal_dual_psd,4,39.56365300610135,39.56365300610135,0.0,"[0.9999999999999993, 7.216449660063518e-16]",primal=Optimization terminated successfully; dual=outer=Optimization terminated successfully; inner=Optimization terminated successfully,0,376.2383759021758,0.0,,qwen25_real_m50_balanced_random_seed20260505_dare_linear_e8_dare_linear
dare_linear,pair,tuanna08go_7647f014_8af3_4266+nhoxinh_2f944a50_cbd3_4334_af8,-0.118949371803156,-0.1917834137809246,1,"[0.6679816531096083, 0.33201834689039167]","[0.8, 0.2]",3.576078591240609,"{""nhoxinh_2f944a50_cbd3_4334_af8"": 8.9554517745972, ""tuanna08go_7647f014_8af3_4266"": 0.19178341378092467}",tuanna08go_7647f014_8af3_4266,continuous_primal_dual_psd,4,-0.118949371803156,-0.118949371803156,0.0,"[1.0, 0.0]",primal=Optimization terminated successfully; dual=outer=Optimization terminated successfully; inner=Optimization terminated successfully,0,38.63137732202638,0.0,,qwen25_real_m50_balanced_random_seed20260505_dare_linear_e8_dare_linear
dare_linear,pair,hongngo_687b8c72_c89b_4cb7_b7c+nhung02_db2c9545_4607_487b_9cc,136.4327800989153,84.73408527374264,0,"[0.8, 0.19999999999999996]","[0.8, 0.2]",0.0,"{""hongngo_687b8c72_c89b_4cb7_b7c"": -64.75301094055172, ""nhung02_db2c9545_4607_487b_9cc"": -84.73408527374264}",nhung02_db2c9545_4607_487b_9cc,continuous_primal_dual_psd,4,136.4327800989153,136.4327800989153,0.0,"[1.0, 0.0]",primal=Optimization terminated successfully; dual=outer=Optimization terminated successfully; inner=Optimization terminated successfully,1,-32.15149044990572,32.15149044990572,,qwen25_real_m50_balanced_random_seed20260505_dare_linear_e8_dare_linear
dare_linear,pair,hongngo_7e251dfc_e0f7_4f73_aae+thaffggg_8c87f3d3_d4bb_475a_a8,99.67874593734746,57.98217363357541,0,"[0.20000000000000007, 0.7999999999999999]","[0.8, 0.2]",24.00568723678588,"{""hongngo_7e251dfc_e0f7_4f73_aae"": -44.76248331069943, ""thaffggg_8c87f3d3_d4bb_475a_a8"": -57.98217363357541}",thaffggg_8c87f3d3_d4bb_475a_a8,continuous_primal_dual_psd,4,99.67874593734746,99.67874593734746,0.0,"[1.0, 0.0]",primal=Optimization terminated successfully; dual=outer=Optimization terminated successfully; inner=Optimization terminated successfully,1,-161.8044078350065,161.8044078350065,,qwen25_real_m50_balanced_random_seed20260505_dare_linear_e8_dare_linear
dare_linear,pair,versil91_01a5620a_fb5f_4bab_94+chauhoang_4909ad74_a335_4972_9,7.80669508171178,5.075004768371549,0,"[0.7651961612507355, 0.23480383874926447]","[0.8, 0.2]",0.0,"{""chauhoang_4909ad74_a335_4972_9"": -5.075004768371549, ""versil91_01a5620a_fb5f_4bab_94"": -1.1457826507791664}",chauhoang_4909ad74_a335_4972_9,continuous_primal_dual_psd,4,7.80669508171178,7.80669508171178,0.0,"[0.0, 1.0]",primal=Optimization terminated successfully; dual=outer=Optimization terminated successfully; inner=Optimization terminated successfully,0,37.30745167925829,0.0,,qwen25_real_m50_balanced_random_seed20260505_dare_linear_e8_dare_linear
dare_linear,pair,mrhungddddh_fe499423_02f3_4cfd+datlaaaaaaa_e8cccbe1_c136_409a,55.82549996379731,30.147114467620817,0,"[0.20000000000007423, 0.7999999999999258]","[0.2, 0.8]",0.0,"{""datlaaaaaaa_e8cccbe1_c136_409a"": -20.28332061767575, ""mrhungddddh_fe499423_02f3_4cfd"": -30.147114467620817}",mrhungddddh_fe499423_02f3_4cfd,continuous_primal_dual_psd,4,55.82549996379731,55.82549996379731,0.0,"[0.0, 1.0]",primal=Optimization terminated successfully; dual=outer=Optimization terminated successfully; inner=Optimization terminated successfully,1,-1012.7840936183932,1012.7840936183932,,qwen25_real_m50_balanced_random_seed20260505_dare_linear_e8_dare_linear
dare_linear,pair,tuanna08go_c1cf0152_7ae6_43b6+cunghoctienganh_c1cf0152_7ae6,3.7922293663024575,1.741662693023649,0,"[0.2, 0.8]","[0.2, 0.8]",0.0,"{""cunghoctienganh_c1cf0152_7ae6"": 0.300000000000018, ""tuanna08go_c1cf0152_7ae6_43b6"": -1.741662693023649}",tuanna08go_c1cf0152_7ae6_43b6,continuous_primal_dual_psd,4,3.7922293663024575,3.7922293663024575,0.0,"[0.0, 1.0]",primal=Optimization terminated successfully; dual=outer=Optimization terminated successfully; inner=Optimization terminated successfully,1,-1.9181492686669576e-14,1.9181492686669576e-14,,qwen25_real_m50_balanced_random_seed20260505_dare_linear_e8_dare_linear
dare_linear,pair,laquythang_efe15045_778f_4dfa+nhung02_08157847_d833_4d45_90f,68.12468357086183,44.03333969116208,0,"[0.2, 0.8]","[0.6, 0.4]",18.64582300186157,"{""laquythang_efe15045_778f_4dfa"": -44.03333969116208, ""nhung02_08157847_d833_4d45_90f"": -13.294711780548063}",laquythang_efe15045_778f_4dfa,continuous_primal_dual_psd,4,68.12468357086183,68.12468357086183,0.0,"[0.0, 1.0]",primal=Optimization terminated successfully; dual=outer=Optimization terminated successfully; inner=Optimization terminated successfully,1,-233.17307233810408,233.17307233810408,,qwen25_real_m50_balanced_random_seed20260505_dare_linear_e8_dare_linear
dare_linear,pair,phungkhaccuong_731c6dec_a942_4+adammandic87_f28f18cf_4abb_4db,0.993977696662543,-0.0102131843567221,1,"[0.2, 0.8]","[0.6, 0.4]",9.895825386047363,"{""adammandic87_f28f18cf_4abb_4db"": 0.010213184356722138, ""phungkhaccuong_731c6dec_a942_4"": 3.4666746139526694}",adammandic87_f28f18cf_4abb_4db,continuous_primal_dual_psd,4,0.993977696662543,0.993977696662543,0.0,"[1.0, 0.0]",primal=Optimization terminated successfully; dual=outer=Optimization terminated successfully; inner=Optimization terminated successfully,1,-9.05068666087098,9.05068666087098,,qwen25_real_m50_balanced_random_seed20260505_dare_linear_e8_dare_linear
dare_linear,pair,thaffggg_8a78a9b2_d3fa_4615_b8+datlaaaaaaa_0dbe42c8_b07b_4785,92.7537872255981,91.1545426368713,0,"[0.35814699111150194, 0.6418530088884981]","[0.4, 0.6]",0.0,"{""datlaaaaaaa_0dbe42c8_b07b_4785"": -60.48363752365109, ""thaffggg_8a78a9b2_d3fa_4615_b8"": -91.1545426368713}",thaffggg_8a78a9b2_d3fa_4615_b8,continuous_primal_dual_psd,4,92.7537872255981,92.7537872255981,0.0,"[0.0, 1.0]",primal=Optimization terminated successfully; dual=outer=Optimization terminated successfully; inner=Optimization terminated successfully,0,444.6025192737575,0.0,,qwen25_real_m50_balanced_random_seed20260505_dare_linear_e8_dare_linear
dare_linear,pair,duyphu_7aba420b_74ac_4209_b514+phungkhaccuong_a992b7f5_9d18_c,23.200003576278643,22.9872972488403,0,"[0.2, 0.8]","[0.6, 0.4]",7.111024856567383,"{""duyphu_7aba420b_74ac_4209_b514"": -22.9872972488403, ""phungkhaccuong_a992b7f5_9d18_c"": -21.637490463256803}",duyphu_7aba420b_74ac_4209_b514,continuous_primal_dual_psd,4,23.200003576278643,23.20000357627864,3.552713678800501e-15,"[0.9999999999999996, 3.608224830031758e-16]",primal=Optimization terminated successfully; dual=outer=Optimization terminated successfully; inner=Optimization terminated successfully,1,-213.54168653488145,213.54168653488145,,qwen25_real_m50_balanced_random_seed20260505_dare_linear_e8_dare_linear
dare_linear,pair,cunghoctienganh_4909ad74_a335+hongngo_9d92894f_7b7b_49e0_8f3,20.06928320640585,11.88878126144406,0,"[0.6543055518937047, 0.34569444810629535]","[0.6, 0.4]",0.0,"{""cunghoctienganh_4909ad74_a335"": -11.88878126144406, ""hongngo_9d92894f_7b7b_49e0_8f3"": -3.5882503509521158}",cunghoctienganh_4909ad74_a335,continuous_primal_dual_psd,4,20.06928320640585,20.06928320640585,0.0,"[0.0, 1.0]",primal=Optimization terminated successfully; dual=outer=Optimization terminated successfully; inner=Optimization terminated successfully,0,170.97368836402896,0.0,,qwen25_real_m50_balanced_random_seed20260505_dare_linear_e8_dare_linear
dare_linear,pair,duyphu_0112d9da_9934_4614_b233+phungkhaccuong_2b1522e6_bef2_7,36.0358994971414,12.911549282073942,0,"[0.38275396453234833, 0.6172460354676517]","[0.6, 0.4]",30.192291736602783,"{""duyphu_0112d9da_9934_4614_b233"": -8.849039745330778, ""phungkhaccuong_2b1522e6_bef2_7"": -12.911549282073942}",phungkhaccuong_2b1522e6_bef2_7,continuous_primal_dual_psd,4,36.0358994971414,36.03589949714129,1.1368683772161605e-13,"[0.6215505148589056, 0.37844948514109444]",primal=Optimization terminated successfully; dual=outer=Optimization terminated successfully; inner=Optimization terminated successfully,1,-91.97413921356204,91.97413921356204,,qwen25_real_m50_balanced_random_seed20260505_dare_linear_e8_dare_linear
dare_linear,pair,tuanna08go_6af2bb68_a65f_4331+nbninh_0d8b128b_8753_46c3_b80f,13.465526771562931,26.01250715255734,0,"[0.7999999999997752, 0.20000000000022478]","[0.6, 0.4]",12.7083420753479,"{""nbninh_0d8b128b_8753_46c3_b80f"": -26.01250715255734, ""tuanna08go_6af2bb68_a65f_4331"": -22.934833240509}",nbninh_0d8b128b_8753_46c3_b80f,continuous_primal_dual_psd,4,13.465526771562931,13.465526771562931,0.0,"[0.0, 1.0]",primal=Optimization terminated successfully; dual=outer=Optimization terminated successfully; inner=Optimization terminated successfully,1,-0.4382368281617456,0.4382368281617456,,qwen25_real_m50_balanced_random_seed20260505_dare_linear_e8_dare_linear
dare_linear,pair,mrhunghddddd_d692685b_fdb4_477+datlaaaaaaa_e8cccbe1_c136_409a,64.34328048734776,42.88752384185788,0,"[0.2564809065966461, 0.743519093403354]","[0.4, 0.6]",26.666641235351555,"{""datlaaaaaaa_e8cccbe1_c136_409a"": -40.699997615814176, ""mrhunghddddd_d692685b_fdb4_477"": -42.88752384185788}",mrhunghddddd_d692685b_fdb4_477,continuous_primal_dual_psd,4,64.34328048734776,64.34328048734301,4.746425474877469e-12,"[0.811837265437287, 0.18816273456271307]",primal=Optimization terminated successfully; dual=outer=Optimization terminated successfully; inner=Optimization terminated successfully,1,-126.47494673728964,126.47494673728964,,qwen25_real_m50_balanced_random_seed20260505_dare_linear_e8_dare_linear
dare_linear,pair,versil91_8444c3be_8779_4769_a0+mrhungddddh_9b1deaac_4565_48f2,-1.9368279380210216,10.491660308837858,0,"[0.7385164756548018, 0.26148352434519817]","[0.8, 0.2]",0.0,"{""mrhungddddh_9b1deaac_4565_48f2"": -10.491660308837858, ""versil91_8444c3be_8779_4769_a0"": -9.146991443634}",mrhungddddh_9b1deaac_4565_48f2,continuous_primal_dual_psd,4,-1.9368279380210216,-1.9368279380210216,0.0,"[1.0, 0.0]",primal=Optimization terminated successfully; dual=outer=Optimization terminated successfully; inner=Optimization terminated successfully,0,103.6283410000342,0.0,,qwen25_real_m50_balanced_random_seed20260505_dare_linear_e8_dare_linear
dare_linear,pair,tuanna08go_c1cf0152_7ae6_43b6+mrhunghd_9e58333c_df22_4a00_9c,22.6250207212378,17.47085161209103,0,"[0.3277898380003197, 0.6722101619996803]","[0.8, 0.2]",3.2291531562805176,"{""mrhunghd_9e58333c_df22_4a00_9c"": -10.804167461395231, ""tuanna08go_c1cf0152_7ae6_43b6"": -17.47085161209103}",tuanna08go_c1cf0152_7ae6_43b6,continuous_primal_dual_psd,4,22.6250207212378,22.62502072123778,1.7763568394002505e-14,"[0.03434290590770134, 0.9656570940922987]",primal=Optimization terminated successfully; dual=outer=Optimization terminated successfully; inner=Optimization terminated successfully,1,-184.83794911542404,184.83794911542404,,qwen25_real_m50_balanced_random_seed20260505_dare_linear_e8_dare_linear
dare_linear,pair,laquythang_8444c3be_8779_4769+nbninh_c4ae10ba_efe4_401e_8dd7,1.0026927935157823,20.804169845581026,0,"[0.2, 0.8]","[0.4, 0.6]",4.791665077209473,"{""laquythang_8444c3be_8779_4769"": -20.804169845581022, ""nbninh_c4ae10ba_efe4_401e_8dd7"": -16.49545736312863}",laquythang_8444c3be_8779_4769,continuous_primal_dual_psd,4,1.0026927935157823,1.0026927935157823,0.0,"[0.0, 1.0]",primal=Optimization terminated successfully; dual=outer=Optimization terminated successfully; inner=Optimization terminated successfully,1,-5.673101819466698,5.673101819466698,,qwen25_real_m50_balanced_random_seed20260505_dare_linear_e8_dare_linear
dare_linear,pair,hongngo_7e251dfc_e0f7_4f73_aae+nhung03_7b6cdc3c_7130_4c2c_a2c,82.2275394916534,92.47083969116208,0,"[0.2, 0.8]","[0.2, 0.8]",0.0,"{""hongngo_7e251dfc_e0f7_4f73_aae"": -87.88748092651363, ""nhung03_7b6cdc3c_7130_4c2c_a2c"": -92.47083969116207}",nhung03_7b6cdc3c_7130_4c2c_a2c,continuous_primal_dual_psd,4,82.2275394916534,82.2275394916534,0.0,"[1.0, 0.0]",primal=Optimization terminated successfully; dual=outer=Optimization terminated successfully; inner=Optimization terminated successfully,1,-306.8546950817112,306.8546950817112,,qwen25_real_m50_balanced_random_seed20260505_dare_linear_e8_dare_linear
dare_linear,pair,versil91_e9f26c47_9b78_4e3f_81+cunghoctienganh_4909ad74_a335,7.103046193867797,9.492233467102018,0,"[0.6793547090177581, 0.3206452909822419]","[0.8, 0.2]",13.304924964904783,"{""cunghoctienganh_4909ad74_a335"": -9.492233467102018, ""versil91_e9f26c47_9b78_4e3f_81"": -3.9832945191588216}",cunghoctienganh_4909ad74_a335,continuous_primal_dual_psd,4,7.103046193867797,7.103046193867797,0.0,"[0.0, 1.0]",primal=Optimization terminated successfully; dual=outer=Optimization terminated successfully; inner=Optimization terminated successfully,0,61.11944557744274,0.0,,qwen25_real_m50_balanced_random_seed20260505_dare_linear_e8_dare_linear
dare_linear,pair,datlaaaaaaa_cc1f8701_0976_4f48+nblinh63_0eb73af3_0631_437a_ad,112.57115886595068,97.23263092041012,0,"[0.20452243543245194, 0.795477564567548]","[0.6, 0.4]",33.35154056549072,"{""datlaaaaaaa_cc1f8701_0976_4f48"": -72.9916722297668, ""nblinh63_0eb73af3_0631_437a_ad"": -97.23263092041012}",nblinh63_0eb73af3_0631_437a_ad,continuous_primal_dual_psd,4,112.57115886595068,112.5711588659325,1.8175683180743363e-11,"[0.9654414773966152, 0.0345585226033848]",primal=Optimization terminated successfully; dual=outer=Optimization terminated successfully; inner=Optimization terminated successfully,1,-90.9091532230376,90.9091532230376,,qwen25_real_m50_balanced_random_seed20260505_dare_linear_e8_dare_linear
dare_linear,pair,phungkhaccuong_731c6dec_a942_4+nhoxinh_9214fc0d_4490_4bdd_9ff,29.647537541389426,34.762492847442594,0,"[0.7999999999999992, 0.20000000000000084]","[0.8, 0.2]",0.0,"{""nhoxinh_9214fc0d_4490_4bdd_9ff"": -19.76250715255734, ""phungkhaccuong_731c6dec_a942_4"": -34.762492847442594}",phungkhaccuong_731c6dec_a942_4,continuous_primal_dual_psd,4,29.647537541389426,29.647537541389426,0.0,"[0.0, 1.0]",primal=Optimization terminated successfully; dual=outer=Optimization terminated successfully; inner=Optimization terminated successfully,0,28.2566227602277,0.0,,qwen25_real_m50_balanced_random_seed20260505_dare_linear_e8_dare_linear
dare_linear,pair,duyphu_0112d9da_9934_4614_b233+versil91_474890ea_012d_4a25_96,2.4727351188659337,-0.1092999458313315,1,"[0.2, 0.8]","[0.4, 0.6]",7.68430233001709,"{""duyphu_0112d9da_9934_4614_b233"": 0.10929994583133151, ""versil91_474890ea_012d_4a25_96"": 1.775953102111849}",duyphu_0112d9da_9934_4614_b233,continuous_primal_dual_psd,4,2.4727351188659337,2.4727351188659337,0.0,"[5.551115123125783e-17, 1.0]",primal=Optimization terminated successfully; dual=outer=Optimization terminated successfully; inner=Optimization terminated successfully,0,35.03799438476558,0.0,,qwen25_real_m50_balanced_random_seed20260505_dare_linear_e8_dare_linear
dare_linear,pair,duyphu_7aba420b_74ac_4209_b514+nbninh_a1f78795_1b61_4923_9235,50.023848485948506,50.61551637649533,0,"[0.2000000000000216, 0.7999999999999784]","[0.8, 0.2]",4.143357276916504,"{""duyphu_7aba420b_74ac_4209_b514"": -50.61551637649533, ""nbninh_a1f78795_1b61_4923_9235"": -49.16955537796017}",duyphu_7aba420b_74ac_4209_b514,continuous_primal_dual_psd,4,50.023848485948506,50.023848485948506,0.0,"[0.0, 1.0]",primal=Optimization terminated successfully; dual=outer=Optimization terminated successfully; inner=Optimization terminated successfully,1,-648.4375894069672,648.4375894069672,,qwen25_real_m50_balanced_random_seed20260505_dare_linear_e8_dare_linear
dare_linear,pair,adammandic87_3d7a58a6_4380_4e3+hongngo_9d92894f_7b7b_49e0_8f3,19.538937282562237,2.765944555112868,0,"[0.2, 0.8]","[0.8, 0.2]",23.49274170129579,"{""adammandic87_3d7a58a6_4380_4e3"": -2.765944555112868, ""hongngo_9d92894f_7b7b_49e0_8f3"": 1.7905681610107749}",adammandic87_3d7a58a6_4380_4e3,continuous_primal_dual_psd,4,19.538937282562237,19.538937282562237,0.0,"[0.0, 1.0]",primal=Optimization terminated successfully; dual=outer=Optimization terminated successfully; inner=Optimization terminated successfully,1,-150.44093132019043,150.44093132019043,,qwen25_real_m50_balanced_random_seed20260505_dare_linear_e8_dare_linear
dare_linear,pair,lhong4759_f68c5c87_934d_4399_b+adammandic87_f28f18cf_4abb_4db,13.518085040969654,14.146974754333463,0,"[0.2178317321027388, 0.7821682678972612]","[0.2, 0.8]",0.0,"{""adammandic87_f28f18cf_4abb_4db"": -14.146974754333463, ""lhong4759_f68c5c87_934d_4399_b"": 6.848081874847445}",adammandic87_f28f18cf_4abb_4db,continuous_primal_dual_psd,4,13.518085040969654,13.518085040969654,0.0,"[1.0, 0.0]",primal=Optimization terminated successfully; dual=outer=Optimization terminated successfully; inner=Optimization terminated successfully,0,41.82693339309682,0.0,,qwen25_real_m50_balanced_random_seed20260505_dare_linear_e8_dare_linear
dare_linear,pair,duyphu_4909ad74_a335_4972_9ed8+nhung02_08157847_d833_4d45_90f,55.20283705593668,19.13750476837155,0,"[0.299370008315582, 0.700629991684418]","[0.4, 0.6]",13.248109817504885,"{""duyphu_4909ad74_a335_4972_9ed8"": -9.260597896575895, ""nhung02_08157847_d833_4d45_90f"": -19.13750476837155}",nhung02_08157847_d833_4d45_90f,continuous_primal_dual_psd,4,55.20283705593668,55.20283705593579,8.952838470577262e-13,"[0.5719356530280326, 0.4280643469719674]",primal=Optimization terminated successfully; dual=outer=Optimization terminated successfully; inner=Optimization terminated successfully,1,-100.76150298118604,100.76150298118604,,qwen25_real_m50_balanced_random_seed20260505_dare_linear_e8_dare_linear
dare_linear,pair,tuanna08go_7647f014_8af3_4266+denbeo_d9ae91c0_fed9_4fb4_8ddd,15.825204602116711,1.3250023841857583,0,"[0.6659764733900936, 0.3340235266099064]","[0.8, 0.2]",2.187490463256836,"{""denbeo_d9ae91c0_fed9_4fb4_8ddd"": -1.3250023841857583, ""tuanna08go_7647f014_8af3_4266"": -0.5286575623538909}",denbeo_d9ae91c0_fed9_4fb4_8ddd,continuous_primal_dual_psd,4,15.825204602116711,15.825204602116711,0.0,"[0.0, 1.0]",primal=Optimization terminated successfully; dual=outer=Optimization terminated successfully; inner=Optimization terminated successfully,0,41.5594869100548,0.0,,qwen25_real_m50_balanced_random_seed20260505_dare_linear_e8_dare_linear
dare_linear,pair,hongngo_687b8c72_c89b_4cb7_b7c+mrhungddddh_fe499423_02f3_4cfd,90.87031867831772,53.72885770797726,0,"[0.48356952127565167, 0.5164304787243483]","[0.6, 0.4]",12.812483310699456,"{""hongngo_687b8c72_c89b_4cb7_b7c"": -51.36285133361813, ""mrhungddddh_fe499423_02f3_4cfd"": -53.72885770797726}",mrhungddddh_fe499423_02f3_4cfd,continuous_primal_dual_psd,4,90.87031867831772,90.87031867831772,0.0,"[1.0, 0.0]",primal=Optimization terminated successfully; dual=outer=Optimization terminated successfully; inner=Optimization terminated successfully,0,738.2813096046445,0.0,,qwen25_real_m50_balanced_random_seed20260505_dare_linear_e8_dare_linear
dare_linear,pair,taronklm_trained_model+cunghoctienganh_c1cf0152_7ae6,-31.093702116394248,-1.4086456293442369,1,"[0.43533263613465345, 0.5646673638653465]","[0.4, 0.6]",0.0,"{""cunghoctienganh_c1cf0152_7ae6"": 31.984310702067187, ""taronklm_trained_model"": 1.4086456293442369}",taronklm_trained_model,continuous_primal_dual_psd,4,-31.093702116394248,-31.093702116394248,0.0,"[1.0, 0.0]",primal=Optimization terminated successfully; dual=outer=Optimization terminated successfully; inner=Optimization terminated successfully,0,185.20534038543715,0.0,,qwen25_real_m50_balanced_random_seed20260505_dare_linear_e8_dare_linear
dare_linear,pair,thaffggg_8a78a9b2_d3fa_4615_b8+laquythang_efe15045_778f_4dfa,45.58723635674365,35.65264053344723,0,"[0.20000000000001855, 0.7999999999999814]","[0.2, 0.8]",0.0,"{""laquythang_efe15045_778f_4dfa"": -31.53332777023312, ""thaffggg_8a78a9b2_d3fa_4615_b8"": -35.65264053344723}",thaffggg_8a78a9b2_d3fa_4615_b8,continuous_primal_dual_psd,4,45.58723635674365,45.58723635674365,0.0,"[0.0, 1.0]",primal=Optimization terminated successfully; dual=outer=Optimization terminated successfully; inner=Optimization terminated successfully,1,-830.7474851608276,830.7474851608276,,qwen25_real_m50_balanced_random_seed20260505_dare_linear_e8_dare_linear
dare_linear,pair,nhoxinh_0c66c9c5_5cc2_46a8_9db+nhung02_db2c9545_4607_487b_9cc,88.51408965587616,72.97272987365719,0,"[0.8, 0.19999999999999996]","[0.8, 0.2]",0.0,"{""nhoxinh_0c66c9c5_5cc2_46a8_9db"": -72.97272987365719, ""nhung02_db2c9545_4607_487b_9cc"": -67.48978204727169}",nhoxinh_0c66c9c5_5cc2_46a8_9db,continuous_primal_dual_psd,4,88.51408965587616,88.51408965587616,0.0,"[0.0, 1.0]",primal=Optimization terminated successfully; dual=outer=Optimization terminated successfully; inner=Optimization terminated successfully,1,-111.77882552146902,111.77882552146902,,qwen25_real_m50_balanced_random_seed20260505_dare_linear_e8_dare_linear
dare_linear,pair,phungkhaccuong_2b1522e6_bef2_7+thaffggg_8c87f3d3_d4bb_475a_a8,43.00303406715392,1.7321855545043618,0,"[0.2, 0.8]","[0.6, 0.4]",27.367424964904785,"{""phungkhaccuong_2b1522e6_bef2_7"": 7.793578433990511, ""thaffggg_8c87f3d3_d4bb_475a_a8"": -1.7321855545043618}",thaffggg_8c87f3d3_d4bb_475a_a8,continuous_primal_dual_psd,4,43.00303406715392,43.00303406715392,0.0,"[1.0, 0.0]",primal=Optimization terminated successfully; dual=outer=Optimization terminated successfully; inner=Optimization terminated successfully,1,-607.1262061595916,607.1262061595916,,qwen25_real_m50_balanced_random_seed20260505_dare_linear_e8_dare_linear
dare_linear,pair,mrhungddddh_911f6275_22fd_4f41+versil91_63cd5c4a_5a68_4c25_bd,-0.3681216202413773,2.739623260498014,0,"[0.35777809288021223, 0.6422219071197878]","[0.6, 0.4]",7.160544395446777,"{""mrhungddddh_911f6275_22fd_4f41"": 2.3026197433472007, ""versil91_63cd5c4a_5a68_4c25_bd"": -2.739623260498014}",versil91_63cd5c4a_5a68_4c25_bd,continuous_primal_dual_psd,4,-0.3681216202413773,-0.3681216202413773,0.0,"[0.0, 1.0]",primal=Optimization terminated successfully; dual=outer=Optimization terminated successfully; inner=Optimization terminated successfully,0,14.36175102022927,0.0,,qwen25_real_m50_balanced_random_seed20260505_dare_linear_e8_dare_linear
dare_linear,pair,cunghoctienganh_b7496e73_1762+versil91_121ef6e9_0ded_4fc3_8c,2.570317928209107,-2.693643851661541,1,"[0.387576997096294, 0.612423002903706]","[0.4, 0.6]",0.0,"{""cunghoctienganh_b7496e73_1762"": 6.591674613952669, ""versil91_121ef6e9_0ded_4fc3_8c"": 2.6936438516615415}",versil91_121ef6e9_0ded_4fc3_8c,continuous_primal_dual_psd,4,2.570317928209107,2.570317928209107,0.0,"[1.0, 0.0]",primal=Optimization terminated successfully; dual=outer=Optimization terminated successfully; inner=Optimization terminated successfully,0,242.70706984611957,0.0,,qwen25_real_m50_balanced_random_seed20260505_dare_linear_e8_dare_linear
dare_linear,pair,versil91_01a5620a_fb5f_4bab_94+phungkhaccuong_a992b7f5_9d18_c,-0.5617851808129526,2.8875023841857583,0,"[0.7063132562732979, 0.2936867437267021]","[0.4, 0.6]",0.312507152557373,"{""phungkhaccuong_a992b7f5_9d18_c"": -2.8875023841857583, ""versil91_01a5620a_fb5f_4bab_94"": -1.6879506277696776}",phungkhaccuong_a992b7f5_9d18_c,continuous_primal_dual_psd,4,-0.5617851808129526,-0.5617851808129526,0.0,"[1.0, 0.0]",primal=Optimization terminated successfully; dual=outer=Optimization terminated successfully; inner=Optimization terminated successfully,0,46.62882845307271,0.0,,qwen25_real_m50_balanced_random_seed20260505_dare_linear_e8_dare_linear
dare_linear,pair,chauhoang_4909ad74_a335_4972_9+chauhoang_2aa4f343_5524_f86e_b,60.735036802291866,37.67916269302365,0,"[0.2, 0.8]","[0.2, 0.8]",0.0,"{""chauhoang_2aa4f343_5524_f86e_b"": -37.67916269302365, ""chauhoang_4909ad74_a335_4972_9"": -22.12626047134396}",chauhoang_2aa4f343_5524_f86e_b,continuous_primal_dual_psd,4,60.735036802291866,60.735036802291866,0.0,"[1.0, 0.0]",primal=Optimization terminated successfully; dual=outer=Optimization terminated successfully; inner=Optimization terminated successfully,1,-326.58636569976784,326.58636569976784,,qwen25_real_m50_balanced_random_seed20260505_dare_linear_e8_dare_linear
dare_linear,pair,nhoxinh_2f944a50_cbd3_4334_af8+datlaaaaaaa_0dbe42c8_b07b_4785,34.18942228878787,11.116662693023647,0,"[0.6872940128685462, 0.3127059871314538]","[0.6, 0.4]",0.0,"{""datlaaaaaaa_0dbe42c8_b07b_4785"": 0.5500047683716147, ""nhoxinh_2f944a50_cbd3_4334_af8"": -11.116662693023649}",nhoxinh_2f944a50_cbd3_4334_af8,continuous_primal_dual_psd,4,34.18942228878787,34.18942228878787,0.0,"[1.0, 0.0]",primal=Optimization terminated successfully; dual=outer=Optimization terminated successfully; inner=Optimization terminated successfully,0,361.6236150264737,0.0,,qwen25_real_m50_balanced_random_seed20260505_dare_linear_e8_dare_linear
dare_linear,pair,duyphu_7aba420b_74ac_4209_b514+mrhunghd_9e58333c_df22_4a00_9c,68.58966878456303,84.03333730697628,0,"[0.7123818346581321, 0.2876181653418679]","[0.4, 0.6]",17.291653156280518,"{""duyphu_7aba420b_74ac_4209_b514"": -68.18398542404171, ""mrhunghd_9e58333c_df22_4a00_9c"": -84.03333730697628}",mrhunghd_9e58333c_df22_4a00_9c,continuous_primal_dual_psd,4,68.58966878456303,68.5896687845614,1.6342482922482304e-12,"[0.7194424144555861, 0.28055758554441396]",primal=Optimization terminated successfully; dual=outer=Optimization terminated successfully; inner=Optimization terminated successfully,0,96.35373950004602,0.0,,qwen25_real_m50_balanced_random_seed20260505_dare_linear_e8_dare_linear
dare_linear,pair,versil91_8444c3be_8779_4769_a0+hongngo_9d92894f_7b7b_49e0_8f3,4.5087800112863015,3.360965919494596,0,"[0.8, 0.19999999999999996]","[0.8, 0.2]",0.0,"{""hongngo_9d92894f_7b7b_49e0_8f3"": -3.360965919494596, ""versil91_8444c3be_8779_4769_a0"": 3.0500023841858237}",hongngo_9d92894f_7b7b_49e0_8f3,continuous_primal_dual_psd,4,4.5087800112863015,4.5087800112863015,0.0,"[1.0, 0.0]",primal=Optimization terminated successfully; dual=outer=Optimization terminated successfully; inner=Optimization terminated successfully,0,57.076432590033896,0.0,,qwen25_real_m50_balanced_random_seed20260505_dare_linear_e8_dare_linear
dare_linear,pair,nbninh_0d8b128b_8753_46c3_b80f+nhoxinh_9214fc0d_4490_4bdd_9ff,48.07522617617683,53.72084684371945,0,"[0.7560494900449584, 0.24395050995504164]","[0.8, 0.2]",0.0,"{""nbninh_0d8b128b_8753_46c3_b80f"": -41.32501192092892, ""nhoxinh_9214fc0d_4490_4bdd_9ff"": -53.72084684371945}",nhoxinh_9214fc0d_4490_4bdd_9ff,continuous_primal_dual_psd,4,48.07522617617683,48.07522617617683,0.0,"[1.0, 0.0]",primal=Optimization terminated successfully; dual=outer=Optimization terminated successfully; inner=Optimization terminated successfully,0,434.8050057888031,0.0,,qwen25_real_m50_balanced_random_seed20260505_dare_linear_e8_dare_linear
dare_linear,pair,laquythang_8444c3be_8779_4769+duyphu_4909ad74_a335_4972_9ed8,62.52534098625182,64.44999284744259,0,"[0.2, 0.8]","[0.2, 0.8]",0.0,"{""duyphu_4909ad74_a335_4972_9ed8"": -39.31742019653317, ""laquythang_8444c3be_8779_4769"": -64.44999284744259}",laquythang_8444c3be_8779_4769,continuous_primal_dual_psd,4,62.52534098625182,62.52534098625182,0.0,"[0.0, 1.0]",primal=Optimization terminated successfully; dual=outer=Optimization terminated successfully; inner=Optimization terminated successfully,1,-585.0085616111757,585.0085616111757,,qwen25_real_m50_balanced_random_seed20260505_dare_linear_e8_dare_linear
dare_linear,pair,versil91_01a5620a_fb5f_4bab_94+mrhungddddh_9b1deaac_4565_48f2,6.699703407287559,4.222729873657194,0,"[0.8, 0.19999999999999996]","[0.8, 0.2]",0.0,"{""mrhungddddh_9b1deaac_4565_48f2"": -4.222729873657194, ""versil91_01a5620a_fb5f_4bab_94"": -0.0012039720599104056}",mrhungddddh_9b1deaac_4565_48f2,continuous_primal_dual_psd,4,6.699703407287559,6.699703407287559,0.0,"[0.0, 1.0]",primal=Optimization terminated successfully; dual=outer=Optimization terminated successfully; inner=Optimization terminated successfully,1,-47.57642745971679,47.57642745971679,,qwen25_real_m50_balanced_random_seed20260505_dare_linear_e8_dare_linear
dare_linear,pair,mrhungddddh_911f6275_22fd_4f41+nhung03_7b6cdc3c_7130_4c2c_a2c,34.679179859161366,58.92916030883786,0,"[0.2, 0.8]","[0.8, 0.2]",18.984568119049065,"{""mrhungddddh_911f6275_22fd_4f41"": -49.369159412384, ""nhung03_7b6cdc3c_7130_4c2c_a2c"": -58.92916030883786}",nhung03_7b6cdc3c_7130_4c2c_a2c,continuous_primal_dual_psd,4,34.679179859161366,34.679179859161366,0.0,"[1.0, 5.551115123125783e-17]",primal=Optimization terminated successfully; dual=outer=Optimization terminated successfully; inner=Optimization terminated successfully,1,-75.52087306976321,75.52087306976321,,qwen25_real_m50_balanced_random_seed20260505_dare_linear_e8_dare_linear
dare_linear,pair,tuanna08go_6af2bb68_a65f_4331+cunghoctienganh_c1cf0152_7ae6,-0.2034129326184945,-11.080309677124056,1,"[0.6304417242698519, 0.3695582757301481]","[0.6, 0.4]",0.0,"{""cunghoctienganh_c1cf0152_7ae6"": 12.878994603189918, ""tuanna08go_6af2bb68_a65f_4331"": 11.080309677124056}",tuanna08go_6af2bb68_a65f_4331,continuous_primal_dual_psd,4,-0.2034129326184945,-0.2034129326184981,3.580469254416131e-15,"[0.9451876305976494, 0.05481236940235054]",primal=Optimization terminated successfully; dual=outer=Optimization terminated successfully; inner=Optimization terminated successfully,0,7.095189505580021,0.0,,qwen25_real_m50_balanced_random_seed20260505_dare_linear_e8_dare_linear
dare_linear,pair,versil91_e9f26c47_9b78_4e3f_81+versil91_474890ea_012d_4a25_96,-0.0377379297330278,0.0611047003615714,0,"[0.4971949862445194, 0.5028050137554806]","[0.8, 0.2]",0.1666736602116246,"{""versil91_474890ea_012d_4a25_96"": 2.1125047683716147, ""versil91_e9f26c47_9b78_4e3f_81"": -0.061104700361571486}",versil91_e9f26c47_9b78_4e3f_81,continuous_primal_dual_psd,4,-0.0377379297330278,-0.0377379297330278,0.0,"[1.0, 0.0]",primal=Optimization terminated successfully; dual=outer=Optimization terminated successfully; inner=Optimization terminated successfully,0,2.012401819229129,0.0,,qwen25_real_m50_balanced_random_seed20260505_dare_linear_e8_dare_linear
dare_linear,pair,adammandic87_3d7a58a6_4380_4e3+nhoxinh_0c66c9c5_5cc2_46a8_9db,6.268507313728279,19.336357784271208,0,"[0.8, 0.19999999999999996]","[0.8, 0.2]",0.0,"{""adammandic87_3d7a58a6_4380_4e3"": -7.806246311052075, ""nhoxinh_0c66c9c5_5cc2_46a8_9db"": -19.336357784271208}",nhoxinh_0c66c9c5_5cc2_46a8_9db,continuous_primal_dual_psd,4,6.268507313728279,6.268507313728279,0.0,"[0.0, 1.0]",primal=Optimization terminated successfully; dual=outer=Optimization terminated successfully; inner=Optimization terminated successfully,0,7.959079888607819,0.0,,qwen25_real_m50_balanced_random_seed20260505_dare_linear_e8_dare_linear
dare_linear,pair,tuanna08go_c1cf0152_7ae6_43b6+hongngo_687b8c72_c89b_4cb7_b7c,5.666341257095553,9.033361148834196,0,"[0.7999999999999968, 0.20000000000000318]","[0.8, 0.2]",0.0,"{""hongngo_687b8c72_c89b_4cb7_b7c"": -7.802262973785368, ""tuanna08go_c1cf0152_7ae6_43b6"": -9.033361148834196}",tuanna08go_c1cf0152_7ae6_43b6,continuous_primal_dual_psd,4,5.666341257095553,5.666341257095553,0.0,"[5.551115123125783e-17, 1.0]",primal=Optimization terminated successfully; dual=outer=Optimization terminated successfully; inner=Optimization terminated successfully,0,34.85590219497673,0.0,,qwen25_real_m50_balanced_random_seed20260505_dare_linear_e8_dare_linear
dare_linear,pair,nbninh_a1f78795_1b61_4923_9235+versil91_63cd5c4a_5a68_4c25_bd,0.067569407623341,2.4555356025695474,0,"[0.37340963272083755, 0.6265903672791624]","[0.8, 0.2]",12.088429927825928,"{""nbninh_a1f78795_1b61_4923_9235"": 0.6782024383545249, ""versil91_63cd5c4a_5a68_4c25_bd"": -2.4555356025695474}",versil91_63cd5c4a_5a68_4c25_bd,continuous_primal_dual_psd,4,0.067569407623341,0.0675694076229803,3.6069758291290565e-13,"[0.2555290020391533, 0.7444709979608467]",primal=Optimization terminated successfully; dual=outer=Optimization terminated successfully; inner=Optimization terminated successfully,1,-4.521332287943276,4.521332287943276,,qwen25_real_m50_balanced_random_seed20260505_dare_linear_e8_dare_linear
dare_linear,pair,thaffggg_8c87f3d3_d4bb_475a_a8+mrhunghddddd_d692685b_fdb4_477,84.91581506729128,73.83445806503292,0,"[0.2, 0.8]","[0.8, 0.2]",6.126904487609863,"{""mrhunghddddd_d692685b_fdb4_477"": -69.34584684371944, ""thaffggg_8c87f3d3_d4bb_475a_a8"": -73.83445806503292}",thaffggg_8c87f3d3_d4bb_475a_a8,continuous_primal_dual_psd,4,84.91581506729128,84.91581506729128,0.0,"[0.0, 1.0]",primal=Optimization terminated successfully; dual=outer=Optimization terminated successfully; inner=Optimization terminated successfully,1,-232.57151246070865,232.57151246070865,,qwen25_real_m50_balanced_random_seed20260505_dare_linear_e8_dare_linear
dare_linear,pair,chauhoang_4909ad74_a335_4972_9+duyphu_0112d9da_9934_4614_b233,65.77954001427514,24.682369899749723,0,"[0.2000000000000231, 0.799999999999977]","[0.2, 0.8]",0.0,"{""chauhoang_4909ad74_a335_4972_9"": -16.036537361144987, ""duyphu_0112d9da_9934_4614_b233"": -24.682369899749723}",duyphu_0112d9da_9934_4614_b233,continuous_primal_dual_psd,4,65.77954001427514,65.77954001427514,0.0,"[1.0, 0.0]",primal=Optimization terminated successfully; dual=outer=Optimization terminated successfully; inner=Optimization terminated successfully,1,-673.7689673900603,673.7689673900603,,qwen25_real_m50_balanced_random_seed20260505_dare_linear_e8_dare_linear
dare_linear,pair,datlaaaaaaa_cc1f8701_0976_4f48+mrhungddddh_fe499423_02f3_4cfd,113.82214791774751,92.26249761581415,0,"[0.2, 0.8]","[0.2, 0.8]",0.0,"{""datlaaaaaaa_cc1f8701_0976_4f48"": -92.26249761581417, ""mrhungddddh_fe499423_02f3_4cfd"": -65.31539268493648}",datlaaaaaaa_cc1f8701_0976_4f48,continuous_primal_dual_psd,4,113.82214791774751,113.82214791774751,0.0,"[0.0, 1.0]",primal=Optimization terminated successfully; dual=outer=Optimization terminated successfully; inner=Optimization terminated successfully,0,35.27477383613551,0.0,,qwen25_real_m50_balanced_random_seed20260505_dare_linear_e8_dare_linear
dare_linear,pair,tuanna08go_7647f014_8af3_4266+hongngo_7e251dfc_e0f7_4f73_aae,48.897484016418645,0.2971942851376579,0,"[0.20000000000000234, 0.7999999999999976]","[0.8, 0.2]",31.652793793933355,"{""hongngo_7e251dfc_e0f7_4f73_aae"": 23.050007152557406, ""tuanna08go_7647f014_8af3_4266"": -0.2971942851376579}",tuanna08go_7647f014_8af3_4266,continuous_primal_dual_psd,4,48.897484016418645,48.897484016418645,0.0,"[0.0, 1.0]",primal=Optimization terminated successfully; dual=outer=Optimization terminated successfully; inner=Optimization terminated successfully,1,-304.71503734588606,304.71503734588606,,qwen25_real_m50_balanced_random_seed20260505_dare_linear_e8_dare_linear
dare_linear,pair,lhong4759_f68c5c87_934d_4399_b+taronklm_trained_model,-11.59688048362738,-0.969984924740648,1,"[0.2, 0.8]","[0.2, 0.8]",0.0,"{""lhong4759_f68c5c87_934d_4399_b"": 19.119712638855013, ""taronklm_trained_model"": 0.9699849247406481}",taronklm_trained_model,continuous_primal_dual_psd,4,-11.59688048362738,-11.59688048362738,0.0,"[0.0, 1.0]",primal=Optimization terminated successfully; dual=outer=Optimization terminated successfully; inner=Optimization terminated successfully,1,-468.0401086807252,468.0401086807252,,qwen25_real_m50_balanced_random_seed20260505_dare_linear_e8_dare_linear
dare_linear,pair,phungkhaccuong_2b1522e6_bef2_7+phungkhaccuong_731c6dec_a942_4,-0.7698728333457701,-19.09165077209476,1,"[0.4305460611530392, 0.5694539388469608]","[0.6, 0.4]",17.395830154418945,"{""phungkhaccuong_2b1522e6_bef2_7"": 20.541998672485384, ""phungkhaccuong_731c6dec_a942_4"": 19.09165077209476}",phungkhaccuong_731c6dec_a942_4,continuous_primal_dual_psd,4,-0.7698728333457701,-0.7698728333457701,0.0,"[0.0, 1.0]",primal=Optimization terminated successfully; dual=outer=Optimization terminated successfully; inner=Optimization terminated successfully,0,34.77822129101201,0.0,,qwen25_real_m50_balanced_random_seed20260505_dare_linear_e8_dare_linear
dare_linear,pair,cunghoctienganh_b7496e73_1762+adammandic87_f28f18cf_4abb_4db,25.54790682792659,28.35152454376217,0,"[0.2, 0.8]","[0.2, 0.8]",0.0,"{""adammandic87_f28f18cf_4abb_4db"": -28.351524543762174, ""cunghoctienganh_b7496e73_1762"": 3.3624976158142417}",adammandic87_f28f18cf_4abb_4db,continuous_primal_dual_psd,4,25.54790682792659,25.54790682792659,0.0,"[1.0, 0.0]",primal=Optimization terminated successfully; dual=outer=Optimization terminated successfully; inner=Optimization terminated successfully,1,-745.6567883491516,745.6567883491516,,qwen25_real_m50_balanced_random_seed20260505_dare_linear_e8_dare_linear
dare_linear,pair,nhung02_08157847_d833_4d45_90f+datlaaaaaaa_e8cccbe1_c136_409a,36.50031704317301,33.82498331069943,0,"[0.32879593726580025, 0.6712040627341997]","[0.2, 0.8]",14.895844459533691,"{""datlaaaaaaa_e8cccbe1_c136_409a"": -33.82498331069943, ""nhung02_08157847_d833_4d45_90f"": -30.20758934020993}",datlaaaaaaa_e8cccbe1_c136_409a,continuous_primal_dual_psd,4,36.50031704317301,36.50031704317301,0.0,"[0.0, 1.0]",primal=Optimization terminated successfully; dual=outer=Optimization terminated successfully; inner=Optimization terminated successfully,0,125.7015764713285,0.0,,qwen25_real_m50_balanced_random_seed20260505_dare_linear_e8_dare_linear
dare_linear,pair,chauhoang_2aa4f343_5524_f86e_b+nbninh_c4ae10ba_efe4_401e_8dd7,7.194755744934042,34.57310504913327,0,"[0.2, 0.8]","[0.8, 0.2]",21.64771556854248,"{""chauhoang_2aa4f343_5524_f86e_b"": -7.26250715255734, ""nbninh_c4ae10ba_efe4_401e_8dd7"": -34.57310504913327}",nbninh_c4ae10ba_efe4_401e_8dd7,continuous_primal_dual_psd,4,7.194755744934042,7.194755744934042,0.0,"[1.0, 0.0]",primal=Optimization terminated successfully; dual=outer=Optimization terminated successfully; inner=Optimization terminated successfully,1,-77.7968764305115,77.7968764305115,,qwen25_real_m50_balanced_random_seed20260505_dare_linear_e8_dare_linear
dare_linear,pair,denbeo_d9ae91c0_fed9_4fb4_8ddd+nhung02_db2c9545_4607_487b_9cc,148.48591692447667,138.8818056106567,0,"[0.2, 0.8]","[0.6, 0.4]",12.840914726257324,"{""denbeo_d9ae91c0_fed9_4fb4_8ddd"": -115.70000953674312, ""nhung02_db2c9545_4607_487b_9cc"": -138.8818056106567}",nhung02_db2c9545_4607_487b_9cc,continuous_primal_dual_psd,4,148.48591692447667,148.48591692447667,0.0,"[1.0, 0.0]",primal=Optimization terminated successfully; dual=outer=Optimization terminated successfully; inner=Optimization terminated successfully,0,72.02431559562638,0.0,,qwen25_real_m50_balanced_random_seed20260505_dare_linear_e8_dare_linear
dare_linear,pair,laquythang_efe15045_778f_4dfa+versil91_121ef6e9_0ded_4fc3_8c,3.830851366848728,1.6375095367431314,0,"[0.20173905217525184, 0.7982609478247482]","[0.2, 0.8]",0.0,"{""laquythang_efe15045_778f_4dfa"": -1.6375095367431314, ""versil91_121ef6e9_0ded_4fc3_8c"": 3.9412634840269845}",laquythang_efe15045_778f_4dfa,continuous_primal_dual_psd,4,3.830851366848728,3.830851366848728,0.0,"[0.0, 1.0]",primal=Optimization terminated successfully; dual=outer=Optimization terminated successfully; inner=Optimization terminated successfully,0,116.6960597038268,0.0,,qwen25_real_m50_balanced_random_seed20260505_dare_linear_e8_dare_linear
dare_linear,pair,phungkhaccuong_a992b7f5_9d18_c+nblinh63_0eb73af3_0631_437a_ad,48.926856406440514,55.810001564025846,0,"[0.5811428555993002, 0.41885714440069977]","[0.4, 0.6]",7.000279426574707,"{""nblinh63_0eb73af3_0631_437a_ad"": -55.810001564025846, ""phungkhaccuong_a992b7f5_9d18_c"": -54.76250953674313}",nblinh63_0eb73af3_0631_437a_ad,continuous_primal_dual_psd,4,48.926856406440514,48.926856406440514,0.0,"[0.0, 1.0]",primal=Optimization terminated successfully; dual=outer=Optimization terminated successfully; inner=Optimization terminated successfully,0,364.5832836627961,0.0,,qwen25_real_m50_balanced_random_seed20260505_dare_linear_e8_dare_linear
dare_linear,pair,cunghoctienganh_4909ad74_a335+nhoxinh_2f944a50_cbd3_4334_af8,31.63186914920811,26.8691331863403,0,"[0.7999999999999992, 0.20000000000000084]","[0.8, 0.2]",0.0,"{""cunghoctienganh_4909ad74_a335"": -26.8691331863403, ""nhoxinh_2f944a50_cbd3_4334_af8"": -25.339415740966764}",cunghoctienganh_4909ad74_a335,continuous_primal_dual_psd,4,31.63186914920811,31.63186914920811,0.0,"[0.0, 1.0]",primal=Optimization terminated successfully; dual=outer=Optimization terminated successfully; inner=Optimization terminated successfully,1,-28.4092128276826,28.4092128276826,,qwen25_real_m50_balanced_random_seed20260505_dare_linear_e8_dare_linear
dare_linear,pair,datlaaaaaaa_0dbe42c8_b07b_4785+versil91_474890ea_012d_4a25_96,2.514397573471012,7.318583202362028,0,"[0.2, 0.8]","[0.4, 0.6]",0.5448698997497559,"{""datlaaaaaaa_0dbe42c8_b07b_4785"": -7.318583202362028, ""versil91_474890ea_012d_4a25_96"": 1.7999976158142417}",datlaaaaaaa_0dbe42c8_b07b_4785,continuous_primal_dual_psd,4,2.514397573471012,2.514397573471012,0.0,"[0.0, 1.0]",primal=Optimization terminated successfully; dual=outer=Optimization terminated successfully; inner=Optimization terminated successfully,0,61.43495440483084,0.0,,qwen25_real_m50_balanced_random_seed20260505_dare_linear_e8_dare_linear
dare_linear,pair,thaffggg_8a78a9b2_d3fa_4615_b8+mrhunghddddd_d692685b_fdb4_477,82.36778324808527,78.52194614410396,0,"[0.7419416438291189, 0.25805835617088113]","[0.4, 0.6]",52.992451190948486,"{""mrhunghddddd_d692685b_fdb4_477"": -65.3875143051147, ""thaffggg_8a78a9b2_d3fa_4615_b8"": -78.52194614410396}",thaffggg_8a78a9b2_d3fa_4615_b8,continuous_primal_dual_psd,4,82.36778324808527,82.36778324808527,0.0,"[0.0, 1.0]",primal=Optimization terminated successfully; dual=outer=Optimization terminated successfully; inner=Optimization terminated successfully,0,117.18749999999956,0.0,,qwen25_real_m50_balanced_random_seed20260505_dare_linear_e8_dare_linear
dare_linear,pair,versil91_01a5620a_fb5f_4bab_94+versil91_8444c3be_8779_4769_a0,0.0219707315200236,0.1457812719747002,0,"[0.34778122269436845, 0.6522187773056316]","[0.6, 0.4]",0.3494000821767462,"{""versil91_01a5620a_fb5f_4bab_94"": -0.14578127197470028, ""versil91_8444c3be_8779_4769_a0"": 3.5613506317139}",versil91_01a5620a_fb5f_4bab_94,continuous_primal_dual_psd,4,0.0219707315200236,0.0219707315200227,9.055256544598933e-16,"[0.9664732686421357, 0.03352673135786438]",primal=Optimization terminated successfully; dual=outer=Optimization terminated successfully; inner=Optimization terminated successfully,1,-19.504343513800062,19.504343513800062,,qwen25_real_m50_balanced_random_seed20260505_dare_linear_e8_dare_linear
dare_linear,pair,phungkhaccuong_a992b7f5_9d18_c+nbninh_0d8b128b_8753_46c3_b80f,35.85468883290406,34.76250476837155,0,"[0.7637997973573288, 0.23620020264267116]","[0.8, 0.2]",0.0,"{""nbninh_0d8b128b_8753_46c3_b80f"": -27.991679382324186, ""phungkhaccuong_a992b7f5_9d18_c"": -34.76250476837155}",phungkhaccuong_a992b7f5_9d18_c,continuous_primal_dual_psd,4,35.85468883290406,35.85468883288597,1.809041805245215e-11,"[0.7646637833644832, 0.23533621663551688]",primal=Optimization terminated successfully; dual=outer=Optimization terminated successfully; inner=Optimization terminated successfully,0,5.153566598891817,0.0,,qwen25_real_m50_balanced_random_seed20260505_dare_linear_e8_dare_linear
dare_linear,pair,duyphu_7aba420b_74ac_4209_b514+laquythang_8444c3be_8779_4769,39.78667677675047,44.745758247375456,0,"[0.5162625127204962, 0.48373748727950383]","[0.6, 0.4]",0.0,"{""duyphu_7aba420b_74ac_4209_b514"": -44.745758247375456, ""laquythang_8444c3be_8779_4769"": -19.03332777023312}",duyphu_7aba420b_74ac_4209_b514,continuous_primal_dual_psd,4,39.78667677675047,39.78667677675031,1.5631940186722204e-13,"[0.8586005743004319, 0.1413994256995682]",primal=Optimization terminated successfully; dual=outer=Optimization terminated successfully; inner=Optimization terminated successfully,0,227.70985960960363,0.0,,qwen25_real_m50_balanced_random_seed20260505_dare_linear_e8_dare_linear
dare_linear,pair,versil91_e9f26c47_9b78_4e3f_81+mrhungddddh_fe499423_02f3_4cfd,59.35909099578858,4.627732203176473,0,"[0.2, 0.8]","[0.8, 0.2]",37.70689895374488,"{""mrhungddddh_fe499423_02f3_4cfd"": -2.8634578704833658, ""versil91_e9f26c47_9b78_4e3f_81"": -4.627732203176473}",versil91_e9f26c47_9b78_4e3f_81,continuous_primal_dual_psd,4,59.35909099578858,59.35909099578858,0.0,"[0.0, 1.0]",primal=Optimization terminated successfully; dual=outer=Optimization terminated successfully; inner=Optimization terminated successfully,1,-179.21373248100275,179.21373248100275,,qwen25_real_m50_balanced_random_seed20260505_dare_linear_e8_dare_linear
dare_linear,pair,nhoxinh_9214fc0d_4490_4bdd_9ff+mrhungddddh_911f6275_22fd_4f41,33.50222892761225,43.09583015441891,0,"[0.2, 0.8]","[0.2, 0.8]",0.0,"{""mrhungddddh_911f6275_22fd_4f41"": -37.09642000198361, ""nhoxinh_9214fc0d_4490_4bdd_9ff"": -43.09583015441891}",nhoxinh_9214fc0d_4490_4bdd_9ff,continuous_primal_dual_psd,4,33.50222892761225,33.50222892761225,0.0,"[1.0, 5.551115123125783e-17]",primal=Optimization terminated successfully; dual=outer=Optimization terminated successfully; inner=Optimization terminated successfully,1,-249.7540414333345,249.7540414333345,,qwen25_real_m50_balanced_random_seed20260505_dare_linear_e8_dare_linear
dare_linear,pair,tuanna08go_7647f014_8af3_4266+hongngo_9d92894f_7b7b_49e0_8f3,2.3536444197442234,0.0587181923678501,0,"[0.8, 0.19999999999999996]","[0.8, 0.2]",0.0,"{""hongngo_9d92894f_7b7b_49e0_8f3"": 9.97236661911014, ""tuanna08go_7647f014_8af3_4266"": -0.058718192367850114}",tuanna08go_7647f014_8af3_4266,continuous_primal_dual_psd,4,2.3536444197442234,2.3536444197442234,0.0,"[1.0, 0.0]",primal=Optimization terminated successfully; dual=outer=Optimization terminated successfully; inner=Optimization terminated successfully,1,-6.488489534380249,6.488489534380249,,qwen25_real_m50_balanced_random_seed20260505_dare_linear_e8_dare_linear
dare_linear,pair,taronklm_trained_model+duyphu_4909ad74_a335_4972_9ed8,-2.531420328140811,-1.1504015462240622,1,"[0.49331761259124207, 0.5066823874087579]","[0.6, 0.4]",0.2383647277204039,"{""duyphu_4909ad74_a335_4972_9ed8"": 16.719505119323763, ""taronklm_trained_model"": 1.1504015462240622}",taronklm_trained_model,continuous_primal_dual_psd,4,-2.531420328140811,-2.531420328140811,0.0,"[1.0, 0.0]",primal=Optimization terminated successfully; dual=outer=Optimization terminated successfully; inner=Optimization terminated successfully,0,830.078125,0.0,,qwen25_real_m50_balanced_random_seed20260505_dare_linear_e8_dare_linear
dare_linear,pair,adammandic87_3d7a58a6_4380_4e3+nhoxinh_2f944a50_cbd3_4334_af8,13.544490153232772,4.754960712704722,0,"[0.655167665323868, 0.34483233467613195]","[0.6, 0.4]",0.0,"{""adammandic87_3d7a58a6_4380_4e3"": -4.754960712704722, ""nhoxinh_2f944a50_cbd3_4334_af8"": 6.431421566009554}",adammandic87_3d7a58a6_4380_4e3,continuous_primal_dual_psd,4,13.544490153232772,13.544490153232772,0.0,"[0.0, 1.0]",primal=Optimization terminated successfully; dual=outer=Optimization terminated successfully; inner=Optimization terminated successfully,0,63.97575869031623,0.0,,qwen25_real_m50_balanced_random_seed20260505_dare_linear_e8_dare_linear
dare_linear,pair,denbeo_d9ae91c0_fed9_4fb4_8ddd+mrhungddddh_9b1deaac_4565_48f2,46.403676939010566,37.51817054748532,0,"[0.2, 0.8]","[0.2, 0.8]",0.0,"{""denbeo_d9ae91c0_fed9_4fb4_8ddd"": -4.449990463256803, ""mrhungddddh_9b1deaac_4565_48f2"": -37.51817054748532}",mrhungddddh_9b1deaac_4565_48f2,continuous_primal_dual_psd,4,46.403676939010566,46.403676939010566,0.0,"[1.0, 0.0]",primal=Optimization terminated successfully; dual=outer=Optimization terminated successfully; inner=Optimization terminated successfully,1,-262.82042264938354,262.82042264938354,,qwen25_real_m50_balanced_random_seed20260505_dare_linear_e8_dare_linear
dare_linear,pair,cunghoctienganh_b7496e73_1762+nhung03_7b6cdc3c_7130_4c2c_a2c,65.29322407257085,45.69998092651364,0,"[0.37523672910248024, 0.6247632708975197]","[0.8, 0.2]",27.083349227905263,"{""cunghoctienganh_b7496e73_1762"": -40.804174613952604, ""nhung03_7b6cdc3c_7130_4c2c_a2c"": -45.69998092651364}",nhung03_7b6cdc3c_7130_4c2c_a2c,continuous_primal_dual_psd,4,65.29322407257085,65.29322407257011,7.389644451905042e-13,"[0.11894080903526177, 0.8810591909647383]",primal=Optimization terminated successfully; dual=outer=Optimization terminated successfully; inner=Optimization terminated successfully,1,-123.47012758255023,123.47012758255023,,qwen25_real_m50_balanced_random_seed20260505_dare_linear_e8_dare_linear
dare_linear,pair,laquythang_efe15045_778f_4dfa+mrhunghd_9e58333c_df22_4a00_9c,52.646667689789126,68.92916269302364,0,"[0.2483231892325717, 0.7516768107674283]","[0.4, 0.6]",13.958334922790527,"{""laquythang_efe15045_778f_4dfa"": -33.20000476837155, ""mrhunghd_9e58333c_df22_4a00_9c"": -68.92916269302364}",mrhunghd_9e58333c_df22_4a00_9c,continuous_primal_dual_psd,4,52.646667689789126,52.64666768976851,2.0612844764400503e-11,"[0.2910310081453637, 0.7089689918546364]",primal=Optimization terminated successfully; dual=outer=Optimization terminated successfully; inner=Optimization terminated successfully,0,31.359493732452133,0.0,,qwen25_real_m50_balanced_random_seed20260505_dare_linear_e8_dare_linear
dare_linear,pair,tuanna08go_c1cf0152_7ae6_43b6+phungkhaccuong_731c6dec_a942_4,-0.5273508048278097,2.5750071525573404,0,"[0.4018205024719616, 0.5981794975280383]","[0.4, 0.6]",0.0,"{""phungkhaccuong_731c6dec_a942_4"": 0.23749761581424167, ""tuanna08go_c1cf0152_7ae6_43b6"": -2.5750071525573404}",tuanna08go_c1cf0152_7ae6_43b6,continuous_primal_dual_psd,4,-0.5273508048278097,-0.5273508048278097,0.0,"[0.0, 1.0]",primal=Optimization terminated successfully; dual=outer=Optimization terminated successfully; inner=Optimization terminated successfully,0,4.556755677076049,0.0,,qwen25_real_m50_balanced_random_seed20260505_dare_linear_e8_dare_linear
dare_linear,pair,thaffggg_8c87f3d3_d4bb_475a_a8+versil91_121ef6e9_0ded_4fc3_8c,4.599458106783739,0.5579502105712564,0,"[0.28210906663253116, 0.7178909333674688]","[0.2, 0.8]",0.0,"{""thaffggg_8c87f3d3_d4bb_475a_a8"": -0.5579502105712564, ""versil91_121ef6e9_0ded_4fc3_8c"": -0.4619065611244333}",thaffggg_8c87f3d3_d4bb_475a_a8,continuous_primal_dual_psd,4,4.599458106783739,4.599458106783739,0.0,"[1.0, 5.551115123125783e-17]",primal=Optimization terminated successfully; dual=outer=Optimization terminated successfully; inner=Optimization terminated successfully,0,78.71047265622435,0.0,,qwen25_real_m50_balanced_random_seed20260505_dare_linear_e8_dare_linear
dare_linear,pair,nbninh_c4ae10ba_efe4_401e_8dd7+nhung02_08157847_d833_4d45_90f,24.87899219530344,13.23787279129025,0,"[0.7406897584515992, 0.25931024154840077]","[0.6, 0.4]",10.037875175476074,"{""nbninh_c4ae10ba_efe4_401e_8dd7"": -13.23787279129025, ""nhung02_08157847_d833_4d45_90f"": -6.646969985961881}",nbninh_c4ae10ba_efe4_401e_8dd7,continuous_primal_dual_psd,4,24.87899219530344,24.87899219530344,0.0,"[0.0, 1.0]",primal=Optimization terminated successfully; dual=outer=Optimization terminated successfully; inner=Optimization terminated successfully,0,28.966359392948394,0.0,,qwen25_real_m50_balanced_random_seed20260505_dare_linear_e8_dare_linear
dare_linear,pair,thaffggg_8a78a9b2_d3fa_4615_b8+cunghoctienganh_c1cf0152_7ae6,1.6807729721068725,5.539003086090055,0,"[0.2, 0.8]","[0.2, 0.8]",0.0,"{""cunghoctienganh_c1cf0152_7ae6"": -3.752649014600281, ""thaffggg_8a78a9b2_d3fa_4615_b8"": -5.539003086090055}",thaffggg_8a78a9b2_d3fa_4615_b8,continuous_primal_dual_psd,4,1.6807729721068725,1.6807729721068725,0.0,"[1.0, 0.0]",primal=Optimization terminated successfully; dual=outer=Optimization terminated successfully; inner=Optimization terminated successfully,1,-300.1165390014648,300.1165390014648,,qwen25_real_m50_balanced_random_seed20260505_dare_linear_e8_dare_linear
dare_linear,pair,nhung02_db2c9545_4607_487b_9cc+datlaaaaaaa_e8cccbe1_c136_409a,64.83759112358094,66.38181514739986,0,"[0.2, 0.8]","[0.4, 0.6]",38.9488697052002,"{""datlaaaaaaa_e8cccbe1_c136_409a"": -41.11668176650998, ""nhung02_db2c9545_4607_487b_9cc"": -66.38181514739986}",nhung02_db2c9545_4607_487b_9cc,continuous_primal_dual_psd,4,64.83759112358094,64.83759112358094,0.0,"[0.0, 1.0]",primal=Optimization terminated successfully; dual=outer=Optimization terminated successfully; inner=Optimization terminated successfully,1,-177.6024699211119,177.6024699211119,,qwen25_real_m50_balanced_random_seed20260505_dare_linear_e8_dare_linear
dare_linear,pair,chauhoang_2aa4f343_5524_f86e_b+nbninh_a1f78795_1b61_4923_9235,43.09488482475276,21.012499999999967,0,"[0.2, 0.8]","[0.8, 0.2]",16.089725494384766,"{""chauhoang_2aa4f343_5524_f86e_b"": -21.012499999999967, ""nbninh_a1f78795_1b61_4923_9235"": -5.61986274719235}",chauhoang_2aa4f343_5524_f86e_b,continuous_primal_dual_psd,4,43.09488482475276,43.09488482475276,0.0,"[9.992007221626409e-16, 0.999999999999999]",primal=Optimization terminated successfully; dual=outer=Optimization terminated successfully; inner=Optimization terminated successfully,1,-579.1902542114258,579.1902542114258,,qwen25_real_m50_balanced_random_seed20260505_dare_linear_e8_dare_linear
dare_linear,pair,hongngo_687b8c72_c89b_4cb7_b7c+nblinh63_0eb73af3_0631_437a_ad,52.52292342186007,56.50489635467526,0,"[0.2000000000000028, 0.7999999999999972]","[0.2, 0.8]",0.0,"{""hongngo_687b8c72_c89b_4cb7_b7c"": -56.50489635467526, ""nblinh63_0eb73af3_0631_437a_ad"": -54.05808992385861}",hongngo_687b8c72_c89b_4cb7_b7c,continuous_primal_dual_psd,4,52.52292342186007,52.52292342186007,0.0,"[0.0, 1.0]",primal=Optimization terminated successfully; dual=outer=Optimization terminated successfully; inner=Optimization terminated successfully,1,-662.5598669052127,662.5598669052127,,qwen25_real_m50_balanced_random_seed20260505_dare_linear_e8_dare_linear
dare_linear,pair,datlaaaaaaa_cc1f8701_0976_4f48+datlaaaaaaa_0dbe42c8_b07b_4785,62.300076397110175,45.90834684371945,0,"[0.4728712263706841, 0.527128773629316]","[0.4, 0.6]",0.0,"{""datlaaaaaaa_0dbe42c8_b07b_4785"": -31.453195285797086, ""datlaaaaaaa_cc1f8701_0976_4f48"": -45.90834684371945}",datlaaaaaaa_cc1f8701_0976_4f48,continuous_primal_dual_psd,4,62.300076397110175,62.300076397110175,0.0,"[0.0, 1.0]",primal=Optimization terminated successfully; dual=outer=Optimization terminated successfully; inner=Optimization terminated successfully,0,811.9536936283107,0.0,,qwen25_real_m50_balanced_random_seed20260505_dare_linear_e8_dare_linear
dare_linear,pair,lhong4759_f68c5c87_934d_4399_b+chauhoang_4909ad74_a335_4972_9,35.056028437614366,0.7320434570312173,0,"[0.8, 0.19999999999999996]","[0.6, 0.4]",21.955132484436035,"{""chauhoang_4909ad74_a335_4972_9"": -0.7320434570312173, ""lhong4759_f68c5c87_934d_4399_b"": 11.247119235992464}",chauhoang_4909ad74_a335_4972_9,continuous_primal_dual_psd,4,35.056028437614366,35.056028437614366,0.0,"[1.0, 0.0]",primal=Optimization terminated successfully; dual=outer=Optimization terminated successfully; inner=Optimization terminated successfully,1,-15.624910593032636,15.624910593032636,,qwen25_real_m50_balanced_random_seed20260505_dare_linear_e8_dare_linear
dare_linear,pair,tuanna08go_6af2bb68_a65f_4331+cunghoctienganh_4909ad74_a335,-0.5648060668820456,7.204940986633268,0,"[0.683038049610315, 0.316961950389685]","[0.8, 0.2]",1.5537619590759275,"{""cunghoctienganh_4909ad74_a335"": -7.204940986633268, ""tuanna08go_6af2bb68_a65f_4331"": -2.7549058914184243}",cunghoctienganh_4909ad74_a335,continuous_primal_dual_psd,4,-0.5648060668820456,-0.5648060668820456,0.0,"[1.0, 0.0]",primal=Optimization terminated successfully; dual=outer=Optimization terminated successfully; inner=Optimization terminated successfully,0,32.282946153591425,0.0,,qwen25_real_m50_balanced_random_seed20260505_dare_linear_e8_dare_linear
dare_linear,pair,nhoxinh_0c66c9c5_5cc2_46a8_9db+versil91_63cd5c4a_5a68_4c25_bd,28.51729102135593,16.230300140380827,0,"[0.20000000000003262, 0.7999999999999674]","[0.4, 0.6]",3.3617377281188965,"{""nhoxinh_0c66c9c5_5cc2_46a8_9db"": -12.830689620971647, ""versil91_63cd5c4a_5a68_4c25_bd"": -16.230300140380827}",versil91_63cd5c4a_5a68_4c25_bd,continuous_primal_dual_psd,4,28.51729102135593,28.51729102135593,0.0,"[1.0, 0.0]",primal=Optimization terminated successfully; dual=outer=Optimization terminated successfully; inner=Optimization terminated successfully,1,-519.2306637763977,519.2306637763977,,qwen25_real_m50_balanced_random_seed20260505_dare_linear_e8_dare_linear
dare_linear,pair,duyphu_0112d9da_9934_4614_b233+adammandic87_f28f18cf_4abb_4db,-0.0632762193680229,16.703787517547575,0,"[0.2, 0.8]","[0.2, 0.8]",0.0,"{""adammandic87_f28f18cf_4abb_4db"": -16.703787517547575, ""duyphu_0112d9da_9934_4614_b233"": -0.2833277702331216}",adammandic87_f28f18cf_4abb_4db,continuous_primal_dual_psd,4,-0.0632762193680229,-0.0632762193680229,0.0,"[1.0, 0.0]",primal=Optimization terminated successfully; dual=outer=Optimization terminated successfully; inner=Optimization terminated successfully,1,-28.84619281836581,28.84619281836581,,qwen25_real_m50_balanced_random_seed20260505_dare_linear_e8_dare_linear
dare_linear,pair,phungkhaccuong_2b1522e6_bef2_7+hongngo_7e251dfc_e0f7_4f73_aae,97.65736646986288,26.69360942840573,0,"[0.27026046839527396, 0.729739531604726]","[0.8, 0.2]",44.00638341903686,"{""hongngo_7e251dfc_e0f7_4f73_aae"": -12.574973773956266, ""phungkhaccuong_2b1522e6_bef2_7"": -26.69360942840573}",phungkhaccuong_2b1522e6_bef2_7,continuous_primal_dual_psd,4,97.65736646986288,97.6573664698628,7.105427357601003e-14,"[0.9048293698027855, 0.09517063019721443]",primal=Optimization terminated successfully; dual=outer=Optimization terminated successfully; inner=Optimization terminated successfully,1,-654.3652713298796,654.3652713298796,,qwen25_real_m50_balanced_random_seed20260505_dare_linear_e8_dare_linear
dare_linear,pair,lhong4759_f68c5c87_934d_4399_b+versil91_8444c3be_8779_4769_a0,8.984090757369927,8.900752735137907,0,"[0.2, 0.8]","[0.2, 0.8]",0.0,"{""lhong4759_f68c5c87_934d_4399_b"": -0.3634483337402017, ""versil91_8444c3be_8779_4769_a0"": -8.900752735137907}",versil91_8444c3be_8779_4769_a0,continuous_primal_dual_psd,4,8.984090757369927,8.984090757369927,0.0,"[1.0, 0.0]",primal=Optimization terminated successfully; dual=outer=Optimization terminated successfully; inner=Optimization terminated successfully,1,-156.72355890274056,156.72355890274056,,qwen25_real_m50_balanced_random_seed20260505_dare_linear_e8_dare_linear
dare_linear,pair,versil91_e9f26c47_9b78_4e3f_81+datlaaaaaaa_cc1f8701_0976_4f48,9.969261360168376,12.262514305114712,0,"[0.8, 0.19999999999999996]","[0.8, 0.2]",0.0,"{""datlaaaaaaa_cc1f8701_0976_4f48"": -12.262514305114713, ""versil91_e9f26c47_9b78_4e3f_81"": -5.911054696515122}",datlaaaaaaa_cc1f8701_0976_4f48,continuous_primal_dual_psd,4,9.969261360168376,9.969261360168376,0.0,"[0.0, 1.0]",primal=Optimization terminated successfully; dual=outer=Optimization terminated successfully; inner=Optimization terminated successfully,0,88.95464762446923,0.0,,qwen25_real_m50_balanced_random_seed20260505_dare_linear_e8_dare_linear
dare_linear,pair,duyphu_7aba420b_74ac_4209_b514+duyphu_4909ad74_a335_4972_9ed8,37.21905511228542,24.167373847961397,0,"[0.570638325242525, 0.429361674757475]","[0.8, 0.2]",7.935595512390137,"{""duyphu_4909ad74_a335_4972_9ed8"": -18.162110519409147, ""duyphu_7aba420b_74ac_4209_b514"": -24.167373847961393}",duyphu_7aba420b_74ac_4209_b514,continuous_primal_dual_psd,4,37.21905511228542,37.21905511228542,0.0,"[0.0, 1.0]",primal=Optimization terminated successfully; dual=outer=Optimization terminated successfully; inner=Optimization terminated successfully,0,572.9165673255917,0.0,,qwen25_real_m50_balanced_random_seed20260505_dare_linear_e8_dare_linear
dare_linear,pair,nbninh_0d8b128b_8753_46c3_b80f+mrhungddddh_fe499423_02f3_4cfd,51.99138707922272,37.62308664321896,0,"[0.5063494632452479, 0.4936505367547521]","[0.6, 0.4]",0.0,"{""mrhungddddh_fe499423_02f3_4cfd"": -37.62308664321896, ""nbninh_0d8b128b_8753_46c3_b80f"": -35.07499999999997}",mrhungddddh_fe499423_02f3_4cfd,continuous_primal_dual_psd,4,51.99138707922272,51.99138707922272,0.0,"[0.0, 1.0]",primal=Optimization terminated successfully; dual=outer=Optimization terminated successfully; inner=Optimization terminated successfully,0,266.21684432029707,0.0,,qwen25_real_m50_balanced_random_seed20260505_dare_linear_e8_dare_linear
dare_linear,pair,versil91_01a5620a_fb5f_4bab_94+cunghoctienganh_4909ad74_a335,13.342570715687671,16.547158432006803,0,"[0.7169696270951806, 0.28303037290481936]","[0.8, 0.2]",0.0,"{""cunghoctienganh_4909ad74_a335"": -16.547158432006803, ""versil91_01a5620a_fb5f_4bab_94"": -2.712045235816932}",cunghoctienganh_4909ad74_a335,continuous_primal_dual_psd,4,13.342570715687671,13.342570715687671,0.0,"[0.0, 1.0]",primal=Optimization terminated successfully; dual=outer=Optimization terminated successfully; inner=Optimization terminated successfully,0,68.33301735660183,0.0,,qwen25_real_m50_balanced_random_seed20260505_dare_linear_e8_dare_linear
dare_linear,pair,mrhungddddh_911f6275_22fd_4f41+versil91_474890ea_012d_4a25_96,3.231249523162808,6.873515319824186,0,"[0.2, 0.8]","[0.2, 0.8]",0.0,"{""mrhungddddh_911f6275_22fd_4f41"": -6.873515319824186, ""versil91_474890ea_012d_4a25_96"": -2.8634578704833658}",mrhungddddh_911f6275_22fd_4f41,continuous_primal_dual_psd,4,3.231249523162808,3.231249523162808,0.0,"[1.0, 0.0]",primal=Optimization terminated successfully; dual=outer=Optimization terminated successfully; inner=Optimization terminated successfully,1,-83.33310484886168,83.33310484886168,,qwen25_real_m50_balanced_random_seed20260505_dare_linear_e8_dare_linear
dare_linear,pair,laquythang_8444c3be_8779_4769+hongngo_687b8c72_c89b_4cb7_b7c,76.3362861710537,48.09582538604733,0,"[0.4752404434158739, 0.5247595565841261]","[0.4, 0.6]",0.0,"{""hongngo_687b8c72_c89b_4cb7_b7c"": -13.616648387908903, ""laquythang_8444c3be_8779_4769"": -48.09582538604733}",laquythang_8444c3be_8779_4769,continuous_primal_dual_psd,4,76.3362861710537,76.3362861710537,0.0,"[0.0, 1.0]",primal=Optimization terminated successfully; dual=outer=Optimization terminated successfully; inner=Optimization terminated successfully,0,15.187859535217344,0.0,,qwen25_real_m50_balanced_random_seed20260505_dare_linear_e8_dare_linear
dare_linear,pair,duyphu_0112d9da_9934_4614_b233+nhoxinh_2f944a50_cbd3_4334_af8,25.23834295272825,22.34262533187863,0,"[0.7999999999999996, 0.2000000000000004]","[0.8, 0.2]",0.0,"{""duyphu_0112d9da_9934_4614_b233"": -22.34262533187863, ""nhoxinh_2f944a50_cbd3_4334_af8"": -21.172741127014127}",duyphu_0112d9da_9934_4614_b233,continuous_primal_dual_psd,4,25.23834295272825,25.23834295272825,0.0,"[1.0, 0.0]",primal=Optimization terminated successfully; dual=outer=Optimization terminated successfully; inner=Optimization terminated successfully,0,208.45174789428717,0.0,,qwen25_real_m50_balanced_random_seed20260505_dare_linear_e8_dare_linear
dare_linear,pair,phungkhaccuong_2b1522e6_bef2_7+nhung03_7b6cdc3c_7130_4c2c_a2c,15.921147537231391,36.24487228393552,0,"[0.2, 0.8]","[0.4, 0.6]",11.330139636993408,"{""nhung03_7b6cdc3c_7130_4c2c_a2c"": -34.762492847442594, ""phungkhaccuong_2b1522e6_bef2_7"": -36.244872283935514}",phungkhaccuong_2b1522e6_bef2_7,continuous_primal_dual_psd,4,15.921147537231391,15.921147537231391,0.0,"[0.0, 1.0]",primal=Optimization terminated successfully; dual=outer=Optimization terminated successfully; inner=Optimization terminated successfully,1,-103.57454419136069,103.57454419136069,,qwen25_real_m50_balanced_random_seed20260505_dare_linear_e8_dare_linear
dare_linear,pair,chauhoang_4909ad74_a335_4972_9+denbeo_d9ae91c0_fed9_4fb4_8ddd,101.3694954633713,61.32500476837155,0,"[0.8, 0.19999999999999996]","[0.4, 0.6]",25.73717832565307,"{""chauhoang_4909ad74_a335_4972_9"": -43.76089878082272, ""denbeo_d9ae91c0_fed9_4fb4_8ddd"": -61.32500476837155}",denbeo_d9ae91c0_fed9_4fb4_8ddd,continuous_primal_dual_psd,4,101.3694954633713,101.3694954633713,0.0,"[1.0, 0.0]",primal=Optimization terminated successfully; dual=outer=Optimization terminated successfully; inner=Optimization terminated successfully,0,124.28984045982364,0.0,,qwen25_real_m50_balanced_random_seed20260505_dare_linear_e8_dare_linear
dare_linear,pair,nbninh_c4ae10ba_efe4_401e_8dd7+mrhunghddddd_d692685b_fdb4_477,58.87243874073019,22.80227251052853,0,"[0.8, 0.19999999999999996]","[0.8, 0.2]",0.0,"{""mrhunghddddd_d692685b_fdb4_477"": -1.6375214576720865, ""nbninh_c4ae10ba_efe4_401e_8dd7"": -22.80227251052853}",nbninh_c4ae10ba_efe4_401e_8dd7,continuous_primal_dual_psd,4,58.87243874073019,58.87243874073019,0.0,"[0.0, 1.0]",primal=Optimization terminated successfully; dual=outer=Optimization terminated successfully; inner=Optimization terminated successfully,1,-66.6524469852446,66.6524469852446,,qwen25_real_m50_balanced_random_seed20260505_dare_linear_e8_dare_linear
dare_linear,pair,phungkhaccuong_a992b7f5_9d18_c+mrhunghd_9e58333c_df22_4a00_9c,29.33693355765496,31.32500953674313,0,"[0.5881854050557728, 0.41181459494422723]","[0.4, 0.6]",6.041669845581055,"{""mrhunghd_9e58333c_df22_4a00_9c"": -31.32500953674313, ""phungkhaccuong_a992b7f5_9d18_c"": -27.262499999999967}",mrhunghd_9e58333c_df22_4a00_9c,continuous_primal_dual_psd,4,29.33693355765496,29.33693355762457,3.0389912808459485e-11,"[0.19949227250654025, 0.8005077274934598]",primal=Optimization terminated successfully; dual=outer=Optimization terminated successfully; inner=Optimization terminated successfully,0,361.9976341724395,0.0,,qwen25_real_m50_balanced_random_seed20260505_dare_linear_e8_dare_linear
dare_linear,pair,tuanna08go_7647f014_8af3_4266+tuanna08go_c1cf0152_7ae6_43b6,-0.0320504716887422,-0.2328655039607124,1,"[0.2973212898047443, 0.7026787101952556]","[0.4, 0.6]",0.6893783951966901,"{""tuanna08go_7647f014_8af3_4266"": 0.23286550396071243, ""tuanna08go_c1cf0152_7ae6_43b6"": 24.091646003723177}",tuanna08go_7647f014_8af3_4266,continuous_primal_dual_psd,4,-0.0320504716887422,-0.0320504716887422,0.0,"[1.0, 0.0]",primal=Optimization terminated successfully; dual=outer=Optimization terminated successfully; inner=Optimization terminated successfully,0,4.968958243127646,0.0,,qwen25_real_m50_balanced_random_seed20260505_dare_linear_e8_dare_linear
dare_linear,pair,phungkhaccuong_731c6dec_a942_4+thaffggg_8c87f3d3_d4bb_475a_a8,1.668758463859504,7.177260589599577,0,"[0.7999999999999999, 0.20000000000000007]","[0.8, 0.2]",0.0,"{""phungkhaccuong_731c6dec_a942_4"": -6.950011920928922, ""thaffggg_8c87f3d3_d4bb_475a_a8"": -7.177260589599577}",thaffggg_8c87f3d3_d4bb_475a_a8,continuous_primal_dual_psd,4,1.668758463859504,1.668758463859504,0.0,"[5.551115123125783e-17, 1.0]",primal=Optimization terminated successfully; dual=outer=Optimization terminated successfully; inner=Optimization terminated successfully,0,9.736330544273477,0.0,,qwen25_real_m50_balanced_random_seed20260505_dare_linear_e8_dare_linear
dare_linear,pair,chauhoang_2aa4f343_5524_f86e_b+mrhungddddh_9b1deaac_4565_48f2,19.21524174213408,38.31363029479977,0,"[0.8, 0.19999999999999996]","[0.6, 0.4]",6.865537166595459,"{""chauhoang_2aa4f343_5524_f86e_b"": -24.241676998138395, ""mrhungddddh_9b1deaac_4565_48f2"": -38.31363029479977}",mrhungddddh_9b1deaac_4565_48f2,continuous_primal_dual_psd,4,19.21524174213408,19.21524174213408,0.0,"[0.0, 1.0]",primal=Optimization terminated successfully; dual=outer=Optimization terminated successfully; inner=Optimization terminated successfully,0,6.41003251075741,0.0,,qwen25_real_m50_balanced_random_seed20260505_dare_linear_e8_dare_linear
dare_linear,pair,nhoxinh_0c66c9c5_5cc2_46a8_9db+nhoxinh_9214fc0d_4490_4bdd_9ff,64.6111322164536,60.85152931213376,0,"[0.7999999999999999, 0.20000000000000007]","[0.6, 0.4]",7.196950912475579,"{""nhoxinh_0c66c9c5_5cc2_46a8_9db"": -60.851529312133756, ""nhoxinh_9214fc0d_4490_4bdd_9ff"": -46.22081823348996}",nhoxinh_0c66c9c5_5cc2_46a8_9db,continuous_primal_dual_psd,4,64.6111322164536,64.6111322164536,0.0,"[0.0, 1.0]",primal=Optimization terminated successfully; dual=outer=Optimization terminated successfully; inner=Optimization terminated successfully,1,-32.91621804237374,32.91621804237374,,qwen25_real_m50_balanced_random_seed20260505_dare_linear_e8_dare_linear
dare_linear,pair,tuanna08go_6af2bb68_a65f_4331+versil91_121ef6e9_0ded_4fc3_8c,0.8138496765244128,-2.569836396954648,1,"[0.25655137685134105, 0.743448623148659]","[0.8, 0.2]",2.1145195672732187,"{""tuanna08go_6af2bb68_a65f_4331"": 7.443949508667025, ""versil91_121ef6e9_0ded_4fc3_8c"": 2.569836396954648}",versil91_121ef6e9_0ded_4fc3_8c,continuous_primal_dual_psd,4,0.8138496765244128,0.8138496765244091,3.6637359812630166e-15,"[0.8084261678664464, 0.19157383213355372]",primal=Optimization terminated successfully; dual=outer=Optimization terminated successfully; inner=Optimization terminated successfully,1,-11.263121143973612,11.263121143973612,,qwen25_real_m50_balanced_random_seed20260505_dare_linear_e8_dare_linear
dare_linear,pair,adammandic87_3d7a58a6_4380_4e3+nhung02_db2c9545_4607_487b_9cc,16.999259066581715,24.79090995788571,0,"[0.8, 0.19999999999999996]","[0.8, 0.2]",0.0,"{""adammandic87_3d7a58a6_4380_4e3"": -10.381348679356634, ""nhung02_db2c9545_4607_487b_9cc"": -24.79090995788571}",nhung02_db2c9545_4607_487b_9cc,continuous_primal_dual_psd,4,16.999259066581715,16.999259066581715,0.0,"[0.0, 1.0]",primal=Optimization terminated successfully; dual=outer=Optimization terminated successfully; inner=Optimization terminated successfully,0,42.97424243561544,0.0,,qwen25_real_m50_balanced_random_seed20260505_dare_linear_e8_dare_linear
dare_linear,pair,hongngo_7e251dfc_e0f7_4f73_aae+nhung02_08157847_d833_4d45_90f,56.07251274481582,37.26247854232785,0,"[0.4842028692012837, 0.5157971307987164]","[0.4, 0.6]",0.0,"{""hongngo_7e251dfc_e0f7_4f73_aae"": -37.26247854232785, ""nhung02_08157847_d833_4d45_90f"": -33.862903785705534}",hongngo_7e251dfc_e0f7_4f73_aae,continuous_primal_dual_psd,4,56.07251274481582,56.07251274481582,0.0,"[1.0, 0.0]",primal=Optimization terminated successfully; dual=outer=Optimization terminated successfully; inner=Optimization terminated successfully,0,205.9295773506161,0.0,,qwen25_real_m50_balanced_random_seed20260505_dare_linear_e8_dare_linear
dare_linear,pair,thaffggg_8a78a9b2_d3fa_4615_b8+versil91_63cd5c4a_5a68_4c25_bd,0.980850247874312,-3.1352370262146323,1,"[0.2, 0.8]","[0.2, 0.8]",0.0,"{""thaffggg_8a78a9b2_d3fa_4615_b8"": 3.1352370262146323, ""versil91_63cd5c4a_5a68_4c25_bd"": 5.404314327240023}",thaffggg_8a78a9b2_d3fa_4615_b8,continuous_primal_dual_psd,4,0.980850247874312,0.980850247874312,0.0,"[0.0, 1.0]",primal=Optimization terminated successfully; dual=outer=Optimization terminated successfully; inner=Optimization terminated successfully,1,-48.67792129516597,48.67792129516597,,qwen25_real_m50_balanced_random_seed20260505_dare_linear_e8_dare_linear
dare_linear,pair,cunghoctienganh_c1cf0152_7ae6+hongngo_9d92894f_7b7b_49e0_8f3,37.98474855422972,-0.5879014015198081,1,"[0.2, 0.8]","[0.8, 0.2]",21.64773941040039,"{""cunghoctienganh_c1cf0152_7ae6"": 4.7210596058401375, ""hongngo_9d92894f_7b7b_49e0_8f3"": 0.5879014015198081}",hongngo_9d92894f_7b7b_49e0_8f3,continuous_primal_dual_psd,4,37.98474855422972,37.98474855422972,0.0,"[1.0, 0.0]",primal=Optimization terminated successfully; dual=outer=Optimization terminated successfully; inner=Optimization terminated successfully,1,-262.32868432998663,262.32868432998663,,qwen25_real_m50_balanced_random_seed20260505_dare_linear_e8_dare_linear
dare_linear,pair,datlaaaaaaa_0dbe42c8_b07b_4785+datlaaaaaaa_e8cccbe1_c136_409a,40.02500076114819,18.72082061767575,0,"[0.22425864301081067, 0.7757413569891893]","[0.2, 0.8]",0.0,"{""datlaaaaaaa_0dbe42c8_b07b_4785"": -4.065385532379118, ""datlaaaaaaa_e8cccbe1_c136_409a"": -18.72082061767575}",datlaaaaaaa_e8cccbe1_c136_409a,continuous_primal_dual_psd,4,40.02500076114819,40.02500076114819,0.0,"[1.0, 0.0]",primal=Optimization terminated successfully; dual=outer=Optimization terminated successfully; inner=Optimization terminated successfully,0,59.294998645782165,0.0,,qwen25_real_m50_balanced_random_seed20260505_dare_linear_e8_dare_linear
dare_linear,pair,laquythang_efe15045_778f_4dfa+nblinh63_0eb73af3_0631_437a_ad,54.8160558161529,78.19854326248165,0,"[0.5415409393096869, 0.45845906069031306]","[0.2, 0.8]",14.951181411743164,"{""laquythang_efe15045_778f_4dfa"": -56.84584684371945, ""nblinh63_0eb73af3_0631_437a_ad"": -78.19854326248165}",nblinh63_0eb73af3_0631_437a_ad,continuous_primal_dual_psd,4,54.8160558161529,54.8160558161529,0.0,"[0.9999999999999989, 1.2212453270876722e-15]",primal=Optimization terminated successfully; dual=outer=Optimization terminated successfully; inner=Optimization terminated successfully,0,57.29138851165749,0.0,,qwen25_real_m50_balanced_random_seed20260505_dare_linear_e8_dare_linear
dare_linear,pair,nbninh_a1f78795_1b61_4923_9235+adammandic87_f28f18cf_4abb_4db,1.688430321719455,17.55606241226193,0,"[0.2962778071698906, 0.7037221928301094]","[0.2, 0.8]",0.0,"{""adammandic87_f28f18cf_4abb_4db"": -17.55606241226193, ""nbninh_a1f78795_1b61_4923_9235"": -10.283342075347868}",adammandic87_f28f18cf_4abb_4db,continuous_primal_dual_psd,4,1.688430321719455,1.688430321719455,0.0,"[1.0, 0.0]",primal=Optimization terminated successfully; dual=outer=Optimization terminated successfully; inner=Optimization terminated successfully,0,124.7594061955363,0.0,,qwen25_real_m50_balanced_random_seed20260505_dare_linear_e8_dare_linear
dare_linear,pair,taronklm_trained_model+cunghoctienganh_b7496e73_1762,-19.3725115007704,-1.691627809069395,1,"[0.44246573042975806, 0.5575342695702419]","[0.4, 0.6]",0.0,"{""cunghoctienganh_b7496e73_1762"": 55.65415911674503, ""taronklm_trained_model"": 1.691627809069395}",taronklm_trained_model,continuous_primal_dual_psd,4,-19.3725115007704,-19.3725115007704,0.0,"[1.0, 0.0]",primal=Optimization terminated successfully; dual=outer=Optimization terminated successfully; inner=Optimization terminated successfully,0,1162.2871458530424,0.0,,qwen25_real_m50_balanced_random_seed20260505_dare_linear_e8_dare_linear
dare_linear,triple,taronklm_trained_model+laquythang_efe15045_778f_4dfa+datlaaaaaaa_0dbe42c8_b07b_4785,-3.3796161178580064,-1.3050154473567266,1,"[0.31997768918766284, 0.40283026683417383, 0.2771920439781633]","[0.6, 0.2, 0.2]",0.5430448621857638,"{""datlaaaaaaa_0dbe42c8_b07b_4785"": 82.0924728393555, ""laquythang_efe15045_778f_4dfa"": 77.73749523162844, ""taronklm_trained_model"": 1.3050154473567266}",taronklm_trained_model,continuous_primal_dual_psd,6,-3.3796161178580064,-3.3796161178580064,0.0,"[0.0, 0.0, 1.0]",primal=Optimization terminated successfully; dual=outer=Optimization terminated successfully; inner=Optimization terminated successfully,0,32.248636236278614,0.0,,qwen25_real_m50_balanced_random_seed20260505_dare_linear_e8_dare_linear
dare_linear,triple,versil91_e9f26c47_9b78_4e3f_81+nhung02_08157847_d833_4d45_90f+adammandic87_f28f18cf_4abb_4db,9.65377165142354,5.482199859619108,0,"[0.41065787659877867, 0.2000000000000007, 0.38934212340122065]","[0.6, 0.2, 0.2]",7.481062412261963,"{""adammandic87_f28f18cf_4abb_4db"": -5.482199859619108, ""nhung02_08157847_d833_4d45_90f"": 8.305677700042757, ""versil91_e9f26c47_9b78_4e3f_81"": -2.7499723754974212}",adammandic87_f28f18cf_4abb_4db,continuous_primal_dual_psd,6,9.65377165142354,9.65377165142354,0.0,"[0.0, 1.0, 0.0]",primal=Optimization terminated successfully; dual=outer=Optimization terminated successfully; inner=Optimization terminated successfully,1,-41.43689131876806,41.43689131876803,,qwen25_real_m50_balanced_random_seed20260505_dare_linear_e8_dare_linear
dare_linear,triple,laquythang_8444c3be_8779_4769+cunghoctienganh_4909ad74_a335+mrhunghd_9e58333c_df22_4a00_9c,5.781700235157359,19.866672229766813,0,"[0.31459686585746954, 0.3404098432319154, 0.34499329091061504]","[0.2, 0.4, 0.4]",0.0,"{""cunghoctienganh_4909ad74_a335"": -14.136031341552702, ""laquythang_8444c3be_8779_4769"": -16.01250476837155, ""mrhunghd_9e58333c_df22_4a00_9c"": -19.866672229766813}",mrhunghd_9e58333c_df22_4a00_9c,continuous_primal_dual_psd,6,5.781700235157359,5.781700235157258,1.0125233984581429e-13,"[0.4077950184571613, 0.0, 0.5922049815428386]",primal=Optimization terminated successfully; dual=outer=Optimization terminated successfully; inner=Optimization terminated successfully,0,215.13926929952132,0.0,,qwen25_real_m50_balanced_random_seed20260505_dare_linear_e8_dare_linear
dare_linear,triple,versil91_01a5620a_fb5f_4bab_94+nhoxinh_2f944a50_cbd3_4334_af8+thaffggg_8c87f3d3_d4bb_475a_a8,75.75683302879625,3.626123142242399,0,"[0.20000000000001866, 0.2, 0.5999999999999813]","[0.6, 0.2, 0.2]",44.46970224380493,"{""nhoxinh_2f944a50_cbd3_4334_af8"": -2.4227411270141275, ""thaffggg_8c87f3d3_d4bb_475a_a8"": -3.626123142242399, ""versil91_01a5620a_fb5f_4bab_94"": -1.6638532621134907}",thaffggg_8c87f3d3_d4bb_475a_a8,continuous_primal_dual_psd,6,75.75683302879625,75.75683302879625,0.0,"[0.0, 1.0, 0.0]",primal=Optimization terminated successfully; dual=outer=Optimization terminated successfully; inner=Optimization terminated successfully,1,-841.1397606365426,898.2265293077768,,qwen25_real_m50_balanced_random_seed20260505_dare_linear_e8_dare_linear
dare_linear,triple,lhong4759_f68c5c87_934d_4399_b+thaffggg_8a78a9b2_d3fa_4615_b8+cunghoctienganh_c1cf0152_7ae6,38.69099574649261,33.5787803649902,0,"[0.20000000000000231, 0.34006959357554645, 0.45993040642445127]","[0.2, 0.2, 0.6]",10.89015007019043,"{""cunghoctienganh_c1cf0152_7ae6"": -22.542161374259127, ""lhong4759_f68c5c87_934d_4399_b"": -21.813789081573454, ""thaffggg_8a78a9b2_d3fa_4615_b8"": -33.5787803649902}",thaffggg_8a78a9b2_d3fa_4615_b8,continuous_primal_dual_psd,6,38.69099574649261,38.69099574649261,0.0,"[1.0, 0.0, 0.0]",primal=Optimization terminated successfully; dual=outer=Optimization terminated successfully; inner=Optimization terminated successfully,0,200.74596230620128,0.0,,qwen25_real_m50_balanced_random_seed20260505_dare_linear_e8_dare_linear
dare_linear,triple,duyphu_0112d9da_9934_4614_b233+denbeo_d9ae91c0_fed9_4fb4_8ddd+mrhungddddh_9b1deaac_4565_48f2,80.905533589169,72.24356241226192,0,"[0.21337866914190148, 0.2, 0.5866213308580985]","[0.4, 0.2, 0.4]",1.88448429107666,"{""denbeo_d9ae91c0_fed9_4fb4_8ddd"": -47.887495231628385, ""duyphu_0112d9da_9934_4614_b233"": -52.030113410949674, ""mrhungddddh_9b1deaac_4565_48f2"": -72.24356241226192}",mrhungddddh_9b1deaac_4565_48f2,continuous_primal_dual_psd,6,80.905533589169,80.90553358893314,2.3585755570820766e-10,"[0.47727630687395367, 0.5227236931260464, 0.0]",primal=Optimization terminated successfully; dual=outer=Optimization terminated successfully; inner=Optimization terminated successfully,1,-1090.2712759421013,1090.2712759421013,,qwen25_real_m50_balanced_random_seed20260505_dare_linear_e8_dare_linear
dare_linear,triple,datlaaaaaaa_cc1f8701_0976_4f48+duyphu_4909ad74_a335_4972_9ed8+versil91_474890ea_012d_4a25_96,17.652402317694367,21.741679382324183,0,"[0.21875297222078574, 0.3312248812184846, 0.4500221465607297]","[0.2, 0.4, 0.4]",0.0,"{""datlaaaaaaa_cc1f8701_0976_4f48"": -21.741679382324186, ""duyphu_4909ad74_a335_4972_9ed8"": -9.402635765075651, ""versil91_474890ea_012d_4a25_96"": -14.185574722290006}",datlaaaaaaa_cc1f8701_0976_4f48,continuous_primal_dual_psd,6,17.652402317694367,17.652402317694037,3.3040237212844664e-13,"[7.041029489713254e-14, 0.11048840442384907, 0.8895115955760806]",primal=Optimization terminated successfully; dual=outer=Optimization terminated successfully; inner=Optimization terminated successfully,1,-498.7714836777673,498.7714836777673,,qwen25_real_m50_balanced_random_seed20260505_dare_linear_e8_dare_linear
dare_linear,triple,duyphu_7aba420b_74ac_4209_b514+tuanna08go_c1cf0152_7ae6_43b6+mrhunghddddd_d692685b_fdb4_477,79.7410867889333,22.05416269302365,0,"[0.2, 0.2, 0.6]","[0.2, 0.6, 0.2]",1.5056967735290527,"{""duyphu_7aba420b_74ac_4209_b514"": -20.35473890304562, ""mrhunghddddd_d692685b_fdb4_477"": -22.05416269302365, ""tuanna08go_c1cf0152_7ae6_43b6"": -19.241669845581022}",mrhunghddddd_d692685b_fdb4_477,continuous_primal_dual_psd,6,79.7410867889333,79.7410867889333,0.0,"[0.0, 0.0, 1.0]",primal=Optimization terminated successfully; dual=outer=Optimization terminated successfully; inner=Optimization terminated successfully,1,-1323.3277298674834,1323.3277298674834,,qwen25_real_m50_balanced_random_seed20260505_dare_linear_e8_dare_linear
dare_linear,triple,chauhoang_4909ad74_a335_4972_9+mrhungddddh_911f6275_22fd_4f41+datlaaaaaaa_e8cccbe1_c136_409a,109.33483144440687,45.21923370361325,0,"[0.20000000000001422, 0.20000000000000737, 0.5999999999999784]","[0.4, 0.4, 0.2]",28.44624519348144,"{""chauhoang_4909ad74_a335_4972_9"": -19.930759143829313, ""datlaaaaaaa_e8cccbe1_c136_409a"": -27.99166746139523, ""mrhungddddh_911f6275_22fd_4f41"": -45.21923370361325}",mrhungddddh_911f6275_22fd_4f41,continuous_primal_dual_psd,6,109.33483144440687,109.33483144440687,0.0,"[1.0, 0.0, 0.0]",primal=Optimization terminated successfully; dual=outer=Optimization terminated successfully; inner=Optimization terminated successfully,1,-707.4533232613187,707.4533232613186,,qwen25_real_m50_balanced_random_seed20260505_dare_linear_e8_dare_linear
dare_linear,triple,adammandic87_3d7a58a6_4380_4e3+nhung03_7b6cdc3c_7130_4c2c_a2c+versil91_121ef6e9_0ded_4fc3_8c,41.67816014984552,5.370346392208928,0,"[0.2000000000000012, 0.2, 0.5999999999999988]","[0.6, 0.2, 0.2]",1.9963139166289297,"{""adammandic87_3d7a58a6_4380_4e3"": -5.370346392208928, ""nhung03_7b6cdc3c_7130_4c2c_a2c"": -5.179157924652067, ""versil91_121ef6e9_0ded_4fc3_8c"": 3.188883116392428}",adammandic87_3d7a58a6_4380_4e3,continuous_primal_dual_psd,6,41.67816014984552,41.67816014984552,0.0,"[0.0, 2.5059369078640443e-15, 0.9999999999999976]",primal=Optimization terminated successfully; dual=outer=Optimization terminated successfully; inner=Optimization terminated successfully,1,-1015.256058615805,1015.2560586158052,,qwen25_real_m50_balanced_random_seed20260505_dare_linear_e8_dare_linear
dare_linear,triple,nbninh_c4ae10ba_efe4_401e_8dd7+hongngo_9d92894f_7b7b_49e0_8f3+mrhungddddh_fe499423_02f3_4cfd,24.48293344967837,22.96324081420895,0,"[0.5077086073237524, 0.20000000000000057, 0.29229139267624693]","[0.4, 0.2, 0.4]",4.138278961181641,"{""hongngo_9d92894f_7b7b_49e0_8f3"": -22.96324081420895, ""mrhungddddh_fe499423_02f3_4cfd"": -3.84904451370236, ""nbninh_c4ae10ba_efe4_401e_8dd7"": -13.862875175476042}",hongngo_9d92894f_7b7b_49e0_8f3,continuous_primal_dual_psd,6,24.48293344967837,24.48293344967837,0.0,"[0.0, 0.0, 1.0]",primal=Optimization terminated successfully; dual=outer=Optimization terminated successfully; inner=Optimization terminated successfully,1,-485.7348900816624,485.7348900816624,,qwen25_real_m50_balanced_random_seed20260505_dare_linear_e8_dare_linear
dare_linear,triple,cunghoctienganh_b7496e73_1762+phungkhaccuong_a992b7f5_9d18_c+nhoxinh_9214fc0d_4490_4bdd_9ff,77.61493763725238,38.20001192092892,0,"[0.2, 0.5594407717757016, 0.24055922822429832]","[0.6, 0.2, 0.2]",0.1041412353515625,"{""cunghoctienganh_b7496e73_1762"": -28.824999999999967, ""nhoxinh_9214fc0d_4490_4bdd_9ff"": -22.366657924652067, ""phungkhaccuong_a992b7f5_9d18_c"": -38.20001192092892}",phungkhaccuong_a992b7f5_9d18_c,continuous_primal_dual_psd,6,77.61493763725238,77.61493763256499,4.68739358439052e-09,"[4.155612328989152e-13, 0.5830796415599888, 0.4169203584395957]",primal=Positive directional derivative for linesearch; dual=outer=Optimization terminated successfully; inner=Optimization terminated successfully,1,-2170.3026814542573,2170.3026814542577,,qwen25_real_m50_balanced_random_seed20260505_dare_linear_e8_dare_linear
dare_linear,triple,phungkhaccuong_2b1522e6_bef2_7+nbninh_0d8b128b_8753_46c3_b80f+hongngo_7e251dfc_e0f7_4f73_aae,103.92967603549523,22.57498807907101,0,"[0.2000000000002254, 0.2000000000001137, 0.5999999999996609]","[0.4, 0.4, 0.2]",18.020856380462646,"{""hongngo_7e251dfc_e0f7_4f73_aae"": -22.574988079071012, ""nbninh_0d8b128b_8753_46c3_b80f"": -19.762495231628385, ""phungkhaccuong_2b1522e6_bef2_7"": -19.834616851806608}",hongngo_7e251dfc_e0f7_4f73_aae,continuous_primal_dual_psd,6,103.92967603549523,103.92967603548374,1.1510792319313625e-11,"[0.0, 8.484498272878033e-13, 0.9999999999991515]",primal=Optimization terminated successfully; dual=outer=Optimization terminated successfully; inner=Optimization terminated successfully,1,-1332.7209584170275,1332.7209584170275,,qwen25_real_m50_balanced_random_seed20260505_dare_linear_e8_dare_linear
dare_linear,triple,tuanna08go_6af2bb68_a65f_4331+hongngo_687b8c72_c89b_4cb7_b7c+nhung02_db2c9545_4607_487b_9cc,32.36634696986899,10.700002384185758,0,"[0.6000000000000298, 0.2, 0.1999999999999702]","[0.6, 0.2, 0.2]",0.0,"{""hongngo_687b8c72_c89b_4cb7_b7c"": -10.11284894943234, ""nhung02_db2c9545_4607_487b_9cc"": -10.700002384185758, ""tuanna08go_6af2bb68_a65f_4331"": -8.84392566680905}",nhung02_db2c9545_4607_487b_9cc,continuous_primal_dual_psd,6,32.36634696986899,32.36634696971401,1.5498358152399303e-10,"[2.9115598820794735e-13, 0.9999999999996856, 2.337019466835955e-14]",primal=Optimization terminated successfully; dual=outer=Optimization terminated successfully; inner=Optimization terminated successfully,1,-235.53331463039544,235.5333146303954,,qwen25_real_m50_balanced_random_seed20260505_dare_linear_e8_dare_linear
dare_linear,triple,nbninh_a1f78795_1b61_4923_9235+nblinh63_0eb73af3_0631_437a_ad+versil91_63cd5c4a_5a68_4c25_bd,6.741391250145199,6.840732765197721,0,"[0.3249359897499086, 0.20000000000002463, 0.4750640102500667]","[0.2, 0.2, 0.6]",7.768785953521728,"{""nblinh63_0eb73af3_0631_437a_ad"": -6.840732765197721, ""nbninh_a1f78795_1b61_4923_9235"": -4.21762771606442, ""versil91_63cd5c4a_5a68_4c25_bd"": 0.08670978546145847}",nblinh63_0eb73af3_0631_437a_ad,continuous_primal_dual_psd,6,6.741391250145199,6.741391250145199,0.0,"[1.0, 0.0, 0.0]",primal=Optimization terminated successfully; dual=outer=Optimization terminated successfully; inner=Optimization terminated successfully,1,-363.63317635187866,363.63317635187866,,qwen25_real_m50_balanced_random_seed20260505_dare_linear_e8_dare_linear
dare_linear,triple,chauhoang_2aa4f343_5524_f86e_b+phungkhaccuong_731c6dec_a942_4+nhoxinh_0c66c9c5_5cc2_46a8_9db,41.81809443583066,43.27575273513791,0,"[0.24079493450745013, 0.5592050654925365, 0.2000000000000134]","[0.2, 0.6, 0.2]",0.0,"{""chauhoang_2aa4f343_5524_f86e_b"": -27.470830154418913, ""nhoxinh_0c66c9c5_5cc2_46a8_9db"": -43.27575273513791, ""phungkhaccuong_731c6dec_a942_4"": -22.47084684371945}",nhoxinh_0c66c9c5_5cc2_46a8_9db,continuous_primal_dual_psd,6,41.81809443583066,41.8180944358262,4.462208380573429e-12,"[0.0, 0.0, 1.0]",primal=Optimization terminated successfully; dual=outer=Optimization terminated successfully; inner=Optimization terminated successfully,1,-289.54427960049134,289.54427960049134,,qwen25_real_m50_balanced_random_seed20260505_dare_linear_e8_dare_linear
dare_linear,triple,versil91_8444c3be_8779_4769_a0+tuanna08go_7647f014_8af3_4266+cunghoctienganh_b7496e73_1762,-0.3688641114087279,-0.0384765132276022,1,"[0.2, 0.4990137065174201, 0.3009862934825799]","[0.2, 0.4, 0.4]",0.0,"{""cunghoctienganh_b7496e73_1762"": 16.59165315628055, ""tuanna08go_7647f014_8af3_4266"": 0.03847651322760221, ""versil91_8444c3be_8779_4769_a0"": 15.909835624694857}",tuanna08go_7647f014_8af3_4266,continuous_primal_dual_psd,6,-0.3688641114087279,-0.3688641114087279,0.0,"[0.0, 1.0, 0.0]",primal=Optimization terminated successfully; dual=outer=Optimization terminated successfully; inner=Optimization terminated successfully,1,-614.0807385803696,614.0807385803696,,qwen25_real_m50_balanced_random_seed20260505_dare_linear_e8_dare_linear
dare_linear,triple,nbninh_0d8b128b_8753_46c3_b80f+mrhungddddh_9b1deaac_4565_48f2+datlaaaaaaa_0dbe42c8_b07b_4785,-12.856626292119842,-3.4666626930237143,1,"[0.20000000000001422, 0.6, 0.19999999999998574]","[0.2, 0.6, 0.2]",0.0,"{""datlaaaaaaa_0dbe42c8_b07b_4785"": 12.072440910339388, ""mrhungddddh_9b1deaac_4565_48f2"": 3.4666626930237143, ""nbninh_0d8b128b_8753_46c3_b80f"": 9.820827770233187}",mrhungddddh_9b1deaac_4565_48f2,continuous_primal_dual_psd,6,-12.856626292119842,-12.85662629212024,3.979039320256561e-13,"[1.0, 0.0, 0.0]",primal=Optimization terminated successfully; dual=outer=Optimization terminated successfully; inner=Optimization terminated successfully,1,-335.46866904407807,335.468669044078,,qwen25_real_m50_balanced_random_seed20260505_dare_linear_e8_dare_linear
dare_linear,triple,nbninh_c4ae10ba_efe4_401e_8dd7+nblinh63_0eb73af3_0631_437a_ad+adammandic87_f28f18cf_4abb_4db,57.05415315632064,19.21325035095212,0,"[0.20000000000004442, 0.20000000000005347, 0.5999999999999022]","[0.6, 0.2, 0.2]",0.615537166595459,"{""adammandic87_f28f18cf_4abb_4db"": -19.213250350952116, ""nblinh63_0eb73af3_0631_437a_ad"": -12.15832538604733, ""nbninh_c4ae10ba_efe4_401e_8dd7"": -14.80037279129025}",adammandic87_f28f18cf_4abb_4db,continuous_primal_dual_psd,6,57.05415315632064,57.05415315632064,0.0,"[0.0, 1.0, 0.0]",primal=Optimization terminated successfully; dual=outer=Optimization terminated successfully; inner=Optimization terminated successfully,1,-1517.259486371364,1518.932994427904,,qwen25_real_m50_balanced_random_seed20260505_dare_linear_e8_dare_linear
dare_linear,triple,thaffggg_8a78a9b2_d3fa_4615_b8+tuanna08go_c1cf0152_7ae6_43b6+hongngo_9d92894f_7b7b_49e0_8f3,17.819811882272546,27.868548107147184,0,"[0.2, 0.46510705738722447, 0.3348929426127756]","[0.2, 0.4, 0.4]",0.0,"{""hongngo_9d92894f_7b7b_49e0_8f3"": -19.85718317031857, ""thaffggg_8a78a9b2_d3fa_4615_b8"": -27.868548107147184, ""tuanna08go_c1cf0152_7ae6_43b6"": -22.262516689300504}",thaffggg_8a78a9b2_d3fa_4615_b8,continuous_primal_dual_psd,6,17.819811882272546,17.819811882272546,0.0,"[0.0, 0.0, 1.0]",primal=Optimization terminated successfully; dual=outer=Optimization terminated successfully; inner=Optimization terminated successfully,1,-26.79363475121791,26.79363475121793,,qwen25_real_m50_balanced_random_seed20260505_dare_linear_e8_dare_linear
dare_linear,triple,versil91_e9f26c47_9b78_4e3f_81+hongngo_687b8c72_c89b_4cb7_b7c+nhung03_7b6cdc3c_7130_4c2c_a2c,24.820214187042616,18.72082061767575,0,"[0.46968958749713546, 0.3303104125028605, 0.20000000000000406]","[0.6, 0.2, 0.2]",18.12499761581421,"{""hongngo_687b8c72_c89b_4cb7_b7c"": -16.542771530151335, ""nhung03_7b6cdc3c_7130_4c2c_a2c"": -18.72082061767575, ""versil91_e9f26c47_9b78_4e3f_81"": -4.055516857940127}",nhung03_7b6cdc3c_7130_4c2c_a2c,continuous_primal_dual_psd,6,24.820214187042616,24.820214187036505,6.110667527536862e-12,"[0.0, 1.0, 0.0]",primal=Optimization terminated successfully; dual=outer=Optimization terminated successfully; inner=Optimization terminated successfully,1,-91.58867627058424,91.58867627058424,,qwen25_real_m50_balanced_random_seed20260505_dare_linear_e8_dare_linear
dare_linear,triple,duyphu_4909ad74_a335_4972_9ed8+nhoxinh_2f944a50_cbd3_4334_af8+mrhunghddddd_d692685b_fdb4_477,38.8877705142383,28.199997615814176,0,"[0.29931582352067443, 0.3349722455065102, 0.3657119309728154]","[0.2, 0.4, 0.4]",0.0,"{""duyphu_4909ad74_a335_4972_9ed8"": -23.001137447357145, ""mrhunghddddd_d692685b_fdb4_477"": -28.199997615814176, ""nhoxinh_2f944a50_cbd3_4334_af8"": -21.172741127014127}",mrhunghddddd_d692685b_fdb4_477,continuous_primal_dual_psd,6,38.8877705142383,38.887770514237474,8.242295734817162e-13,"[0.2447862026711188, 0.7552137973288812, 0.0]",primal=Optimization terminated successfully; dual=outer=Optimization terminated successfully; inner=Optimization terminated successfully,1,-480.9364942613173,480.93649426131753,,qwen25_real_m50_balanced_random_seed20260505_dare_linear_e8_dare_linear
dare_linear,triple,lhong4759_f68c5c87_934d_4399_b+mrhunghd_9e58333c_df22_4a00_9c+mrhungddddh_fe499423_02f3_4cfd,69.36741919846173,72.8394300460815,0,"[0.4198440542648997, 0.2, 0.38015594573510025]","[0.4, 0.4, 0.2]",4.110586643218994,"{""lhong4759_f68c5c87_934d_4399_b"": -32.29455060958859, ""mrhungddddh_fe499423_02f3_4cfd"": -72.8394300460815, ""mrhunghd_9e58333c_df22_4a00_9c"": -69.86668415069576}",mrhungddddh_fe499423_02f3_4cfd,continuous_primal_dual_psd,6,69.36741919846173,69.36741919846173,0.0,"[1.0, 0.0, 0.0]",primal=Optimization terminated successfully; dual=outer=Optimization terminated successfully; inner=Optimization terminated successfully,1,-1121.131546679684,1121.131546679684,,qwen25_real_m50_balanced_random_seed20260505_dare_linear_e8_dare_linear
dare_linear,triple,adammandic87_3d7a58a6_4380_4e3+cunghoctienganh_c1cf0152_7ae6+versil91_121ef6e9_0ded_4fc3_8c,11.539182138442976,-1.7981739707835462,1,"[0.2, 0.2, 0.6]","[0.2, 0.2, 0.6]",0.0,"{""adammandic87_3d7a58a6_4380_4e3"": 1.7981739707835462, ""cunghoctienganh_c1cf0152_7ae6"": 2.4578928347708944, ""versil91_121ef6e9_0ded_4fc3_8c"": 3.5190410518957997}",adammandic87_3d7a58a6_4380_4e3,continuous_primal_dual_psd,6,11.539182138442976,11.539182138442976,0.0,"[0.0, 1.0, 0.0]",primal=Optimization terminated successfully; dual=outer=Optimization terminated successfully; inner=Optimization terminated successfully,1,-377.1430429262391,379.11458229927865,,qwen25_real_m50_balanced_random_seed20260505_dare_linear_e8_dare_linear
dare_linear,triple,taronklm_trained_model+tuanna08go_7647f014_8af3_4266+nhoxinh_0c66c9c5_5cc2_46a8_9db,-1.7651881124466442,-1.356518827064024,1,"[0.4305234008984324, 0.3694765991015676, 0.19999999999999996]","[0.4, 0.4, 0.2]",0.0,"{""nhoxinh_0c66c9c5_5cc2_46a8_9db"": 54.10114221572879, ""taronklm_trained_model"": 1.356518827064024, ""tuanna08go_7647f014_8af3_4266"": 1.3666341512638962}",taronklm_trained_model,continuous_primal_dual_psd,6,-1.7651881124466442,-1.7651881124466442,0.0,"[0.0, 1.0, 0.0]",primal=Optimization terminated successfully; dual=outer=Optimization terminated successfully; inner=Optimization terminated successfully,0,26.01490358770249,0.0,,qwen25_real_m50_balanced_random_seed20260505_dare_linear_e8_dare_linear
dare_linear,triple,duyphu_7aba420b_74ac_4209_b514+datlaaaaaaa_cc1f8701_0976_4f48+chauhoang_2aa4f343_5524_f86e_b,88.80567611722695,13.51250715255734,0,"[0.2, 0.2, 0.6]","[0.2, 0.2, 0.6]",0.0,"{""chauhoang_2aa4f343_5524_f86e_b"": -13.51250715255734, ""datlaaaaaaa_cc1f8701_0976_4f48"": -6.429174613952604, ""duyphu_7aba420b_74ac_4209_b514"": -6.556645107269254}",chauhoang_2aa4f343_5524_f86e_b,continuous_primal_dual_psd,6,88.80567611722695,88.80567611722029,6.66489086142974e-12,"[0.9999999999997049, 0.0, 2.9504176879404826e-13]",primal=Optimization terminated successfully; dual=outer=Optimization terminated successfully; inner=Optimization terminated successfully,1,-1930.9373587836528,1930.9373587836528,,qwen25_real_m50_balanced_random_seed20260505_dare_linear_e8_dare_linear
dare_linear,triple,laquythang_8444c3be_8779_4769+mrhungddddh_911f6275_22fd_4f41+versil91_474890ea_012d_4a25_96,5.786745544870598,14.25551481246945,0,"[0.22824165918969766, 0.3648635711476753, 0.40689476966262705]","[0.2, 0.4, 0.4]",0.0,"{""laquythang_8444c3be_8779_4769"": -12.991657924652067, ""mrhungddddh_911f6275_22fd_4f41"": -14.25551481246945, ""versil91_474890ea_012d_4a25_96"": -12.623074722290006}",mrhungddddh_911f6275_22fd_4f41,continuous_primal_dual_psd,6,5.786745544870598,5.786745544866939,3.659295089164516e-12,"[7.141997672590732e-16, 0.7529435742560874, 0.24705642574391204]",primal=Optimization terminated successfully; dual=outer=Optimization terminated successfully; inner=Optimization terminated successfully,0,527.8961014185868,0.0,,qwen25_real_m50_balanced_random_seed20260505_dare_linear_e8_dare_linear
dare_linear,triple,nbninh_a1f78795_1b61_4923_9235+hongngo_7e251dfc_e0f7_4f73_aae+nhung02_08157847_d833_4d45_90f,19.065291042037984,26.94998092651364,0,"[0.4058962744201768, 0.20796187038986133, 0.3861418551899619]","[0.4, 0.2, 0.4]",0.0,"{""hongngo_7e251dfc_e0f7_4f73_aae"": -26.94998092651364, ""nbninh_a1f78795_1b61_4923_9235"": -9.898725223541227, ""nhung02_08157847_d833_4d45_90f"": -15.643182468414274}",hongngo_7e251dfc_e0f7_4f73_aae,continuous_primal_dual_psd,6,19.065291042037984,19.06529104203751,4.725109192804666e-13,"[0.1102248129707547, 1.5039983163684239e-15, 0.8897751870292437]",primal=Optimization terminated successfully; dual=outer=Optimization terminated successfully; inner=Optimization terminated successfully,0,131.1229691494791,0.0,,qwen25_real_m50_balanced_random_seed20260505_dare_linear_e8_dare_linear
dare_linear,triple,cunghoctienganh_4909ad74_a335+nhoxinh_9214fc0d_4490_4bdd_9ff+datlaaaaaaa_e8cccbe1_c136_409a,141.9259519100189,40.595832538604704,0,"[0.2, 0.2, 0.6]","[0.6, 0.2, 0.2]",2.499997615814209,"{""cunghoctienganh_4909ad74_a335"": -40.07934637069699, ""datlaaaaaaa_e8cccbe1_c136_409a"": -31.11666746139523, ""nhoxinh_9214fc0d_4490_4bdd_9ff"": -40.595832538604704}",nhoxinh_9214fc0d_4490_4bdd_9ff,continuous_primal_dual_psd,6,141.9259519100189,141.9259519100189,0.0,"[0.0, 1.0, 0.0]",primal=Optimization terminated successfully; dual=outer=Optimization terminated successfully; inner=Optimization terminated successfully,1,-2529.239823840113,2575.644347845943,,qwen25_real_m50_balanced_random_seed20260505_dare_linear_e8_dare_linear
dare_linear,triple,tuanna08go_6af2bb68_a65f_4331+phungkhaccuong_731c6dec_a942_4+thaffggg_8c87f3d3_d4bb_475a_a8,0.1220187652820001,-6.84734277725223,1,"[0.3791065281674474, 0.4208934718325533, 0.1999999999999993]","[0.2, 0.6, 0.2]",5.568170547485352,"{""phungkhaccuong_731c6dec_a942_4"": 7.841655540466341, ""thaffggg_8c87f3d3_d4bb_475a_a8"": 6.84734277725223, ""tuanna08go_6af2bb68_a65f_4331"": 20.62576704025272}",thaffggg_8c87f3d3_d4bb_475a_a8,continuous_primal_dual_psd,6,0.1220187652820001,0.1220187652819823,1.7819079545233762e-14,"[0.0, 0.9122372173362088, 0.08776278266379126]",primal=Optimization terminated successfully; dual=outer=Optimization terminated successfully; inner=Optimization terminated successfully,1,-344.8038602885294,344.8038602885294,,qwen25_real_m50_balanced_random_seed20260505_dare_linear_e8_dare_linear
dare_linear,triple,chauhoang_4909ad74_a335_4972_9+duyphu_0112d9da_9934_4614_b233+denbeo_d9ae91c0_fed9_4fb4_8ddd,244.13601923014775,37.88750476837155,0,"[0.2, 0.20000000000013146, 0.5999999999998685]","[0.4, 0.4, 0.2]",43.74999999999999,"{""chauhoang_4909ad74_a335_4972_9"": -27.33462162017819, ""denbeo_d9ae91c0_fed9_4fb4_8ddd"": -37.88750476837155, ""duyphu_0112d9da_9934_4614_b233"": -35.28333015441891}",denbeo_d9ae91c0_fed9_4fb4_8ddd,continuous_primal_dual_psd,6,244.13601923014775,244.13601923014775,0.0,"[1.0, 0.0, 0.0]",primal=Optimization terminated successfully; dual=outer=Optimization terminated successfully; inner=Optimization terminated successfully,1,-3197.543643682473,3197.5436436824725,,qwen25_real_m50_balanced_random_seed20260505_dare_linear_e8_dare_linear
dare_linear,triple,versil91_01a5620a_fb5f_4bab_94+phungkhaccuong_a992b7f5_9d18_c+versil91_63cd5c4a_5a68_4c25_bd,0.3342459309378176,0.663854640917957,0,"[0.49814015552038454, 0.2000000000000018, 0.30185984447961367]","[0.4, 0.4, 0.2]",0.7645856438110142,"{""phungkhaccuong_a992b7f5_9d18_c"": 0.8625000000000327, ""versil91_01a5620a_fb5f_4bab_94"": -0.663854640917957, ""versil91_63cd5c4a_5a68_4c25_bd"": 0.08670978546145847}",versil91_01a5620a_fb5f_4bab_94,continuous_primal_dual_psd,6,0.3342459309378176,0.3342459309360256,1.7920109840474654e-12,"[0.05044682509354327, 9.956322688169057e-15, 0.9495531749064468]",primal=Optimization terminated successfully; dual=outer=Optimization terminated successfully; inner=Optimization terminated successfully,1,-6.856656505391807,6.856656505391806,,qwen25_real_m50_balanced_random_seed20260505_dare_linear_e8_dare_linear
dare_linear,triple,versil91_8444c3be_8779_4769_a0+phungkhaccuong_2b1522e6_bef2_7+nhung02_db2c9545_4607_487b_9cc,15.017570622219154,14.184871387481657,0,"[0.200000000000007, 0.512570749575754, 0.28742925042423906]","[0.6, 0.2, 0.2]",6.609833240509033,"{""nhung02_db2c9545_4607_487b_9cc"": -9.67727012634274, ""phungkhaccuong_2b1522e6_bef2_7"": -11.32500476837155, ""versil91_8444c3be_8779_4769_a0"": -14.184871387481657}",versil91_8444c3be_8779_4769_a0,continuous_primal_dual_psd,6,15.017570622219154,15.017570622219123,3.0198066269804264e-14,"[0.0, 0.9600760925702286, 0.0399239074297712]",primal=Optimization terminated successfully; dual=outer=Optimization terminated successfully; inner=Optimization terminated successfully,1,-172.84078862815122,172.84078862815116,,qwen25_real_m50_balanced_random_seed20260505_dare_linear_e8_dare_linear
dare_linear,triple,duyphu_7aba420b_74ac_4209_b514+laquythang_efe15045_778f_4dfa+mrhunghd_9e58333c_df22_4a00_9c,71.85282853679911,58.30416984558102,0,"[0.3971243620658108, 0.20000000000002394, 0.40287563793416525]","[0.4, 0.4, 0.2]",16.458344459533684,"{""duyphu_7aba420b_74ac_4209_b514"": -37.52548999786374, ""laquythang_efe15045_778f_4dfa"": -58.30416984558102, ""mrhunghd_9e58333c_df22_4a00_9c"": -49.44998331069943}",laquythang_efe15045_778f_4dfa,continuous_primal_dual_psd,6,71.85282853679911,71.85282853679911,0.0,"[1.0, 0.0, 0.0]",primal=Optimization terminated successfully; dual=outer=Optimization terminated successfully; inner=Optimization terminated successfully,1,-703.7317656940236,703.7317656940236,,qwen25_real_m50_balanced_random_seed20260505_dare_linear_e8_dare_linear
dare_linear,triple,chauhoang_4909ad74_a335_4972_9+nbninh_0d8b128b_8753_46c3_b80f+thaffggg_8c87f3d3_d4bb_475a_a8,26.16415558887465,28.889086914062467,0,"[0.31635093474760057, 0.36762200657948574, 0.3160270586729137]","[0.4, 0.2, 0.4]",8.78206491470337,"{""chauhoang_4909ad74_a335_4972_9"": -28.889086914062467, ""nbninh_0d8b128b_8753_46c3_b80f"": -24.97084445953366, ""thaffggg_8c87f3d3_d4bb_475a_a8"": -28.531435203552213}",chauhoang_4909ad74_a335_4972_9,continuous_primal_dual_psd,6,26.16415558887465,26.164155588874596,5.684341886080803e-14,"[0.0, 0.0, 1.0]",primal=Optimization terminated successfully; dual=outer=Optimization terminated successfully; inner=Optimization terminated successfully,0,623.2041994320393,0.0,,qwen25_real_m50_balanced_random_seed20260505_dare_linear_e8_dare_linear
dare_linear,triple,nhoxinh_2f944a50_cbd3_4334_af8+datlaaaaaaa_e8cccbe1_c136_409a+versil91_63cd5c4a_5a68_4c25_bd,116.8314101342064,5.941107940673795,0,"[0.2, 0.2000000000000051, 0.5999999999999949]","[0.2, 0.2, 0.6]",0.0,"{""datlaaaaaaa_e8cccbe1_c136_409a"": 0.9666769981384604, ""nhoxinh_2f944a50_cbd3_4334_af8"": 4.348084259033236, ""versil91_63cd5c4a_5a68_4c25_bd"": -5.941107940673795}",versil91_63cd5c4a_5a68_4c25_bd,continuous_primal_dual_psd,6,116.8314101342064,116.8314101342064,0.0,"[1.0, 0.0, 0.0]",primal=Optimization terminated successfully; dual=outer=Optimization terminated successfully; inner=Optimization terminated successfully,1,-2738.538497262123,2738.538497262123,,qwen25_real_m50_balanced_random_seed20260505_dare_linear_e8_dare_linear
dare_linear,triple,cunghoctienganh_4909ad74_a335+adammandic87_f28f18cf_4abb_4db+versil91_121ef6e9_0ded_4fc3_8c,9.705003827408566,11.480870914459196,0,"[0.2, 0.2, 0.6]","[0.2, 0.4, 0.4]",5.743741989135742,"{""adammandic87_f28f18cf_4abb_4db"": -11.448112201690641, ""cunghoctienganh_4909ad74_a335"": -11.480870914459196, ""versil91_121ef6e9_0ded_4fc3_8c"": 0.6619008935824603}",cunghoctienganh_4909ad74_a335,continuous_primal_dual_psd,6,9.705003827408566,9.705003827408566,0.0,"[1.0, 0.0, 0.0]",primal=Optimization terminated successfully; dual=outer=Optimization terminated successfully; inner=Optimization terminated successfully,1,-356.8830447063505,356.8830447063505,,qwen25_real_m50_balanced_random_seed20260505_dare_linear_e8_dare_linear
dare_linear,triple,duyphu_0112d9da_9934_4614_b233+nblinh63_0eb73af3_0631_437a_ad+datlaaaaaaa_0dbe42c8_b07b_4785,27.499141008011847,14.065375995635954,0,"[0.20000000000000068, 0.33685247129484663, 0.46314752870515274]","[0.2, 0.4, 0.4]",0.0,"{""datlaaaaaaa_0dbe42c8_b07b_4785"": 3.066036033630404, ""duyphu_0112d9da_9934_4614_b233"": -14.065375995635954, ""nblinh63_0eb73af3_0631_437a_ad"": -10.01671857833859}",duyphu_0112d9da_9934_4614_b233,continuous_primal_dual_psd,6,27.499141008011847,27.499141008011662,1.8474111129762605e-13,"[0.0, 3.108624468950342e-14, 0.9999999999999689]",primal=Optimization terminated successfully; dual=outer=Optimization terminated successfully; inner=Optimization terminated successfully,0,61.74241286512888,0.0,,qwen25_real_m50_balanced_random_seed20260505_dare_linear_e8_dare_linear
dare_linear,triple,lhong4759_f68c5c87_934d_4399_b+nhung02_db2c9545_4607_487b_9cc+mrhungddddh_fe499423_02f3_4cfd,104.06045441378326,78.14319438934322,0,"[0.42409175506550706, 0.20000000000000287, 0.37590824493449004]","[0.4, 0.2, 0.4]",0.0,"{""lhong4759_f68c5c87_934d_4399_b"": -72.19039506912227, ""mrhungddddh_fe499423_02f3_4cfd"": -73.10383625030514, ""nhung02_db2c9545_4607_487b_9cc"": -78.14319438934322}",nhung02_db2c9545_4607_487b_9cc,continuous_primal_dual_psd,6,104.06045441378326,104.06045441378085,2.415845301584341e-12,"[0.9999999999992315, 0.0, 7.685750220434802e-13]",primal=Optimization terminated successfully; dual=outer=Optimization terminated successfully; inner=Optimization terminated successfully,1,-843.0254116531851,843.0254116531851,,qwen25_real_m50_balanced_random_seed20260505_dare_linear_e8_dare_linear
dare_linear,triple,thaffggg_8a78a9b2_d3fa_4615_b8+nbninh_c4ae10ba_efe4_401e_8dd7+hongngo_7e251dfc_e0f7_4f73_aae,119.16771836280827,35.58634824752804,0,"[0.2, 0.2, 0.6]","[0.2, 0.2, 0.6]",0.0,"{""hongngo_7e251dfc_e0f7_4f73_aae"": -15.387490463256803, ""nbninh_c4ae10ba_efe4_401e_8dd7"": -35.58634824752804, ""thaffggg_8a78a9b2_d3fa_4615_b8"": -28.976503086090055}",nbninh_c4ae10ba_efe4_401e_8dd7,continuous_primal_dual_psd,6,119.16771836280827,119.16771836280827,0.0,"[0.0, 0.0, 1.0]",primal=Optimization terminated successfully; dual=outer=Optimization terminated successfully; inner=Optimization terminated successfully,1,-1882.2165163610748,1882.216516361075,,qwen25_real_m50_balanced_random_seed20260505_dare_linear_e8_dare_linear
dare_linear,triple,phungkhaccuong_2b1522e6_bef2_7+denbeo_d9ae91c0_fed9_4fb4_8ddd+mrhunghddddd_d692685b_fdb4_477,95.27204150245022,52.01411552429196,0,"[0.44613657201167395, 0.2, 0.35386342798832604]","[0.4, 0.2, 0.4]",0.0,"{""denbeo_d9ae91c0_fed9_4fb4_8ddd"": -31.950023841857877, ""mrhunghddddd_d692685b_fdb4_477"": -47.47084684371945, ""phungkhaccuong_2b1522e6_bef2_7"": -52.01411552429196}",phungkhaccuong_2b1522e6_bef2_7,continuous_primal_dual_psd,6,95.27204150245022,95.27204150245022,0.0,"[0.0, 0.0, 1.0]",primal=Optimization terminated successfully; dual=outer=Optimization terminated successfully; inner=Optimization terminated successfully,1,-2328.1134116598005,2328.1134116598005,,qwen25_real_m50_balanced_random_seed20260505_dare_linear_e8_dare_linear
dare_linear,triple,tuanna08go_6af2bb68_a65f_4331+tuanna08go_c1cf0152_7ae6_43b6+hongngo_9d92894f_7b7b_49e0_8f3,36.74567646980283,15.709462833404508,0,"[0.2, 0.2, 0.6]","[0.2, 0.6, 0.2]",20.86174488067627,"{""hongngo_9d92894f_7b7b_49e0_8f3"": -11.864748668670622, ""tuanna08go_6af2bb68_a65f_4331"": -15.709462833404508, ""tuanna08go_c1cf0152_7ae6_43b6"": -6.220844459533659}",tuanna08go_6af2bb68_a65f_4331,continuous_primal_dual_psd,6,36.74567646980283,36.74567646980283,0.0,"[0.0, 0.0, 1.0]",primal=Optimization terminated successfully; dual=outer=Optimization terminated successfully; inner=Optimization terminated successfully,1,-674.615753377313,674.621031281759,,qwen25_real_m50_balanced_random_seed20260505_dare_linear_e8_dare_linear
dare_linear,triple,adammandic87_3d7a58a6_4380_4e3+tuanna08go_7647f014_8af3_4266+laquythang_efe15045_778f_4dfa,14.9457647913968,-0.0264522612220185,1,"[0.20000000000005685, 0.20000000000000803, 0.5999999999999351]","[0.4, 0.4, 0.2]",13.53895941377936,"{""adammandic87_3d7a58a6_4380_4e3"": 2.2377351704294073, ""laquythang_efe15045_778f_4dfa"": 12.633320617675814, ""tuanna08go_7647f014_8af3_4266"": 0.026452261222018533}",tuanna08go_7647f014_8af3_4266,continuous_primal_dual_psd,6,14.9457647913968,14.9457647913968,0.0,"[0.0, 0.0, 1.0]",primal=Optimization terminated successfully; dual=outer=Optimization terminated successfully; inner=Optimization terminated successfully,1,-478.1916486037383,478.1916486037384,,qwen25_real_m50_balanced_random_seed20260505_dare_linear_e8_dare_linear
dare_linear,triple,cunghoctienganh_b7496e73_1762+hongngo_687b8c72_c89b_4cb7_b7c+mrhungddddh_911f6275_22fd_4f41,33.690153573923126,9.506824684143034,0,"[0.4724451185797984, 0.20000000000008716, 0.32755488142011446]","[0.4, 0.2, 0.4]",0.0,"{""cunghoctienganh_b7496e73_1762"": 2.008327770233187, ""hongngo_687b8c72_c89b_4cb7_b7c"": -1.5143782615661294, ""mrhungddddh_911f6275_22fd_4f41"": -9.506824684143034}",mrhungddddh_911f6275_22fd_4f41,continuous_primal_dual_psd,6,33.690153573923126,33.690153573923126,0.0,"[1.0, 0.0, 0.0]",primal=Optimization terminated successfully; dual=outer=Optimization terminated successfully; inner=Optimization terminated successfully,1,-1274.1357085599543,1274.1357085599548,,qwen25_real_m50_balanced_random_seed20260505_dare_linear_e8_dare_linear
dare_linear,triple,versil91_e9f26c47_9b78_4e3f_81+nbninh_a1f78795_1b61_4923_9235+versil91_474890ea_012d_4a25_96,2.2933021349026124,-0.5833259901111222,1,"[0.20000000000004264, 0.20000000000003207, 0.5999999999999253]","[0.4, 0.2, 0.4]",0.6888816622257656,"{""nbninh_a1f78795_1b61_4923_9235"": 6.84806995391849, ""versil91_474890ea_012d_4a25_96"": 2.7615397453308432, ""versil91_e9f26c47_9b78_4e3f_81"": 0.5833259901111222}",versil91_e9f26c47_9b78_4e3f_81,continuous_primal_dual_psd,6,2.2933021349026124,2.2933021349026124,0.0,"[0.0, 0.0, 1.0]",primal=Optimization terminated successfully; dual=outer=Optimization terminated successfully; inner=Optimization terminated successfully,1,-490.0134203228124,490.0134203228124,,qwen25_real_m50_balanced_random_seed20260505_dare_linear_e8_dare_linear
dare_linear,triple,laquythang_8444c3be_8779_4769+cunghoctienganh_c1cf0152_7ae6+chauhoang_2aa4f343_5524_f86e_b,30.86485457524313,12.470832538604704,0,"[0.2000000000000092, 0.2572008636162164, 0.5427991363837744]","[0.2, 0.2, 0.6]",0.0,"{""chauhoang_2aa4f343_5524_f86e_b"": -12.470832538604704, ""cunghoctienganh_c1cf0152_7ae6"": -4.121065629065659, ""laquythang_8444c3be_8779_4769"": -9.554162693023649}",chauhoang_2aa4f343_5524_f86e_b,continuous_primal_dual_psd,6,30.86485457524313,30.86485457378292,1.4602079545511515e-09,"[0.6811118900454063, 0.31888810995445105, 1.4256681461360976e-13]",primal=Optimization terminated successfully; dual=outer=Optimization terminated successfully; inner=Optimization terminated successfully,1,-317.9292137209515,317.92921372095145,,qwen25_real_m50_balanced_random_seed20260505_dare_linear_e8_dare_linear
dare_linear,triple,duyphu_4909ad74_a335_4972_9ed8+nhoxinh_9214fc0d_4490_4bdd_9ff+nhung02_08157847_d833_4d45_90f,130.6902943058193,60.38749523162839,0,"[0.2, 0.20000000000000914, 0.5999999999999909]","[0.2, 0.4, 0.4]",1.1458516120910645,"{""duyphu_4909ad74_a335_4972_9ed8"": -49.2984921455383, ""nhoxinh_9214fc0d_4490_4bdd_9ff"": -60.387495231628385, ""nhung02_08157847_d833_4d45_90f"": -40.76630182266232}",nhoxinh_9214fc0d_4490_4bdd_9ff,continuous_primal_dual_psd,6,130.6902943058193,130.6902943058193,0.0,"[0.0, 0.0, 1.0]",primal=Optimization terminated successfully; dual=outer=Optimization terminated successfully; inner=Optimization terminated successfully,1,-3124.447009270728,3124.4470092707284,,qwen25_real_m50_balanced_random_seed20260505_dare_linear_e8_dare_linear
dare_linear,triple,taronklm_trained_model+phungkhaccuong_a992b7f5_9d18_c+phungkhaccuong_731c6dec_a942_4,-2.189572336569147,-2.306627160556828,1,"[0.3361254509269772, 0.2, 0.4638745490730227]","[0.4, 0.2, 0.4]",0.0,"{""phungkhaccuong_731c6dec_a942_4"": 67.26875000000003, ""phungkhaccuong_a992b7f5_9d18_c"": 48.77915077209476, ""taronklm_trained_model"": 2.3066271605568276}",taronklm_trained_model,continuous_primal_dual_psd,6,-2.189572336569147,-2.189572336569147,0.0,"[0.0, 0.0, 1.0]",primal=Optimization terminated successfully; dual=outer=Optimization terminated successfully; inner=Optimization terminated successfully,1,-994.0932529285373,994.0932529285373,,qwen25_real_m50_balanced_random_seed20260505_dare_linear_e8_dare_linear
dare_linear,triple,versil91_01a5620a_fb5f_4bab_94+datlaaaaaaa_cc1f8701_0976_4f48+nhung03_7b6cdc3c_7130_4c2c_a2c,19.091321777514622,30.70000715255734,0,"[0.4336148662270397, 0.2705940632642512, 0.2957910705087091]","[0.4, 0.2, 0.4]",0.0,"{""datlaaaaaaa_cc1f8701_0976_4f48"": -22.262516689300504, ""nhung03_7b6cdc3c_7130_4c2c_a2c"": -30.70000715255734, ""versil91_01a5620a_fb5f_4bab_94"": -4.43493587180428}",nhung03_7b6cdc3c_7130_4c2c_a2c,continuous_primal_dual_psd,6,19.091321777514622,19.091321777514416,2.0605739337042905e-13,"[0.0, 0.9999999999999645, 3.5638159090466256e-14]",primal=Optimization terminated successfully; dual=outer=Optimization terminated successfully; inner=Optimization terminated successfully,0,87.0332521745881,0.0,,qwen25_real_m50_balanced_random_seed20260505_dare_linear_e8_dare_linear
dare_linear,triple,versil91_8444c3be_8779_4769_a0+nhoxinh_0c66c9c5_5cc2_46a8_9db+mrhungddddh_9b1deaac_4565_48f2,8.024440970343605,17.65076227188107,0,"[0.2, 0.2436733033151905, 0.5563266966848095]","[0.6, 0.2, 0.2]",20.00945806503296,"{""mrhungddddh_9b1deaac_4565_48f2"": -8.218923282623258, ""nhoxinh_0c66c9c5_5cc2_46a8_9db"": -14.84772272109982, ""versil91_8444c3be_8779_4769_a0"": -17.65076227188107}",versil91_8444c3be_8779_4769_a0,continuous_primal_dual_psd,6,8.024440970343605,8.024440970343605,0.0,"[0.0, 0.0, 1.0]",primal=Optimization terminated successfully; dual=outer=Optimization terminated successfully; inner=Optimization terminated successfully,1,-238.8990940430013,238.89909404300127,,qwen25_real_m50_balanced_random_seed20260505_dare_linear_e8_dare_linear
dare_linear,triple,cunghoctienganh_c1cf0152_7ae6+nhung02_08157847_d833_4d45_90f+adammandic87_f28f18cf_4abb_4db,25.78028681684304,7.234087657928434,0,"[0.2, 0.23352949866257466, 0.5664705013374254]","[0.6, 0.2, 0.2]",7.859861850738525,"{""adammandic87_f28f18cf_4abb_4db"": -7.234087657928434, ""cunghoctienganh_c1cf0152_7ae6"": -0.38421433045822906, ""nhung02_08157847_d833_4d45_90f"": 1.1465995788574546}",adammandic87_f28f18cf_4abb_4db,continuous_primal_dual_psd,6,25.78028681684304,25.78028681684252,5.186961971048731e-13,"[7.361888876283993e-13, 0.9999999999992637, 0.0]",primal=Optimization terminated successfully; dual=outer=Optimization terminated successfully; inner=Optimization terminated successfully,1,-678.2472586211659,678.2472586211658,,qwen25_real_m50_balanced_random_seed20260505_dare_linear_e8_dare_linear
dare_linear,triple,denbeo_d9ae91c0_fed9_4fb4_8ddd+hongngo_687b8c72_c89b_4cb7_b7c+versil91_121ef6e9_0ded_4fc3_8c,32.122305107116674,12.631800842285124,0,"[0.2, 0.2, 0.6]","[0.2, 0.2, 0.6]",0.0,"{""denbeo_d9ae91c0_fed9_4fb4_8ddd"": -9.450009536743131, ""hongngo_687b8c72_c89b_4cb7_b7c"": -12.631800842285124, ""versil91_121ef6e9_0ded_4fc3_8c"": -2.452370921731238}",hongngo_687b8c72_c89b_4cb7_b7c,continuous_primal_dual_psd,6,32.122305107116674,32.122305107116674,0.0,"[0.0, 1.0, 0.0]",primal=Optimization terminated successfully; dual=outer=Optimization terminated successfully; inner=Optimization terminated successfully,1,-747.9641511117634,758.5985809831083,,qwen25_real_m50_balanced_random_seed20260505_dare_linear_e8_dare_linear
dare_linear,triple,versil91_e9f26c47_9b78_4e3f_81+duyphu_7aba420b_74ac_4209_b514+cunghoctienganh_4909ad74_a335,9.65584088455148,20.349612903594934,0,"[0.535461060448383, 0.2, 0.2645389395516169]","[0.6, 0.2, 0.2]",0.0,"{""cunghoctienganh_4909ad74_a335"": -20.349612903594938, ""duyphu_7aba420b_74ac_4209_b514"": -20.249834728240934, ""versil91_e9f26c47_9b78_4e3f_81"": -7.861036862975479}",cunghoctienganh_4909ad74_a335,continuous_primal_dual_psd,6,9.65584088455148,9.65584088455148,0.0,"[0.0, 1.0, 0.0]",primal=Optimization terminated successfully; dual=outer=Optimization terminated successfully; inner=Optimization terminated successfully,1,-101.78590874966986,101.78590874966989,,qwen25_real_m50_balanced_random_seed20260505_dare_linear_e8_dare_linear
dare_linear,triple,lhong4759_f68c5c87_934d_4399_b+tuanna08go_6af2bb68_a65f_4331+nhoxinh_2f944a50_cbd3_4334_af8,25.618833349012917,13.800957870483366,0,"[0.2, 0.2, 0.6]","[0.4, 0.2, 0.4]",8.854162693023682,"{""lhong4759_f68c5c87_934d_4399_b"": 4.612490463256869, ""nhoxinh_2f944a50_cbd3_4334_af8"": -13.800957870483366, ""tuanna08go_6af2bb68_a65f_4331"": -11.722710800170866}",nhoxinh_2f944a50_cbd3_4334_af8,continuous_primal_dual_psd,6,25.618833349012917,25.618833349012917,0.0,"[1.0, 0.0, 0.0]",primal=Optimization terminated successfully; dual=outer=Optimization terminated successfully; inner=Optimization terminated successfully,1,-221.09921988429613,221.09921988429616,,qwen25_real_m50_balanced_random_seed20260505_dare_linear_e8_dare_linear
dare_linear,triple,thaffggg_8a78a9b2_d3fa_4615_b8+nbninh_c4ae10ba_efe4_401e_8dd7+mrhunghddddd_d692685b_fdb4_477,167.96943850517283,56.09772510528561,0,"[0.2, 0.2, 0.6]","[0.2, 0.2, 0.6]",0.0,"{""mrhunghddddd_d692685b_fdb4_477"": -34.345856380462614, ""nbninh_c4ae10ba_efe4_401e_8dd7"": -56.09772510528561, ""thaffggg_8a78a9b2_d3fa_4615_b8"": -53.81552286148068}",nbninh_c4ae10ba_efe4_401e_8dd7,continuous_primal_dual_psd,6,167.96943850517283,167.96943850517258,2.557953848736361e-13,"[1.8865156768843463e-14, 0.0, 0.9999999999999811]",primal=Optimization terminated successfully; dual=outer=Optimization terminated successfully; inner=Optimization terminated successfully,1,-2467.097493162586,2469.865703659114,,qwen25_real_m50_balanced_random_seed20260505_dare_linear_e8_dare_linear
dare_linear,triple,tuanna08go_c1cf0152_7ae6_43b6+nbninh_0d8b128b_8753_46c3_b80f+datlaaaaaaa_0dbe42c8_b07b_4785,120.0090992944792,30.179157924652067,0,"[0.2, 0.2, 0.6]","[0.6, 0.2, 0.2]",7.083332538604736,"{""datlaaaaaaa_0dbe42c8_b07b_4785"": -27.96762294769284, ""nbninh_0d8b128b_8753_46c3_b80f"": -14.345827770233122, ""tuanna08go_c1cf0152_7ae6_43b6"": -30.179157924652067}",tuanna08go_c1cf0152_7ae6_43b6,continuous_primal_dual_psd,6,120.0090992944792,120.00909929446176,1.7422507880837657e-11,"[0.0, 0.9999999999965552, 3.444704463829266e-12]",primal=Optimization terminated successfully; dual=outer=Optimization terminated successfully; inner=Optimization terminated successfully,1,-2177.727001005759,2177.727001005759,,qwen25_real_m50_balanced_random_seed20260505_dare_linear_e8_dare_linear
dare_linear,triple,taronklm_trained_model+hongngo_9d92894f_7b7b_49e0_8f3+nhung02_db2c9545_4607_487b_9cc,103.66313810506732,-0.9542632790921676,1,"[0.24577248634430568, 0.2, 0.5542275136556943]","[0.6, 0.2, 0.2]",121.14290787900669,"{""hongngo_9d92894f_7b7b_49e0_8f3"": 29.1153638839722, ""nhung02_db2c9545_4607_487b_9cc"": 79.08694438934329, ""taronklm_trained_model"": 0.9542632790921675}",taronklm_trained_model,continuous_primal_dual_psd,6,103.66313810506732,103.66313810506595,1.3500311979441906e-12,"[0.40211113581552194, 0.0, 0.5978888641844782]",primal=Optimization terminated successfully; dual=outer=Optimization terminated successfully; inner=Optimization terminated successfully,1,-1276.2389958979293,1292.214756668957,,qwen25_real_m50_balanced_random_seed20260505_dare_linear_e8_dare_linear
dare_linear,triple,tuanna08go_7647f014_8af3_4266+duyphu_0112d9da_9934_4614_b233+versil91_474890ea_012d_4a25_96,0.4165403512543302,-0.2519038328932542,1,"[0.2000000000000005, 0.30123970788222737, 0.49876029211777206]","[0.6, 0.2, 0.2]",4.365366471748202,"{""duyphu_0112d9da_9934_4614_b233"": 17.889746952056917, ""tuanna08go_7647f014_8af3_4266"": 0.2519038328932542, ""versil91_474890ea_012d_4a25_96"": 18.1221096992493}",tuanna08go_7647f014_8af3_4266,continuous_primal_dual_psd,6,0.4165403512543302,0.4165403512543302,0.0,"[1.0, 0.0, 0.0]",primal=Optimization terminated successfully; dual=outer=Optimization terminated successfully; inner=Optimization terminated successfully,1,-14.320516268238377,14.32051626823838,,qwen25_real_m50_balanced_random_seed20260505_dare_linear_e8_dare_linear
dare_linear,triple,adammandic87_3d7a58a6_4380_4e3+mrhunghd_9e58333c_df22_4a00_9c+mrhungddddh_9b1deaac_4565_48f2,1.1800979841146102,11.69431514739987,0,"[0.4614866650330487, 0.2, 0.33851333496695135]","[0.6, 0.2, 0.2]",1.259469985961914,"{""adammandic87_3d7a58a6_4380_4e3"": -2.8098983694850093, ""mrhungddddh_9b1deaac_4565_48f2"": -11.69431514739987, ""mrhunghd_9e58333c_df22_4a00_9c"": -5.595842075347868}",mrhungddddh_9b1deaac_4565_48f2,continuous_primal_dual_psd,6,1.1800979841146102,1.1800979841146102,0.0,"[0.0, 1.0, 0.0]",primal=Optimization terminated successfully; dual=outer=Optimization terminated successfully; inner=Optimization terminated successfully,1,-977.0500359076716,977.0500359076718,,qwen25_real_m50_balanced_random_seed20260505_dare_linear_e8_dare_linear
dare_linear,triple,chauhoang_4909ad74_a335_4972_9+nbninh_a1f78795_1b61_4923_9235+thaffggg_8c87f3d3_d4bb_475a_a8,18.621654016432444,17.4802810668945,0,"[0.3589660945436741, 0.20000000000005158, 0.4410339054562743]","[0.4, 0.2, 0.4]",0.0,"{""chauhoang_4909ad74_a335_4972_9"": -1.1968047142028482, ""nbninh_a1f78795_1b61_4923_9235"": -4.658332538604704, ""thaffggg_8c87f3d3_d4bb_475a_a8"": -17.4802810668945}",thaffggg_8c87f3d3_d4bb_475a_a8,continuous_primal_dual_psd,6,18.621654016432444,18.621654016432444,0.0,"[1.0, 0.0, 0.0]",primal=Optimization terminated successfully; dual=outer=Optimization terminated successfully; inner=Optimization terminated successfully,1,-1267.7506638506306,1267.7506638506304,,qwen25_real_m50_balanced_random_seed20260505_dare_linear_e8_dare_linear
dare_linear,triple,laquythang_efe15045_778f_4dfa+nhung03_7b6cdc3c_7130_4c2c_a2c+versil91_63cd5c4a_5a68_4c25_bd,25.646596795229662,20.49165077209469,0,"[0.20000000000002843, 0.2000000000000045, 0.599999999999967]","[0.2, 0.4, 0.4]",5.761957168579102,"{""laquythang_efe15045_778f_4dfa"": -10.804167461395231, ""nhung03_7b6cdc3c_7130_4c2c_a2c"": -20.491650772094694, ""versil91_63cd5c4a_5a68_4c25_bd"": -17.224624824523893}",nhung03_7b6cdc3c_7130_4c2c_a2c,continuous_primal_dual_psd,6,25.646596795229662,25.646596795229662,0.0,"[1.0, 0.0, 0.0]",primal=Optimization terminated successfully; dual=outer=Optimization terminated successfully; inner=Optimization terminated successfully,1,-368.370379450564,368.370379450564,,qwen25_real_m50_balanced_random_seed20260505_dare_linear_e8_dare_linear
dare_linear,triple,chauhoang_2aa4f343_5524_f86e_b+phungkhaccuong_731c6dec_a942_4+mrhungddddh_911f6275_22fd_4f41,24.55415268388209,13.72082538604733,0,"[0.2, 0.2, 0.6]","[0.4, 0.4, 0.2]",26.5902042388916,"{""chauhoang_2aa4f343_5524_f86e_b"": -13.72082538604733, ""mrhungddddh_911f6275_22fd_4f41"": -11.456123065948454, ""phungkhaccuong_731c6dec_a942_4"": -6.533327770233122}",chauhoang_2aa4f343_5524_f86e_b,continuous_primal_dual_psd,6,24.55415268388209,24.55415268388192,1.7408297026122457e-13,"[1.5820678100908367e-14, 0.0, 0.9999999999999842]",primal=Optimization terminated successfully; dual=outer=Optimization terminated successfully; inner=Optimization terminated successfully,1,-279.41313924696203,279.41313924696203,,qwen25_real_m50_balanced_random_seed20260505_dare_linear_e8_dare_linear
dare_linear,triple,versil91_01a5620a_fb5f_4bab_94+datlaaaaaaa_cc1f8701_0976_4f48+duyphu_4909ad74_a335_4972_9ed8,85.15515632635672,1.2301186047601886,0,"[0.2000000000001506, 0.2, 0.5999999999998493]","[0.6, 0.2, 0.2]",32.5948766268682,"{""datlaaaaaaa_cc1f8701_0976_4f48"": -0.4916579246520669, ""duyphu_4909ad74_a335_4972_9ed8"": 2.974232959747347, ""versil91_01a5620a_fb5f_4bab_94"": -1.2301186047601886}",versil91_01a5620a_fb5f_4bab_94,continuous_primal_dual_psd,6,85.15515632635672,85.15515632635672,0.0,"[0.0, 0.0, 1.0]",primal=Optimization terminated successfully; dual=outer=Optimization terminated successfully; inner=Optimization terminated successfully,1,-1609.7766160965011,1609.7766160965011,,qwen25_real_m50_balanced_random_seed20260505_dare_linear_e8_dare_linear
dare_linear,triple,versil91_8444c3be_8779_4769_a0+laquythang_8444c3be_8779_4769+nhoxinh_0c66c9c5_5cc2_46a8_9db,128.93865913147022,42.054179382324186,0,"[0.2, 0.2, 0.6]","[0.6, 0.2, 0.2]",30.29353618621825,"{""laquythang_8444c3be_8779_4769"": -42.054179382324186, ""nhoxinh_0c66c9c5_5cc2_46a8_9db"": -40.65265960693356, ""versil91_8444c3be_8779_4769_a0"": -34.67729396820065}",laquythang_8444c3be_8779_4769,continuous_primal_dual_psd,6,128.93865913147022,128.93865913132845,1.417674866388552e-10,"[0.0, 0.9999999999807008, 1.92991178589891e-11]",primal=Optimization terminated successfully; dual=outer=Optimization terminated successfully; inner=Optimization terminated successfully,1,-1673.6266769470262,1673.6266769470262,,qwen25_real_m50_balanced_random_seed20260505_dare_linear_e8_dare_linear
dare_linear,triple,nhoxinh_9214fc0d_4490_4bdd_9ff+hongngo_7e251dfc_e0f7_4f73_aae+datlaaaaaaa_e8cccbe1_c136_409a,34.923598009861,29.34583730697629,0,"[0.20000000000000004, 0.4599719660066775, 0.3400280339933225]","[0.2, 0.4, 0.4]",0.0,"{""datlaaaaaaa_e8cccbe1_c136_409a"": -20.491650772094694, ""hongngo_7e251dfc_e0f7_4f73_aae"": -24.762490463256803, ""nhoxinh_9214fc0d_4490_4bdd_9ff"": -29.345837306976286}",nhoxinh_9214fc0d_4490_4bdd_9ff,continuous_primal_dual_psd,6,34.923598009861,34.923598009861,0.0,"[0.0, 1.0, 0.0]",primal=Optimization terminated successfully; dual=outer=Optimization terminated successfully; inner=Optimization terminated successfully,1,-571.1036646701106,571.1036646701107,,qwen25_real_m50_balanced_random_seed20260505_dare_linear_e8_dare_linear
dare_linear,triple,cunghoctienganh_b7496e73_1762+phungkhaccuong_a992b7f5_9d18_c+mrhungddddh_fe499423_02f3_4cfd,16.233792616117853,4.449990463256803,0,"[0.20000000000000684, 0.37949483021012625, 0.42050516978986696]","[0.2, 0.4, 0.4]",0.0,"{""cunghoctienganh_b7496e73_1762"": 2.1124928474426596, ""mrhungddddh_fe499423_02f3_4cfd"": 7.809612083435091, ""phungkhaccuong_a992b7f5_9d18_c"": -4.449990463256803}",phungkhaccuong_a992b7f5_9d18_c,continuous_primal_dual_psd,6,16.233792616117853,16.233792616117853,0.0,"[0.0, 0.0, 1.0]",primal=Optimization terminated successfully; dual=outer=Optimization terminated successfully; inner=Optimization terminated successfully,0,184.97716060450543,0.0,,qwen25_real_m50_balanced_random_seed20260505_dare_linear_e8_dare_linear
dare_linear,triple,phungkhaccuong_2b1522e6_bef2_7+nblinh63_0eb73af3_0631_437a_ad+datlaaaaaaa_e8cccbe1_c136_409a,10.482539848677774,2.054181766509977,0,"[0.35682287282447905, 0.24716457588115356, 0.3960125512943674]","[0.4, 0.2, 0.4]",0.0,"{""datlaaaaaaa_e8cccbe1_c136_409a"": 5.966660308837923, ""nblinh63_0eb73af3_0631_437a_ad"": 0.37444524765017917, ""phungkhaccuong_2b1522e6_bef2_7"": -2.054181766509977}",phungkhaccuong_2b1522e6_bef2_7,continuous_primal_dual_psd,6,10.482539848677774,10.482539848677726,4.796163466380676e-14,"[0.2811770474501918, 0.7188229525498082, 0.0]",primal=Optimization terminated successfully; dual=outer=Optimization terminated successfully; inner=Optimization terminated successfully,1,-87.15964538661252,87.15964538661252,,qwen25_real_m50_balanced_random_seed20260505_dare_linear_e8_dare_linear
dare_linear,triple,taronklm_trained_model+nbninh_c4ae10ba_efe4_401e_8dd7+mrhungddddh_fe499423_02f3_4cfd,19.811914159701068,-1.6414242186486698,1,"[0.39099795871738696, 0.2, 0.40900204128261297]","[0.6, 0.2, 0.2]",0.0756178411122947,"{""mrhungddddh_fe499423_02f3_4cfd"": 64.9971096992493, ""nbninh_c4ae10ba_efe4_401e_8dd7"": 59.27159481048587, ""taronklm_trained_model"": 1.6414242186486698}",taronklm_trained_model,continuous_primal_dual_psd,6,19.811914159701068,19.811914159701068,0.0,"[1.0, 0.0, 0.0]",primal=Optimization terminated successfully; dual=outer=Optimization terminated successfully; inner=Optimization terminated successfully,1,-1298.9650138426682,1298.9650138426682,,qwen25_real_m50_balanced_random_seed20260505_dare_linear_e8_dare_linear
dare_linear,triple,lhong4759_f68c5c87_934d_4399_b+versil91_8444c3be_8779_4769_a0+mrhungddddh_911f6275_22fd_4f41,11.530022403946438,-1.1749952316284509,1,"[0.2, 0.25510075295922185, 0.5448992470407781]","[0.2, 0.6, 0.2]",6.628048419952393,"{""lhong4759_f68c5c87_934d_4399_b"": 12.288781929016146, ""mrhungddddh_911f6275_22fd_4f41"": 3.827962207794222, ""versil91_8444c3be_8779_4769_a0"": 1.1749952316284507}",versil91_8444c3be_8779_4769_a0,continuous_primal_dual_psd,6,11.530022403946438,11.530022403932778,1.3660184094987926e-11,"[0.5458018682709583, 0.45419813172904167, 0.0]",primal=Optimization terminated successfully; dual=outer=Optimization terminated successfully; inner=Optimization terminated successfully,1,-194.6365774412321,194.6365774412321,,qwen25_real_m50_balanced_random_seed20260505_dare_linear_e8_dare_linear
dare_linear,triple,duyphu_4909ad74_a335_4972_9ed8+phungkhaccuong_2b1522e6_bef2_7+nhoxinh_2f944a50_cbd3_4334_af8,43.1621284008026,7.695189189910856,0,"[0.2, 0.2, 0.6]","[0.2, 0.6, 0.2]",9.074902534484863,"{""duyphu_4909ad74_a335_4972_9ed8"": 1.6390173912048667, ""nhoxinh_2f944a50_cbd3_4334_af8"": -3.7648946762084634, ""phungkhaccuong_2b1522e6_bef2_7"": -7.695189189910856}",phungkhaccuong_2b1522e6_bef2_7,continuous_primal_dual_psd,6,43.1621284008026,43.16212840080034,2.2595258997171186e-12,"[1.8324231021434851e-13, 0.9999999999998168, 0.0]",primal=Optimization terminated successfully; dual=outer=Optimization terminated successfully; inner=Optimization terminated successfully,1,-1198.7196599518832,1232.2856676587237,,qwen25_real_m50_balanced_random_seed20260505_dare_linear_e8_dare_linear
dare_linear,triple,tuanna08go_7647f014_8af3_4266+denbeo_d9ae91c0_fed9_4fb4_8ddd+mrhunghd_9e58333c_df22_4a00_9c,201.52193724278112,9.866657924652069,0,"[0.2, 0.2, 0.6]","[0.4, 0.4, 0.2]",53.43749523162842,"{""denbeo_d9ae91c0_fed9_4fb4_8ddd"": 3.0499904632568686, ""mrhunghd_9e58333c_df22_4a00_9c"": -9.866657924652067, ""tuanna08go_7647f014_8af3_4266"": -0.7310625809381255}",mrhunghd_9e58333c_df22_4a00_9c,continuous_primal_dual_psd,6,201.52193724278112,201.52193724278112,0.0,"[0.0, 1.0, 0.0]",primal=Optimization terminated successfully; dual=outer=Optimization terminated successfully; inner=Optimization terminated successfully,1,-4070.570918983478,4070.570918983478,,qwen25_real_m50_balanced_random_seed20260505_dare_linear_e8_dare_linear
dare_linear,triple,duyphu_0112d9da_9934_4614_b233+mrhungddddh_9b1deaac_4565_48f2+mrhunghddddd_d692685b_fdb4_477,87.3347412090607,80.73786802291866,0,"[0.20000000000002105, 0.599999999999996, 0.19999999999998297]","[0.2, 0.6, 0.2]",0.0,"{""duyphu_0112d9da_9934_4614_b233"": -58.66474218368527, ""mrhungddddh_9b1deaac_4565_48f2"": -80.73786802291866, ""mrhunghddddd_d692685b_fdb4_477"": -49.97084445953366}",mrhungddddh_9b1deaac_4565_48f2,continuous_primal_dual_psd,6,87.3347412090607,87.3347412090536,7.091216502885799e-12,"[0.9999999999992537, 0.0, 7.462919171524733e-13]",primal=Optimization terminated successfully; dual=outer=Optimization terminated successfully; inner=Optimization terminated successfully,1,-455.75889378100896,455.75889378100896,,qwen25_real_m50_balanced_random_seed20260505_dare_linear_e8_dare_linear
dare_linear,triple,duyphu_7aba420b_74ac_4209_b514+cunghoctienganh_b7496e73_1762+nhung03_7b6cdc3c_7130_4c2c_a2c,72.15413472806874,38.99983472824093,0,"[0.20000000000004153, 0.26694128428474556, 0.5330587157152129]","[0.2, 0.4, 0.4]",24.09600019454956,"{""cunghoctienganh_b7496e73_1762"": -23.82500476837155, ""duyphu_7aba420b_74ac_4209_b514"": -38.999834728240934, ""nhung03_7b6cdc3c_7130_4c2c_a2c"": -36.84581823348996}",duyphu_7aba420b_74ac_4209_b514,continuous_primal_dual_psd,6,72.15413472806874,72.15413472806874,0.0,"[1.0, 0.0, 0.0]",primal=Optimization terminated successfully; dual=outer=Optimization terminated successfully; inner=Optimization terminated successfully,1,-537.745695805678,537.7456958056781,,qwen25_real_m50_balanced_random_seed20260505_dare_linear_e8_dare_linear
dare_linear,triple,thaffggg_8a78a9b2_d3fa_4615_b8+chauhoang_4909ad74_a335_4972_9+nhung02_08157847_d833_4d45_90f,156.88488204088296,47.75492258071896,0,"[0.2, 0.2, 0.6]","[0.2, 0.2, 0.6]",0.0,"{""chauhoang_4909ad74_a335_4972_9"": -42.51089401245114, ""nhung02_08157847_d833_4d45_90f"": -25.36858625411984, ""thaffggg_8a78a9b2_d3fa_4615_b8"": -47.75492258071896}",thaffggg_8a78a9b2_d3fa_4615_b8,continuous_primal_dual_psd,6,156.88488204088296,156.88488204088296,0.0,"[0.0, 1.0, 0.0]",primal=Optimization terminated successfully; dual=outer=Optimization terminated successfully; inner=Optimization terminated successfully,1,-3126.685093848657,3126.6850938486564,,qwen25_real_m50_balanced_random_seed20260505_dare_linear_e8_dare_linear
dare_linear,triple,nhoxinh_9214fc0d_4490_4bdd_9ff+nhung02_db2c9545_4607_487b_9cc+datlaaaaaaa_0dbe42c8_b07b_4785,26.23391689694631,39.93294544219968,0,"[0.2839970626275796, 0.2, 0.5160029373724204]","[0.2, 0.2, 0.6]",0.0,"{""datlaaaaaaa_0dbe42c8_b07b_4785"": -25.49966878890988, ""nhoxinh_9214fc0d_4490_4bdd_9ff"": -29.76250953674313, ""nhung02_db2c9545_4607_487b_9cc"": -39.932945442199674}",nhung02_db2c9545_4607_487b_9cc,continuous_primal_dual_psd,6,26.23391689694631,26.23391689694631,0.0,"[0.0, 0.0, 1.0]",primal=Optimization terminated successfully; dual=outer=Optimization terminated successfully; inner=Optimization terminated successfully,1,-891.1322190575045,891.1322190575047,,qwen25_real_m50_balanced_random_seed20260505_dare_linear_e8_dare_linear
dare_linear,triple,versil91_e9f26c47_9b78_4e3f_81+chauhoang_2aa4f343_5524_f86e_b+hongngo_7e251dfc_e0f7_4f73_aae,6.983466891659418,4.13750715255734,0,"[0.20000000000000048, 0.45626815514509417, 0.3437318448549054]","[0.2, 0.4, 0.4]",0.0,"{""chauhoang_2aa4f343_5524_f86e_b"": -4.13750715255734, ""hongngo_7e251dfc_e0f7_4f73_aae"": -0.6999761581420572, ""versil91_e9f26c47_9b78_4e3f_81"": -3.8110749777954998}",chauhoang_2aa4f343_5524_f86e_b,continuous_primal_dual_psd,6,6.983466891659418,6.983466891659418,0.0,"[0.0, 0.0, 1.0]",primal=Optimization terminated successfully; dual=outer=Optimization terminated successfully; inner=Optimization terminated successfully,1,-148.43386410623646,148.43386410623637,,qwen25_real_m50_balanced_random_seed20260505_dare_linear_e8_dare_linear
dare_linear,triple,datlaaaaaaa_cc1f8701_0976_4f48+cunghoctienganh_c1cf0152_7ae6+cunghoctienganh_4909ad74_a335,44.44027983606041,18.251708221435518,0,"[0.2, 0.22110979852507281, 0.5788902014749272]","[0.2, 0.6, 0.2]",14.674389362335203,"{""cunghoctienganh_4909ad74_a335"": -18.251708221435514, ""cunghoctienganh_c1cf0152_7ae6"": -6.1737086204404, ""datlaaaaaaa_cc1f8701_0976_4f48"": -13.616672229766813}",cunghoctienganh_4909ad74_a335,continuous_primal_dual_psd,6,44.44027983606041,44.43940926358392,0.0008705724764936,"[0.7007442158701146, 5.500650604067768e-22, 0.29925578412988546]",primal=Optimization terminated successfully; dual=outer=Optimization terminated successfully; inner=Optimization terminated successfully,1,-1058.4233135564164,1088.4919345333788,,qwen25_real_m50_balanced_random_seed20260505_dare_linear_e8_dare_linear
dare_linear,triple,adammandic87_3d7a58a6_4380_4e3+nbninh_0d8b128b_8753_46c3_b80f+versil91_121ef6e9_0ded_4fc3_8c,61.41553171513868,-1.3659353327431154,1,"[0.2, 0.2, 0.6]","[0.6, 0.2, 0.2]",10.13555961339826,"{""adammandic87_3d7a58a6_4380_4e3"": 1.3659353327431154, ""nbninh_0d8b128b_8753_46c3_b80f"": 5.862507152557406, ""versil91_121ef6e9_0ded_4fc3_8c"": 2.2491999319895033}",adammandic87_3d7a58a6_4380_4e3,continuous_primal_dual_psd,6,61.41553171513868,61.41553171513868,0.0,"[0.0, 1.0, 0.0]",primal=Optimization terminated successfully; dual=outer=Optimization terminated successfully; inner=Optimization terminated successfully,1,-1350.800494832254,1350.8004948322537,,qwen25_real_m50_balanced_random_seed20260505_dare_linear_e8_dare_linear
dare_linear,triple,tuanna08go_6af2bb68_a65f_4331+hongngo_687b8c72_c89b_4cb7_b7c+adammandic87_f28f18cf_4abb_4db,6.272837190791151,1.0314495086669595,0,"[0.36035968929742873, 0.2745793824409733, 0.365060928261598]","[0.4, 0.4, 0.2]",12.026512622833252,"{""adammandic87_f28f18cf_4abb_4db"": -1.0314495086669595, ""hongngo_687b8c72_c89b_4cb7_b7c"": 9.887143898010287, ""tuanna08go_6af2bb68_a65f_4331"": -0.5768806457519204}",adammandic87_f28f18cf_4abb_4db,continuous_primal_dual_psd,6,6.272837190791151,6.27283719078839,2.760458528427989e-12,"[1.493407960636916e-15, 0.23552252800328044, 0.7644774719967181]",primal=Optimization terminated successfully; dual=outer=Optimization terminated successfully; inner=Optimization terminated successfully,1,-56.05098656354748,56.05098656354748,,qwen25_real_m50_balanced_random_seed20260505_dare_linear_e8_dare_linear
dare_linear,triple,versil91_01a5620a_fb5f_4bab_94+phungkhaccuong_731c6dec_a942_4+hongngo_9d92894f_7b7b_49e0_8f3,24.619010522198828,1.3250143051147134,0,"[0.6, 0.2, 0.19999999999999996]","[0.6, 0.2, 0.2]",0.0,"{""hongngo_9d92894f_7b7b_49e0_8f3"": 0.08601837158206393, ""phungkhaccuong_731c6dec_a942_4"": -1.3250143051147134, ""versil91_01a5620a_fb5f_4bab_94"": -0.4710826096907934}",phungkhaccuong_731c6dec_a942_4,continuous_primal_dual_psd,6,24.619010522198828,24.619010522198828,0.0,"[0.0, 0.0, 1.0]",primal=Optimization terminated successfully; dual=outer=Optimization terminated successfully; inner=Optimization terminated successfully,1,-391.1014922164141,391.101492216414,,qwen25_real_m50_balanced_random_seed20260505_dare_linear_e8_dare_linear
dare_linear,triple,laquythang_efe15045_778f_4dfa+nbninh_a1f78795_1b61_4923_9235+thaffggg_8c87f3d3_d4bb_475a_a8,21.413351245624312,37.67917461395261,0,"[0.23069602484185603, 0.2903277977114042, 0.4789761774467398]","[0.4, 0.2, 0.4]",10.312497615814207,"{""laquythang_efe15045_778f_4dfa"": -37.679174613952604, ""nbninh_a1f78795_1b61_4923_9235"": -27.342620563507047, ""thaffggg_8c87f3d3_d4bb_475a_a8"": -24.17537279129025}",laquythang_efe15045_778f_4dfa,continuous_primal_dual_psd,6,21.413351245624312,21.413351245619587,4.725109192804666e-12,"[4.89435662277768e-15, 0.6644414335223154, 0.3355585664776796]",primal=Optimization terminated successfully; dual=outer=Optimization terminated successfully; inner=Optimization terminated successfully,0,108.07395664633252,0.0,,qwen25_real_m50_balanced_random_seed20260505_dare_linear_e8_dare_linear
dare_linear,triple,laquythang_8444c3be_8779_4769+phungkhaccuong_a992b7f5_9d18_c+versil91_474890ea_012d_4a25_96,35.432102605895786,7.366672229766813,0,"[0.2, 0.2285573243683967, 0.5714426756316033]","[0.2, 0.2, 0.6]",0.0,"{""laquythang_8444c3be_8779_4769"": -7.366672229766813, ""phungkhaccuong_a992b7f5_9d18_c"": -3.4083277702331216, ""versil91_474890ea_012d_4a25_96"": -4.450002384185758}",laquythang_8444c3be_8779_4769,continuous_primal_dual_psd,6,35.432102605895786,35.43210260589572,6.394884621840903e-14,"[0.0, 4.5075054799779323e-14, 0.9999999999999549]",primal=Optimization terminated successfully; dual=outer=Optimization terminated successfully; inner=Optimization terminated successfully,1,-1078.4251146183915,1078.4251146183915,,qwen25_real_m50_balanced_random_seed20260505_dare_linear_e8_dare_linear
dare_linear,triple,tuanna08go_c1cf0152_7ae6_43b6+nhoxinh_0c66c9c5_5cc2_46a8_9db+nblinh63_0eb73af3_0631_437a_ad,107.17372750897452,9.474042129516569,0,"[0.2, 0.2, 0.6]","[0.6, 0.2, 0.2]",13.877487182617188,"{""nblinh63_0eb73af3_0631_437a_ad"": -9.474042129516569, ""nhoxinh_0c66c9c5_5cc2_46a8_9db"": -5.198112201690641, ""tuanna08go_c1cf0152_7ae6_43b6"": -6.116667461395231}",nblinh63_0eb73af3_0631_437a_ad,continuous_primal_dual_psd,6,107.17372750897452,107.17372750897452,0.0,"[0.0, 0.0, 1.0]",primal=Optimization terminated successfully; dual=outer=Optimization terminated successfully; inner=Optimization terminated successfully,1,-2108.175004497478,2108.1750044974783,,qwen25_real_m50_balanced_random_seed20260505_dare_linear_e8_dare_linear
dare_linear,triple,versil91_01a5620a_fb5f_4bab_94+taronklm_trained_model+versil91_63cd5c4a_5a68_4c25_bd,-3.804529153623037,-1.7329448636741531,1,"[0.2, 0.26430775929166006, 0.53569224070834]","[0.2, 0.4, 0.4]",1.2814752916711851,"{""taronklm_trained_model"": 1.7329448636741533, ""versil91_01a5620a_fb5f_4bab_94"": 2.432526548879993, ""versil91_63cd5c4a_5a68_4c25_bd"": 46.18045978546146}",taronklm_trained_model,continuous_primal_dual_psd,6,-3.804529153623037,-3.8045291536230574,2.042810365310288e-14,"[0.0, 0.3243250769869358, 0.6756749230130643]",primal=Optimization terminated successfully; dual=outer=Optimization terminated successfully; inner=Optimization terminated successfully,1,-290.5860147340007,290.5860147340007,,qwen25_real_m50_balanced_random_seed20260505_dare_linear_e8_dare_linear
dare_linear,triple,thaffggg_8a78a9b2_d3fa_4615_b8+phungkhaccuong_731c6dec_a942_4+nbninh_c4ae10ba_efe4_401e_8dd7,5.523659511116311,20.07500238418576,0,"[0.2, 0.2, 0.6]","[0.2, 0.2, 0.6]",0.0,"{""nbninh_c4ae10ba_efe4_401e_8dd7"": -17.57500476837155, ""phungkhaccuong_731c6dec_a942_4"": 4.716667461395296, ""thaffggg_8a78a9b2_d3fa_4615_b8"": -20.07500238418576}",thaffggg_8a78a9b2_d3fa_4615_b8,continuous_primal_dual_psd,6,5.523659511116311,5.523659511116311,0.0,"[1.0, 0.0, 0.0]",primal=Optimization terminated successfully; dual=outer=Optimization terminated successfully; inner=Optimization terminated successfully,1,-494.4640671818551,494.4640671818551,,qwen25_real_m50_balanced_random_seed20260505_dare_linear_e8_dare_linear
dare_linear,triple,tuanna08go_c1cf0152_7ae6_43b6+thaffggg_8c87f3d3_d4bb_475a_a8+datlaaaaaaa_e8cccbe1_c136_409a,14.52067138904212,10.472706031799284,0,"[0.2, 0.23987801933396666, 0.5601219806660334]","[0.2, 0.4, 0.4]",17.935621738433838,"{""datlaaaaaaa_e8cccbe1_c136_409a"": 4.820844459533724, ""thaffggg_8c87f3d3_d4bb_475a_a8"": -10.472706031799284, ""tuanna08go_c1cf0152_7ae6_43b6"": 6.070825386047396}",thaffggg_8c87f3d3_d4bb_475a_a8,continuous_primal_dual_psd,6,14.52067138904212,14.52067138904209,3.0198066269804264e-14,"[0.8336816389414269, 0.0, 0.1663183610585732]",primal=Optimization terminated successfully; dual=outer=Optimization terminated successfully; inner=Optimization terminated successfully,1,-144.17203553735035,144.17203553735033,,qwen25_real_m50_balanced_random_seed20260505_dare_linear_e8_dare_linear
dare_linear,triple,adammandic87_3d7a58a6_4380_4e3+phungkhaccuong_2b1522e6_bef2_7+adammandic87_f28f18cf_4abb_4db,-0.210455724772391,-6.070837306976351,1,"[0.2, 0.319502307072721, 0.48049769292727906]","[0.4, 0.4, 0.2]",3.437519073486328,"{""adammandic87_3d7a58a6_4380_4e3"": 6.897088497860424, ""adammandic87_f28f18cf_4abb_4db"": 6.070837306976351, ""phungkhaccuong_2b1522e6_bef2_7"": 11.174997615814242}",adammandic87_f28f18cf_4abb_4db,continuous_primal_dual_psd,6,-0.210455724772391,-0.210455724772391,0.0,"[1.0, 0.0, 0.0]",primal=Optimization terminated successfully; dual=outer=Optimization terminated successfully; inner=Optimization terminated successfully,1,-241.21549568434529,241.21549568434529,,qwen25_real_m50_balanced_random_seed20260505_dare_linear_e8_dare_linear
dare_linear,triple,tuanna08go_6af2bb68_a65f_4331+mrhungddddh_fe499423_02f3_4cfd+mrhunghddddd_d692685b_fdb4_477,114.84940801247046,10.52006788253781,0,"[0.2, 0.2, 0.6]","[0.6, 0.2, 0.2]",62.32006549835205,"{""mrhungddddh_fe499423_02f3_4cfd"": 9.97306995391849, ""mrhunghddddd_d692685b_fdb4_477"": 8.675000000000033, ""tuanna08go_6af2bb68_a65f_4331"": -10.52006788253781}",tuanna08go_6af2bb68_a65f_4331,continuous_primal_dual_psd,6,114.84940801247046,114.8494080124702,2.700062395888381e-13,"[0.0, 6.979048663267167e-14, 0.9999999999999303]",primal=Optimization terminated successfully; dual=outer=Optimization terminated successfully; inner=Optimization terminated successfully,1,-1992.8645749521395,1992.8645749521395,,qwen25_real_m50_balanced_random_seed20260505_dare_linear_e8_dare_linear
dare_linear,triple,hongngo_9d92894f_7b7b_49e0_8f3+nhung03_7b6cdc3c_7130_4c2c_a2c+versil91_63cd5c4a_5a68_4c25_bd,29.77033229001006,17.097142410278288,0,"[0.2, 0.2, 0.6]","[0.2, 0.2, 0.6]",0.0,"{""hongngo_9d92894f_7b7b_49e0_8f3"": -8.84392566680905, ""nhung03_7b6cdc3c_7130_4c2c_a2c"": -9.554162693023649, ""versil91_63cd5c4a_5a68_4c25_bd"": -17.097142410278288}",versil91_63cd5c4a_5a68_4c25_bd,continuous_primal_dual_psd,6,29.77033229001006,29.77033229000848,1.580957587066223e-12,"[1.897926260596345e-13, 0.9999999999998102, 0.0]",primal=Optimization terminated successfully; dual=outer=Optimization terminated successfully; inner=Optimization terminated successfully,1,-681.8215611776573,681.8215611776574,,qwen25_real_m50_balanced_random_seed20260505_dare_linear_e8_dare_linear
dare_linear,triple,lhong4759_f68c5c87_934d_4399_b+datlaaaaaaa_cc1f8701_0976_4f48+nbninh_0d8b128b_8753_46c3_b80f,107.64717930712908,69.24166984558101,0,"[0.2, 0.2, 0.6]","[0.6, 0.2, 0.2]",38.02082538604736,"{""datlaaaaaaa_cc1f8701_0976_4f48"": -69.24166984558101, ""lhong4759_f68c5c87_934d_4399_b"": -49.0092904090881, ""nbninh_0d8b128b_8753_46c3_b80f"": -51.95000476837155}",datlaaaaaaa_cc1f8701_0976_4f48,continuous_primal_dual_psd,6,107.64717930712908,107.64717930712908,0.0,"[1.0, 0.0, 0.0]",primal=Optimization terminated successfully; dual=outer=Optimization terminated successfully; inner=Optimization terminated successfully,1,-418.1385785045224,418.1385785045224,,qwen25_real_m50_balanced_random_seed20260505_dare_linear_e8_dare_linear
dare_linear,triple,chauhoang_2aa4f343_5524_f86e_b+phungkhaccuong_a992b7f5_9d18_c+nhoxinh_2f944a50_cbd3_4334_af8,62.75242041301573,15.203192901611295,0,"[0.24665883696081972, 0.2, 0.5533411630391802]","[0.2, 0.6, 0.2]",13.934326171875,"{""chauhoang_2aa4f343_5524_f86e_b"": -11.53334684371945, ""nhoxinh_2f944a50_cbd3_4334_af8"": -15.203192901611295, ""phungkhaccuong_a992b7f5_9d18_c"": -7.05416507720944}",nhoxinh_2f944a50_cbd3_4334_af8,continuous_primal_dual_psd,6,62.75242041301573,62.7524204128426,1.7313794842266359e-10,"[0.195811041817579, 2.8222013950148562e-18, 0.804188958182421]",primal=Optimization terminated successfully; dual=outer=Optimization terminated successfully; inner=Optimization terminated successfully,1,-900.5427835576363,900.5427835576363,,qwen25_real_m50_balanced_random_seed20260505_dare_linear_e8_dare_linear
dare_linear,triple,cunghoctienganh_c1cf0152_7ae6+cunghoctienganh_b7496e73_1762+nhung02_08157847_d833_4d45_90f,76.31137187732051,2.366676998138395,0,"[0.2, 0.200000000000008, 0.599999999999992]","[0.6, 0.2, 0.2]",24.990546703338623,"{""cunghoctienganh_b7496e73_1762"": -2.366676998138395, ""cunghoctienganh_c1cf0152_7ae6"": 6.826339565364061, ""nhung02_08157847_d833_4d45_90f"": 8.674976158142123}",cunghoctienganh_b7496e73_1762,continuous_primal_dual_psd,6,76.31137187732051,76.31137187732051,0.0,"[1.0, 0.0, 0.0]",primal=Optimization terminated successfully; dual=outer=Optimization terminated successfully; inner=Optimization terminated successfully,1,-1221.5093689433606,1221.5093689433606,,qwen25_real_m50_balanced_random_seed20260505_dare_linear_e8_dare_linear
dare_linear,triple,duyphu_7aba420b_74ac_4209_b514+hongngo_687b8c72_c89b_4cb7_b7c+datlaaaaaaa_0dbe42c8_b07b_4785,15.257908171989072,39.30869407653805,0,"[0.37332792930343633, 0.35917798898808345, 0.2674940817084802]","[0.4, 0.4, 0.2]",0.0,"{""datlaaaaaaa_0dbe42c8_b07b_4785"": -30.515697669982877, ""duyphu_7aba420b_74ac_4209_b514"": -39.30869407653805, ""hongngo_687b8c72_c89b_4cb7_b7c"": -37.62233562469479}",duyphu_7aba420b_74ac_4209_b514,continuous_primal_dual_psd,6,15.257908171989072,15.257908171988596,4.760636329592671e-13,"[0.8094392276588677, 0.1905607723411324, 0.0]",primal=Optimization terminated successfully; dual=outer=Optimization terminated successfully; inner=Optimization terminated successfully,0,39.840972829405246,0.0,,qwen25_real_m50_balanced_random_seed20260505_dare_linear_e8_dare_linear
dare_linear,triple,tuanna08go_7647f014_8af3_4266+mrhungddddh_9b1deaac_4565_48f2+versil91_474890ea_012d_4a25_96,0.0199917967779512,-0.013426478750063,1,"[0.49202255786898996, 0.20000000000000134, 0.30797744213100864]","[0.6, 0.2, 0.2]",4.04676855409793,"{""mrhungddddh_9b1deaac_4565_48f2"": 2.3492544174194663, ""tuanna08go_7647f014_8af3_4266"": 0.01342647875006307, ""versil91_474890ea_012d_4a25_96"": 16.89614944458011}",tuanna08go_7647f014_8af3_4266,continuous_primal_dual_psd,6,0.0199917967779512,0.0199917967779512,0.0,"[1.0, 0.0, 0.0]",primal=Optimization terminated successfully; dual=outer=Optimization terminated successfully; inner=Optimization terminated successfully,1,-640.3861512013464,640.3861512013464,,qwen25_real_m50_balanced_random_seed20260505_dare_linear_e8_dare_linear
dare_linear,triple,versil91_8444c3be_8779_4769_a0+laquythang_8444c3be_8779_4769+cunghoctienganh_4909ad74_a335,5.393332004767842,21.329358291625944,0,"[0.2, 0.4268762053034753, 0.3731237946965247]","[0.2, 0.4, 0.4]",0.0,"{""cunghoctienganh_4909ad74_a335"": -21.329358291625944, ""laquythang_8444c3be_8779_4769"": -18.51250238418576, ""versil91_8444c3be_8779_4769_a0"": -17.593959045410124}",cunghoctienganh_4909ad74_a335,continuous_primal_dual_psd,6,5.393332004767842,5.393332004767383,4.591882429849647e-13,"[0.0, 0.7994029330037771, 0.20059706699622296]",primal=Optimization terminated successfully; dual=outer=Optimization terminated successfully; inner=Optimization terminated successfully,1,-374.4376760035309,374.43767600353095,,qwen25_real_m50_balanced_random_seed20260505_dare_linear_e8_dare_linear
dare_linear,triple,laquythang_efe15045_778f_4dfa+nhoxinh_0c66c9c5_5cc2_46a8_9db+nhoxinh_9214fc0d_4490_4bdd_9ff,39.4564551366884,55.80416030883786,0,"[0.3866889714860607, 0.2658899789385472, 0.3474210495753921]","[0.6, 0.2, 0.2]",7.604169845581055,"{""laquythang_efe15045_778f_4dfa"": -18.304172229766813, ""nhoxinh_0c66c9c5_5cc2_46a8_9db"": -55.80416030883786, ""nhoxinh_9214fc0d_4490_4bdd_9ff"": -41.63750715255734}",nhoxinh_0c66c9c5_5cc2_46a8_9db,continuous_primal_dual_psd,6,39.4564551366884,39.45645513668716,1.2363443602225745e-12,"[0.9818265751354373, 0.0181734248644268, 1.3601925097135675e-13]",primal=Optimization terminated successfully; dual=outer=Optimization terminated successfully; inner=Optimization terminated successfully,1,-377.9266313981081,377.926631398108,,qwen25_real_m50_balanced_random_seed20260505_dare_linear_e8_dare_linear
dare_linear,triple,chauhoang_4909ad74_a335_4972_9+nbninh_a1f78795_1b61_4923_9235+mrhungddddh_911f6275_22fd_4f41,38.55875769593816,10.273876857757536,0,"[0.20000000000003107, 0.5288951531149385, 0.27110484688503045]","[0.2, 0.6, 0.2]",0.0,"{""chauhoang_4909ad74_a335_4972_9"": -8.36024589538571, ""mrhungddddh_911f6275_22fd_4f41"": -10.273876857757536, ""nbninh_a1f78795_1b61_4923_9235"": -3.304162693023649}",mrhungddddh_911f6275_22fd_4f41,continuous_primal_dual_psd,6,38.55875769593816,38.55875769593816,0.0,"[0.0, 1.0, 0.0]",primal=Optimization terminated successfully; dual=outer=Optimization terminated successfully; inner=Optimization terminated successfully,1,-623.1725227047538,623.1725227047538,,qwen25_real_m50_balanced_random_seed20260505_dare_linear_e8_dare_linear
dare_linear,triple,hongngo_7e251dfc_e0f7_4f73_aae+nblinh63_0eb73af3_0631_437a_ad+nhung02_db2c9545_4607_487b_9cc,260.6028541767396,79.3647796630859,0,"[0.2000000000000007, 0.2000000000001137, 0.5999999999998856]","[0.6, 0.2, 0.2]",63.15340995788574,"{""hongngo_7e251dfc_e0f7_4f73_aae"": -56.0124904632568, ""nblinh63_0eb73af3_0631_437a_ad"": -70.83404369354244, ""nhung02_db2c9545_4607_487b_9cc"": -79.3647796630859}",nhung02_db2c9545_4607_487b_9cc,continuous_primal_dual_psd,6,260.6028541767396,260.6028541767396,0.0,"[1.0, 0.0, 0.0]",primal=Optimization terminated successfully; dual=outer=Optimization terminated successfully; inner=Optimization terminated successfully,1,-3314.1362223639408,3314.136222363941,,qwen25_real_m50_balanced_random_seed20260505_dare_linear_e8_dare_linear
dare_linear,triple,versil91_e9f26c47_9b78_4e3f_81+duyphu_4909ad74_a335_4972_9ed8+versil91_121ef6e9_0ded_4fc3_8c,8.663486995233463,0.9793578674928614,0,"[0.2, 0.2, 0.6]","[0.4, 0.2, 0.4]",3.290733856902858,"{""duyphu_4909ad74_a335_4972_9ed8"": 0.7204502105713217, ""versil91_121ef6e9_0ded_4fc3_8c"": -0.9793578674928614, ""versil91_e9f26c47_9b78_4e3f_81"": -0.7388806131940271}",versil91_121ef6e9_0ded_4fc3_8c,continuous_primal_dual_psd,6,8.663486995233463,8.663486995233463,0.0,"[0.0, 0.0, 1.0]",primal=Optimization terminated successfully; dual=outer=Optimization terminated successfully; inner=Optimization terminated successfully,1,-195.69364486372163,205.23709511161468,,qwen25_real_m50_balanced_random_seed20260505_dare_linear_e8_dare_linear
dare_linear,triple,duyphu_0112d9da_9934_4614_b233+denbeo_d9ae91c0_fed9_4fb4_8ddd+mrhunghd_9e58333c_df22_4a00_9c,68.7330112804157,67.3666746139526,0,"[0.4959086910517749, 0.20000000000000293, 0.3040913089482222]","[0.4, 0.2, 0.4]",0.0,"{""denbeo_d9ae91c0_fed9_4fb4_8ddd"": -36.949995231628385, ""duyphu_0112d9da_9934_4614_b233"": -50.34742660522458, ""mrhunghd_9e58333c_df22_4a00_9c"": -67.3666746139526}",mrhunghd_9e58333c_df22_4a00_9c,continuous_primal_dual_psd,6,68.7330112804157,68.7330112804157,0.0,"[0.0, 1.0, 0.0]",primal=Optimization terminated successfully; dual=outer=Optimization terminated successfully; inner=Optimization terminated successfully,1,-243.0017766101261,243.0017766101261,,qwen25_real_m50_balanced_random_seed20260505_dare_linear_e8_dare_linear
dare_linear,pair,lhong4759_f68c5c87_934d_4399_b+adammandic87_3d7a58a6_4380_4e3,2.758076823995376,-0.3372266100929483,1,"[0.20368334290340412, 0.7963166570965958]","[0.2, 0.8]",0.0,"{""adammandic87_3d7a58a6_4380_4e3"": 0.33722661009294835, ""lhong4759_f68c5c87_934d_4399_b"": 5.966660308837923}",adammandic87_3d7a58a6_4380_4e3,continuous_primal_dual_psd,4,2.758076823995376,2.758076823995376,0.0,"[1.0, 0.0]",primal=Optimization terminated successfully; dual=outer=Optimization terminated successfully; inner=Optimization terminated successfully,1,-8.858851899093288,8.858851899093288,,qwen25_real_m50_circulant_balanced_seed20260503_dare_linear_e8_dare_linear
dare_linear,pair,lhong4759_f68c5c87_934d_4399_b+versil91_01a5620a_fb5f_4bab_94,0.6383554830436542,3.6999911968731554,0,"[0.2, 0.8]","[0.2, 0.8]",0.0,"{""lhong4759_f68c5c87_934d_4399_b"": 3.4666746139526694, ""versil91_01a5620a_fb5f_4bab_94"": -3.6999911968731554}",versil91_01a5620a_fb5f_4bab_94,continuous_primal_dual_psd,4,0.6383554830436542,0.6383554830436542,0.0,"[0.0, 1.0]",primal=Optimization terminated successfully; dual=outer=Optimization terminated successfully; inner=Optimization terminated successfully,0,59.615426938234144,0.0,,qwen25_real_m50_circulant_balanced_seed20260503_dare_linear_e8_dare_linear
dare_linear,pair,lhong4759_f68c5c87_934d_4399_b+taronklm_trained_model,8.549257864479813,-0.1600223576282061,1,"[0.4674068564948797, 0.5325931435051203]","[0.2, 0.8]",0.5032794343048825,"{""lhong4759_f68c5c87_934d_4399_b"": 67.99792938232424, ""taronklm_trained_model"": 0.16002235762820616}",taronklm_trained_model,continuous_primal_dual_psd,4,8.549257864479813,8.549257864479657,1.5631940186722204e-13,"[1.0, 0.0]",primal=Optimization terminated successfully; dual=outer=Optimization terminated successfully; inner=Optimization terminated successfully,0,710.4456424713132,0.0,,qwen25_real_m50_circulant_balanced_seed20260503_dare_linear_e8_dare_linear
dare_linear,pair,adammandic87_3d7a58a6_4380_4e3+versil91_01a5620a_fb5f_4bab_94,-0.0708721554926545,-0.9412873075513912,1,"[0.2, 0.8]","[0.8, 0.2]",0.5177644863635201,"{""adammandic87_3d7a58a6_4380_4e3"": 0.9412873075513913, ""versil91_01a5620a_fb5f_4bab_94"": 9.223043064896626}",adammandic87_3d7a58a6_4380_4e3,continuous_primal_dual_psd,4,-0.0708721554926545,-0.0708721554926545,0.0,"[1.0, 0.0]",primal=Optimization terminated successfully; dual=outer=Optimization terminated successfully; inner=Optimization terminated successfully,1,-16.178620652681378,16.178620652681378,,qwen25_real_m50_circulant_balanced_seed20260503_dare_linear_e8_dare_linear
dare_linear,pair,adammandic87_3d7a58a6_4380_4e3+taronklm_trained_model,-6.999072367810655,-0.6879378763233681,1,"[0.6430281578032592, 0.35697184219674083]","[0.4, 0.6]",0.074468100103048,"{""adammandic87_3d7a58a6_4380_4e3"": 15.960749431280826, ""taronklm_trained_model"": 0.6879378763233681}",taronklm_trained_model,continuous_primal_dual_psd,4,-6.999072367810655,-6.999072367810655,0.0,"[1.0, 0.0]",primal=Optimization terminated successfully; dual=outer=Optimization terminated successfully; inner=Optimization terminated successfully,0,163.1381782196796,0.0,,qwen25_real_m50_circulant_balanced_seed20260503_dare_linear_e8_dare_linear
dare_linear,pair,adammandic87_3d7a58a6_4380_4e3+versil91_e9f26c47_9b78_4e3f_81,-1.3042419743953564,-0.6502543260997303,1,"[0.41787747696734195, 0.5821225230326581]","[0.4, 0.6]",0.0,"{""adammandic87_3d7a58a6_4380_4e3"": 0.6502543260997303, ""versil91_e9f26c47_9b78_4e3f_81"": 1.3059186530002656}",adammandic87_3d7a58a6_4380_4e3,continuous_primal_dual_psd,4,-1.3042419743953564,-1.304241974417932,2.2575719071937783e-11,"[0.6348889703279447, 0.3651110296720554]",primal=Optimization terminated successfully; dual=outer=Optimization terminated successfully; inner=Optimization terminated successfully,1,-4.279242551841674,4.279242551841674,,qwen25_real_m50_circulant_balanced_seed20260503_dare_linear_e8_dare_linear
dare_linear,pair,versil91_01a5620a_fb5f_4bab_94+taronklm_trained_model,-19.573167024533305,-0.4683731593269992,1,"[0.4819220184833262, 0.5180779815166738]","[0.6, 0.4]",0.0887858833186356,"{""taronklm_trained_model"": 0.46837315932699924, ""versil91_01a5620a_fb5f_4bab_94"": 11.299973590619361}",taronklm_trained_model,continuous_primal_dual_psd,4,-19.573167024533305,-19.57316702453334,3.5527136788005016e-14,"[0.7941786167476322, 0.20582138325236776]",primal=Optimization terminated successfully; dual=outer=Optimization terminated successfully; inner=Optimization terminated successfully,0,159.5481561796665,0.0,,qwen25_real_m50_circulant_balanced_seed20260503_dare_linear_e8_dare_linear
dare_linear,pair,versil91_01a5620a_fb5f_4bab_94+versil91_e9f26c47_9b78_4e3f_81,0.8650390303458568,-0.8897466746090711,1,"[0.5837600224649004, 0.41623997753509956]","[0.8, 0.2]",0.4358998435973203,"{""versil91_01a5620a_fb5f_4bab_94"": 1.2230782774041078, ""versil91_e9f26c47_9b78_4e3f_81"": 0.8897466746090711}",versil91_e9f26c47_9b78_4e3f_81,continuous_primal_dual_psd,4,0.8650390303458568,0.8650390303458568,0.0,"[0.0, 1.0]",primal=Optimization terminated successfully; dual=outer=Optimization terminated successfully; inner=Optimization terminated successfully,1,-5.594403542388647,5.594403542388647,,qwen25_real_m50_circulant_balanced_seed20260503_dare_linear_e8_dare_linear
dare_linear,pair,versil91_01a5620a_fb5f_4bab_94+versil91_8444c3be_8779_4769_a0,4.039966278333404,-1.3947823434211666,1,"[0.2, 0.8]","[0.2, 0.8]",0.0,"{""versil91_01a5620a_fb5f_4bab_94"": 1.7615303355751701, ""versil91_8444c3be_8779_4769_a0"": 1.3947823434211666}",versil91_8444c3be_8779_4769_a0,continuous_primal_dual_psd,4,4.039966278333404,4.039966278333404,0.0,"[0.0, 1.0]",primal=Optimization terminated successfully; dual=outer=Optimization terminated successfully; inner=Optimization terminated successfully,1,-59.99948501979813,59.99948501979813,,qwen25_real_m50_circulant_balanced_seed20260503_dare_linear_e8_dare_linear
dare_linear,pair,taronklm_trained_model+versil91_e9f26c47_9b78_4e3f_81,-13.505988774216526,-0.5742758591384839,1,"[0.46370116210950124, 0.5362988378904987]","[0.6, 0.4]",0.1411772856002737,"{""taronklm_trained_model"": 0.5742758591384839, ""versil91_e9f26c47_9b78_4e3f_81"": 1.100793457496916}",taronklm_trained_model,continuous_primal_dual_psd,4,-13.505988774216526,-13.505988774216526,0.0,"[0.0, 1.0]",primal=Optimization terminated successfully; dual=outer=Optimization terminated successfully; inner=Optimization terminated successfully,0,179.5954158150923,0.0,,qwen25_real_m50_circulant_balanced_seed20260503_dare_linear_e8_dare_linear
dare_linear,pair,taronklm_trained_model+versil91_8444c3be_8779_4769_a0,-35.44387505289963,-0.5191649701760676,1,"[0.36075293328872654, 0.6392470667112735]","[0.6, 0.4]",0.080387172416543,"{""taronklm_trained_model"": 0.5191649701760676, ""versil91_8444c3be_8779_4769_a0"": 11.702784887358375}",taronklm_trained_model,continuous_primal_dual_psd,4,-35.44387505289963,-35.44387505289963,0.0,"[1.0, 0.0]",primal=Optimization terminated successfully; dual=outer=Optimization terminated successfully; inner=Optimization terminated successfully,0,436.2468815087777,0.0,,qwen25_real_m50_circulant_balanced_seed20260503_dare_linear_e8_dare_linear
dare_linear,pair,taronklm_trained_model+tuanna08go_6af2bb68_a65f_4331,-4.570127697107801,-0.6356262220220017,1,"[0.46033959493233856, 0.5396604050676614]","[0.6, 0.4]",0.2634776603956426,"{""taronklm_trained_model"": 0.6356262220220017, ""tuanna08go_6af2bb68_a65f_4331"": 28.715059089660677}",taronklm_trained_model,continuous_primal_dual_psd,4,-4.570127697107801,-4.570127697107801,0.0,"[0.0, 1.0]",primal=Optimization terminated successfully; dual=outer=Optimization terminated successfully; inner=Optimization terminated successfully,0,38.44125116489919,0.0,,qwen25_real_m50_circulant_balanced_seed20260503_dare_linear_e8_dare_linear
dare_linear,pair,versil91_e9f26c47_9b78_4e3f_81+versil91_8444c3be_8779_4769_a0,0.4861745816459826,-0.9410279734849084,1,"[0.5948353188057688, 0.4051646811942312]","[0.8, 0.2]",0.6923063379765073,"{""versil91_8444c3be_8779_4769_a0"": 1.852918547473886, ""versil91_e9f26c47_9b78_4e3f_81"": 0.9410279734849084}",versil91_e9f26c47_9b78_4e3f_81,continuous_primal_dual_psd,4,0.4861745816459826,0.4861745816393013,6.681322162194192e-12,"[1.0, 0.0]",primal=Optimization terminated successfully; dual=outer=Optimization terminated successfully; inner=Optimization terminated successfully,0,22.20584895787053,0.0,,qwen25_real_m50_circulant_balanced_seed20260503_dare_linear_e8_dare_linear
dare_linear,pair,versil91_e9f26c47_9b78_4e3f_81+tuanna08go_6af2bb68_a65f_4331,-0.2768485803604159,-0.6136123150237582,1,"[0.5048903146027656, 0.49510968539723443]","[0.8, 0.2]",1.339255898845907,"{""tuanna08go_6af2bb68_a65f_4331"": 2.192625331878695, ""versil91_e9f26c47_9b78_4e3f_81"": 0.6136123150237582}",versil91_e9f26c47_9b78_4e3f_81,continuous_primal_dual_psd,4,-0.2768485803604159,-0.2768485803604159,0.0,"[0.0, 1.0]",primal=Optimization terminated successfully; dual=outer=Optimization terminated successfully; inner=Optimization terminated successfully,0,16.01404577695614,0.0,,qwen25_real_m50_circulant_balanced_seed20260503_dare_linear_e8_dare_linear
dare_linear,pair,versil91_e9f26c47_9b78_4e3f_81+duyphu_7aba420b_74ac_4209_b514,10.977101993560744,0.9564094287634168,0,"[0.2, 0.8]","[0.2, 0.8]",0.0,"{""duyphu_7aba420b_74ac_4209_b514"": 2.11251668930057, ""versil91_e9f26c47_9b78_4e3f_81"": -0.9564094287634167}",versil91_e9f26c47_9b78_4e3f_81,continuous_primal_dual_psd,4,10.977101993560744,10.977101993560744,0.0,"[0.0, 1.0]",primal=Optimization terminated successfully; dual=outer=Optimization terminated successfully; inner=Optimization terminated successfully,1,-627.8409063816069,627.8409063816069,,qwen25_real_m50_circulant_balanced_seed20260503_dare_linear_e8_dare_linear
dare_linear,pair,versil91_8444c3be_8779_4769_a0+tuanna08go_6af2bb68_a65f_4331,-0.7556226080596687,-0.4500819540746791,1,"[0.2000000000000011, 0.7999999999999989]","[0.8, 0.2]",7.840786776614929,"{""tuanna08go_6af2bb68_a65f_4331"": 2.633342075347933, ""versil91_8444c3be_8779_4769_a0"": 0.45008195407467916}",versil91_8444c3be_8779_4769_a0,continuous_primal_dual_psd,4,-0.7556226080596687,-0.7556226080596687,0.0,"[0.0, 1.0]",primal=Optimization terminated successfully; dual=outer=Optimization terminated successfully; inner=Optimization terminated successfully,0,5.020062386353867,0.0,,qwen25_real_m50_circulant_balanced_seed20260503_dare_linear_e8_dare_linear
dare_linear,pair,versil91_8444c3be_8779_4769_a0+duyphu_7aba420b_74ac_4209_b514,1.0758943080901735,6.324985694885221,0,"[0.2, 0.8]","[0.8, 0.2]",2.812516689300537,"{""duyphu_7aba420b_74ac_4209_b514"": -6.324985694885221, ""versil91_8444c3be_8779_4769_a0"": -2.131269745244352}",duyphu_7aba420b_74ac_4209_b514,continuous_primal_dual_psd,4,1.0758943080901735,1.0758943080901735,0.0,"[0.0, 1.0]",primal=Optimization terminated successfully; dual=outer=Optimization terminated successfully; inner=Optimization terminated successfully,1,-109.9993896530941,109.9993896530941,,qwen25_real_m50_circulant_balanced_seed20260503_dare_linear_e8_dare_linear
dare_linear,pair,versil91_8444c3be_8779_4769_a0+thaffggg_8a78a9b2_d3fa_4615_b8,84.9499876022339,16.21570892333981,0,"[0.2, 0.8]","[0.8, 0.2]",62.3339295387268,"{""thaffggg_8a78a9b2_d3fa_4615_b8"": -16.21570892333981, ""versil91_8444c3be_8779_4769_a0"": -6.895852141405696}",thaffggg_8a78a9b2_d3fa_4615_b8,continuous_primal_dual_psd,4,84.9499876022339,84.9499876022339,0.0,"[0.0, 1.0]",primal=Optimization terminated successfully; dual=outer=Optimization terminated successfully; inner=Optimization terminated successfully,1,-394.53163743019087,394.53163743019087,,qwen25_real_m50_circulant_balanced_seed20260503_dare_linear_e8_dare_linear
dare_linear,pair,tuanna08go_6af2bb68_a65f_4331+duyphu_7aba420b_74ac_4209_b514,51.75900764465329,6.949999999999967,0,"[0.8, 0.19999999999999996]","[0.8, 0.2]",0.0,"{""duyphu_7aba420b_74ac_4209_b514"": -1.429167461395231, ""tuanna08go_6af2bb68_a65f_4331"": -6.949999999999967}",tuanna08go_6af2bb68_a65f_4331,continuous_primal_dual_psd,4,51.75900764465329,51.75900764465329,0.0,"[0.0, 1.0]",primal=Optimization terminated successfully; dual=outer=Optimization terminated successfully; inner=Optimization terminated successfully,1,-190.6687021255493,190.6687021255493,,qwen25_real_m50_circulant_balanced_seed20260503_dare_linear_e8_dare_linear
dare_linear,pair,tuanna08go_6af2bb68_a65f_4331+thaffggg_8a78a9b2_d3fa_4615_b8,-0.5888554749839479,-6.9522469520569175,1,"[0.8, 0.19999999999999996]","[0.8, 0.2]",0.0,"{""thaffggg_8a78a9b2_d3fa_4615_b8"": 13.321003246307406, ""tuanna08go_6af2bb68_a65f_4331"": 6.9522469520569175}",tuanna08go_6af2bb68_a65f_4331,continuous_primal_dual_psd,4,-0.5888554749839479,-0.5888554749839479,0.0,"[1.0, 0.0]",primal=Optimization terminated successfully; dual=outer=Optimization terminated successfully; inner=Optimization terminated successfully,0,15.68773708752456,0.0,,qwen25_real_m50_circulant_balanced_seed20260503_dare_linear_e8_dare_linear
dare_linear,pair,tuanna08go_6af2bb68_a65f_4331+datlaaaaaaa_cc1f8701_0976_4f48,22.52767260860068,20.41153020858761,0,"[0.7230095759427191, 0.2769904240572809]","[0.8, 0.2]",0.0,"{""datlaaaaaaa_cc1f8701_0976_4f48"": -13.664737415313688, ""tuanna08go_6af2bb68_a65f_4331"": -20.411530208587614}",tuanna08go_6af2bb68_a65f_4331,continuous_primal_dual_psd,4,22.52767260860068,22.52767260860068,0.0,"[0.0, 1.0]",primal=Optimization terminated successfully; dual=outer=Optimization terminated successfully; inner=Optimization terminated successfully,0,19.954828033077234,0.0,,qwen25_real_m50_circulant_balanced_seed20260503_dare_linear_e8_dare_linear
dare_linear,pair,duyphu_7aba420b_74ac_4209_b514+thaffggg_8a78a9b2_d3fa_4615_b8,119.2729241371155,15.283337306976286,0,"[0.2, 0.8]","[0.8, 0.2]",99.68750476837158,"{""duyphu_7aba420b_74ac_4209_b514"": -15.283337306976286, ""thaffggg_8a78a9b2_d3fa_4615_b8"": -4.956987571716276}",duyphu_7aba420b_74ac_4209_b514,continuous_primal_dual_psd,4,119.2729241371155,119.2729241371155,0.0,"[0.0, 1.0]",primal=Optimization terminated successfully; dual=outer=Optimization terminated successfully; inner=Optimization terminated successfully,1,-542.9689586162568,542.9689586162568,,qwen25_real_m50_circulant_balanced_seed20260503_dare_linear_e8_dare_linear
dare_linear,pair,duyphu_7aba420b_74ac_4209_b514+datlaaaaaaa_cc1f8701_0976_4f48,80.26269265302906,53.9371640205383,0,"[0.2480019163558064, 0.7519980836441936]","[0.8, 0.2]",42.49199628829955,"{""datlaaaaaaa_cc1f8701_0976_4f48"": -53.9371640205383, ""duyphu_7aba420b_74ac_4209_b514"": -44.65834207534787}",datlaaaaaaa_cc1f8701_0976_4f48,continuous_primal_dual_psd,4,80.26269265302906,80.2626926530182,1.0857093002414332e-11,"[0.6405973713450983, 0.3594026286549017]",primal=Optimization terminated successfully; dual=outer=Optimization terminated successfully; inner=Optimization terminated successfully,1,-274.91256594657887,274.91256594657887,,qwen25_real_m50_circulant_balanced_seed20260503_dare_linear_e8_dare_linear
dare_linear,pair,duyphu_7aba420b_74ac_4209_b514+tuanna08go_7647f014_8af3_4266,-0.1335574789493867,0.4058513978895379,0,"[0.2, 0.8]","[0.4, 0.6]",1.0574615071395543,"{""duyphu_7aba420b_74ac_4209_b514"": 4.195842075347933, ""tuanna08go_7647f014_8af3_4266"": -0.4058513978895379}",tuanna08go_7647f014_8af3_4266,continuous_primal_dual_psd,4,-0.1335574789493867,-0.1335574789493867,0.0,"[0.0, 1.0]",primal=Optimization terminated successfully; dual=outer=Optimization terminated successfully; inner=Optimization terminated successfully,1,-1.006725520572113,1.006725520572113,,qwen25_real_m50_circulant_balanced_seed20260503_dare_linear_e8_dare_linear
dare_linear,pair,thaffggg_8a78a9b2_d3fa_4615_b8+datlaaaaaaa_cc1f8701_0976_4f48,30.897909474372923,24.08140010833737,0,"[0.2000000000000027, 0.7999999999999973]","[0.2, 0.8]",0.0,"{""datlaaaaaaa_cc1f8701_0976_4f48"": -24.08140010833737, ""thaffggg_8a78a9b2_d3fa_4615_b8"": -22.45699472427365}",datlaaaaaaa_cc1f8701_0976_4f48,continuous_primal_dual_psd,4,30.897909474372923,30.897909474372923,0.0,"[0.9999999999999976, 2.47198095326695e-15]",primal=Optimization terminated successfully; dual=outer=Optimization terminated successfully; inner=Optimization terminated successfully,1,-104.64027523994444,104.64027523994444,,qwen25_real_m50_circulant_balanced_seed20260503_dare_linear_e8_dare_linear
dare_linear,pair,thaffggg_8a78a9b2_d3fa_4615_b8+tuanna08go_7647f014_8af3_4266,0.2567111386418445,-0.3474440464605867,1,"[0.2000000000000101, 0.7999999999999899]","[0.2, 0.8]",0.0,"{""thaffggg_8a78a9b2_d3fa_4615_b8"": 10.532531070709261, ""tuanna08go_7647f014_8af3_4266"": 0.3474440464605867}",tuanna08go_7647f014_8af3_4266,continuous_primal_dual_psd,4,0.2567111386418445,0.2567111386418445,0.0,"[0.0, 1.0]",primal=Optimization terminated successfully; dual=outer=Optimization terminated successfully; inner=Optimization terminated successfully,1,-13.020783662796196,13.020783662796196,,qwen25_real_m50_circulant_balanced_seed20260503_dare_linear_e8_dare_linear
dare_linear,pair,thaffggg_8a78a9b2_d3fa_4615_b8+tuanna08go_c1cf0152_7ae6_43b6,36.91719366772151,33.41852731704709,0,"[0.2021374627362027, 0.7978625372637973]","[0.2, 0.8]",0.0,"{""thaffggg_8a78a9b2_d3fa_4615_b8"": -33.41852731704709, ""tuanna08go_c1cf0152_7ae6_43b6"": -33.11477012634274}",thaffggg_8a78a9b2_d3fa_4615_b8,continuous_primal_dual_psd,4,36.91719366772151,36.91719366772151,0.0,"[0.999999999999999, 9.992007221626409e-16]",primal=Optimization terminated successfully; dual=outer=Optimization terminated successfully; inner=Optimization terminated successfully,0,325.52152872085543,0.0,,qwen25_real_m50_circulant_balanced_seed20260503_dare_linear_e8_dare_linear
dare_linear,pair,datlaaaaaaa_cc1f8701_0976_4f48+tuanna08go_7647f014_8af3_4266,5.177276802065904,1.7859282800886171,0,"[0.20000000000001225, 0.7999999999999877]","[0.2, 0.8]",0.0,"{""datlaaaaaaa_cc1f8701_0976_4f48"": 6.0628264427185385, ""tuanna08go_7647f014_8af3_4266"": -1.7859282800886171}",tuanna08go_7647f014_8af3_4266,continuous_primal_dual_psd,4,5.177276802065904,5.177276802065904,0.0,"[1.0, 0.0]",primal=Optimization terminated successfully; dual=outer=Optimization terminated successfully; inner=Optimization terminated successfully,1,-325.9943425655366,325.9943425655366,,qwen25_real_m50_circulant_balanced_seed20260503_dare_linear_e8_dare_linear
dare_linear,pair,datlaaaaaaa_cc1f8701_0976_4f48+tuanna08go_c1cf0152_7ae6_43b6,5.189575624465888,-5.1478951454162925,1,"[0.2, 0.8]","[0.2, 0.8]",0.0,"{""datlaaaaaaa_cc1f8701_0976_4f48"": 5.389735031127962, ""tuanna08go_c1cf0152_7ae6_43b6"": 5.1478951454162925}",tuanna08go_c1cf0152_7ae6_43b6,continuous_primal_dual_psd,4,5.189575624465888,5.189575624465888,0.0,"[0.0, 1.0]",primal=Optimization terminated successfully; dual=outer=Optimization terminated successfully; inner=Optimization terminated successfully,1,-334.635227918625,334.635227918625,,qwen25_real_m50_circulant_balanced_seed20260503_dare_linear_e8_dare_linear
dare_linear,pair,datlaaaaaaa_cc1f8701_0976_4f48+laquythang_8444c3be_8779_4769,103.2246182949228,62.99168176650998,0,"[0.4628812653677897, 0.5371187346322104]","[0.4, 0.6]",0.0,"{""datlaaaaaaa_cc1f8701_0976_4f48"": -62.99168176650998, ""laquythang_8444c3be_8779_4769"": -57.11098022460934}",datlaaaaaaa_cc1f8701_0976_4f48,continuous_primal_dual_psd,4,103.2246182949228,103.2246182949228,0.0,"[6.661338147750939e-16, 0.9999999999999993]",primal=Optimization terminated successfully; dual=outer=Optimization terminated successfully; inner=Optimization terminated successfully,0,225.26040673255875,0.0,,qwen25_real_m50_circulant_balanced_seed20260503_dare_linear_e8_dare_linear
dare_linear,pair,tuanna08go_7647f014_8af3_4266+tuanna08go_c1cf0152_7ae6_43b6,-0.1904177853550278,-0.0991556070864105,1,"[0.7336838449829444, 0.26631615501705563]","[0.4, 0.6]",0.1760664472004251,"{""tuanna08go_7647f014_8af3_4266"": 0.09915560708641054, ""tuanna08go_c1cf0152_7ae6_43b6"": 7.13653259277347}",tuanna08go_7647f014_8af3_4266,continuous_primal_dual_psd,4,-0.1904177853550278,-0.1904177853550278,0.0,"[1.0, 0.0]",primal=Optimization terminated successfully; dual=outer=Optimization terminated successfully; inner=Optimization terminated successfully,0,1.5939652729187297,0.0,,qwen25_real_m50_circulant_balanced_seed20260503_dare_linear_e8_dare_linear
dare_linear,pair,tuanna08go_7647f014_8af3_4266+laquythang_8444c3be_8779_4769,36.24727673530579,1.4770191929439558,0,"[0.2, 0.8]","[0.8, 0.2]",39.630185435046734,"{""laquythang_8444c3be_8779_4769"": 13.466641235351595, ""tuanna08go_7647f014_8af3_4266"": -1.4770191929439558}",tuanna08go_7647f014_8af3_4266,continuous_primal_dual_psd,4,36.24727673530579,36.24727673530579,0.0,"[0.0, 1.0]",primal=Optimization terminated successfully; dual=outer=Optimization terminated successfully; inner=Optimization terminated successfully,1,-134.41503047943112,134.41503047943112,,qwen25_real_m50_circulant_balanced_seed20260503_dare_linear_e8_dare_linear
dare_linear,pair,tuanna08go_7647f014_8af3_4266+laquythang_efe15045_778f_4dfa,0.1593523710952444,2.137534938611568,0,"[0.7458288639982451, 0.2541711360017549]","[0.8, 0.2]",0.0,"{""laquythang_efe15045_778f_4dfa"": 2.5954335212707846, ""tuanna08go_7647f014_8af3_4266"": -2.137534938611568}",tuanna08go_7647f014_8af3_4266,continuous_primal_dual_psd,4,0.1593523710952444,0.1593523710952443,1.1102230246251563e-16,"[0.9795142108828997, 0.020485789117100396]",primal=Optimization terminated successfully; dual=outer=Optimization terminated successfully; inner=Optimization terminated successfully,0,9.731540821256225,0.0,,qwen25_real_m50_circulant_balanced_seed20260503_dare_linear_e8_dare_linear
dare_linear,pair,tuanna08go_c1cf0152_7ae6_43b6+laquythang_8444c3be_8779_4769,9.304151606559714,5.28334684371945,0,"[0.8, 0.19999999999999996]","[0.8, 0.2]",0.0,"{""laquythang_8444c3be_8779_4769"": -5.28334684371945, ""tuanna08go_c1cf0152_7ae6_43b6"": 1.7999976158142417}",laquythang_8444c3be_8779_4769,continuous_primal_dual_psd,4,9.304151606559714,9.304151606559714,0.0,"[0.9999999999999998, 2.7755575615628914e-16]",primal=Optimization terminated successfully; dual=outer=Optimization terminated successfully; inner=Optimization terminated successfully,0,284.9559485912323,0.0,,qwen25_real_m50_circulant_balanced_seed20260503_dare_linear_e8_dare_linear
dare_linear,pair,tuanna08go_c1cf0152_7ae6_43b6+laquythang_efe15045_778f_4dfa,-6.57645537943344,-10.143515396118197,1,"[0.6741675800784017, 0.3258324199215983]","[0.8, 0.2]",19.663453102111816,"{""laquythang_efe15045_778f_4dfa"": 11.11818246841434, ""tuanna08go_c1cf0152_7ae6_43b6"": 10.143515396118197}",tuanna08go_c1cf0152_7ae6_43b6,continuous_primal_dual_psd,4,-6.57645537943344,-6.57645537943344,0.0,"[1.1102230246251568e-16, 0.9999999999999999]",primal=Optimization terminated successfully; dual=outer=Optimization terminated successfully; inner=Optimization terminated successfully,0,243.48974227905268,0.0,,qwen25_real_m50_circulant_balanced_seed20260503_dare_linear_e8_dare_linear
dare_linear,pair,tuanna08go_c1cf0152_7ae6_43b6+cunghoctienganh_c1cf0152_7ae6,2.8874904632568046,0.6999999999999673,0,"[0.2, 0.8]","[0.2, 0.8]",0.0,"{""cunghoctienganh_c1cf0152_7ae6"": -0.6999999999999673, ""tuanna08go_c1cf0152_7ae6_43b6"": -0.6999999999999673}",cunghoctienganh_c1cf0152_7ae6+tuanna08go_c1cf0152_7ae6_43b6,continuous_primal_dual_psd,4,2.8874904632568046,2.8874904632568046,0.0,"[0.9999999999999999, 1.1102230246251565e-16]",primal=Optimization terminated successfully; dual=outer=Optimization terminated successfully; inner=Optimization terminated successfully,1,-3.756652741201708e-15,3.756652741201708e-15,,qwen25_real_m50_circulant_balanced_seed20260503_dare_linear_e8_dare_linear
dare_linear,pair,laquythang_8444c3be_8779_4769+laquythang_efe15045_778f_4dfa,59.23251779346546,54.53522510528561,0,"[0.4498936223046145, 0.5501063776953855]","[0.4, 0.6]",0.0,"{""laquythang_8444c3be_8779_4769"": -54.53522510528561, ""laquythang_efe15045_778f_4dfa"": -48.31364459991452}",laquythang_8444c3be_8779_4769,continuous_primal_dual_psd,4,59.23251779346546,59.23251779346475,7.105427357601002e-13,"[0.0, 1.0]",primal=Optimization terminated successfully; dual=outer=Optimization terminated successfully; inner=Optimization terminated successfully,0,800.7812499999992,0.0,,qwen25_real_m50_circulant_balanced_seed20260503_dare_linear_e8_dare_linear
dare_linear,pair,laquythang_8444c3be_8779_4769+cunghoctienganh_c1cf0152_7ae6,27.45963044166558,13.777664375305145,0,"[0.2, 0.8]","[0.2, 0.8]",0.0,"{""cunghoctienganh_c1cf0152_7ae6"": -12.679162693023649, ""laquythang_8444c3be_8779_4769"": -13.777664375305143}",laquythang_8444c3be_8779_4769,continuous_primal_dual_psd,4,27.45963044166558,27.45963044166558,0.0,"[1.0, 0.0]",primal=Optimization terminated successfully; dual=outer=Optimization terminated successfully; inner=Optimization terminated successfully,1,-945.91349363327,945.91349363327,,qwen25_real_m50_circulant_balanced_seed20260503_dare_linear_e8_dare_linear
dare_linear,pair,laquythang_8444c3be_8779_4769+cunghoctienganh_4909ad74_a335,25.1966498075467,34.09014053344723,0,"[0.37085318003514484, 0.6291468199648551]","[0.4, 0.6]",0.0,"{""cunghoctienganh_4909ad74_a335"": -34.09014053344723, ""laquythang_8444c3be_8779_4769"": -32.64129467010495}",cunghoctienganh_4909ad74_a335,continuous_primal_dual_psd,4,25.1966498075467,25.1966498075467,0.0,"[1.0, 0.0]",primal=Optimization terminated successfully; dual=outer=Optimization terminated successfully; inner=Optimization terminated successfully,0,476.76235437393166,0.0,,qwen25_real_m50_circulant_balanced_seed20260503_dare_linear_e8_dare_linear
dare_linear,pair,laquythang_efe15045_778f_4dfa+cunghoctienganh_c1cf0152_7ae6,0.0908417942328512,-4.186364936828646,1,"[0.28596952550378424, 0.7140304744962158]","[0.2, 0.8]",0.0,"{""cunghoctienganh_c1cf0152_7ae6"": 5.133339691162142, ""laquythang_efe15045_778f_4dfa"": 4.186364936828646}",laquythang_efe15045_778f_4dfa,continuous_primal_dual_psd,4,0.0908417942328512,0.0908417942328512,0.0,"[1.0, 0.0]",primal=Optimization terminated successfully; dual=outer=Optimization terminated successfully; inner=Optimization terminated successfully,0,459.7355425357816,0.0,,qwen25_real_m50_circulant_balanced_seed20260503_dare_linear_e8_dare_linear
dare_linear,pair,laquythang_efe15045_778f_4dfa+cunghoctienganh_4909ad74_a335,40.28354617092761,52.17728919982907,0,"[0.5334665751536521, 0.46653342484634786]","[0.6, 0.4]",0.0,"{""cunghoctienganh_4909ad74_a335"": -51.90265483856198, ""laquythang_efe15045_778f_4dfa"": -52.17728919982907}",laquythang_efe15045_778f_4dfa,continuous_primal_dual_psd,4,40.28354617092761,40.28354617092761,0.0,"[1.0, 0.0]",primal=Optimization terminated successfully; dual=outer=Optimization terminated successfully; inner=Optimization terminated successfully,0,426.5820980072021,0.0,,qwen25_real_m50_circulant_balanced_seed20260503_dare_linear_e8_dare_linear
dare_linear,pair,laquythang_efe15045_778f_4dfa+cunghoctienganh_b7496e73_1762,42.81137294769284,65.60532159805294,0,"[0.2, 0.8]","[0.6, 0.4]",3.6363720893859854,"{""cunghoctienganh_b7496e73_1762"": -65.60532159805294, ""laquythang_efe15045_778f_4dfa"": -48.31363267898556}",cunghoctienganh_b7496e73_1762,continuous_primal_dual_psd,4,42.81137294769284,42.81137294769284,0.0,"[1.0, 0.0]",primal=Optimization terminated successfully; dual=outer=Optimization terminated successfully; inner=Optimization terminated successfully,1,-160.75730323791504,160.75730323791504,,qwen25_real_m50_circulant_balanced_seed20260503_dare_linear_e8_dare_linear
dare_linear,pair,cunghoctienganh_c1cf0152_7ae6+cunghoctienganh_4909ad74_a335,17.895439338684078,31.53333969116208,0,"[0.8, 0.19999999999999996]","[0.8, 0.2]",0.0,"{""cunghoctienganh_4909ad74_a335"": -31.533339691162077, ""cunghoctienganh_c1cf0152_7ae6"": -26.95000476837155}",cunghoctienganh_4909ad74_a335,continuous_primal_dual_psd,4,17.895439338684078,17.895439338684078,0.0,"[1.0, 0.0]",primal=Optimization terminated successfully; dual=outer=Optimization terminated successfully; inner=Optimization terminated successfully,1,-13.831555843353255,13.831555843353255,,qwen25_real_m50_circulant_balanced_seed20260503_dare_linear_e8_dare_linear
dare_linear,pair,cunghoctienganh_c1cf0152_7ae6+cunghoctienganh_b7496e73_1762,2.4057245969771657,1.722732257842985,0,"[0.8, 0.19999999999999996]","[0.8, 0.2]",0.0,"{""cunghoctienganh_b7496e73_1762"": -1.722732257842985, ""cunghoctienganh_c1cf0152_7ae6"": 1.9041746139526694}",cunghoctienganh_b7496e73_1762,continuous_primal_dual_psd,4,2.4057245969771657,2.4057245969771657,0.0,"[1.0, 0.0]",primal=Optimization terminated successfully; dual=outer=Optimization terminated successfully; inner=Optimization terminated successfully,0,326.8684446811674,0.0,,qwen25_real_m50_circulant_balanced_seed20260503_dare_linear_e8_dare_linear
dare_linear,pair,cunghoctienganh_c1cf0152_7ae6+chauhoang_4909ad74_a335_4972_9,4.565393030389615,-2.945849227905306,1,"[0.7926888782947751, 0.20731112170522492]","[0.8, 0.2]",0.0,"{""chauhoang_4909ad74_a335_4972_9"": 7.368192005157503, ""cunghoctienganh_c1cf0152_7ae6"": 2.945849227905306}",cunghoctienganh_c1cf0152_7ae6,continuous_primal_dual_psd,4,4.565393030389615,4.565393030389615,0.0,"[0.0, 1.0]",primal=Optimization terminated successfully; dual=outer=Optimization terminated successfully; inner=Optimization terminated successfully,0,252.74977087974548,0.0,,qwen25_real_m50_circulant_balanced_seed20260503_dare_linear_e8_dare_linear
dare_linear,pair,cunghoctienganh_4909ad74_a335+cunghoctienganh_b7496e73_1762,30.23126072883643,48.90075035095212,0,"[0.2000000000000016, 0.7999999999999984]","[0.2, 0.8]",0.0,"{""cunghoctienganh_4909ad74_a335"": -48.900750350952116, ""cunghoctienganh_b7496e73_1762"": -39.222732257842985}",cunghoctienganh_4909ad74_a335,continuous_primal_dual_psd,4,30.23126072883643,30.23126072883643,0.0,"[0.0, 1.0]",primal=Optimization terminated successfully; dual=outer=Optimization terminated successfully; inner=Optimization terminated successfully,1,-512.1192336082457,512.1192336082457,,qwen25_real_m50_circulant_balanced_seed20260503_dare_linear_e8_dare_linear
dare_linear,pair,cunghoctienganh_4909ad74_a335+chauhoang_4909ad74_a335_4972_9,86.32340497970583,93.42726774215694,0,"[0.2, 0.8]","[0.6, 0.4]",15.132582187652588,"{""chauhoang_4909ad74_a335_4972_9"": -93.42726774215694, ""cunghoctienganh_4909ad74_a335"": -88.72083730697628}",chauhoang_4909ad74_a335_4972_9,continuous_primal_dual_psd,4,86.32340497970583,86.32340497970584,0.0,"[0.9999999999999998, 2.7755575615628914e-16]",primal=Optimization terminated successfully; dual=outer=Optimization terminated successfully; inner=Optimization terminated successfully,1,-321.7147290706633,321.7147290706633,,qwen25_real_m50_circulant_balanced_seed20260503_dare_linear_e8_dare_linear
dare_linear,pair,cunghoctienganh_4909ad74_a335+chauhoang_2aa4f343_5524_f86e_b,39.68179292678832,56.01250238418576,0,"[0.2, 0.8]","[0.8, 0.2]",8.191299438476555,"{""chauhoang_2aa4f343_5524_f86e_b"": -56.01250238418576, ""cunghoctienganh_4909ad74_a335"": -50.690534782409635}",chauhoang_2aa4f343_5524_f86e_b,continuous_primal_dual_psd,4,39.68179292678832,39.68179292678832,0.0,"[0.0, 1.0]",primal=Optimization terminated successfully; dual=outer=Optimization terminated successfully; inner=Optimization terminated successfully,1,-120.87479233741765,120.87479233741765,,qwen25_real_m50_circulant_balanced_seed20260503_dare_linear_e8_dare_linear
dare_linear,pair,cunghoctienganh_b7496e73_1762+chauhoang_4909ad74_a335_4972_9,11.736395670327012,3.0484945297240884,0,"[0.44993516885698936, 0.5500648311430106]","[0.6, 0.4]",12.19695806503296,"{""chauhoang_4909ad74_a335_4972_9"": 15.663644599914583, ""cunghoctienganh_b7496e73_1762"": -3.0484945297240884}",cunghoctienganh_b7496e73_1762,continuous_primal_dual_psd,4,11.736395670327012,11.736395670327012,0.0,"[0.0, 1.0]",primal=Optimization terminated successfully; dual=outer=Optimization terminated successfully; inner=Optimization terminated successfully,0,691.9072568416594,0.0,,qwen25_real_m50_circulant_balanced_seed20260503_dare_linear_e8_dare_linear
dare_linear,pair,cunghoctienganh_b7496e73_1762+chauhoang_2aa4f343_5524_f86e_b,27.746371464939344,40.35908288955685,0,"[0.4707995377502457, 0.5292004622497544]","[0.4, 0.6]",0.0,"{""chauhoang_2aa4f343_5524_f86e_b"": -32.470837306976286, ""cunghoctienganh_b7496e73_1762"": -40.35908288955685}",cunghoctienganh_b7496e73_1762,continuous_primal_dual_psd,4,27.746371464939344,27.746371464939344,0.0,"[0.0, 1.0]",primal=Optimization terminated successfully; dual=outer=Optimization terminated successfully; inner=Optimization terminated successfully,0,80.32873272895804,0.0,,qwen25_real_m50_circulant_balanced_seed20260503_dare_linear_e8_dare_linear
dare_linear,pair,cunghoctienganh_b7496e73_1762+duyphu_4909ad74_a335_4972_9ed8,59.31265517510622,59.01439495086667,0,"[0.5671791643278989, 0.43282083567210106]","[0.4, 0.6]",22.121214866638176,"{""cunghoctienganh_b7496e73_1762"": -59.01439495086667, ""duyphu_4909ad74_a335_4972_9ed8"": -30.123069953918424}",cunghoctienganh_b7496e73_1762,continuous_primal_dual_psd,4,59.31265517510622,59.31265517510622,0.0,"[0.0, 1.0]",primal=Optimization terminated successfully; dual=outer=Optimization terminated successfully; inner=Optimization terminated successfully,0,184.6595108509062,0.0,,qwen25_real_m50_circulant_balanced_seed20260503_dare_linear_e8_dare_linear
dare_linear,pair,chauhoang_4909ad74_a335_4972_9+chauhoang_2aa4f343_5524_f86e_b,40.022911500930775,37.67917461395261,0,"[0.2, 0.8]","[0.2, 0.8]",0.0,"{""chauhoang_2aa4f343_5524_f86e_b"": -37.679174613952604, ""chauhoang_4909ad74_a335_4972_9"": -36.26818962097165}",chauhoang_2aa4f343_5524_f86e_b,continuous_primal_dual_psd,4,40.022911500930775,40.022911500930775,0.0,"[1.0, 0.0]",primal=Optimization terminated successfully; dual=outer=Optimization terminated successfully; inner=Optimization terminated successfully,1,-281.086266040802,281.086266040802,,qwen25_real_m50_circulant_balanced_seed20260503_dare_linear_e8_dare_linear
dare_linear,pair,chauhoang_4909ad74_a335_4972_9+duyphu_4909ad74_a335_4972_9ed8,33.816979598999,26.917949390411344,0,"[0.2, 0.8]","[0.2, 0.8]",0.0,"{""chauhoang_4909ad74_a335_4972_9"": -11.495450210571256, ""duyphu_4909ad74_a335_4972_9ed8"": -26.917949390411344}",duyphu_4909ad74_a335_4972_9ed8,continuous_primal_dual_psd,4,33.816979598999,33.816979598999,0.0,"[1.0, 0.0]",primal=Optimization terminated successfully; dual=outer=Optimization terminated successfully; inner=Optimization terminated successfully,1,-508.8141560554505,508.8141560554505,,qwen25_real_m50_circulant_balanced_seed20260503_dare_linear_e8_dare_linear
dare_linear,pair,chauhoang_4909ad74_a335_4972_9+duyphu_0112d9da_9934_4614_b233,41.93734671525454,42.64346666336056,0,"[0.35526647137572365, 0.6447335286242764]","[0.4, 0.6]",0.0,"{""chauhoang_4909ad74_a335_4972_9"": -35.47271795272824, ""duyphu_0112d9da_9934_4614_b233"": -42.64346666336056}",duyphu_0112d9da_9934_4614_b233,continuous_primal_dual_psd,4,41.93734671525454,41.93734671525454,0.0,"[1.0, 0.0]",primal=Optimization terminated successfully; dual=outer=Optimization terminated successfully; inner=Optimization terminated successfully,0,199.21869039535497,0.0,,qwen25_real_m50_circulant_balanced_seed20260503_dare_linear_e8_dare_linear
dare_linear,pair,chauhoang_2aa4f343_5524_f86e_b+duyphu_4909ad74_a335_4972_9ed8,54.41400713920593,48.51250953674313,0,"[0.2, 0.8]","[0.8, 0.2]",18.229162693023675,"{""chauhoang_2aa4f343_5524_f86e_b"": -48.51250953674313, ""duyphu_4909ad74_a335_4972_9ed8"": -45.403531265258756}",chauhoang_2aa4f343_5524_f86e_b,continuous_primal_dual_psd,4,54.41400713920593,54.41400713920593,0.0,"[0.0, 1.0]",primal=Optimization terminated successfully; dual=outer=Optimization terminated successfully; inner=Optimization terminated successfully,1,-301.8461167812346,301.8461167812346,,qwen25_real_m50_circulant_balanced_seed20260503_dare_linear_e8_dare_linear
dare_linear,pair,chauhoang_2aa4f343_5524_f86e_b+duyphu_0112d9da_9934_4614_b233,28.07875456217178,41.14580459594723,0,"[0.5336410047710387, 0.4663589952289613]","[0.4, 0.6]",0.6380915641784668,"{""chauhoang_2aa4f343_5524_f86e_b"": -35.6999904632568, ""duyphu_0112d9da_9934_4614_b233"": -41.14580459594723}",duyphu_0112d9da_9934_4614_b233,continuous_primal_dual_psd,4,28.07875456217178,28.07875456216337,8.412825991399586e-12,"[0.027255826924742765, 0.9727441730752572]",primal=Optimization terminated successfully; dual=outer=Optimization terminated successfully; inner=Optimization terminated successfully,0,147.13540673255903,0.0,,qwen25_real_m50_circulant_balanced_seed20260503_dare_linear_e8_dare_linear
dare_linear,pair,chauhoang_2aa4f343_5524_f86e_b+phungkhaccuong_2b1522e6_bef2_7,15.81876670300916,19.03333969116208,0,"[0.3942537391524985, 0.6057462608475015]","[0.6, 0.4]",6.025636196136475,"{""chauhoang_2aa4f343_5524_f86e_b"": -13.512495231628385, ""phungkhaccuong_2b1522e6_bef2_7"": -19.033339691162077}",phungkhaccuong_2b1522e6_bef2_7,continuous_primal_dual_psd,4,15.81876670300916,15.818766703008706,4.547473508864641e-13,"[0.21685595338183378, 0.7831440466181663]",primal=Optimization terminated successfully; dual=outer=Optimization terminated successfully; inner=Optimization terminated successfully,0,366.4772212505339,0.0,,qwen25_real_m50_circulant_balanced_seed20260503_dare_linear_e8_dare_linear
dare_linear,pair,duyphu_4909ad74_a335_4972_9ed8+duyphu_0112d9da_9934_4614_b233,17.68863983154482,28.36171693801877,0,"[0.20000000000002127, 0.7999999999999787]","[0.2, 0.8]",0.0,"{""duyphu_0112d9da_9934_4614_b233"": -28.361716938018766, ""duyphu_4909ad74_a335_4972_9ed8"": -24.001291465759245}",duyphu_0112d9da_9934_4614_b233,continuous_primal_dual_psd,4,17.68863983154482,17.68863983154482,0.0,"[1.0, 0.0]",primal=Optimization terminated successfully; dual=outer=Optimization terminated successfully; inner=Optimization terminated successfully,1,-333.3331644535064,333.3331644535064,,qwen25_real_m50_circulant_balanced_seed20260503_dare_linear_e8_dare_linear
dare_linear,pair,duyphu_4909ad74_a335_4972_9ed8+phungkhaccuong_2b1522e6_bef2_7,31.200005483627287,12.366667461395233,0,"[0.2, 0.8]","[0.4, 0.6]",12.72435188293457,"{""duyphu_4909ad74_a335_4972_9ed8"": -8.504489135742155, ""phungkhaccuong_2b1522e6_bef2_7"": -12.366667461395231}",phungkhaccuong_2b1522e6_bef2_7,continuous_primal_dual_psd,4,31.200005483627287,31.200005483627287,0.0,"[1.0, 0.0]",primal=Optimization terminated successfully; dual=outer=Optimization terminated successfully; inner=Optimization terminated successfully,1,-649.1477787494659,649.1477787494659,,qwen25_real_m50_circulant_balanced_seed20260503_dare_linear_e8_dare_linear
dare_linear,pair,duyphu_4909ad74_a335_4972_9ed8+phungkhaccuong_a992b7f5_9d18_c,42.93862528800963,53.90805311203,0,"[0.2, 0.8]","[0.2, 0.8]",0.0,"{""duyphu_4909ad74_a335_4972_9ed8"": -42.98365421295163, ""phungkhaccuong_a992b7f5_9d18_c"": -53.90805311203}",phungkhaccuong_a992b7f5_9d18_c,continuous_primal_dual_psd,4,42.93862528800963,42.93862528800964,0.0,"[0.9999999999999998, 2.949029909160572e-16]",primal=Optimization terminated successfully; dual=outer=Optimization terminated successfully; inner=Optimization terminated successfully,1,-213.54183554649345,213.54183554649345,,qwen25_real_m50_circulant_balanced_seed20260503_dare_linear_e8_dare_linear
dare_linear,pair,duyphu_0112d9da_9934_4614_b233+phungkhaccuong_2b1522e6_bef2_7,26.77575654983563,13.007679653167692,0,"[0.20000000000000903, 0.7999999999999909]","[0.2, 0.8]",0.0,"{""duyphu_0112d9da_9934_4614_b233"": -13.007679653167692, ""phungkhaccuong_2b1522e6_bef2_7"": 0.08525543212893893}",duyphu_0112d9da_9934_4614_b233,continuous_primal_dual_psd,4,26.77575654983563,26.77575654983563,0.0,"[0.0, 1.0]",primal=Optimization terminated successfully; dual=outer=Optimization terminated successfully; inner=Optimization terminated successfully,1,-66.05148315429697,66.05148315429697,,qwen25_real_m50_circulant_balanced_seed20260503_dare_linear_e8_dare_linear
dare_linear,pair,duyphu_0112d9da_9934_4614_b233+phungkhaccuong_a992b7f5_9d18_c,20.34060485363007,46.307507228851286,0,"[0.7999999999999996, 0.2000000000000004]","[0.8, 0.2]",0.0,"{""duyphu_0112d9da_9934_4614_b233"": -46.307507228851286, ""phungkhaccuong_a992b7f5_9d18_c"": -37.33462400436398}",duyphu_0112d9da_9934_4614_b233,continuous_primal_dual_psd,4,20.34060485363007,20.34060485363007,0.0,"[1.0, 0.0]",primal=Optimization terminated successfully; dual=outer=Optimization terminated successfully; inner=Optimization terminated successfully,1,-32.55203366279611,32.55203366279611,,qwen25_real_m50_circulant_balanced_seed20260503_dare_linear_e8_dare_linear
dare_linear,pair,duyphu_0112d9da_9934_4614_b233+phungkhaccuong_731c6dec_a942_4,5.439587306976272,0.7219762927866783,0,"[0.2, 0.8]","[0.2, 0.8]",0.0,"{""duyphu_0112d9da_9934_4614_b233"": 6.545051860809359, ""phungkhaccuong_731c6dec_a942_4"": -0.7219762927866783}",phungkhaccuong_731c6dec_a942_4,continuous_primal_dual_psd,4,5.439587306976272,5.439587306976272,0.0,"[1.0, 0.0]",primal=Optimization terminated successfully; dual=outer=Optimization terminated successfully; inner=Optimization terminated successfully,1,-309.89587306976324,309.89587306976324,,qwen25_real_m50_circulant_balanced_seed20260503_dare_linear_e8_dare_linear
dare_linear,pair,phungkhaccuong_2b1522e6_bef2_7+phungkhaccuong_a992b7f5_9d18_c,0.2571257280190338,-9.885653781890902,1,"[0.6232316728696276, 0.37676832713037245]","[0.6, 0.4]",0.0,"{""phungkhaccuong_2b1522e6_bef2_7"": 12.144550609588656, ""phungkhaccuong_a992b7f5_9d18_c"": 9.885653781890902}",phungkhaccuong_a992b7f5_9d18_c,continuous_primal_dual_psd,4,0.2571257280190338,0.2571257280181811,8.526512829121202e-13,"[1.0, 0.0]",primal=Optimization terminated successfully; dual=outer=Optimization terminated successfully; inner=Optimization terminated successfully,0,574.3369460105895,0.0,,qwen25_real_m50_circulant_balanced_seed20260503_dare_linear_e8_dare_linear
dare_linear,pair,phungkhaccuong_2b1522e6_bef2_7+phungkhaccuong_731c6dec_a942_4,-1.6852612690880593,-0.7148364617286725,1,"[0.2798390824894549, 0.7201609175105451]","[0.4, 0.6]",1.0192320661242769,"{""phungkhaccuong_2b1522e6_bef2_7"": 14.059612083435091, ""phungkhaccuong_731c6dec_a942_4"": 0.7148364617286725}",phungkhaccuong_731c6dec_a942_4,continuous_primal_dual_psd,4,-1.6852612690880593,-1.6852612690880593,0.0,"[0.0, 1.0]",primal=Optimization terminated successfully; dual=outer=Optimization terminated successfully; inner=Optimization terminated successfully,0,35.398627330990585,0.0,,qwen25_real_m50_circulant_balanced_seed20260503_dare_linear_e8_dare_linear
dare_linear,pair,phungkhaccuong_2b1522e6_bef2_7+denbeo_d9ae91c0_fed9_4fb4_8ddd,63.19619007110594,46.35341472625729,0,"[0.20000000000000007, 0.7999999999999999]","[0.8, 0.2]",61.53408288955688,"{""denbeo_d9ae91c0_fed9_4fb4_8ddd"": -46.35341472625729, ""phungkhaccuong_2b1522e6_bef2_7"": -26.757684421539274}",denbeo_d9ae91c0_fed9_4fb4_8ddd,continuous_primal_dual_psd,4,63.19619007110594,63.19619007110594,0.0,"[1.0, 0.0]",primal=Optimization terminated successfully; dual=outer=Optimization terminated successfully; inner=Optimization terminated successfully,1,-51.60957574844372,51.60957574844372,,qwen25_real_m50_circulant_balanced_seed20260503_dare_linear_e8_dare_linear
dare_linear,pair,phungkhaccuong_a992b7f5_9d18_c+phungkhaccuong_731c6dec_a942_4,-0.4291866221562461,-0.389286795030304,1,"[0.20000000000001594, 0.7999999999999841]","[0.2, 0.8]",0.0,"{""phungkhaccuong_731c6dec_a942_4"": 0.38928679503030406, ""phungkhaccuong_a992b7f5_9d18_c"": 5.995795059204134}",phungkhaccuong_731c6dec_a942_4,continuous_primal_dual_psd,4,-0.4291866221562461,-0.4291866221562461,0.0,"[0.0, 1.0]",primal=Optimization terminated successfully; dual=outer=Optimization terminated successfully; inner=Optimization terminated successfully,1,-253.90639901161197,253.90639901161197,,qwen25_real_m50_circulant_balanced_seed20260503_dare_linear_e8_dare_linear
dare_linear,pair,phungkhaccuong_a992b7f5_9d18_c+denbeo_d9ae91c0_fed9_4fb4_8ddd,35.57499117851724,62.38560981750485,0,"[0.20000000000003232, 0.7999999999999676]","[0.2, 0.8]",0.0,"{""denbeo_d9ae91c0_fed9_4fb4_8ddd"": -62.38560981750485, ""phungkhaccuong_a992b7f5_9d18_c"": -42.05489463806149}",denbeo_d9ae91c0_fed9_4fb4_8ddd,continuous_primal_dual_psd,4,35.57499117851724,35.57499117851724,0.0,"[1.0, 0.0]",primal=Optimization terminated successfully; dual=outer=Optimization terminated successfully; inner=Optimization terminated successfully,1,-370.4924881458282,370.4924881458282,,qwen25_real_m50_circulant_balanced_seed20260503_dare_linear_e8_dare_linear
dare_linear,pair,phungkhaccuong_a992b7f5_9d18_c+nbninh_c4ae10ba_efe4_401e_8dd7,15.312802003875676,10.053137016296354,0,"[0.4235442263307443, 0.5764557736692557]","[0.2, 0.8]",7.247245311737059,"{""nbninh_c4ae10ba_efe4_401e_8dd7"": -7.4518949508666665, ""phungkhaccuong_a992b7f5_9d18_c"": -10.053137016296354}",phungkhaccuong_a992b7f5_9d18_c,continuous_primal_dual_psd,4,15.312802003875676,15.312802003874882,7.94031507211912e-13,"[0.2188487923515038, 0.7811512076484962]",primal=Optimization terminated successfully; dual=outer=Optimization terminated successfully; inner=Optimization terminated successfully,1,-66.9069588184357,66.9069588184357,,qwen25_real_m50_circulant_balanced_seed20260503_dare_linear_e8_dare_linear
dare_linear,pair,phungkhaccuong_731c6dec_a942_4+denbeo_d9ae91c0_fed9_4fb4_8ddd,2.9869547491070207,0.2961508200689947,0,"[0.6389583586346302, 0.36104164136536976]","[0.8, 0.2]",7.155744130797672,"{""denbeo_d9ae91c0_fed9_4fb4_8ddd"": 7.983717250824007, ""phungkhaccuong_731c6dec_a942_4"": -0.29615082006899474}",phungkhaccuong_731c6dec_a942_4,continuous_primal_dual_psd,4,2.9869547491070207,2.9869547491070207,0.0,"[0.0, 1.0]",primal=Optimization terminated successfully; dual=outer=Optimization terminated successfully; inner=Optimization terminated successfully,0,24.999954195508234,0.0,,qwen25_real_m50_circulant_balanced_seed20260503_dare_linear_e8_dare_linear
dare_linear,pair,phungkhaccuong_731c6dec_a942_4+nbninh_c4ae10ba_efe4_401e_8dd7,-1.037006090165225,0.6670312378416233,0,"[0.8, 0.19999999999999996]","[0.8, 0.2]",0.0,"{""nbninh_c4ae10ba_efe4_401e_8dd7"": 12.13143758773807, ""phungkhaccuong_731c6dec_a942_4"": -0.6670312378416233}",phungkhaccuong_731c6dec_a942_4,continuous_primal_dual_psd,4,-1.037006090165225,-1.037006090165225,0.0,"[1.0, 0.0]",primal=Optimization terminated successfully; dual=outer=Optimization terminated successfully; inner=Optimization terminated successfully,0,8.882384142118516,0.0,,qwen25_real_m50_circulant_balanced_seed20260503_dare_linear_e8_dare_linear
dare_linear,pair,phungkhaccuong_731c6dec_a942_4+nbninh_0d8b128b_8753_46c3_b80f,8.320961191975584,5.046597194671598,0,"[0.5489856116149973, 0.45101438838500274]","[0.8, 0.2]",6.193172931671143,"{""nbninh_0d8b128b_8753_46c3_b80f"": -5.046597194671598, ""phungkhaccuong_731c6dec_a942_4"": -1.3401085932163823}",nbninh_0d8b128b_8753_46c3_b80f,continuous_primal_dual_psd,4,8.320961191975584,8.320961191975583,1.7763568394002505e-15,"[0.8626451000828005, 0.13735489991719957]",primal=Optimization terminated successfully; dual=outer=Optimization terminated successfully; inner=Optimization terminated successfully,1,-35.883536583131495,35.883536583131495,,qwen25_real_m50_circulant_balanced_seed20260503_dare_linear_e8_dare_linear
dare_linear,pair,denbeo_d9ae91c0_fed9_4fb4_8ddd+nbninh_c4ae10ba_efe4_401e_8dd7,19.49004240036006,38.626137447357145,0,"[0.2, 0.8]","[0.2, 0.8]",0.0,"{""denbeo_d9ae91c0_fed9_4fb4_8ddd"": -38.626137447357145, ""nbninh_c4ae10ba_efe4_401e_8dd7"": -17.8117544174194}",denbeo_d9ae91c0_fed9_4fb4_8ddd,continuous_primal_dual_psd,4,19.49004240036006,19.49004240036006,0.0,"[0.0, 1.0]",primal=Optimization terminated successfully; dual=outer=Optimization terminated successfully; inner=Optimization terminated successfully,1,-132.41171836853044,132.41171836853044,,qwen25_real_m50_circulant_balanced_seed20260503_dare_linear_e8_dare_linear
dare_linear,pair,denbeo_d9ae91c0_fed9_4fb4_8ddd+nbninh_0d8b128b_8753_46c3_b80f,61.960316208707525,81.15455217361446,0,"[0.49192944902758684, 0.5080705509724132]","[0.4, 0.6]",0.0,"{""denbeo_d9ae91c0_fed9_4fb4_8ddd"": -81.15455217361446, ""nbninh_0d8b128b_8753_46c3_b80f"": -55.35908050537106}",denbeo_d9ae91c0_fed9_4fb4_8ddd,continuous_primal_dual_psd,4,61.960316208707525,61.960316208707525,0.0,"[0.0, 1.0]",primal=Optimization terminated successfully; dual=outer=Optimization terminated successfully; inner=Optimization terminated successfully,0,502.9045045375819,0.0,,qwen25_real_m50_circulant_balanced_seed20260503_dare_linear_e8_dare_linear
dare_linear,pair,denbeo_d9ae91c0_fed9_4fb4_8ddd+nbninh_a1f78795_1b61_4923_9235,40.06890863735704,55.00871248245236,0,"[0.4808827698073765, 0.5191172301926235]","[0.4, 0.6]",0.0,"{""denbeo_d9ae91c0_fed9_4fb4_8ddd"": -55.00871248245236, ""nbninh_a1f78795_1b61_4923_9235"": -26.542773914337126}",denbeo_d9ae91c0_fed9_4fb4_8ddd,continuous_primal_dual_psd,4,40.06890863735704,40.06890863735704,0.0,"[0.0, 1.0]",primal=Optimization terminated successfully; dual=outer=Optimization terminated successfully; inner=Optimization terminated successfully,0,563.8016760349271,0.0,,qwen25_real_m50_circulant_balanced_seed20260503_dare_linear_e8_dare_linear
dare_linear,pair,nbninh_c4ae10ba_efe4_401e_8dd7+nbninh_0d8b128b_8753_46c3_b80f,37.98942763807821,12.88750476837155,0,"[0.7358927734869009, 0.26410722651309915]","[0.8, 0.2]",0.0,"{""nbninh_0d8b128b_8753_46c3_b80f"": 21.85680561065677, ""nbninh_c4ae10ba_efe4_401e_8dd7"": -12.88750476837155}",nbninh_c4ae10ba_efe4_401e_8dd7,continuous_primal_dual_psd,4,37.98942763807821,37.98942763807821,0.0,"[0.0, 1.0]",primal=Optimization terminated successfully; dual=outer=Optimization terminated successfully; inner=Optimization terminated successfully,0,338.1411731243132,0.0,,qwen25_real_m50_circulant_balanced_seed20260503_dare_linear_e8_dare_linear
dare_linear,pair,nbninh_c4ae10ba_efe4_401e_8dd7+nbninh_a1f78795_1b61_4923_9235,25.56656248569486,18.91968555450436,0,"[0.8, 0.19999999999999996]","[0.8, 0.2]",0.0,"{""nbninh_a1f78795_1b61_4923_9235"": -6.694307994842497, ""nbninh_c4ae10ba_efe4_401e_8dd7"": -18.919685554504362}",nbninh_c4ae10ba_efe4_401e_8dd7,continuous_primal_dual_psd,4,25.56656248569486,25.56656248569486,0.0,"[0.0, 1.0]",primal=Optimization terminated successfully; dual=outer=Optimization terminated successfully; inner=Optimization terminated successfully,1,-2.103298902511563,2.103298902511563,,qwen25_real_m50_circulant_balanced_seed20260503_dare_linear_e8_dare_linear
dare_linear,pair,nbninh_c4ae10ba_efe4_401e_8dd7+nhoxinh_2f944a50_cbd3_4334_af8,15.102162544639045,6.003025245666471,0,"[0.5857929696549896, 0.4142070303450104]","[0.6, 0.4]",0.0,"{""nbninh_c4ae10ba_efe4_401e_8dd7"": -2.20567293167111, ""nhoxinh_2f944a50_cbd3_4334_af8"": -6.003025245666471}",nhoxinh_2f944a50_cbd3_4334_af8,continuous_primal_dual_psd,4,15.102162544639045,15.10216254463856,4.831690603168681e-13,"[0.8439692135665648, 0.15603078643343513]",primal=Optimization terminated successfully; dual=outer=Optimization terminated successfully; inner=Optimization terminated successfully,0,176.6827702522278,0.0,,qwen25_real_m50_circulant_balanced_seed20260503_dare_linear_e8_dare_linear
dare_linear,pair,nbninh_0d8b128b_8753_46c3_b80f+nbninh_a1f78795_1b61_4923_9235,25.77221732508516,27.688637447357145,0,"[0.3622602540414886, 0.6377397459585115]","[0.4, 0.6]",0.0,"{""nbninh_0d8b128b_8753_46c3_b80f"": -27.688637447357145, ""nbninh_a1f78795_1b61_4923_9235"": -13.484087657928434}",nbninh_0d8b128b_8753_46c3_b80f,continuous_primal_dual_psd,4,25.77221732508516,25.77221732508483,3.2684965844964614e-13,"[5.551115123125783e-17, 1.0]",primal=Optimization terminated successfully; dual=outer=Optimization terminated successfully; inner=Optimization terminated successfully,0,544.871687889099,0.0,,qwen25_real_m50_circulant_balanced_seed20260503_dare_linear_e8_dare_linear
dare_linear,pair,nbninh_0d8b128b_8753_46c3_b80f+nhoxinh_2f944a50_cbd3_4334_af8,71.34743936061857,60.43485708236691,0,"[0.2, 0.8]","[0.4, 0.6]",32.935583591461175,"{""nbninh_0d8b128b_8753_46c3_b80f"": -45.13181753158566, ""nhoxinh_2f944a50_cbd3_4334_af8"": -60.43485708236691}",nhoxinh_2f944a50_cbd3_4334_af8,continuous_primal_dual_psd,4,71.34743936061857,71.34743936061857,0.0,"[1.0, 0.0]",primal=Optimization terminated successfully; dual=outer=Optimization terminated successfully; inner=Optimization terminated successfully,1,-54.58712577819845,54.58712577819845,,qwen25_real_m50_circulant_balanced_seed20260503_dare_linear_e8_dare_linear
dare_linear,pair,nbninh_0d8b128b_8753_46c3_b80f+nhoxinh_0c66c9c5_5cc2_46a8_9db,35.91309986184375,41.58069200515744,0,"[0.49209372161491155, 0.5079062783850885]","[0.6, 0.4]",13.409078121185305,"{""nbninh_0d8b128b_8753_46c3_b80f"": -41.58069200515744, ""nhoxinh_0c66c9c5_5cc2_46a8_9db"": -37.34332628250119}",nbninh_0d8b128b_8753_46c3_b80f,continuous_primal_dual_psd,4,35.91309986184375,35.91309986184375,0.0,"[5.551115123125783e-17, 1.0]",primal=Optimization terminated successfully; dual=outer=Optimization terminated successfully; inner=Optimization terminated successfully,0,889.3226087093351,0.0,,qwen25_real_m50_circulant_balanced_seed20260503_dare_linear_e8_dare_linear
dare_linear,pair,nbninh_a1f78795_1b61_4923_9235+nhoxinh_2f944a50_cbd3_4334_af8,8.176907625721121,21.438637447357145,0,"[0.4362097598315574, 0.5637902401684426]","[0.6, 0.4]",2.727270126342773,"{""nbninh_a1f78795_1b61_4923_9235"": -13.162103366851774, ""nhoxinh_2f944a50_cbd3_4334_af8"": -21.438637447357145}",nhoxinh_2f944a50_cbd3_4334_af8,continuous_primal_dual_psd,4,8.176907625721121,8.176907625721121,0.0,"[1.0, 0.0]",primal=Optimization terminated successfully; dual=outer=Optimization terminated successfully; inner=Optimization terminated successfully,0,603.5657227039336,0.0,,qwen25_real_m50_circulant_balanced_seed20260503_dare_linear_e8_dare_linear
dare_linear,pair,nbninh_a1f78795_1b61_4923_9235+nhoxinh_0c66c9c5_5cc2_46a8_9db,69.82645005407201,66.38180322647091,0,"[0.21208168814005182, 0.7879183118599482]","[0.6, 0.4]",6.761372089385986,"{""nbninh_a1f78795_1b61_4923_9235"": -66.38180322647091, ""nhoxinh_0c66c9c5_5cc2_46a8_9db"": -61.29441566467282}",nbninh_a1f78795_1b61_4923_9235,continuous_primal_dual_psd,4,69.82645005407201,69.82645005406997,2.0463630789890885e-12,"[0.8142836343147339, 0.1857163656852661]",primal=Optimization terminated successfully; dual=outer=Optimization terminated successfully; inner=Optimization terminated successfully,1,-524.7393250465394,524.7393250465394,,qwen25_real_m50_circulant_balanced_seed20260503_dare_linear_e8_dare_linear
dare_linear,pair,nbninh_a1f78795_1b61_4923_9235+nhoxinh_9214fc0d_4490_4bdd_9ff,77.44211695055984,58.09583969116208,0,"[0.7224438651084577, 0.2775561348915423]","[0.8, 0.2]",0.0,"{""nbninh_a1f78795_1b61_4923_9235"": -39.94243450164792, ""nhoxinh_9214fc0d_4490_4bdd_9ff"": -58.09583969116208}",nhoxinh_9214fc0d_4490_4bdd_9ff,continuous_primal_dual_psd,4,77.44211695055984,77.44211695055984,0.0,"[1.0, 0.0]",primal=Optimization terminated successfully; dual=outer=Optimization terminated successfully; inner=Optimization terminated successfully,0,329.527109861374,0.0,,qwen25_real_m50_circulant_balanced_seed20260503_dare_linear_e8_dare_linear
dare_linear,pair,nhoxinh_2f944a50_cbd3_4334_af8+nhoxinh_0c66c9c5_5cc2_46a8_9db,51.42097517500272,69.65978450775143,0,"[0.5619384180224432, 0.43806158197755685]","[0.4, 0.6]",1.0489463806152344,"{""nhoxinh_0c66c9c5_5cc2_46a8_9db"": -69.65978450775143, ""nhoxinh_2f944a50_cbd3_4334_af8"": -63.55985708236691}",nhoxinh_0c66c9c5_5cc2_46a8_9db,continuous_primal_dual_psd,4,51.42097517500272,51.42097517500272,0.0,"[1.0, 0.0]",primal=Optimization terminated successfully; dual=outer=Optimization terminated successfully; inner=Optimization terminated successfully,0,321.61474227905256,0.0,,qwen25_real_m50_circulant_balanced_seed20260503_dare_linear_e8_dare_linear
dare_linear,pair,nhoxinh_2f944a50_cbd3_4334_af8+nhoxinh_9214fc0d_4490_4bdd_9ff,93.98072905540462,64.54468078613277,0,"[0.2, 0.8]","[0.2, 0.8]",0.0,"{""nhoxinh_2f944a50_cbd3_4334_af8"": -64.54468078613277, ""nhoxinh_9214fc0d_4490_4bdd_9ff"": -55.17918176650998}",nhoxinh_2f944a50_cbd3_4334_af8,continuous_primal_dual_psd,4,93.98072905540462,93.98072905540462,0.0,"[5.551115123125783e-17, 1.0]",primal=Optimization terminated successfully; dual=outer=Optimization terminated successfully; inner=Optimization terminated successfully,1,-910.456478595734,910.456478595734,,qwen25_real_m50_circulant_balanced_seed20260503_dare_linear_e8_dare_linear
dare_linear,pair,nhoxinh_2f944a50_cbd3_4334_af8+hongngo_7e251dfc_e0f7_4f73_aae,78.75683135986834,42.72650785446164,0,"[0.20000000000003063, 0.7999999999999694]","[0.8, 0.2]",23.91098737716674,"{""hongngo_7e251dfc_e0f7_4f73_aae"": -33.36024589538571, ""nhoxinh_2f944a50_cbd3_4334_af8"": -42.72650785446164}",nhoxinh_2f944a50_cbd3_4334_af8,continuous_primal_dual_psd,4,78.75683135986834,78.75683135986834,0.0,"[0.0, 1.0]",primal=Optimization terminated successfully; dual=outer=Optimization terminated successfully; inner=Optimization terminated successfully,1,-589.343160390854,589.343160390854,,qwen25_real_m50_circulant_balanced_seed20260503_dare_linear_e8_dare_linear
dare_linear,pair,nhoxinh_0c66c9c5_5cc2_46a8_9db+nhoxinh_9214fc0d_4490_4bdd_9ff,111.14462084771412,73.72085161209102,0,"[0.20000000000006235, 0.7999999999999376]","[0.6, 0.4]",30.833327770233154,"{""nhoxinh_0c66c9c5_5cc2_46a8_9db"": -61.451760005950895, ""nhoxinh_9214fc0d_4490_4bdd_9ff"": -73.72085161209102}",nhoxinh_9214fc0d_4490_4bdd_9ff,continuous_primal_dual_psd,4,111.14462084771412,111.14462084771412,0.0,"[0.0, 1.0]",primal=Optimization terminated successfully; dual=outer=Optimization terminated successfully; inner=Optimization terminated successfully,1,-494.7915673255921,494.7915673255921,,qwen25_real_m50_circulant_balanced_seed20260503_dare_linear_e8_dare_linear
dare_linear,pair,nhoxinh_0c66c9c5_5cc2_46a8_9db+hongngo_7e251dfc_e0f7_4f73_aae,86.26154727935796,54.66634340286252,0,"[0.2, 0.8]","[0.4, 0.6]",1.9252538681030276,"{""hongngo_7e251dfc_e0f7_4f73_aae"": -54.666343402862516, ""nhoxinh_0c66c9c5_5cc2_46a8_9db"": -45.9010631561279}",hongngo_7e251dfc_e0f7_4f73_aae,continuous_primal_dual_psd,4,86.26154727935796,86.26154727935796,0.0,"[0.0, 1.0]",primal=Optimization terminated successfully; dual=outer=Optimization terminated successfully; inner=Optimization terminated successfully,1,-200.875699520111,200.875699520111,,qwen25_real_m50_circulant_balanced_seed20260503_dare_linear_e8_dare_linear
dare_linear,pair,nhoxinh_0c66c9c5_5cc2_46a8_9db+hongngo_687b8c72_c89b_4cb7_b7c,34.71042222976682,17.97269887924191,0,"[0.2, 0.8]","[0.2, 0.8]",0.0,"{""hongngo_687b8c72_c89b_4cb7_b7c"": -17.97269887924191, ""nhoxinh_0c66c9c5_5cc2_46a8_9db"": -12.264671993255583}",hongngo_687b8c72_c89b_4cb7_b7c,continuous_primal_dual_psd,4,34.71042222976682,34.71042222976682,0.0,"[1.0, 0.0]",primal=Optimization terminated successfully; dual=outer=Optimization terminated successfully; inner=Optimization terminated successfully,1,-450.5209624767304,450.5209624767304,,qwen25_real_m50_circulant_balanced_seed20260503_dare_linear_e8_dare_linear
dare_linear,pair,nhoxinh_9214fc0d_4490_4bdd_9ff+hongngo_7e251dfc_e0f7_4f73_aae,78.21101374453299,37.76729412078854,0,"[0.30418215063069065, 0.6958178493693093]","[0.4, 0.6]",0.0,"{""hongngo_7e251dfc_e0f7_4f73_aae"": -37.76729412078854, ""nhoxinh_9214fc0d_4490_4bdd_9ff"": -27.262499999999967}",hongngo_7e251dfc_e0f7_4f73_aae,continuous_primal_dual_psd,4,78.21101374453299,78.21101374432585,2.0713741832878438e-10,"[0.33098399610560075, 0.6690160038943993]",primal=Positive directional derivative for linesearch; dual=outer=Optimization terminated successfully; inner=Optimization terminated successfully,1,-198.62696528434768,198.62696528434768,,qwen25_real_m50_circulant_balanced_seed20260503_dare_linear_e8_dare_linear
dare_linear,pair,nhoxinh_9214fc0d_4490_4bdd_9ff+hongngo_687b8c72_c89b_4cb7_b7c,99.91986069482374,80.2454382896423,0,"[0.359378407186238, 0.640621592813762]","[0.8, 0.2]",5.454540252685547,"{""hongngo_687b8c72_c89b_4cb7_b7c"": -80.2454382896423, ""nhoxinh_9214fc0d_4490_4bdd_9ff"": -28.824999999999967}",hongngo_687b8c72_c89b_4cb7_b7c,continuous_primal_dual_psd,4,99.91986069482374,99.91986069482076,2.9700686354772188e-12,"[0.7629194658211076, 0.23708053417889238]",primal=Optimization terminated successfully; dual=outer=Optimization terminated successfully; inner=Optimization terminated successfully,1,-435.6971383094791,435.6971383094791,,qwen25_real_m50_circulant_balanced_seed20260503_dare_linear_e8_dare_linear
dare_linear,pair,nhoxinh_9214fc0d_4490_4bdd_9ff+hongngo_9d92894f_7b7b_49e0_8f3,75.0950271606445,31.940534782409635,0,"[0.2, 0.8]","[0.2, 0.8]",0.0,"{""hongngo_9d92894f_7b7b_49e0_8f3"": -31.940534782409635, ""nhoxinh_9214fc0d_4490_4bdd_9ff"": -30.804184150695768}",hongngo_9d92894f_7b7b_49e0_8f3,continuous_primal_dual_psd,4,75.0950271606445,75.0950271606445,0.0,"[0.0, 1.0]",primal=Optimization terminated successfully; dual=outer=Optimization terminated successfully; inner=Optimization terminated successfully,1,-868.9904212951654,868.9904212951654,,qwen25_real_m50_circulant_balanced_seed20260503_dare_linear_e8_dare_linear
dare_linear,pair,hongngo_7e251dfc_e0f7_4f73_aae+hongngo_687b8c72_c89b_4cb7_b7c,105.28894371986463,90.71891613006588,0,"[0.20000000000000998, 0.79999999999999]","[0.8, 0.2]",13.146138191223145,"{""hongngo_687b8c72_c89b_4cb7_b7c"": -90.71891613006588, ""hongngo_7e251dfc_e0f7_4f73_aae"": -83.48844356536861}",hongngo_687b8c72_c89b_4cb7_b7c,continuous_primal_dual_psd,4,105.28894371986463,105.28894371986463,0.0,"[0.0, 1.0]",primal=Optimization terminated successfully; dual=outer=Optimization terminated successfully; inner=Optimization terminated successfully,1,-181.99101090431236,181.99101090431236,,qwen25_real_m50_circulant_balanced_seed20260503_dare_linear_e8_dare_linear
dare_linear,pair,hongngo_7e251dfc_e0f7_4f73_aae+hongngo_9d92894f_7b7b_49e0_8f3,43.08759152583863,25.018206310272184,0,"[0.31516956506946187, 0.6848304349305381]","[0.2, 0.8]",13.494312763214111,"{""hongngo_7e251dfc_e0f7_4f73_aae"": -24.89070005416867, ""hongngo_9d92894f_7b7b_49e0_8f3"": -25.018206310272184}",hongngo_9d92894f_7b7b_49e0_8f3,continuous_primal_dual_psd,4,43.08759152583863,43.08759152583346,5.1727511163335285e-12,"[0.5791745021273518, 0.4208254978726482]",primal=Optimization terminated successfully; dual=outer=Optimization terminated successfully; inner=Optimization terminated successfully,0,38.23399543762197,0.0,,qwen25_real_m50_circulant_balanced_seed20260503_dare_linear_e8_dare_linear
dare_linear,pair,hongngo_7e251dfc_e0f7_4f73_aae+nblinh63_0eb73af3_0631_437a_ad,52.621027417803575,46.67537517547604,0,"[0.5392032509591818, 0.46079674904081824]","[0.6, 0.4]",0.0,"{""hongngo_7e251dfc_e0f7_4f73_aae"": -32.95959539413449, ""nblinh63_0eb73af3_0631_437a_ad"": -46.67537517547604}",nblinh63_0eb73af3_0631_437a_ad,continuous_primal_dual_psd,4,52.621027417803575,52.621027417803575,0.0,"[1.0, 0.0]",primal=Optimization terminated successfully; dual=outer=Optimization terminated successfully; inner=Optimization terminated successfully,0,599.7593700885772,0.0,,qwen25_real_m50_circulant_balanced_seed20260503_dare_linear_e8_dare_linear
dare_linear,pair,hongngo_687b8c72_c89b_4cb7_b7c+hongngo_9d92894f_7b7b_49e0_8f3,44.12853775717994,14.165905189514127,0,"[0.3449269143912446, 0.6550730856087554]","[0.6, 0.4]",12.689375877380373,"{""hongngo_687b8c72_c89b_4cb7_b7c"": -14.165905189514127, ""hongngo_9d92894f_7b7b_49e0_8f3"": -4.6299368858337075}",hongngo_687b8c72_c89b_4cb7_b7c,continuous_primal_dual_psd,4,44.12853775717994,44.12853775717994,0.0,"[0.0, 1.0]",primal=Optimization terminated successfully; dual=outer=Optimization terminated successfully; inner=Optimization terminated successfully,0,232.5722575187682,0.0,,qwen25_real_m50_circulant_balanced_seed20260503_dare_linear_e8_dare_linear
dare_linear,pair,hongngo_687b8c72_c89b_4cb7_b7c+nblinh63_0eb73af3_0631_437a_ad,58.76800482641471,52.073100280761686,0,"[0.28715936822444005, 0.71284063177556]","[0.8, 0.2]",30.99431991577148,"{""hongngo_687b8c72_c89b_4cb7_b7c"": -47.12045497894284, ""nblinh63_0eb73af3_0631_437a_ad"": -52.073100280761686}",nblinh63_0eb73af3_0631_437a_ad,continuous_primal_dual_psd,4,58.76800482641471,58.76800482641451,1.9895196601282805e-13,"[0.27999516929740115, 0.7200048307025988]",primal=Optimization terminated successfully; dual=outer=Optimization terminated successfully; inner=Optimization terminated successfully,1,-284.25469994545006,284.25469994545006,,qwen25_real_m50_circulant_balanced_seed20260503_dare_linear_e8_dare_linear
dare_linear,pair,hongngo_687b8c72_c89b_4cb7_b7c+thaffggg_8c87f3d3_d4bb_475a_a8,37.35665745735169,36.09770841598508,0,"[0.8, 0.19999999999999996]","[0.6, 0.4]",27.89771556854248,"{""hongngo_687b8c72_c89b_4cb7_b7c"": -32.783332538604704, ""thaffggg_8c87f3d3_d4bb_475a_a8"": -36.097708415985075}",thaffggg_8c87f3d3_d4bb_475a_a8,continuous_primal_dual_psd,4,37.35665745735169,37.35665745735169,0.0,"[0.9999999999999997, 3.33066907387547e-16]",primal=Optimization terminated successfully; dual=outer=Optimization terminated successfully; inner=Optimization terminated successfully,0,69.4110989570618,0.0,,qwen25_real_m50_circulant_balanced_seed20260503_dare_linear_e8_dare_linear
dare_linear,pair,hongngo_9d92894f_7b7b_49e0_8f3+nblinh63_0eb73af3_0631_437a_ad,31.79646860873317,51.17347545623776,0,"[0.4688667831911701, 0.5311332168088299]","[0.6, 0.4]",4.214012622833252,"{""hongngo_9d92894f_7b7b_49e0_8f3"": -36.04091711044308, ""nblinh63_0eb73af3_0631_437a_ad"": -51.17347545623776}",nblinh63_0eb73af3_0631_437a_ad,continuous_primal_dual_psd,4,31.79646860873317,31.79646860873307,1.0302869668521453e-13,"[0.9370510610753047, 0.06294893892469534]",primal=Optimization terminated successfully; dual=outer=Optimization terminated successfully; inner=Optimization terminated successfully,0,304.0863573551178,0.0,,qwen25_real_m50_circulant_balanced_seed20260503_dare_linear_e8_dare_linear
dare_linear,pair,hongngo_9d92894f_7b7b_49e0_8f3+thaffggg_8c87f3d3_d4bb_475a_a8,42.26116932724428,22.66022272109982,0,"[0.3376468326302438, 0.6623531673697562]","[0.6, 0.4]",10.369324684143066,"{""hongngo_9d92894f_7b7b_49e0_8f3"": -16.400769424438444, ""thaffggg_8c87f3d3_d4bb_475a_a8"": -22.66022272109982}",thaffggg_8c87f3d3_d4bb_475a_a8,continuous_primal_dual_psd,4,42.26116932724428,42.26116932724428,0.0,"[0.04335799164991608, 0.956642008350084]",primal=Optimization terminated successfully; dual=outer=Optimization terminated successfully; inner=Optimization terminated successfully,1,-66.506415605545,66.506415605545,,qwen25_real_m50_circulant_balanced_seed20260503_dare_linear_e8_dare_linear
dare_linear,pair,hongngo_9d92894f_7b7b_49e0_8f3+mrhunghd_9e58333c_df22_4a00_9c,28.865662734685912,33.616676998138395,0,"[0.42974090633335377, 0.5702590936666463]","[0.4, 0.6]",0.0,"{""hongngo_9d92894f_7b7b_49e0_8f3"": -33.616676998138395, ""mrhunghd_9e58333c_df22_4a00_9c"": -28.905108642578092}",hongngo_9d92894f_7b7b_49e0_8f3,continuous_primal_dual_psd,4,28.865662734685912,28.865662734685912,0.0,"[1.0, 0.0]",primal=Optimization terminated successfully; dual=outer=Optimization terminated successfully; inner=Optimization terminated successfully,0,335.34556627273554,0.0,,qwen25_real_m50_circulant_balanced_seed20260503_dare_linear_e8_dare_linear
dare_linear,pair,nblinh63_0eb73af3_0631_437a_ad+thaffggg_8c87f3d3_d4bb_475a_a8,77.85757822402805,95.112887096405,0,"[0.5160912807674555, 0.4839087192325445]","[0.6, 0.4]",0.0,"{""nblinh63_0eb73af3_0631_437a_ad"": -95.11288709640499, ""thaffggg_8c87f3d3_d4bb_475a_a8"": -76.29657096862789}",nblinh63_0eb73af3_0631_437a_ad,continuous_primal_dual_psd,4,77.85757822402805,77.85757822402805,0.0,"[0.0, 1.0]",primal=Optimization terminated successfully; dual=outer=Optimization terminated successfully; inner=Optimization terminated successfully,0,457.9328000545499,0.0,,qwen25_real_m50_circulant_balanced_seed20260503_dare_linear_e8_dare_linear
dare_linear,pair,nblinh63_0eb73af3_0631_437a_ad+mrhunghd_9e58333c_df22_4a00_9c,63.729362529213546,66.37234992980953,0,"[0.3015231779268195, 0.6984768220731805]","[0.4, 0.6]",0.0,"{""mrhunghd_9e58333c_df22_4a00_9c"": -36.36504716873166, ""nblinh63_0eb73af3_0631_437a_ad"": -66.37234992980953}",nblinh63_0eb73af3_0631_437a_ad,continuous_primal_dual_psd,4,63.729362529213546,63.729362529212864,6.821210263296962e-13,"[0.39988954864689985, 0.6001104513531003]",primal=Optimization terminated successfully; dual=outer=Optimization terminated successfully; inner=Optimization terminated successfully,1,-13.96775245666514,13.96775245666514,,qwen25_real_m50_circulant_balanced_seed20260503_dare_linear_e8_dare_linear
dare_linear,pair,nblinh63_0eb73af3_0631_437a_ad+nhung02_08157847_d833_4d45_90f,99.16777439117566,80.00871248245235,0,"[0.2000000000000121, 0.7999999999999878]","[0.8, 0.2]",46.68560028076172,"{""nblinh63_0eb73af3_0631_437a_ad"": -80.00871248245235, ""nhung02_08157847_d833_4d45_90f"": -57.20640726089474}",nblinh63_0eb73af3_0631_437a_ad,continuous_primal_dual_psd,4,99.16777439117566,99.16777439117566,0.0,"[0.0, 1.0]",primal=Optimization terminated successfully; dual=outer=Optimization terminated successfully; inner=Optimization terminated successfully,1,-242.8977191448215,242.8977191448215,,qwen25_real_m50_circulant_balanced_seed20260503_dare_linear_e8_dare_linear
dare_linear,pair,thaffggg_8c87f3d3_d4bb_475a_a8+mrhunghd_9e58333c_df22_4a00_9c,105.9653051786263,114.38590593338007,0,"[0.574167945819056, 0.42583205418094405]","[0.8, 0.2]",20.14422416687012,"{""mrhunghd_9e58333c_df22_4a00_9c"": -114.38590593338009, ""thaffggg_8c87f3d3_d4bb_475a_a8"": -87.9727274894714}",mrhunghd_9e58333c_df22_4a00_9c,continuous_primal_dual_psd,4,105.9653051786263,105.9653051786263,0.0,"[1.0, 0.0]",primal=Optimization terminated successfully; dual=outer=Optimization terminated successfully; inner=Optimization terminated successfully,0,108.90156030654865,0.0,,qwen25_real_m50_circulant_balanced_seed20260503_dare_linear_e8_dare_linear
dare_linear,pair,thaffggg_8c87f3d3_d4bb_475a_a8+nhung02_08157847_d833_4d45_90f,67.24061414508431,44.6503192901611,0,"[0.27951875747558963, 0.7204812425244104]","[0.6, 0.4]",6.290054321289063,"{""nhung02_08157847_d833_4d45_90f"": -44.6503192901611, ""thaffggg_8c87f3d3_d4bb_475a_a8"": -41.126135063171354}",nhung02_08157847_d833_4d45_90f,continuous_primal_dual_psd,4,67.24061414508431,67.24061414506562,1.8687273950490635e-11,"[0.5546096496587989, 0.4453903503412011]",primal=Positive directional derivative for linesearch; dual=outer=Optimization terminated successfully; inner=Optimization terminated successfully,1,-249.05264377594,249.05264377594,,qwen25_real_m50_circulant_balanced_seed20260503_dare_linear_e8_dare_linear
dare_linear,pair,thaffggg_8c87f3d3_d4bb_475a_a8+nhung02_db2c9545_4607_487b_9cc,139.2371494293213,76.09771795272823,0,"[0.2, 0.8]","[0.8, 0.2]",89.60229158401489,"{""nhung02_db2c9545_4607_487b_9cc"": -68.40833730697628, ""thaffggg_8c87f3d3_d4bb_475a_a8"": -76.09771795272823}",thaffggg_8c87f3d3_d4bb_475a_a8,continuous_primal_dual_psd,4,139.2371494293213,139.2371494293213,0.0,"[0.0, 1.0]",primal=Optimization terminated successfully; dual=outer=Optimization terminated successfully; inner=Optimization terminated successfully,1,-249.70859289169329,249.70859289169329,,qwen25_real_m50_circulant_balanced_seed20260503_dare_linear_e8_dare_linear
dare_linear,pair,mrhunghd_9e58333c_df22_4a00_9c+nhung02_08157847_d833_4d45_90f,50.462262652655966,68.17595071792599,0,"[0.2885319095289328, 0.7114680904710672]","[0.4, 0.6]",1.4263033866882324,"{""mrhunghd_9e58333c_df22_4a00_9c"": -57.022109699249235, ""nhung02_08157847_d833_4d45_90f"": -68.17595071792599}",nhung02_08157847_d833_4d45_90f,continuous_primal_dual_psd,4,50.462262652655966,50.46226265265188,4.085620730620576e-12,"[0.6721783399047493, 0.3278216600952508]",primal=Optimization terminated successfully; dual=outer=Optimization terminated successfully; inner=Optimization terminated successfully,1,-25.44984221458464,25.44984221458464,,qwen25_real_m50_circulant_balanced_seed20260503_dare_linear_e8_dare_linear
dare_linear,pair,mrhunghd_9e58333c_df22_4a00_9c+nhung02_db2c9545_4607_487b_9cc,39.53947897212692,65.90835161209102,0,"[0.7458536540377935, 0.25414634596220653]","[0.8, 0.2]",0.0,"{""mrhunghd_9e58333c_df22_4a00_9c"": -42.783334922790495, ""nhung02_db2c9545_4607_487b_9cc"": -65.90835161209102}",nhung02_db2c9545_4607_487b_9cc,continuous_primal_dual_psd,4,39.53947897212692,39.53947897212692,0.0,"[1.0, 0.0]",primal=Optimization terminated successfully; dual=outer=Optimization terminated successfully; inner=Optimization terminated successfully,1,-38.76209259033197,38.76209259033197,,qwen25_real_m50_circulant_balanced_seed20260503_dare_linear_e8_dare_linear
dare_linear,pair,mrhunghd_9e58333c_df22_4a00_9c+mrhungddddh_fe499423_02f3_4cfd,71.20961494445801,83.49649019241329,0,"[0.2, 0.8]","[0.2, 0.8]",0.0,"{""mrhungddddh_fe499423_02f3_4cfd"": -82.6602251052856, ""mrhunghd_9e58333c_df22_4a00_9c"": -83.49649019241329}",mrhunghd_9e58333c_df22_4a00_9c,continuous_primal_dual_psd,4,71.20961494445801,71.20961494445801,0.0,"[0.0, 1.0]",primal=Optimization terminated successfully; dual=outer=Optimization terminated successfully; inner=Optimization terminated successfully,1,-382.4120759963988,382.4120759963988,,qwen25_real_m50_circulant_balanced_seed20260503_dare_linear_e8_dare_linear
dare_linear,pair,nhung02_08157847_d833_4d45_90f+nhung02_db2c9545_4607_487b_9cc,65.96625723336786,67.99168891906734,0,"[0.6450527309615899, 0.3549472690384101]","[0.4, 0.6]",57.604146003723145,"{""nhung02_08157847_d833_4d45_90f"": -61.67755432128903, ""nhung02_db2c9545_4607_487b_9cc"": -67.99168891906734}",nhung02_db2c9545_4607_487b_9cc,continuous_primal_dual_psd,4,65.96625723336786,65.96625723336786,0.0,"[1.0, 0.0]",primal=Optimization terminated successfully; dual=outer=Optimization terminated successfully; inner=Optimization terminated successfully,0,179.9240708351136,0.0,,qwen25_real_m50_circulant_balanced_seed20260503_dare_linear_e8_dare_linear
dare_linear,pair,nhung02_08157847_d833_4d45_90f+mrhungddddh_fe499423_02f3_4cfd,71.8175483745936,65.65192050933834,0,"[0.2541049908083639, 0.7458950091916361]","[0.8, 0.2]",11.317026615142822,"{""mrhungddddh_fe499423_02f3_4cfd"": -55.491676998138395, ""nhung02_08157847_d833_4d45_90f"": -65.65192050933834}",nhung02_08157847_d833_4d45_90f,continuous_primal_dual_psd,4,71.8175483745936,71.81754837459341,1.8474111129762605e-13,"[0.9758221281290992, 0.024177871870900768]",primal=Optimization terminated successfully; dual=outer=Optimization terminated successfully; inner=Optimization terminated successfully,1,-784.254819154739,784.254819154739,,qwen25_real_m50_circulant_balanced_seed20260503_dare_linear_e8_dare_linear
dare_linear,pair,nhung02_08157847_d833_4d45_90f+mrhungddddh_9b1deaac_4565_48f2,46.48418362139371,10.89231081008908,0,"[0.22972980604066506, 0.7702701939593349]","[0.6, 0.4]",40.72916507720947,"{""mrhungddddh_9b1deaac_4565_48f2"": -0.80416507720944, ""nhung02_08157847_d833_4d45_90f"": -10.892310810089079}",nhung02_08157847_d833_4d45_90f,continuous_primal_dual_psd,4,46.48418362139371,46.484183621378975,1.4736656339664478e-11,"[0.26960475038698795, 0.730395249613012]",primal=Positive directional derivative for linesearch; dual=outer=Optimization terminated successfully; inner=Optimization terminated successfully,1,-244.31794881820676,244.31794881820676,,qwen25_real_m50_circulant_balanced_seed20260503_dare_linear_e8_dare_linear
dare_linear,pair,nhung02_db2c9545_4607_487b_9cc+mrhungddddh_fe499423_02f3_4cfd,129.33532423973082,116.42918891906734,0,"[0.2, 0.8]","[0.4, 0.6]",8.077621459960938,"{""mrhungddddh_fe499423_02f3_4cfd"": -114.2605931282043, ""nhung02_db2c9545_4607_487b_9cc"": -116.42918891906734}",nhung02_db2c9545_4607_487b_9cc,continuous_primal_dual_psd,4,129.33532423973082,129.33532423973082,0.0,"[1.0, 0.0]",primal=Optimization terminated successfully; dual=outer=Optimization terminated successfully; inner=Optimization terminated successfully,1,-488.18096518516535,488.18096518516535,,qwen25_real_m50_circulant_balanced_seed20260503_dare_linear_e8_dare_linear
dare_linear,pair,nhung02_db2c9545_4607_487b_9cc+mrhungddddh_9b1deaac_4565_48f2,60.26687450409156,79.34583730697628,0,"[0.20000000000003257, 0.7999999999999674]","[0.2, 0.8]",0.0,"{""mrhungddddh_9b1deaac_4565_48f2"": -51.84585161209103, ""nhung02_db2c9545_4607_487b_9cc"": -79.34583730697628}",nhung02_db2c9545_4607_487b_9cc,continuous_primal_dual_psd,4,60.26687450409156,60.26687450409156,0.0,"[0.0, 1.0]",primal=Optimization terminated successfully; dual=outer=Optimization terminated successfully; inner=Optimization terminated successfully,0,158.36268663406335,0.0,,qwen25_real_m50_circulant_balanced_seed20260503_dare_linear_e8_dare_linear
dare_linear,pair,nhung02_db2c9545_4607_487b_9cc+mrhungddddh_911f6275_22fd_4f41,102.37282702269808,79.34583730697628,0,"[0.40287546316535616, 0.5971245368346438]","[0.4, 0.6]",0.0,"{""mrhungddddh_911f6275_22fd_4f41"": -54.46893281936642, ""nhung02_db2c9545_4607_487b_9cc"": -79.34583730697628}",nhung02_db2c9545_4607_487b_9cc,continuous_primal_dual_psd,4,102.37282702269808,102.37282702269808,0.0,"[0.0, 1.0]",primal=Optimization terminated successfully; dual=outer=Optimization terminated successfully; inner=Optimization terminated successfully,0,888.6398375034327,0.0,,qwen25_real_m50_circulant_balanced_seed20260503_dare_linear_e8_dare_linear
dare_linear,pair,mrhungddddh_fe499423_02f3_4cfd+mrhungddddh_9b1deaac_4565_48f2,117.8880686283112,106.66590042114254,0,"[0.2, 0.8]","[0.8, 0.2]",4.848504066467285,"{""mrhungddddh_9b1deaac_4565_48f2"": -79.34583730697628, ""mrhungddddh_fe499423_02f3_4cfd"": -106.66590042114254}",mrhungddddh_fe499423_02f3_4cfd,continuous_primal_dual_psd,4,117.8880686283112,117.8880686283112,0.0,"[0.0, 1.0]",primal=Optimization terminated successfully; dual=outer=Optimization terminated successfully; inner=Optimization terminated successfully,1,-421.6386377811429,421.6386377811429,,qwen25_real_m50_circulant_balanced_seed20260503_dare_linear_e8_dare_linear
dare_linear,pair,mrhungddddh_fe499423_02f3_4cfd+mrhungddddh_911f6275_22fd_4f41,44.79709404669535,32.24356479644772,0,"[0.47359547750226727, 0.5264045224977327]","[0.6, 0.4]",23.85416030883789,"{""mrhungddddh_911f6275_22fd_4f41"": -22.85907573699948, ""mrhungddddh_fe499423_02f3_4cfd"": -32.24356479644772}",mrhungddddh_fe499423_02f3_4cfd,continuous_primal_dual_psd,4,44.79709404669535,44.79709404669535,0.0,"[0.0, 1.0]",primal=Optimization terminated successfully; dual=outer=Optimization terminated successfully; inner=Optimization terminated successfully,0,1032.9528152942653,0.0,,qwen25_real_m50_circulant_balanced_seed20260503_dare_linear_e8_dare_linear
dare_linear,pair,mrhungddddh_fe499423_02f3_4cfd+mrhunghddddd_d692685b_fdb4_477,85.9444091256481,95.43484754562374,0,"[0.2816265575605521, 0.7183734424394479]","[0.2, 0.8]",0.0,"{""mrhungddddh_fe499423_02f3_4cfd"": -95.43484754562374, ""mrhunghddddd_d692685b_fdb4_477"": -90.97245044708248}",mrhungddddh_fe499423_02f3_4cfd,continuous_primal_dual_psd,4,85.9444091256481,85.9444091256481,0.0,"[0.0, 1.0]",primal=Optimization terminated successfully; dual=outer=Optimization terminated successfully; inner=Optimization terminated successfully,0,215.4357731342312,0.0,,qwen25_real_m50_circulant_balanced_seed20260503_dare_linear_e8_dare_linear
dare_linear,pair,mrhungddddh_9b1deaac_4565_48f2+mrhungddddh_911f6275_22fd_4f41,38.05304145959816,34.86665792465207,0,"[0.28247345454036005, 0.71752654545964]","[0.2, 0.8]",0.0,"{""mrhungddddh_911f6275_22fd_4f41"": -21.968939971923795, ""mrhungddddh_9b1deaac_4565_48f2"": -34.86665792465207}",mrhungddddh_9b1deaac_4565_48f2,continuous_primal_dual_psd,4,38.05304145959816,38.05304145959816,0.0,"[0.0, 1.0]",primal=Optimization terminated successfully; dual=outer=Optimization terminated successfully; inner=Optimization terminated successfully,0,319.1106021404263,0.0,,qwen25_real_m50_circulant_balanced_seed20260503_dare_linear_e8_dare_linear
dare_linear,pair,mrhungddddh_9b1deaac_4565_48f2+mrhunghddddd_d692685b_fdb4_477,79.38807790760649,59.225621891021696,0,"[0.58189758182485, 0.41810241817515004]","[0.8, 0.2]",11.891055107116692,"{""mrhungddddh_9b1deaac_4565_48f2"": -45.70000476837155, ""mrhunghddddd_d692685b_fdb4_477"": -59.225621891021696}",mrhunghddddd_d692685b_fdb4_477,continuous_primal_dual_psd,4,79.38807790760649,79.38807790760649,0.0,"[0.0, 1.0]",primal=Optimization terminated successfully; dual=outer=Optimization terminated successfully; inner=Optimization terminated successfully,0,242.06891655921945,0.0,,qwen25_real_m50_circulant_balanced_seed20260503_dare_linear_e8_dare_linear
dare_linear,pair,mrhungddddh_9b1deaac_4565_48f2+datlaaaaaaa_0dbe42c8_b07b_4785,42.5605965152039,25.804176998138395,0,"[0.5258157183478797, 0.47418428165212034]","[0.6, 0.4]",0.0,"{""datlaaaaaaa_0dbe42c8_b07b_4785"": -25.804176998138395, ""mrhungddddh_9b1deaac_4565_48f2"": 10.133323001861605}",datlaaaaaaa_0dbe42c8_b07b_4785,continuous_primal_dual_psd,4,42.5605965152039,42.5605965152039,0.0,"[1.0, 0.0]",primal=Optimization terminated successfully; dual=outer=Optimization terminated successfully; inner=Optimization terminated successfully,0,156.63221478462197,0.0,,qwen25_real_m50_circulant_balanced_seed20260503_dare_linear_e8_dare_linear
dare_linear,pair,mrhungddddh_911f6275_22fd_4f41+mrhunghddddd_d692685b_fdb4_477,-0.6787743309864709,-3.864392566680941,1,"[0.529632233420896, 0.47036776657910395]","[0.6, 0.4]",0.0,"{""mrhungddddh_911f6275_22fd_4f41"": 3.864392566680941, ""mrhunghddddd_d692685b_fdb4_477"": 5.517956542968783}",mrhungddddh_911f6275_22fd_4f41,continuous_primal_dual_psd,4,-0.6787743309864709,-0.6787743309864709,0.0,"[1.0, 0.0]",primal=Optimization terminated successfully; dual=outer=Optimization terminated successfully; inner=Optimization terminated successfully,0,1195.6128478050227,0.0,,qwen25_real_m50_circulant_balanced_seed20260503_dare_linear_e8_dare_linear
dare_linear,pair,mrhungddddh_911f6275_22fd_4f41+datlaaaaaaa_0dbe42c8_b07b_4785,64.62893543888683,40.643182468414274,0,"[0.47937674984214435, 0.5206232501578556]","[0.4, 0.6]",0.0,"{""datlaaaaaaa_0dbe42c8_b07b_4785"": -25.80416507720944, ""mrhungddddh_911f6275_22fd_4f41"": -40.643182468414274}",mrhungddddh_911f6275_22fd_4f41,continuous_primal_dual_psd,4,64.62893543888683,64.62893543888318,3.652189661806915e-12,"[0.577091600615084, 0.4229083993849159]",primal=Optimization terminated successfully; dual=outer=Optimization terminated successfully; inner=Optimization terminated successfully,1,-64.40296769142142,64.40296769142142,,qwen25_real_m50_circulant_balanced_seed20260503_dare_linear_e8_dare_linear
dare_linear,pair,mrhungddddh_911f6275_22fd_4f41+datlaaaaaaa_e8cccbe1_c136_409a,35.738500850259406,48.75943965911862,0,"[0.3123774213055083, 0.6876225786944917]","[0.8, 0.2]",0.3933668136596679,"{""datlaaaaaaa_e8cccbe1_c136_409a"": -48.75943965911862, ""mrhungddddh_911f6275_22fd_4f41"": -21.21136493682858}",datlaaaaaaa_e8cccbe1_c136_409a,continuous_primal_dual_psd,4,35.738500850259406,35.738500850259406,0.0,"[1.0, 0.0]",primal=Optimization terminated successfully; dual=outer=Optimization terminated successfully; inner=Optimization terminated successfully,0,111.5392402834632,0.0,,qwen25_real_m50_circulant_balanced_seed20260503_dare_linear_e8_dare_linear
dare_linear,pair,mrhunghddddd_d692685b_fdb4_477+datlaaaaaaa_0dbe42c8_b07b_4785,58.94479699134829,22.67916507720944,0,"[0.2, 0.8]","[0.2, 0.8]",0.0,"{""datlaaaaaaa_0dbe42c8_b07b_4785"": -22.67916507720944, ""mrhunghddddd_d692685b_fdb4_477"": -14.049366188049284}",datlaaaaaaa_0dbe42c8_b07b_4785,continuous_primal_dual_psd,4,58.94479699134829,58.94479699134829,0.0,"[1.0, 0.0]",primal=Optimization terminated successfully; dual=outer=Optimization terminated successfully; inner=Optimization terminated successfully,0,105.70555925369266,0.0,,qwen25_real_m50_circulant_balanced_seed20260503_dare_linear_e8_dare_linear
dare_linear,pair,mrhunghddddd_d692685b_fdb4_477+datlaaaaaaa_e8cccbe1_c136_409a,46.2454587936401,51.91505260467526,0,"[0.2, 0.8]","[0.2, 0.8]",0.0,"{""datlaaaaaaa_e8cccbe1_c136_409a"": -51.91505260467526, ""mrhunghddddd_d692685b_fdb4_477"": -10.010901165008512}",datlaaaaaaa_e8cccbe1_c136_409a,continuous_primal_dual_psd,4,46.2454587936401,46.2454587936401,0.0,"[1.0, 0.0]",primal=Optimization terminated successfully; dual=outer=Optimization terminated successfully; inner=Optimization terminated successfully,1,-326.94116234779364,326.94116234779364,,qwen25_real_m50_circulant_balanced_seed20260503_dare_linear_e8_dare_linear
dare_linear,pair,mrhunghddddd_d692685b_fdb4_477+adammandic87_f28f18cf_4abb_4db,7.234088850021326,11.95000715255734,0,"[0.2, 0.8]","[0.2, 0.8]",0.0,"{""adammandic87_f28f18cf_4abb_4db"": -11.95000715255734, ""mrhunghddddd_d692685b_fdb4_477"": -5.940380764007536}",adammandic87_f28f18cf_4abb_4db,continuous_primal_dual_psd,4,7.234088850021326,7.234088850021326,0.0,"[5.551115123125783e-17, 1.0]",primal=Optimization terminated successfully; dual=outer=Optimization terminated successfully; inner=Optimization terminated successfully,1,-26.060193777084542,26.060193777084542,,qwen25_real_m50_circulant_balanced_seed20260503_dare_linear_e8_dare_linear
dare_linear,pair,datlaaaaaaa_0dbe42c8_b07b_4785+datlaaaaaaa_e8cccbe1_c136_409a,31.445391713927265,56.99371404647824,0,"[0.3434406200830644, 0.6565593799169356]","[0.6, 0.4]",10.375893115997307,"{""datlaaaaaaa_0dbe42c8_b07b_4785"": -40.90835161209103, ""datlaaaaaaa_e8cccbe1_c136_409a"": -56.99371404647824}",datlaaaaaaa_e8cccbe1_c136_409a,continuous_primal_dual_psd,4,31.445391713927265,31.445391713927265,0.0,"[1.0, 0.0]",primal=Optimization terminated successfully; dual=outer=Optimization terminated successfully; inner=Optimization terminated successfully,0,162.0202253620317,0.0,,qwen25_real_m50_circulant_balanced_seed20260503_dare_linear_e8_dare_linear
dare_linear,pair,datlaaaaaaa_0dbe42c8_b07b_4785+adammandic87_f28f18cf_4abb_4db,26.72558367871093,2.5749952316283853,0,"[0.31037811059210396, 0.689621889407896]","[0.4, 0.6]",0.0,"{""adammandic87_f28f18cf_4abb_4db"": -2.5749952316283853, ""datlaaaaaaa_0dbe42c8_b07b_4785"": -1.0125071525573404}",adammandic87_f28f18cf_4abb_4db,continuous_primal_dual_psd,4,26.72558367871093,26.72558367871093,0.0,"[0.0, 1.0]",primal=Optimization terminated successfully; dual=outer=Optimization terminated successfully; inner=Optimization terminated successfully,0,80.85653185844411,0.0,,qwen25_real_m50_circulant_balanced_seed20260503_dare_linear_e8_dare_linear
dare_linear,pair,datlaaaaaaa_0dbe42c8_b07b_4785+nhung03_7b6cdc3c_7130_4c2c_a2c,68.7769205093383,63.09582300186154,0,"[0.2, 0.8]","[0.2, 0.8]",0.0,"{""datlaaaaaaa_0dbe42c8_b07b_4785"": -63.09582300186154, ""nhung03_7b6cdc3c_7130_4c2c_a2c"": -48.96705455780026}",datlaaaaaaa_0dbe42c8_b07b_4785,continuous_primal_dual_psd,4,68.7769205093383,68.7769205093383,0.0,"[1.0, 0.0]",primal=Optimization terminated successfully; dual=outer=Optimization terminated successfully; inner=Optimization terminated successfully,1,-567.2529339790347,567.2529339790347,,qwen25_real_m50_circulant_balanced_seed20260503_dare_linear_e8_dare_linear
dare_linear,pair,datlaaaaaaa_e8cccbe1_c136_409a+adammandic87_f28f18cf_4abb_4db,22.9950208187103,31.6090971946716,0,"[0.2, 0.8]","[0.2, 0.8]",0.0,"{""adammandic87_f28f18cf_4abb_4db"": -20.804181766509977, ""datlaaaaaaa_e8cccbe1_c136_409a"": -31.609097194671598}",datlaaaaaaa_e8cccbe1_c136_409a,continuous_primal_dual_psd,4,22.9950208187103,22.9950208187103,0.0,"[0.0, 1.0]",primal=Optimization terminated successfully; dual=outer=Optimization terminated successfully; inner=Optimization terminated successfully,1,-121.91355228424064,121.91355228424064,,qwen25_real_m50_circulant_balanced_seed20260503_dare_linear_e8_dare_linear
dare_linear,pair,datlaaaaaaa_e8cccbe1_c136_409a+nhung03_7b6cdc3c_7130_4c2c_a2c,35.353753860345094,57.73670978546139,0,"[0.5537263438283824, 0.4462736561716176]","[0.2, 0.8]",39.30071592330932,"{""datlaaaaaaa_e8cccbe1_c136_409a"": -57.73670978546139, ""nhung03_7b6cdc3c_7130_4c2c_a2c"": -56.182947826385465}",datlaaaaaaa_e8cccbe1_c136_409a,continuous_primal_dual_psd,4,35.353753860345094,35.353753860345094,0.0,"[0.0, 1.0]",primal=Optimization terminated successfully; dual=outer=Optimization terminated successfully; inner=Optimization terminated successfully,0,14.903935032351765,0.0,,qwen25_real_m50_circulant_balanced_seed20260503_dare_linear_e8_dare_linear
dare_linear,pair,datlaaaaaaa_e8cccbe1_c136_409a+versil91_121ef6e9_0ded_4fc3_8c,0.6884592953521604,4.96136255264279,0,"[0.2, 0.8]","[0.2, 0.8]",0.0,"{""datlaaaaaaa_e8cccbe1_c136_409a"": -2.972725105285612, ""versil91_121ef6e9_0ded_4fc3_8c"": -4.96136255264279}",versil91_121ef6e9_0ded_4fc3_8c,continuous_primal_dual_psd,4,0.6884592953521604,0.6884592953521604,0.0,"[0.0, 1.0]",primal=Optimization terminated successfully; dual=outer=Optimization terminated successfully; inner=Optimization terminated successfully,1,-59.13466723006801,59.13466723006801,,qwen25_real_m50_circulant_balanced_seed20260503_dare_linear_e8_dare_linear
dare_linear,pair,adammandic87_f28f18cf_4abb_4db+nhung03_7b6cdc3c_7130_4c2c_a2c,35.41520836862224,34.904542636871305,0,"[0.3558183847409374, 0.6441816152590626]","[0.8, 0.2]",33.29544067382812,"{""adammandic87_f28f18cf_4abb_4db"": -29.55416746139523, ""nhung03_7b6cdc3c_7130_4c2c_a2c"": -34.904542636871305}",nhung03_7b6cdc3c_7130_4c2c_a2c,continuous_primal_dual_psd,4,35.41520836862224,35.415208368503656,1.1858247717100312e-10,"[0.6400914327271685, 0.35990856727283155]",primal=Positive directional derivative for linesearch; dual=outer=Optimization terminated successfully; inner=Optimization terminated successfully,1,-97.90197014808662,97.90197014808662,,qwen25_real_m50_circulant_balanced_seed20260503_dare_linear_e8_dare_linear
dare_linear,pair,adammandic87_f28f18cf_4abb_4db+versil91_121ef6e9_0ded_4fc3_8c,2.7611941814422245,1.490345668792692,0,"[0.2, 0.8]","[0.2, 0.8]",0.0,"{""adammandic87_f28f18cf_4abb_4db"": 8.362504768371615, ""versil91_121ef6e9_0ded_4fc3_8c"": -1.490345668792692}",versil91_121ef6e9_0ded_4fc3_8c,continuous_primal_dual_psd,4,2.7611941814422245,2.7611941814422245,0.0,"[1.0, 0.0]",primal=Optimization terminated successfully; dual=outer=Optimization terminated successfully; inner=Optimization terminated successfully,1,-102.16340422630311,102.16340422630311,,qwen25_real_m50_circulant_balanced_seed20260503_dare_linear_e8_dare_linear
dare_linear,pair,adammandic87_f28f18cf_4abb_4db+versil91_63cd5c4a_5a68_4c25_bd,-2.052219294050797,0.6512201929867206,0,"[0.46058855695031187, 0.5394114430496881]","[0.2, 0.8]",0.4878064438694479,"{""adammandic87_f28f18cf_4abb_4db"": 1.8000214576721518, ""versil91_63cd5c4a_5a68_4c25_bd"": -0.6512201929867206}",versil91_63cd5c4a_5a68_4c25_bd,continuous_primal_dual_psd,4,-2.052219294050797,-2.052219294050797,0.0,"[5.551115123125783e-17, 1.0]",primal=Optimization terminated successfully; dual=outer=Optimization terminated successfully; inner=Optimization terminated successfully,0,79.55713191058487,0.0,,qwen25_real_m50_circulant_balanced_seed20260503_dare_linear_e8_dare_linear
dare_linear,pair,nhung03_7b6cdc3c_7130_4c2c_a2c+versil91_121ef6e9_0ded_4fc3_8c,21.742460203170744,24.39319200515744,0,"[0.2, 0.8]","[0.6, 0.4]",5.28409481048584,"{""nhung03_7b6cdc3c_7130_4c2c_a2c"": -24.393192005157438, ""versil91_121ef6e9_0ded_4fc3_8c"": -21.29293985366818}",nhung03_7b6cdc3c_7130_4c2c_a2c,continuous_primal_dual_psd,4,21.742460203170744,21.742460203170744,0.0,"[1.0, 0.0]",primal=Optimization terminated successfully; dual=outer=Optimization terminated successfully; inner=Optimization terminated successfully,1,-272.5361287593842,272.5361287593842,,qwen25_real_m50_circulant_balanced_seed20260503_dare_linear_e8_dare_linear
dare_linear,pair,nhung03_7b6cdc3c_7130_4c2c_a2c+versil91_63cd5c4a_5a68_4c25_bd,-0.4053473935789462,-0.4951220192986675,1,"[0.2, 0.8]","[0.2, 0.8]",0.0,"{""nhung03_7b6cdc3c_7130_4c2c_a2c"": 7.623860168457064, ""versil91_63cd5c4a_5a68_4c25_bd"": 0.4951220192986675}",versil91_63cd5c4a_5a68_4c25_bd,continuous_primal_dual_psd,4,-0.4053473935789462,-0.4053473935789462,0.0,"[0.0, 1.0]",primal=Optimization terminated successfully; dual=outer=Optimization terminated successfully; inner=Optimization terminated successfully,1,-187.29940056800845,187.29940056800845,,qwen25_real_m50_circulant_balanced_seed20260503_dare_linear_e8_dare_linear
dare_linear,pair,nhung03_7b6cdc3c_7130_4c2c_a2c+versil91_474890ea_012d_4a25_96,10.359042262791482,23.65455932617184,0,"[0.23983818687563774, 0.7601618131243623]","[0.2, 0.8]",0.0,"{""nhung03_7b6cdc3c_7130_4c2c_a2c"": -19.53522272109982, ""versil91_474890ea_012d_4a25_96"": -23.654559326171842}",versil91_474890ea_012d_4a25_96,continuous_primal_dual_psd,4,10.359042262791482,10.359042262791482,0.0,"[1.0, 0.0]",primal=Optimization terminated successfully; dual=outer=Optimization terminated successfully; inner=Optimization terminated successfully,0,182.8519044803448,0.0,,qwen25_real_m50_circulant_balanced_seed20260503_dare_linear_e8_dare_linear
dare_linear,pair,versil91_121ef6e9_0ded_4fc3_8c+versil91_63cd5c4a_5a68_4c25_bd,-0.4836560128175672,-0.43637447357181,1,"[0.27058686243723407, 0.7294131375627659]","[0.4, 0.6]",0.0632047630518888,"{""versil91_121ef6e9_0ded_4fc3_8c"": 0.43637447357181003, ""versil91_63cd5c4a_5a68_4c25_bd"": 1.0317082701813989}",versil91_121ef6e9_0ded_4fc3_8c,continuous_primal_dual_psd,4,-0.4836560128175672,-0.4836560128184504,8.83182416089312e-13,"[0.8861570341552568, 0.11384296584474321]",primal=Optimization terminated successfully; dual=outer=Optimization terminated successfully; inner=Optimization terminated successfully,1,-26.63052402085319,26.63052402085319,,qwen25_real_m50_circulant_balanced_seed20260503_dare_linear_e8_dare_linear
dare_linear,pair,versil91_121ef6e9_0ded_4fc3_8c+versil91_474890ea_012d_4a25_96,-0.4002248901947985,1.8363744735717449,0,"[0.3118904845943936, 0.6881095154056064]","[0.4, 0.6]",0.0,"{""versil91_121ef6e9_0ded_4fc3_8c"": 1.5108197212219565, ""versil91_474890ea_012d_4a25_96"": -1.8363744735717447}",versil91_474890ea_012d_4a25_96,continuous_primal_dual_psd,4,-0.4002248901947985,-0.4002248901947989,3.8857805861880484e-16,"[0.8159648565890957, 0.1840351434109044]",primal=Optimization terminated successfully; dual=outer=Optimization terminated successfully; inner=Optimization terminated successfully,1,-4.166634877644046,4.166634877644046,,qwen25_real_m50_circulant_balanced_seed20260503_dare_linear_e8_dare_linear
dare_linear,pair,lhong4759_f68c5c87_934d_4399_b+versil91_121ef6e9_0ded_4fc3_8c,0.909616556957458,8.61666507720944,0,"[0.2, 0.8]","[0.2, 0.8]",0.0,"{""lhong4759_f68c5c87_934d_4399_b"": -8.61666507720944, ""versil91_121ef6e9_0ded_4fc3_8c"": -4.567995738983122}",lhong4759_f68c5c87_934d_4399_b,continuous_primal_dual_psd,4,0.909616556957458,0.909616556957458,0.0,"[0.0, 1.0]",primal=Optimization terminated successfully; dual=outer=Optimization terminated successfully; inner=Optimization terminated successfully,0,24.519238175723984,0.0,,qwen25_real_m50_circulant_balanced_seed20260503_dare_linear_e8_dare_linear
dare_linear,pair,versil91_63cd5c4a_5a68_4c25_bd+versil91_474890ea_012d_4a25_96,-0.4437480592829639,-0.543901826311951,1,"[0.4600007324187985, 0.5399992675812015]","[0.8, 0.2]",0.2926816333252388,"{""versil91_474890ea_012d_4a25_96"": 2.481815147399935, ""versil91_63cd5c4a_5a68_4c25_bd"": 0.543901826311951}",versil91_63cd5c4a_5a68_4c25_bd,continuous_primal_dual_psd,4,-0.4437480592829639,-0.4437480592829639,0.0,"[0.0, 1.0]",primal=Optimization terminated successfully; dual=outer=Optimization terminated successfully; inner=Optimization terminated successfully,0,10.41665871941101,0.0,,qwen25_real_m50_circulant_balanced_seed20260503_dare_linear_e8_dare_linear
dare_linear,pair,lhong4759_f68c5c87_934d_4399_b+versil91_63cd5c4a_5a68_4c25_bd,0.9903104717510214,0.9439046175574968,0,"[0.2, 0.8]","[0.2, 0.8]",0.0,"{""lhong4759_f68c5c87_934d_4399_b"": 3.258332538604769, ""versil91_63cd5c4a_5a68_4c25_bd"": -0.9439046175574969}",versil91_63cd5c4a_5a68_4c25_bd,continuous_primal_dual_psd,4,0.9903104717510214,0.9903104717510214,0.0,"[0.0, 1.0]",primal=Optimization terminated successfully; dual=outer=Optimization terminated successfully; inner=Optimization terminated successfully,1,-93.10218611885227,93.10218611885227,,qwen25_real_m50_circulant_balanced_seed20260503_dare_linear_e8_dare_linear
dare_linear,pair,adammandic87_3d7a58a6_4380_4e3+versil91_63cd5c4a_5a68_4c25_bd,-0.6681721213150067,-0.7636211435728281,1,"[0.2, 0.8]","[0.4, 0.6]",1.267342739564962,"{""adammandic87_3d7a58a6_4380_4e3"": 0.7636211435728281, ""versil91_63cd5c4a_5a68_4c25_bd"": 1.592684424570772}",adammandic87_3d7a58a6_4380_4e3,continuous_primal_dual_psd,4,-0.6681721213150067,-0.6681721213150067,0.0,"[1.0, 0.0]",primal=Optimization terminated successfully; dual=outer=Optimization terminated successfully; inner=Optimization terminated successfully,1,-4.279298397671445,4.279298397671445,,qwen25_real_m50_circulant_balanced_seed20260503_dare_linear_e8_dare_linear
dare_linear,pair,lhong4759_f68c5c87_934d_4399_b+versil91_474890ea_012d_4a25_96,0.5790848900366319,3.1999976158141763,0,"[0.22690091084395608, 0.7730990891560439]","[0.2, 0.8]",0.0,"{""lhong4759_f68c5c87_934d_4399_b"": -3.1999976158141763, ""versil91_474890ea_012d_4a25_96"": 1.7999856948852866}",lhong4759_f68c5c87_934d_4399_b,continuous_primal_dual_psd,4,0.5790848900366319,0.5790848900366319,0.0,"[0.0, 1.0]",primal=Optimization terminated successfully; dual=outer=Optimization terminated successfully; inner=Optimization terminated successfully,0,100.32009956321878,0.0,,qwen25_real_m50_circulant_balanced_seed20260503_dare_linear_e8_dare_linear
dare_linear,pair,adammandic87_3d7a58a6_4380_4e3+versil91_474890ea_012d_4a25_96,-1.4517528357805505,-0.8752967137830199,1,"[0.5163702303615787, 0.4836297696384213]","[0.8, 0.2]",0.1269031856793532,"{""adammandic87_3d7a58a6_4380_4e3"": 0.8752967137830199, ""versil91_474890ea_012d_4a25_96"": 3.277262973785433}",adammandic87_3d7a58a6_4380_4e3,continuous_primal_dual_psd,4,-1.4517528357805505,-1.4517528357805505,0.0,"[1.0, 0.0]",primal=Optimization terminated successfully; dual=outer=Optimization terminated successfully; inner=Optimization terminated successfully,1,-2.083388964122911,2.083388964122911,,qwen25_real_m50_circulant_balanced_seed20260503_dare_linear_e8_dare_linear
dare_linear,pair,versil91_01a5620a_fb5f_4bab_94+versil91_474890ea_012d_4a25_96,-1.1822230601519488,0.0181824684142739,0,"[0.8, 0.19999999999999996]","[0.8, 0.2]",0.0,"{""versil91_01a5620a_fb5f_4bab_94"": 2.6845998098524335, ""versil91_474890ea_012d_4a25_96"": -0.018182468414273956}",versil91_474890ea_012d_4a25_96,continuous_primal_dual_psd,4,-1.1822230601519488,-1.1822230601519488,0.0,"[1.0, 0.0]",primal=Optimization terminated successfully; dual=outer=Optimization terminated successfully; inner=Optimization terminated successfully,0,5.843202645640827,0.0,,qwen25_real_m50_circulant_balanced_seed20260503_dare_linear_e8_dare_linear
dare_linear,triple,laquythang_efe15045_778f_4dfa+datlaaaaaaa_e8cccbe1_c136_409a+versil91_121ef6e9_0ded_4fc3_8c,23.86686716586212,7.710507583618131,0,"[0.20000000000002058, 0.2, 0.5999999999999794]","[0.6, 0.2, 0.2]",24.125874042510983,"{""datlaaaaaaa_e8cccbe1_c136_409a"": -7.710507583618131, ""laquythang_efe15045_778f_4dfa"": 2.140900421142611, ""versil91_121ef6e9_0ded_4fc3_8c"": 7.531365680694613}",datlaaaaaaa_e8cccbe1_c136_409a,continuous_primal_dual_psd,6,23.86686716586212,23.86686716586212,0.0,"[1.0, 0.0, 0.0]",primal=Optimization terminated successfully; dual=outer=Optimization terminated successfully; inner=Optimization terminated successfully,1,-607.2852438176034,607.2852438176034,,qwen25_real_m50_circulant_balanced_seed20260503_dare_linear_e8_dare_linear
dare_linear,triple,duyphu_0112d9da_9934_4614_b233+thaffggg_8c87f3d3_d4bb_475a_a8+mrhunghd_9e58333c_df22_4a00_9c,86.9263534673708,47.177282047271696,0,"[0.3538670202246955, 0.2, 0.4461329797753044]","[0.4, 0.2, 0.4]",0.0,"{""duyphu_0112d9da_9934_4614_b233"": -27.223900032043424, ""mrhunghd_9e58333c_df22_4a00_9c"": -28.64070243835446, ""thaffggg_8c87f3d3_d4bb_475a_a8"": -47.177282047271696}",thaffggg_8c87f3d3_d4bb_475a_a8,continuous_primal_dual_psd,6,86.9263534673708,86.92635346737038,4.263256414560601e-13,"[0.0, 2.459143999544661e-14, 0.9999999999999754]",primal=Optimization terminated successfully; dual=outer=Optimization terminated successfully; inner=Optimization terminated successfully,1,-1426.397280998296,1426.3972809982963,,qwen25_real_m50_circulant_balanced_seed20260503_dare_linear_e8_dare_linear
dare_linear,triple,phungkhaccuong_2b1522e6_bef2_7+phungkhaccuong_a992b7f5_9d18_c+hongngo_7e251dfc_e0f7_4f73_aae,136.98810029664173,29.790917110443083,0,"[0.27449500375580005, 0.2, 0.5255049962442]","[0.4, 0.2, 0.4]",35.57254076004028,"{""hongngo_7e251dfc_e0f7_4f73_aae"": -19.13748092651364, ""phungkhaccuong_2b1522e6_bef2_7"": 0.5740492820740073, ""phungkhaccuong_a992b7f5_9d18_c"": -29.790917110443083}",phungkhaccuong_a992b7f5_9d18_c,continuous_primal_dual_psd,6,136.98810029664173,135.05991060557204,1.92818969106969,"[0.4005576125003422, 0.07564582138197568, 0.5237965661176822]",primal=Optimization terminated successfully; dual=outer=Optimization terminated successfully; inner=Optimization terminated successfully,1,-2498.9853277452985,2498.9853277452985,,qwen25_real_m50_circulant_balanced_seed20260503_dare_linear_e8_dare_linear
dare_linear,triple,taronklm_trained_model+chauhoang_4909ad74_a335_4972_9+nbninh_c4ae10ba_efe4_401e_8dd7,-13.266005278331136,-0.5018077014396722,1,"[0.48541843495591536, 0.20000000000001422, 0.3145815650440704]","[0.6, 0.2, 0.2]",0.1209408328387682,"{""chauhoang_4909ad74_a335_4972_9"": 51.061364936828646, ""nbninh_c4ae10ba_efe4_401e_8dd7"": 49.5556920051575, ""taronklm_trained_model"": 0.5018077014396722}",taronklm_trained_model,continuous_primal_dual_psd,6,-13.266005278331136,-13.26600527848654,1.5540457809493089e-10,"[0.5445148952750227, 0.4554851047209323, 4.044985184551054e-12]",primal=Optimization terminated successfully; dual=outer=Optimization terminated successfully; inner=Optimization terminated successfully,1,-317.5085783008436,326.5061316940357,,qwen25_real_m50_circulant_balanced_seed20260503_dare_linear_e8_dare_linear
dare_linear,triple,adammandic87_3d7a58a6_4380_4e3+cunghoctienganh_4909ad74_a335+mrhunghddddd_d692685b_fdb4_477,49.00493330955729,29.109087657928438,0,"[0.20000000000000978, 0.20000000000001755, 0.5999999999999727]","[0.6, 0.2, 0.2]",20.35984992980957,"{""adammandic87_3d7a58a6_4380_4e3"": -2.351434791128839, ""cunghoctienganh_4909ad74_a335"": -29.109087657928434, ""mrhunghddddd_d692685b_fdb4_477"": -3.5125047683715493}",cunghoctienganh_4909ad74_a335,continuous_primal_dual_psd,6,49.00493330955729,49.00493330955729,0.0,"[0.0, 0.0, 1.0]",primal=Optimization terminated successfully; dual=outer=Optimization terminated successfully; inner=Optimization terminated successfully,1,-698.0770868330158,698.0770868330159,,qwen25_real_m50_circulant_balanced_seed20260503_dare_linear_e8_dare_linear
dare_linear,triple,duyphu_7aba420b_74ac_4209_b514+tuanna08go_c1cf0152_7ae6_43b6+nhoxinh_0c66c9c5_5cc2_46a8_9db,-1.2895651570390214,3.0055076599120767,0,"[0.2, 0.5203491031918449, 0.279650896808155]","[0.2, 0.4, 0.4]",0.3977298736572265,"{""duyphu_7aba420b_74ac_4209_b514"": 1.695832538604769, ""nhoxinh_0c66c9c5_5cc2_46a8_9db"": 7.866427230834994, ""tuanna08go_c1cf0152_7ae6_43b6"": -3.0055076599120767}",tuanna08go_c1cf0152_7ae6_43b6,continuous_primal_dual_psd,6,-1.2895651570390214,-1.2895651570390214,0.0,"[1.0, 0.0, 0.0]",primal=Optimization terminated successfully; dual=outer=Optimization terminated successfully; inner=Optimization terminated successfully,1,-1310.256867440294,1310.2568674402942,,qwen25_real_m50_circulant_balanced_seed20260503_dare_linear_e8_dare_linear
dare_linear,triple,lhong4759_f68c5c87_934d_4399_b+tuanna08go_6af2bb68_a65f_4331+mrhungddddh_9b1deaac_4565_48f2,-1.1996337322591657,-3.675004768371615,1,"[0.33595128956958276, 0.31714992362183053, 0.34689878680858666]","[0.4, 0.2, 0.4]",0.0,"{""lhong4759_f68c5c87_934d_4399_b"": 3.6750047683716147, ""mrhungddddh_9b1deaac_4565_48f2"": 32.52914838790897, ""tuanna08go_6af2bb68_a65f_4331"": 6.142958927154574}",lhong4759_f68c5c87_934d_4399_b,continuous_primal_dual_psd,6,-1.1996337322591657,-1.1996337322591657,0.0,"[0.0, 1.0, 0.0]",primal=Optimization terminated successfully; dual=outer=Optimization terminated successfully; inner=Optimization terminated successfully,0,38.0199367400872,0.0,,qwen25_real_m50_circulant_balanced_seed20260503_dare_linear_e8_dare_linear
dare_linear,triple,versil91_e9f26c47_9b78_4e3f_81+nhoxinh_2f944a50_cbd3_4334_af8+hongngo_9d92894f_7b7b_49e0_8f3,25.194929910717438,3.1053096771239908,0,"[0.2, 0.3517189909502622, 0.4482810090497378]","[0.6, 0.2, 0.2]",8.257591724395752,"{""hongngo_9d92894f_7b7b_49e0_8f3"": -3.1053096771239908, ""nhoxinh_2f944a50_cbd3_4334_af8"": 0.000759887695345185, ""versil91_e9f26c47_9b78_4e3f_81"": -1.3666686229228184}",hongngo_9d92894f_7b7b_49e0_8f3,continuous_primal_dual_psd,6,25.194929910717438,25.194929910717416,1.7763568394002505e-14,"[0.0, 0.9999999999999982, 1.7763568394002473e-15]",primal=Optimization terminated successfully; dual=outer=Optimization terminated successfully; inner=Optimization terminated successfully,1,-325.9393755794108,325.9393755794108,,qwen25_real_m50_circulant_balanced_seed20260503_dare_linear_e8_dare_linear
dare_linear,triple,versil91_01a5620a_fb5f_4bab_94+versil91_8444c3be_8779_4769_a0+thaffggg_8a78a9b2_d3fa_4615_b8,43.2885094988833,1.4692260290855574,0,"[0.2, 0.3129953775302707, 0.4870046224697293]","[0.6, 0.2, 0.2]",22.58740238888316,"{""thaffggg_8a78a9b2_d3fa_4615_b8"": 3.8979261398315757, ""versil91_01a5620a_fb5f_4bab_94"": -1.4692260290855574, ""versil91_8444c3be_8779_4769_a0"": -0.748970791257558}",versil91_01a5620a_fb5f_4bab_94,continuous_primal_dual_psd,6,43.2885094988833,43.2885094988833,0.0,"[0.0, 1.0, 0.0]",primal=Optimization terminated successfully; dual=outer=Optimization terminated successfully; inner=Optimization terminated successfully,1,-446.5318111968767,446.5318111968767,,qwen25_real_m50_circulant_balanced_seed20260503_dare_linear_e8_dare_linear
dare_linear,triple,denbeo_d9ae91c0_fed9_4fb4_8ddd+mrhungddddh_911f6275_22fd_4f41+nhung03_7b6cdc3c_7130_4c2c_a2c,81.38111538887344,49.468937587738,0,"[0.20000000000003063, 0.2, 0.5999999999999693]","[0.4, 0.4, 0.2]",25.24622678756713,"{""denbeo_d9ae91c0_fed9_4fb4_8ddd"": -49.468937587738004, ""mrhungddddh_911f6275_22fd_4f41"": -28.597727489471403, ""nhung03_7b6cdc3c_7130_4c2c_a2c"": -34.563639831542936}",denbeo_d9ae91c0_fed9_4fb4_8ddd,continuous_primal_dual_psd,6,81.38111538887344,81.38111538887341,2.8421709430404014e-14,"[0.0, 0.9999999999999969, 3.015094321795922e-15]",primal=Optimization terminated successfully; dual=outer=Optimization terminated successfully; inner=Optimization terminated successfully,1,-1164.1235072605673,1164.1235072605673,,qwen25_real_m50_circulant_balanced_seed20260503_dare_linear_e8_dare_linear
dare_linear,triple,chauhoang_2aa4f343_5524_f86e_b+duyphu_4909ad74_a335_4972_9ed8+hongngo_687b8c72_c89b_4cb7_b7c,41.15521119817922,31.65352649688717,0,"[0.2, 0.2716121608984766, 0.5283878391015233]","[0.2, 0.4, 0.4]",3.317296504974365,"{""chauhoang_2aa4f343_5524_f86e_b"": -29.970839691162077, ""duyphu_4909ad74_a335_4972_9ed8"": -31.653526496887174, ""hongngo_687b8c72_c89b_4cb7_b7c"": -20.07500238418576}",duyphu_4909ad74_a335_4972_9ed8,continuous_primal_dual_psd,6,41.15521119817922,41.15521119817922,0.0,"[0.0, 0.0, 1.0]",primal=Optimization terminated successfully; dual=outer=Optimization terminated successfully; inner=Optimization terminated successfully,1,-687.23931665067,687.2393166506699,,qwen25_real_m50_circulant_balanced_seed20260503_dare_linear_e8_dare_linear
dare_linear,triple,phungkhaccuong_731c6dec_a942_4+nhung02_08157847_d833_4d45_90f+nhung02_db2c9545_4607_487b_9cc,40.71426681185935,4.450002384185758,0,"[0.36380271591486557, 0.25913338414929077, 0.37706389993584366]","[0.6, 0.2, 0.2]",47.60419130325317,"{""nhung02_08157847_d833_4d45_90f"": 8.306404876709017, ""nhung02_db2c9545_4607_487b_9cc"": -4.450002384185758, ""phungkhaccuong_731c6dec_a942_4"": -1.3744503333016316}",nhung02_db2c9545_4607_487b_9cc,continuous_primal_dual_psd,6,40.71426681185935,40.714266811859055,2.9132252166164113e-13,"[0.0, 0.8092744865164464, 0.19072551348355357]",primal=Optimization terminated successfully; dual=outer=Optimization terminated successfully; inner=Optimization terminated successfully,1,-670.8298944837236,670.8298944837237,,qwen25_real_m50_circulant_balanced_seed20260503_dare_linear_e8_dare_linear
dare_linear,triple,datlaaaaaaa_cc1f8701_0976_4f48+nblinh63_0eb73af3_0631_437a_ad+datlaaaaaaa_0dbe42c8_b07b_4785,87.7256943249078,77.7359635353088,0,"[0.20000000000003015, 0.4124817248818704, 0.38751827511809944]","[0.2, 0.4, 0.4]",0.0,"{""datlaaaaaaa_0dbe42c8_b07b_4785"": -54.345837306976286, ""datlaaaaaaa_cc1f8701_0976_4f48"": -54.72243137359616, ""nblinh63_0eb73af3_0631_437a_ad"": -77.7359635353088}",nblinh63_0eb73af3_0631_437a_ad,continuous_primal_dual_psd,6,87.7256943249078,87.7256943249078,0.0,"[1.0, 0.0, 0.0]",primal=Optimization terminated successfully; dual=outer=Optimization terminated successfully; inner=Optimization terminated successfully,1,-645.520406988403,645.5204069884026,,qwen25_real_m50_circulant_balanced_seed20260503_dare_linear_e8_dare_linear
dare_linear,triple,tuanna08go_7647f014_8af3_4266+versil91_63cd5c4a_5a68_4c25_bd+versil91_474890ea_012d_4a25_96,-0.4893661914716531,-0.2109125792804518,1,"[0.5827587795326484, 0.21724122046738945, 0.1999999999999621]","[0.4, 0.2, 0.4]",0.6784405474233421,"{""tuanna08go_7647f014_8af3_4266"": 0.21091257928045182, ""versil91_474890ea_012d_4a25_96"": 24.186357784271273, ""versil91_63cd5c4a_5a68_4c25_bd"": 0.9585357684159361}",tuanna08go_7647f014_8af3_4266,continuous_primal_dual_psd,6,-0.4893661914716531,-0.4893661914716531,0.0,"[1.0, 0.0, 0.0]",primal=Optimization terminated successfully; dual=outer=Optimization terminated successfully; inner=Optimization terminated successfully,0,4.5095517390959525,0.0,,qwen25_real_m50_circulant_balanced_seed20260503_dare_linear_e8_dare_linear
dare_linear,triple,laquythang_8444c3be_8779_4769+cunghoctienganh_b7496e73_1762+adammandic87_f28f18cf_4abb_4db,32.636979739615896,45.28332061767575,0,"[0.270974908321297, 0.20000000000016724, 0.5290250916785357]","[0.2, 0.2, 0.6]",0.0,"{""adammandic87_f28f18cf_4abb_4db"": -45.28332061767575, ""cunghoctienganh_b7496e73_1762"": -19.961360168457, ""laquythang_8444c3be_8779_4769"": -37.39506311416623}",adammandic87_f28f18cf_4abb_4db,continuous_primal_dual_psd,6,32.636979739615896,32.636979739615896,0.0,"[0.9999999999999982, 0.0, 1.7763568394002473e-15]",primal=Optimization terminated successfully; dual=outer=Optimization terminated successfully; inner=Optimization terminated successfully,1,-166.430554798284,166.430554798284,,qwen25_real_m50_circulant_balanced_seed20260503_dare_linear_e8_dare_linear
dare_linear,triple,cunghoctienganh_c1cf0152_7ae6+nhoxinh_9214fc0d_4490_4bdd_9ff+mrhungddddh_fe499423_02f3_4cfd,44.526308631990176,50.06553239822384,0,"[0.5999999999999932, 0.2, 0.20000000000000684]","[0.6, 0.2, 0.2]",0.0,"{""cunghoctienganh_c1cf0152_7ae6"": -44.86667222976681, ""mrhungddddh_fe499423_02f3_4cfd"": -50.065532398223844, ""nhoxinh_9214fc0d_4490_4bdd_9ff"": -24.76250238418576}",mrhungddddh_fe499423_02f3_4cfd,continuous_primal_dual_psd,6,44.526308631990176,44.526308631990176,0.0,"[0.0, 1.0, 0.0]",primal=Optimization terminated successfully; dual=outer=Optimization terminated successfully; inner=Optimization terminated successfully,1,-462.1243747356009,462.12437473560095,,qwen25_real_m50_circulant_balanced_seed20260503_dare_linear_e8_dare_linear
dare_linear,triple,nbninh_0d8b128b_8753_46c3_b80f+nbninh_a1f78795_1b61_4923_9235+nhoxinh_0c66c9c5_5cc2_46a8_9db,183.33841620858624,43.48409481048581,0,"[0.2, 0.2, 0.6]","[0.2, 0.6, 0.2]",23.503780364990227,"{""nbninh_0d8b128b_8753_46c3_b80f"": -42.37615175247189, ""nbninh_a1f78795_1b61_4923_9235"": -43.48409481048581, ""nhoxinh_0c66c9c5_5cc2_46a8_9db"": -23.313644599914518}",nbninh_a1f78795_1b61_4923_9235,continuous_primal_dual_psd,6,183.33841620858624,183.33841620858624,0.0,"[0.0, 1.0, 0.0]",primal=Optimization terminated successfully; dual=outer=Optimization terminated successfully; inner=Optimization terminated successfully,1,-3888.061282442106,3888.0612824421055,,qwen25_real_m50_circulant_balanced_seed20260503_dare_linear_e8_dare_linear
dare_linear,triple,hongngo_687b8c72_c89b_4cb7_b7c+mrhungddddh_911f6275_22fd_4f41+versil91_121ef6e9_0ded_4fc3_8c,9.299629771749522,9.616079998016325,0,"[0.2, 0.2, 0.6]","[0.2, 0.2, 0.6]",0.0,"{""hongngo_687b8c72_c89b_4cb7_b7c"": -5.37802286148068, ""mrhungddddh_911f6275_22fd_4f41"": -1.4007360458373697, ""versil91_121ef6e9_0ded_4fc3_8c"": -9.616079998016325}",versil91_121ef6e9_0ded_4fc3_8c,continuous_primal_dual_psd,6,9.299629771749522,9.299629771749473,4.973799150320701e-14,"[4.571065748135836e-13, 0.9999999999995428, 0.0]",primal=Optimization terminated successfully; dual=outer=Optimization terminated successfully; inner=Optimization terminated successfully,1,-565.744454427569,565.744454427569,,qwen25_real_m50_circulant_balanced_seed20260503_dare_linear_e8_dare_linear
dare_linear,triple,tuanna08go_c1cf0152_7ae6_43b6+chauhoang_4909ad74_a335_4972_9+thaffggg_8c87f3d3_d4bb_475a_a8,83.6982619414566,6.661549282073942,0,"[0.2, 0.20000000000001303, 0.599999999999987]","[0.4, 0.2, 0.4]",27.390718460083008,"{""chauhoang_4909ad74_a335_4972_9"": -2.9727131843566568, ""thaffggg_8c87f3d3_d4bb_475a_a8"": 1.9704668998718589, ""tuanna08go_c1cf0152_7ae6_43b6"": -6.661549282073942}",tuanna08go_c1cf0152_7ae6_43b6,continuous_primal_dual_psd,6,83.6982619414566,83.6982619414566,0.0,"[0.0, 0.0, 1.0]",primal=Optimization terminated successfully; dual=outer=Optimization terminated successfully; inner=Optimization terminated successfully,1,-1517.0759757531218,1517.0759757531218,,qwen25_real_m50_circulant_balanced_seed20260503_dare_linear_e8_dare_linear
dare_linear,triple,taronklm_trained_model+nbninh_a1f78795_1b61_4923_9235+datlaaaaaaa_e8cccbe1_c136_409a,-7.92745972527689,-0.3489521699405291,1,"[0.45172792914338494, 0.342757615797025, 0.20551445505958998]","[0.6, 0.2, 0.2]",0.1415774351881518,"{""datlaaaaaaa_e8cccbe1_c136_409a"": 18.19859437942508, ""nbninh_a1f78795_1b61_4923_9235"": 33.05947475433353, ""taronklm_trained_model"": 0.3489521699405291}",taronklm_trained_model,continuous_primal_dual_psd,6,-7.92745972527689,-7.927459725277266,3.765876499528531e-13,"[0.4212975140488314, 0.5787024859511614, 7.320317138000536e-15]",primal=Optimization terminated successfully; dual=outer=Optimization terminated successfully; inner=Optimization terminated successfully,1,-264.6959429941554,264.6959429941554,,qwen25_real_m50_circulant_balanced_seed20260503_dare_linear_e8_dare_linear
dare_linear,triple,versil91_e9f26c47_9b78_4e3f_81+laquythang_efe15045_778f_4dfa+nbninh_0d8b128b_8753_46c3_b80f,30.313471607496155,2.887378039655264,0,"[0.5446458474412296, 0.2, 0.25535415255877036]","[0.4, 0.4, 0.2]",1.5626362654594494,"{""laquythang_efe15045_778f_4dfa"": 6.913623142242464, ""nbninh_0d8b128b_8753_46c3_b80f"": 14.072713184356722, ""versil91_e9f26c47_9b78_4e3f_81"": -2.887378039655264}",versil91_e9f26c47_9b78_4e3f_81,continuous_primal_dual_psd,6,30.313471607496155,30.313471607496155,0.0,"[0.0, 0.0, 1.0]",primal=Optimization terminated successfully; dual=outer=Optimization terminated successfully; inner=Optimization terminated successfully,1,-1374.2463873239117,1374.246387323912,,qwen25_real_m50_circulant_balanced_seed20260503_dare_linear_e8_dare_linear
dare_linear,triple,tuanna08go_7647f014_8af3_4266+phungkhaccuong_2b1522e6_bef2_7+nhung03_7b6cdc3c_7130_4c2c_a2c,9.177080180418372,6.172767353057829,0,"[0.6, 0.2, 0.19999999999999996]","[0.6, 0.2, 0.2]",0.0,"{""nhung03_7b6cdc3c_7130_4c2c_a2c"": -0.47272748947140286, ""phungkhaccuong_2b1522e6_bef2_7"": -6.172767353057829, ""tuanna08go_7647f014_8af3_4266"": -1.2508723438028417}",phungkhaccuong_2b1522e6_bef2_7,continuous_primal_dual_psd,6,9.177080180418372,9.1770801804047,1.3670842236024328e-11,"[0.0, 1.0, 0.0]",primal=Optimization terminated successfully; dual=outer=Optimization terminated successfully; inner=Optimization terminated successfully,1,-778.2834033026668,778.2834033026668,,qwen25_real_m50_circulant_balanced_seed20260503_dare_linear_e8_dare_linear
dare_linear,triple,duyphu_7aba420b_74ac_4209_b514+denbeo_d9ae91c0_fed9_4fb4_8ddd+nhung02_08157847_d833_4d45_90f,87.94431415895649,24.232199859619108,0,"[0.20000000000008528, 0.2000000000000655, 0.5999999999998492]","[0.6, 0.2, 0.2]",59.867417812347405,"{""denbeo_d9ae91c0_fed9_4fb4_8ddd"": -24.232199859619108, ""duyphu_7aba420b_74ac_4209_b514"": -4.033342075347868, ""nhung02_08157847_d833_4d45_90f"": 3.9554446220398276}",denbeo_d9ae91c0_fed9_4fb4_8ddd,continuous_primal_dual_psd,6,87.94431415895649,87.94431415895646,2.8421709430404014e-14,"[0.9999999999999971, 0.0, 2.9040776486694974e-15]",primal=Optimization terminated successfully; dual=outer=Optimization terminated successfully; inner=Optimization terminated successfully,1,-930.3500150454978,930.3500150454978,,qwen25_real_m50_circulant_balanced_seed20260503_dare_linear_e8_dare_linear
dare_linear,triple,versil91_8444c3be_8779_4769_a0+nhoxinh_9214fc0d_4490_4bdd_9ff+mrhunghddddd_d692685b_fdb4_477,24.16269777557505,27.57500715255734,0,"[0.4585345532455465, 0.2, 0.34146544675445356]","[0.4, 0.2, 0.4]",0.0,"{""mrhunghddddd_d692685b_fdb4_477"": -24.65832538604733, ""nhoxinh_9214fc0d_4490_4bdd_9ff"": -27.57500715255734, ""versil91_8444c3be_8779_4769_a0"": -14.534039120790498}",nhoxinh_9214fc0d_4490_4bdd_9ff,continuous_primal_dual_psd,6,24.16269777557505,24.16269777557505,0.0,"[0.0, 1.0, 0.0]",primal=Optimization terminated successfully; dual=outer=Optimization terminated successfully; inner=Optimization terminated successfully,1,-25.827378401740816,25.82737840174066,,qwen25_real_m50_circulant_balanced_seed20260503_dare_linear_e8_dare_linear
dare_linear,triple,lhong4759_f68c5c87_934d_4399_b+tuanna08go_6af2bb68_a65f_4331+hongngo_7e251dfc_e0f7_4f73_aae,92.12991900444032,36.42915792465207,0,"[0.2, 0.2, 0.6]","[0.2, 0.2, 0.6]",0.0,"{""hongngo_7e251dfc_e0f7_4f73_aae"": -5.042937469482389, ""lhong4759_f68c5c87_934d_4399_b"": -36.42915792465207, ""tuanna08go_6af2bb68_a65f_4331"": -26.292947006225553}",lhong4759_f68c5c87_934d_4399_b,continuous_primal_dual_psd,6,92.12991900444032,92.12991900428209,1.5822365639905908e-10,"[4.197889928284782e-12, 0.0, 0.999999999995802]",primal=Optimization terminated successfully; dual=outer=Optimization terminated successfully; inner=Optimization terminated successfully,1,-1719.543808633652,1723.0586803369445,,qwen25_real_m50_circulant_balanced_seed20260503_dare_linear_e8_dare_linear
dare_linear,triple,cunghoctienganh_4909ad74_a335+chauhoang_2aa4f343_5524_f86e_b+duyphu_0112d9da_9934_4614_b233,73.51648659645245,45.36929435729977,0,"[0.2310383503922394, 0.2, 0.5689616496077605]","[0.4, 0.2, 0.4]",26.23977661132812,"{""chauhoang_2aa4f343_5524_f86e_b"": -31.533339691162077, ""cunghoctienganh_4909ad74_a335"": -40.10342664718625, ""duyphu_0112d9da_9934_4614_b233"": -45.36929435729977}",duyphu_0112d9da_9934_4614_b233,continuous_primal_dual_psd,6,73.51648659645245,73.51648659645245,0.0,"[0.0, 1.0, 0.0]",primal=Optimization terminated successfully; dual=outer=Optimization terminated successfully; inner=Optimization terminated successfully,1,-1680.0867308265665,1680.0867308265665,,qwen25_real_m50_circulant_balanced_seed20260503_dare_linear_e8_dare_linear
dare_linear,triple,cunghoctienganh_c1cf0152_7ae6+hongngo_9d92894f_7b7b_49e0_8f3+versil91_63cd5c4a_5a68_4c25_bd,16.467265647270686,3.3325702667236,0,"[0.20000000000000015, 0.2, 0.5999999999999999]","[0.4, 0.2, 0.4]",4.100394248962402,"{""cunghoctienganh_c1cf0152_7ae6"": -0.4916579246520669, ""hongngo_9d92894f_7b7b_49e0_8f3"": -3.3325702667236, ""versil91_63cd5c4a_5a68_4c25_bd"": 0.37316971051992115}",hongngo_9d92894f_7b7b_49e0_8f3,continuous_primal_dual_psd,6,16.467265647270686,16.467265647270686,0.0,"[0.0, 1.0, 0.0]",primal=Positive directional derivative for linesearch; dual=outer=Optimization terminated successfully; inner=Optimization terminated successfully,1,-385.3301351309462,385.3301351309462,,qwen25_real_m50_circulant_balanced_seed20260503_dare_linear_e8_dare_linear
dare_linear,triple,adammandic87_3d7a58a6_4380_4e3+laquythang_8444c3be_8779_4769+versil91_474890ea_012d_4a25_96,3.871871372062884,0.6052882194518716,0,"[0.44112810029402993, 0.2, 0.3588718997059701]","[0.4, 0.2, 0.4]",0.0,"{""adammandic87_3d7a58a6_4380_4e3"": -0.21607323910062065, ""laquythang_8444c3be_8779_4769"": -0.6052882194518716, ""versil91_474890ea_012d_4a25_96"": -0.018182468414273956}",laquythang_8444c3be_8779_4769,continuous_primal_dual_psd,6,3.871871372062884,3.871871372062883,1.3322676295501878e-15,"[3.538835890992674e-15, 0.9999999999999964, 0.0]",primal=Optimization terminated successfully; dual=outer=Optimization terminated successfully; inner=Optimization terminated successfully,1,-43.2770312180264,43.27703121802641,,qwen25_real_m50_circulant_balanced_seed20260503_dare_linear_e8_dare_linear
dare_linear,triple,datlaaaaaaa_cc1f8701_0976_4f48+duyphu_4909ad74_a335_4972_9ed8+nhung02_db2c9545_4607_487b_9cc,192.32905190824908,49.51409406661984,0,"[0.2, 0.2, 0.6]","[0.2, 0.6, 0.2]",76.08174085617065,"{""datlaaaaaaa_cc1f8701_0976_4f48"": -49.51409406661984, ""duyphu_4909ad74_a335_4972_9ed8"": -41.15673608779904, ""nhung02_db2c9545_4607_487b_9cc"": -46.01249999999997}",datlaaaaaaa_cc1f8701_0976_4f48,continuous_primal_dual_psd,6,192.32905190824908,192.32905190824908,0.0,"[1.0, 0.0, 0.0]",primal=Optimization terminated successfully; dual=outer=Optimization terminated successfully; inner=Optimization terminated successfully,1,-3085.6763636430587,3085.6763636430583,,qwen25_real_m50_circulant_balanced_seed20260503_dare_linear_e8_dare_linear
dare_linear,triple,cunghoctienganh_b7496e73_1762+nhoxinh_2f944a50_cbd3_4334_af8+mrhungddddh_9b1deaac_4565_48f2,137.14538358293277,27.802255821227995,0,"[0.2, 0.2, 0.6]","[0.2, 0.2, 0.6]",0.0,"{""cunghoctienganh_b7496e73_1762"": -23.938635063171354, ""mrhungddddh_9b1deaac_4565_48f2"": -14.866653156280485, ""nhoxinh_2f944a50_cbd3_4334_af8"": -27.802255821227995}",nhoxinh_2f944a50_cbd3_4334_af8,continuous_primal_dual_psd,6,137.14538358293277,137.14538358293277,0.0,"[0.0, 0.0, 1.0]",primal=Optimization terminated successfully; dual=outer=Optimization terminated successfully; inner=Optimization terminated successfully,1,-2770.025869455444,2770.025869455444,,qwen25_real_m50_circulant_balanced_seed20260503_dare_linear_e8_dare_linear
dare_linear,triple,versil91_01a5620a_fb5f_4bab_94+phungkhaccuong_a992b7f5_9d18_c+mrhungddddh_fe499423_02f3_4cfd,86.01376844023265,3.0846086129793564,0,"[0.2, 0.2, 0.6]","[0.6, 0.2, 0.2]",61.70631088164951,"{""mrhungddddh_fe499423_02f3_4cfd"": 12.491294670105013, ""phungkhaccuong_a992b7f5_9d18_c"": 0.08670978546145847, ""versil91_01a5620a_fb5f_4bab_94"": -3.0846086129793564}",versil91_01a5620a_fb5f_4bab_94,continuous_primal_dual_psd,6,86.01376844023265,86.0137684400522,1.8044943317363504e-10,"[0.0, 0.9999999999848073, 1.5192680446798442e-11]",primal=Optimization terminated successfully; dual=outer=Optimization terminated successfully; inner=Optimization terminated successfully,1,-1182.537758378244,1182.5377583782438,,qwen25_real_m50_circulant_balanced_seed20260503_dare_linear_e8_dare_linear
dare_linear,triple,thaffggg_8a78a9b2_d3fa_4615_b8+phungkhaccuong_731c6dec_a942_4+datlaaaaaaa_0dbe42c8_b07b_4785,58.96670661080697,40.17916030883786,0,"[0.2619103414206403, 0.2, 0.5380896585793598]","[0.2, 0.6, 0.2]",6.368744373321533,"{""datlaaaaaaa_0dbe42c8_b07b_4785"": -40.17916030883786, ""phungkhaccuong_731c6dec_a942_4"": -6.914290037264074, ""thaffggg_8a78a9b2_d3fa_4615_b8"": -15.201738548278776}",datlaaaaaaa_0dbe42c8_b07b_4785,continuous_primal_dual_psd,6,58.96670661080697,58.96670661077168,3.5292657685204176e-11,"[0.9999999999974734, 0.0, 2.5267010705867785e-12]",primal=Optimization terminated successfully; dual=outer=Optimization terminated successfully; inner=Optimization terminated successfully,1,-1824.377208538884,1824.377208538884,,qwen25_real_m50_circulant_balanced_seed20260503_dare_linear_e8_dare_linear
dare_linear,triple,nbninh_c4ae10ba_efe4_401e_8dd7+mrhunghd_9e58333c_df22_4a00_9c+adammandic87_f28f18cf_4abb_4db,33.06039175666778,1.6695410728454263,0,"[0.20000000000003212, 0.2, 0.5999999999999679]","[0.2, 0.2, 0.6]",0.0,"{""adammandic87_f28f18cf_4abb_4db"": -0.5958230018615396, ""mrhunghd_9e58333c_df22_4a00_9c"": -1.6695410728454263, ""nbninh_c4ae10ba_efe4_401e_8dd7"": 0.44583969116214206}",mrhunghd_9e58333c_df22_4a00_9c,continuous_primal_dual_psd,6,33.06039175666778,33.06039175666778,0.0,"[1.0, 0.0, 0.0]",primal=Optimization terminated successfully; dual=outer=Optimization terminated successfully; inner=Optimization terminated successfully,1,-440.91900303401,440.91900303401,,qwen25_real_m50_circulant_balanced_seed20260503_dare_linear_e8_dare_linear
dare_linear,triple,nbninh_c4ae10ba_efe4_401e_8dd7+nbninh_a1f78795_1b61_4923_9235+nblinh63_0eb73af3_0631_437a_ad,76.48338640303905,18.55037517547604,0,"[0.20000000000014212, 0.2, 0.5999999999998579]","[0.4, 0.2, 0.4]",28.683698177337646,"{""nblinh63_0eb73af3_0631_437a_ad"": -18.55037517547604, ""nbninh_a1f78795_1b61_4923_9235"": -10.851505470275846, ""nbninh_c4ae10ba_efe4_401e_8dd7"": -6.154540252685514}",nblinh63_0eb73af3_0631_437a_ad,continuous_primal_dual_psd,6,76.48338640303905,76.48338640303903,1.4210854715202004e-14,"[3.573530360512221e-16, 0.9999999999999996, 0.0]",primal=Optimization terminated successfully; dual=outer=Optimization terminated successfully; inner=Optimization terminated successfully,1,-2200.297025055986,2200.297025055986,,qwen25_real_m50_circulant_balanced_seed20260503_dare_linear_e8_dare_linear
dare_linear,triple,nbninh_0d8b128b_8753_46c3_b80f+versil91_121ef6e9_0ded_4fc3_8c+versil91_63cd5c4a_5a68_4c25_bd,0.2415653714969039,1.963821125030485,0,"[0.28960839075386835, 0.20000000000000565, 0.510391609246126]","[0.2, 0.2, 0.6]",0.0,"{""nbninh_0d8b128b_8753_46c3_b80f"": 2.794310379028353, ""versil91_121ef6e9_0ded_4fc3_8c"": -1.963821125030485, ""versil91_63cd5c4a_5a68_4c25_bd"": -0.18780644386945203}",versil91_121ef6e9_0ded_4fc3_8c,continuous_primal_dual_psd,6,0.2415653714969039,0.2415653714969035,3.6082248300317592e-16,"[0.0, 0.9999999999999967, 3.2474023470285722e-15]",primal=Optimization terminated successfully; dual=outer=Optimization terminated successfully; inner=Optimization terminated successfully,1,-5.591997793740845,5.591997793740841,,qwen25_real_m50_circulant_balanced_seed20260503_dare_linear_e8_dare_linear
dare_linear,triple,denbeo_d9ae91c0_fed9_4fb4_8ddd+nhoxinh_0c66c9c5_5cc2_46a8_9db+datlaaaaaaa_e8cccbe1_c136_409a,17.60372306809805,42.56189174652096,0,"[0.3361421890200672, 0.2, 0.4638578109799327]","[0.2, 0.4, 0.4]",14.861583709716797,"{""datlaaaaaaa_e8cccbe1_c136_409a"": -36.373069953918424, ""denbeo_d9ae91c0_fed9_4fb4_8ddd"": -30.699995231628385, ""nhoxinh_0c66c9c5_5cc2_46a8_9db"": -42.56189174652096}",nhoxinh_0c66c9c5_5cc2_46a8_9db,continuous_primal_dual_psd,6,17.60372306809805,17.60372306809805,0.0,"[0.0, 1.0, 0.0]",primal=Optimization terminated successfully; dual=outer=Optimization terminated successfully; inner=Optimization terminated successfully,1,-312.08147263772247,312.0814726377225,,qwen25_real_m50_circulant_balanced_seed20260503_dare_linear_e8_dare_linear
dare_linear,triple,chauhoang_4909ad74_a335_4972_9+nhoxinh_2f944a50_cbd3_4334_af8+mrhunghd_9e58333c_df22_4a00_9c,90.03132566456148,8.15192766189572,0,"[0.2, 0.2, 0.6]","[0.4, 0.4, 0.2]",57.37761259078979,"{""chauhoang_4909ad74_a335_4972_9"": 1.4590828895569175, ""mrhunghd_9e58333c_df22_4a00_9c"": -8.15192766189572, ""nhoxinh_2f944a50_cbd3_4334_af8"": 3.050014305114779}",mrhunghd_9e58333c_df22_4a00_9c,continuous_primal_dual_psd,6,90.03132566456148,90.03132566456148,0.0,"[1.0, 0.0, 0.0]",primal=Optimization terminated successfully; dual=outer=Optimization terminated successfully; inner=Optimization terminated successfully,1,-1726.5572979207925,1726.5572979207925,,qwen25_real_m50_circulant_balanced_seed20260503_dare_linear_e8_dare_linear
dare_linear,triple,datlaaaaaaa_cc1f8701_0976_4f48+laquythang_8444c3be_8779_4769+thaffggg_8c87f3d3_d4bb_475a_a8,65.3250606081692,55.26730127334592,0,"[0.3567564567210613, 0.20739891860609333, 0.43584462467284535]","[0.4, 0.2, 0.4]",0.0,"{""datlaaaaaaa_cc1f8701_0976_4f48"": -55.267301273345915, ""laquythang_8444c3be_8779_4769"": -40.93674726486203, ""thaffggg_8c87f3d3_d4bb_475a_a8"": -48.82500476837155}",datlaaaaaaa_cc1f8701_0976_4f48,continuous_primal_dual_psd,6,65.3250606081692,65.3250606081692,0.0,"[0.0, 1.0, 0.0]",primal=Optimization terminated successfully; dual=outer=Optimization terminated successfully; inner=Optimization terminated successfully,1,-103.1851455911522,103.18514559115226,,qwen25_real_m50_circulant_balanced_seed20260503_dare_linear_e8_dare_linear
dare_linear,triple,versil91_e9f26c47_9b78_4e3f_81+laquythang_efe15045_778f_4dfa+hongngo_9d92894f_7b7b_49e0_8f3,-1.3796478009638502,-0.4262372097527238,1,"[0.40612555659985905, 0.39387444340014816, 0.19999999999999285]","[0.4, 0.4, 0.2]",0.0,"{""hongngo_9d92894f_7b7b_49e0_8f3"": 9.546205329895052, ""laquythang_efe15045_778f_4dfa"": 8.049985694885287, ""versil91_e9f26c47_9b78_4e3f_81"": 0.42623720975272383}",versil91_e9f26c47_9b78_4e3f_81,continuous_primal_dual_psd,6,-1.3796478009638502,-1.3796478009638502,0.0,"[1.0, 0.0, 0.0]",primal=Optimization terminated successfully; dual=outer=Optimization terminated successfully; inner=Optimization terminated successfully,1,-3.4798238633885674,3.479823863388566,,qwen25_real_m50_circulant_balanced_seed20260503_dare_linear_e8_dare_linear
dare_linear,triple,adammandic87_3d7a58a6_4380_4e3+tuanna08go_7647f014_8af3_4266+nblinh63_0eb73af3_0631_437a_ad,11.83062025428618,-0.8549932264908047,1,"[0.21269700063439576, 0.5873029993658276, 0.19999999999977658]","[0.2, 0.6, 0.2]",0.0,"{""adammandic87_3d7a58a6_4380_4e3"": 0.8549932264908047, ""nblinh63_0eb73af3_0631_437a_ad"": 10.805687236785921, ""tuanna08go_7647f014_8af3_4266"": 1.0353740933214604}",adammandic87_3d7a58a6_4380_4e3,continuous_primal_dual_psd,6,11.83062025428618,11.83062025428618,0.0,"[0.0, 0.0, 1.0]",primal=Optimization terminated successfully; dual=outer=Optimization terminated successfully; inner=Optimization terminated successfully,1,-325.2407781478468,325.24077814784687,,qwen25_real_m50_circulant_balanced_seed20260503_dare_linear_e8_dare_linear
dare_linear,triple,thaffggg_8a78a9b2_d3fa_4615_b8+mrhungddddh_fe499423_02f3_4cfd+mrhunghddddd_d692685b_fdb4_477,88.51246542930599,67.4803049087524,0,"[0.2, 0.2, 0.6]","[0.2, 0.6, 0.2]",11.5814208984375,"{""mrhungddddh_fe499423_02f3_4cfd"": -67.4803049087524, ""mrhunghddddd_d692685b_fdb4_477"": -55.82820482254025, ""thaffggg_8a78a9b2_d3fa_4615_b8"": -55.140534114837614}",mrhungddddh_fe499423_02f3_4cfd,continuous_primal_dual_psd,6,88.51246542930599,88.51246542930599,0.0,"[1.0, 0.0, 0.0]",primal=Optimization terminated successfully; dual=outer=Optimization terminated successfully; inner=Optimization terminated successfully,1,-1721.9123023508969,1735.3557251080806,,qwen25_real_m50_circulant_balanced_seed20260503_dare_linear_e8_dare_linear
dare_linear,triple,mrhungddddh_9b1deaac_4565_48f2+mrhungddddh_911f6275_22fd_4f41+datlaaaaaaa_0dbe42c8_b07b_4785,26.89577507441153,25.17916269302365,0,"[0.21718406830693432, 0.4346212245569693, 0.34819470713609646]","[0.4, 0.2, 0.4]",10.40719747543335,"{""datlaaaaaaa_0dbe42c8_b07b_4785"": -25.17916269302365, ""mrhungddddh_911f6275_22fd_4f41"": -22.328785133361784, ""mrhungddddh_9b1deaac_4565_48f2"": -16.950014305114713}",datlaaaaaaa_0dbe42c8_b07b_4785,continuous_primal_dual_psd,6,26.89577507441153,26.895775074410807,7.247535904753022e-13,"[0.7293791530141562, 3.604655610707381e-14, 0.27062084698580763]",primal=Optimization terminated successfully; dual=outer=Optimization terminated successfully; inner=Optimization terminated successfully,1,-71.39156927331373,71.3915692733137,,qwen25_real_m50_circulant_balanced_seed20260503_dare_linear_e8_dare_linear
dare_linear,triple,taronklm_trained_model+tuanna08go_6af2bb68_a65f_4331+versil91_474890ea_012d_4a25_96,-0.8998360740121568,-0.7334506125390002,1,"[0.2, 0.2, 0.6]","[0.6, 0.2, 0.2]",0.557430729514788,"{""taronklm_trained_model"": 0.7334506125390002, ""tuanna08go_6af2bb68_a65f_4331"": 23.851284313201937, ""versil91_474890ea_012d_4a25_96"": 78.33407812118533}",taronklm_trained_model,continuous_primal_dual_psd,6,-0.8998360740121568,-0.8998360740121568,0.0,"[0.0, 0.0, 1.0]",primal=Optimization terminated successfully; dual=outer=Optimization terminated successfully; inner=Optimization terminated successfully,1,-392.762245367526,392.762245367526,,qwen25_real_m50_circulant_balanced_seed20260503_dare_linear_e8_dare_linear
dare_linear,triple,cunghoctienganh_b7496e73_1762+phungkhaccuong_a992b7f5_9d18_c+adammandic87_f28f18cf_4abb_4db,52.52147204497332,16.390577030181852,0,"[0.2, 0.2, 0.6]","[0.2, 0.2, 0.6]",0.0,"{""adammandic87_f28f18cf_4abb_4db"": -7.470837306976286, ""cunghoctienganh_b7496e73_1762"": -11.96894950866696, ""phungkhaccuong_a992b7f5_9d18_c"": -16.390577030181852}",phungkhaccuong_a992b7f5_9d18_c,continuous_primal_dual_psd,6,52.52147204497332,52.52147204497332,0.0,"[1.0, 0.0, 0.0]",primal=Optimization terminated successfully; dual=outer=Optimization terminated successfully; inner=Optimization terminated successfully,1,-1240.8860168580832,1240.886016858083,,qwen25_real_m50_circulant_balanced_seed20260503_dare_linear_e8_dare_linear
dare_linear,triple,lhong4759_f68c5c87_934d_4399_b+cunghoctienganh_c1cf0152_7ae6+phungkhaccuong_2b1522e6_bef2_7,12.245762667316946,6.84582300186154,0,"[0.2000000000000001, 0.4333265858839722, 0.3666734141160277]","[0.2, 0.6, 0.2]",17.187511920928955,"{""cunghoctienganh_c1cf0152_7ae6"": -1.9500047683715493, ""lhong4759_f68c5c87_934d_4399_b"": -6.84582300186154, ""phungkhaccuong_2b1522e6_bef2_7"": -1.4051348686217935}",lhong4759_f68c5c87_934d_4399_b,continuous_primal_dual_psd,6,12.245762667316946,12.24576266731614,8.046896482483136e-13,"[0.0, 0.9999999999998188, 1.8129941992125522e-13]",primal=Optimization terminated successfully; dual=outer=Optimization terminated successfully; inner=Optimization terminated successfully,1,-483.5494240559108,483.54942405591066,,qwen25_real_m50_circulant_balanced_seed20260503_dare_linear_e8_dare_linear
dare_linear,triple,versil91_01a5620a_fb5f_4bab_94+tuanna08go_c1cf0152_7ae6_43b6+nhung03_7b6cdc3c_7130_4c2c_a2c,30.594681176752708,-4.267224597930941,1,"[0.2, 0.4771953828656175, 0.32280461713438247]","[0.2, 0.6, 0.2]",10.044146320526831,"{""nhung03_7b6cdc3c_7130_4c2c_a2c"": 5.578407573699984, ""tuanna08go_c1cf0152_7ae6_43b6"": 4.267224597930941, ""versil91_01a5620a_fb5f_4bab_94"": 8.069208422831764}",tuanna08go_c1cf0152_7ae6_43b6,continuous_primal_dual_psd,6,30.594681176752708,30.59468117673518,1.7529089291201668e-11,"[0.0, 0.9999999999992586, 7.41342121435969e-13]",primal=Optimization terminated successfully; dual=outer=Optimization terminated successfully; inner=Optimization terminated successfully,1,-575.5128635858246,575.5128635858246,,qwen25_real_m50_circulant_balanced_seed20260503_dare_linear_e8_dare_linear
dare_linear,triple,phungkhaccuong_731c6dec_a942_4+hongngo_687b8c72_c89b_4cb7_b7c+nhung02_db2c9545_4607_487b_9cc,46.83046244810184,0.4252747252747252,0,"[0.3880272620336926, 0.41197273796636147, 0.199999999999946]","[0.4, 0.4, 0.2]",0.0,"{""hongngo_687b8c72_c89b_4cb7_b7c"": 5.928799438476595, ""nhung02_db2c9545_4607_487b_9cc"": 5.862483310699496, ""phungkhaccuong_731c6dec_a942_4"": -0.42527472527472526}",phungkhaccuong_731c6dec_a942_4,continuous_primal_dual_psd,6,46.83046244810184,46.83046244809918,2.657429831742775e-12,"[6.727951529227996e-14, 0.0, 0.9999999999999327]",primal=Optimization terminated successfully; dual=outer=Optimization terminated successfully; inner=Optimization terminated successfully,1,-384.5832933611341,384.58329336113417,,qwen25_real_m50_circulant_balanced_seed20260503_dare_linear_e8_dare_linear
dare_linear,triple,cunghoctienganh_4909ad74_a335+duyphu_0112d9da_9934_4614_b233+hongngo_7e251dfc_e0f7_4f73_aae,70.54376311302187,56.107214164733854,0,"[0.2, 0.2, 0.6]","[0.6, 0.2, 0.2]",18.07907819747924,"{""cunghoctienganh_4909ad74_a335"": -56.107214164733854, ""duyphu_0112d9da_9934_4614_b233"": -49.938061904907194, ""hongngo_7e251dfc_e0f7_4f73_aae"": -31.557348442077604}",cunghoctienganh_4909ad74_a335,continuous_primal_dual_psd,6,70.54376311302187,70.54376311301097,1.0899725566559935e-11,"[0.0, 0.9999999999993643, 6.356581927487293e-13]",primal=Optimization terminated successfully; dual=outer=Optimization terminated successfully; inner=Optimization terminated successfully,1,-1013.9887658374892,1016.182840166253,,qwen25_real_m50_circulant_balanced_seed20260503_dare_linear_e8_dare_linear
dare_linear,triple,versil91_8444c3be_8779_4769_a0+duyphu_4909ad74_a335_4972_9ed8+nhung02_08157847_d833_4d45_90f,6.77571400563042,8.408334922790495,0,"[0.4601599092375249, 0.2, 0.339840090762475]","[0.6, 0.2, 0.2]",1.2110398477639652,"{""duyphu_4909ad74_a335_4972_9ed8"": -4.057374668121305, ""nhung02_08157847_d833_4d45_90f"": -8.408334922790495, ""versil91_8444c3be_8779_4769_a0"": -4.396661340944478}",nhung02_08157847_d833_4d45_90f,continuous_primal_dual_psd,6,6.77571400563042,6.775714005630418,1.7763568394002505e-15,"[0.0, 0.9999999999999987, 1.3322676295501865e-15]",primal=Optimization terminated successfully; dual=outer=Optimization terminated successfully; inner=Optimization terminated successfully,1,-294.7728934288144,294.7728934288143,,qwen25_real_m50_circulant_balanced_seed20260503_dare_linear_e8_dare_linear
dare_linear,triple,duyphu_7aba420b_74ac_4209_b514+chauhoang_2aa4f343_5524_f86e_b+nhoxinh_9214fc0d_4490_4bdd_9ff,76.32789916992192,22.15832777023312,0,"[0.2, 0.6, 0.19999999999999996]","[0.2, 0.6, 0.2]",0.0,"{""chauhoang_2aa4f343_5524_f86e_b"": -20.804157924652067, ""duyphu_7aba420b_74ac_4209_b514"": -22.15832777023312, ""nhoxinh_9214fc0d_4490_4bdd_9ff"": -10.804179382324186}",duyphu_7aba420b_74ac_4209_b514,continuous_primal_dual_psd,6,76.32789916992192,76.32789916992192,0.0,"[0.0, 0.0, 1.0]",primal=Optimization terminated successfully; dual=outer=Optimization terminated successfully; inner=Optimization terminated successfully,1,-1117.3661350449097,1122.6944029356814,,qwen25_real_m50_circulant_balanced_seed20260503_dare_linear_e8_dare_linear
dare_linear,triple,mrhunghd_9e58333c_df22_4a00_9c+datlaaaaaaa_0dbe42c8_b07b_4785+versil91_121ef6e9_0ded_4fc3_8c,18.32230508736894,17.15834445953366,0,"[0.2, 0.27171354578449153, 0.5282864542155085]","[0.2, 0.2, 0.6]",0.0,"{""datlaaaaaaa_0dbe42c8_b07b_4785"": -17.15834445953366, ""mrhunghd_9e58333c_df22_4a00_9c"": -9.658339691162077, ""versil91_121ef6e9_0ded_4fc3_8c"": -9.477678012847868}",datlaaaaaaa_0dbe42c8_b07b_4785,continuous_primal_dual_psd,6,18.32230508736894,18.32230508736894,0.0,"[1.0, 0.0, 0.0]",primal=Optimization terminated successfully; dual=outer=Optimization terminated successfully; inner=Optimization terminated successfully,0,38.826833723428855,0.0,,qwen25_real_m50_circulant_balanced_seed20260503_dare_linear_e8_dare_linear
dare_linear,triple,chauhoang_4909ad74_a335_4972_9+nhoxinh_0c66c9c5_5cc2_46a8_9db+thaffggg_8c87f3d3_d4bb_475a_a8,82.34600690222109,15.69998569488522,0,"[0.2000000000001014, 0.2, 0.5999999999998986]","[0.2, 0.2, 0.6]",0.0,"{""chauhoang_4909ad74_a335_4972_9"": -15.699985694885221, ""nhoxinh_0c66c9c5_5cc2_46a8_9db"": -7.290926647186247, ""thaffggg_8c87f3d3_d4bb_475a_a8"": -15.501120758056608}",chauhoang_4909ad74_a335_4972_9,continuous_primal_dual_psd,6,82.34600690222109,82.34600690222109,0.0,"[0.0, 0.0, 1.0]",primal=Optimization terminated successfully; dual=outer=Optimization terminated successfully; inner=Optimization terminated successfully,1,-970.883712874644,970.8837128746438,,qwen25_real_m50_circulant_balanced_seed20260503_dare_linear_e8_dare_linear
dare_linear,triple,nbninh_0d8b128b_8753_46c3_b80f+nhoxinh_2f944a50_cbd3_4334_af8+versil91_63cd5c4a_5a68_4c25_bd,16.77882289392395,20.52953548431393,0,"[0.20075605910171054, 0.2, 0.5992439408982895]","[0.2, 0.2, 0.6]",0.0,"{""nbninh_0d8b128b_8753_46c3_b80f"": -19.27955455780026, ""nhoxinh_2f944a50_cbd3_4334_af8"": -20.529535484313932, ""versil91_63cd5c4a_5a68_4c25_bd"": -1.3341486561548401}",nhoxinh_2f944a50_cbd3_4334_af8,continuous_primal_dual_psd,6,16.77882289392395,16.778822893923884,6.750155989720953e-14,"[0.9999999999999909, 0.0, 9.159339953157458e-15]",primal=Optimization terminated successfully; dual=outer=Optimization terminated successfully; inner=Optimization terminated successfully,1,-977.2569777835452,977.256977783545,,qwen25_real_m50_circulant_balanced_seed20260503_dare_linear_e8_dare_linear
dare_linear,triple,datlaaaaaaa_cc1f8701_0976_4f48+nhung02_08157847_d833_4d45_90f+mrhungddddh_9b1deaac_4565_48f2,140.66000297079043,37.83140487670895,0,"[0.2, 0.20000000000003534, 0.5999999999999647]","[0.2, 0.2, 0.6]",0.0,"{""datlaaaaaaa_cc1f8701_0976_4f48"": -37.83140487670895, ""mrhungddddh_9b1deaac_4565_48f2"": -0.07500953674313138, ""nhung02_08157847_d833_4d45_90f"": -17.919567298889127}",datlaaaaaaa_cc1f8701_0976_4f48,continuous_primal_dual_psd,6,140.66000297079043,140.66000297079043,0.0,"[0.0, 0.0, 1.0]",primal=Optimization terminated successfully; dual=outer=Optimization terminated successfully; inner=Optimization terminated successfully,1,-2658.8340905003647,2658.834090500365,,qwen25_real_m50_circulant_balanced_seed20260503_dare_linear_e8_dare_linear
dare_linear,triple,versil91_8444c3be_8779_4769_a0+laquythang_8444c3be_8779_4769+nblinh63_0eb73af3_0631_437a_ad,101.5863471320658,27.565530014038053,0,"[0.20000000000001794, 0.2000000000001137, 0.5999999999998684]","[0.6, 0.2, 0.2]",32.490551471710205,"{""laquythang_8444c3be_8779_4769"": -27.565530014038053, ""nblinh63_0eb73af3_0631_437a_ad"": -25.98407573699948, ""versil91_8444c3be_8779_4769_a0"": -10.782083339796603}",laquythang_8444c3be_8779_4769,continuous_primal_dual_psd,6,101.5863471320658,101.5863471320658,0.0,"[0.0, 1.0, 0.0]",primal=Optimization terminated successfully; dual=outer=Optimization terminated successfully; inner=Optimization terminated successfully,1,-1411.3004316021631,1411.3004316021631,,qwen25_real_m50_circulant_balanced_seed20260503_dare_linear_e8_dare_linear
dare_linear,triple,cunghoctienganh_4909ad74_a335+duyphu_4909ad74_a335_4972_9ed8+denbeo_d9ae91c0_fed9_4fb4_8ddd,49.82820589174062,69.12803955078121,0,"[0.3148295356978695, 0.3289981153181706, 0.3561723489839599]","[0.6, 0.2, 0.2]",9.498095512390137,"{""cunghoctienganh_4909ad74_a335"": -69.12803955078121, ""denbeo_d9ae91c0_fed9_4fb4_8ddd"": -62.99165792465207, ""duyphu_4909ad74_a335_4972_9ed8"": -59.63428325653073}",cunghoctienganh_4909ad74_a335,continuous_primal_dual_psd,6,49.82820589174062,49.82820589174058,4.263256414560601e-14,"[0.6340361519762315, 0.3659638480237673, 1.1352839853237793e-15]",primal=Optimization terminated successfully; dual=outer=Optimization terminated successfully; inner=Optimization terminated successfully,1,-114.1156315420985,114.11563154209846,,qwen25_real_m50_circulant_balanced_seed20260503_dare_linear_e8_dare_linear
dare_linear,triple,phungkhaccuong_731c6dec_a942_4+hongngo_687b8c72_c89b_4cb7_b7c+mrhunghddddd_d692685b_fdb4_477,25.93969995806475,26.98785371780392,0,"[0.2, 0.4268176394498007, 0.37318236055019927]","[0.6, 0.2, 0.2]",24.715912342071533,"{""hongngo_687b8c72_c89b_4cb7_b7c"": -26.987853717803922, ""mrhunghddddd_d692685b_fdb4_477"": -12.991669845581022, ""phungkhaccuong_731c6dec_a942_4"": -3.433519509601335}",hongngo_687b8c72_c89b_4cb7_b7c,continuous_primal_dual_psd,6,25.93969995806475,25.93969995806475,0.0,"[0.0, 0.0, 1.0]",primal=Optimization terminated successfully; dual=outer=Optimization terminated successfully; inner=Optimization terminated successfully,1,-321.8663033274032,321.8663033274032,,qwen25_real_m50_circulant_balanced_seed20260503_dare_linear_e8_dare_linear
dare_linear,triple,nbninh_a1f78795_1b61_4923_9235+adammandic87_f28f18cf_4abb_4db+nhung03_7b6cdc3c_7130_4c2c_a2c,109.79478660661567,13.540902805328336,0,"[0.2, 0.2, 0.6]","[0.4, 0.4, 0.2]",70.90907096862793,"{""adammandic87_f28f18cf_4abb_4db"": -7.470837306976286, ""nbninh_a1f78795_1b61_4923_9235"": 5.455300140380892, ""nhung03_7b6cdc3c_7130_4c2c_a2c"": -13.540902805328336}",nhung03_7b6cdc3c_7130_4c2c_a2c,continuous_primal_dual_psd,6,109.79478660661567,109.79478660661567,0.0,"[0.0, 0.0, 1.0]",primal=Optimization terminated successfully; dual=outer=Optimization terminated successfully; inner=Optimization terminated successfully,1,-1167.2857629954174,1167.2857629954174,,qwen25_real_m50_circulant_balanced_seed20260503_dare_linear_e8_dare_linear
dare_linear,triple,tuanna08go_6af2bb68_a65f_4331+hongngo_9d92894f_7b7b_49e0_8f3+mrhungddddh_911f6275_22fd_4f41,18.61665554046631,16.453209590911833,0,"[0.6, 0.2, 0.19999999999999996]","[0.6, 0.2, 0.2]",0.0,"{""hongngo_9d92894f_7b7b_49e0_8f3"": -1.2303025245666177, ""mrhungddddh_911f6275_22fd_4f41"": -1.6280323982238443, ""tuanna08go_6af2bb68_a65f_4331"": -16.453209590911833}",tuanna08go_6af2bb68_a65f_4331,continuous_primal_dual_psd,6,18.61665554046631,18.616655540466027,2.842170943040401e-13,"[0.0, 0.999999999999843, 1.569855356819725e-13]",primal=Optimization terminated successfully; dual=outer=Optimization terminated successfully; inner=Optimization terminated successfully,1,-397.8796696663719,397.8796696663719,,qwen25_real_m50_circulant_balanced_seed20260503_dare_linear_e8_dare_linear
dare_linear,triple,adammandic87_3d7a58a6_4380_4e3+phungkhaccuong_a992b7f5_9d18_c+versil91_474890ea_012d_4a25_96,16.481241655369494,0.1230099089197381,0,"[0.20000000000001047, 0.20000000000006146, 0.599999999999928]","[0.2, 0.2, 0.6]",0.0,"{""adammandic87_3d7a58a6_4380_4e3"": -0.12300990891973813, ""phungkhaccuong_a992b7f5_9d18_c"": 3.329726982116732, ""versil91_474890ea_012d_4a25_96"": 10.550007152557406}",adammandic87_3d7a58a6_4380_4e3,continuous_primal_dual_psd,6,16.481241655369494,16.481241655369494,0.0,"[0.0, 1.0, 0.0]",primal=Optimization terminated successfully; dual=outer=Optimization terminated successfully; inner=Optimization terminated successfully,1,-729.7884939827824,733.6219040646015,,qwen25_real_m50_circulant_balanced_seed20260503_dare_linear_e8_dare_linear
dare_linear,triple,duyphu_7aba420b_74ac_4209_b514+nbninh_c4ae10ba_efe4_401e_8dd7+hongngo_7e251dfc_e0f7_4f73_aae,79.88083667755136,5.28332300186154,0,"[0.2, 0.2, 0.6]","[0.2, 0.6, 0.2]",13.125002384185793,"{""duyphu_7aba420b_74ac_4209_b514"": -5.28332300186154, ""hongngo_7e251dfc_e0f7_4f73_aae"": 7.713457870483431, ""nbninh_c4ae10ba_efe4_401e_8dd7"": -0.21703548431393216}",duyphu_7aba420b_74ac_4209_b514,continuous_primal_dual_psd,6,79.88083667755136,79.8808366775145,3.6862957131234e-11,"[0.0, 3.676059456822842e-12, 0.9999999999963238]",primal=Optimization terminated successfully; dual=outer=Optimization terminated successfully; inner=Optimization terminated successfully,1,-1709.689538810337,1711.642382667717,,qwen25_real_m50_circulant_balanced_seed20260503_dare_linear_e8_dare_linear
dare_linear,triple,laquythang_efe15045_778f_4dfa+cunghoctienganh_c1cf0152_7ae6+duyphu_0112d9da_9934_4614_b233,11.171998656711452,17.512360286712614,0,"[0.3871584598215354, 0.20000000000000015, 0.4128415401784644]","[0.2, 0.6, 0.2]",27.657341957092285,"{""cunghoctienganh_c1cf0152_7ae6"": -9.03332538604733, ""duyphu_0112d9da_9934_4614_b233"": -17.512360286712614, ""laquythang_efe15045_778f_4dfa"": -8.427277278900114}",duyphu_0112d9da_9934_4614_b233,continuous_primal_dual_psd,6,11.171998656711452,11.171998656711452,0.0,"[0.0, 1.0, 0.0]",primal=Optimization terminated successfully; dual=outer=Optimization terminated successfully; inner=Optimization terminated successfully,1,-471.05891948125634,471.05891948125634,,qwen25_real_m50_circulant_balanced_seed20260503_dare_linear_e8_dare_linear
dare_linear,triple,taronklm_trained_model+nhoxinh_9214fc0d_4490_4bdd_9ff+nhung02_db2c9545_4607_487b_9cc,18.0053821926806,-0.7563270053848008,1,"[0.5503529799680233, 0.2, 0.2496470200319767]","[0.6, 0.2, 0.2]",0.0,"{""nhoxinh_9214fc0d_4490_4bdd_9ff"": 78.62291030883792, ""nhung02_db2c9545_4607_487b_9cc"": 71.22708253860476, ""taronklm_trained_model"": 0.7563270053848008}",taronklm_trained_model,continuous_primal_dual_psd,6,18.0053821926806,18.0053821926806,0.0,"[0.0, 0.0, 1.0]",primal=Optimization terminated successfully; dual=outer=Optimization terminated successfully; inner=Optimization terminated successfully,1,-1211.6276048001698,1211.6276048001698,,qwen25_real_m50_circulant_balanced_seed20260503_dare_linear_e8_dare_linear
dare_linear,triple,versil91_e9f26c47_9b78_4e3f_81+cunghoctienganh_b7496e73_1762+chauhoang_2aa4f343_5524_f86e_b,14.207494092536262,-0.2546373541244281,1,"[0.3684965292449451, 0.20000000000016088, 0.43150347075489404]","[0.6, 0.2, 0.2]",26.996300047148075,"{""chauhoang_2aa4f343_5524_f86e_b"": 13.362511920928988, ""cunghoctienganh_b7496e73_1762"": 4.167434501647982, ""versil91_e9f26c47_9b78_4e3f_81"": 0.2546373541244281}",versil91_e9f26c47_9b78_4e3f_81,continuous_primal_dual_psd,6,14.207494092536262,14.207494092532524,3.737454790098127e-12,"[0.7693420717343659, 0.0, 0.23065792826563414]",primal=Optimization terminated successfully; dual=outer=Optimization terminated successfully; inner=Optimization terminated successfully,1,-349.6457064439348,349.6457064439348,,qwen25_real_m50_circulant_balanced_seed20260503_dare_linear_e8_dare_linear
dare_linear,triple,lhong4759_f68c5c87_934d_4399_b+thaffggg_8a78a9b2_d3fa_4615_b8+datlaaaaaaa_e8cccbe1_c136_409a,203.70312654424836,59.50246162414548,0,"[0.2, 0.2, 0.6]","[0.6, 0.2, 0.2]",4.265749454498291,"{""datlaaaaaaa_e8cccbe1_c136_409a"": -59.502461624145475, ""lhong4759_f68c5c87_934d_4399_b"": -40.595832538604704, ""thaffggg_8a78a9b2_d3fa_4615_b8"": -45.35907812118527}",datlaaaaaaa_e8cccbe1_c136_409a,continuous_primal_dual_psd,6,203.70312654424836,203.70312654424836,0.0,"[0.0, 1.0, 0.0]",primal=Optimization terminated successfully; dual=outer=Optimization terminated successfully; inner=Optimization terminated successfully,1,-4706.896066077527,4706.896066077527,,qwen25_real_m50_circulant_balanced_seed20260503_dare_linear_e8_dare_linear
dare_linear,triple,versil91_01a5620a_fb5f_4bab_94+tuanna08go_7647f014_8af3_4266+mrhungddddh_fe499423_02f3_4cfd,68.18068583836815,-0.8144982297770115,1,"[0.20322015344972305, 0.2, 0.5967798465502769]","[0.2, 0.6, 0.2]",56.04099416330969,"{""mrhungddddh_fe499423_02f3_4cfd"": 16.648492145538363, ""tuanna08go_7647f014_8af3_4266"": 0.8144982297770115, ""versil91_01a5620a_fb5f_4bab_94"": 15.14612134230076}",tuanna08go_7647f014_8af3_4266,continuous_primal_dual_psd,6,68.18068583836815,68.18068583836815,0.0,"[0.0, 0.0, 1.0]",primal=Optimization terminated successfully; dual=outer=Optimization terminated successfully; inner=Optimization terminated successfully,1,-1029.1718568790768,1029.1718568790768,,qwen25_real_m50_circulant_balanced_seed20260503_dare_linear_e8_dare_linear
dare_linear,triple,tuanna08go_c1cf0152_7ae6_43b6+phungkhaccuong_2b1522e6_bef2_7+mrhungddddh_9b1deaac_4565_48f2,27.01112563372035,-3.264161872863802,1,"[0.6000000000000015, 0.2, 0.1999999999999984]","[0.6, 0.2, 0.2]",0.0,"{""mrhungddddh_9b1deaac_4565_48f2"": 10.13333492279056, ""phungkhaccuong_2b1522e6_bef2_7"": 5.830439853668246, ""tuanna08go_c1cf0152_7ae6_43b6"": 3.264161872863802}",tuanna08go_c1cf0152_7ae6_43b6,continuous_primal_dual_psd,6,27.01112563372035,27.01112563372035,0.0,"[0.0, 0.0, 1.0]",primal=Optimization terminated successfully; dual=outer=Optimization terminated successfully; inner=Optimization terminated successfully,1,-475.76689544483975,475.76689544483975,,qwen25_real_m50_circulant_balanced_seed20260503_dare_linear_e8_dare_linear
dare_linear,triple,taronklm_trained_model+nhoxinh_0c66c9c5_5cc2_46a8_9db+thaffggg_8c87f3d3_d4bb_475a_a8,-18.34399513953962,-0.6245082258229193,1,"[0.2021028863116686, 0.20000000000056292, 0.5978971136877684]","[0.6, 0.2, 0.2]",0.8761002351558499,"{""nhoxinh_0c66c9c5_5cc2_46a8_9db"": 13.364669609069857, ""taronklm_trained_model"": 0.6245082258229193, ""thaffggg_8c87f3d3_d4bb_475a_a8"": 16.231819915771517}",taronklm_trained_model,continuous_primal_dual_psd,6,-18.34399513953962,-18.34399513957389,3.4273028859388426e-11,"[0.44791046232480325, 0.0, 0.5520895376751966]",primal=Optimization terminated successfully; dual=outer=Optimization terminated successfully; inner=Optimization terminated successfully,1,-1075.7816178667863,1075.781617866786,,qwen25_real_m50_circulant_balanced_seed20260503_dare_linear_e8_dare_linear
dare_linear,triple,versil91_e9f26c47_9b78_4e3f_81+chauhoang_4909ad74_a335_4972_9+phungkhaccuong_731c6dec_a942_4,3.8064273692066735,0.5159344982319019,0,"[0.37877718366504026, 0.2, 0.4212228163349597]","[0.2, 0.4, 0.4]",0.6964283552796535,"{""chauhoang_4909ad74_a335_4972_9"": 4.413625526428255, ""phungkhaccuong_731c6dec_a942_4"": -0.5159344982319019, ""versil91_e9f26c47_9b78_4e3f_81"": 1.2289967046865093}",phungkhaccuong_731c6dec_a942_4,continuous_primal_dual_psd,6,3.8064273692066735,3.8064273692066735,0.0,"[0.0, 1.0, 0.0]",primal=Optimization terminated successfully; dual=outer=Optimization terminated successfully; inner=Optimization terminated successfully,1,-351.9486212874065,351.94862128740664,,qwen25_real_m50_circulant_balanced_seed20260503_dare_linear_e8_dare_linear
dare_linear,triple,laquythang_efe15045_778f_4dfa+nbninh_a1f78795_1b61_4923_9235+datlaaaaaaa_0dbe42c8_b07b_4785,83.46079490449338,69.34583492279049,0,"[0.223490599231466, 0.3482518413231696, 0.42825755944536437]","[0.4, 0.2, 0.4]",5.21777868270874,"{""datlaaaaaaa_0dbe42c8_b07b_4785"": -69.34583492279049, ""laquythang_efe15045_778f_4dfa"": -65.01818008422848, ""nbninh_a1f78795_1b61_4923_9235"": -41.19241542816159}",datlaaaaaaa_0dbe42c8_b07b_4785,continuous_primal_dual_psd,6,83.46079490449338,83.4607949044826,1.078603872883832e-11,"[0.9779027490343266, 0.0, 0.02209725096567348]",primal=Optimization terminated successfully; dual=outer=Optimization terminated successfully; inner=Optimization terminated successfully,1,-777.5009421597715,777.5009421597715,,qwen25_real_m50_circulant_balanced_seed20260503_dare_linear_e8_dare_linear
dare_linear,triple,nhoxinh_9214fc0d_4490_4bdd_9ff+mrhunghd_9e58333c_df22_4a00_9c+nhung02_db2c9545_4607_487b_9cc,37.342033431202765,36.11666269302365,0,"[0.4008882366502535, 0.20000000000000318, 0.3991117633497433]","[0.4, 0.2, 0.4]",0.0,"{""mrhunghd_9e58333c_df22_4a00_9c"": -36.11666269302365, ""nhoxinh_9214fc0d_4490_4bdd_9ff"": -8.512499999999967, ""nhung02_db2c9545_4607_487b_9cc"": -26.637521457672086}",mrhunghd_9e58333c_df22_4a00_9c,continuous_primal_dual_psd,6,37.342033431202765,37.34203343120217,5.968558980384843e-13,"[0.999999999999952, 0.0, 4.785061236134195e-14]",primal=Optimization terminated successfully; dual=outer=Optimization terminated successfully; inner=Optimization terminated successfully,0,419.4676085771287,0.0,,qwen25_real_m50_circulant_balanced_seed20260503_dare_linear_e8_dare_linear
dare_linear,triple,versil91_8444c3be_8779_4769_a0+hongngo_9d92894f_7b7b_49e0_8f3+versil91_63cd5c4a_5a68_4c25_bd,32.69589326830399,3.3840243845688645,0,"[0.2, 0.2000000000000122, 0.5999999999999878]","[0.2, 0.2, 0.6]",0.0,"{""hongngo_9d92894f_7b7b_49e0_8f3"": 0.010213184356722138, ""versil91_63cd5c4a_5a68_4c25_bd"": -1.8463450035309297, ""versil91_8444c3be_8779_4769_a0"": -3.3840243845688645}",versil91_8444c3be_8779_4769_a0,continuous_primal_dual_psd,6,32.69589326830399,32.69589326830399,0.0,"[0.0, 1.0, 0.0]",primal=Optimization terminated successfully; dual=outer=Optimization terminated successfully; inner=Optimization terminated successfully,1,-746.2404101294861,746.240410129486,,qwen25_real_m50_circulant_balanced_seed20260503_dare_linear_e8_dare_linear
dare_linear,triple,tuanna08go_c1cf0152_7ae6_43b6+cunghoctienganh_c1cf0152_7ae6+nbninh_0d8b128b_8753_46c3_b80f,22.172483332068182,2.366653156280485,0,"[0.20000000000001422, 0.3887202524478518, 0.4112797475521339]","[0.4, 0.4, 0.2]",6.875002384185791,"{""cunghoctienganh_c1cf0152_7ae6"": -2.366653156280485, ""nbninh_0d8b128b_8753_46c3_b80f"": -1.3250023841857583, ""tuanna08go_c1cf0152_7ae6_43b6"": 2.7287571907043784}",cunghoctienganh_c1cf0152_7ae6,continuous_primal_dual_psd,6,22.172483332068182,22.172483332068182,0.0,"[1.0, 0.0, 0.0]",primal=Optimization terminated successfully; dual=outer=Optimization terminated successfully; inner=Optimization terminated successfully,1,-312.9324735086724,312.9324735086724,,qwen25_real_m50_circulant_balanced_seed20260503_dare_linear_e8_dare_linear
dare_linear,triple,datlaaaaaaa_cc1f8701_0976_4f48+chauhoang_2aa4f343_5524_f86e_b+datlaaaaaaa_e8cccbe1_c136_409a,154.931288947175,13.776937198638883,0,"[0.2, 0.20000000000012733, 0.5999999999998726]","[0.4, 0.4, 0.2]",38.38287591934204,"{""chauhoang_2aa4f343_5524_f86e_b"": -4.866662693023649, ""datlaaaaaaa_cc1f8701_0976_4f48"": -12.238457870483366, ""datlaaaaaaa_e8cccbe1_c136_409a"": -13.776937198638883}",datlaaaaaaa_e8cccbe1_c136_409a,continuous_primal_dual_psd,6,154.931288947175,154.931288947175,0.0,"[1.0, 0.0, 0.0]",primal=Optimization terminated successfully; dual=outer=Optimization terminated successfully; inner=Optimization terminated successfully,1,-3435.501300984053,3435.5013009840536,,qwen25_real_m50_circulant_balanced_seed20260503_dare_linear_e8_dare_linear
dare_linear,triple,tuanna08go_7647f014_8af3_4266+laquythang_8444c3be_8779_4769+denbeo_d9ae91c0_fed9_4fb4_8ddd,-0.0224623571097861,1.0816555898327804,0,"[0.5585558884229499, 0.20000000000047014, 0.24144411157657997]","[0.6, 0.2, 0.2]",0.0,"{""denbeo_d9ae91c0_fed9_4fb4_8ddd"": 4.233714866638216, ""laquythang_8444c3be_8779_4769"": 18.447741794586214, ""tuanna08go_7647f014_8af3_4266"": -1.0816555898327804}",tuanna08go_7647f014_8af3_4266,continuous_primal_dual_psd,6,-0.0224623571097861,-0.0224623571191973,9.411138535142529e-12,"[1.0, 0.0, 0.0]",primal=Optimization terminated successfully; dual=outer=Optimization terminated successfully; inner=Optimization terminated successfully,0,2.593921014058573,0.0,,qwen25_real_m50_circulant_balanced_seed20260503_dare_linear_e8_dare_linear
dare_linear,triple,versil91_01a5620a_fb5f_4bab_94+nhung02_08157847_d833_4d45_90f+mrhunghddddd_d692685b_fdb4_477,19.972154048187637,13.256099891662563,0,"[0.472873689468634, 0.2, 0.327126310531366]","[0.4, 0.2, 0.4]",0.0,"{""mrhunghddddd_d692685b_fdb4_477"": -12.086227607727018, ""nhung02_08157847_d833_4d45_90f"": -13.256099891662565, ""versil91_01a5620a_fb5f_4bab_94"": -12.084599809852486}",nhung02_08157847_d833_4d45_90f,continuous_primal_dual_psd,6,19.972154048187637,19.97215404817195,1.5681678178225408e-11,"[2.6904940652331287e-13, 0.4095134198716035, 0.5904865801281275]",primal=Optimization terminated successfully; dual=outer=Optimization terminated successfully; inner=Optimization terminated successfully,1,-380.2754743583164,380.27547435831633,,qwen25_real_m50_circulant_balanced_seed20260503_dare_linear_e8_dare_linear
dare_linear,triple,adammandic87_3d7a58a6_4380_4e3+thaffggg_8a78a9b2_d3fa_4615_b8+versil91_121ef6e9_0ded_4fc3_8c,21.40899938755065,11.556628417968716,0,"[0.20000000000000065, 0.3106079255876641, 0.48939207441233523]","[0.6, 0.2, 0.2]",11.459779739379885,"{""adammandic87_3d7a58a6_4380_4e3"": -3.13654840716033, ""thaffggg_8a78a9b2_d3fa_4615_b8"": -11.556628417968717, ""versil91_121ef6e9_0ded_4fc3_8c"": -6.589427661895719}",thaffggg_8a78a9b2_d3fa_4615_b8,continuous_primal_dual_psd,6,21.40899938755065,21.408999387550622,2.4868995751603507e-14,"[1.887379141862763e-15, 0.9999999999999982, 0.0]",primal=Optimization terminated successfully; dual=outer=Optimization terminated successfully; inner=Optimization terminated successfully,1,-278.37095140463066,278.37095140463066,,qwen25_real_m50_circulant_balanced_seed20260503_dare_linear_e8_dare_linear
dare_linear,triple,phungkhaccuong_2b1522e6_bef2_7+mrhungddddh_fe499423_02f3_4cfd+versil91_474890ea_012d_4a25_96,38.84943043850738,8.540907573699918,0,"[0.20000000000002843, 0.2, 0.5999999999999716]","[0.6, 0.2, 0.2]",9.659087657928469,"{""mrhungddddh_fe499423_02f3_4cfd"": -0.9083420753478677, ""phungkhaccuong_2b1522e6_bef2_7"": 0.5500047683716147, ""versil91_474890ea_012d_4a25_96"": -8.540907573699918}",versil91_474890ea_012d_4a25_96,continuous_primal_dual_psd,6,38.84943043850738,38.84943043850738,0.0,"[1.0, 0.0, 0.0]",primal=Optimization terminated successfully; dual=outer=Optimization terminated successfully; inner=Optimization terminated successfully,1,-891.417782452274,891.417782452274,,qwen25_real_m50_circulant_balanced_seed20260503_dare_linear_e8_dare_linear
dare_linear,triple,lhong4759_f68c5c87_934d_4399_b+duyphu_4909ad74_a335_4972_9ed8+nbninh_c4ae10ba_efe4_401e_8dd7,-1.524929436239688,21.324995231628385,0,"[0.2, 0.3269904629043299, 0.47300953709567006]","[0.2, 0.4, 0.4]",0.0,"{""duyphu_4909ad74_a335_4972_9ed8"": -3.7769228935241372, ""lhong4759_f68c5c87_934d_4399_b"": -21.324995231628385, ""nbninh_c4ae10ba_efe4_401e_8dd7"": 7.76592187881473}",lhong4759_f68c5c87_934d_4399_b,continuous_primal_dual_psd,6,-1.524929436239688,-1.524929436239688,0.0,"[0.0, 0.0, 1.0]",primal=Optimization terminated successfully; dual=outer=Optimization terminated successfully; inner=Optimization terminated successfully,1,-1077.8768593286873,1077.8768593286875,,qwen25_real_m50_circulant_balanced_seed20260503_dare_linear_e8_dare_linear
dare_linear,triple,cunghoctienganh_b7496e73_1762+hongngo_687b8c72_c89b_4cb7_b7c+mrhungddddh_911f6275_22fd_4f41,21.82146023953368,23.218920898437467,0,"[0.2738231365519676, 0.40177394932511984, 0.32440291412291256]","[0.4, 0.4, 0.2]",23.92045259475708,"{""cunghoctienganh_b7496e73_1762"": -19.355300140380827, ""hongngo_687b8c72_c89b_4cb7_b7c"": -23.218920898437467, ""mrhungddddh_911f6275_22fd_4f41"": -17.44242019653317}",hongngo_687b8c72_c89b_4cb7_b7c,continuous_primal_dual_psd,6,21.82146023953368,21.821460239532502,1.1759482276829658e-12,"[1.1236206002044159e-14, 0.8203467931138705, 0.17965320688611824]",primal=Optimization terminated successfully; dual=outer=Optimization terminated successfully; inner=Optimization terminated successfully,1,-154.89439038577055,154.89439038577058,,qwen25_real_m50_circulant_balanced_seed20260503_dare_linear_e8_dare_linear
dare_linear,triple,tuanna08go_6af2bb68_a65f_4331+nhoxinh_2f944a50_cbd3_4334_af8+adammandic87_f28f18cf_4abb_4db,38.39100958565475,3.5926134109496743,0,"[0.2000000000001825, 0.2000000000000136, 0.5999999999998039]","[0.2, 0.2, 0.6]",0.0,"{""adammandic87_f28f18cf_4abb_4db"": -1.116672229766813, ""nhoxinh_2f944a50_cbd3_4334_af8"": 4.508337306976351, ""tuanna08go_6af2bb68_a65f_4331"": -3.5926134109496743}",tuanna08go_6af2bb68_a65f_4331,continuous_primal_dual_psd,6,38.39100958565475,38.39100958565475,0.0,"[0.0, 0.0, 1.0]",primal=Optimization terminated successfully; dual=outer=Optimization terminated successfully; inner=Optimization terminated successfully,1,-1130.4008539326328,1130.4008539326328,,qwen25_real_m50_circulant_balanced_seed20260503_dare_linear_e8_dare_linear
dare_linear,triple,phungkhaccuong_a992b7f5_9d18_c+hongngo_7e251dfc_e0f7_4f73_aae+nblinh63_0eb73af3_0631_437a_ad,177.57390920917737,63.81552524566647,0,"[0.2, 0.2, 0.6]","[0.4, 0.4, 0.2]",9.734129905700676,"{""hongngo_7e251dfc_e0f7_4f73_aae"": -35.675957870483366, ""nblinh63_0eb73af3_0631_437a_ad"": -63.81552524566647, ""phungkhaccuong_a992b7f5_9d18_c"": -62.22098178863522}",nblinh63_0eb73af3_0631_437a_ad,continuous_primal_dual_psd,6,177.57390920917737,177.57390920917712,2.557953848736361e-13,"[0.9999999999999902, 9.746763369137477e-15, 0.0]",primal=Optimization terminated successfully; dual=outer=Optimization terminated successfully; inner=Optimization terminated successfully,1,-3421.250186903388,3421.250186903388,,qwen25_real_m50_circulant_balanced_seed20260503_dare_linear_e8_dare_linear
dare_linear,triple,duyphu_7aba420b_74ac_4209_b514+duyphu_0112d9da_9934_4614_b233+nhung03_7b6cdc3c_7130_4c2c_a2c,194.9832469940187,11.78828783035275,0,"[0.2, 0.2, 0.6]","[0.4, 0.4, 0.2]",53.73250246047973,"{""duyphu_0112d9da_9934_4614_b233"": -11.78828783035275, ""duyphu_7aba420b_74ac_4209_b514"": -6.220820617675749, ""nhung03_7b6cdc3c_7130_4c2c_a2c"": -9.76250476837155}",duyphu_0112d9da_9934_4614_b233,continuous_primal_dual_psd,6,194.9832469940187,194.9832469940187,0.0,"[1.0, 0.0, 0.0]",primal=Optimization terminated successfully; dual=outer=Optimization terminated successfully; inner=Optimization terminated successfully,1,-3383.314682891203,3383.643809829722,,qwen25_real_m50_circulant_balanced_seed20260503_dare_linear_e8_dare_linear
dare_linear,triple,laquythang_efe15045_778f_4dfa+cunghoctienganh_4909ad74_a335+chauhoang_4909ad74_a335_4972_9,43.152625959780494,73.89129705429073,0,"[0.4597665833183564, 0.3402334166816324, 0.20000000000001128]","[0.4, 0.4, 0.2]",0.0,"{""chauhoang_4909ad74_a335_4972_9"": -60.586372089385954, ""cunghoctienganh_4909ad74_a335"": -73.89129705429073, ""laquythang_efe15045_778f_4dfa"": -56.154564094543424}",cunghoctienganh_4909ad74_a335,continuous_primal_dual_psd,6,43.152625959780494,43.15262595977737,3.126388037344441e-12,"[0.999999999999702, 0.0, 2.980948821117657e-13]",primal=Optimization terminated successfully; dual=outer=Optimization terminated successfully; inner=Optimization terminated successfully,0,1019.9548905262324,0.0,,qwen25_real_m50_circulant_balanced_seed20260503_dare_linear_e8_dare_linear
dare_linear,triple,cunghoctienganh_c1cf0152_7ae6+nhoxinh_0c66c9c5_5cc2_46a8_9db+hongngo_687b8c72_c89b_4cb7_b7c,47.78333015441895,19.847706031799284,0,"[0.2, 0.2, 0.6]","[0.2, 0.2, 0.6]",0.0,"{""cunghoctienganh_c1cf0152_7ae6"": -17.887499999999967, ""hongngo_687b8c72_c89b_4cb7_b7c"": -19.847706031799284, ""nhoxinh_0c66c9c5_5cc2_46a8_9db"": -12.343338203430143}",hongngo_687b8c72_c89b_4cb7_b7c,continuous_primal_dual_psd,6,47.78333015441895,47.78333015441895,0.0,"[0.0, 1.0, 0.0]",primal=Optimization terminated successfully; dual=outer=Optimization terminated successfully; inner=Optimization terminated successfully,1,-583.626542352789,621.3654304472515,,qwen25_real_m50_circulant_balanced_seed20260503_dare_linear_e8_dare_linear
dare_linear,triple,versil91_8444c3be_8779_4769_a0+datlaaaaaaa_e8cccbe1_c136_409a+versil91_121ef6e9_0ded_4fc3_8c,9.599922180769456,3.0674130439757974,0,"[0.2, 0.20000000000000018, 0.5999999999999999]","[0.6, 0.2, 0.2]",19.337141513824463,"{""datlaaaaaaa_e8cccbe1_c136_409a"": -0.2454549789428384, ""versil91_121ef6e9_0ded_4fc3_8c"": -3.0674130439757974, ""versil91_8444c3be_8779_4769_a0"": -2.4045671945853586}",versil91_121ef6e9_0ded_4fc3_8c,continuous_primal_dual_psd,6,9.599922180769456,9.599922180769395,5.861977570020828e-14,"[0.9999999999999931, 6.93889390390718e-15, 0.0]",primal=Optimization terminated successfully; dual=outer=Optimization terminated successfully; inner=Optimization terminated successfully,1,-92.1809095466108,92.1809095466108,,qwen25_real_m50_circulant_balanced_seed20260503_dare_linear_e8_dare_linear
dare_linear,triple,lhong4759_f68c5c87_934d_4399_b+denbeo_d9ae91c0_fed9_4fb4_8ddd+mrhunghd_9e58333c_df22_4a00_9c,39.88111995501819,89.98977251052852,0,"[0.30411685366913754, 0.3335997817163079, 0.36228336461455457]","[0.2, 0.4, 0.4]",0.0,"{""denbeo_d9ae91c0_fed9_4fb4_8ddd"": -89.98977251052852, ""lhong4759_f68c5c87_934d_4399_b"": -71.94998569488521, ""mrhunghd_9e58333c_df22_4a00_9c"": -80.76409406661983}",denbeo_d9ae91c0_fed9_4fb4_8ddd,continuous_primal_dual_psd,6,39.88111995501819,39.88111995498375,3.4440006402292056e-11,"[0.7481475971433361, 1.7940544617465405e-13, 0.2518524028564845]",primal=Positive directional derivative for linesearch; dual=outer=Optimization terminated successfully; inner=Optimization terminated successfully,1,-265.83037200311134,265.8303720031113,,qwen25_real_m50_circulant_balanced_seed20260503_dare_linear_e8_dare_linear
dare_linear,triple,versil91_01a5620a_fb5f_4bab_94+duyphu_7aba420b_74ac_4209_b514+nbninh_0d8b128b_8753_46c3_b80f,92.92985469322792,5.28332300186154,0,"[0.20000000000014007, 0.2, 0.59999999999986]","[0.6, 0.2, 0.2]",18.854176998138428,"{""duyphu_7aba420b_74ac_4209_b514"": -5.28332300186154, ""nbninh_0d8b128b_8753_46c3_b80f"": 6.970450210571322, ""versil91_01a5620a_fb5f_4bab_94"": 6.299982393746232}",duyphu_7aba420b_74ac_4209_b514,continuous_primal_dual_psd,6,92.92985469322792,92.92985469322775,1.7053025658242404e-13,"[0.0, 0.9999999999999947, 5.37250767681271e-15]",primal=Optimization terminated successfully; dual=outer=Optimization terminated successfully; inner=Optimization terminated successfully,1,-2014.626014189975,2014.6260141899752,,qwen25_real_m50_circulant_balanced_seed20260503_dare_linear_e8_dare_linear
dare_linear,triple,thaffggg_8c87f3d3_d4bb_475a_a8+nhung02_db2c9545_4607_487b_9cc+datlaaaaaaa_0dbe42c8_b07b_4785,46.50346415380906,47.99168415069577,0,"[0.2, 0.3327326292556682, 0.4672673707443318]","[0.6, 0.2, 0.2]",18.64583492279052,"{""datlaaaaaaa_0dbe42c8_b07b_4785"": -40.804150772094694, ""nhung02_db2c9545_4607_487b_9cc"": -47.99168415069577, ""thaffggg_8c87f3d3_d4bb_475a_a8"": -25.92727251052853}",nhung02_db2c9545_4607_487b_9cc,continuous_primal_dual_psd,6,46.50346415380906,46.50346415380781,1.2505552149377765e-12,"[0.23681868907225784, 0.0, 0.7631813109277421]",primal=Optimization terminated successfully; dual=outer=Optimization terminated successfully; inner=Optimization terminated successfully,1,-672.1657270622738,672.1657270622738,,qwen25_real_m50_circulant_balanced_seed20260503_dare_linear_e8_dare_linear
dare_linear,triple,chauhoang_2aa4f343_5524_f86e_b+duyphu_0112d9da_9934_4614_b233+nbninh_a1f78795_1b61_4923_9235,37.819131882793776,38.3223802566528,0,"[0.2, 0.2172064708541001, 0.5827935291458999]","[0.2, 0.2, 0.6]",0.0,"{""chauhoang_2aa4f343_5524_f86e_b"": -18.095842075347868, ""duyphu_0112d9da_9934_4614_b233"": -38.3223802566528, ""nbninh_a1f78795_1b61_4923_9235"": -20.614758205413786}",duyphu_0112d9da_9934_4614_b233,continuous_primal_dual_psd,6,37.819131882793776,37.819131882793776,0.0,"[0.0, 0.0, 1.0]",primal=Optimization terminated successfully; dual=outer=Optimization terminated successfully; inner=Optimization terminated successfully,1,-568.1065233138299,568.1065233138298,,qwen25_real_m50_circulant_balanced_seed20260503_dare_linear_e8_dare_linear
dare_linear,triple,taronklm_trained_model+nhoxinh_9214fc0d_4490_4bdd_9ff+versil91_63cd5c4a_5a68_4c25_bd,14.642302091920085,-0.4946088351498484,1,"[0.2, 0.2, 0.6]","[0.6, 0.2, 0.2]",0.5843066044014844,"{""nhoxinh_9214fc0d_4490_4bdd_9ff"": 79.19581823349002, ""taronklm_trained_model"": 0.4946088351498484, ""versil91_63cd5c4a_5a68_4c25_bd"": 6.995128997412511}",taronklm_trained_model,continuous_primal_dual_psd,6,14.642302091920085,14.642302091920085,0.0,"[0.0, 1.0, 0.0]",primal=Optimization terminated successfully; dual=outer=Optimization terminated successfully; inner=Optimization terminated successfully,1,-370.93786624478287,370.9378662447828,,qwen25_real_m50_circulant_balanced_seed20260503_dare_linear_e8_dare_linear
dare_linear,triple,datlaaaaaaa_cc1f8701_0976_4f48+nbninh_c4ae10ba_efe4_401e_8dd7+hongngo_7e251dfc_e0f7_4f73_aae,98.1970271689532,30.87628192901608,0,"[0.2000000000001137, 0.2000000000000009, 0.5999999999998854]","[0.2, 0.4, 0.4]",17.596161365509033,"{""datlaaaaaaa_cc1f8701_0976_4f48"": -30.87628192901608, ""hongngo_7e251dfc_e0f7_4f73_aae"": -29.730430316925016, ""nbninh_c4ae10ba_efe4_401e_8dd7"": -13.001123142242399}",datlaaaaaaa_cc1f8701_0976_4f48,continuous_primal_dual_psd,6,98.1970271689532,98.1970271689532,0.0,"[0.0, 0.0, 1.0]",primal=Optimization terminated successfully; dual=outer=Optimization terminated successfully; inner=Optimization terminated successfully,1,-1261.7260381264805,1261.7260381264805,,qwen25_real_m50_circulant_balanced_seed20260503_dare_linear_e8_dare_linear
dare_linear,triple,versil91_e9f26c47_9b78_4e3f_81+nhung02_08157847_d833_4d45_90f+adammandic87_f28f18cf_4abb_4db,-0.042538114379159,-0.3118343716162925,1,"[0.3821285470204252, 0.2, 0.41787145297957484]","[0.4, 0.2, 0.4]",0.0,"{""adammandic87_f28f18cf_4abb_4db"": 10.133323001861605, ""nhung02_08157847_d833_4d45_90f"": 3.490707206726107, ""versil91_e9f26c47_9b78_4e3f_81"": 0.31183437161629257}",versil91_e9f26c47_9b78_4e3f_81,continuous_primal_dual_psd,6,-0.042538114379159,-0.042538114379159,0.0,"[1.0, 0.0, 0.0]",primal=Optimization terminated successfully; dual=outer=Optimization terminated successfully; inner=Optimization terminated successfully,1,-578.1002163173493,578.1002163173493,,qwen25_real_m50_circulant_balanced_seed20260503_dare_linear_e8_dare_linear
dare_linear,triple,tuanna08go_7647f014_8af3_4266+duyphu_4909ad74_a335_4972_9ed8+nblinh63_0eb73af3_0631_437a_ad,58.754472178553,8.654549789428678,0,"[0.2, 0.3317553181658811, 0.4682446818341188]","[0.6, 0.2, 0.2]",18.93938779830933,"{""duyphu_4909ad74_a335_4972_9ed8"": 2.6573746681213706, ""nblinh63_0eb73af3_0631_437a_ad"": -8.654549789428678, ""tuanna08go_7647f014_8af3_4266"": -1.55661711422597}",nblinh63_0eb73af3_0631_437a_ad,continuous_primal_dual_psd,6,58.754472178553,58.754472178553,0.0,"[0.0, 1.0, 0.0]",primal=Optimization terminated successfully; dual=outer=Optimization terminated successfully; inner=Optimization terminated successfully,1,-462.455355338067,462.45535533806697,,qwen25_real_m50_circulant_balanced_seed20260503_dare_linear_e8_dare_linear
dare_linear,triple,tuanna08go_6af2bb68_a65f_4331+thaffggg_8a78a9b2_d3fa_4615_b8+tuanna08go_c1cf0152_7ae6_43b6,37.39935780798002,13.435998630523647,0,"[0.2, 0.2, 0.6]","[0.2, 0.2, 0.6]",0.0,"{""thaffggg_8a78a9b2_d3fa_4615_b8"": -13.435998630523649, ""tuanna08go_6af2bb68_a65f_4331"": -9.169557762145963, ""tuanna08go_c1cf0152_7ae6_43b6"": -12.872198295593229}",thaffggg_8a78a9b2_d3fa_4615_b8,continuous_primal_dual_psd,6,37.39935780798002,37.39935780798002,0.0,"[0.0, 1.0, 0.0]",primal=Optimization terminated successfully; dual=outer=Optimization terminated successfully; inner=Optimization terminated successfully,1,-460.5400555161981,460.54005551619815,,qwen25_real_m50_circulant_balanced_seed20260503_dare_linear_e8_dare_linear
dare_linear,triple,laquythang_8444c3be_8779_4769+nhoxinh_2f944a50_cbd3_4334_af8+versil91_474890ea_012d_4a25_96,10.643874227938715,16.02196998596188,0,"[0.23867819727624529, 0.2940310533273146, 0.4672907493964401]","[0.2, 0.4, 0.4]",0.0,"{""laquythang_8444c3be_8779_4769"": -15.984097194671598, ""nhoxinh_2f944a50_cbd3_4334_af8"": -16.02196998596188, ""versil91_474890ea_012d_4a25_96"": -15.700009536743131}",nhoxinh_2f944a50_cbd3_4334_af8,continuous_primal_dual_psd,6,10.643874227938715,10.643874227938715,0.0,"[1.0, 0.0, 0.0]",primal=Optimization terminated successfully; dual=outer=Optimization terminated successfully; inner=Optimization terminated successfully,0,253.13159463563807,0.0,,qwen25_real_m50_circulant_balanced_seed20260503_dare_linear_e8_dare_linear
dare_linear,triple,cunghoctienganh_4909ad74_a335+mrhungddddh_9b1deaac_4565_48f2+mrhungddddh_911f6275_22fd_4f41,117.92031173944932,29.74355525970456,0,"[0.2, 0.2, 0.6]","[0.2, 0.2, 0.6]",0.0,"{""cunghoctienganh_4909ad74_a335"": -29.743555259704557, ""mrhungddddh_911f6275_22fd_4f41"": -18.63560981750485, ""mrhungddddh_9b1deaac_4565_48f2"": -23.30416746139523}",cunghoctienganh_4909ad74_a335,continuous_primal_dual_psd,6,117.92031173944932,117.92031173943484,1.4480860954790842e-11,"[0.0, 0.9999999999616809, 3.831916176203507e-11]",primal=Optimization terminated successfully; dual=outer=Optimization terminated successfully; inner=Optimization terminated successfully,1,-2533.2661713407238,2533.2661713407238,,qwen25_real_m50_circulant_balanced_seed20260503_dare_linear_e8_dare_linear
dare_linear,triple,cunghoctienganh_b7496e73_1762+phungkhaccuong_731c6dec_a942_4+nhung03_7b6cdc3c_7130_4c2c_a2c,20.11995963105539,24.14697713851925,0,"[0.34696861195171, 0.3788146526062437, 0.2742167354420463]","[0.2, 0.6, 0.2]",1.0416626930236816,"{""cunghoctienganh_b7496e73_1762"": -24.146977138519254, ""nhung03_7b6cdc3c_7130_4c2c_a2c"": -20.7284123420715, ""phungkhaccuong_731c6dec_a942_4"": -5.200002593787016}",cunghoctienganh_b7496e73_1762,continuous_primal_dual_psd,6,20.11995963105539,20.11995963099789,5.750067089138611e-11,"[0.46765724744542164, 3.481147908748219e-13, 0.5323427525542301]",primal=Optimization terminated successfully; dual=outer=Optimization terminated successfully; inner=Optimization terminated successfully,1,-109.9315005293031,109.9315005293031,,qwen25_real_m50_circulant_balanced_seed20260503_dare_linear_e8_dare_linear
dare_linear,triple,adammandic87_3d7a58a6_4380_4e3+mrhungddddh_fe499423_02f3_4cfd+mrhunghddddd_d692685b_fdb4_477,108.8139844548578,44.307950210571256,0,"[0.2273346668944313, 0.2000000000001424, 0.5726653331054263]","[0.6, 0.2, 0.2]",29.26136255264281,"{""adammandic87_3d7a58a6_4380_4e3"": -6.5443307006109, ""mrhungddddh_fe499423_02f3_4cfd"": -44.307950210571256, ""mrhunghddddd_d692685b_fdb4_477"": -17.158332538604704}",mrhungddddh_fe499423_02f3_4cfd,continuous_primal_dual_psd,6,108.8139844548578,108.81398445477866,7.912603905424476e-11,"[2.6372527496261043e-19, 0.9999999999717968, 2.820327269697267e-11]",primal=Optimization terminated successfully; dual=outer=Optimization terminated successfully; inner=Optimization terminated successfully,1,-1608.6978823418272,1608.6978823418274,,qwen25_real_m50_circulant_balanced_seed20260503_dare_linear_e8_dare_linear
dare_linear,triple,phungkhaccuong_2b1522e6_bef2_7+phungkhaccuong_a992b7f5_9d18_c+hongngo_9d92894f_7b7b_49e0_8f3,22.16782875062603,-0.1996129035950034,1,"[0.20000000000003765, 0.20000000000004714, 0.5999999999999153]","[0.2, 0.6, 0.2]",19.26499605178833,"{""hongngo_9d92894f_7b7b_49e0_8f3"": 0.1996129035950034, ""phungkhaccuong_2b1522e6_bef2_7"": 7.753512191772494, ""phungkhaccuong_a992b7f5_9d18_c"": 6.782516765594515}",hongngo_9d92894f_7b7b_49e0_8f3,continuous_primal_dual_psd,6,22.16782875062603,22.16782875062603,0.0,"[1.0, 0.0, 0.0]",primal=Optimization terminated successfully; dual=outer=Optimization terminated successfully; inner=Optimization terminated successfully,1,-815.9234115321877,815.9234115321877,,qwen25_real_m50_circulant_balanced_seed20260503_dare_linear_e8_dare_linear
