method,query_kind,adapters,predicted_score,heldout_score,feasible,predicted_weights,heldout_weights,coefficient_regret,margins,obstructing_tasks,certificate_type,grid_points,primal_upper,dual_lower,certificate_gap,dual_weights,certificate_message,psd_projected,quadratic_min_eigenvalue,quadratic_psd_adjustment,error,source_run,slice_id
dare_ties,pair,task1342+task039,-1.2134494766668542,0.094463288967504,0,"[0.5738404593520452, 0.4261595406479548]","[0.4, 0.6]",0.9935502208521289,"{""task039"": 1.2069416196031422, ""task1342"": -0.094463288967504}",task1342,continuous_primal_dual_psd,4,-1.2134494766668542,-1.2134494766668542,0.0,"[1.0, 0.0]",primal=Optimization terminated successfully; dual=outer=Optimization terminated successfully; inner=Optimization terminated successfully,0,27.840863682191507,0.0,,mistral7b_10x_licenseclean_contcert_20260504_dare_ties_20260504_licenseclean,mistral7b_10x_licenseclean_contcert_20260504
dare_ties,pair,task1342+task1598,-2.157020145822062,0.058000997088459974,0,"[0.2, 0.8]","[0.4, 0.6]",0.13191118896952292,"{""task1342"": -0.058000997088459974, ""task1598"": 14.478573131561312}",task1342,continuous_primal_dual_psd,4,-2.157020145822062,-2.157020145822062,0.0,"[1.0, 0.0]",primal=Optimization terminated successfully; dual=outer=Optimization terminated successfully; inner=Optimization terminated successfully,1,-130.2078366279602,130.2078366279602,,mistral7b_10x_licenseclean_contcert_20260504_dare_ties_20260504_licenseclean,mistral7b_10x_licenseclean_contcert_20260504
dare_ties,pair,task1342+task442,-0.9900971423665623,-0.22192255237637565,1,"[0.3638760960819728, 0.6361239039180272]","[0.2, 0.8]",0.45806541453049143,"{""task1342"": 0.22192255237637565, ""task442"": 1.7191058030527608}",task1342,continuous_primal_dual_psd,4,-0.9900971423665623,-0.9900971423665623,0.0,"[1.0, 0.0]",primal=Optimization terminated successfully; dual=outer=Optimization terminated successfully; inner=Optimization terminated successfully,0,13.326415955589429,0.0,,mistral7b_10x_licenseclean_contcert_20260504_dare_ties_20260504_licenseclean,mistral7b_10x_licenseclean_contcert_20260504
dare_ties,pair,task1342+task620,-0.14421212738135225,-0.2633585936162945,1,"[0.2, 0.8]","[0.8, 0.2]",0.47471089169386066,"{""task1342"": 0.2633585936162945, ""task620"": 0.31435126759464466}",task1342,continuous_primal_dual_psd,4,-0.14421212738135225,-0.14421212738135225,0.0,"[0.0, 1.0]",primal=Optimization terminated successfully; dual=outer=Optimization terminated successfully; inner=Optimization terminated successfully,1,-4.802628101729686,4.802628101729686,,mistral7b_10x_licenseclean_contcert_20260504_dare_ties_20260504_licenseclean,mistral7b_10x_licenseclean_contcert_20260504
dare_ties,pair,task1391+task039,4.674356651306374,-0.28565703391926367,1,"[0.20000000000000406, 0.7999999999999959]","[0.2, 0.8]",0.0,"{""task039"": 0.6301798066187043, ""task1391"": 0.28565703391926367}",task1391,continuous_primal_dual_psd,4,4.674356651306374,4.674356651306374,0.0,"[0.0, 1.0]",primal=Optimization terminated successfully; dual=outer=Optimization terminated successfully; inner=Optimization terminated successfully,1,-165.06448388099665,165.06448388099665,,mistral7b_10x_licenseclean_contcert_20260504_dare_ties_20260504_licenseclean,mistral7b_10x_licenseclean_contcert_20260504
dare_ties,pair,task1391+task1342,-0.6801065007233664,-0.7391584700963809,1,"[0.2, 0.8]","[0.2, 0.8]",0.0,"{""task1342"": 0.7391584700963809, ""task1391"": 1.8249661288875156}",task1342,continuous_primal_dual_psd,4,-0.6801065007233664,-0.6801065007233664,0.0,"[1.0, 0.0]",primal=Optimization terminated successfully; dual=outer=Optimization terminated successfully; inner=Optimization terminated successfully,1,-6.043439236708797,6.043439236708797,,mistral7b_10x_licenseclean_contcert_20260504_dare_ties_20260504_licenseclean,mistral7b_10x_licenseclean_contcert_20260504
dare_ties,pair,task1391+task1598,-0.47051456427113525,-0.6219112719122553,1,"[0.5472123003398499, 0.4527876996601501]","[0.2, 0.8]",0.567065897097481,"{""task1391"": 0.6219112719122553, ""task1598"": 12.378343868255648}",task1391,continuous_primal_dual_psd,4,-0.47051456427113525,-0.47051456427113525,0.0,"[1.0, 0.0]",primal=Optimization terminated successfully; dual=outer=Optimization terminated successfully; inner=Optimization terminated successfully,0,28.32661038352057,0.0,,mistral7b_10x_licenseclean_contcert_20260504_dare_ties_20260504_licenseclean,mistral7b_10x_licenseclean_contcert_20260504
dare_ties,pair,task1391+task442,0.17500022495928624,-1.8355849141676446,1,"[0.2000000000000005, 0.7999999999999995]","[0.8, 0.2]",2.6001008551065103,"{""task1391"": 1.8355849141676446, ""task442"": 2.7451567854857313}",task1391,continuous_primal_dual_psd,4,0.17500022495928624,0.17500022495928624,0.0,"[1.0, 0.0]",primal=Optimization terminated successfully; dual=outer=Optimization terminated successfully; inner=Optimization terminated successfully,1,-44.14074758534115,44.14074758534115,,mistral7b_10x_licenseclean_contcert_20260504_dare_ties_20260504_licenseclean,mistral7b_10x_licenseclean_contcert_20260504
dare_ties,pair,task1391+task620,0.1323676112472717,-0.5427712063696156,1,"[0.20000000000000034, 0.7999999999999996]","[0.6, 0.4]",0.8637818597259846,"{""task1391"": 1.7031329958260266, ""task620"": 0.5427712063696156}",task620,continuous_primal_dual_psd,4,0.1323676112472717,0.1323676112472717,0.0,"[0.0, 1.0]",primal=Optimization terminated successfully; dual=outer=Optimization terminated successfully; inner=Optimization terminated successfully,1,-8.684219154967073,8.684219154967073,,mistral7b_10x_licenseclean_contcert_20260504_dare_ties_20260504_licenseclean,mistral7b_10x_licenseclean_contcert_20260504
dare_ties,pair,task1598+task039,-9.113114652390625,-2.1635690447840994,1,"[0.6497234579059165, 0.35027654209408354]","[0.4, 0.6]",2.32387429752181,"{""task039"": 2.1635690447840994, ""task1598"": 15.184733200073275}",task039,continuous_primal_dual_psd,4,-9.113114652390625,-9.113114652390625,0.0,"[1.0, 0.0]",primal=Optimization terminated successfully; dual=outer=Optimization terminated successfully; inner=Optimization terminated successfully,0,82.53216743469241,0.0,,mistral7b_10x_licenseclean_contcert_20260504_dare_ties_20260504_licenseclean,mistral7b_10x_licenseclean_contcert_20260504
dare_ties,pair,task190+task039,-9.591219259384008,-0.827869794248602,1,"[0.7750326351788523, 0.22496736482114765]","[0.6, 0.4]",0.6508944000963663,"{""task039"": 0.827869794248602, ""task190"": 10.200986194610628}",task039,continuous_primal_dual_psd,4,-9.591219259384008,-9.591219259384008,0.0,"[0.001295575846447419, 0.9987044241535525]",primal=Optimization terminated successfully; dual=outer=Optimization terminated successfully; inner=Optimization terminated successfully,0,10.416507720947287,0.0,,mistral7b_10x_licenseclean_contcert_20260504_dare_ties_20260504_licenseclean,mistral7b_10x_licenseclean_contcert_20260504
dare_ties,pair,task190+task1342,-1.1537144051541763,-0.15108196853750006,1,"[0.20000000000000034, 0.7999999999999996]","[0.2, 0.8]",0.0,"{""task1342"": 0.15108196853750006, ""task190"": 20.192858505249056}",task1342,continuous_primal_dual_psd,4,-1.1537144051541763,-1.1537144051541763,0.0,"[0.0, 1.0]",primal=Optimization terminated successfully; dual=outer=Optimization terminated successfully; inner=Optimization terminated successfully,1,-214.34277296066273,214.34277296066273,,mistral7b_10x_licenseclean_contcert_20260504_dare_ties_20260504_licenseclean,mistral7b_10x_licenseclean_contcert_20260504
dare_ties,pair,task190+task1391,-0.43601998038354894,-0.510693640985905,1,"[0.2, 0.8]","[0.6, 0.4]",0.2045443104191701,"{""task1391"": 0.510693640985905, ""task190"": 9.41772155761722}",task1391,continuous_primal_dual_psd,4,-0.43601998038354894,-0.43601998038354894,0.0,"[0.0, 1.0]",primal=Optimization terminated successfully; dual=outer=Optimization terminated successfully; inner=Optimization terminated successfully,1,-127.80472636222837,127.80472636222837,,mistral7b_10x_licenseclean_contcert_20260504_dare_ties_20260504_licenseclean,mistral7b_10x_licenseclean_contcert_20260504
dare_ties,pair,task190+task1598,0.4206782172123731,-1.6052215576172202,1,"[0.7645270320560953, 0.2354729679439047]","[0.6, 0.4]",8.37259292602539,"{""task1598"": 3.2793252944946616, ""task190"": 1.6052215576172202}",task190,continuous_primal_dual_psd,4,0.4206782172123731,0.42067821721217546,1.9761969838327786e-13,"[0.6504424767556768, 0.34955752324432315]",primal=Optimization terminated successfully; dual=outer=Optimization terminated successfully; inner=Optimization terminated successfully,0,54.486691951751716,0.0,,mistral7b_10x_licenseclean_contcert_20260504_dare_ties_20260504_licenseclean,mistral7b_10x_licenseclean_contcert_20260504
dare_ties,pair,task190+task290,-2.0884649418667296,-0.18191653586767326,1,"[0.2647307913273775, 0.7352692086726225]","[0.6, 0.4]",0.4432522810769788,"{""task190"": 13.677045631408724, ""task290"": 0.18191653586767326}",task290,continuous_primal_dual_psd,4,-2.0884649418667296,-2.0884649418667296,0.0,"[0.0, 1.0]",primal=Optimization terminated successfully; dual=outer=Optimization terminated successfully; inner=Optimization terminated successfully,0,19.456070608227968,0.0,,mistral7b_10x_licenseclean_contcert_20260504_dare_ties_20260504_licenseclean,mistral7b_10x_licenseclean_contcert_20260504
dare_ties,pair,task190+task391,-0.13611603092896407,0.10393361237241747,0,"[0.2, 0.8]","[0.6, 0.4]",0.0898388669740201,"{""task190"": 12.530526447296175, ""task391"": -0.10393361237241747}",task391,continuous_primal_dual_psd,4,-0.13611603092896407,-0.13611603092896407,0.0,"[0.0, 1.0]",primal=Optimization terminated successfully; dual=outer=Optimization terminated successfully; inner=Optimization terminated successfully,1,-44.07092928886406,44.07092928886406,,mistral7b_10x_licenseclean_contcert_20260504_dare_ties_20260504_licenseclean,mistral7b_10x_licenseclean_contcert_20260504
dare_ties,pair,task190+task442,-3.56405848646515,-0.4406965879058442,1,"[0.2, 0.8]","[0.2, 0.8]",0.0,"{""task190"": 12.575182247161898, ""task442"": 0.4406965879058442}",task442,continuous_primal_dual_psd,4,-3.56405848646515,-3.56405848646515,0.0,"[0.0, 1.0]",primal=Optimization terminated successfully; dual=outer=Optimization terminated successfully; inner=Optimization terminated successfully,1,-91.34635329246522,91.34635329246522,,mistral7b_10x_licenseclean_contcert_20260504_dare_ties_20260504_licenseclean,mistral7b_10x_licenseclean_contcert_20260504
dare_ties,pair,task190+task620,-0.32105339399111943,0.37112810827745973,0,"[0.2, 0.8]","[0.6, 0.4]",0.07828210067528713,"{""task190"": 1.897403526306185, ""task620"": -0.37112810827745973}",task620,continuous_primal_dual_psd,4,-0.32105339399111943,-0.32105339399111943,0.0,"[0.0, 1.0]",primal=Optimization terminated successfully; dual=outer=Optimization terminated successfully; inner=Optimization terminated successfully,1,-143.4288918972015,143.4288918972015,,mistral7b_10x_licenseclean_contcert_20260504_dare_ties_20260504_licenseclean,mistral7b_10x_licenseclean_contcert_20260504
dare_ties,pair,task280+task039,7.379490804672194,0.32355199535464363,0,"[0.2, 0.8]","[0.2, 0.8]",0.0,"{""task039"": -0.32355199535464363, ""task280"": 1.9623606681824057}",task039,continuous_primal_dual_psd,4,7.379490804672194,7.379490804672194,0.0,"[1.0, 0.0]",primal=Optimization terminated successfully; dual=outer=Optimization terminated successfully; inner=Optimization terminated successfully,1,-347.7562963962554,347.7562963962554,,mistral7b_10x_licenseclean_contcert_20260504_dare_ties_20260504_licenseclean,mistral7b_10x_licenseclean_contcert_20260504
dare_ties,pair,task280+task1342,-0.4239651981999675,-0.25159709547493964,1,"[0.20000000000000007, 0.7999999999999999]","[0.2, 0.8]",0.0,"{""task1342"": 0.25159709547493964, ""task280"": 23.02766733169559}",task1342,continuous_primal_dual_psd,4,-0.4239651981999675,-0.4239651981999675,0.0,"[0.0, 1.0]",primal=Optimization terminated successfully; dual=outer=Optimization terminated successfully; inner=Optimization terminated successfully,1,-216.3460850715637,216.3460850715637,,mistral7b_10x_licenseclean_contcert_20260504_dare_ties_20260504_licenseclean,mistral7b_10x_licenseclean_contcert_20260504
dare_ties,pair,task280+task1391,0.39331606858357016,-1.0460903215074435,1,"[0.29439435686543663, 0.7056056431345634]","[0.2, 0.8]",0.0,"{""task1391"": 1.0460903215074435, ""task280"": 23.403069305419955}",task1391,continuous_primal_dual_psd,4,0.39331606858357016,0.39331606858357016,0.0,"[0.0, 1.0]",primal=Optimization terminated successfully; dual=outer=Optimization terminated successfully; inner=Optimization terminated successfully,0,10.551027763974718,0.0,,mistral7b_10x_licenseclean_contcert_20260504_dare_ties_20260504_licenseclean,mistral7b_10x_licenseclean_contcert_20260504
dare_ties,pair,task280+task1598,5.033326816558798,3.7661582946777017,0,"[0.2, 0.8]","[0.2, 0.8]",0.0,"{""task1598"": -3.7661582946777017, ""task280"": -0.6959230422973306}",task1598,continuous_primal_dual_psd,4,5.033326816558798,5.033326816558798,0.0,"[1.0, 0.0]",primal=Optimization terminated successfully; dual=outer=Optimization terminated successfully; inner=Optimization terminated successfully,1,-108.97442698478699,108.97442698478699,,mistral7b_10x_licenseclean_contcert_20260504_dare_ties_20260504_licenseclean,mistral7b_10x_licenseclean_contcert_20260504
dare_ties,pair,task280+task190,5.56537694931027,-4.874285984039339,1,"[0.2, 0.8]","[0.2, 0.8]",0.0,"{""task190"": 7.928261089324984, ""task280"": 4.874285984039339}",task280,continuous_primal_dual_psd,4,5.56537694931027,5.56537694931027,0.0,"[0.9999999999999998, 2.220446049250313e-16]",primal=Optimization terminated successfully; dual=outer=Optimization terminated successfully; inner=Optimization terminated successfully,1,-48.87789487838744,48.87789487838744,,mistral7b_10x_licenseclean_contcert_20260504_dare_ties_20260504_licenseclean,mistral7b_10x_licenseclean_contcert_20260504
dare_ties,pair,task280+task290,0.3633875827124014,0.40483499922382854,0,"[0.20000000000000479, 0.7999999999999952]","[0.2, 0.8]",0.0,"{""task280"": 2.6624291419983237, ""task290"": -0.40483499922382854}",task290,continuous_primal_dual_psd,4,0.3633875827124014,0.3633875827124014,0.0,"[0.0, 1.0]",primal=Optimization terminated successfully; dual=outer=Optimization terminated successfully; inner=Optimization terminated successfully,0,10.198758769226936,0.0,,mistral7b_10x_licenseclean_contcert_20260504_dare_ties_20260504_licenseclean,mistral7b_10x_licenseclean_contcert_20260504
dare_ties,pair,task280+task391,0.36078427023644355,0.25642466524678476,0,"[0.32792415357699584, 0.6720758464230041]","[0.4, 0.6]",0.0,"{""task280"": 11.26633577346805, ""task391"": -0.25642466524678476}",task391,continuous_primal_dual_psd,4,0.36078427023644355,0.36078427023644355,0.0,"[0.0, 1.0]",primal=Optimization terminated successfully; dual=outer=Optimization terminated successfully; inner=Optimization terminated successfully,0,7.250330338703378,0.0,,mistral7b_10x_licenseclean_contcert_20260504_dare_ties_20260504_licenseclean,mistral7b_10x_licenseclean_contcert_20260504
dare_ties,pair,task280+task442,-0.16640021153691448,-0.571213890358756,1,"[0.2, 0.8]","[0.2, 0.8]",0.0,"{""task280"": 11.256179141998324, ""task442"": 0.571213890358756}",task442,continuous_primal_dual_psd,4,-0.16640021153691448,-0.16640021153691448,0.0,"[0.0, 1.0]",primal=Optimization terminated successfully; dual=outer=Optimization terminated successfully; inner=Optimization terminated successfully,0,23.633218847705052,0.0,,mistral7b_10x_licenseclean_contcert_20260504_dare_ties_20260504_licenseclean,mistral7b_10x_licenseclean_contcert_20260504
dare_ties,pair,task280+task620,0.048287882406371864,-0.23853087611179358,1,"[0.2, 0.8]","[0.2, 0.8]",0.0,"{""task280"": 20.6068246841431, ""task620"": 0.23853087611179358}",task620,continuous_primal_dual_psd,4,0.048287882406371864,0.048287882406371864,0.0,"[0.0, 1.0]",primal=Optimization terminated successfully; dual=outer=Optimization terminated successfully; inner=Optimization terminated successfully,1,-48.477500677108786,48.477500677108786,,mistral7b_10x_licenseclean_contcert_20260504_dare_ties_20260504_licenseclean,mistral7b_10x_licenseclean_contcert_20260504
dare_ties,pair,task290+task039,-1.6856527583246348,-0.11778226710592292,1,"[0.4801336049682717, 0.5198663950317284]","[0.4, 0.6]",0.0,"{""task039"": 1.1023177340319938, ""task290"": 0.11778226710592292}",task290,continuous_primal_dual_psd,4,-1.6856527583246348,-1.6856527583246348,0.0,"[1.0, 0.0]",primal=Optimization terminated successfully; dual=outer=Optimization terminated successfully; inner=Optimization terminated successfully,0,23.48332057243521,0.0,,mistral7b_10x_licenseclean_contcert_20260504_dare_ties_20260504_licenseclean,mistral7b_10x_licenseclean_contcert_20260504
dare_ties,pair,task290+task1342,-0.7501558671564723,-0.28398758848097,1,"[0.5179777568492795, 0.4820222431507205]","[0.6, 0.4]",0.0,"{""task1342"": 0.28398758848097, ""task290"": 0.4167084576642478}",task1342,continuous_primal_dual_psd,4,-0.7501558671564723,-0.7501558671564723,0.0,"[0.0, 1.0]",primal=Optimization terminated successfully; dual=outer=Optimization terminated successfully; inner=Optimization terminated successfully,0,36.77680679191461,0.0,,mistral7b_10x_licenseclean_contcert_20260504_dare_ties_20260504_licenseclean,mistral7b_10x_licenseclean_contcert_20260504
dare_ties,pair,task290+task1391,-1.2147820244535723,-0.3070653017575951,1,"[0.2, 0.8]","[0.6, 0.4]",0.24598547699949977,"{""task1391"": 1.57403535728278, ""task290"": 0.3070653017575951}",task290,continuous_primal_dual_psd,4,-1.2147820244535723,-1.2147820244535723,0.0,"[0.0, 1.0]",primal=Optimization terminated successfully; dual=outer=Optimization terminated successfully; inner=Optimization terminated successfully,1,-14.382874407863195,14.382874407863195,,mistral7b_10x_licenseclean_contcert_20260504_dare_ties_20260504_licenseclean,mistral7b_10x_licenseclean_contcert_20260504
dare_ties,pair,task290+task1598,-0.002509695170165527,-0.05245517619055993,1,"[0.2, 0.8]","[0.6, 0.4]",6.704145850018652,"{""task1598"": 18.21640424728397, ""task290"": 0.05245517619055993}",task290,continuous_primal_dual_psd,4,-0.002509695170165527,-0.002509695170165527,0.0,"[1.0, 0.0]",primal=Optimization terminated successfully; dual=outer=Optimization terminated successfully; inner=Optimization terminated successfully,1,-110.97773909568781,110.97773909568781,,mistral7b_10x_licenseclean_contcert_20260504_dare_ties_20260504_licenseclean,mistral7b_10x_licenseclean_contcert_20260504
dare_ties,pair,task290+task442,-0.8048131150908617,-0.26403422909084795,1,"[0.8, 0.19999999999999996]","[0.6, 0.4]",0.9737600686479121,"{""task290"": 0.26403422909084795, ""task442"": 1.6156321929559827}",task290,continuous_primal_dual_psd,4,-0.8048131150908617,-0.8048131150908617,0.0,"[1.0, 0.0]",primal=Optimization terminated successfully; dual=outer=Optimization terminated successfully; inner=Optimization terminated successfully,1,-6.249999999999981,6.249999999999981,,mistral7b_10x_licenseclean_contcert_20260504_dare_ties_20260504_licenseclean,mistral7b_10x_licenseclean_contcert_20260504
dare_ties,pair,task290+task620,0.3476302941798294,-0.2888075228107714,1,"[0.2, 0.8]","[0.4, 0.6]",0.6378574693412905,"{""task290"": 0.2888075228107714, ""task620"": 0.5081820846958799}",task290,continuous_primal_dual_psd,4,0.3476302941798294,0.3476302941798294,0.0,"[0.0, 1.0]",primal=Optimization terminated successfully; dual=outer=Optimization terminated successfully; inner=Optimization terminated successfully,1,-4.736830128180031,4.736830128180031,,mistral7b_10x_licenseclean_contcert_20260504_dare_ties_20260504_licenseclean,mistral7b_10x_licenseclean_contcert_20260504
dare_ties,pair,task391+task039,-0.12400843692934971,-0.19079599304395065,1,"[0.8, 0.19999999999999996]","[0.8, 0.2]",0.0,"{""task039"": 2.2216652844891933, ""task391"": 0.19079599304395065}",task391,continuous_primal_dual_psd,4,-0.12400843692934971,-0.12400843692934971,0.0,"[1.0, 0.0]",primal=Optimization terminated successfully; dual=outer=Optimization terminated successfully; inner=Optimization terminated successfully,0,2.6846665855977903,0.0,,mistral7b_10x_licenseclean_contcert_20260504_dare_ties_20260504_licenseclean,mistral7b_10x_licenseclean_contcert_20260504
dare_ties,pair,task391+task1342,-0.28712185887027364,-0.43456869545510174,1,"[0.5237975026080189, 0.47620249739198106]","[0.6, 0.4]",0.0,"{""task1342"": 0.713191650393998, ""task391"": 0.43456869545510174}",task391,continuous_primal_dual_psd,4,-0.28712185887027364,-0.28712185887027364,0.0,"[1.0, 0.0]",primal=Optimization terminated successfully; dual=outer=Optimization terminated successfully; inner=Optimization terminated successfully,0,6.754447043284165,0.0,,mistral7b_10x_licenseclean_contcert_20260504_dare_ties_20260504_licenseclean,mistral7b_10x_licenseclean_contcert_20260504
dare_ties,pair,task391+task1391,-0.5217536150571969,-0.3880918241429191,1,"[0.5992453804284059, 0.4007546195715941]","[0.4, 0.6]",0.1871963531596224,"{""task1391"": 2.0960160129924974, ""task391"": 0.3880918241429191}",task391,continuous_primal_dual_psd,4,-0.5217536150571969,-0.5217536150571969,0.0,"[1.0, 0.0]",primal=Optimization terminated successfully; dual=outer=Optimization terminated successfully; inner=Optimization terminated successfully,0,7.250349418720902,0.0,,mistral7b_10x_licenseclean_contcert_20260504_dare_ties_20260504_licenseclean,mistral7b_10x_licenseclean_contcert_20260504
dare_ties,pair,task391+task1598,3.792937469482389,0.19362124147112003,0,"[0.2, 0.8]","[0.6, 0.4]",1.7665163165122457,"{""task1598"": 3.3117859840393393, ""task391"": -0.19362124147112003}",task391,continuous_primal_dual_psd,4,3.792937469482389,3.792937469482389,0.0,"[0.0, 1.0]",primal=Optimization terminated successfully; dual=outer=Optimization terminated successfully; inner=Optimization terminated successfully,1,-249.59921836853016,249.59921836853016,,mistral7b_10x_licenseclean_contcert_20260504_dare_ties_20260504_licenseclean,mistral7b_10x_licenseclean_contcert_20260504
dare_ties,pair,task391+task290,0.5285906684976697,-0.16292494943123026,1,"[0.20000000000000018, 0.7999999999999998]","[0.8, 0.2]",0.17656464281539788,"{""task290"": 0.4504734636148834, ""task391"": 0.16292494943123026}",task391,continuous_primal_dual_psd,4,0.5285906684976697,0.5285906684976697,0.0,"[1.0, 0.0]",primal=Optimization terminated successfully; dual=outer=Optimization terminated successfully; inner=Optimization terminated successfully,1,-13.336772550996907,13.336772550996907,,mistral7b_10x_licenseclean_contcert_20260504_dare_ties_20260504_licenseclean,mistral7b_10x_licenseclean_contcert_20260504
dare_ties,pair,task391+task442,-0.07118946369094747,-0.23750039036324816,1,"[0.5419377571855025, 0.4580622428144975]","[0.4, 0.6]",0.05277934170926457,"{""task391"": 0.23750039036324816, ""task442"": 2.406696637468454}",task391,continuous_primal_dual_psd,4,-0.07118946369094747,-0.07118946369094747,0.0,"[1.0, 0.0]",primal=Optimization terminated successfully; dual=outer=Optimization terminated successfully; inner=Optimization terminated successfully,0,4.941864458608318,0.0,,mistral7b_10x_licenseclean_contcert_20260504_dare_ties_20260504_licenseclean,mistral7b_10x_licenseclean_contcert_20260504
dare_ties,pair,task391+task620,0.2560864492697945,-0.29278474879790495,1,"[0.20000000000000012, 0.7999999999999998]","[0.4, 0.6]",0.4112987630615543,"{""task391"": 0.29278474879790495, ""task620"": 0.6707429668597178}",task391,continuous_primal_dual_psd,4,0.2560864492697945,0.2560864492697945,0.0,"[1.0, 0.0]",primal=Optimization terminated successfully; dual=outer=Optimization terminated successfully; inner=Optimization terminated successfully,1,-3.256571477789696,3.256571477789696,,mistral7b_10x_licenseclean_contcert_20260504_dare_ties_20260504_licenseclean,mistral7b_10x_licenseclean_contcert_20260504
dare_ties,pair,task442+task039,-7.517569694776931,-1.8503694601028235,1,"[0.5629598227708472, 0.4370401772291528]","[0.4, 0.6]",0.19801428860890868,"{""task039"": 2.2944851890803393, ""task442"": 1.8503694601028235}",task442,continuous_primal_dual_psd,4,-7.517569694776931,-7.517569694776931,0.0,"[1.0, 0.0]",primal=Optimization terminated successfully; dual=outer=Optimization terminated successfully; inner=Optimization terminated successfully,0,87.10939770098912,0.0,,mistral7b_10x_licenseclean_contcert_20260504_dare_ties_20260504_licenseclean,mistral7b_10x_licenseclean_contcert_20260504
dare_ties,pair,task442+task1598,-4.850001743435989,-0.4861032272547664,1,"[0.2, 0.8]","[0.8, 0.2]",0.4801494458462888,"{""task1598"": 6.300803947448763, ""task442"": 0.4861032272547664}",task442,continuous_primal_dual_psd,4,-4.850001743435989,-4.850001743435989,0.0,"[1.0, 0.0]",primal=Optimization terminated successfully; dual=outer=Optimization terminated successfully; inner=Optimization terminated successfully,1,-361.37804388999933,361.37804388999933,,mistral7b_10x_licenseclean_contcert_20260504_dare_ties_20260504_licenseclean,mistral7b_10x_licenseclean_contcert_20260504
dare_ties,pair,task442+task620,-0.5307707342796568,-0.26658857308942113,1,"[0.49830099988070925, 0.5016990001192907]","[0.4, 0.6]",0.0,"{""task442"": 1.5694762835622644, ""task620"": 0.26658857308942113}",task620,continuous_primal_dual_psd,4,-0.5307707342796568,-0.5307707342796568,0.0,"[0.0, 1.0]",primal=Optimization terminated successfully; dual=outer=Optimization terminated successfully; inner=Optimization terminated successfully,0,8.519748690402551,0.0,,mistral7b_10x_licenseclean_contcert_20260504_dare_ties_20260504_licenseclean,mistral7b_10x_licenseclean_contcert_20260504
dare_ties,pair,task620+task039,-0.705450581527193,-0.07586178695048587,1,"[0.5926859999549887, 0.4073140000450113]","[0.4, 0.6]",0.2646176958703932,"{""task039"": 1.4532626337971009, ""task620"": 0.07586178695048587}",task620,continuous_primal_dual_psd,4,-0.705450581527193,-0.705450581527193,0.0,"[1.0, 0.0]",primal=Optimization terminated successfully; dual=outer=Optimization terminated successfully; inner=Optimization terminated successfully,0,21.67765501797026,0.0,,mistral7b_10x_licenseclean_contcert_20260504_dare_ties_20260504_licenseclean,mistral7b_10x_licenseclean_contcert_20260504
dare_ties,pair,task620+task1598,1.7018093218503125,-0.28725673871658763,1,"[0.6629507661961154, 0.33704923380388463]","[0.8, 0.2]",10.786355707222414,"{""task1598"": 14.354774284362826, ""task620"": 0.28725673871658763}",task620,continuous_primal_dual_psd,4,1.7018093218503125,1.7018093218503125,0.0,"[1.1102230246251565e-16, 0.9999999999999999]",primal=Optimization terminated successfully; dual=outer=Optimization terminated successfully; inner=Optimization terminated successfully,1,-1.644741349609664,1.644741349609664,,mistral7b_10x_licenseclean_contcert_20260504_dare_ties_20260504_licenseclean,mistral7b_10x_licenseclean_contcert_20260504
dare_ties,triple,task1342+task1598+task039,-0.8559594968719635,-0.014830043189449204,1,"[0.2, 0.4744918378145278, 0.3255081621854722]","[0.4, 0.2, 0.4]",0.3650603408596858,"{""task039"": 1.5239791576902393, ""task1342"": 0.014830043189449204, ""task1598"": 12.58936815261844}",task1342,continuous_primal_dual_psd,6,-0.8559594968719635,-0.8559594968719635,0.0,"[1.0, 0.0, 0.0]",primal=Optimization terminated successfully; dual=outer=Optimization terminated successfully; inner=Optimization terminated successfully,1,-252.51374309510635,252.51374309510635,,mistral7b_10x_licenseclean_contcert_20260504_dare_ties_20260504_licenseclean,mistral7b_10x_licenseclean_contcert_20260504
dare_ties,triple,task1342+task442+task039,-1.1148910664882123,-0.43417217740520936,1,"[0.4511013155411689, 0.200000000000002, 0.3488986844588291]","[0.4, 0.2, 0.4]",0.0,"{""task039"": 2.361520024585776, ""task1342"": 0.43417217740520936, ""task442"": 2.4540916121113483}",task1342,continuous_primal_dual_psd,6,-1.1148910664882123,-1.1148910664882123,0.0,"[1.0, 0.0, 0.0]",primal=Optimization terminated successfully; dual=outer=Optimization terminated successfully; inner=Optimization terminated successfully,1,-275.9291107655656,275.92911076556567,,mistral7b_10x_licenseclean_contcert_20260504_dare_ties_20260504_licenseclean,mistral7b_10x_licenseclean_contcert_20260504
dare_ties,triple,task1342+task442+task1598,7.142527296056086,-0.20880361077833412,1,"[0.2, 0.2, 0.6]","[0.4, 0.4, 0.2]",1.2281588303771438,"{""task1342"": 0.20880361077833412, ""task1598"": 16.94204502105716, ""task442"": 1.23672312431031}",task1342,continuous_primal_dual_psd,6,7.142527296056086,7.142527296056086,0.0,"[0.0, 0.0, 1.0]",primal=Optimization terminated successfully; dual=outer=Optimization terminated successfully; inner=Optimization terminated successfully,1,-350.54764925800134,350.54764925800134,,mistral7b_10x_licenseclean_contcert_20260504_dare_ties_20260504_licenseclean,mistral7b_10x_licenseclean_contcert_20260504
dare_ties,triple,task1342+task442+task620,0.2268916924921498,0.1155424618305404,0,"[0.20000000000000495, 0.2916001420335973, 0.5083998579663978]","[0.6, 0.2, 0.2]",0.09707740404086573,"{""task1342"": -0.1155424618305404, ""task442"": 0.7205926813517721, ""task620"": -0.008202467874476725}",task1342,continuous_primal_dual_psd,6,0.2268916924921498,0.2268916924921498,0.0,"[0.0, 0.0, 1.0]",primal=Optimization terminated successfully; dual=outer=Optimization terminated successfully; inner=Optimization terminated successfully,1,-174.23684340796797,174.23684340796794,,mistral7b_10x_licenseclean_contcert_20260504_dare_ties_20260504_licenseclean,mistral7b_10x_licenseclean_contcert_20260504
dare_ties,triple,task1342+task620+task039,-0.481645234623473,-0.15334348847023377,1,"[0.2000000000000002, 0.40380532324364765, 0.3961946767563521]","[0.4, 0.2, 0.4]",0.6028188015450104,"{""task039"": 2.1583090487067036, ""task1342"": 0.15334348847023377, ""task620"": 0.38192276285178095}",task1342,continuous_primal_dual_psd,6,-0.481645234623473,-0.4816452346269342,3.461231301571388e-12,"[0.0, 1.0, 0.0]",primal=Optimization terminated successfully; dual=outer=Optimization terminated successfully; inner=Optimization terminated successfully,1,-322.03590031812075,322.03590031812075,,mistral7b_10x_licenseclean_contcert_20260504_dare_ties_20260504_licenseclean,mistral7b_10x_licenseclean_contcert_20260504
dare_ties,triple,task1342+task620+task1598,1.1005908966064268,0.0711713910764476,0,"[0.2, 0.2, 0.6]","[0.6, 0.2, 0.2]",16.13612135642108,"{""task1342"": -0.06741115229622748, ""task1598"": 8.942863273620638, ""task620"": -0.0711713910764476}",task620,continuous_primal_dual_psd,6,1.1005908966064268,1.1005908966064268,0.0,"[0.0, 0.0, 1.0]",primal=Optimization terminated successfully; dual=outer=Optimization terminated successfully; inner=Optimization terminated successfully,1,-338.54510237704665,376.81553380123626,,mistral7b_10x_licenseclean_contcert_20260504_dare_ties_20260504_licenseclean,mistral7b_10x_licenseclean_contcert_20260504
dare_ties,triple,task1391+task1342+task039,-1.22916822980853,-0.7872887166366008,1,"[0.4971127507002492, 0.2, 0.30288724929975075]","[0.4, 0.2, 0.4]",0.0,"{""task039"": 3.4338117675038538, ""task1342"": 0.7872887166366008, ""task1391"": 2.229400344511346}",task1342,continuous_primal_dual_psd,6,-1.22916822980853,-1.22916822980853,0.0,"[1.0, 0.0, 0.0]",primal=Optimization terminated successfully; dual=outer=Optimization terminated successfully; inner=Optimization terminated successfully,1,-49.40379581913123,49.403795819131204,,mistral7b_10x_licenseclean_contcert_20260504_dare_ties_20260504_licenseclean,mistral7b_10x_licenseclean_contcert_20260504
dare_ties,triple,task1391+task1342+task1598,-0.7376451771696049,-0.32985631508845625,1,"[0.20000000000000095, 0.40013442223373646, 0.3998655777662625]","[0.6, 0.2, 0.2]",0.2561289581913793,"{""task1342"": 0.32985631508845625, ""task1391"": 0.6750019151679093, ""task1598"": 21.50575809478763}",task1342,continuous_primal_dual_psd,6,-0.7376451771696049,-0.7376451771696049,0.0,"[1.0, 0.0, 0.0]",primal=Optimization terminated successfully; dual=outer=Optimization terminated successfully; inner=Optimization terminated successfully,1,-163.40983012565607,163.40983012565607,,mistral7b_10x_licenseclean_contcert_20260504_dare_ties_20260504_licenseclean,mistral7b_10x_licenseclean_contcert_20260504
dare_ties,triple,task1391+task1342+task442,-0.9081397043300119,-0.6195525007467526,1,"[0.2000000000000002, 0.4258426340432035, 0.3741573659567963]","[0.4, 0.4, 0.2]",0.47109453312767946,"{""task1342"": 0.6195525007467526, ""task1391"": 1.6442651117691978, ""task442"": 2.56153606190078}",task1342,continuous_primal_dual_psd,6,-0.9081397043300119,-0.9081397043300119,0.0,"[1.0, 0.0, 0.0]",primal=Optimization terminated successfully; dual=outer=Optimization terminated successfully; inner=Optimization terminated successfully,0,7.265576642097228,0.0,,mistral7b_10x_licenseclean_contcert_20260504_dare_ties_20260504_licenseclean,mistral7b_10x_licenseclean_contcert_20260504
dare_ties,triple,task1391+task1342+task620,0.760631998989194,-0.3535605518640125,1,"[0.31532958110496434, 0.2, 0.4846704188950357]","[0.4, 0.2, 0.4]",0.0,"{""task1342"": 0.3535605518640125, ""task1391"": 1.5412487770284895, ""task620"": 0.613130290032498}",task1342,continuous_primal_dual_psd,6,0.760631998989194,0.760631998989194,0.0,"[0.0, 1.0, 0.0]",primal=Optimization terminated successfully; dual=outer=Optimization terminated successfully; inner=Optimization terminated successfully,1,-52.23472209318119,52.23472209318119,,mistral7b_10x_licenseclean_contcert_20260504_dare_ties_20260504_licenseclean,mistral7b_10x_licenseclean_contcert_20260504
dare_ties,triple,task1391+task1598+task039,-1.4662020775554412,-1.7185955143484364,1,"[0.2666773965065334, 0.3791763211937968, 0.3541462822996698]","[0.6, 0.2, 0.2]",0.7280198914811142,"{""task039"": 2.3026346310358345, ""task1391"": 1.7185955143484364, ""task1598"": 21.227773952484164}",task1391,continuous_primal_dual_psd,6,-1.4662020775554412,-1.4662020775554412,0.0,"[1.0, 0.0, 0.0]",primal=Optimization terminated successfully; dual=outer=Optimization terminated successfully; inner=Optimization terminated successfully,0,12.884309003877107,0.0,,mistral7b_10x_licenseclean_contcert_20260504_dare_ties_20260504_licenseclean,mistral7b_10x_licenseclean_contcert_20260504
dare_ties,triple,task1391+task442+task039,-0.438748218728922,-1.9943019924312548,1,"[0.20000000000000037, 0.3701343397288872, 0.4298656602711124]","[0.6, 0.2, 0.2]",0.9452305752726653,"{""task039"": 3.249268681402691, ""task1391"": 1.9943019924312548, ""task442"": 2.9186069699606807}",task1391,continuous_primal_dual_psd,6,-0.438748218728922,-0.438748218728922,0.0,"[1.0, 0.0, 0.0]",primal=Optimization terminated successfully; dual=outer=Optimization terminated successfully; inner=Optimization terminated successfully,1,-290.7059882933356,290.7059882933356,,mistral7b_10x_licenseclean_contcert_20260504_dare_ties_20260504_licenseclean,mistral7b_10x_licenseclean_contcert_20260504
dare_ties,triple,task1391+task442+task1598,-0.3686774965183761,-1.4861050737722663,1,"[0.44014225848780014, 0.2, 0.35985774151219985]","[0.4, 0.2, 0.4]",0.0,"{""task1391"": 1.4861050737722663, ""task1598"": 19.052442836761507, ""task442"": 2.059052829369049}",task1391,continuous_primal_dual_psd,6,-0.3686774965183761,-0.3686774965183761,0.0,"[1.0, 0.0, 0.0]",primal=Optimization terminated successfully; dual=outer=Optimization terminated successfully; inner=Optimization terminated successfully,1,-460.081206185133,460.081206185133,,mistral7b_10x_licenseclean_contcert_20260504_dare_ties_20260504_licenseclean,mistral7b_10x_licenseclean_contcert_20260504
dare_ties,triple,task1391+task442+task620,-0.13184646072268347,-0.7066186194045325,1,"[0.2, 0.36624683666950547, 0.4337531633304945]","[0.6, 0.2, 0.2]",0.5475469096207345,"{""task1391"": 1.589309642159082, ""task442"": 2.297268225556518, ""task620"": 0.7066186194045325}",task620,continuous_primal_dual_psd,6,-0.13184646072268347,-0.13184646072268347,0.0,"[0.0, 0.0, 1.0]",primal=Optimization terminated successfully; dual=outer=Optimization terminated successfully; inner=Optimization terminated successfully,1,-181.5564290630013,181.5564290630013,,mistral7b_10x_licenseclean_contcert_20260504_dare_ties_20260504_licenseclean,mistral7b_10x_licenseclean_contcert_20260504
dare_ties,triple,task1391+task620+task039,0.5447363578705211,-1.333411426910575,1,"[0.20000000000000184, 0.2, 0.5999999999999981]","[0.2, 0.2, 0.6]",0.0,"{""task039"": 4.175925248135609, ""task1391"": 2.8372615068759983, ""task620"": 1.333411426910575}",task620,continuous_primal_dual_psd,6,0.5447363578705211,0.5447363578705211,0.0,"[0.0, 1.0, 0.0]",primal=Optimization terminated successfully; dual=outer=Optimization terminated successfully; inner=Optimization terminated successfully,1,-336.16349942247587,378.27397312510277,,mistral7b_10x_licenseclean_contcert_20260504_dare_ties_20260504_licenseclean,mistral7b_10x_licenseclean_contcert_20260504
dare_ties,triple,task1391+task620+task1598,-0.26990015186516736,-0.09064022054095762,1,"[0.5114890977048318, 0.2, 0.2885109022951682]","[0.6, 0.2, 0.2]",0.0,"{""task1391"": 0.746911545507671, ""task1598"": 11.897393989563021, ""task620"": 0.09064022054095762}",task620,continuous_primal_dual_psd,6,-0.26990015186516736,-0.2699001518723639,7.196521156771496e-12,"[0.049738879139994197, 0.9502611208600058, 0.0]",primal=Optimization terminated successfully; dual=outer=Optimization terminated successfully; inner=Optimization terminated successfully,1,-6.304058564725038,6.304058564725036,,mistral7b_10x_licenseclean_contcert_20260504_dare_ties_20260504_licenseclean,mistral7b_10x_licenseclean_contcert_20260504
dare_ties,triple,task190+task1342+task039,-0.4877845798643182,-0.17270539437612267,1,"[0.2, 0.2, 0.6]","[0.2, 0.2, 0.6]",0.0,"{""task039"": 2.0844436310960637, ""task1342"": 0.17270539437612267, ""task190"": 19.896599578857455}",task1342,continuous_primal_dual_psd,6,-0.4877845798643182,-0.4877845798643182,0.0,"[0.0, 1.0, 0.0]",primal=Optimization terminated successfully; dual=outer=Optimization terminated successfully; inner=Optimization terminated successfully,1,-39.78555886385197,39.78555886385195,,mistral7b_10x_licenseclean_contcert_20260504_dare_ties_20260504_licenseclean,mistral7b_10x_licenseclean_contcert_20260504
dare_ties,triple,task190+task1342+task1598,13.563393086403584,-0.34813237252840507,1,"[0.2, 0.2, 0.6]","[0.4, 0.4, 0.2]",10.29326577249175,"{""task1342"": 0.34813237252840507, ""task1598"": 19.17419128417972, ""task190"": 14.870211410522494}",task1342,continuous_primal_dual_psd,6,13.563393086403584,13.563393086403584,0.0,"[1.0, 0.0, 0.0]",primal=Optimization terminated successfully; dual=outer=Optimization terminated successfully; inner=Optimization terminated successfully,1,-924.4248563395513,924.4248563395514,,mistral7b_10x_licenseclean_contcert_20260504_dare_ties_20260504_licenseclean,mistral7b_10x_licenseclean_contcert_20260504
dare_ties,triple,task190+task1342+task442,-0.52767919083899,-0.3475891825469118,1,"[0.4145794027342593, 0.2, 0.38542059726574074]","[0.2, 0.6, 0.2]",0.9101599912409286,"{""task1342"": 0.3475891825469118, ""task190"": 22.7963417053223, ""task442"": 2.0915615283359603}",task1342,continuous_primal_dual_psd,6,-0.52767919083899,-0.52767919083899,0.0,"[0.0, 1.0, 0.0]",primal=Optimization terminated successfully; dual=outer=Optimization terminated successfully; inner=Optimization terminated successfully,1,-267.7182985585609,267.7182985585609,,mistral7b_10x_licenseclean_contcert_20260504_dare_ties_20260504_licenseclean,mistral7b_10x_licenseclean_contcert_20260504
dare_ties,triple,task190+task1342+task620,-0.5206424801043568,0.12639935199880173,0,"[0.3918548963960817, 0.2, 0.4081451036039183]","[0.4, 0.2, 0.4]",0.0,"{""task1342"": -0.12639935199880173, ""task190"": 13.656744289398226, ""task620"": 0.06365515688127114}",task1342,continuous_primal_dual_psd,6,-0.5206424801043568,-0.5206424801043568,0.0,"[0.0, 0.0, 1.0]",primal=Optimization terminated successfully; dual=outer=Optimization terminated successfully; inner=Optimization terminated successfully,1,-270.6985943024964,270.6985943024964,,mistral7b_10x_licenseclean_contcert_20260504_dare_ties_20260504_licenseclean,mistral7b_10x_licenseclean_contcert_20260504
dare_ties,triple,task190+task1391+task039,-1.3969551833401563,-1.0555917431092243,1,"[0.4023636785512411, 0.3976363214487579, 0.20000000000000107]","[0.2, 0.4, 0.4]",0.25707900778980874,"{""task039"": 1.280550678039135, ""task1391"": 1.0555917431092243, ""task190"": 13.764282989501986}",task1391,continuous_primal_dual_psd,6,-1.3969551833401563,-1.3969551833417229,1.5665246877460959e-12,"[0.0, 1.0, 0.0]",primal=Optimization terminated successfully; dual=outer=Optimization terminated successfully; inner=Optimization terminated successfully,0,3.9311472195802812,0.0,,mistral7b_10x_licenseclean_contcert_20260504_dare_ties_20260504_licenseclean,mistral7b_10x_licenseclean_contcert_20260504
dare_ties,triple,task190+task1391+task1342,20.44362730979921,-0.3176425129605547,1,"[0.2, 0.2, 0.6]","[0.2, 0.6, 0.2]",0.09264471867329832,"{""task1342"": 0.3176425129605547, ""task1391"": 0.95741695284747, ""task190"": 16.459104347229037}",task1342,continuous_primal_dual_psd,6,20.44362730979921,20.44362730979921,0.0,"[1.0, 0.0, 0.0]",primal=Optimization terminated successfully; dual=outer=Optimization terminated successfully; inner=Optimization terminated successfully,1,-1220.9182165864095,1228.5198891165678,,mistral7b_10x_licenseclean_contcert_20260504_dare_ties_20260504_licenseclean,mistral7b_10x_licenseclean_contcert_20260504
dare_ties,triple,task190+task1391+task1598,-0.3062580641961361,-0.8467596453327889,1,"[0.36869382307593174, 0.2, 0.43130617692406825]","[0.4, 0.2, 0.4]",0.0,"{""task1391"": 0.8467596453327889, ""task1598"": 20.68192653656009, ""task190"": 22.370216178894076}",task1391,continuous_primal_dual_psd,6,-0.3062580641961361,-0.3062580641961361,0.0,"[0.0, 0.0, 1.0]",primal=Optimization terminated successfully; dual=outer=Optimization terminated successfully; inner=Optimization terminated successfully,1,-755.7037087521796,755.7037087521796,,mistral7b_10x_licenseclean_contcert_20260504_dare_ties_20260504_licenseclean,mistral7b_10x_licenseclean_contcert_20260504
dare_ties,triple,task190+task1391+task442,-0.7584846777807188,-0.5867028250368244,1,"[0.38443583172810136, 0.4155641682718972, 0.2000000000000015]","[0.4, 0.4, 0.2]",0.0,"{""task1391"": 0.5867028250368244, ""task190"": 14.45220403671268, ""task442"": 1.6652604004950387}",task1391,continuous_primal_dual_psd,6,-0.7584846777807188,-0.7584846777807188,0.0,"[0.0, 1.0, 0.0]",primal=Optimization terminated successfully; dual=outer=Optimization terminated successfully; inner=Optimization terminated successfully,1,-81.10040419797359,81.1004041979736,,mistral7b_10x_licenseclean_contcert_20260504_dare_ties_20260504_licenseclean,mistral7b_10x_licenseclean_contcert_20260504
dare_ties,triple,task190+task1391+task620,2.8952724214731638,-0.6034916888218378,1,"[0.20310729074457698, 0.2, 0.596892709255423]","[0.2, 0.6, 0.2]",0.9752633770900622,"{""task1391"": 1.4631920048853182, ""task190"": 25.13603858947757, ""task620"": 0.6034916888218378}",task620,continuous_primal_dual_psd,6,2.8952724214731638,2.8952724214731633,4.440892098500626e-16,"[0.9999999999999987, 1.367721040590462e-15, 0.0]",primal=Optimization terminated successfully; dual=outer=Optimization terminated successfully; inner=Optimization terminated successfully,1,-424.1791624735127,424.1791624735127,,mistral7b_10x_licenseclean_contcert_20260504_dare_ties_20260504_licenseclean,mistral7b_10x_licenseclean_contcert_20260504
dare_ties,triple,task190+task1598+task039,-6.060744628995025,-1.1677742618477365,1,"[0.2000000000001135, 0.4285520027428239, 0.37144799725706257]","[0.4, 0.2, 0.4]",2.87425829352495,"{""task039"": 1.1677742618477365, ""task1598"": 13.71762447357181, ""task190"": 13.71762447357181}",task039,continuous_primal_dual_psd,6,-6.060744628995025,-6.060744628995025,0.0,"[4.3021142204224816e-16, 0.9999999999999996, 5.551115123125783e-17]",primal=Optimization terminated successfully; dual=outer=Optimization terminated successfully; inner=Optimization terminated successfully,1,-79.78216820305204,79.78216820305202,,mistral7b_10x_licenseclean_contcert_20260504_dare_ties_20260504_licenseclean,mistral7b_10x_licenseclean_contcert_20260504
dare_ties,triple,task190+task290+task039,0.09108270809433122,0.04737158700863975,0,"[0.2, 0.2, 0.6]","[0.6, 0.2, 0.2]",0.06037200096590027,"{""task039"": 1.0857532249520916, ""task190"": 17.256566810607943, ""task290"": -0.04737158700863975}",task290,continuous_primal_dual_psd,6,0.09108270809433122,0.09108270809433122,0.0,"[0.0, 0.0, 1.0]",primal=Optimization terminated successfully; dual=outer=Optimization terminated successfully; inner=Optimization terminated successfully,1,-348.2608300266534,348.2608300266534,,mistral7b_10x_licenseclean_contcert_20260504_dare_ties_20260504_licenseclean,mistral7b_10x_licenseclean_contcert_20260504
dare_ties,triple,task190+task290+task1342,-0.6926855681665121,-0.08395070258594493,1,"[0.2997483263829526, 0.36530157575292665, 0.33495009786412067]","[0.4, 0.2, 0.4]",0.018456234938702437,"{""task1342"": 0.08395070258594493, ""task190"": 19.15592842102054, ""task290"": 0.14650055194301348}",task1342,continuous_primal_dual_psd,6,-0.6926855681665121,-0.6926855681665132,1.1102230246251565e-15,"[0.0, 0.6539531041250419, 0.34604689587495796]",primal=Optimization terminated successfully; dual=outer=Optimization terminated successfully; inner=Optimization terminated successfully,1,-76.09836091521964,76.09836091521964,,mistral7b_10x_licenseclean_contcert_20260504_dare_ties_20260504_licenseclean,mistral7b_10x_licenseclean_contcert_20260504
dare_ties,triple,task190+task290+task1391,0.39354946754637776,-0.5139652362143625,1,"[0.2, 0.2, 0.6]","[0.2, 0.2, 0.6]",0.0,"{""task1391"": 1.6764946517568093, ""task190"": 26.323136615753207, ""task290"": 0.5139652362143625}",task290,continuous_primal_dual_psd,6,0.39354946754637776,0.39354946754637776,0.0,"[0.0, 0.0, 1.0]",primal=Optimization terminated successfully; dual=outer=Optimization terminated successfully; inner=Optimization terminated successfully,1,-283.5297256792379,290.36339626105104,,mistral7b_10x_licenseclean_contcert_20260504_dare_ties_20260504_licenseclean,mistral7b_10x_licenseclean_contcert_20260504
dare_ties,triple,task190+task290+task1598,35.956403684616106,-0.027131017472447578,1,"[0.2, 0.2, 0.6]","[0.2, 0.4, 0.4]",4.818036206986575,"{""task1598"": 18.43557052612308, ""task190"": 16.292712020874056, ""task290"": 0.027131017472447578}",task290,continuous_primal_dual_psd,6,35.956403684616106,35.956403684616106,0.0,"[0.0, 0.0, 1.0]",primal=Optimization terminated successfully; dual=outer=Optimization terminated successfully; inner=Optimization terminated successfully,1,-1220.1745232541143,1220.538997344609,,mistral7b_10x_licenseclean_contcert_20260504_dare_ties_20260504_licenseclean,mistral7b_10x_licenseclean_contcert_20260504
dare_ties,triple,task190+task290+task442,-1.2749989447184107,-0.10411089742484249,1,"[0.2, 0.21132276717067253, 0.5886772328293275]","[0.2, 0.2, 0.6]",0.0,"{""task190"": 19.11329917907718, ""task290"": 0.10411089742484249, ""task442"": 1.4607898530760115}",task290,continuous_primal_dual_psd,6,-1.2749989447184107,-1.27499894472034,1.929345572193597e-12,"[0.00218587555342395, 0.9978141244465751, 8.680718636093987e-16]",primal=Optimization terminated successfully; dual=outer=Optimization terminated successfully; inner=Optimization terminated successfully,1,-389.94152823936287,389.9415282393629,,mistral7b_10x_licenseclean_contcert_20260504_dare_ties_20260504_licenseclean,mistral7b_10x_licenseclean_contcert_20260504
dare_ties,triple,task190+task290+task620,-0.4981653315668497,0.41226628663090376,0,"[0.43045818091884935, 0.20000000000000015, 0.36954181908115047]","[0.2, 0.6, 0.2]",0.015964304810528296,"{""task190"": 5.775257873535189, ""task290"": -0.41226628663090376, ""task620"": -0.2758185041515017}",task290,continuous_primal_dual_psd,6,-0.4981653315668497,-0.4981653315668497,0.0,"[0.0, 0.0, 1.0]",primal=Optimization terminated successfully; dual=outer=Optimization terminated successfully; inner=Optimization terminated successfully,1,-8.548773076539586,8.548773076539588,,mistral7b_10x_licenseclean_contcert_20260504_dare_ties_20260504_licenseclean,mistral7b_10x_licenseclean_contcert_20260504
dare_ties,triple,task190+task391+task039,0.7774174613879942,-0.1823663775450575,1,"[0.2, 0.20876790932033754, 0.5912320906796624]","[0.2, 0.4, 0.4]",0.13973308968718295,"{""task039"": 2.533180289994738, ""task190"": 25.931498336792025, ""task391"": 0.1823663775450575}",task391,continuous_primal_dual_psd,6,0.7774174613879942,0.7774174613879942,0.0,"[0.0, 1.0, 0.0]",primal=Optimization terminated successfully; dual=outer=Optimization terminated successfully; inner=Optimization terminated successfully,1,-376.704679003093,376.70467900309296,,mistral7b_10x_licenseclean_contcert_20260504_dare_ties_20260504_licenseclean,mistral7b_10x_licenseclean_contcert_20260504
dare_ties,triple,task190+task391+task1342,-0.16038112053049858,-0.32954135218259967,1,"[0.2761497129224961, 0.3550033721031829, 0.368846914974321]","[0.2, 0.2, 0.6]",0.3630770795653986,"{""task1342"": 0.4150823979871136, ""task190"": 25.915273952484164, ""task391"": 0.32954135218259967}",task391,continuous_primal_dual_psd,6,-0.16038112053049858,-0.16038112053049858,0.0,"[0.0, 1.0, 0.0]",primal=Optimization terminated successfully; dual=outer=Optimization terminated successfully; inner=Optimization terminated successfully,1,-97.09195269726399,97.09195269726398,,mistral7b_10x_licenseclean_contcert_20260504_dare_ties_20260504_licenseclean,mistral7b_10x_licenseclean_contcert_20260504
dare_ties,triple,task190+task391+task1391,-0.18826145751141432,-0.3092647697838331,1,"[0.2000000000000012, 0.42432938511327684, 0.37567061488672193]","[0.2, 0.4, 0.4]",0.0,"{""task1391"": 1.808573385951202, ""task190"": 24.23914365768436, ""task391"": 0.3092647697838331}",task391,continuous_primal_dual_psd,6,-0.18826145751141432,-0.18826145751141432,0.0,"[0.0, 1.0, 0.0]",primal=Optimization terminated successfully; dual=outer=Optimization terminated successfully; inner=Optimization terminated successfully,1,-239.00561991553454,239.00561991553457,,mistral7b_10x_licenseclean_contcert_20260504_dare_ties_20260504_licenseclean,mistral7b_10x_licenseclean_contcert_20260504
dare_ties,triple,task190+task391+task1598,0.6137588714522919,-0.3767008015161269,1,"[0.4022779259390397, 0.2, 0.3977220740609603]","[0.4, 0.4, 0.2]",5.049898738527813,"{""task1598"": 19.44812231063846, ""task190"": 22.3884671211243, ""task391"": 0.3767008015161269}",task391,continuous_primal_dual_psd,6,0.6137588714522919,0.6137588714522919,0.0,"[0.0, 1.0, 0.0]",primal=Optimization terminated successfully; dual=outer=Optimization terminated successfully; inner=Optimization terminated successfully,1,-322.3568377662202,322.3568377662203,,mistral7b_10x_licenseclean_contcert_20260504_dare_ties_20260504_licenseclean,mistral7b_10x_licenseclean_contcert_20260504
dare_ties,triple,task190+task391+task290,0.14356343978214572,-0.19337729790114017,1,"[0.2, 0.2773438755388508, 0.5226561244611492]","[0.2, 0.6, 0.2]",0.7073966474265916,"{""task190"": 25.08936815261844, ""task290"": 0.5386468987702036, ""task391"": 0.19337729790114017}",task391,continuous_primal_dual_psd,6,0.14356343978214572,0.14356342586830348,1.3913842245028007e-08,"[0.0, 0.08352146618548462, 0.9164785338145153]",primal=Positive directional derivative for linesearch; dual=outer=Optimization terminated successfully; inner=Optimization terminated successfully,1,-296.4969450940923,296.4969450940923,,mistral7b_10x_licenseclean_contcert_20260504_dare_ties_20260504_licenseclean,mistral7b_10x_licenseclean_contcert_20260504
dare_ties,triple,task190+task391+task442,1.9698937528783111,-0.026609211145027525,1,"[0.2, 0.2, 0.6]","[0.2, 0.6, 0.2]",0.41646315729363614,"{""task190"": 20.990344810485873, ""task391"": 0.026609211145027525, ""task442"": 1.9086813284528696}",task391,continuous_primal_dual_psd,6,1.9698937528783111,1.9698937528783111,0.0,"[0.0, 0.0, 1.0]",primal=Optimization terminated successfully; dual=outer=Optimization terminated successfully; inner=Optimization terminated successfully,1,-294.3911555864311,294.39115558643107,,mistral7b_10x_licenseclean_contcert_20260504_dare_ties_20260504_licenseclean,mistral7b_10x_licenseclean_contcert_20260504
dare_ties,triple,task190+task391+task620,0.8442862166893552,0.28383976458642396,0,"[0.20000000000000262, 0.2, 0.5999999999999974]","[0.2, 0.4, 0.4]",3.7136322355356137,"{""task190"": 13.940843868255648, ""task391"": -0.28383976458642396, ""task620"": -0.03444014831908166}",task391,continuous_primal_dual_psd,6,0.8442862166893552,0.8442862166893552,0.0,"[0.0, 1.0, 0.0]",primal=Optimization terminated successfully; dual=outer=Optimization terminated successfully; inner=Optimization terminated successfully,1,-269.34746679906993,270.87525195183457,,mistral7b_10x_licenseclean_contcert_20260504_dare_ties_20260504_licenseclean,mistral7b_10x_licenseclean_contcert_20260504
dare_ties,triple,task190+task442+task039,-3.745322942455001,-1.4124050839575992,1,"[0.2, 0.2, 0.6]","[0.4, 0.2, 0.4]",0.3213406394451319,"{""task039"": 1.924345782196632, ""task190"": 19.983836936950716, ""task442"": 1.4124050839575992}",task442,continuous_primal_dual_psd,6,-3.745322942455001,-3.745322942455001,0.0,"[0.0, 1.0, 0.0]",primal=Optimization terminated successfully; dual=outer=Optimization terminated successfully; inner=Optimization terminated successfully,1,-253.83060623167705,255.04363976276233,,mistral7b_10x_licenseclean_contcert_20260504_dare_ties_20260504_licenseclean,mistral7b_10x_licenseclean_contcert_20260504
dare_ties,triple,task190+task442+task1598,38.52062527347113,-0.7794045489729563,1,"[0.2, 0.20000000000002843, 0.5999999999999716]","[0.4, 0.4, 0.2]",7.579236606925805,"{""task1598"": 12.177452373504671, ""task190"": 12.307318973541292, ""task442"": 0.7794045489729563}",task442,continuous_primal_dual_psd,6,38.52062527347113,38.52062527347089,2.4158453015843406e-13,"[0.9999999999963542, 0.0, 3.645844315695445e-12]",primal=Optimization terminated successfully; dual=outer=Optimization terminated successfully; inner=Optimization terminated successfully,1,-796.8226019845968,796.8226019845966,,mistral7b_10x_licenseclean_contcert_20260504_dare_ties_20260504_licenseclean,mistral7b_10x_licenseclean_contcert_20260504
dare_ties,triple,task190+task442+task620,5.7801396369933755,-0.15939192700305435,1,"[0.2, 0.2, 0.6]","[0.6, 0.2, 0.2]",1.3260962955943303,"{""task190"": 11.412414836883578, ""task442"": 0.3640173993915417, ""task620"": 0.15939192700305435}",task620,continuous_primal_dual_psd,6,5.7801396369933755,5.7801396369933755,0.0,"[1.0, 0.0, 0.0]",primal=Optimization terminated successfully; dual=outer=Optimization terminated successfully; inner=Optimization terminated successfully,1,-501.71638454506194,501.7314842864623,,mistral7b_10x_licenseclean_contcert_20260504_dare_ties_20260504_licenseclean,mistral7b_10x_licenseclean_contcert_20260504
dare_ties,triple,task190+task620+task039,-0.9440207237876983,-0.5871058780305805,1,"[0.2, 0.37065804378231615, 0.4293419562176839]","[0.2, 0.4, 0.4]",0.0,"{""task039"": 2.3436412886527136, ""task190"": 20.876690673828158, ""task620"": 0.5871058780305805}",task620,continuous_primal_dual_psd,6,-0.9440207237876983,-0.9440207237876983,0.0,"[0.0, 1.0, 0.0]",primal=Optimization terminated successfully; dual=outer=Optimization terminated successfully; inner=Optimization terminated successfully,1,-420.88195984128197,420.88195984128197,,mistral7b_10x_licenseclean_contcert_20260504_dare_ties_20260504_licenseclean,mistral7b_10x_licenseclean_contcert_20260504
dare_ties,triple,task190+task620+task1598,22.418012160366832,0.22013216352342302,0,"[0.2, 0.2, 0.6]","[0.2, 0.6, 0.2]",11.628392120839337,"{""task1598"": 8.392950820922884, ""task190"": 4.983851242065462, ""task620"": -0.22013216352342302}",task620,continuous_primal_dual_psd,6,22.418012160366832,22.418012160366832,0.0,"[1.0, 0.0, 0.0]",primal=Optimization terminated successfully; dual=outer=Optimization terminated successfully; inner=Optimization terminated successfully,1,-846.7980003609528,846.7980003609526,,mistral7b_10x_licenseclean_contcert_20260504_dare_ties_20260504_licenseclean,mistral7b_10x_licenseclean_contcert_20260504
dare_ties,triple,task280+task1342+task039,6.636682472420212,0.39881497418518924,0,"[0.2, 0.2, 0.6]","[0.4, 0.4, 0.2]",0.004432685367567413,"{""task039"": 0.08312322691339381, ""task1342"": -0.39881497418518924, ""task280"": 6.481417942047152}",task1342,continuous_primal_dual_psd,6,6.636682472420212,6.636682472420205,7.105427357601002e-15,"[4.16333634234432e-15, 0.0, 0.9999999999999958]",primal=Positive directional derivative for linesearch; dual=outer=Optimization terminated successfully; inner=Optimization terminated successfully,1,-425.6906228477245,425.6906228477245,,mistral7b_10x_licenseclean_contcert_20260504_dare_ties_20260504_licenseclean,mistral7b_10x_licenseclean_contcert_20260504
dare_ties,triple,task280+task1342+task1598,-0.029484725131648126,0.15897002250358575,0,"[0.37620117645244106, 0.20000000000000445, 0.4237988235475545]","[0.2, 0.2, 0.6]",6.7768202301819285,"{""task1342"": -0.15897002250358575, ""task1598"": 8.512672710418734, ""task280"": 11.662027168273958}",task1342,continuous_primal_dual_psd,6,-0.029484725131648126,-0.029484725131648126,0.0,"[0.0, 1.0, 0.0]",primal=Optimization terminated successfully; dual=outer=Optimization terminated successfully; inner=Optimization terminated successfully,1,-385.026355966173,385.02635596617296,,mistral7b_10x_licenseclean_contcert_20260504_dare_ties_20260504_licenseclean,mistral7b_10x_licenseclean_contcert_20260504
dare_ties,triple,task280+task1342+task442,-0.5100202953092188,0.2674475066942061,0,"[0.200000000000001, 0.47674534349215286, 0.3232546565078461]","[0.2, 0.6, 0.2]",0.11155378909559399,"{""task1342"": -0.2674475066942061, ""task280"": 9.131571578979525, ""task442"": 0.8099249126458956}",task1342,continuous_primal_dual_psd,6,-0.5100202953092188,-0.5100202953092188,0.0,"[0.0, 1.0, 0.0]",primal=Optimization terminated successfully; dual=outer=Optimization terminated successfully; inner=Optimization terminated successfully,1,-4.194550069520064,4.194550069520063,,mistral7b_10x_licenseclean_contcert_20260504_dare_ties_20260504_licenseclean,mistral7b_10x_licenseclean_contcert_20260504
dare_ties,triple,task280+task1342+task620,1.108951199123472,-0.003972621524141399,1,"[0.2, 0.2, 0.6]","[0.2, 0.4, 0.4]",0.845009118737813,"{""task1342"": 0.003972621524141399, ""task280"": 11.810144710540804, ""task620"": 0.23446241882902227}",task1342,continuous_primal_dual_psd,6,1.108951199123472,1.108951199123472,0.0,"[0.0, 1.0, 0.0]",primal=Optimization terminated successfully; dual=outer=Optimization terminated successfully; inner=Optimization terminated successfully,1,-36.90157322124395,36.90157322124396,,mistral7b_10x_licenseclean_contcert_20260504_dare_ties_20260504_licenseclean,mistral7b_10x_licenseclean_contcert_20260504
dare_ties,triple,task280+task1391+task039,13.95114046447024,-1.1725811429284323,1,"[0.2, 0.2, 0.6]","[0.2, 0.4, 0.4]",0.040983498913278904,"{""task039"": 1.5174049347596834, ""task1391"": 1.1725811429284323, ""task280"": 17.311379241943392}",task1391,continuous_primal_dual_psd,6,13.95114046447024,13.95114046447024,0.0,"[0.0, 0.0, 1.0]",primal=Optimization terminated successfully; dual=outer=Optimization terminated successfully; inner=Optimization terminated successfully,1,-846.806208680491,846.8062086804911,,mistral7b_10x_licenseclean_contcert_20260504_dare_ties_20260504_licenseclean,mistral7b_10x_licenseclean_contcert_20260504
dare_ties,triple,task280+task1391+task1342,0.056248433883310134,0.1802304358594687,0,"[0.35818108139099364, 0.22849236106938192, 0.41332655753962444]","[0.2, 0.2, 0.6]",0.2858050957810827,"{""task1342"": -0.1802304358594687, ""task1391"": -0.16199650235620536, ""task280"": 9.222897815704378}",task1342,continuous_primal_dual_psd,6,0.056248433883310134,0.05624843382602653,5.728360147339018e-11,"[4.174823287208594e-16, 0.8213672723526257, 0.1786327276473738]",primal=Optimization terminated successfully; dual=outer=Optimization terminated successfully; inner=Optimization terminated successfully,1,-241.26858060845285,241.26858060845288,,mistral7b_10x_licenseclean_contcert_20260504_dare_ties_20260504_licenseclean,mistral7b_10x_licenseclean_contcert_20260504
dare_ties,triple,task280+task1391+task1598,-0.8002553927300102,-0.8245918503586273,1,"[0.2, 0.3972030695268728, 0.40279693047312715]","[0.2, 0.4, 0.4]",0.0,"{""task1391"": 0.8245918503586273, ""task1598"": 16.278502273559603, ""task280"": 19.784995841980013}",task1391,continuous_primal_dual_psd,6,-0.8002553927300102,-0.8002553927300102,0.0,"[0.0, 1.0, 0.0]",primal=Optimization terminated successfully; dual=outer=Optimization terminated successfully; inner=Optimization terminated successfully,1,-219.5955934858941,219.59559348589403,,mistral7b_10x_licenseclean_contcert_20260504_dare_ties_20260504_licenseclean,mistral7b_10x_licenseclean_contcert_20260504
dare_ties,triple,task280+task1391+task442,11.009327321692858,-0.4788394739088451,1,"[0.2000000000000838, 0.2, 0.5999999999999162]","[0.2, 0.2, 0.6]",0.0,"{""task1391"": 0.4788394739088451, ""task280"": 11.473295021057162, ""task442"": 0.6059514490503615}",task1391,continuous_primal_dual_psd,6,11.009327321692858,11.009327321692817,4.085620730620576e-14,"[0.9999999999999889, 0.0, 1.1046719095020185e-14]",primal=Optimization terminated successfully; dual=outer=Optimization terminated successfully; inner=Optimization terminated successfully,1,-729.5277039116733,729.5277039116734,,mistral7b_10x_licenseclean_contcert_20260504_dare_ties_20260504_licenseclean,mistral7b_10x_licenseclean_contcert_20260504
dare_ties,triple,task280+task1391+task620,0.4445588361409698,-0.06579664885445091,1,"[0.20000000000000026, 0.35381437299785196, 0.4461856270021478]","[0.4, 0.4, 0.2]",0.26590422674147207,"{""task1391"": 0.36222325823686197, ""task280"": 13.098701763153109, ""task620"": 0.06579664885445091}",task620,continuous_primal_dual_psd,6,0.4445588361409698,0.44455883614096103,8.770761894538737e-15,"[0.0, 9.331424521973765e-14, 0.9999999999999067]",primal=Optimization terminated successfully; dual=outer=Optimization terminated successfully; inner=Optimization terminated successfully,1,-209.7155897334004,209.7155897334004,,mistral7b_10x_licenseclean_contcert_20260504_dare_ties_20260504_licenseclean,mistral7b_10x_licenseclean_contcert_20260504
dare_ties,triple,task280+task1598+task039,-8.841461677570052,-1.8588892543808895,1,"[0.20000000000000082, 0.3966769380847533, 0.4033230619152459]","[0.4, 0.4, 0.2]",0.7626206702711384,"{""task039"": 1.8588892543808895, ""task1598"": 15.304478931427035, ""task280"": 11.826369094848665}",task039,continuous_primal_dual_psd,6,-8.841461677570052,-8.841461677570052,0.0,"[0.0, 0.0, 1.0]",primal=Optimization terminated successfully; dual=outer=Optimization terminated successfully; inner=Optimization terminated successfully,1,-258.6866907022792,258.68669070227924,,mistral7b_10x_licenseclean_contcert_20260504_dare_ties_20260504_licenseclean,mistral7b_10x_licenseclean_contcert_20260504
dare_ties,triple,task280+task190+task039,7.18875972544486,-0.2805491337067575,1,"[0.2, 0.2, 0.6]","[0.2, 0.6, 0.2]",0.038117211738779244,"{""task039"": 0.2805491337067575, ""task190"": 6.331250000000033, ""task280"": 6.331250000000033}",task039,continuous_primal_dual_psd,6,7.18875972544486,7.18875972544486,0.0,"[0.0, 0.0, 1.0]",primal=Optimization terminated successfully; dual=outer=Optimization terminated successfully; inner=Optimization terminated successfully,1,-500.876503380617,500.876503380617,,mistral7b_10x_licenseclean_contcert_20260504_dare_ties_20260504_licenseclean,mistral7b_10x_licenseclean_contcert_20260504
dare_ties,triple,task280+task190+task1342,-0.738086875877904,-0.00668697694046835,1,"[0.2, 0.2386320879157981, 0.5613679120842019]","[0.2, 0.4, 0.4]",0.15208522236241934,"{""task1342"": 0.00668697694046835, ""task190"": 14.013883399963412, ""task280"": 13.232633399963412}",task1342,continuous_primal_dual_psd,6,-0.738086875877904,-0.7380868758780785,1.745270594710746e-13,"[1.1756438099402075e-15, 0.17567366731763942, 0.8243263326823594]",primal=Optimization terminated successfully; dual=outer=Optimization terminated successfully; inner=Optimization terminated successfully,1,-227.9086685329201,227.90866853292013,,mistral7b_10x_licenseclean_contcert_20260504_dare_ties_20260504_licenseclean,mistral7b_10x_licenseclean_contcert_20260504
dare_ties,triple,task280+task190+task1391,-0.4189457759334818,-0.7292121108652384,1,"[0.20000000000000223, 0.4638459014129558, 0.3361540985870419]","[0.4, 0.2, 0.4]",0.45659572884724403,"{""task1391"": 0.7292121108652384, ""task190"": 15.562173652648958, ""task280"": 15.09544544219974}",task1391,continuous_primal_dual_psd,6,-0.4189457759334818,-0.4189457759334818,0.0,"[0.0, 0.0, 1.0]",primal=Optimization terminated successfully; dual=outer=Optimization terminated successfully; inner=Optimization terminated successfully,1,-65.51215593370156,65.51215593370159,,mistral7b_10x_licenseclean_contcert_20260504_dare_ties_20260504_licenseclean,mistral7b_10x_licenseclean_contcert_20260504
dare_ties,triple,task280+task190+task1598,12.827731458985273,-11.710724163055453,1,"[0.20000000000007698, 0.2516403726878062, 0.5483596273121168]","[0.2, 0.4, 0.4]",30.781245231628418,"{""task1598"": 16.613313484191927, ""task190"": 14.582058715820345, ""task280"": 11.710724163055453}",task280,continuous_primal_dual_psd,6,12.827731458985273,12.827731458985273,0.0,"[0.0, 0.0, 1.0]",primal=Optimization terminated successfully; dual=outer=Optimization terminated successfully; inner=Optimization terminated successfully,1,-519.5451044601344,519.5451044601346,,mistral7b_10x_licenseclean_contcert_20260504_dare_ties_20260504_licenseclean,mistral7b_10x_licenseclean_contcert_20260504
dare_ties,triple,task280+task190+task290,-1.0047092133271498,0.050765174120770425,0,"[0.2000000000000018, 0.3534120636787323, 0.4465879363212659]","[0.2, 0.2, 0.6]",0.42132440450523484,"{""task190"": 7.7496736526489585, ""task280"": 10.803648757934603, ""task290"": -0.050765174120770425}",task290,continuous_primal_dual_psd,6,-1.0047092133271498,-1.0047092133271498,0.0,"[0.0, 0.0, 1.0]",primal=Optimization terminated successfully; dual=outer=Optimization terminated successfully; inner=Optimization terminated successfully,1,-3.2280606222753008,3.228060622275298,,mistral7b_10x_licenseclean_contcert_20260504_dare_ties_20260504_licenseclean,mistral7b_10x_licenseclean_contcert_20260504
dare_ties,triple,task280+task190+task391,1.5065950177693814,4.2815715789794595,0,"[0.2846347853945013, 0.20000000000004264, 0.515365214605456]","[0.4, 0.4, 0.2]",7.075893878936768,"{""task190"": 0.6900279998779624, ""task280"": -4.2815715789794595, ""task391"": -0.7330349917153759}",task280,continuous_primal_dual_psd,6,1.5065950177693814,1.5065950177693814,0.0,"[0.0, 1.0, 0.0]",primal=Optimization terminated successfully; dual=outer=Optimization terminated successfully; inner=Optimization terminated successfully,1,-268.33715213456816,268.3371521345682,,mistral7b_10x_licenseclean_contcert_20260504_dare_ties_20260504_licenseclean,mistral7b_10x_licenseclean_contcert_20260504
dare_ties,triple,task280+task190+task442,-2.9529329396684574,-0.472954558375275,1,"[0.2, 0.3714336334865035, 0.42856636651349644]","[0.2, 0.2, 0.6]",0.23325038884782967,"{""task190"": 8.892151641845736, ""task280"": 8.537027168273958, ""task442"": 0.472954558375275}",task442,continuous_primal_dual_psd,6,-2.9529329396684574,-2.9529329396684574,0.0,"[0.0, 0.0, 1.0]",primal=Optimization terminated successfully; dual=outer=Optimization terminated successfully; inner=Optimization terminated successfully,1,-215.06790720725954,215.0679072072595,,mistral7b_10x_licenseclean_contcert_20260504_dare_ties_20260504_licenseclean,mistral7b_10x_licenseclean_contcert_20260504
dare_ties,triple,task280+task190+task620,0.3249055153688696,0.05917802944992028,0,"[0.20000000000028076, 0.2, 0.5999999999997192]","[0.2, 0.2, 0.6]",0.0,"{""task190"": 11.442848968505892, ""task280"": 12.692853736877474, ""task620"": -0.05917802944992028}",task620,continuous_primal_dual_psd,6,0.3249055153688696,0.3249055153688696,0.0,"[0.0, 0.0, 1.0]",primal=Optimization terminated successfully; dual=outer=Optimization terminated successfully; inner=Optimization terminated successfully,1,-209.48792735565962,209.48792735565965,,mistral7b_10x_licenseclean_contcert_20260504_dare_ties_20260504_licenseclean,mistral7b_10x_licenseclean_contcert_20260504
dare_ties,triple,task280+task290+task039,21.53330154418944,0.34868288286734234,0,"[0.2, 0.2, 0.6]","[0.2, 0.2, 0.6]",0.0,"{""task039"": 0.1596248198922411, ""task280"": 8.675000000000033, ""task290"": -0.34868288286734234}",task290,continuous_primal_dual_psd,6,21.53330154418944,21.53330154418944,0.0,"[1.0, 0.0, 0.0]",primal=Optimization terminated successfully; dual=outer=Optimization terminated successfully; inner=Optimization terminated successfully,1,-829.0357819353512,829.6980098449441,,mistral7b_10x_licenseclean_contcert_20260504_dare_ties_20260504_licenseclean,mistral7b_10x_licenseclean_contcert_20260504
dare_ties,triple,task280+task290+task1342,0.298698314486706,0.04479223248956485,0,"[0.2, 0.2777492098460521, 0.5222507901539479]","[0.2, 0.6, 0.2]",0.4487477398088099,"{""task1342"": -0.04479223248956485, ""task280"": 14.111289310455355, ""task290"": 0.12383800903806842}",task1342,continuous_primal_dual_psd,6,0.298698314486706,0.2986983144867047,1.27675647831893e-15,"[0.0, 0.5623629261486357, 0.43763707385136424]",primal=Optimization terminated successfully; dual=outer=Optimization terminated successfully; inner=Optimization terminated successfully,1,-148.32529164770727,148.32529164770727,,mistral7b_10x_licenseclean_contcert_20260504_dare_ties_20260504_licenseclean,mistral7b_10x_licenseclean_contcert_20260504
dare_ties,triple,task280+task290+task1391,-0.05609927726136652,0.1042567526777844,0,"[0.20000000000001797, 0.2, 0.599999999999982]","[0.4, 0.2, 0.4]",0.17230837725815212,"{""task1391"": 0.3337189934315196, ""task280"": 11.339363384246859, ""task290"": -0.1042567526777844}",task290,continuous_primal_dual_psd,6,-0.05609927726136652,-0.05609927726136652,0.0,"[0.0, 1.0, 0.0]",primal=Optimization terminated successfully; dual=outer=Optimization terminated successfully; inner=Optimization terminated successfully,1,-94.02892146673793,94.02892146673791,,mistral7b_10x_licenseclean_contcert_20260504_dare_ties_20260504_licenseclean,mistral7b_10x_licenseclean_contcert_20260504
dare_ties,triple,task280+task290+task1598,16.481744088804447,1.0084421157836587,0,"[0.20000000000025808, 0.2, 0.5999999999997419]","[0.2, 0.6, 0.2]",2.792179584503174,"{""task1598"": 2.045532989501986, ""task280"": -1.0084421157836587, ""task290"": -0.7454167169739708}",task280,continuous_primal_dual_psd,6,16.481744088804447,16.481744088804447,0.0,"[0.0, 0.0, 1.0]",primal=Optimization terminated successfully; dual=outer=Optimization terminated successfully; inner=Optimization terminated successfully,1,-422.9555037325208,422.9555037325208,,mistral7b_10x_licenseclean_contcert_20260504_dare_ties_20260504_licenseclean,mistral7b_10x_licenseclean_contcert_20260504
dare_ties,triple,task280+task290+task442,27.543865062002485,-0.21503796764234254,1,"[0.2, 0.2000000000000086, 0.5999999999999914]","[0.2, 0.6, 0.2]",0.5000458155820412,"{""task280"": 17.26468496322635, ""task290"": 0.21503796764234254, ""task442"": 1.7885838358836168}",task290,continuous_primal_dual_psd,6,27.543865062002485,27.543865062002485,0.0,"[1.0, 0.0, 0.0]",primal=Optimization terminated successfully; dual=outer=Optimization terminated successfully; inner=Optimization terminated successfully,1,-764.595095138153,764.5950951381529,,mistral7b_10x_licenseclean_contcert_20260504_dare_ties_20260504_licenseclean,mistral7b_10x_licenseclean_contcert_20260504
dare_ties,triple,task280+task290+task620,-0.24473948994215355,-0.008781607361541528,1,"[0.20000000000001264, 0.6000000000000005, 0.19999999999998685]","[0.4, 0.4, 0.2]",6.256674654694272,"{""task280"": 15.886863994598421, ""task290"": 0.008781607361541528, ""task620"": 0.44360641340357376}",task290,continuous_primal_dual_psd,6,-0.24473948994215355,-0.24473948994215355,0.0,"[0.0, 0.0, 1.0]",primal=Optimization terminated successfully; dual=outer=Optimization terminated successfully; inner=Optimization terminated successfully,0,0.6148035891174404,0.0,,mistral7b_10x_licenseclean_contcert_20260504_dare_ties_20260504_licenseclean,mistral7b_10x_licenseclean_contcert_20260504
dare_ties,triple,task280+task391+task039,2.514735672081315,-0.04407651655006397,1,"[0.2, 0.2, 0.6]","[0.2, 0.2, 0.6]",0.0,"{""task039"": 1.8462720588576003, ""task280"": 20.430263805389437, ""task391"": 0.04407651655006397}",task391,continuous_primal_dual_psd,6,2.514735672081315,2.5147356720813137,1.3322676295501878e-15,"[0.0, 9.436895709313823e-16, 0.9999999999999991]",primal=Optimization terminated successfully; dual=outer=Optimization terminated successfully; inner=Optimization terminated successfully,1,-221.51689328307867,221.51689328307864,,mistral7b_10x_licenseclean_contcert_20260504_dare_ties_20260504_licenseclean,mistral7b_10x_licenseclean_contcert_20260504
dare_ties,triple,task280+task391+task1342,0.08698031516761895,-0.020610108757432067,1,"[0.2000000000000002, 0.4350314290871506, 0.3649685709128492]","[0.2, 0.4, 0.4]",0.0,"{""task1342"": 0.1027683555162476, ""task280"": 18.086513805389437, ""task391"": 0.020610108757432067}",task391,continuous_primal_dual_psd,6,0.08698031516761895,0.08698031516761895,0.0,"[0.0, 1.0, 0.0]",primal=Optimization terminated successfully; dual=outer=Optimization terminated successfully; inner=Optimization terminated successfully,1,-73.19046180200495,73.19046180200496,,mistral7b_10x_licenseclean_contcert_20260504_dare_ties_20260504_licenseclean,mistral7b_10x_licenseclean_contcert_20260504
dare_ties,triple,task280+task391+task1391,4.181588401583179,-0.018939800187553476,1,"[0.2, 0.2, 0.6]","[0.2, 0.4, 0.4]",0.17140069471274172,"{""task1391"": 1.1679245489505958, ""task280"": 17.37428598403934, ""task391"": 0.018939800187553476}",task391,continuous_primal_dual_psd,6,4.181588401583179,4.181588401583179,0.0,"[0.9999999999999998, 0.0, 2.2204460492503126e-16]",primal=Optimization terminated successfully; dual=outer=Optimization terminated successfully; inner=Optimization terminated successfully,1,-679.6887332143538,679.6887332143539,,mistral7b_10x_licenseclean_contcert_20260504_dare_ties_20260504_licenseclean,mistral7b_10x_licenseclean_contcert_20260504
dare_ties,triple,task280+task391+task1598,22.60813070898686,0.3931191674154199,0,"[0.2, 0.2, 0.6]","[0.4, 0.4, 0.2]",12.571478248508619,"{""task1598"": 8.169731426239046, ""task280"": 11.03905134201053, ""task391"": -0.3931191674154199}",task391,continuous_primal_dual_psd,6,22.60813070898686,22.60813070898686,0.0,"[0.0, 0.0, 1.0]",primal=Optimization terminated successfully; dual=outer=Optimization terminated successfully; inner=Optimization terminated successfully,1,-748.3399082771382,748.3399082771382,,mistral7b_10x_licenseclean_contcert_20260504_dare_ties_20260504_licenseclean,mistral7b_10x_licenseclean_contcert_20260504
dare_ties,triple,task280+task391+task290,5.042931509017933,0.26656626765786273,0,"[0.2, 0.2, 0.6]","[0.2, 0.2, 0.6]",0.0,"{""task280"": 14.082893657684359, ""task290"": -0.26656626765786273, ""task391"": -0.2269591550665574}",task290,continuous_primal_dual_psd,6,5.042931509017933,5.042931509017933,0.0,"[1.0, 0.0, 0.0]",primal=Optimization terminated successfully; dual=outer=Optimization terminated successfully; inner=Optimization terminated successfully,1,-542.6061587279935,543.3650764349865,,mistral7b_10x_licenseclean_contcert_20260504_dare_ties_20260504_licenseclean,mistral7b_10x_licenseclean_contcert_20260504
dare_ties,triple,task280+task391+task442,0.16815328712614708,0.5219167326194661,0,"[0.31339937715636534, 0.4866006228436357, 0.19999999999999896]","[0.4, 0.2, 0.4]",0.06128524533995505,"{""task280"": 3.1656711578369467, ""task391"": -0.5219167326194661, ""task442"": 0.03473945373257039}",task391,continuous_primal_dual_psd,6,0.16815328712614708,0.16815328712614708,0.0,"[0.0, 1.0, 0.0]",primal=Optimization terminated successfully; dual=outer=Optimization terminated successfully; inner=Optimization terminated successfully,0,6.69894412822098,0.0,,mistral7b_10x_licenseclean_contcert_20260504_dare_ties_20260504_licenseclean,mistral7b_10x_licenseclean_contcert_20260504
dare_ties,triple,task280+task391+task620,22.349962363811365,0.17033618404248949,0,"[0.2, 0.2, 0.6]","[0.2, 0.2, 0.6]",0.0,"{""task280"": 14.480623531341585, ""task391"": -0.10750220164871524, ""task620"": -0.17033618404248949}",task620,continuous_primal_dual_psd,6,22.349962363811365,22.349962363811365,0.0,"[1.0, 0.0, 0.0]",primal=Optimization terminated successfully; dual=outer=Optimization terminated successfully; inner=Optimization terminated successfully,1,-896.7563639059429,896.756363905943,,mistral7b_10x_licenseclean_contcert_20260504_dare_ties_20260504_licenseclean,mistral7b_10x_licenseclean_contcert_20260504
dare_ties,triple,task280+task442+task039,-3.556862627673242,-1.620717682142426,1,"[0.2, 0.4060226858280475, 0.3939773141719525]","[0.2, 0.2, 0.6]",1.160171268944782,"{""task039"": 1.620717682142426, ""task280"": 20.96397571563724, ""task442"": 1.796276244495266}",task039,continuous_primal_dual_psd,6,-3.556862627673242,-3.556862627673242,0.0,"[0.0, 1.0, 0.0]",primal=Optimization terminated successfully; dual=outer=Optimization terminated successfully; inner=Optimization terminated successfully,1,-54.54190688530765,54.54190688530765,,mistral7b_10x_licenseclean_contcert_20260504_dare_ties_20260504_licenseclean,mistral7b_10x_licenseclean_contcert_20260504
dare_ties,triple,task280+task442+task1598,-0.2338296040781742,0.29875860239271224,0,"[0.32580100348362767, 0.28378050532890675, 0.3904184911874655]","[0.2, 0.4, 0.4]",0.15657703122881744,"{""task1598"": 1.80203609466556, ""task280"": 1.9319265365600913, ""task442"": -0.29875860239271224}",task442,continuous_primal_dual_psd,6,-0.2338296040781742,-0.23382960407960948,1.4352685706597867e-12,"[5.851156687673801e-17, 0.7748174022267964, 0.22518259777320337]",primal=Optimization terminated successfully; dual=outer=Optimization terminated successfully; inner=Optimization terminated successfully,1,-106.64565765464604,106.64565765464602,,mistral7b_10x_licenseclean_contcert_20260504_dare_ties_20260504_licenseclean,mistral7b_10x_licenseclean_contcert_20260504
dare_ties,triple,task280+task442+task620,-0.48992158988944823,0.2261288443366867,0,"[0.2, 0.37684900165549723, 0.42315099834450276]","[0.4, 0.2, 0.4]",0.04347908144841359,"{""task280"": 6.006571578979525, ""task442"": 0.41191091558175136, ""task620"": -0.2261288443366867}",task620,continuous_primal_dual_psd,6,-0.48992158988944823,-0.48992158988944823,0.0,"[0.0, 0.0, 1.0]",primal=Optimization terminated successfully; dual=outer=Optimization terminated successfully; inner=Optimization terminated successfully,1,-180.73040644472027,180.73040644472027,,mistral7b_10x_licenseclean_contcert_20260504_dare_ties_20260504_licenseclean,mistral7b_10x_licenseclean_contcert_20260504
dare_ties,triple,task280+task620+task039,3.8807414486844083,0.261468494777756,0,"[0.31483719069251875, 0.2, 0.48516280930748124]","[0.2, 0.2, 0.6]",0.13664593538029096,"{""task039"": 0.6709285607285589, ""task280"": 5.692049789428744, ""task620"": -0.261468494777756}",task620,continuous_primal_dual_psd,6,3.8807414486844083,3.8807414486843896,1.865174681370263e-14,"[0.9999999999999942, 5.828670879282038e-15, 0.0]",primal=Optimization terminated successfully; dual=outer=Optimization terminated successfully; inner=Optimization terminated successfully,1,-473.24882514626324,473.24882514626324,,mistral7b_10x_licenseclean_contcert_20260504_dare_ties_20260504_licenseclean,mistral7b_10x_licenseclean_contcert_20260504
dare_ties,triple,task280+task620+task1598,0.06605370740640426,-0.2038348056614889,1,"[0.2, 0.6, 0.19999999999999996]","[0.2, 0.6, 0.2]",0.0,"{""task1598"": 18.810972499847445, ""task280"": 11.879143047332796, ""task620"": 0.2038348056614889}",task620,continuous_primal_dual_psd,6,0.06605370740640426,0.06605370740640426,0.0,"[0.0, 1.0, 0.0]",primal=Optimization terminated successfully; dual=outer=Optimization terminated successfully; inner=Optimization terminated successfully,1,-75.79996916416002,75.79996916416,,mistral7b_10x_licenseclean_contcert_20260504_dare_ties_20260504_licenseclean,mistral7b_10x_licenseclean_contcert_20260504
dare_ties,triple,task290+task1342+task039,5.557685407949851,-0.24935383859116708,1,"[0.2, 0.2, 0.6]","[0.4, 0.4, 0.2]",0.059820716226728854,"{""task039"": 2.2537364349704845, ""task1342"": 0.28679229839519704, ""task290"": 0.24935383859116708}",task290,continuous_primal_dual_psd,6,5.557685407949851,5.557685407949851,0.0,"[0.0, 0.0, 1.0]",primal=Optimization terminated successfully; dual=outer=Optimization terminated successfully; inner=Optimization terminated successfully,1,-487.27400777244094,487.27400777244094,,mistral7b_10x_licenseclean_contcert_20260504_dare_ties_20260504_licenseclean,mistral7b_10x_licenseclean_contcert_20260504
dare_ties,triple,task290+task1342+task1598,-0.3236787414172183,-0.07074087499295688,1,"[0.2, 0.21343008940570748, 0.5865699105942925]","[0.2, 0.6, 0.2]",0.5787045933640335,"{""task1342"": 0.07074087499295688, ""task1598"": 20.89092426300052, ""task290"": 0.2248559773703381}",task1342,continuous_primal_dual_psd,6,-0.3236787414172183,-0.32367874141721975,1.4432899320127035e-15,"[0.26376277744793664, 0.7362372225520635, 0.0]",primal=Optimization terminated successfully; dual=outer=Optimization terminated successfully; inner=Optimization terminated successfully,1,-358.28319441896065,358.28319441896065,,mistral7b_10x_licenseclean_contcert_20260504_dare_ties_20260504_licenseclean,mistral7b_10x_licenseclean_contcert_20260504
dare_ties,triple,task290+task1342+task442,-0.6689260510270065,-0.34270419319279766,1,"[0.216877896021608, 0.3478972853650346, 0.4352248186133574]","[0.2, 0.6, 0.2]",0.36569282234498623,"{""task1342"": 0.34270419319279766, ""task290"": 0.40881739741621836, ""task442"": 2.1597990381938175}",task1342,continuous_primal_dual_psd,6,-0.6689260510270065,-0.6689260510299658,2.9592994721383548e-12,"[0.8781939962975273, 0.12180600370247273, 0.0]",primal=Optimization terminated successfully; dual=outer=Optimization terminated successfully; inner=Optimization terminated successfully,1,-91.99691932103775,91.99691932103777,,mistral7b_10x_licenseclean_contcert_20260504_dare_ties_20260504_licenseclean,mistral7b_10x_licenseclean_contcert_20260504
dare_ties,triple,task290+task1342+task620,0.00971416915586909,0.3537578435676641,0,"[0.2, 0.2983066999868799, 0.5016933000131201]","[0.2, 0.4, 0.4]",0.15294545410349675,"{""task1342"": -0.3537578435676641, ""task290"": -0.3328096702140488, ""task620"": -0.34328556707387076}",task1342,continuous_primal_dual_psd,6,0.00971416915586909,0.00971416915586909,0.0,"[0.0, 0.0, 1.0]",primal=Optimization terminated successfully; dual=outer=Optimization terminated successfully; inner=Optimization terminated successfully,1,-23.402731643668865,23.402731643668865,,mistral7b_10x_licenseclean_contcert_20260504_dare_ties_20260504_licenseclean,mistral7b_10x_licenseclean_contcert_20260504
dare_ties,triple,task290+task1391+task039,-0.3767537375345438,-0.8139009865981354,1,"[0.5404274834395969, 0.2, 0.25957251656040303]","[0.2, 0.4, 0.4]",0.1386368732428377,"{""task039"": 3.707472097774776, ""task1391"": 2.4454958533878757, ""task290"": 0.8139009865981354}",task290,continuous_primal_dual_psd,6,-0.3767537375345438,-0.3767537375345438,0.0,"[0.0, 1.0, 0.0]",primal=Optimization terminated successfully; dual=outer=Optimization terminated successfully; inner=Optimization terminated successfully,1,-104.64281932132046,104.64281932132047,,mistral7b_10x_licenseclean_contcert_20260504_dare_ties_20260504_licenseclean,mistral7b_10x_licenseclean_contcert_20260504
dare_ties,triple,task290+task1391+task1342,-1.4388584124123742,-0.19396687072609858,1,"[0.41664490146850786, 0.20000000000000354, 0.38335509853148864]","[0.4, 0.2, 0.4]",0.0,"{""task1342"": 0.19396687072609858, ""task1391"": 1.359802485997385, ""task290"": 0.31440603601428313}",task1342,continuous_primal_dual_psd,6,-1.4388584124123742,-1.4388584124123742,0.0,"[0.0, 1.0, 0.0]",primal=Optimization terminated successfully; dual=outer=Optimization terminated successfully; inner=Optimization terminated successfully,1,-24.53561844169245,24.53561844169245,,mistral7b_10x_licenseclean_contcert_20260504_dare_ties_20260504_licenseclean,mistral7b_10x_licenseclean_contcert_20260504
dare_ties,triple,task290+task1391+task1598,-1.2138600809195543,0.10499088000413796,0,"[0.3768412869798967, 0.42315871302010294, 0.2000000000000004]","[0.4, 0.4, 0.2]",0.0,"{""task1391"": 0.5304406637205896, ""task1598"": 11.08165674209598, ""task290"": -0.10499088000413796}",task290,continuous_primal_dual_psd,6,-1.2138600809195543,-1.2138600809195543,0.0,"[1.0, 0.0, 0.0]",primal=Optimization terminated successfully; dual=outer=Optimization terminated successfully; inner=Optimization terminated successfully,1,-146.48148532249175,146.48148532249175,,mistral7b_10x_licenseclean_contcert_20260504_dare_ties_20260504_licenseclean,mistral7b_10x_licenseclean_contcert_20260504
dare_ties,triple,task290+task1391+task442,-0.8340203536875932,-0.30174368715180316,1,"[0.4412128217588094, 0.2000000000000058, 0.3587871782411848]","[0.2, 0.2, 0.6]",0.16074801214274625,"{""task1391"": 0.8896068762188659, ""task290"": 0.30174368715180316, ""task442"": 1.7746858969593295}",task290,continuous_primal_dual_psd,6,-0.8340203536875932,-0.8340203536875932,0.0,"[0.0, 1.0, 0.0]",primal=Optimization terminated successfully; dual=outer=Optimization terminated successfully; inner=Optimization terminated successfully,1,-18.793679397935833,18.793679397935833,,mistral7b_10x_licenseclean_contcert_20260504_dare_ties_20260504_licenseclean,mistral7b_10x_licenseclean_contcert_20260504
dare_ties,triple,task290+task1391+task620,-0.6251336022823271,0.002420313724801283,0,"[0.40103620903208953, 0.2, 0.39896379096791046]","[0.2, 0.6, 0.2]",0.3734198318261944,"{""task1391"": 0.4210900479120276, ""task290"": 0.06786861600289931, ""task620"": -0.002420313724801283}",task620,continuous_primal_dual_psd,6,-0.6251336022823271,-0.6251336022823271,0.0,"[0.0, 1.0, 0.0]",primal=Optimization terminated successfully; dual=outer=Optimization terminated successfully; inner=Optimization terminated successfully,1,-19.458587636385392,19.4585876363854,,mistral7b_10x_licenseclean_contcert_20260504_dare_ties_20260504_licenseclean,mistral7b_10x_licenseclean_contcert_20260504
dare_ties,triple,task290+task1598+task039,-2.8351264602384596,-0.09576060334270647,1,"[0.2, 0.3957022611276921, 0.4042977388723079]","[0.2, 0.4, 0.4]",0.0,"{""task039"": 1.8743989844470332, ""task1598"": 16.785809326171908, ""task290"": 0.09576060334270647}",task290,continuous_primal_dual_psd,6,-2.8351264602384596,-2.8351264602384596,0.0,"[1.0, 0.0, 0.0]",primal=Optimization terminated successfully; dual=outer=Optimization terminated successfully; inner=Optimization terminated successfully,1,-437.2796418201928,437.2796418201928,,mistral7b_10x_licenseclean_contcert_20260504_dare_ties_20260504_licenseclean,mistral7b_10x_licenseclean_contcert_20260504
dare_ties,triple,task290+task442+task039,0.8526456992422846,-0.4418482760405004,1,"[0.2, 0.20000000000081478, 0.5999999999991852]","[0.2, 0.4, 0.4]",0.5226167273229039,"{""task039"": 3.336809162215133, ""task290"": 0.4418482760405004, ""task442"": 3.0669959664781787}",task290,continuous_primal_dual_psd,6,0.8526456992422846,0.8526456992422838,7.771561172376096e-16,"[1.7624790515924329e-15, 0.9999999999999982, 0.0]",primal=Optimization terminated successfully; dual=outer=Optimization terminated successfully; inner=Optimization terminated successfully,1,-408.6009432793908,408.60094327939083,,mistral7b_10x_licenseclean_contcert_20260504_dare_ties_20260504_licenseclean,mistral7b_10x_licenseclean_contcert_20260504
dare_ties,triple,task290+task442+task1598,-0.18348298539812102,-0.04575693809614318,1,"[0.40825642856678124, 0.2, 0.3917435714332187]","[0.4, 0.2, 0.4]",0.0,"{""task1598"": 12.625905799865755, ""task290"": 0.04575693809614318, ""task442"": 1.1640206063839513}",task290,continuous_primal_dual_psd,6,-0.18348298539812102,-0.18348298539812102,0.0,"[1.0, 0.0, 0.0]",primal=Optimization terminated successfully; dual=outer=Optimization terminated successfully; inner=Optimization terminated successfully,1,-614.5962734780323,614.5962734780323,,mistral7b_10x_licenseclean_contcert_20260504_dare_ties_20260504_licenseclean,mistral7b_10x_licenseclean_contcert_20260504
dare_ties,triple,task290+task442+task620,-0.33701355134597977,-0.27151513702654534,1,"[0.32508704533158017, 0.2, 0.4749129546684199]","[0.2, 0.2, 0.6]",0.6491006450728379,"{""task290"": 0.27550321679286777, ""task442"": 1.6305199263557881, ""task620"": 0.27151513702654534}",task620,continuous_primal_dual_psd,6,-0.33701355134597977,-0.33701355134597977,0.0,"[0.0, 0.0, 1.0]",primal=Optimization terminated successfully; dual=outer=Optimization terminated successfully; inner=Optimization terminated successfully,1,-12.571879487429644,12.571879487429648,,mistral7b_10x_licenseclean_contcert_20260504_dare_ties_20260504_licenseclean,mistral7b_10x_licenseclean_contcert_20260504
dare_ties,triple,task290+task620+task039,2.512089789736538,-0.07832538347427317,1,"[0.2, 0.2, 0.6]","[0.2, 0.2, 0.6]",0.0,"{""task039"": 1.3410112906140157, ""task290"": 0.12025954257723051, ""task620"": 0.07832538347427317}",task620,continuous_primal_dual_psd,6,2.512089789736538,2.512089789736538,0.0,"[0.0, 0.0, 1.0]",primal=Optimization terminated successfully; dual=outer=Optimization terminated successfully; inner=Optimization terminated successfully,1,-386.5921079425815,386.59210794258144,,mistral7b_10x_licenseclean_contcert_20260504_dare_ties_20260504_licenseclean,mistral7b_10x_licenseclean_contcert_20260504
dare_ties,triple,task290+task620+task1598,-0.5628481258870899,0.17050177225451313,0,"[0.5163919136628029, 0.2000000000000001, 0.28360808633719703]","[0.6, 0.2, 0.2]",0.0,"{""task1598"": 11.010631847381624, ""task290"": -0.17050177225451313, ""task620"": -0.027906836291622248}",task290,continuous_primal_dual_psd,6,-0.5628481258870899,-0.5628481258870899,0.0,"[0.0, 1.0, 0.0]",primal=Optimization terminated successfully; dual=outer=Optimization terminated successfully; inner=Optimization terminated successfully,1,-10.542253354004654,10.542253354004655,,mistral7b_10x_licenseclean_contcert_20260504_dare_ties_20260504_licenseclean,mistral7b_10x_licenseclean_contcert_20260504
dare_ties,triple,task391+task1342+task039,0.0351533382833466,-0.18337998105744446,1,"[0.2, 0.298935633525904, 0.5010643664740959]","[0.2, 0.2, 0.6]",0.0,"{""task039"": 3.0868080039658503, ""task1342"": 0.18337998105744446, ""task391"": 0.1994531345499587}",task1342,continuous_primal_dual_psd,6,0.0351533382833466,0.0351533382833466,0.0,"[1.0, 0.0, 0.0]",primal=Optimization terminated successfully; dual=outer=Optimization terminated successfully; inner=Optimization terminated successfully,0,1.327326050195705,0.0,,mistral7b_10x_licenseclean_contcert_20260504_dare_ties_20260504_licenseclean,mistral7b_10x_licenseclean_contcert_20260504
dare_ties,triple,task391+task1342+task1598,-0.19592066846160483,-0.289595815662891,1,"[0.2, 0.5534241915586315, 0.2465758084413685]","[0.2, 0.4, 0.4]",0.35402154904909133,"{""task1342"": 0.5136984859775127, ""task1598"": 26.52200155258182, ""task391"": 0.289595815662891}",task391,continuous_primal_dual_psd,6,-0.19592066846160483,-0.19592066846160483,0.0,"[1.0, 0.0, 0.0]",primal=Optimization terminated successfully; dual=outer=Optimization terminated successfully; inner=Optimization terminated successfully,0,0.5639326567629661,0.0,,mistral7b_10x_licenseclean_contcert_20260504_dare_ties_20260504_licenseclean,mistral7b_10x_licenseclean_contcert_20260504
dare_ties,triple,task391+task1342+task442,0.0633276840356114,0.01682862651918156,0,"[0.36405493489675467, 0.2, 0.43594506510324527]","[0.2, 0.4, 0.4]",0.288577926765178,"{""task1342"": 0.06323294771450876, ""task391"": -0.01682862651918156, ""task442"": 1.3933001555391276}",task391,continuous_primal_dual_psd,6,0.0633276840356114,0.0633276840356114,0.0,"[1.0, 0.0, 0.0]",primal=Optimization terminated successfully; dual=outer=Optimization terminated successfully; inner=Optimization terminated successfully,1,-104.96545829106427,104.96545829106427,,mistral7b_10x_licenseclean_contcert_20260504_dare_ties_20260504_licenseclean,mistral7b_10x_licenseclean_contcert_20260504
dare_ties,triple,task391+task1342+task620,1.601781084950745,-0.22299538434496222,1,"[0.20000000000000395, 0.2, 0.5999999999999961]","[0.4, 0.4, 0.2]",0.2920720124273813,"{""task1342"": 0.2933057946996981, ""task391"": 0.22299538434496222, ""task620"": 0.6840228593573241}",task391,continuous_primal_dual_psd,6,1.601781084950745,1.6017810849507448,2.220446049250313e-16,"[0.0, 0.9999999999999993, 6.938893903907223e-16]",primal=Optimization terminated successfully; dual=outer=Optimization terminated successfully; inner=Optimization terminated successfully,1,-56.91274349988896,56.91274349988896,,mistral7b_10x_licenseclean_contcert_20260504_dare_ties_20260504_licenseclean,mistral7b_10x_licenseclean_contcert_20260504
dare_ties,triple,task391+task1391+task039,10.661560411987102,-0.37032204298724763,1,"[0.2, 0.2, 0.6]","[0.2, 0.6, 0.2]",0.3020193602325584,"{""task039"": 2.9903289273530653, ""task1391"": 2.040317458232922, ""task391"": 0.37032204298724763}",task391,continuous_primal_dual_psd,6,10.661560411987102,10.661560411987102,0.0,"[0.0, 0.0, 1.0]",primal=Optimization terminated successfully; dual=outer=Optimization terminated successfully; inner=Optimization terminated successfully,1,-572.4541508378161,572.4541508378161,,mistral7b_10x_licenseclean_contcert_20260504_dare_ties_20260504_licenseclean,mistral7b_10x_licenseclean_contcert_20260504
dare_ties,triple,task391+task1391+task1342,-0.10107712190552465,-0.39538291734738645,1,"[0.4268169683172302, 0.3731830316827695, 0.2000000000000003]","[0.2, 0.4, 0.4]",0.6889763582486361,"{""task1342"": 0.570154102253653, ""task1391"": 1.8437818328266329, ""task391"": 0.39538291734738645}",task391,continuous_primal_dual_psd,6,-0.10107712190552465,-0.10107712190552465,0.0,"[1.0, 0.0, 0.0]",primal=Optimization terminated successfully; dual=outer=Optimization terminated successfully; inner=Optimization terminated successfully,1,-13.384739477516348,13.384739477516346,,mistral7b_10x_licenseclean_contcert_20260504_dare_ties_20260504_licenseclean,mistral7b_10x_licenseclean_contcert_20260504
dare_ties,triple,task391+task1391+task1598,7.272325918711583,-0.2586870767904742,1,"[0.2, 0.2, 0.6]","[0.4, 0.4, 0.2]",0.8503940661217344,"{""task1391"": 1.4551822254907738, ""task1598"": 25.2740233421326, ""task391"": 0.2586870767904742}",task391,continuous_primal_dual_psd,6,7.272325918711583,7.272325918711583,0.0,"[0.0, 0.0, 1.0]",primal=Optimization terminated successfully; dual=outer=Optimization terminated successfully; inner=Optimization terminated successfully,1,-583.7426885443599,583.7426885443599,,mistral7b_10x_licenseclean_contcert_20260504_dare_ties_20260504_licenseclean,mistral7b_10x_licenseclean_contcert_20260504
dare_ties,triple,task391+task1391+task442,-0.4113381363186961,-0.0769598242606973,1,"[0.2, 0.4485623946903664, 0.3514376053096335]","[0.2, 0.4, 0.4]",0.0,"{""task1391"": 1.3221710781191502, ""task391"": 0.0769598242606973, ""task442"": 1.9637701694312355}",task391,continuous_primal_dual_psd,6,-0.4113381363186961,-0.4113381363186961,0.0,"[1.0, 0.0, 0.0]",primal=Optimization terminated successfully; dual=outer=Optimization terminated successfully; inner=Optimization terminated successfully,1,-0.22182787296229822,0.2218278729622976,,mistral7b_10x_licenseclean_contcert_20260504_dare_ties_20260504_licenseclean,mistral7b_10x_licenseclean_contcert_20260504
dare_ties,triple,task391+task1391+task620,0.006259633150781596,-0.1928464038845388,1,"[0.20000000000000112, 0.401602741346325, 0.3983972586536739]","[0.2, 0.2, 0.6]",0.1069265162377727,"{""task1391"": 1.375449955020912, ""task391"": 0.1928464038845388, ""task620"": 0.5118233759828259}",task391,continuous_primal_dual_psd,6,0.006259633150781596,0.006259633150781596,0.0,"[1.0, 0.0, 0.0]",primal=Optimization terminated successfully; dual=outer=Optimization terminated successfully; inner=Optimization terminated successfully,1,-36.528231306166674,36.528231306166674,,mistral7b_10x_licenseclean_contcert_20260504_dare_ties_20260504_licenseclean,mistral7b_10x_licenseclean_contcert_20260504
dare_ties,triple,task391+task1598+task039,-0.035784193520862484,-0.33250320543992445,1,"[0.3840309623255562, 0.31459814738623954, 0.3013708902882042]","[0.2, 0.6, 0.2]",0.7922241425615503,"{""task039"": 2.977711731829776, ""task1598"": 29.291877079010042, ""task391"": 0.33250320543992445}",task391,continuous_primal_dual_psd,6,-0.035784193520862484,-0.035784193520862484,0.0,"[1.0, 0.0, 0.0]",primal=Optimization terminated successfully; dual=outer=Optimization terminated successfully; inner=Optimization terminated successfully,0,7.074991197458861,0.0,,mistral7b_10x_licenseclean_contcert_20260504_dare_ties_20260504_licenseclean,mistral7b_10x_licenseclean_contcert_20260504
dare_ties,triple,task391+task290+task039,-0.06587054403054116,-0.560631933408938,1,"[0.20000000000000517, 0.2960766235210637, 0.5039233764789312]","[0.2, 0.4, 0.4]",0.08702914385086424,"{""task039"": 3.0770802543206606, ""task290"": 0.7988546104489728, ""task391"": 0.560631933408938}",task391,continuous_primal_dual_psd,6,-0.06587054403054116,-0.06587054403054116,0.0,"[1.0, 0.0, 0.0]",primal=Optimization terminated successfully; dual=outer=Optimization terminated successfully; inner=Optimization terminated successfully,1,-19.47099076418845,19.470990764188446,,mistral7b_10x_licenseclean_contcert_20260504_dare_ties_20260504_licenseclean,mistral7b_10x_licenseclean_contcert_20260504
dare_ties,triple,task391+task290+task1342,1.687842010700433,0.026701024580838433,0,"[0.2283427550596735, 0.2, 0.5716572449403265]","[0.2, 0.4, 0.4]",0.237697758021184,"{""task1342"": 0.016729613633536245, ""task290"": 0.11356238249650884, ""task391"": -0.026701024580838433}",task391,continuous_primal_dual_psd,6,1.687842010700433,1.687842010700432,1.1102230246251565e-15,"[7.130986628672379e-16, 0.9999999999999992, 0.0]",primal=Optimization terminated successfully; dual=outer=Optimization terminated successfully; inner=Optimization terminated successfully,1,-84.1737793177776,84.1737793177776,,mistral7b_10x_licenseclean_contcert_20260504_dare_ties_20260504_licenseclean,mistral7b_10x_licenseclean_contcert_20260504
dare_ties,triple,task391+task290+task1391,0.816939929323654,-0.28302613536402527,1,"[0.2, 0.2, 0.6]","[0.4, 0.4, 0.2]",0.49839375959432186,"{""task1391"": 1.2854720834181463, ""task290"": 0.28302613536402527, ""task391"": 0.30387284954463634}",task290,continuous_primal_dual_psd,6,0.816939929323654,0.8169399293236539,1.1102230246251565e-16,"[0.0, 2.9143354396410354e-16, 0.9999999999999998]",primal=Optimization terminated successfully; dual=outer=Optimization terminated successfully; inner=Optimization terminated successfully,1,-41.29714998917904,41.29714998917904,,mistral7b_10x_licenseclean_contcert_20260504_dare_ties_20260504_licenseclean,mistral7b_10x_licenseclean_contcert_20260504
dare_ties,triple,task391+task290+task1598,1.069032051137478,0.2712325931451315,0,"[0.2, 0.2, 0.6]","[0.4, 0.4, 0.2]",19.371540748987403,"{""task1598"": 9.73425798416141, ""task290"": -0.2685837702882161, ""task391"": -0.2712325931451315}",task391,continuous_primal_dual_psd,6,1.069032051137478,1.069032051137447,3.108624468950438e-14,"[5.5122573172635987e-14, 0.9999999999999449, 0.0]",primal=Optimization terminated successfully; dual=outer=Optimization terminated successfully; inner=Optimization terminated successfully,1,-317.3667230538846,317.3667230538845,,mistral7b_10x_licenseclean_contcert_20260504_dare_ties_20260504_licenseclean,mistral7b_10x_licenseclean_contcert_20260504
dare_ties,triple,task391+task290+task442,0.39624720944729824,-0.219425902809813,1,"[0.20000000000001256, 0.2, 0.5999999999999874]","[0.4, 0.4, 0.2]",0.3809235949822931,"{""task290"": 0.4783654509546905, ""task391"": 0.219425902809813, ""task442"": 1.9032250681850273}",task391,continuous_primal_dual_psd,6,0.39624720944729824,0.39624720944729824,0.0,"[1.0, 0.0, 0.0]",primal=Optimization terminated successfully; dual=outer=Optimization terminated successfully; inner=Optimization terminated successfully,1,-87.16628723768028,87.16628723768028,,mistral7b_10x_licenseclean_contcert_20260504_dare_ties_20260504_licenseclean,mistral7b_10x_licenseclean_contcert_20260504
dare_ties,triple,task391+task290+task620,-0.09393540915804266,-0.165203332408359,1,"[0.20000000000000054, 0.4076192520042157, 0.3923807479957837]","[0.2, 0.4, 0.4]",0.0,"{""task290"": 0.45827127567828785, ""task391"": 0.165203332408359, ""task620"": 0.5800378221202765}",task391,continuous_primal_dual_psd,6,-0.09393540915804266,-0.09393540915804266,0.0,"[1.0, 0.0, 0.0]",primal=Optimization terminated successfully; dual=outer=Optimization terminated successfully; inner=Optimization terminated successfully,1,-27.38348988806457,27.38348988806457,,mistral7b_10x_licenseclean_contcert_20260504_dare_ties_20260504_licenseclean,mistral7b_10x_licenseclean_contcert_20260504
dare_ties,triple,task391+task442+task039,0.022296326444236847,-0.3210363408107606,1,"[0.2, 0.3946735337300491, 0.40532646626995095]","[0.4, 0.2, 0.4]",0.5346294582828836,"{""task039"": 2.779501304188697, ""task391"": 0.3210363408107606, ""task442"": 2.7751829807828226}",task391,continuous_primal_dual_psd,6,0.022296326444236847,0.022296326444236847,0.0,"[1.0, 0.0, 0.0]",primal=Optimization terminated successfully; dual=outer=Optimization terminated successfully; inner=Optimization terminated successfully,1,-25.31991238371991,25.31991238371991,,mistral7b_10x_licenseclean_contcert_20260504_dare_ties_20260504_licenseclean,mistral7b_10x_licenseclean_contcert_20260504
dare_ties,triple,task391+task442+task1598,12.55896396636961,0.34269405068565567,0,"[0.2, 0.2, 0.6]","[0.4, 0.4, 0.2]",2.2850632124979056,"{""task1598"": 10.878750610351595, ""task391"": -0.34269405068565567, ""task442"": 0.8982629762930331}",task391,continuous_primal_dual_psd,6,12.55896396636961,12.55896396636961,0.0,"[0.0, 0.0, 1.0]",primal=Optimization terminated successfully; dual=outer=Optimization terminated successfully; inner=Optimization terminated successfully,1,-332.7831220941224,339.0052017935996,,mistral7b_10x_licenseclean_contcert_20260504_dare_ties_20260504_licenseclean,mistral7b_10x_licenseclean_contcert_20260504
dare_ties,triple,task391+task442+task620,0.38809946235055304,0.08608754308494862,0,"[0.20000000000000176, 0.2, 0.5999999999999982]","[0.2, 0.4, 0.4]",0.028174857751632615,"{""task391"": -0.08608754308494862, ""task442"": 1.4012374617529668, ""task620"": 0.2856499906262524}",task391,continuous_primal_dual_psd,6,0.38809946235055304,0.38809946235054965,3.3861802251067274e-15,"[0.9999999999999771, 0.0, 2.28705943072777e-14]",primal=Optimization terminated successfully; dual=outer=Optimization terminated successfully; inner=Optimization terminated successfully,1,-167.62003913483153,167.6200391348315,,mistral7b_10x_licenseclean_contcert_20260504_dare_ties_20260504_licenseclean,mistral7b_10x_licenseclean_contcert_20260504
dare_ties,triple,task391+task620+task039,20.031749671667754,-0.1483445475399984,1,"[0.20000000000005666, 0.2, 0.5999999999999434]","[0.4, 0.4, 0.2]",0.3071842005940659,"{""task039"": 1.6793405391882108, ""task391"": 0.1483445475399984, ""task620"": 0.2564152279959165}",task391,continuous_primal_dual_psd,6,20.031749671667754,20.031749671667754,0.0,"[0.0, 0.0, 1.0]",primal=Optimization terminated successfully; dual=outer=Optimization terminated successfully; inner=Optimization terminated successfully,1,-807.3426967837836,807.3426967837837,,mistral7b_10x_licenseclean_contcert_20260504_dare_ties_20260504_licenseclean,mistral7b_10x_licenseclean_contcert_20260504
dare_ties,triple,task391+task620+task1598,0.22940603999438203,0.3905116303648985,0,"[0.40497729522120557, 0.3067706432794375, 0.2882520614993569]","[0.2, 0.6, 0.2]",0.14925161767146217,"{""task1598"": 4.809328842163119, ""task391"": -0.3369987624369724, ""task620"": -0.3905116303648985}",task620,continuous_primal_dual_psd,6,0.22940603999438203,0.2294060399943779,4.135580766728708e-15,"[0.7257848026807369, 0.27421519731926314, 0.0]",primal=Optimization terminated successfully; dual=outer=Optimization terminated successfully; inner=Optimization terminated successfully,1,-14.888679939639003,14.888679939639001,,mistral7b_10x_licenseclean_contcert_20260504_dare_ties_20260504_licenseclean,mistral7b_10x_licenseclean_contcert_20260504
dare_ties,triple,task442+task1598+task039,-0.5265827492822979,-2.5578880637006267,1,"[0.2, 0.2, 0.6]","[0.6, 0.2, 0.2]",0.27339470510201114,"{""task039"": 2.5578880637006267, ""task1598"": 27.970847415924105, ""task442"": 2.637216709596629}",task039,continuous_primal_dual_psd,6,-0.5265827492822979,-0.5265827492822979,0.0,"[1.0, 0.0, 0.0]",primal=Optimization terminated successfully; dual=outer=Optimization terminated successfully; inner=Optimization terminated successfully,1,-222.15170380122993,222.15170380122987,,mistral7b_10x_licenseclean_contcert_20260504_dare_ties_20260504_licenseclean,mistral7b_10x_licenseclean_contcert_20260504
dare_ties,triple,task442+task620+task039,0.9971424111196316,-0.4350398164004043,1,"[0.2, 0.2, 0.6]","[0.2, 0.2, 0.6]",0.0,"{""task039"": 2.3786049736768593, ""task442"": 2.3310130743249604, ""task620"": 0.4350398164004043}",task620,continuous_primal_dual_psd,6,0.9971424111196316,0.9971424111196316,0.0,"[1.0, 0.0, 0.0]",primal=Optimization terminated successfully; dual=outer=Optimization terminated successfully; inner=Optimization terminated successfully,1,-215.40945559891412,215.40945559891412,,mistral7b_10x_licenseclean_contcert_20260504_dare_ties_20260504_licenseclean,mistral7b_10x_licenseclean_contcert_20260504
dare_ties,triple,task442+task620+task1598,17.71928377151495,0.14452692781461057,0,"[0.20000000000000107, 0.2, 0.599999999999999]","[0.4, 0.4, 0.2]",1.0564650532466457,"{""task1598"": 5.765101242065462, ""task442"": 0.30918220235830124, ""task620"": -0.14452692781461057}",task620,continuous_primal_dual_psd,6,17.71928377151495,17.71928377151495,0.0,"[0.0, 0.0, 1.0]",primal=Optimization terminated successfully; dual=outer=Optimization terminated successfully; inner=Optimization terminated successfully,1,-443.31122537605097,443.8290557353424,,mistral7b_10x_licenseclean_contcert_20260504_dare_ties_20260504_licenseclean,mistral7b_10x_licenseclean_contcert_20260504
dare_ties,triple,task620+task1598+task039,-0.32312740216693925,-0.39638035011254596,1,"[0.2, 0.36825345275199, 0.43174654724801]","[0.2, 0.2, 0.6]",0.13514613606652465,"{""task039"": 2.5397514242605395, ""task1598"": 18.6425536155701, ""task620"": 0.39638035011254596}",task620,continuous_primal_dual_psd,6,-0.32312740216693925,-0.32312740216693925,0.0,"[1.0, 0.0, 0.0]",primal=Optimization terminated successfully; dual=outer=Optimization terminated successfully; inner=Optimization terminated successfully,1,-360.1289687736139,360.12896877361385,,mistral7b_10x_licenseclean_contcert_20260504_dare_ties_20260504_licenseclean,mistral7b_10x_licenseclean_contcert_20260504
linear,pair,task1342+task039,-0.4351223227020078,0.02932194795793599,0,"[0.8, 0.19999999999999996]","[0.8, 0.2]",0.0,"{""task039"": 1.4569443221848024, ""task1342"": -0.02932194795793599}",task1342,continuous_primal_dual_psd,4,-0.4351223227020078,-0.4351223227020078,0.0,"[1.0, 0.0]",primal=Optimization terminated successfully; dual=outer=Optimization terminated successfully; inner=Optimization terminated successfully,0,3.8222770557714063,0.0,,mistral7b_10x_licenseclean_contcert_20260504_linear_20260504_licenseclean,mistral7b_10x_licenseclean_contcert_20260504
linear,pair,task1342+task1598,-0.863184514510035,-0.11444056215379532,1,"[0.7885747765007564, 0.21142522349924364]","[0.6, 0.4]",0.14629562503521168,"{""task1342"": 0.11444056215379532, ""task1598"": 11.789867210388216}",task1342,continuous_primal_dual_psd,4,-0.863184514510035,-0.863184514510035,0.0,"[1.0, 0.0]",primal=Optimization terminated successfully; dual=outer=Optimization terminated successfully; inner=Optimization terminated successfully,0,5.785065380170168,0.0,,mistral7b_10x_licenseclean_contcert_20260504_linear_20260504_licenseclean,mistral7b_10x_licenseclean_contcert_20260504
linear,pair,task1342+task442,-0.48264466937982164,-0.13877728041465195,1,"[0.8, 0.19999999999999996]","[0.6, 0.4]",0.045688017611686144,"{""task1342"": 0.13877728041465195, ""task442"": 1.491313132196596}",task1342,continuous_primal_dual_psd,4,-0.48264466937982164,-0.48264466937982164,0.0,"[1.0, 0.0]",primal=Optimization terminated successfully; dual=outer=Optimization terminated successfully; inner=Optimization terminated successfully,0,0.20657997467171593,0.0,,mistral7b_10x_licenseclean_contcert_20260504_linear_20260504_licenseclean,mistral7b_10x_licenseclean_contcert_20260504
linear,pair,task1342+task620,-0.4486860959510135,-0.2675207469872082,1,"[0.2, 0.8]","[0.4, 0.6]",0.0638747835478278,"{""task1342"": 0.2675207469872082, ""task620"": 0.3096379721002079}",task1342,continuous_primal_dual_psd,4,-0.4486860959510135,-0.4486860959510135,0.0,"[0.0, 1.0]",primal=Optimization terminated successfully; dual=outer=Optimization terminated successfully; inner=Optimization terminated successfully,1,-1.2828891990509825,1.2828891990509825,,mistral7b_10x_licenseclean_contcert_20260504_linear_20260504_licenseclean,mistral7b_10x_licenseclean_contcert_20260504
linear,pair,task1391+task039,-0.34400649097612557,-1.694375753755369,1,"[0.609169052083603, 0.39083094791639705]","[0.6, 0.4]",0.0,"{""task039"": 2.4708788332260068, ""task1391"": 1.694375753755369}",task1391,continuous_primal_dual_psd,4,-0.34400649097612557,-0.34400649097612557,0.0,"[1.0, 0.0]",primal=Optimization terminated successfully; dual=outer=Optimization terminated successfully; inner=Optimization terminated successfully,0,7.694919719530768,0.0,,mistral7b_10x_licenseclean_contcert_20260504_linear_20260504_licenseclean,mistral7b_10x_licenseclean_contcert_20260504
linear,pair,task1391+task1342,-1.1162376124764926,-0.5136984859775127,1,"[0.47892507355967195, 0.521074926440328]","[0.4, 0.6]",0.0,"{""task1342"": 0.5136984859775127, ""task1391"": 1.8525368861339637}",task1342,continuous_primal_dual_psd,4,-1.1162376124764926,-1.1162376124764926,0.0,"[1.0, 0.0]",primal=Optimization terminated successfully; dual=outer=Optimization terminated successfully; inner=Optimization terminated successfully,0,6.249993751131045,0.0,,mistral7b_10x_licenseclean_contcert_20260504_linear_20260504_licenseclean,mistral7b_10x_licenseclean_contcert_20260504
linear,pair,task1391+task1598,-1.0025782030122625,-0.6384889653496861,1,"[0.6972555627219198, 0.3027444372780802]","[0.6, 0.4]",0.0,"{""task1391"": 0.6384889653496861, ""task1598"": 15.127941894531283}",task1391,continuous_primal_dual_psd,4,-1.0025782030122625,-1.0025782030122625,0.0,"[1.0, 0.0]",primal=Optimization terminated successfully; dual=outer=Optimization terminated successfully; inner=Optimization terminated successfully,0,6.85480927952041,0.0,,mistral7b_10x_licenseclean_contcert_20260504_linear_20260504_licenseclean,mistral7b_10x_licenseclean_contcert_20260504
linear,pair,task1391+task442,-0.5687856836868175,-0.8258963533014195,1,"[0.6256779639553337, 0.3743220360446663]","[0.4, 0.6]",0.3355067753168782,"{""task1391"": 0.8258963533014195, ""task442"": 1.1799010497069202}",task1391,continuous_primal_dual_psd,4,-0.5687856836868175,-0.5687856836868175,0.0,"[1.0, 0.0]",primal=Optimization terminated successfully; dual=outer=Optimization terminated successfully; inner=Optimization terminated successfully,0,5.208319794117265,0.0,,mistral7b_10x_licenseclean_contcert_20260504_linear_20260504_licenseclean,mistral7b_10x_licenseclean_contcert_20260504
linear,pair,task1391+task620,-0.39575992095088763,-0.5717927005572642,1,"[0.7017017243869657, 0.29829827561303435]","[0.4, 0.6]",0.37202761039944743,"{""task1391"": 1.7864055909770404, ""task620"": 0.5717927005572642}",task620,continuous_primal_dual_psd,4,-0.39575992095088763,-0.39575992095088763,0.0,"[0.0, 1.0]",primal=Optimization terminated successfully; dual=outer=Optimization terminated successfully; inner=Optimization terminated successfully,0,1.5460443892851843,0.0,,mistral7b_10x_licenseclean_contcert_20260504_linear_20260504_licenseclean,mistral7b_10x_licenseclean_contcert_20260504
linear,pair,task1598+task039,-5.972837399905643,-1.6709285607285589,1,"[0.5316642209377548, 0.4683357790622452]","[0.6, 0.4]",0.0,"{""task039"": 1.6709285607285589, ""task1598"": 13.297566699981722}",task039,continuous_primal_dual_psd,4,-5.972837399905643,-5.972837399905645,1.7763568394002505e-15,"[0.24042190953097103, 0.759578090469029]",primal=Optimization terminated successfully; dual=outer=Optimization terminated successfully; inner=Optimization terminated successfully,0,90.14412760734557,0.0,,mistral7b_10x_licenseclean_contcert_20260504_linear_20260504_licenseclean,mistral7b_10x_licenseclean_contcert_20260504
linear,pair,task190+task039,-4.232076564203032,-0.8835970280867775,1,"[0.34371878831495695, 0.656281211685043]","[0.2, 0.8]",0.10094374151582397,"{""task039"": 0.8835970280867775, ""task190"": 13.977357673645052}",task039,continuous_primal_dual_psd,4,-4.232076564203032,-4.232076564203032,0.0,"[1.0, 5.551115123125783e-17]",primal=Optimization terminated successfully; dual=outer=Optimization terminated successfully; inner=Optimization terminated successfully,0,149.0390300750732,0.0,,mistral7b_10x_licenseclean_contcert_20260504_linear_20260504_licenseclean,mistral7b_10x_licenseclean_contcert_20260504
linear,pair,task190+task1342,-1.459758062585401,-0.28489166495701707,1,"[0.34429469005929436, 0.6557053099407056]","[0.2, 0.8]",0.1354382033699039,"{""task1342"": 0.28489166495701707, ""task190"": 21.503755378723177}",task1342,continuous_primal_dual_psd,4,-1.459758062585401,-1.459758062585401,0.0,"[0.0, 1.0]",primal=Optimization terminated successfully; dual=outer=Optimization terminated successfully; inner=Optimization terminated successfully,0,24.535084591550685,0.0,,mistral7b_10x_licenseclean_contcert_20260504_linear_20260504_licenseclean,mistral7b_10x_licenseclean_contcert_20260504
linear,pair,task190+task1391,-0.49726035407147584,-0.5537269167547627,1,"[0.3134733237504148, 0.6865266762495852]","[0.2, 0.8]",0.6633747666231102,"{""task1391"": 0.5537269167547627, ""task190"": 6.266316699981722}",task1391,continuous_primal_dual_psd,4,-0.49726035407147584,-0.49726035407147584,0.0,"[0.0, 1.0]",primal=Optimization terminated successfully; dual=outer=Optimization terminated successfully; inner=Optimization terminated successfully,0,12.768776351480383,0.0,,mistral7b_10x_licenseclean_contcert_20260504_linear_20260504_licenseclean,mistral7b_10x_licenseclean_contcert_20260504
linear,pair,task190+task1598,-2.5279762136391852,9.764531326293913,0,"[0.4921626435441822, 0.5078373564558178]","[0.4, 0.6]",0.0,"{""task1598"": -6.598940563201872, ""task190"": -9.764531326293913}",task190,continuous_primal_dual_psd,4,-2.5279762136391852,-2.5279762136391852,0.0,"[1.0, 0.0]",primal=Optimization terminated successfully; dual=outer=Optimization terminated successfully; inner=Optimization terminated successfully,0,157.45192766189575,0.0,,mistral7b_10x_licenseclean_contcert_20260504_linear_20260504_licenseclean,mistral7b_10x_licenseclean_contcert_20260504
linear,pair,task190+task290,-1.3438620088877637,-0.32715947703399784,1,"[0.32228096884965257, 0.6777190311503474]","[0.2, 0.8]",0.22910432154130084,"{""task190"": 18.71964626312259, ""task290"": 0.32715947703399784}",task290,continuous_primal_dual_psd,4,-1.3438620088877637,-1.3438620088877637,0.0,"[0.0, 1.0]",primal=Optimization terminated successfully; dual=outer=Optimization terminated successfully; inner=Optimization terminated successfully,0,19.717571756708804,0.0,,mistral7b_10x_licenseclean_contcert_20260504_linear_20260504_licenseclean,mistral7b_10x_licenseclean_contcert_20260504
linear,pair,task190+task391,-0.3111239102943883,-0.23750039036324816,1,"[0.27074469924786887, 0.7292553007521312]","[0.2, 0.8]",0.0,"{""task190"": 21.852764415741, ""task391"": 0.23750039036324816}",task391,continuous_primal_dual_psd,4,-0.3111239102943883,-0.3111239102943883,0.0,"[0.0, 1.0]",primal=Optimization terminated successfully; dual=outer=Optimization terminated successfully; inner=Optimization terminated successfully,0,10.567741185413503,0.0,,mistral7b_10x_licenseclean_contcert_20260504_linear_20260504_licenseclean,mistral7b_10x_licenseclean_contcert_20260504
linear,pair,task190+task442,-2.161925973380628,-0.5895768373515448,1,"[0.3036479060281976, 0.6963520939718024]","[0.2, 0.8]",0.31637417438167004,"{""task190"": 11.877092647552523, ""task442"": 0.5895768373515448}",task442,continuous_primal_dual_psd,4,-2.161925973380628,-2.161925973380628,0.0,"[0.0, 1.0]",primal=Optimization terminated successfully; dual=outer=Optimization terminated successfully; inner=Optimization terminated successfully,0,59.960830805351186,0.0,,mistral7b_10x_licenseclean_contcert_20260504_linear_20260504_licenseclean,mistral7b_10x_licenseclean_contcert_20260504
linear,pair,task190+task620,-0.7457522893364771,-0.3068547874676147,1,"[0.277729784355926, 0.722270215644074]","[0.2, 0.8]",0.0,"{""task190"": 16.235896873474154, ""task620"": 0.3068547874676147}",task620,continuous_primal_dual_psd,4,-0.7457522893364771,-0.7457522893364771,0.0,"[0.0, 1.0]",primal=Optimization terminated successfully; dual=outer=Optimization terminated successfully; inner=Optimization terminated successfully,0,15.361832575110997,0.0,,mistral7b_10x_licenseclean_contcert_20260504_linear_20260504_licenseclean,mistral7b_10x_licenseclean_contcert_20260504
linear,pair,task280+task039,4.323774945730699,-0.07681462915174916,1,"[0.2999997092382282, 0.7000002907617717]","[0.2, 0.8]",0.0,"{""task039"": 0.07681462915174916, ""task280"": 4.586121368408236}",task039,continuous_primal_dual_psd,4,4.323774945730699,4.323774945730699,0.0,"[0.0, 1.0]",primal=Optimization terminated successfully; dual=outer=Optimization terminated successfully; inner=Optimization terminated successfully,0,82.93241262435913,0.0,,mistral7b_10x_licenseclean_contcert_20260504_linear_20260504_licenseclean,mistral7b_10x_licenseclean_contcert_20260504
linear,pair,task280+task1342,-0.09462819062607064,-0.025504629870771015,1,"[0.2000000000000004, 0.7999999999999996]","[0.2, 0.8]",0.0,"{""task1342"": 0.025504629870771015, ""task280"": 17.489942836761507}",task1342,continuous_primal_dual_psd,4,-0.09462819062607064,-0.09462819062607064,0.0,"[0.0, 1.0]",primal=Optimization terminated successfully; dual=outer=Optimization terminated successfully; inner=Optimization terminated successfully,1,-0.25825858825554326,0.25825858825554326,,mistral7b_10x_licenseclean_contcert_20260504_linear_20260504_licenseclean,mistral7b_10x_licenseclean_contcert_20260504
linear,pair,task280+task1391,-0.2209678048273246,-0.27317670542966355,1,"[0.2, 0.8]","[0.2, 0.8]",0.0,"{""task1391"": 0.27317670542966355, ""task280"": 11.39213733673099}",task1391,continuous_primal_dual_psd,4,-0.2209678048273246,-0.2209678048273246,0.0,"[0.0, 1.0]",primal=Optimization terminated successfully; dual=outer=Optimization terminated successfully; inner=Optimization terminated successfully,1,-1.747333732594401,1.747333732594401,,mistral7b_10x_licenseclean_contcert_20260504_linear_20260504_licenseclean,mistral7b_10x_licenseclean_contcert_20260504
linear,pair,task280+task1598,1.4836592197417875,6.140330505371061,0,"[0.2, 0.8]","[0.2, 0.8]",0.0,"{""task1598"": -6.140330505371061, ""task280"": -4.985717010498014}",task1598,continuous_primal_dual_psd,4,1.4836592197417875,1.4836592197417875,0.0,"[0.0, 1.0]",primal=Optimization terminated successfully; dual=outer=Optimization terminated successfully; inner=Optimization terminated successfully,0,13.62204551696774,0.0,,mistral7b_10x_licenseclean_contcert_20260504_linear_20260504_licenseclean,mistral7b_10x_licenseclean_contcert_20260504
linear,pair,task280+task190,24.093448136259163,29.431727600097624,0,"[0.414003126849713, 0.5859968731502869]","[0.2, 0.8]",0.018262863159179688,"{""task190"": -27.826598358154264, ""task280"": -29.431727600097624}",task280,continuous_primal_dual_psd,4,24.093448136259163,24.093448136243673,1.5489831639570184e-11,"[0.12273037488032011, 0.8772696251196799]",primal=Optimization terminated successfully; dual=outer=Optimization terminated successfully; inner=Optimization terminated successfully,0,41.666477918624786,0.0,,mistral7b_10x_licenseclean_contcert_20260504_linear_20260504_licenseclean,mistral7b_10x_licenseclean_contcert_20260504
linear,pair,task280+task290,-0.18995849595698253,0.12123169532745583,0,"[0.2000000000000004, 0.7999999999999996]","[0.2, 0.8]",0.0,"{""task280"": 15.623065757751498, ""task290"": -0.12123169532745583}",task290,continuous_primal_dual_psd,4,-0.18995849595698253,-0.18995849595698253,0.0,"[0.0, 1.0]",primal=Optimization terminated successfully; dual=outer=Optimization terminated successfully; inner=Optimization terminated successfully,0,1.7782583863999895,0.0,,mistral7b_10x_licenseclean_contcert_20260504_linear_20260504_licenseclean,mistral7b_10x_licenseclean_contcert_20260504
linear,pair,task280+task391,0.08625142273330569,0.2682716321466581,0,"[0.2, 0.8]","[0.2, 0.8]",0.0,"{""task280"": 7.201787757873568, ""task391"": -0.2682716321466581}",task391,continuous_primal_dual_psd,4,0.08625142273330569,0.08625142273330569,0.0,"[0.0, 1.0]",primal=Optimization terminated successfully; dual=outer=Optimization terminated successfully; inner=Optimization terminated successfully,0,1.1799019236219246,0.0,,mistral7b_10x_licenseclean_contcert_20260504_linear_20260504_licenseclean,mistral7b_10x_licenseclean_contcert_20260504
linear,pair,task280+task442,-0.35078483675588706,-0.30595480181515333,1,"[0.20000000000005982, 0.7999999999999402]","[0.2, 0.8]",0.0,"{""task280"": 6.745216178894076, ""task442"": 0.30595480181515333}",task442,continuous_primal_dual_psd,4,-0.35078483675588706,-0.35078483675588706,0.0,"[0.0, 1.0]",primal=Optimization terminated successfully; dual=outer=Optimization terminated successfully; inner=Optimization terminated successfully,0,23.632928275044453,0.0,,mistral7b_10x_licenseclean_contcert_20260504_linear_20260504_licenseclean,mistral7b_10x_licenseclean_contcert_20260504
linear,pair,task280+task620,0.03355192583254416,0.0906612328300049,0,"[0.2, 0.8]","[0.2, 0.8]",0.0,"{""task280"": 10.265919494628939, ""task620"": -0.0906612328300049}",task620,continuous_primal_dual_psd,4,0.03355192583254416,0.03355192583254416,0.0,"[0.0, 1.0]",primal=Optimization terminated successfully; dual=outer=Optimization terminated successfully; inner=Optimization terminated successfully,0,3.1249999999999933,0.0,,mistral7b_10x_licenseclean_contcert_20260504_linear_20260504_licenseclean,mistral7b_10x_licenseclean_contcert_20260504
linear,pair,task290+task039,-1.407866787001491,-0.4417571838832657,1,"[0.5637839767738573, 0.4362160232261427]","[0.4, 0.6]",0.06753001190127123,"{""task039"": 2.2329713418240775, ""task290"": 0.4417571838832657}",task290,continuous_primal_dual_psd,4,-1.407866787001491,-1.407866787001491,0.0,"[1.0, 0.0]",primal=Optimization terminated successfully; dual=outer=Optimization terminated successfully; inner=Optimization terminated successfully,0,17.416330525935752,0.0,,mistral7b_10x_licenseclean_contcert_20260504_linear_20260504_licenseclean,mistral7b_10x_licenseclean_contcert_20260504
linear,pair,task290+task1342,-0.9913964205431194,-0.6459705614415893,1,"[0.45183628928931135, 0.5481637107106887]","[0.6, 0.4]",0.10209421823652354,"{""task1342"": 0.6459705614415893, ""task290"": 0.659941765700193}",task1342,continuous_primal_dual_psd,4,-0.9913964205431194,-0.9913964205431194,0.0,"[3.7470027081099033e-16, 0.9999999999999997]",primal=Optimization terminated successfully; dual=outer=Optimization terminated successfully; inner=Optimization terminated successfully,0,7.592952343481044,0.0,,mistral7b_10x_licenseclean_contcert_20260504_linear_20260504_licenseclean,mistral7b_10x_licenseclean_contcert_20260504
linear,pair,task290+task1391,-0.6500009482367155,-0.5922290304776048,1,"[0.4474156926832472, 0.5525843073167528]","[0.6, 0.4]",0.17542840264242715,"{""task1391"": 1.5181474744954337, ""task290"": 0.5922290304776048}",task290,continuous_primal_dual_psd,4,-0.6500009482367155,-0.6500009482367155,0.0,"[0.0, 1.0]",primal=Optimization terminated successfully; dual=outer=Optimization terminated successfully; inner=Optimization terminated successfully,0,5.9811299154852975,0.0,,mistral7b_10x_licenseclean_contcert_20260504_linear_20260504_licenseclean,mistral7b_10x_licenseclean_contcert_20260504
linear,pair,task290+task1598,-0.21229391109415507,0.06397730996774423,0,"[0.6636755051937953, 0.33632449480620474]","[0.8, 0.2]",0.08789854166307329,"{""task1598"": 14.500901031494173, ""task290"": -0.06397730996774423}",task290,continuous_primal_dual_psd,4,-0.21229391109415507,-0.21229391109415507,0.0,"[1.0, 0.0]",primal=Optimization terminated successfully; dual=outer=Optimization terminated successfully; inner=Optimization terminated successfully,0,9.67573701967668,0.0,,mistral7b_10x_licenseclean_contcert_20260504_linear_20260504_licenseclean,mistral7b_10x_licenseclean_contcert_20260504
linear,pair,task290+task442,-1.222561023386922,-0.4447853243527622,1,"[0.6529668922428268, 0.3470331077571732]","[0.8, 0.2]",0.11010238974075925,"{""task290"": 0.4447853243527622, ""task442"": 2.5764237953005855}",task290,continuous_primal_dual_psd,4,-1.222561023386922,-1.222561023386922,0.0,"[1.0, 0.0]",primal=Optimization terminated successfully; dual=outer=Optimization terminated successfully; inner=Optimization terminated successfully,0,9.518871345247652,0.0,,mistral7b_10x_licenseclean_contcert_20260504_linear_20260504_licenseclean,mistral7b_10x_licenseclean_contcert_20260504
linear,pair,task290+task620,-0.2631599372802643,-0.4672640659226951,1,"[0.2, 0.8]","[0.6, 0.4]",0.30544170533142456,"{""task290"": 0.4672640659226951, ""task620"": 0.4764837255417566}",task290,continuous_primal_dual_psd,4,-0.2631599372802643,-0.2631599372802643,0.0,"[0.0, 1.0]",primal=Optimization terminated successfully; dual=outer=Optimization terminated successfully; inner=Optimization terminated successfully,1,-1.3598137531357608,1.3598137531357608,,mistral7b_10x_licenseclean_contcert_20260504_linear_20260504_licenseclean,mistral7b_10x_licenseclean_contcert_20260504
linear,pair,task391+task039,-0.16895022252388459,-0.31245459517769847,1,"[0.7999999999999998, 0.20000000000000018]","[0.6, 0.4]",0.10328030044140044,"{""task039"": 2.224818811203827, ""task391"": 0.31245459517769847}",task391,continuous_primal_dual_psd,4,-0.16895022252388459,-0.16895022252388459,0.0,"[1.0, 0.0]",primal=Optimization terminated successfully; dual=outer=Optimization terminated successfully; inner=Optimization terminated successfully,1,-34.855455160140956,34.855455160140956,,mistral7b_10x_licenseclean_contcert_20260504_linear_20260504_licenseclean,mistral7b_10x_licenseclean_contcert_20260504
linear,pair,task391+task1342,-0.2139537001750792,-0.5530374721949842,1,"[0.8, 0.19999999999999996]","[0.6, 0.4]",0.07184111368180801,"{""task1342"": 0.656646211117004, ""task391"": 0.5530374721949842}",task391,continuous_primal_dual_psd,4,-0.2139537001750792,-0.2139537001750792,0.0,"[1.0, 0.0]",primal=Optimization terminated successfully; dual=outer=Optimization terminated successfully; inner=Optimization terminated successfully,0,0.44460256832299927,0.0,,mistral7b_10x_licenseclean_contcert_20260504_linear_20260504_licenseclean,mistral7b_10x_licenseclean_contcert_20260504
linear,pair,task391+task1391,-0.38489522833044887,-0.33926206623951327,1,"[0.5509717808307582, 0.44902821916924185]","[0.6, 0.4]",0.0,"{""task1391"": 1.5690055791577184, ""task391"": 0.33926206623951327}",task391,continuous_primal_dual_psd,4,-0.38489522833044887,-0.38489522833044887,0.0,"[1.0, 0.0]",primal=Optimization terminated successfully; dual=outer=Optimization terminated successfully; inner=Optimization terminated successfully,0,3.057759045612742,0.0,,mistral7b_10x_licenseclean_contcert_20260504_linear_20260504_licenseclean,mistral7b_10x_licenseclean_contcert_20260504
linear,pair,task391+task1598,-0.11079407866757207,-0.10650028418444485,1,"[0.7535623586213115, 0.2464376413786885]","[0.8, 0.2]",0.0,"{""task1598"": 20.426222610473665, ""task391"": 0.10650028418444485}",task391,continuous_primal_dual_psd,4,-0.11079407866757207,-0.11079407866757207,0.0,"[1.0, 0.0]",primal=Optimization terminated successfully; dual=outer=Optimization terminated successfully; inner=Optimization terminated successfully,0,3.984270179153733,0.0,,mistral7b_10x_licenseclean_contcert_20260504_linear_20260504_licenseclean,mistral7b_10x_licenseclean_contcert_20260504
linear,pair,task391+task290,0.01757875086432359,-0.5407560325646393,1,"[0.8, 0.19999999999999996]","[0.4, 0.6]",0.07292571164589756,"{""task290"": 0.5407560325646393, ""task391"": 0.5597200448627757}",task290,continuous_primal_dual_psd,4,0.01757875086432359,0.01757875086432359,0.0,"[1.0, 0.0]",primal=Optimization terminated successfully; dual=outer=Optimization terminated successfully; inner=Optimization terminated successfully,1,-2.5889450160911744,2.5889450160911744,,mistral7b_10x_licenseclean_contcert_20260504_linear_20260504_licenseclean,mistral7b_10x_licenseclean_contcert_20260504
linear,pair,task391+task442,-0.1714772563647134,-0.21570429114049486,1,"[0.8, 0.19999999999999996]","[0.8, 0.2]",0.0,"{""task391"": 0.21570429114049486, ""task442"": 2.182874806304943}",task391,continuous_primal_dual_psd,4,-0.1714772563647134,-0.1714772563647134,0.0,"[1.0, 0.0]",primal=Optimization terminated successfully; dual=outer=Optimization terminated successfully; inner=Optimization terminated successfully,0,0.7353057153047696,0.0,,mistral7b_10x_licenseclean_contcert_20260504_linear_20260504_licenseclean,mistral7b_10x_licenseclean_contcert_20260504
linear,pair,task391+task620,-0.35697751152814755,-0.5505315632107406,1,"[0.8, 0.19999999999999996]","[0.6, 0.4]",0.055969167103129935,"{""task391"": 0.5505315632107406, ""task620"": 0.9022707112596912}",task391,continuous_primal_dual_psd,4,-0.35697751152814755,-0.35697751152814755,0.0,"[1.0, 0.0]",primal=Optimization terminated successfully; dual=outer=Optimization terminated successfully; inner=Optimization terminated successfully,0,0.08549119851511702,0.0,,mistral7b_10x_licenseclean_contcert_20260504_linear_20260504_licenseclean,mistral7b_10x_licenseclean_contcert_20260504
linear,pair,task442+task039,-2.893924863125217,-1.9099218514258682,1,"[0.42615683826003736, 0.5738431617399626]","[0.4, 0.6]",0.0,"{""task039"": 2.111254785499959, ""task442"": 1.9099218514258682}",task442,continuous_primal_dual_psd,4,-2.893924863125217,-2.893924863125217,0.0,"[1.0, 0.0]",primal=Optimization terminated successfully; dual=outer=Optimization terminated successfully; inner=Optimization terminated successfully,0,5.078193102967325,0.0,,mistral7b_10x_licenseclean_contcert_20260504_linear_20260504_licenseclean,mistral7b_10x_licenseclean_contcert_20260504
linear,pair,task442+task1598,1.1457264043105742,-0.5980156005603446,1,"[0.6446186367746451, 0.35538136322535485]","[0.6, 0.4]",0.0,"{""task1598"": 9.022006320953402, ""task442"": 0.5980156005603446}",task442,continuous_primal_dual_psd,4,1.1457264043105742,1.1457264043105742,0.0,"[0.0, 1.0]",primal=Optimization terminated successfully; dual=outer=Optimization terminated successfully; inner=Optimization terminated successfully,0,10.15638620593465,0.0,,mistral7b_10x_licenseclean_contcert_20260504_linear_20260504_licenseclean,mistral7b_10x_licenseclean_contcert_20260504
linear,pair,task442+task620,-0.5378493605699899,-0.5820742526482385,1,"[0.27333228895633654, 0.7266677110436635]","[0.2, 0.8]",0.0,"{""task442"": 1.8833723274455825, ""task620"": 0.5820742526482385}",task620,continuous_primal_dual_psd,4,-0.5378493605699899,-0.5378493605699899,0.0,"[0.0, 1.0]",primal=Optimization terminated successfully; dual=outer=Optimization terminated successfully; inner=Optimization terminated successfully,0,3.8486675971529443,0.0,,mistral7b_10x_licenseclean_contcert_20260504_linear_20260504_licenseclean,mistral7b_10x_licenseclean_contcert_20260504
linear,pair,task620+task039,-0.28289487593081164,-0.41844010805600906,1,"[0.799999999999996, 0.20000000000000395]","[0.6, 0.4]",0.2751112581831542,"{""task039"": 1.4879606936523353, ""task620"": 0.41844010805600906}",task620,continuous_primal_dual_psd,4,-0.28289487593081164,-0.28289487593081164,0.0,"[1.0, 0.0]",primal=Optimization terminated successfully; dual=outer=Optimization terminated successfully; inner=Optimization terminated successfully,0,4.276305486606478,0.0,,mistral7b_10x_licenseclean_contcert_20260504_linear_20260504_licenseclean,mistral7b_10x_licenseclean_contcert_20260504
linear,pair,task620+task1598,0.785798991472936,0.09044733527686709,0,"[0.8, 0.19999999999999996]","[0.8, 0.2]",0.0,"{""task1598"": 14.145800399780306, ""task620"": -0.09044733527686709}",task620,continuous_primal_dual_psd,4,0.785798991472936,0.785798991472936,0.0,"[1.0, 0.0]",primal=Optimization terminated successfully; dual=outer=Optimization terminated successfully; inner=Optimization terminated successfully,1,-2.697398814510887,2.697398814510887,,mistral7b_10x_licenseclean_contcert_20260504_linear_20260504_licenseclean,mistral7b_10x_licenseclean_contcert_20260504
linear,triple,task1342+task1598+task039,-0.4758876546162196,-0.09933116411672022,1,"[0.5803430704028437, 0.2, 0.21965692959715621]","[0.4, 0.4, 0.2]",0.003166659402873709,"{""task039"": 1.567354821174037, ""task1342"": 0.09933116411672022, ""task1598"": 17.34182529449466}",task1342,continuous_primal_dual_psd,6,-0.4758876546162196,-0.4758876546162196,0.0,"[1.0, 0.0, 0.0]",primal=Optimization terminated successfully; dual=outer=Optimization terminated successfully; inner=Optimization terminated successfully,1,-108.95549226591275,108.95549226591275,,mistral7b_10x_licenseclean_contcert_20260504_linear_20260504_licenseclean,mistral7b_10x_licenseclean_contcert_20260504
linear,triple,task1342+task442+task039,-0.29531293238221124,-0.16845235501026243,1,"[0.2, 0.36615008276316746, 0.4338499172368325]","[0.6, 0.2, 0.2]",0.09282542766909846,"{""task039"": 1.722189585331318, ""task1342"": 0.16845235501026243, ""task442"": 1.4039677784726219}",task1342,continuous_primal_dual_psd,6,-0.29531293238221124,-0.29531293238221423,2.9976021664879227e-15,"[0.9638758556307213, 8.335312420750668e-16, 0.03612414436927787]",primal=Optimization terminated successfully; dual=outer=Optimization terminated successfully; inner=Optimization terminated successfully,1,-114.21405041766187,114.21405041766187,,mistral7b_10x_licenseclean_contcert_20260504_linear_20260504_licenseclean,mistral7b_10x_licenseclean_contcert_20260504
linear,triple,task1342+task442+task1598,4.664114845096158,0.08396781679084289,0,"[0.2, 0.2, 0.6]","[0.4, 0.4, 0.2]",0.33574668425567555,"{""task1342"": -0.08396781679084289, ""task1598"": 15.259823131561312, ""task442"": 1.046896870412721}",task1342,continuous_primal_dual_psd,6,4.664114845096158,4.664114845096158,0.0,"[0.0, 1.0, 0.0]",primal=Optimization terminated successfully; dual=outer=Optimization terminated successfully; inner=Optimization terminated successfully,1,-136.6984395688607,136.69843956886072,,mistral7b_10x_licenseclean_contcert_20260504_linear_20260504_licenseclean,mistral7b_10x_licenseclean_contcert_20260504
linear,triple,task1342+task442+task620,-0.14140292427874562,-0.17866850031392423,1,"[0.2, 0.2, 0.6]","[0.2, 0.2, 0.6]",0.0,"{""task1342"": 0.20446127990866675, ""task442"": 1.4888335439744214, ""task620"": 0.17866850031392423}",task620,continuous_primal_dual_psd,6,-0.14140292427874562,-0.14140292427874562,0.0,"[0.0, 0.0, 1.0]",primal=Optimization terminated successfully; dual=outer=Optimization terminated successfully; inner=Optimization terminated successfully,1,-21.72304499812905,21.723044998129055,,mistral7b_10x_licenseclean_contcert_20260504_linear_20260504_licenseclean,mistral7b_10x_licenseclean_contcert_20260504
linear,triple,task1342+task620+task039,0.39815993298984775,-0.10304101350108719,1,"[0.2, 0.2, 0.6]","[0.2, 0.6, 0.2]",0.36334094791435245,"{""task039"": 1.1622517292661843, ""task1342"": 0.10304101350108719, ""task620"": 0.27290672934284194}",task1342,continuous_primal_dual_psd,6,0.39815993298984775,0.39815993298984775,0.0,"[0.0, 1.0, 0.0]",primal=Optimization terminated successfully; dual=outer=Optimization terminated successfully; inner=Optimization terminated successfully,1,-16.20164694768078,16.201646947680782,,mistral7b_10x_licenseclean_contcert_20260504_linear_20260504_licenseclean,mistral7b_10x_licenseclean_contcert_20260504
linear,triple,task1342+task620+task1598,-0.23905313521382454,0.059720390033793376,0,"[0.6, 0.2, 0.19999999999999996]","[0.2, 0.6, 0.2]",0.08730689383559095,"{""task1342"": -0.059720390033793376, ""task1598"": 8.108851242065462, ""task620"": -0.02683671941548277}",task1342,continuous_primal_dual_psd,6,-0.23905313521382454,-0.23905313521382454,0.0,"[0.0, 1.0, 0.0]",primal=Optimization terminated successfully; dual=outer=Optimization terminated successfully; inner=Optimization terminated successfully,1,-117.98334678213129,117.98334678213128,,mistral7b_10x_licenseclean_contcert_20260504_linear_20260504_licenseclean,mistral7b_10x_licenseclean_contcert_20260504
linear,triple,task1391+task1342+task039,0.33231572513634167,-0.6656938853390784,1,"[0.2, 0.2, 0.6]","[0.4, 0.4, 0.2]",0.4227819831005199,"{""task039"": 2.771348773568447, ""task1342"": 0.6656938853390784, ""task1391"": 1.7495183626299289}",task1342,continuous_primal_dual_psd,6,0.33231572513634167,0.33231572513634167,0.0,"[1.0, 0.0, 0.0]",primal=Optimization terminated successfully; dual=outer=Optimization terminated successfully; inner=Optimization terminated successfully,1,-15.901858585587469,15.901858585587469,,mistral7b_10x_licenseclean_contcert_20260504_linear_20260504_licenseclean,mistral7b_10x_licenseclean_contcert_20260504
linear,triple,task1391+task1342+task1598,-1.0369667917010628,-0.41046794062965314,1,"[0.43006145802383444, 0.2, 0.3699385419761656]","[0.4, 0.4, 0.2]",0.4205183371796003,"{""task1342"": 0.41046794062965314, ""task1391"": 1.5865145913907166, ""task1598"": 21.820291805267367}",task1342,continuous_primal_dual_psd,6,-1.0369667917010628,-1.0369667917010628,0.0,"[1.0, 0.0, 0.0]",primal=Optimization terminated successfully; dual=outer=Optimization terminated successfully; inner=Optimization terminated successfully,1,-7.708250978333055,7.708250978333054,,mistral7b_10x_licenseclean_contcert_20260504_linear_20260504_licenseclean,mistral7b_10x_licenseclean_contcert_20260504
linear,triple,task1391+task1342+task442,-0.5505483934023541,-0.3645992140221669,1,"[0.5032683670673931, 0.2, 0.29673163293260685]","[0.2, 0.6, 0.2]",0.144124459600378,"{""task1342"": 0.3645992140221669, ""task1391"": 1.426679055067095, ""task442"": 1.8982615185692107}",task1342,continuous_primal_dual_psd,6,-0.5505483934023541,-0.5505483934023541,0.0,"[1.0, 0.0, 0.0]",primal=Optimization terminated successfully; dual=outer=Optimization terminated successfully; inner=Optimization terminated successfully,1,-22.745232320983717,22.745232320983714,,mistral7b_10x_licenseclean_contcert_20260504_linear_20260504_licenseclean,mistral7b_10x_licenseclean_contcert_20260504
linear,triple,task1391+task1342+task620,-0.09669483391358158,-0.590419021641496,1,"[0.2, 0.2, 0.6]","[0.2, 0.6, 0.2]",0.03725931440433705,"{""task1342"": 0.590419021641496, ""task1391"": 1.4967249534340585, ""task620"": 0.720325677897964}",task1342,continuous_primal_dual_psd,6,-0.09669483391358158,-0.09669483391358158,0.0,"[0.0, 0.0, 1.0]",primal=Optimization terminated successfully; dual=outer=Optimization terminated successfully; inner=Optimization terminated successfully,1,-15.417975274681147,15.417975274681147,,mistral7b_10x_licenseclean_contcert_20260504_linear_20260504_licenseclean,mistral7b_10x_licenseclean_contcert_20260504
linear,triple,task1391+task1598+task039,0.4321506382679225,-1.839868323998256,1,"[0.2, 0.2, 0.6]","[0.2, 0.2, 0.6]",0.0,"{""task039"": 2.3896438615104545, ""task1391"": 1.839868323998256, ""task1598"": 23.149415779113802}",task1391,continuous_primal_dual_psd,6,0.4321506382679225,0.4321506382679225,0.0,"[1.0, 0.0, 0.0]",primal=Optimization terminated successfully; dual=outer=Optimization terminated successfully; inner=Optimization terminated successfully,1,-26.989306168101898,26.989306168101894,,mistral7b_10x_licenseclean_contcert_20260504_linear_20260504_licenseclean,mistral7b_10x_licenseclean_contcert_20260504
linear,triple,task1391+task442+task039,-0.2498694794738583,-1.696239485728167,1,"[0.24972686017258258, 0.2000000000000001, 0.5502731398274173]","[0.4, 0.2, 0.4]",0.4426215693870805,"{""task039"": 2.7129915416915735, ""task1391"": 1.696239485728167, ""task442"": 2.273201205246052}",task1391,continuous_primal_dual_psd,6,-0.2498694794738583,-0.24986947947387478,1.6486811915683575e-14,"[0.9694088022690261, 0.0, 0.030591197730973872]",primal=Optimization terminated successfully; dual=outer=Optimization terminated successfully; inner=Optimization terminated successfully,1,-247.24610257175124,247.33849808902917,,mistral7b_10x_licenseclean_contcert_20260504_linear_20260504_licenseclean,mistral7b_10x_licenseclean_contcert_20260504
linear,triple,task1391+task442+task1598,-0.8478328914307987,-0.8976177499950736,1,"[0.6000000000000018, 0.2, 0.19999999999999818]","[0.4, 0.4, 0.2]",0.07917304143985604,"{""task1391"": 0.8976177499950736, ""task1598"": 14.316245841980013, ""task442"": 1.0928020513089587}",task1391,continuous_primal_dual_psd,6,-0.8478328914307987,-0.8478328914307987,0.0,"[1.0, 0.0, 0.0]",primal=Optimization terminated successfully; dual=outer=Optimization terminated successfully; inner=Optimization terminated successfully,1,-1.237602446292625,1.2376024462926245,,mistral7b_10x_licenseclean_contcert_20260504_linear_20260504_licenseclean,mistral7b_10x_licenseclean_contcert_20260504
linear,triple,task1391+task442+task620,-0.6868777680618994,-0.4716641103812013,1,"[0.39736865416426687, 0.40263134583573307, 0.20000000000000007]","[0.2, 0.2, 0.6]",0.2637608474369411,"{""task1391"": 1.4425147577367294, ""task442"": 1.6414368200629401, ""task620"": 0.4716641103812013}",task620,continuous_primal_dual_psd,6,-0.6868777680618994,-0.6868777680618994,0.0,"[0.0, 0.0, 1.0]",primal=Optimization terminated successfully; dual=outer=Optimization terminated successfully; inner=Optimization terminated successfully,1,-39.408640566873764,39.408640566873764,,mistral7b_10x_licenseclean_contcert_20260504_linear_20260504_licenseclean,mistral7b_10x_licenseclean_contcert_20260504
linear,triple,task1391+task620+task039,-0.13893261742782848,-0.6421498968887953,1,"[0.20000000000000123, 0.4664576766917394, 0.3335423233082594]","[0.4, 0.2, 0.4]",0.15420881182425672,"{""task039"": 2.3002656251689158, ""task1391"": 1.196612669875392, ""task620"": 0.6421498968887953}",task620,continuous_primal_dual_psd,6,-0.13893261742782848,-0.13893261742782848,0.0,"[0.0, 1.0, 0.0]",primal=Optimization terminated successfully; dual=outer=Optimization terminated successfully; inner=Optimization terminated successfully,1,-15.74212895201549,15.742128952015488,,mistral7b_10x_licenseclean_contcert_20260504_linear_20260504_licenseclean,mistral7b_10x_licenseclean_contcert_20260504
linear,triple,task1391+task620+task1598,0.7800143873225263,-0.26947933560903364,1,"[0.3063675043816447, 0.20000000000000215, 0.4936324956183532]","[0.6, 0.2, 0.2]",0.2576553305157573,"{""task1391"": 0.8223582173835945, ""task1598"": 16.237911510467562, ""task620"": 0.26947933560903364}",task620,continuous_primal_dual_psd,6,0.7800143873225263,0.7800143873225263,0.0,"[0.0, 1.0, 0.0]",primal=Optimization terminated successfully; dual=outer=Optimization terminated successfully; inner=Optimization terminated successfully,1,-81.94745590306714,81.94745590306714,,mistral7b_10x_licenseclean_contcert_20260504_linear_20260504_licenseclean,mistral7b_10x_licenseclean_contcert_20260504
linear,triple,task190+task1342+task039,0.344466728263304,-0.06314153022251576,1,"[0.2, 0.2, 0.6]","[0.2, 0.6, 0.2]",0.22898753001629568,"{""task039"": 1.3007937868419839, ""task1342"": 0.06314153022251576, ""task190"": 17.2423809051514}",task1342,continuous_primal_dual_psd,6,0.344466728263304,0.344466728263304,0.0,"[0.0, 1.0, 0.0]",primal=Optimization terminated successfully; dual=outer=Optimization terminated successfully; inner=Optimization terminated successfully,1,-91.3585778709716,91.35857787097159,,mistral7b_10x_licenseclean_contcert_20260504_linear_20260504_licenseclean,mistral7b_10x_licenseclean_contcert_20260504
linear,triple,task190+task1342+task1598,-0.9664532228639087,0.12748520046474182,0,"[0.3823173625407168, 0.41768263745928413, 0.19999999999999907]","[0.2, 0.6, 0.2]",0.2657192908979005,"{""task1342"": -0.12748520046474182, ""task1598"": 11.250087547302279, ""task190"": 11.605212020874056}",task1342,continuous_primal_dual_psd,6,-0.9664532228639087,-0.9664532228639087,0.0,"[0.0, 1.0, 0.0]",primal=Optimization terminated successfully; dual=outer=Optimization terminated successfully; inner=Optimization terminated successfully,1,-29.600547215244596,29.600547215244603,,mistral7b_10x_licenseclean_contcert_20260504_linear_20260504_licenseclean,mistral7b_10x_licenseclean_contcert_20260504
linear,triple,task190+task1342+task442,-0.32859936453859717,-0.018357589086876652,1,"[0.3285875904568673, 0.2, 0.4714124095431327]","[0.2, 0.6, 0.2]",0.31059411802848613,"{""task1342"": 0.018357589086876652, ""task190"": 16.55040674209598, ""task442"": 1.673694790532371}",task1342,continuous_primal_dual_psd,6,-0.32859936453859717,-0.32859936453859784,6.661338147750939e-16,"[0.1388218983536708, 0.8611781016463292, 0.0]",primal=Optimization terminated successfully; dual=outer=Optimization terminated successfully; inner=Optimization terminated successfully,1,-226.69846282658662,226.69846282658662,,mistral7b_10x_licenseclean_contcert_20260504_linear_20260504_licenseclean,mistral7b_10x_licenseclean_contcert_20260504
linear,triple,task190+task1342+task620,-0.46422779539012443,-0.22578761482838308,1,"[0.2, 0.2, 0.6]","[0.2, 0.6, 0.2]",0.021416689417616375,"{""task1342"": 0.2740353062858022, ""task190"": 20.3673809051514, ""task620"": 0.22578761482838308}",task620,continuous_primal_dual_psd,6,-0.46422779539012443,-0.46422779539012443,0.0,"[0.0, 0.0, 1.0]",primal=Optimization terminated successfully; dual=outer=Optimization terminated successfully; inner=Optimization terminated successfully,1,-8.65286071485593,8.652860714855931,,mistral7b_10x_licenseclean_contcert_20260504_linear_20260504_licenseclean,mistral7b_10x_licenseclean_contcert_20260504
linear,triple,task190+task1391+task039,-0.3623586489228965,-1.0695626194243975,1,"[0.2502322028383039, 0.4271915931374284, 0.3225762040242677]","[0.2, 0.2, 0.6]",0.19858540226186805,"{""task039"": 1.8286558594286944, ""task1391"": 1.0695626194243975, ""task190"": 16.31908111572269}",task1391,continuous_primal_dual_psd,6,-0.3623586489228965,-0.3623586489228965,0.0,"[0.0, 1.0, 0.0]",primal=Optimization terminated successfully; dual=outer=Optimization terminated successfully; inner=Optimization terminated successfully,1,-66.86691884856593,66.86691884856593,,mistral7b_10x_licenseclean_contcert_20260504_linear_20260504_licenseclean,mistral7b_10x_licenseclean_contcert_20260504
linear,triple,task190+task1391+task1342,-1.5078634197043046,-0.4231345782411479,1,"[0.2, 0.35342027766269035, 0.4465797223373096]","[0.2, 0.4, 0.4]",0.0,"{""task1342"": 0.4231345782411479, ""task1391"": 1.3545844742262159, ""task190"": 24.379143047332796}",task1342,continuous_primal_dual_psd,6,-1.5078634197043046,-1.5078634197043046,0.0,"[0.0, 1.0, 0.0]",primal=Optimization terminated successfully; dual=outer=Optimization terminated successfully; inner=Optimization terminated successfully,0,7.31850512331613,0.0,,mistral7b_10x_licenseclean_contcert_20260504_linear_20260504_licenseclean,mistral7b_10x_licenseclean_contcert_20260504
linear,triple,task190+task1391+task1598,0.041224568596265554,0.21136405919291704,0,"[0.2, 0.23196358603833944, 0.5680364139616605]","[0.2, 0.4, 0.4]",7.647702141063398,"{""task1391"": -0.21136405919291704, ""task1598"": 1.5260785102844565, ""task190"": 0.20706348419192722}",task1391,continuous_primal_dual_psd,6,0.041224568596265554,0.041224568596264735,8.187894806610529e-16,"[0.12741070545619898, 0.8725892945438011, 0.0]",primal=Optimization terminated successfully; dual=outer=Optimization terminated successfully; inner=Optimization terminated successfully,1,-205.54302655286938,205.54302655286938,,mistral7b_10x_licenseclean_contcert_20260504_linear_20260504_licenseclean,mistral7b_10x_licenseclean_contcert_20260504
linear,triple,task190+task1391+task442,0.17711560373219537,-0.2502636365427154,1,"[0.2, 0.2, 0.6]","[0.2, 0.2, 0.6]",0.0,"{""task1391"": 0.2502636365427154, ""task190"": 10.121819305419955, ""task442"": 0.4704705969816327}",task1391,continuous_primal_dual_psd,6,0.17711560373219537,0.17711560373219537,0.0,"[0.0, 1.0, 0.0]",primal=Optimization terminated successfully; dual=outer=Optimization terminated successfully; inner=Optimization terminated successfully,1,-21.916813896249383,21.916813896249383,,mistral7b_10x_licenseclean_contcert_20260504_linear_20260504_licenseclean,mistral7b_10x_licenseclean_contcert_20260504
linear,triple,task190+task1391+task620,-0.5935621007723226,-0.22803605557813175,1,"[0.2330795052258998, 0.2, 0.5669204947741002]","[0.2, 0.2, 0.6]",0.0,"{""task1391"": 0.8713504013097544, ""task190"": 16.771599578857455, ""task620"": 0.22803605557813175}",task620,continuous_primal_dual_psd,6,-0.5935621007723226,-0.5935621007723229,2.220446049250313e-16,"[0.0, 0.037810191093963996, 0.9621898089060359]",primal=Optimization terminated successfully; dual=outer=Optimization terminated successfully; inner=Optimization terminated successfully,1,-92.6275851439535,92.6275851439535,,mistral7b_10x_licenseclean_contcert_20260504_linear_20260504_licenseclean,mistral7b_10x_licenseclean_contcert_20260504
linear,triple,task190+task1598+task039,-3.606207676377161,-1.3176161994289104,1,"[0.2, 0.2, 0.6]","[0.2, 0.2, 0.6]",0.0,"{""task039"": 1.3176161994289104, ""task1598"": 15.767142105102572, ""task190"": 17.017146873474154}",task039,continuous_primal_dual_psd,6,-3.606207676377161,-3.606207676377161,0.0,"[1.0, 0.0, 0.0]",primal=Optimization terminated successfully; dual=outer=Optimization terminated successfully; inner=Optimization terminated successfully,1,-109.66180069159877,109.66180069159876,,mistral7b_10x_licenseclean_contcert_20260504_linear_20260504_licenseclean,mistral7b_10x_licenseclean_contcert_20260504
linear,triple,task190+task290+task039,-1.9861939532018182,-0.3087162797316193,1,"[0.20000000000000034, 0.6000000000000352, 0.19999999999996443]","[0.2, 0.6, 0.2]",0.0,"{""task039"": 2.112567468020742, ""task190"": 18.086513805389437, ""task290"": 0.3087162797316193}",task290,continuous_primal_dual_psd,6,-1.9861939532018182,-1.9861939532018182,0.0,"[0.0, 1.0, 0.0]",primal=Optimization terminated successfully; dual=outer=Optimization terminated successfully; inner=Optimization terminated successfully,0,0.6943235329689524,0.0,,mistral7b_10x_licenseclean_contcert_20260504_linear_20260504_licenseclean,mistral7b_10x_licenseclean_contcert_20260504
linear,triple,task190+task290+task1342,-1.6634991748210037,-0.4608618330907927,1,"[0.3167295489810459, 0.20877740757714894, 0.4744930434418052]","[0.2, 0.2, 0.6]",0.36207385895556576,"{""task1342"": 0.4608618330907927, ""task190"": 26.22978382110599, ""task290"": 0.5690161615813183}",task1342,continuous_primal_dual_psd,6,-1.6634991748210037,-1.663499174821013,9.325873406851315e-15,"[0.0, 0.7093598983002457, 0.2906401016997544]",primal=Optimization terminated successfully; dual=outer=Optimization terminated successfully; inner=Optimization terminated successfully,1,-69.01264103119422,69.01264103119424,,mistral7b_10x_licenseclean_contcert_20260504_linear_20260504_licenseclean,mistral7b_10x_licenseclean_contcert_20260504
linear,triple,task190+task290+task1391,-1.194568682699853,-0.12227866222812656,1,"[0.2, 0.44978682920082474, 0.35021317079917524]","[0.2, 0.6, 0.2]",0.005138891284474881,"{""task1391"": 1.3644590799752216, ""task190"": 22.14495830535892, ""task290"": 0.12227866222812656}",task290,continuous_primal_dual_psd,6,-1.194568682699853,-1.194568682699853,0.0,"[0.0, 0.0, 1.0]",primal=Optimization terminated successfully; dual=outer=Optimization terminated successfully; inner=Optimization terminated successfully,1,-101.44306457270021,101.44306457270021,,mistral7b_10x_licenseclean_contcert_20260504_linear_20260504_licenseclean,mistral7b_10x_licenseclean_contcert_20260504
linear,triple,task190+task290+task1598,-1.0248568440486987,0.26867540145229846,0,"[0.2, 0.6, 0.19999999999999996]","[0.2, 0.6, 0.2]",0.0,"{""task1598"": 10.44245653152469, ""task190"": 12.473711299896273, ""task290"": -0.26867540145229846}",task290,continuous_primal_dual_psd,6,-1.0248568440486987,-1.0248568440486987,0.0,"[0.0, 1.0, 0.0]",primal=Optimization terminated successfully; dual=outer=Optimization terminated successfully; inner=Optimization terminated successfully,1,-2.3887259444748024,2.388725944474801,,mistral7b_10x_licenseclean_contcert_20260504_linear_20260504_licenseclean,mistral7b_10x_licenseclean_contcert_20260504
linear,triple,task190+task290+task442,-1.0446653463540487,-0.1893478232747485,1,"[0.35747083784145495, 0.2, 0.442529162158545]","[0.2, 0.2, 0.6]",0.31149636924987495,"{""task190"": 14.553663063049349, ""task290"": 0.1893478232747485, ""task442"": 1.3476413299689025}",task290,continuous_primal_dual_psd,6,-1.0446653463540487,-1.0446653463540487,0.0,"[0.0, 1.0, 0.0]",primal=Optimization terminated successfully; dual=outer=Optimization terminated successfully; inner=Optimization terminated successfully,1,-9.786837277502777,9.786837277502777,,mistral7b_10x_licenseclean_contcert_20260504_linear_20260504_licenseclean,mistral7b_10x_licenseclean_contcert_20260504
linear,triple,task190+task290+task620,-0.8176887628245102,-0.2090815868178694,1,"[0.3216158767844064, 0.20000000000000118, 0.4783841232155924]","[0.2, 0.4, 0.4]",0.3592148293105804,"{""task190"": 15.858444499969515, ""task290"": 0.262473804267211, ""task620"": 0.2090815868178694}",task620,continuous_primal_dual_psd,6,-0.8176887628245102,-0.8176887628245102,0.0,"[0.0, 0.0, 1.0]",primal=Optimization terminated successfully; dual=outer=Optimization terminated successfully; inner=Optimization terminated successfully,1,-25.320743877073202,25.320743877073202,,mistral7b_10x_licenseclean_contcert_20260504_linear_20260504_licenseclean,mistral7b_10x_licenseclean_contcert_20260504
linear,triple,task190+task391+task039,0.2075249906580647,-0.23339912255264617,1,"[0.2, 0.27124193223449145, 0.5287580677655086]","[0.2, 0.6, 0.2]",0.32563789815935923,"{""task039"": 2.499530831823753, ""task190"": 23.997649478912386, ""task391"": 0.23339912255264617}",task391,continuous_primal_dual_psd,6,0.2075249906580647,0.2075249906580647,0.0,"[0.0, 1.0, 0.0]",primal=Optimization terminated successfully; dual=outer=Optimization terminated successfully; inner=Optimization terminated successfully,1,-89.01189221855377,89.01189221855375,,mistral7b_10x_licenseclean_contcert_20260504_linear_20260504_licenseclean,mistral7b_10x_licenseclean_contcert_20260504
linear,triple,task190+task391+task1342,-0.4088419305582288,-0.4235568828401677,1,"[0.2, 0.6, 0.19999999999999996]","[0.2, 0.6, 0.2]",0.0,"{""task1342"": 0.5321552524132616, ""task190"": 24.77484636306766, ""task391"": 0.4235568828401677}",task391,continuous_primal_dual_psd,6,-0.4088419305582288,-0.4088419305582288,0.0,"[0.0, 1.0, 0.0]",primal=Optimization terminated successfully; dual=outer=Optimization terminated successfully; inner=Optimization terminated successfully,1,-0.14393979730726547,0.14393979730726547,,mistral7b_10x_licenseclean_contcert_20260504_linear_20260504_licenseclean,mistral7b_10x_licenseclean_contcert_20260504
linear,triple,task190+task391+task1391,-0.4366834582531758,-0.15981230442801367,1,"[0.2, 0.46939487506002536, 0.3306051249399746]","[0.2, 0.6, 0.2]",0.10259816854948156,"{""task1391"": 1.3765684130809235, ""task190"": 18.32800798416141, ""task391"": 0.15981230442801367}",task391,continuous_primal_dual_psd,6,-0.4366834582531758,-0.4366834582531758,0.0,"[0.0, 1.0, 0.0]",primal=Optimization terminated successfully; dual=outer=Optimization terminated successfully; inner=Optimization terminated successfully,1,-4.399452133312565,4.399452133312575,,mistral7b_10x_licenseclean_contcert_20260504_linear_20260504_licenseclean,mistral7b_10x_licenseclean_contcert_20260504
linear,triple,task190+task391+task1598,0.41599034042652316,0.14144908191025415,0,"[0.2, 0.2539919212829097, 0.5460080787170902]","[0.2, 0.6, 0.2]",4.359264934050406,"{""task1598"": 16.85478382110599, ""task190"": 15.361294078826937, ""task391"": -0.14144908191025415}",task391,continuous_primal_dual_psd,6,0.41599034042652316,0.41599034042652255,6.106226635438361e-16,"[0.0, 0.9489313104071355, 0.05106868959286455]",primal=Optimization terminated successfully; dual=outer=Optimization terminated successfully; inner=Optimization terminated successfully,1,-162.51777193612372,162.5177719361237,,mistral7b_10x_licenseclean_contcert_20260504_linear_20260504_licenseclean,mistral7b_10x_licenseclean_contcert_20260504
linear,triple,task190+task391+task290,-0.18851132870156279,-0.3920418540782036,1,"[0.2, 0.2, 0.6]","[0.2, 0.6, 0.2]",0.1743625479700665,"{""task190"": 29.74642210006717, ""task290"": 0.5436009107059712, ""task391"": 0.3920418540782036}",task391,continuous_primal_dual_psd,6,-0.18851132870156279,-0.18851132870156279,0.0,"[0.0, 1.0, 0.0]",primal=Optimization terminated successfully; dual=outer=Optimization terminated successfully; inner=Optimization terminated successfully,1,-3.288469294228843,3.288469294228843,,mistral7b_10x_licenseclean_contcert_20260504_linear_20260504_licenseclean,mistral7b_10x_licenseclean_contcert_20260504
linear,triple,task190+task391+task442,0.35114804900868374,-0.06951660092206097,1,"[0.27678797883454753, 0.2, 0.5232120211654525]","[0.2, 0.4, 0.4]",0.26556701711620156,"{""task190"": 17.944487857818636, ""task391"": 0.06951660092206097, ""task442"": 1.5935462193203755}",task391,continuous_primal_dual_psd,6,0.35114804900868374,0.35114804900868374,0.0,"[0.0, 1.0, 0.0]",primal=Optimization terminated successfully; dual=outer=Optimization terminated successfully; inner=Optimization terminated successfully,1,-13.548877643962502,13.548877643962504,,mistral7b_10x_licenseclean_contcert_20260504_linear_20260504_licenseclean,mistral7b_10x_licenseclean_contcert_20260504
linear,triple,task190+task391+task620,-0.06488447363230132,-0.32263080737826755,1,"[0.24728282113758582, 0.2, 0.5527171788624141]","[0.2, 0.6, 0.2]",0.1609202222438347,"{""task190"": 25.48914842605594, ""task391"": 0.32263080737826755, ""task620"": 0.6221253112523935}",task391,continuous_primal_dual_psd,6,-0.06488447363230132,-0.06488447363230132,0.0,"[0.0, 1.0, 0.0]",primal=Optimization terminated successfully; dual=outer=Optimization terminated successfully; inner=Optimization terminated successfully,1,-7.9265696215445525,7.9265696215445525,,mistral7b_10x_licenseclean_contcert_20260504_linear_20260504_licenseclean,mistral7b_10x_licenseclean_contcert_20260504
linear,triple,task190+task442+task039,-3.8539525914763373,-1.5883839951569783,1,"[0.2809502150304536, 0.2, 0.5190497849695463]","[0.2, 0.2, 0.6]",0.0,"{""task039"": 1.5883839951569783, ""task190"": 19.22086172103885, ""task442"": 1.664761858947723}",task039,continuous_primal_dual_psd,6,-3.8539525914763373,-3.853952591477682,1.3447021274259896e-12,"[3.129822080702429e-18, 0.8528740826550906, 0.14712591734490943]",primal=Optimization terminated successfully; dual=outer=Optimization terminated successfully; inner=Optimization terminated successfully,1,-38.15114624048479,38.15114624048479,,mistral7b_10x_licenseclean_contcert_20260504_linear_20260504_licenseclean,mistral7b_10x_licenseclean_contcert_20260504
linear,triple,task190+task442+task1598,2.188751985943629,0.06203299995189946,0,"[0.5038247965599744, 0.2, 0.29617520344002557]","[0.2, 0.6, 0.2]",7.5515097475456265,"{""task1598"": 7.215997505188021, ""task190"": 7.684752273559603, ""task442"": -0.06203299995189946}",task442,continuous_primal_dual_psd,6,2.188751985943629,2.188751985943629,0.0,"[0.0, 0.0, 1.0]",primal=Optimization terminated successfully; dual=outer=Optimization terminated successfully; inner=Optimization terminated successfully,1,-34.6822769215925,34.6822769215925,,mistral7b_10x_licenseclean_contcert_20260504_linear_20260504_licenseclean,mistral7b_10x_licenseclean_contcert_20260504
linear,triple,task190+task442+task620,-0.6220566232540673,-0.15350219496635958,1,"[0.20000000000000265, 0.2178946130256956, 0.5821053869743018]","[0.2, 0.2, 0.6]",0.0,"{""task190"": 17.388471889495882, ""task442"": 0.8903198391839036, ""task620"": 0.15350219496635958}",task620,continuous_primal_dual_psd,6,-0.6220566232540673,-0.6220566232540673,0.0,"[0.0, 0.0, 1.0]",primal=Optimization terminated successfully; dual=outer=Optimization terminated successfully; inner=Optimization terminated successfully,1,-0.08140014945454066,0.08140014945454022,,mistral7b_10x_licenseclean_contcert_20260504_linear_20260504_licenseclean,mistral7b_10x_licenseclean_contcert_20260504
linear,triple,task190+task620+task039,-0.736532050212654,-0.13604752551986354,1,"[0.2, 0.49030687951306956, 0.30969312048693043]","[0.2, 0.6, 0.2]",0.30499211724605646,"{""task039"": 1.39280202122222, ""task190"": 12.642142105102572, ""task620"": 0.13604752551986354}",task620,continuous_primal_dual_psd,6,-0.736532050212654,-0.736532050212654,0.0,"[0.0, 1.0, 0.0]",primal=Optimization terminated successfully; dual=outer=Optimization terminated successfully; inner=Optimization terminated successfully,1,-0.4191358694460039,0.4191358694460062,,mistral7b_10x_licenseclean_contcert_20260504_linear_20260504_licenseclean,mistral7b_10x_licenseclean_contcert_20260504
linear,triple,task190+task620+task1598,0.15133195098187407,0.3451055836068934,0,"[0.3595008078097722, 0.44049919219022604, 0.20000000000000173]","[0.2, 0.6, 0.2]",1.795645968974861,"{""task1598"": 4.663237857818636, ""task190"": 3.1717389106750815, ""task620"": -0.3451055836068934}",task620,continuous_primal_dual_psd,6,0.15133195098187407,0.15133195098187407,0.0,"[0.0, 1.0, 0.0]",primal=Optimization terminated successfully; dual=outer=Optimization terminated successfully; inner=Optimization terminated successfully,1,-2.4798182432167253,2.4798182432167257,,mistral7b_10x_licenseclean_contcert_20260504_linear_20260504_licenseclean,mistral7b_10x_licenseclean_contcert_20260504
linear,triple,task280+task1342+task039,4.320255105201538,0.21822928569986016,0,"[0.2, 0.2, 0.6]","[0.2, 0.6, 0.2]",0.21514522093800725,"{""task039"": 0.4514217896032502, ""task1342"": -0.21822928569986016, ""task280"": 8.074363994598421}",task1342,continuous_primal_dual_psd,6,4.320255105201538,4.320255105201538,0.0,"[0.0, 0.0, 1.0]",primal=Optimization terminated successfully; dual=outer=Optimization terminated successfully; inner=Optimization terminated successfully,1,-55.59775983706875,55.59775983706874,,mistral7b_10x_licenseclean_contcert_20260504_linear_20260504_licenseclean,mistral7b_10x_licenseclean_contcert_20260504
linear,triple,task280+task1342+task1598,4.485004937988639,0.3062600785127445,0,"[0.2, 0.20000000000006005, 0.5999999999999399]","[0.2, 0.6, 0.2]",5.945674163735758,"{""task1342"": -0.3062600785127445, ""task1598"": 4.184338378906283, ""task280"": 4.070708084106478}",task1342,continuous_primal_dual_psd,6,4.485004937988639,4.4850049379886325,6.217248937900877e-15,"[0.9999999999999982, 1.7208456881689897e-15, 0.0]",primal=Optimization terminated successfully; dual=outer=Optimization terminated successfully; inner=Optimization terminated successfully,1,-176.18095241160756,176.18095241160756,,mistral7b_10x_licenseclean_contcert_20260504_linear_20260504_licenseclean,mistral7b_10x_licenseclean_contcert_20260504
linear,triple,task280+task1342+task442,0.5574986275760128,0.12558563002065476,0,"[0.2000000000000007, 0.21687193661777723, 0.583128063382222]","[0.2, 0.6, 0.2]",0.28589491878193635,"{""task1342"": -0.12558563002065476, ""task280"": 10.81990890502933, ""task442"": 0.7225781011980988}",task1342,continuous_primal_dual_psd,6,0.5574986275760128,0.557498627576012,7.771561172376096e-16,"[1.2971812718075594e-16, 0.836999077213945, 0.163000922786055]",primal=Optimization terminated successfully; dual=outer=Optimization terminated successfully; inner=Optimization terminated successfully,1,-38.51358253050327,38.51358253050326,,mistral7b_10x_licenseclean_contcert_20260504_linear_20260504_licenseclean,mistral7b_10x_licenseclean_contcert_20260504
linear,triple,task280+task1342+task620,1.001931376442371,0.11753291826957397,0,"[0.2, 0.2, 0.6]","[0.2, 0.6, 0.2]",0.16128518450946044,"{""task1342"": -0.11753291826957397, ""task280"": 13.500484752655062, ""task620"": 0.036560628003214135}",task1342,continuous_primal_dual_psd,6,1.001931376442371,1.001931376442371,0.0,"[0.0, 1.0, 0.0]",primal=Optimization terminated successfully; dual=outer=Optimization terminated successfully; inner=Optimization terminated successfully,1,-32.7090944671924,32.70909446719241,,mistral7b_10x_licenseclean_contcert_20260504_linear_20260504_licenseclean,mistral7b_10x_licenseclean_contcert_20260504
linear,triple,task280+task1391+task039,0.29647455505809117,-0.8460143714200024,1,"[0.20000000000000037, 0.46615368770932974, 0.33384631229066986]","[0.2, 0.4, 0.4]",0.0,"{""task039"": 1.8460064336886888, ""task1391"": 0.8460143714200024, ""task280"": 16.921743679046664}",task1391,continuous_primal_dual_psd,6,0.29647455505809117,0.29647455505809117,0.0,"[0.0, 1.0, 0.0]",primal=Optimization terminated successfully; dual=outer=Optimization terminated successfully; inner=Optimization terminated successfully,1,-59.69580395491117,59.695803954911185,,mistral7b_10x_licenseclean_contcert_20260504_linear_20260504_licenseclean,mistral7b_10x_licenseclean_contcert_20260504
linear,triple,task280+task1391+task1342,-0.2195995183611552,-0.22617452874814295,1,"[0.2, 0.4130577933432521, 0.38694220665674783]","[0.2, 0.4, 0.4]",0.0,"{""task1342"": 0.22617452874814295, ""task1391"": 1.4587192670269356, ""task280"": 19.095048236846957}",task1342,continuous_primal_dual_psd,6,-0.2195995183611552,-0.2195995183611552,0.0,"[0.0, 1.0, 0.0]",primal=Optimization terminated successfully; dual=outer=Optimization terminated successfully; inner=Optimization terminated successfully,1,-7.4782528664468995,7.4782528664468995,,mistral7b_10x_licenseclean_contcert_20260504_linear_20260504_licenseclean,mistral7b_10x_licenseclean_contcert_20260504
linear,triple,task280+task1391+task1598,0.5454304770836516,-0.005849907743624143,1,"[0.2, 0.2, 0.6]","[0.2, 0.6, 0.2]",1.66161038671698,"{""task1391"": 0.005849907743624143, ""task1598"": 10.866567420959505, ""task280"": 8.837351131439242}",task1391,continuous_primal_dual_psd,6,0.5454304770836516,0.5454304770836516,0.0,"[0.0, 1.0, 0.0]",primal=Optimization terminated successfully; dual=outer=Optimization terminated successfully; inner=Optimization terminated successfully,1,-143.98930414681348,143.98930414681348,,mistral7b_10x_licenseclean_contcert_20260504_linear_20260504_licenseclean,mistral7b_10x_licenseclean_contcert_20260504
linear,triple,task280+task1391+task442,0.1575121011419751,-0.07868976249728978,1,"[0.2, 0.357620882533418, 0.442379117466582]","[0.2, 0.4, 0.4]",0.0,"{""task1391"": 0.07868976249728978, ""task280"": 13.222500610351595, ""task442"": 0.4327534507967146}",task1391,continuous_primal_dual_psd,6,0.1575121011419751,0.1575121011419751,0.0,"[0.0, 1.0, 0.0]",primal=Optimization terminated successfully; dual=outer=Optimization terminated successfully; inner=Optimization terminated successfully,1,-16.496260759764468,16.49626075976447,,mistral7b_10x_licenseclean_contcert_20260504_linear_20260504_licenseclean,mistral7b_10x_licenseclean_contcert_20260504
linear,triple,task280+task1391+task620,0.592514632043625,-0.1468625632727817,1,"[0.2, 0.20000000000000337, 0.5999999999999966]","[0.2, 0.4, 0.4]",0.05761456415857108,"{""task1391"": 0.9985864966435298, ""task280"": 17.61980943679813, ""task620"": 0.1468625632727817}",task620,continuous_primal_dual_psd,6,0.592514632043625,0.592514632043625,0.0,"[0.0, 0.0, 1.0]",primal=Optimization terminated successfully; dual=outer=Optimization terminated successfully; inner=Optimization terminated successfully,1,-67.23527623316876,67.23527623316875,,mistral7b_10x_licenseclean_contcert_20260504_linear_20260504_licenseclean,mistral7b_10x_licenseclean_contcert_20260504
linear,triple,task280+task1598+task039,1.6088147538091313,-0.8407495262760478,1,"[0.2, 0.4459985789805905, 0.35400142101940957]","[0.2, 0.2, 0.6]",0.2011029621839331,"{""task039"": 0.8407495262760478, ""task1598"": 11.018750000000033, ""task280"": 9.344646263122591}",task039,continuous_primal_dual_psd,6,1.6088147538091313,1.6088147538091313,0.0,"[1.0, 0.0, 0.0]",primal=Optimization terminated successfully; dual=outer=Optimization terminated successfully; inner=Optimization terminated successfully,1,-29.41201998491953,29.412019984919535,,mistral7b_10x_licenseclean_contcert_20260504_linear_20260504_licenseclean,mistral7b_10x_licenseclean_contcert_20260504
linear,triple,task280+task190+task039,5.875264007209721,-0.20194879302703506,1,"[0.2, 0.2, 0.6]","[0.2, 0.2, 0.6]",0.0,"{""task039"": 0.20194879302703506, ""task190"": 0.8381574630737632, ""task280"": 8.423396873474154}",task039,continuous_primal_dual_psd,6,5.875264007209721,5.875264007209721,0.0,"[0.0, 0.0, 1.0]",primal=Optimization terminated successfully; dual=outer=Optimization terminated successfully; inner=Optimization terminated successfully,1,-145.23874569653933,145.23874569653933,,mistral7b_10x_licenseclean_contcert_20260504_linear_20260504_licenseclean,mistral7b_10x_licenseclean_contcert_20260504
linear,triple,task280+task190+task1342,-0.027743599695041254,0.4428744848464885,0,"[0.20000000000035054, 0.3031834162981958, 0.49681658370145365]","[0.2, 0.2, 0.6]",0.13543820336990386,"{""task1342"": -0.4428744848464885, ""task190"": 8.587762641906771, ""task280"": 9.795138168334994}",task1342,continuous_primal_dual_psd,6,-0.027743599695041254,-0.027743599695041254,0.0,"[0.0, 0.0, 1.0]",primal=Optimization terminated successfully; dual=outer=Optimization terminated successfully; inner=Optimization terminated successfully,1,-2.9813287382833877,2.981328738283388,,mistral7b_10x_licenseclean_contcert_20260504_linear_20260504_licenseclean,mistral7b_10x_licenseclean_contcert_20260504
linear,triple,task280+task190+task1391,0.5473629543774543,0.40063080159079484,0,"[0.24987842036363894, 0.20000000000000018, 0.5501215796363609]","[0.2, 0.2, 0.6]",0.0,"{""task1391"": -0.40063080159079484, ""task190"": 2.9181092262268393, ""task280"": 1.000484752655062}",task1391,continuous_primal_dual_psd,6,0.5473629543774543,0.5473629543774543,0.0,"[0.0, 0.0, 1.0]",primal=Optimization terminated successfully; dual=outer=Optimization terminated successfully; inner=Optimization terminated successfully,1,-61.97716200530732,61.97716200530733,,mistral7b_10x_licenseclean_contcert_20260504_linear_20260504_licenseclean,mistral7b_10x_licenseclean_contcert_20260504
linear,triple,task280+task190+task1598,9.142182716053131,14.200392436981168,0,"[0.2, 0.24052128771832065, 0.5594787122816793]","[0.2, 0.4, 0.4]",6.568586826324463,"{""task1598"": -13.958922100067106, ""task190"": -13.066068363189665, ""task280"": -14.200392436981168}",task280,continuous_primal_dual_psd,6,9.142182716053131,9.142182716053131,0.0,"[5.551115123125783e-16, 0.0, 0.9999999999999996]",primal=Optimization terminated successfully; dual=outer=Optimization terminated successfully; inner=Optimization terminated successfully,1,-170.30191126453036,170.30191126453033,,mistral7b_10x_licenseclean_contcert_20260504_linear_20260504_licenseclean,mistral7b_10x_licenseclean_contcert_20260504
linear,triple,task280+task190+task290,-0.21392349307762393,0.31822091087845017,0,"[0.2, 0.21313039682911164, 0.5868696031708883]","[0.2, 0.2, 0.6]",0.0,"{""task190"": 9.419736194610628, ""task280"": 4.093035984039339, ""task290"": -0.31822091087845017}",task290,continuous_primal_dual_psd,6,-0.21392349307762393,-0.21392349307762393,0.0,"[0.0, 0.0, 1.0]",primal=Optimization terminated successfully; dual=outer=Optimization terminated successfully; inner=Optimization terminated successfully,0,2.341018592395602,0.0,,mistral7b_10x_licenseclean_contcert_20260504_linear_20260504_licenseclean,mistral7b_10x_licenseclean_contcert_20260504
linear,triple,task280+task190+task391,0.41408975342002907,0.5203981080543307,0,"[0.2, 0.2, 0.6]","[0.2, 0.2, 0.6]",0.0,"{""task190"": 4.991969394683871, ""task280"": 6.130358505249056, ""task391"": -0.5203981080543307}",task391,continuous_primal_dual_psd,6,0.41408975342002907,0.41408975342002907,0.0,"[0.0, 0.0, 1.0]",primal=Optimization terminated successfully; dual=outer=Optimization terminated successfully; inner=Optimization terminated successfully,1,-75.10596527232018,75.10596527232016,,mistral7b_10x_licenseclean_contcert_20260504_linear_20260504_licenseclean,mistral7b_10x_licenseclean_contcert_20260504
linear,triple,task280+task190+task442,3.1376981397921613,0.20123979411109164,0,"[0.2, 0.21004538827594435, 0.5899546117240556]","[0.2, 0.2, 0.6]",0.0,"{""task190"": 2.711126136779818, ""task280"": 4.271599578857455, ""task442"": -0.20123979411109164}",task442,continuous_primal_dual_psd,6,3.1376981397921613,3.1376981397871595,5.001776770541255e-12,"[0.3487585696529009, 0.651241430347099, 9.017428053174556e-17]",primal=Optimization terminated successfully; dual=outer=Optimization terminated successfully; inner=Optimization terminated successfully,1,-13.88316542781656,13.883165427816566,,mistral7b_10x_licenseclean_contcert_20260504_linear_20260504_licenseclean,mistral7b_10x_licenseclean_contcert_20260504
linear,triple,task280+task190+task620,0.15610232627235,0.3827999944638299,0,"[0.2, 0.2395900026225957, 0.5604099973774043]","[0.2, 0.2, 0.6]",0.0,"{""task190"": 3.3929555892944663, ""task280"": 0.33898048400882175, ""task620"": -0.3827999944638299}",task620,continuous_primal_dual_psd,6,0.15610232627235,0.15610232627235,0.0,"[0.0, 0.0, 1.0]",primal=Optimization terminated successfully; dual=outer=Optimization terminated successfully; inner=Optimization terminated successfully,1,-115.48904396045856,115.48904396045856,,mistral7b_10x_licenseclean_contcert_20260504_linear_20260504_licenseclean,mistral7b_10x_licenseclean_contcert_20260504
linear,triple,task280+task290+task039,-0.17879526945535074,0.09783502509615721,0,"[0.20000000000000095, 0.4044290267049128, 0.3955709732950863]","[0.2, 0.4, 0.4]",0.0,"{""task039"": 1.334702692852371, ""task280"": 13.642534542083773, ""task290"": -0.09783502509615721}",task290,continuous_primal_dual_psd,6,-0.17879526945535074,-0.17879526945535074,0.0,"[0.0, 1.0, 0.0]",primal=Optimization terminated successfully; dual=outer=Optimization terminated successfully; inner=Optimization terminated successfully,1,-45.34186955589301,45.34186955589303,,mistral7b_10x_licenseclean_contcert_20260504_linear_20260504_licenseclean,mistral7b_10x_licenseclean_contcert_20260504
linear,triple,task280+task290+task1342,0.4029262918074932,-0.08928905892069879,1,"[0.2, 0.2, 0.6]","[0.2, 0.6, 0.2]",0.04985176547373926,"{""task1342"": 0.08928905892069879, ""task280"": 17.0029371261597, ""task290"": 0.1114505536678354}",task1342,continuous_primal_dual_psd,6,0.4029262918074932,0.4029262918074932,0.0,"[0.0, 1.0, 0.0]",primal=Optimization terminated successfully; dual=outer=Optimization terminated successfully; inner=Optimization terminated successfully,1,-20.7351744849404,20.7851593565418,,mistral7b_10x_licenseclean_contcert_20260504_linear_20260504_licenseclean,mistral7b_10x_licenseclean_contcert_20260504
linear,triple,task280+task290+task1391,-0.4102141762340995,-0.09016571226521022,1,"[0.2, 0.29999999999997756, 0.5000000000000224]","[0.2, 0.4, 0.4]",0.16763112958587026,"{""task1391"": 0.5522396520741799, ""task280"": 19.048401641845736, ""task290"": 0.09016571226521022}",task290,continuous_primal_dual_psd,6,-0.4102141762340995,-0.4102141762340995,0.0,"[0.0, 0.0, 1.0]",primal=Optimization terminated successfully; dual=outer=Optimization terminated successfully; inner=Optimization terminated successfully,1,-16.117723812790604,16.117723812790604,,mistral7b_10x_licenseclean_contcert_20260504_linear_20260504_licenseclean,mistral7b_10x_licenseclean_contcert_20260504
linear,triple,task280+task290+task1598,2.4011059940936783,0.5013576504475897,0,"[0.2044971632550891, 0.2, 0.5955028367449109]","[0.2, 0.6, 0.2]",7.246104812931284,"{""task1598"": 2.800401973724398, ""task280"": 1.6640513420105307, ""task290"": -0.5013576504475897}",task290,continuous_primal_dual_psd,6,2.4011059940936783,2.4011059940936783,0.0,"[0.0, 3.3306690738754696e-16, 0.9999999999999998]",primal=Optimization terminated successfully; dual=outer=Optimization terminated successfully; inner=Optimization terminated successfully,1,-128.83224361417552,128.83224361417552,,mistral7b_10x_licenseclean_contcert_20260504_linear_20260504_licenseclean,mistral7b_10x_licenseclean_contcert_20260504
linear,triple,task280+task290+task442,-0.20206938088628423,-0.07686140624730657,1,"[0.2, 0.20000000000000048, 0.5999999999999995]","[0.2, 0.6, 0.2]",0.10019382686237646,"{""task280"": 14.764699268341097, ""task290"": 0.07686140624730657, ""task442"": 1.3439197610499067}",task290,continuous_primal_dual_psd,6,-0.20206938088628423,-0.20206938088628423,0.0,"[0.0, 1.0, 0.0]",primal=Optimization terminated successfully; dual=outer=Optimization terminated successfully; inner=Optimization terminated successfully,1,-10.1692929327204,10.169292932720397,,mistral7b_10x_licenseclean_contcert_20260504_linear_20260504_licenseclean,mistral7b_10x_licenseclean_contcert_20260504
linear,triple,task280+task290+task620,0.3980922204613623,0.16472146282146208,0,"[0.2, 0.2, 0.6]","[0.2, 0.6, 0.2]",0.1371691575969781,"{""task280"": 5.117782878875765, ""task290"": -0.16472146282146208, ""task620"": -0.015270523784780674}",task290,continuous_primal_dual_psd,6,0.3980922204613623,0.3980922204613623,0.0,"[0.0, 0.0, 1.0]",primal=Optimization terminated successfully; dual=outer=Optimization terminated successfully; inner=Optimization terminated successfully,1,-11.70963697864168,11.709636978641678,,mistral7b_10x_licenseclean_contcert_20260504_linear_20260504_licenseclean,mistral7b_10x_licenseclean_contcert_20260504
linear,triple,task280+task391+task039,0.3883253996383197,0.36266681894551,0,"[0.20000000000000423, 0.6000000000000083, 0.19999999999998752]","[0.2, 0.6, 0.2]",0.0,"{""task039"": 0.5981086561374132, ""task280"": 11.03905134201053, ""task391"": -0.36266681894551}",task391,continuous_primal_dual_psd,6,0.3883253996383197,0.3883253996383197,0.0,"[0.0, 1.0, 0.0]",primal=Optimization terminated successfully; dual=outer=Optimization terminated successfully; inner=Optimization terminated successfully,1,-99.56688992791274,99.56688992791274,,mistral7b_10x_licenseclean_contcert_20260504_linear_20260504_licenseclean,mistral7b_10x_licenseclean_contcert_20260504
linear,triple,task280+task391+task1342,0.32114079959035396,0.15975064934137848,0,"[0.20000000000000007, 0.2735534925254055, 0.5264465074745944]","[0.2, 0.4, 0.4]",0.02065623854005036,"{""task1342"": -0.030407264926829592, ""task280"": 14.431926536560091, ""task391"": -0.15975064934137848}",task391,continuous_primal_dual_psd,6,0.32114079959035396,0.32114079959035396,0.0,"[0.0, 1.0, 0.0]",primal=Optimization terminated successfully; dual=outer=Optimization terminated successfully; inner=Optimization terminated successfully,1,-84.15593146699044,84.15593146699044,,mistral7b_10x_licenseclean_contcert_20260504_linear_20260504_licenseclean,mistral7b_10x_licenseclean_contcert_20260504
linear,triple,task280+task391+task1391,0.04729785671154574,0.22733925733726693,0,"[0.2, 0.48750167093926033, 0.3124983290607397]","[0.2, 0.2, 0.6]",0.09348374438211524,"{""task1391"": 0.35532974813900237, ""task280"": 11.82030134201053, ""task391"": -0.22733925733726693}",task391,continuous_primal_dual_psd,6,0.04729785671154574,0.04729785671154574,0.0,"[0.0, 1.0, 0.0]",primal=Optimization terminated successfully; dual=outer=Optimization terminated successfully; inner=Optimization terminated successfully,1,-12.807957541660244,12.807957541660238,,mistral7b_10x_licenseclean_contcert_20260504_linear_20260504_licenseclean,mistral7b_10x_licenseclean_contcert_20260504
linear,triple,task280+task391+task1598,4.482016038894617,0.5711261466641557,0,"[0.2, 0.2, 0.6]","[0.2, 0.6, 0.2]",6.153615979800655,"{""task1598"": 2.7436106681824057, ""task280"": 4.661211299896273, ""task391"": -0.5711261466641557}",task391,continuous_primal_dual_psd,6,4.482016038894617,4.482016038894617,0.0,"[0.0, 0.0, 1.0]",primal=Optimization terminated successfully; dual=outer=Optimization terminated successfully; inner=Optimization terminated successfully,1,-190.97762387016692,191.00012152363533,,mistral7b_10x_licenseclean_contcert_20260504_linear_20260504_licenseclean,mistral7b_10x_licenseclean_contcert_20260504
linear,triple,task280+task391+task290,0.04956822262158944,0.1938483213488092,0,"[0.20000000000000193, 0.4986812139038264, 0.3013187860961717]","[0.2, 0.6, 0.2]",0.1275055743871743,"{""task280"": 10.907146263122591, ""task290"": -0.12379952394915064, ""task391"": -0.1938483213488092}",task391,continuous_primal_dual_psd,6,0.04956822262158944,0.04956822262158944,0.0,"[0.0, 1.0, 0.0]",primal=Optimization terminated successfully; dual=outer=Optimization terminated successfully; inner=Optimization terminated successfully,1,-69.93401527231522,69.93401527231524,,mistral7b_10x_licenseclean_contcert_20260504_linear_20260504_licenseclean,mistral7b_10x_licenseclean_contcert_20260504
linear,triple,task280+task391+task442,0.3196090126861675,0.3462644244796563,0,"[0.2, 0.41135523996861095, 0.38864476003138904]","[0.2, 0.4, 0.4]",0.0,"{""task280"": 10.894963073730501, ""task391"": -0.3462644244796563, ""task442"": 0.7995021873145914}",task391,continuous_primal_dual_psd,6,0.3196090126861675,0.3196090126854558,7.117084699359566e-13,"[0.021791798828414668, 0.9782082011715854, 0.0]",primal=Optimization terminated successfully; dual=outer=Optimization terminated successfully; inner=Optimization terminated successfully,1,-87.71022665986067,87.71022665986067,,mistral7b_10x_licenseclean_contcert_20260504_linear_20260504_licenseclean,mistral7b_10x_licenseclean_contcert_20260504
linear,triple,task280+task391+task620,0.43025363766613034,0.09041544464381407,0,"[0.2, 0.2, 0.6]","[0.2, 0.4, 0.4]",0.21089209851631024,"{""task280"": 13.784584331512484, ""task391"": -0.09041544464381407, ""task620"": 0.04555690744401044}",task391,continuous_primal_dual_psd,6,0.43025363766613034,0.43025363766613023,1.1102230246251565e-16,"[0.0, 0.9999999999999998, 1.9428902930940235e-16]",primal=Optimization terminated successfully; dual=outer=Optimization terminated successfully; inner=Optimization terminated successfully,1,-25.46368808685852,25.46368808685852,,mistral7b_10x_licenseclean_contcert_20260504_linear_20260504_licenseclean,mistral7b_10x_licenseclean_contcert_20260504
linear,triple,task280+task442+task039,-0.4803857431562344,-1.2583105563986015,1,"[0.2236533986036683, 0.2, 0.5763466013963316]","[0.2, 0.2, 0.6]",0.0,"{""task039"": 1.3136735188694297, ""task280"": 13.821121978759798, ""task442"": 1.2583105563986015}",task442,continuous_primal_dual_psd,6,-0.4803857431562344,-0.4803857431580833,1.8489099140595044e-12,"[0.049905371627771464, 0.9500946283722286, 0.0]",primal=Optimization terminated successfully; dual=outer=Optimization terminated successfully; inner=Optimization terminated successfully,1,-33.94401631197028,33.94401631197028,,mistral7b_10x_licenseclean_contcert_20260504_linear_20260504_licenseclean,mistral7b_10x_licenseclean_contcert_20260504
linear,triple,task280+task442+task1598,15.581867893055188,-0.1945409700568906,1,"[0.20000000000032453, 0.2, 0.5999999999996755]","[0.2, 0.6, 0.2]",3.5122219965155983,"{""task1598"": 3.447720336914095, ""task280"": 6.503745841980013, ""task442"": 0.1945409700568906}",task442,continuous_primal_dual_psd,6,15.581867893055188,15.581867893055188,0.0,"[1.0, 0.0, 0.0]",primal=Optimization terminated successfully; dual=outer=Optimization terminated successfully; inner=Optimization terminated successfully,1,-272.78928348333784,272.78928348333784,,mistral7b_10x_licenseclean_contcert_20260504_linear_20260504_licenseclean,mistral7b_10x_licenseclean_contcert_20260504
linear,triple,task280+task442+task620,-0.0490876979989468,0.0466480366091972,0,"[0.2000000000000025, 0.2645530208042885, 0.535446979195709]","[0.2, 0.4, 0.4]",0.2536931928991045,"{""task280"": 12.03540258407596, ""task442"": 0.8414394439658208, ""task620"": -0.0466480366091972}",task620,continuous_primal_dual_psd,6,-0.0490876979989468,-0.049087697999068154,1.2135431548543352e-13,"[0.0, 0.0009046753619883027, 0.9990953246380118]",primal=Optimization terminated successfully; dual=outer=Optimization terminated successfully; inner=Optimization terminated successfully,1,-80.44887408754369,80.44887408754367,,mistral7b_10x_licenseclean_contcert_20260504_linear_20260504_licenseclean,mistral7b_10x_licenseclean_contcert_20260504
linear,triple,task280+task620+task039,0.4939041851322936,0.13928014665823008,0,"[0.2000000000000047, 0.4218088506167946, 0.37819114938320075]","[0.2, 0.4, 0.4]",0.0,"{""task039"": 0.6617274284240597, ""task280"": 7.780119705200228, ""task620"": -0.13928014665823008}",task620,continuous_primal_dual_psd,6,0.4939041851322936,0.4939041851322936,0.0,"[0.0, 1.0, 0.0]",primal=Optimization terminated successfully; dual=outer=Optimization terminated successfully; inner=Optimization terminated successfully,1,-28.620548829175718,28.620548829175714,,mistral7b_10x_licenseclean_contcert_20260504_linear_20260504_licenseclean,mistral7b_10x_licenseclean_contcert_20260504
linear,triple,task280+task620+task1598,1.5510963414822934,0.5118431300509724,0,"[0.2, 0.6000000000000087, 0.1999999999999913]","[0.2, 0.6, 0.2]",0.0,"{""task1598"": 0.5926340103149741, ""task280"": 0.4810302734375327, ""task620"": -0.5118431300509724}",task620,continuous_primal_dual_psd,6,1.5510963414822934,1.5510963414822934,0.0,"[1.0, 0.0, 0.0]",primal=Optimization terminated successfully; dual=outer=Optimization terminated successfully; inner=Optimization terminated successfully,1,-46.04693894585649,46.04693894585648,,mistral7b_10x_licenseclean_contcert_20260504_linear_20260504_licenseclean,mistral7b_10x_licenseclean_contcert_20260504
linear,triple,task290+task1342+task039,-1.281614249026049,-0.43670529232868976,1,"[0.5813705225388932, 0.20000000000001172, 0.21862947746109507]","[0.6, 0.2, 0.2]",0.0,"{""task039"": 2.8341783920102466, ""task1342"": 0.43670529232868976, ""task290"": 0.5335080074857287}",task1342,continuous_primal_dual_psd,6,-1.281614249026049,-1.2816142490628022,3.675326709640103e-11,"[0.7524720186114959, 0.24752798138850424, 0.0]",primal=Optimization terminated successfully; dual=outer=Optimization terminated successfully; inner=Optimization terminated successfully,1,-12.743432204165146,12.743432204165156,,mistral7b_10x_licenseclean_contcert_20260504_linear_20260504_licenseclean,mistral7b_10x_licenseclean_contcert_20260504
linear,triple,task290+task1342+task1598,0.5941412905037219,-0.18301718785035606,1,"[0.2, 0.2, 0.6]","[0.2, 0.6, 0.2]",0.7499773617124031,"{""task1342"": 0.38359810744531614, ""task1598"": 19.18637447357181, ""task290"": 0.18301718785035606}",task290,continuous_primal_dual_psd,6,0.5941412905037219,0.5941412905037025,1.942890293094024e-14,"[0.99999999999996, 4.0023540037735297e-14, 0.0]",primal=Optimization terminated successfully; dual=outer=Optimization terminated successfully; inner=Optimization terminated successfully,1,-23.786816252734518,23.786816252734518,,mistral7b_10x_licenseclean_contcert_20260504_linear_20260504_licenseclean,mistral7b_10x_licenseclean_contcert_20260504
linear,triple,task290+task1342+task442,-0.73872595062651,-0.4823104420718577,1,"[0.4959522781453824, 0.2, 0.3040477218546176]","[0.4, 0.4, 0.2]",0.17272010936533733,"{""task1342"": 0.5215694257387004, ""task290"": 0.4823104420718577, ""task442"": 2.3446602847517672}",task290,continuous_primal_dual_psd,6,-0.73872595062651,-0.73872595062651,0.0,"[0.0, 1.0, 0.0]",primal=Optimization terminated successfully; dual=outer=Optimization terminated successfully; inner=Optimization terminated successfully,1,-47.541868779088375,47.54186877908836,,mistral7b_10x_licenseclean_contcert_20260504_linear_20260504_licenseclean,mistral7b_10x_licenseclean_contcert_20260504
linear,triple,task290+task1342+task620,-0.47290448550609465,-0.4192445513580273,1,"[0.2, 0.4187502491722337, 0.38124975082776635]","[0.6, 0.2, 0.2]",0.16999933031372144,"{""task1342"": 0.4192445513580273, ""task290"": 0.5429594925573951, ""task620"": 0.637653015389298}",task1342,continuous_primal_dual_psd,6,-0.47290448550609465,-0.47290448550609465,0.0,"[0.0, 0.0, 1.0]",primal=Optimization terminated successfully; dual=outer=Optimization terminated successfully; inner=Optimization terminated successfully,1,-5.45195170164821,5.45195170164821,,mistral7b_10x_licenseclean_contcert_20260504_linear_20260504_licenseclean,mistral7b_10x_licenseclean_contcert_20260504
linear,triple,task290+task1391+task039,-1.1648850703926326,-0.5769072218293477,1,"[0.4268287152037186, 0.37317128479628414, 0.1999999999999973]","[0.4, 0.4, 0.2]",0.0,"{""task039"": 3.0192465511197226, ""task1391"": 2.007342644332524, ""task290"": 0.5769072218293477}",task290,continuous_primal_dual_psd,6,-1.1648850703926326,-1.1648850703926326,0.0,"[0.0, 1.0, 0.0]",primal=Optimization terminated successfully; dual=outer=Optimization terminated successfully; inner=Optimization terminated successfully,0,0.11230434992873484,0.0,,mistral7b_10x_licenseclean_contcert_20260504_linear_20260504_licenseclean,mistral7b_10x_licenseclean_contcert_20260504
linear,triple,task290+task1391+task1342,-1.337545880931959,-0.772000204094865,1,"[0.2, 0.417600208110894, 0.382399791889106]","[0.4, 0.2, 0.4]",0.06076816380302352,"{""task1342"": 0.772000204094865, ""task1391"": 2.269826803157946, ""task290"": 0.7920647411904737}",task1342,continuous_primal_dual_psd,6,-1.337545880931959,-1.337545880931959,0.0,"[0.0, 1.0, 0.0]",primal=Optimization terminated successfully; dual=outer=Optimization terminated successfully; inner=Optimization terminated successfully,0,0.6342431091029477,0.0,,mistral7b_10x_licenseclean_contcert_20260504_linear_20260504_licenseclean,mistral7b_10x_licenseclean_contcert_20260504
linear,triple,task290+task1391+task1598,-0.9689788772881736,-0.3199109129482397,1,"[0.20000000000000298, 0.5004502458583963, 0.2995497541416008]","[0.6, 0.2, 0.2]",0.17533784949203995,"{""task1391"": 1.0356586754917587, ""task1598"": 20.01022987365726, ""task290"": 0.3199109129482397}",task290,continuous_primal_dual_psd,6,-0.9689788772881736,-0.9689788772881736,0.0,"[0.0, 1.0, 0.0]",primal=Optimization terminated successfully; dual=outer=Optimization terminated successfully; inner=Optimization terminated successfully,1,-9.714506198497922,9.714506198497917,,mistral7b_10x_licenseclean_contcert_20260504_linear_20260504_licenseclean,mistral7b_10x_licenseclean_contcert_20260504
linear,triple,task290+task1391+task442,-0.31075605315078053,-0.4902931334839694,1,"[0.2, 0.2, 0.6]","[0.4, 0.4, 0.2]",0.2927782784552495,"{""task1391"": 1.4037648917984833, ""task290"": 0.4902931334839694, ""task442"": 2.628531591061816}",task290,continuous_primal_dual_psd,6,-0.31075605315078053,-0.31075605315078053,0.0,"[0.0, 1.0, 0.0]",primal=Optimization terminated successfully; dual=outer=Optimization terminated successfully; inner=Optimization terminated successfully,1,-33.27758634771493,33.27758634771493,,mistral7b_10x_licenseclean_contcert_20260504_linear_20260504_licenseclean,mistral7b_10x_licenseclean_contcert_20260504
linear,triple,task290+task1391+task620,0.1493868711340504,-0.5216719561205322,1,"[0.2, 0.2, 0.6]","[0.4, 0.4, 0.2]",0.28929198216534147,"{""task1391"": 1.335957003933206, ""task290"": 0.5216719561205322, ""task620"": 0.7446351348120765}",task290,continuous_primal_dual_psd,6,0.1493868711340504,0.1493868711340504,0.0,"[0.0, 0.0, 1.0]",primal=Optimization terminated successfully; dual=outer=Optimization terminated successfully; inner=Optimization terminated successfully,1,-12.160183690878974,12.160183690878972,,mistral7b_10x_licenseclean_contcert_20260504_linear_20260504_licenseclean,mistral7b_10x_licenseclean_contcert_20260504
linear,triple,task290+task1598+task039,-1.2204511800181992,-0.39936860737878976,1,"[0.38890028299023915, 0.30512884115823197, 0.30597087585152893]","[0.4, 0.2, 0.4]",0.0,"{""task039"": 2.124134517527405, ""task1598"": 23.61614398956302, ""task290"": 0.39936860737878976}",task290,continuous_primal_dual_psd,6,-1.2204511800181992,-1.2204511800181992,0.0,"[1.0, 0.0, 0.0]",primal=Optimization terminated successfully; dual=outer=Optimization terminated successfully; inner=Optimization terminated successfully,1,-75.35801306160698,75.358013061607,,mistral7b_10x_licenseclean_contcert_20260504_linear_20260504_licenseclean,mistral7b_10x_licenseclean_contcert_20260504
linear,triple,task290+task442+task039,-1.580679514042913,-0.650399188471292,1,"[0.2, 0.39545558862102387, 0.4045444113789761]","[0.6, 0.2, 0.2]",0.38535647756869107,"{""task039"": 3.099687735993296, ""task290"": 0.650399188471292, ""task442"": 2.8565706172439937}",task290,continuous_primal_dual_psd,6,-1.580679514042913,-1.580679514042913,0.0,"[1.0, 0.0, 0.0]",primal=Optimization terminated successfully; dual=outer=Optimization terminated successfully; inner=Optimization terminated successfully,1,-21.30087694488627,21.300876944886266,,mistral7b_10x_licenseclean_contcert_20260504_linear_20260504_licenseclean,mistral7b_10x_licenseclean_contcert_20260504
linear,triple,task290+task442+task1598,6.345566039870022,-0.09475212153095354,1,"[0.27002844008581656, 0.2, 0.5299715599141834]","[0.4, 0.4, 0.2]",0.6158358055780742,"{""task1598"": 16.40835695266727, ""task290"": 0.09475212153095354, ""task442"": 1.9320107405091203}",task290,continuous_primal_dual_psd,6,6.345566039870022,6.345566039870022,0.0,"[0.0, 0.0, 1.0]",primal=Optimization terminated successfully; dual=outer=Optimization terminated successfully; inner=Optimization terminated successfully,1,-121.04680922155528,121.04680922155528,,mistral7b_10x_licenseclean_contcert_20260504_linear_20260504_licenseclean,mistral7b_10x_licenseclean_contcert_20260504
linear,triple,task290+task442+task620,-0.49592877137918756,-0.45194117926074295,1,"[0.27289762646399907, 0.2, 0.527102373536001]","[0.4, 0.2, 0.4]",0.16744732825085812,"{""task290"": 0.45194117926074295, ""task442"": 2.3496267498152292, ""task620"": 0.5786462298039798}",task290,continuous_primal_dual_psd,6,-0.49592877137918756,-0.49592877137918756,0.0,"[0.0, 0.0, 1.0]",primal=Optimization terminated successfully; dual=outer=Optimization terminated successfully; inner=Optimization terminated successfully,1,-5.282789539326925,5.282789539326925,,mistral7b_10x_licenseclean_contcert_20260504_linear_20260504_licenseclean,mistral7b_10x_licenseclean_contcert_20260504
linear,triple,task290+task620+task039,-0.6000005872634273,-0.17235034406050345,1,"[0.6, 0.2, 0.19999999999999996]","[0.4, 0.2, 0.4]",0.07438681973188878,"{""task039"": 1.8686170040260792, ""task290"": 0.2015520163168169, ""task620"": 0.17235034406050345}",task620,continuous_primal_dual_psd,6,-0.6000005872634273,-0.6000005872634273,0.0,"[0.0, 1.0, 0.0]",primal=Optimization terminated successfully; dual=outer=Optimization terminated successfully; inner=Optimization terminated successfully,0,0.6477011989741168,0.0,,mistral7b_10x_licenseclean_contcert_20260504_linear_20260504_licenseclean,mistral7b_10x_licenseclean_contcert_20260504
linear,triple,task290+task620+task1598,0.35164134312448436,0.20123809872880463,0,"[0.4955695910656515, 0.30443040893434936, 0.19999999999999907]","[0.6, 0.2, 0.2]",0.008900081066629872,"{""task1598"": 12.360081005096468, ""task290"": -0.20123809872880463, ""task620"": -0.14720379278108528}",task290,continuous_primal_dual_psd,6,0.35164134312448436,0.35164134312448436,0.0,"[0.0, 1.0, 0.0]",primal=Optimization terminated successfully; dual=outer=Optimization terminated successfully; inner=Optimization terminated successfully,1,-10.283393055006018,10.283393055006018,,mistral7b_10x_licenseclean_contcert_20260504_linear_20260504_licenseclean,mistral7b_10x_licenseclean_contcert_20260504
linear,triple,task391+task1342+task039,0.17758231933533036,-0.3166312588612464,1,"[0.2657864246325063, 0.3170395237812037, 0.41717405158629006]","[0.6, 0.2, 0.2]",0.25865736457072086,"{""task039"": 3.137282963388517, ""task1342"": 0.5301653274712744, ""task391"": 0.3166312588612464}",task391,continuous_primal_dual_psd,6,0.17758231933533036,0.17758231933527735,5.3013149425851225e-14,"[0.47540466692681543, 0.5245953330731846, 0.0]",primal=Optimization terminated successfully; dual=outer=Optimization terminated successfully; inner=Optimization terminated successfully,1,-83.23379089819234,83.23379089819234,,mistral7b_10x_licenseclean_contcert_20260504_linear_20260504_licenseclean,mistral7b_10x_licenseclean_contcert_20260504
linear,triple,task391+task1342+task1598,-0.1955716604433262,-0.38626938543887157,1,"[0.5434209914869489, 0.2000000000000001, 0.25657900851305104]","[0.4, 0.4, 0.2]",0.09621762550289942,"{""task1342"": 0.6795356629203203, ""task1598"": 24.26548891067508, ""task391"": 0.38626938543887157}",task391,continuous_primal_dual_psd,6,-0.1955716604433262,-0.1955716604433262,0.0,"[1.0, 0.0, 0.0]",primal=Optimization terminated successfully; dual=outer=Optimization terminated successfully; inner=Optimization terminated successfully,1,-2.531043147741343,2.5310431477413426,,mistral7b_10x_licenseclean_contcert_20260504_linear_20260504_licenseclean,mistral7b_10x_licenseclean_contcert_20260504
linear,triple,task391+task1342+task442,-0.06962075403490264,-0.34336244179126385,1,"[0.4688139419849675, 0.2, 0.33118605801503254]","[0.6, 0.2, 0.2]",0.29632317972502364,"{""task1342"": 0.5270879595722079, ""task391"": 0.34336244179126385, ""task442"": 2.774935167732987}",task391,continuous_primal_dual_psd,6,-0.06962075403490264,-0.06962075403525601,3.533701109503795e-13,"[0.9196362980981905, 0.0, 0.08036370190180954]",primal=Optimization terminated successfully; dual=outer=Optimization terminated successfully; inner=Optimization terminated successfully,1,-60.04812214795784,60.04812214795784,,mistral7b_10x_licenseclean_contcert_20260504_linear_20260504_licenseclean,mistral7b_10x_licenseclean_contcert_20260504
linear,triple,task391+task1342+task620,0.1398071239188621,-0.5705801734729665,1,"[0.2, 0.2, 0.6]","[0.6, 0.2, 0.2]",0.2793889989837171,"{""task1342"": 0.8087319649764698, ""task391"": 0.5705801734729665, ""task620"": 1.0504822131602338}",task391,continuous_primal_dual_psd,6,0.1398071239188621,0.1398071239188621,0.0,"[1.0, 0.0, 0.0]",primal=Optimization terminated successfully; dual=outer=Optimization terminated successfully; inner=Optimization terminated successfully,1,-3.175547612970231,3.4330743554741896,,mistral7b_10x_licenseclean_contcert_20260504_linear_20260504_licenseclean,mistral7b_10x_licenseclean_contcert_20260504
linear,triple,task391+task1391+task039,-0.2090172599376413,-0.4604647241001799,1,"[0.4833052971914495, 0.3166947028085503, 0.20000000000000018]","[0.4, 0.4, 0.2]",0.0,"{""task039"": 2.5741915806087494, ""task1391"": 2.162523775441636, ""task391"": 0.4604647241001799}",task391,continuous_primal_dual_psd,6,-0.2090172599376413,-0.2090172599376413,0.0,"[1.0, 0.0, 0.0]",primal=Optimization terminated successfully; dual=outer=Optimization terminated successfully; inner=Optimization terminated successfully,1,-2.007527010881365,2.007527010881365,,mistral7b_10x_licenseclean_contcert_20260504_linear_20260504_licenseclean,mistral7b_10x_licenseclean_contcert_20260504
linear,triple,task391+task1391+task1342,-0.4867706663626916,-0.5955652058307338,1,"[0.26879337335530873, 0.372765562570947, 0.3584410640737443]","[0.4, 0.2, 0.4]",0.11588747188269294,"{""task1342"": 0.7878324381151406, ""task1391"": 2.3307411809253638, ""task391"": 0.5955652058307338}",task391,continuous_primal_dual_psd,6,-0.4867706663626916,-0.4867706663626916,0.0,"[1.0, 0.0, 0.0]",primal=Optimization terminated successfully; dual=outer=Optimization terminated successfully; inner=Optimization terminated successfully,1,-3.398035727957186,3.3980357279571853,,mistral7b_10x_licenseclean_contcert_20260504_linear_20260504_licenseclean,mistral7b_10x_licenseclean_contcert_20260504
linear,triple,task391+task1391+task1598,-0.4876657766061069,-0.24516980132072222,1,"[0.45782084478618096, 0.3421791552138198, 0.1999999999999993]","[0.6, 0.2, 0.2]",0.10692651623777272,"{""task1391"": 1.5362179045217645, ""task1598"": 23.435565757751498, ""task391"": 0.24516980132072222}",task391,continuous_primal_dual_psd,6,-0.4876657766061069,-0.4876657766061069,0.0,"[1.0, 0.0, 0.0]",primal=Optimization terminated successfully; dual=outer=Optimization terminated successfully; inner=Optimization terminated successfully,1,-31.745249884155506,31.74524988415551,,mistral7b_10x_licenseclean_contcert_20260504_linear_20260504_licenseclean,mistral7b_10x_licenseclean_contcert_20260504
linear,triple,task391+task1391+task442,-0.047935728609760093,-0.34586879690493316,1,"[0.41349595646158904, 0.38650404353841117, 0.19999999999999973]","[0.6, 0.2, 0.2]",0.13175808007309384,"{""task1391"": 1.597134471052509, ""task391"": 0.34586879690493316, ""task442"": 2.1913150272375654}",task391,continuous_primal_dual_psd,6,-0.047935728609760093,-0.047935728609760093,0.0,"[1.0, 0.0, 0.0]",primal=Optimization terminated successfully; dual=outer=Optimization terminated successfully; inner=Optimization terminated successfully,1,-45.86338635821823,45.863386358218236,,mistral7b_10x_licenseclean_contcert_20260504_linear_20260504_licenseclean,mistral7b_10x_licenseclean_contcert_20260504
linear,triple,task391+task1391+task620,-0.22072222314495826,-0.4904620205558601,1,"[0.6, 0.2, 0.19999999999999996]","[0.4, 0.2, 0.4]",0.004328793817716892,"{""task1391"": 2.1159501749916263, ""task391"": 0.4904620205558601, ""task620"": 0.8715361493155889}",task391,continuous_primal_dual_psd,6,-0.22072222314495826,-0.22072222314495826,0.0,"[1.0, 0.0, 0.0]",primal=Optimization terminated successfully; dual=outer=Optimization terminated successfully; inner=Optimization terminated successfully,1,-3.8350268751277943,3.835026875127794,,mistral7b_10x_licenseclean_contcert_20260504_linear_20260504_licenseclean,mistral7b_10x_licenseclean_contcert_20260504
linear,triple,task391+task1598+task039,-0.030639817996107155,-0.2592955973271501,1,"[0.5375785836353424, 0.2, 0.26242141636465766]","[0.6, 0.2, 0.2]",0.0,"{""task039"": 2.427237544573298, ""task1598"": 26.2947171211243, ""task391"": 0.2592955973271501}",task391,continuous_primal_dual_psd,6,-0.030639817996107155,-0.030639817999810203,3.703048284675603e-12,"[0.991327984203527, 2.736167374317838e-13, 0.008672015796199362]",primal=Optimization terminated successfully; dual=outer=Optimization terminated successfully; inner=Optimization terminated successfully,1,-164.2837662747008,164.28376627470078,,mistral7b_10x_licenseclean_contcert_20260504_linear_20260504_licenseclean,mistral7b_10x_licenseclean_contcert_20260504
linear,triple,task391+task290+task039,-0.29747376795458713,-0.4638062334987885,1,"[0.5028470796587136, 0.2, 0.2971529203412864]","[0.6, 0.2, 0.2]",0.0,"{""task039"": 3.2992154791522896, ""task290"": 0.4800175069424098, ""task391"": 0.4638062334987885}",task391,continuous_primal_dual_psd,6,-0.29747376795458713,-0.29747376795458713,0.0,"[1.0, 0.0, 0.0]",primal=Optimization terminated successfully; dual=outer=Optimization terminated successfully; inner=Optimization terminated successfully,1,-4.213104829227392,4.213104829227394,,mistral7b_10x_licenseclean_contcert_20260504_linear_20260504_licenseclean,mistral7b_10x_licenseclean_contcert_20260504
linear,triple,task391+task290+task1342,-0.11559018438310431,-0.6513822427996948,1,"[0.26987553105053075, 0.2000000000000048, 0.5301244689494644]","[0.4, 0.2, 0.4]",0.13168268420014795,"{""task1342"": 0.8434738009160875, ""task290"": 0.8139009865981354, ""task391"": 0.6513822427996948}",task391,continuous_primal_dual_psd,6,-0.11559018438310431,-0.11559018438334114,2.368244489403537e-13,"[0.7401845357209328, 0.0, 0.2598154642790673]",primal=Optimization terminated successfully; dual=outer=Optimization terminated successfully; inner=Optimization terminated successfully,1,-36.677884354700375,36.677884354700375,,mistral7b_10x_licenseclean_contcert_20260504_linear_20260504_licenseclean,mistral7b_10x_licenseclean_contcert_20260504
linear,triple,task391+task290+task1391,-0.19777913750439025,-0.6272328108562926,1,"[0.2, 0.40848577693321625, 0.39151422306678374]","[0.4, 0.4, 0.2]",0.19934668806898231,"{""task1391"": 2.2651680204167826, ""task290"": 0.7765575141866619, ""task391"": 0.6272328108562926}",task391,continuous_primal_dual_psd,6,-0.19777913750439025,-0.19777913750439025,0.0,"[1.0, 0.0, 0.0]",primal=Optimization terminated successfully; dual=outer=Optimization terminated successfully; inner=Optimization terminated successfully,1,-7.9573471746955375,7.9573471746955375,,mistral7b_10x_licenseclean_contcert_20260504_linear_20260504_licenseclean,mistral7b_10x_licenseclean_contcert_20260504
linear,triple,task391+task290+task1598,0.16512299996896307,-0.22311282922538409,1,"[0.6000000000000001, 0.20000000000000015, 0.19999999999999973]","[0.4, 0.4, 0.2]",0.016148645152388008,"{""task1598"": 20.495220947265658, ""task290"": 0.22311282922538409, ""task391"": 0.2409172956348027}",task290,continuous_primal_dual_psd,6,0.16512299996896307,0.16512299996896307,0.0,"[1.0, 0.0, 0.0]",primal=Optimization terminated successfully; dual=outer=Optimization terminated successfully; inner=Optimization terminated successfully,1,-68.81542902242634,68.81542902242634,,mistral7b_10x_licenseclean_contcert_20260504_linear_20260504_licenseclean,mistral7b_10x_licenseclean_contcert_20260504
linear,triple,task391+task290+task442,-0.1627023955401492,-0.5069402570240854,1,"[0.4944004697236009, 0.2805167301854187, 0.22508280009098036]","[0.6, 0.2, 0.2]",0.0,"{""task290"": 0.5989272685720215, ""task391"": 0.5069402570240854, ""task442"": 3.104710197215452}",task391,continuous_primal_dual_psd,6,-0.1627023955401492,-0.1627023955401492,0.0,"[1.0, 0.0, 0.0]",primal=Optimization terminated successfully; dual=outer=Optimization terminated successfully; inner=Optimization terminated successfully,1,-32.57213091445661,32.57213091445661,,mistral7b_10x_licenseclean_contcert_20260504_linear_20260504_licenseclean,mistral7b_10x_licenseclean_contcert_20260504
linear,triple,task391+task290+task620,0.22839867013651877,-0.561467533823303,1,"[0.2, 0.2, 0.6]","[0.4, 0.4, 0.2]",0.33786496732994215,"{""task290"": 0.629480871724996, ""task391"": 0.561467533823303, ""task620"": 1.1035992667088572}",task391,continuous_primal_dual_psd,6,0.22839867013651877,0.22839867013651877,0.0,"[1.0, 0.0, 0.0]",primal=Optimization terminated successfully; dual=outer=Optimization terminated successfully; inner=Optimization terminated successfully,1,-5.303987164325656,5.303987164325656,,mistral7b_10x_licenseclean_contcert_20260504_linear_20260504_licenseclean,mistral7b_10x_licenseclean_contcert_20260504
linear,triple,task391+task442+task039,0.5844046042371911,-0.38930708069856795,1,"[0.20000000000000057, 0.20000000000000043, 0.599999999999999]","[0.4, 0.2, 0.4]",0.19866366391821197,"{""task039"": 2.8223503503318046, ""task391"": 0.38930708069856795, ""task442"": 2.303223027371676}",task391,continuous_primal_dual_psd,6,0.5844046042371911,0.5844046042371911,0.0,"[1.0, 0.0, 0.0]",primal=Optimization terminated successfully; dual=outer=Optimization terminated successfully; inner=Optimization terminated successfully,1,-83.52449903591634,83.52449903591634,,mistral7b_10x_licenseclean_contcert_20260504_linear_20260504_licenseclean,mistral7b_10x_licenseclean_contcert_20260504
linear,triple,task391+task442+task1598,-0.03052046892973337,-0.13877596361725375,1,"[0.5011324628828865, 0.200000000000001, 0.29886753711711256]","[0.6, 0.2, 0.2]",0.0,"{""task1598"": 23.630353736877474, ""task391"": 0.13877596361725375, ""task442"": 1.9156317556388358}",task391,continuous_primal_dual_psd,6,-0.03052046892973337,-0.03052046892973337,0.0,"[1.0, 0.0, 0.0]",primal=Optimization terminated successfully; dual=outer=Optimization terminated successfully; inner=Optimization terminated successfully,1,-22.568763305157532,22.56876330515753,,mistral7b_10x_licenseclean_contcert_20260504_linear_20260504_licenseclean,mistral7b_10x_licenseclean_contcert_20260504
linear,triple,task391+task442+task620,-0.20321494161311449,-0.4194565072884171,1,"[0.4499994635596362, 0.2, 0.3500005364403638]","[0.4, 0.2, 0.4]",0.0,"{""task391"": 0.4194565072884171, ""task442"": 2.7233215403476043, ""task620"": 0.8372672448611094}",task391,continuous_primal_dual_psd,6,-0.20321494161311449,-0.20321494161311449,0.0,"[1.0, 0.0, 0.0]",primal=Optimization terminated successfully; dual=outer=Optimization terminated successfully; inner=Optimization terminated successfully,1,-0.011570344425397902,0.0115703444253979,,mistral7b_10x_licenseclean_contcert_20260504_linear_20260504_licenseclean,mistral7b_10x_licenseclean_contcert_20260504
linear,triple,task391+task620+task039,-0.018355245189453626,-0.31192280890224566,1,"[0.4705577238109707, 0.3294422761890237, 0.2000000000000055]","[0.4, 0.4, 0.2]",0.0,"{""task039"": 2.670139406883712, ""task391"": 0.31192280890224566, ""task620"": 0.6138789314684803}",task391,continuous_primal_dual_psd,6,-0.018355245189453626,-0.018355245189453626,0.0,"[1.0, 0.0, 0.0]",primal=Optimization terminated successfully; dual=outer=Optimization terminated successfully; inner=Optimization terminated successfully,1,-39.0674692689212,39.0674692689212,,mistral7b_10x_licenseclean_contcert_20260504_linear_20260504_licenseclean,mistral7b_10x_licenseclean_contcert_20260504
linear,triple,task391+task620+task1598,-0.1262660100427031,-0.18001126030670572,1,"[0.6, 0.2, 0.19999999999999996]","[0.6, 0.2, 0.2]",0.0,"{""task1598"": 22.57312231063846, ""task391"": 0.18001126030670572, ""task620"": 0.49972054913792807}",task391,continuous_primal_dual_psd,6,-0.1262660100427031,-0.1262660100427031,0.0,"[1.0, 0.0, 0.0]",primal=Optimization terminated successfully; dual=outer=Optimization terminated successfully; inner=Optimization terminated successfully,1,-147.991389617443,147.991389617443,,mistral7b_10x_licenseclean_contcert_20260504_linear_20260504_licenseclean,mistral7b_10x_licenseclean_contcert_20260504
linear,triple,task442+task1598+task039,0.10729657762308906,-2.3746638374497557,1,"[0.2, 0.2, 0.6]","[0.4, 0.2, 0.4]",0.5237972935234392,"{""task039"": 2.3746638374497557, ""task1598"": 21.54026918411258, ""task442"": 2.4069473659659346}",task039,continuous_primal_dual_psd,6,0.10729657762308906,0.10729657762308906,0.0,"[1.0, 0.0, 0.0]",primal=Optimization terminated successfully; dual=outer=Optimization terminated successfully; inner=Optimization terminated successfully,1,-61.65985518305824,61.659855183058234,,mistral7b_10x_licenseclean_contcert_20260504_linear_20260504_licenseclean,mistral7b_10x_licenseclean_contcert_20260504
linear,triple,task442+task620+task039,-0.010156651270430462,-0.5700796328008104,1,"[0.2, 0.2, 0.6]","[0.2, 0.6, 0.2]",0.18504969343447752,"{""task039"": 2.533442826498895, ""task442"": 2.0602962677896928, ""task620"": 0.5700796328008104}",task620,continuous_primal_dual_psd,6,-0.010156651270430462,-0.010156651270430462,0.0,"[0.0, 1.0, 0.0]",primal=Optimization terminated successfully; dual=outer=Optimization terminated successfully; inner=Optimization terminated successfully,1,-58.00372144213931,58.0037214421393,,mistral7b_10x_licenseclean_contcert_20260504_linear_20260504_licenseclean,mistral7b_10x_licenseclean_contcert_20260504
linear,triple,task442+task620+task1598,2.2879447015468903,-0.15810602524242584,1,"[0.2, 0.3330647387266371, 0.4669352612733628]","[0.4, 0.4, 0.2]",0.5397289540535474,"{""task1598"": 18.05811815261844, ""task442"": 1.1791517796621245, ""task620"": 0.15810602524242584}",task620,continuous_primal_dual_psd,6,2.2879447015468903,2.2879447014918934,5.4996895926251455e-11,"[0.4689824900580625, 0.5310175099419375, 0.0]",primal=Optimization terminated successfully; dual=outer=Optimization terminated successfully; inner=Optimization terminated successfully,1,-55.063757520812075,55.063757520812075,,mistral7b_10x_licenseclean_contcert_20260504_linear_20260504_licenseclean,mistral7b_10x_licenseclean_contcert_20260504
linear,triple,task620+task1598+task039,0.12922851027231275,-0.22685773170452256,1,"[0.26054420875855716, 0.2, 0.5394557912414428]","[0.2, 0.4, 0.4]",0.022595760047208452,"{""task039"": 1.2198244402953426, ""task1598"": 15.72655134201053, ""task620"": 0.22685773170452256}",task620,continuous_primal_dual_psd,6,0.12922851027231275,0.12922851027206617,2.4658053376924727e-13,"[0.9581509316516515, 0.0, 0.04184906834834848]",primal=Optimization terminated successfully; dual=outer=Optimization terminated successfully; inner=Optimization terminated successfully,1,-178.89381347808947,180.07893669696782,,mistral7b_10x_licenseclean_contcert_20260504_linear_20260504_licenseclean,mistral7b_10x_licenseclean_contcert_20260504
magnitude_prune,pair,task1342+task039,0.30454817906851395,-0.009853636343342048,1,"[0.2, 0.8]","[0.8, 0.2]",0.28091957492992214,"{""task039"": 1.0994251994891395, ""task1342"": 0.009853636343342048}",task1342,continuous_primal_dual_psd,4,0.30454817906851395,0.30454817906851395,0.0,"[1.0, 0.0]",primal=Optimization terminated successfully; dual=outer=Optimization terminated successfully; inner=Optimization terminated successfully,1,-4.907028445138445,4.907028445138445,,mistral7b_10x_licenseclean_contcert_20260504_magnitude_prune_20260504_licenseclean,mistral7b_10x_licenseclean_contcert_20260504
magnitude_prune,pair,task1342+task1598,-0.4032972108149279,-0.22581257925949627,1,"[0.8, 0.19999999999999996]","[0.8, 0.2]",0.0,"{""task1342"": 0.22581257925949627, ""task1598"": 18.815037536621126}",task1342,continuous_primal_dual_psd,4,-0.4032972108149279,-0.4032972108149279,0.0,"[1.0, 0.0]",primal=Optimization terminated successfully; dual=outer=Optimization terminated successfully; inner=Optimization terminated successfully,1,-1.7562083497270429,1.7562083497270429,,mistral7b_10x_licenseclean_contcert_20260504_magnitude_prune_20260504_licenseclean,mistral7b_10x_licenseclean_contcert_20260504
magnitude_prune,pair,task1342+task442,-0.29834628436531285,-0.3081425347519336,1,"[0.2, 0.8]","[0.8, 0.2]",0.5008583677300505,"{""task1342"": 0.3081425347519336, ""task442"": 2.1086810369081053}",task1342,continuous_primal_dual_psd,4,-0.29834628436531285,-0.29834628436531285,0.0,"[1.0, 0.0]",primal=Optimization terminated successfully; dual=outer=Optimization terminated successfully; inner=Optimization terminated successfully,1,-3.357457704224657,3.357457704224657,,mistral7b_10x_licenseclean_contcert_20260504_magnitude_prune_20260504_licenseclean,mistral7b_10x_licenseclean_contcert_20260504
magnitude_prune,pair,task1342+task620,-0.679347581589737,-0.30235293742472596,1,"[0.5285708680386112, 0.4714291319613888]","[0.8, 0.2]",0.031755885532544104,"{""task1342"": 0.30235293742472596, ""task620"": 0.5148217163894577}",task1342,continuous_primal_dual_psd,4,-0.679347581589737,-0.679347581589737,0.0,"[0.0, 1.0]",primal=Optimization terminated successfully; dual=outer=Optimization terminated successfully; inner=Optimization terminated successfully,0,2.993404052900691,0.0,,mistral7b_10x_licenseclean_contcert_20260504_magnitude_prune_20260504_licenseclean,mistral7b_10x_licenseclean_contcert_20260504
magnitude_prune,pair,task1391+task039,-0.5589813823704501,-1.9853608942411431,1,"[0.7053326719449756, 0.2946673280550244]","[0.6, 0.4]",0.1270511448326581,"{""task039"": 3.0431682596455185, ""task1391"": 1.9853608942411431}",task1391,continuous_primal_dual_psd,4,-0.5589813823704501,-0.5589813823704501,0.0,"[1.0, 0.0]",primal=Optimization terminated successfully; dual=outer=Optimization terminated successfully; inner=Optimization terminated successfully,0,3.024202619325903,0.0,,mistral7b_10x_licenseclean_contcert_20260504_magnitude_prune_20260504_licenseclean,mistral7b_10x_licenseclean_contcert_20260504
magnitude_prune,pair,task1391+task1342,-1.3060921028986734,-0.5585733131080982,1,"[0.48592601271944763, 0.5140739872805524]","[0.4, 0.6]",0.0,"{""task1342"": 0.5585733131080982, ""task1391"": 1.9631930992669815}",task1342,continuous_primal_dual_psd,4,-1.3060921028986734,-1.3060921028986734,0.0,"[1.0, 0.0]",primal=Optimization terminated successfully; dual=outer=Optimization terminated successfully; inner=Optimization terminated successfully,0,7.258036295430528,0.0,,mistral7b_10x_licenseclean_contcert_20260504_magnitude_prune_20260504_licenseclean,mistral7b_10x_licenseclean_contcert_20260504
magnitude_prune,pair,task1391+task1598,-1.1842729965876164,-1.3055922903000559,1,"[0.8, 0.19999999999999996]","[0.8, 0.2]",0.0,"{""task1391"": 1.3055922903000559, ""task1598"": 19.65307884216312}",task1391,continuous_primal_dual_psd,4,-1.1842729965876164,-1.1842729965876164,0.0,"[1.0, 0.0]",primal=Optimization terminated successfully; dual=outer=Optimization terminated successfully; inner=Optimization terminated successfully,0,2.3185178482694635,0.0,,mistral7b_10x_licenseclean_contcert_20260504_magnitude_prune_20260504_licenseclean,mistral7b_10x_licenseclean_contcert_20260504
magnitude_prune,pair,task1391+task442,-0.7684298938095864,-1.5347387248706592,1,"[0.5777361827250472, 0.42226381727495277]","[0.6, 0.4]",0.0,"{""task1391"": 1.6038430306492513, ""task442"": 1.5347387248706592}",task442,continuous_primal_dual_psd,4,-0.7684298938095864,-0.7684298938095864,0.0,"[1.0, 0.0]",primal=Optimization terminated successfully; dual=outer=Optimization terminated successfully; inner=Optimization terminated successfully,0,7.12362312421452,0.0,,mistral7b_10x_licenseclean_contcert_20260504_magnitude_prune_20260504_licenseclean,mistral7b_10x_licenseclean_contcert_20260504
magnitude_prune,pair,task1391+task620,-0.6575429422606786,-0.6482547846995287,1,"[0.3452542162485467, 0.6547457837514533]","[0.4, 0.6]",0.0,"{""task1391"": 1.4797729814677394, ""task620"": 0.6482547846995287}",task620,continuous_primal_dual_psd,4,-0.6575429422606786,-0.6575429422618569,1.1783907183371412e-12,"[0.39974246690308923, 0.6002575330969108]",primal=Optimization terminated successfully; dual=outer=Optimization terminated successfully; inner=Optimization terminated successfully,1,-1.747333732594401,1.747333732594401,,mistral7b_10x_licenseclean_contcert_20260504_magnitude_prune_20260504_licenseclean,mistral7b_10x_licenseclean_contcert_20260504
magnitude_prune,pair,task1598+task039,-7.0240365438478305,-2.1102030951509554,1,"[0.5202899178915252, 0.47971008210847477]","[0.4, 0.6]",0.9124595191875577,"{""task039"": 2.1102030951509554, ""task1598"": 16.706642436981234}",task039,continuous_primal_dual_psd,4,-7.0240365438478305,-7.0240365438478305,0.0,"[0.0, 1.0]",primal=Optimization terminated successfully; dual=outer=Optimization terminated successfully; inner=Optimization terminated successfully,0,27.644187211990356,0.0,,mistral7b_10x_licenseclean_contcert_20260504_magnitude_prune_20260504_licenseclean,mistral7b_10x_licenseclean_contcert_20260504
magnitude_prune,pair,task190+task039,-6.199029016494789,-1.788172730487751,1,"[0.2, 0.8]","[0.2, 0.8]",0.0,"{""task039"": 1.788172730487751, ""task190"": 16.120216178894076}",task039,continuous_primal_dual_psd,4,-6.199029016494789,-6.199029016494789,0.0,"[0.0, 1.0]",primal=Optimization terminated successfully; dual=outer=Optimization terminated successfully; inner=Optimization terminated successfully,0,14.022588729858393,0.0,,mistral7b_10x_licenseclean_contcert_20260504_magnitude_prune_20260504_licenseclean,mistral7b_10x_licenseclean_contcert_20260504
magnitude_prune,pair,task190+task1342,-1.5193814831865353,-0.31890960191934137,1,"[0.43074997912369845, 0.5692500208763016]","[0.2, 0.8]",0.032028012020337226,"{""task1342"": 0.31890960191934137, ""task190"": 22.621819305419955}",task1342,continuous_primal_dual_psd,4,-1.5193814831865353,-1.5193814831865353,0.0,"[0.0, 1.0]",primal=Optimization terminated successfully; dual=outer=Optimization terminated successfully; inner=Optimization terminated successfully,0,16.528895453204143,0.0,,mistral7b_10x_licenseclean_contcert_20260504_magnitude_prune_20260504_licenseclean,mistral7b_10x_licenseclean_contcert_20260504
magnitude_prune,pair,task190+task1391,-0.5760434848489788,-0.7504496814254962,1,"[0.2912598706983283, 0.7087401293016717]","[0.2, 0.8]",0.0,"{""task1391"": 0.7504496814254962, ""task190"": 13.380762863159212}",task1391,continuous_primal_dual_psd,4,-0.5760434848489788,-0.5760434848489788,0.0,"[0.0, 1.0]",primal=Optimization terminated successfully; dual=outer=Optimization terminated successfully; inner=Optimization terminated successfully,0,7.997289990511719,0.0,,mistral7b_10x_licenseclean_contcert_20260504_magnitude_prune_20260504_licenseclean,mistral7b_10x_licenseclean_contcert_20260504
magnitude_prune,pair,task190+task1598,-4.266299440842083,4.861930084228483,0,"[0.46251418145076073, 0.5374858185492393]","[0.6, 0.4]",2.757716178894043,"{""task1598"": -4.861930084228483, ""task190"": -3.9264709472655923}",task1598,continuous_primal_dual_psd,4,-4.266299440842083,-4.266299440842083,0.0,"[0.0, 1.0]",primal=Optimization terminated successfully; dual=outer=Optimization terminated successfully; inner=Optimization terminated successfully,0,131.4106583595276,0.0,,mistral7b_10x_licenseclean_contcert_20260504_magnitude_prune_20260504_licenseclean,mistral7b_10x_licenseclean_contcert_20260504
magnitude_prune,pair,task190+task290,-1.4408929005089475,-0.3221127559204528,1,"[0.4030651136921116, 0.5969348863078884]","[0.2, 0.8]",0.2914949031512496,"{""task190"": 20.412012863159212, ""task290"": 0.3221127559204528}",task290,continuous_primal_dual_psd,4,-1.4408929005089475,-1.4408929005089475,0.0,"[0.0, 1.0]",primal=Optimization terminated successfully; dual=outer=Optimization terminated successfully; inner=Optimization terminated successfully,0,20.13607474773883,0.0,,mistral7b_10x_licenseclean_contcert_20260504_magnitude_prune_20260504_licenseclean,mistral7b_10x_licenseclean_contcert_20260504
magnitude_prune,pair,task190+task391,-0.30567767897438114,-0.402901090429543,1,"[0.2, 0.8]","[0.2, 0.8]",0.0,"{""task190"": 26.625499057769808, ""task391"": 0.402901090429543}",task391,continuous_primal_dual_psd,4,-0.30567767897438114,-0.30567767897438114,0.0,"[0.0, 1.0]",primal=Optimization terminated successfully; dual=outer=Optimization terminated successfully; inner=Optimization terminated successfully,0,4.599880584530329,0.0,,mistral7b_10x_licenseclean_contcert_20260504_magnitude_prune_20260504_licenseclean,mistral7b_10x_licenseclean_contcert_20260504
magnitude_prune,pair,task190+task442,-2.6499658152828776,-0.712406104364275,1,"[0.27457139340022807, 0.7254286065997719]","[0.2, 0.8]",0.0,"{""task190"": 10.606834220886263, ""task442"": 0.712406104364275}",task442,continuous_primal_dual_psd,4,-2.6499658152828776,-2.6499658152828776,0.0,"[0.0, 1.0]",primal=Optimization terminated successfully; dual=outer=Optimization terminated successfully; inner=Optimization terminated successfully,0,29.492398619198706,0.0,,mistral7b_10x_licenseclean_contcert_20260504_magnitude_prune_20260504_licenseclean,mistral7b_10x_licenseclean_contcert_20260504
magnitude_prune,pair,task190+task620,-0.8540382017928934,-0.04909062084393721,1,"[0.30214811642329276, 0.6978518835767072]","[0.4, 0.6]",0.0,"{""task190"": 12.35804252624515, ""task620"": 0.04909062084393721}",task620,continuous_primal_dual_psd,4,-0.8540382017928934,-0.8540382017928934,0.0,"[0.0, 1.0]",primal=Optimization terminated successfully; dual=outer=Optimization terminated successfully; inner=Optimization terminated successfully,0,9.80267459341795,0.0,,mistral7b_10x_licenseclean_contcert_20260504_magnitude_prune_20260504_licenseclean,mistral7b_10x_licenseclean_contcert_20260504
magnitude_prune,pair,task280+task039,3.8345885992049853,-0.5862775257942161,1,"[0.2, 0.8]","[0.2, 0.8]",0.0,"{""task039"": 0.5862775257942161, ""task280"": 8.092614936828646}",task039,continuous_primal_dual_psd,4,3.8345885992049853,3.8345885992049853,0.0,"[0.0, 1.0]",primal=Optimization terminated successfully; dual=outer=Optimization terminated successfully; inner=Optimization terminated successfully,0,26.04231238365169,0.0,,mistral7b_10x_licenseclean_contcert_20260504_magnitude_prune_20260504_licenseclean,mistral7b_10x_licenseclean_contcert_20260504
magnitude_prune,pair,task280+task1342,-0.4783049722126553,0.02778432700249564,0,"[0.2, 0.8]","[0.2, 0.8]",0.0,"{""task1342"": -0.02778432700249564, ""task280"": 12.81665258407596}",task1342,continuous_primal_dual_psd,4,-0.4783049722126553,-0.4783049722126553,0.0,"[0.0, 1.0]",primal=Optimization terminated successfully; dual=outer=Optimization terminated successfully; inner=Optimization terminated successfully,0,4.700371624944669,0.0,,mistral7b_10x_licenseclean_contcert_20260504_magnitude_prune_20260504_licenseclean,mistral7b_10x_licenseclean_contcert_20260504
magnitude_prune,pair,task280+task1391,-0.6481179906436919,-1.5079018733625298,1,"[0.2, 0.8]","[0.2, 0.8]",0.0,"{""task1391"": 1.5079018733625298, ""task280"": 22.81057529449466}",task1391,continuous_primal_dual_psd,4,-0.6481179906436919,-0.6481179906436919,0.0,"[0.0, 1.0]",primal=Optimization terminated successfully; dual=outer=Optimization terminated successfully; inner=Optimization terminated successfully,1,-0.6049030125547281,0.6049030125547281,,mistral7b_10x_licenseclean_contcert_20260504_magnitude_prune_20260504_licenseclean,mistral7b_10x_licenseclean_contcert_20260504
magnitude_prune,pair,task280+task1598,0.23846335411068062,3.8655788421630533,0,"[0.2, 0.8]","[0.2, 0.8]",0.0,"{""task1598"": -2.954462242126432, ""task280"": -3.8655788421630533}",task280,continuous_primal_dual_psd,4,0.23846335411068062,0.23846335411068062,0.0,"[1.0, 0.0]",primal=Optimization terminated successfully; dual=outer=Optimization terminated successfully; inner=Optimization terminated successfully,0,10.416805744171139,0.0,,mistral7b_10x_licenseclean_contcert_20260504_magnitude_prune_20260504_licenseclean,mistral7b_10x_licenseclean_contcert_20260504
magnitude_prune,pair,task280+task190,11.674352359771703,16.06931991577145,0,"[0.20000000000000046, 0.7999999999999996]","[0.2, 0.8]",0.0,"{""task190"": -16.06931991577145, ""task280"": -14.81931514739987}",task190,continuous_primal_dual_psd,4,11.674352359771703,11.674352359771703,0.0,"[1.0, 0.0]",primal=Optimization terminated successfully; dual=outer=Optimization terminated successfully; inner=Optimization terminated successfully,1,-5.208104848861795,5.208104848861795,,mistral7b_10x_licenseclean_contcert_20260504_magnitude_prune_20260504_licenseclean,mistral7b_10x_licenseclean_contcert_20260504
magnitude_prune,pair,task280+task290,0.2723833155925634,0.09407275730030713,0,"[0.2, 0.8]","[0.2, 0.8]",0.0,"{""task280"": 18.139287757873568, ""task290"": -0.09407275730030713}",task290,continuous_primal_dual_psd,4,0.2723833155925634,0.2723833155925634,0.0,"[0.0, 1.0]",primal=Optimization terminated successfully; dual=outer=Optimization terminated successfully; inner=Optimization terminated successfully,0,5.439313370308812,0.0,,mistral7b_10x_licenseclean_contcert_20260504_magnitude_prune_20260504_licenseclean,mistral7b_10x_licenseclean_contcert_20260504
magnitude_prune,pair,task280+task391,0.24726402724728172,0.05548261835144404,0,"[0.2, 0.8]","[0.2, 0.8]",0.0,"{""task280"": 19.332477378845248, ""task391"": -0.05548261835144404}",task391,continuous_primal_dual_psd,4,0.24726402724728172,0.24726402724728172,0.0,"[0.0, 1.0]",primal=Optimization terminated successfully; dual=outer=Optimization terminated successfully; inner=Optimization terminated successfully,0,1.6928999947593526,0.0,,mistral7b_10x_licenseclean_contcert_20260504_magnitude_prune_20260504_licenseclean,mistral7b_10x_licenseclean_contcert_20260504
magnitude_prune,pair,task280+task442,-1.6101653939584324,-0.8459044520343222,1,"[0.2, 0.8]","[0.2, 0.8]",0.0,"{""task280"": 11.812183189392123, ""task442"": 0.8459044520343222}",task442,continuous_primal_dual_psd,4,-1.6101653939584324,-1.6101653939584324,0.0,"[0.0, 1.0]",primal=Optimization terminated successfully; dual=outer=Optimization terminated successfully; inner=Optimization terminated successfully,0,38.0860850564292,0.0,,mistral7b_10x_licenseclean_contcert_20260504_magnitude_prune_20260504_licenseclean,mistral7b_10x_licenseclean_contcert_20260504
magnitude_prune,pair,task280+task620,0.19118223958782077,0.2352320725540519,0,"[0.2, 0.8]","[0.2, 0.8]",0.0,"{""task280"": 10.136029052734408, ""task620"": -0.2352320725540519}",task620,continuous_primal_dual_psd,4,0.19118223958782077,0.19118223958782077,0.0,"[0.0, 1.0]",primal=Optimization terminated successfully; dual=outer=Optimization terminated successfully; inner=Optimization terminated successfully,1,-17.227977514266996,17.227977514266996,,mistral7b_10x_licenseclean_contcert_20260504_magnitude_prune_20260504_licenseclean,mistral7b_10x_licenseclean_contcert_20260504
magnitude_prune,pair,task290+task039,-1.719675244245709,-0.32798469651758616,1,"[0.566805347847956, 0.433194652152044]","[0.8, 0.2]",0.010185073391172361,"{""task039"": 1.8583657257049537, ""task290"": 0.32798469651758616}",task290,continuous_primal_dual_psd,4,-1.719675244245709,-1.719675244245709,0.0,"[1.0, 0.0]",primal=Optimization terminated successfully; dual=outer=Optimization terminated successfully; inner=Optimization terminated successfully,0,20.136016389973044,0.0,,mistral7b_10x_licenseclean_contcert_20260504_magnitude_prune_20260504_licenseclean,mistral7b_10x_licenseclean_contcert_20260504
magnitude_prune,pair,task290+task1342,-1.1062036933773811,-0.41444885350772026,1,"[0.31547774719941407, 0.6845222528005859]","[0.2, 0.8]",8.92915038070985e-05,"{""task1342"": 0.41444885350772026, ""task290"": 0.4867146670231315}",task1342,continuous_primal_dual_psd,4,-1.1062036933773811,-1.1062036933918684,1.4487300248333668e-11,"[0.23187096679039926, 0.7681290332096008]",primal=Optimization terminated successfully; dual=outer=Optimization terminated successfully; inner=Optimization terminated successfully,0,3.564114524418432,0.0,,mistral7b_10x_licenseclean_contcert_20260504_magnitude_prune_20260504_licenseclean,mistral7b_10x_licenseclean_contcert_20260504
magnitude_prune,pair,task290+task1391,-0.8290328450550429,-0.560023371336911,1,"[0.2, 0.8]","[0.4, 0.6]",0.21589002966693688,"{""task1391"": 1.7109578247194537, ""task290"": 0.560023371336911}",task290,continuous_primal_dual_psd,4,-0.8290328450550429,-0.8290328450550429,0.0,"[0.0, 1.0]",primal=Optimization terminated successfully; dual=outer=Optimization terminated successfully; inner=Optimization terminated successfully,1,-0.5712341066267022,0.5712341066267022,,mistral7b_10x_licenseclean_contcert_20260504_magnitude_prune_20260504_licenseclean,mistral7b_10x_licenseclean_contcert_20260504
magnitude_prune,pair,task290+task1598,-0.5020929429121089,0.0557197250633856,0,"[0.8, 0.19999999999999996]","[0.8, 0.2]",0.0,"{""task1598"": 14.25943069458011, ""task290"": -0.0557197250633856}",task290,continuous_primal_dual_psd,4,-0.5020929429121089,-0.5020929429121089,0.0,"[1.0, 0.0]",primal=Optimization terminated successfully; dual=outer=Optimization terminated successfully; inner=Optimization terminated successfully,0,1.9298527801289026e-16,0.0,,mistral7b_10x_licenseclean_contcert_20260504_magnitude_prune_20260504_licenseclean,mistral7b_10x_licenseclean_contcert_20260504
magnitude_prune,pair,task290+task442,-1.2080511620328154,-0.5799342842851491,1,"[0.540684094892785, 0.459315905107215]","[0.6, 0.4]",0.0,"{""task290"": 0.5799342842851491, ""task442"": 2.19379461545974}",task290,continuous_primal_dual_psd,4,-1.2080511620328154,-1.2080511620328154,0.0,"[1.0, 0.0]",primal=Optimization terminated successfully; dual=outer=Optimization terminated successfully; inner=Optimization terminated successfully,0,6.119317509819668,0.0,,mistral7b_10x_licenseclean_contcert_20260504_magnitude_prune_20260504_licenseclean,mistral7b_10x_licenseclean_contcert_20260504
magnitude_prune,pair,task290+task620,-0.22868586104564093,-0.40799217793263004,1,"[0.2, 0.8]","[0.8, 0.2]",0.34067334891422457,"{""task290"": 0.40799217793263004, ""task620"": 0.48612232675241673}",task290,continuous_primal_dual_psd,4,-0.22868586104564093,-0.22868586104564093,0.0,"[0.0, 1.0]",primal=Optimization terminated successfully; dual=outer=Optimization terminated successfully; inner=Optimization terminated successfully,1,-2.2697364557477426,2.2697364557477426,,mistral7b_10x_licenseclean_contcert_20260504_magnitude_prune_20260504_licenseclean,mistral7b_10x_licenseclean_contcert_20260504
magnitude_prune,pair,task391+task039,-0.1688095137546589,-0.40540744554321234,1,"[0.8, 0.19999999999999996]","[0.6, 0.4]",0.029237538043686784,"{""task039"": 2.7716143987373583, ""task391"": 0.40540744554321234}",task391,continuous_primal_dual_psd,4,-0.1688095137546589,-0.1688095137546589,0.0,"[1.0, 0.0]",primal=Optimization terminated successfully; dual=outer=Optimization terminated successfully; inner=Optimization terminated successfully,0,1.8467803360830601,0.0,,mistral7b_10x_licenseclean_contcert_20260504_magnitude_prune_20260504_licenseclean,mistral7b_10x_licenseclean_contcert_20260504
magnitude_prune,pair,task391+task1342,-0.3305236552385221,-0.5998177115166533,1,"[0.6107549075209907, 0.3892450924790093]","[0.6, 0.4]",0.0,"{""task1342"": 0.853607323604102, ""task391"": 0.5998177115166533}",task391,continuous_primal_dual_psd,4,-0.3305236552385221,-0.3305236552385221,0.0,"[1.0, 0.0]",primal=Optimization terminated successfully; dual=outer=Optimization terminated successfully; inner=Optimization terminated successfully,0,3.564056890276894,0.0,,mistral7b_10x_licenseclean_contcert_20260504_magnitude_prune_20260504_licenseclean,mistral7b_10x_licenseclean_contcert_20260504
magnitude_prune,pair,task391+task1391,-0.4668263876133557,-0.4837785556292171,1,"[0.8, 0.19999999999999996]","[0.4, 0.6]",0.022706203251212753,"{""task1391"": 2.2260482534763018, ""task391"": 0.4837785556292171}",task391,continuous_primal_dual_psd,4,-0.4668263876133557,-0.4668263876133557,0.0,"[1.0, 0.0]",primal=Optimization terminated successfully; dual=outer=Optimization terminated successfully; inner=Optimization terminated successfully,0,0.43680843767279,0.0,,mistral7b_10x_licenseclean_contcert_20260504_magnitude_prune_20260504_licenseclean,mistral7b_10x_licenseclean_contcert_20260504
magnitude_prune,pair,task391+task1598,0.10061653896622835,-0.23096860944134848,1,"[0.8, 0.19999999999999996]","[0.8, 0.2]",0.0,"{""task1598"": 22.502097415924105, ""task391"": 0.23096860944134848}",task391,continuous_primal_dual_psd,4,0.10061653896622835,0.10061653896622835,0.0,"[1.0, 0.0]",primal=Optimization terminated successfully; dual=outer=Optimization terminated successfully; inner=Optimization terminated successfully,1,-0.5301001268439559,0.5301001268439559,,mistral7b_10x_licenseclean_contcert_20260504_magnitude_prune_20260504_licenseclean,mistral7b_10x_licenseclean_contcert_20260504
magnitude_prune,pair,task391+task290,-0.358824558984476,-0.514687294501634,1,"[0.8, 0.19999999999999996]","[0.8, 0.2]",0.0,"{""task290"": 0.5487398019904461, ""task391"": 0.514687294501634}",task391,continuous_primal_dual_psd,4,-0.358824558984476,-0.358824558984476,0.0,"[1.0, 0.0]",primal=Optimization terminated successfully; dual=outer=Optimization terminated successfully; inner=Optimization terminated successfully,0,0.13677828561717825,0.0,,mistral7b_10x_licenseclean_contcert_20260504_magnitude_prune_20260504_licenseclean,mistral7b_10x_licenseclean_contcert_20260504
magnitude_prune,pair,task391+task442,-0.135499034042314,-0.2766103264685918,1,"[0.8, 0.19999999999999996]","[0.6, 0.4]",0.09918037101907559,"{""task391"": 0.2766103264685918, ""task442"": 2.3084329323135053}",task391,continuous_primal_dual_psd,4,-0.135499034042314,-0.135499034042314,0.0,"[1.0, 0.0]",primal=Optimization terminated successfully; dual=outer=Optimization terminated successfully; inner=Optimization terminated successfully,0,1.2482974264363567,0.0,,mistral7b_10x_licenseclean_contcert_20260504_magnitude_prune_20260504_licenseclean,mistral7b_10x_licenseclean_contcert_20260504
magnitude_prune,pair,task391+task620,-0.19459774694074472,-0.4446690656532992,1,"[0.7807423092536817, 0.2192576907463183]","[0.8, 0.2]",0.0,"{""task391"": 0.4446690656532992, ""task620"": 0.9210119115772661}",task391,continuous_primal_dual_psd,4,-0.19459774694074472,-0.19459774694074472,0.0,"[1.0, 0.0]",primal=Optimization terminated successfully; dual=outer=Optimization terminated successfully; inner=Optimization terminated successfully,1,-1.710527088504512,1.710527088504512,,mistral7b_10x_licenseclean_contcert_20260504_magnitude_prune_20260504_licenseclean,mistral7b_10x_licenseclean_contcert_20260504
magnitude_prune,pair,task442+task039,-3.343740483745385,-2.34258959830371,1,"[0.2, 0.8]","[0.4, 0.6]",0.8795635968838913,"{""task039"": 2.34258959830371, ""task442"": 2.406448824418619}",task039,continuous_primal_dual_psd,4,-3.343740483745385,-3.343740483745385,0.0,"[1.0, 0.0]",primal=Optimization terminated successfully; dual=outer=Optimization terminated successfully; inner=Optimization terminated successfully,1,-6.640602299010882,6.640602299010882,,mistral7b_10x_licenseclean_contcert_20260504_magnitude_prune_20260504_licenseclean,mistral7b_10x_licenseclean_contcert_20260504
magnitude_prune,pair,task442+task1598,4.857066345214813,-0.5387095645633126,1,"[0.2, 0.8]","[0.6, 0.4]",1.938789959308153,"{""task1598"": 7.398626136779818, ""task442"": 0.5387095645633126}",task442,continuous_primal_dual_psd,4,4.857066345214813,4.857066345214813,0.0,"[0.0, 1.0]",primal=Optimization terminated successfully; dual=outer=Optimization terminated successfully; inner=Optimization terminated successfully,1,-48.47824573516845,48.47824573516845,,mistral7b_10x_licenseclean_contcert_20260504_magnitude_prune_20260504_licenseclean,mistral7b_10x_licenseclean_contcert_20260504
magnitude_prune,pair,task442+task620,-0.6757917289818408,-0.45024604509715166,1,"[0.2, 0.8]","[0.4, 0.6]",0.013813378159549972,"{""task442"": 1.7965240575451014, ""task620"": 0.45024604509715166}",task620,continuous_primal_dual_psd,4,-0.6757917289818408,-0.6757917289818408,0.0,"[0.0, 1.0]",primal=Optimization terminated successfully; dual=outer=Optimization terminated successfully; inner=Optimization terminated successfully,1,-0.4276378894535296,0.4276378894535296,,mistral7b_10x_licenseclean_contcert_20260504_magnitude_prune_20260504_licenseclean,mistral7b_10x_licenseclean_contcert_20260504
magnitude_prune,pair,task620+task039,-0.5261857338052314,-0.28490134919027005,1,"[0.7999999999999998, 0.20000000000000018]","[0.8, 0.2]",0.0,"{""task039"": 1.8097316104761376, ""task620"": 0.28490134919027005}",task620,continuous_primal_dual_psd,4,-0.5261857338052314,-0.5261857338052314,0.0,"[1.0, 0.0]",primal=Optimization terminated successfully; dual=outer=Optimization terminated successfully; inner=Optimization terminated successfully,0,1.4145096154599064,0.0,,mistral7b_10x_licenseclean_contcert_20260504_magnitude_prune_20260504_licenseclean,mistral7b_10x_licenseclean_contcert_20260504
magnitude_prune,pair,task620+task1598,0.06934284243330824,0.037331539949144586,0,"[0.8, 0.19999999999999996]","[0.8, 0.2]",0.0,"{""task1598"": 14.017936515808138, ""task620"": -0.037331539949144586}",task620,continuous_primal_dual_psd,4,0.06934284243330824,0.06934284243330824,0.0,"[1.0, 0.0]",primal=Optimization terminated successfully; dual=outer=Optimization terminated successfully; inner=Optimization terminated successfully,1,-0.42763788945353287,0.42763788945353287,,mistral7b_10x_licenseclean_contcert_20260504_magnitude_prune_20260504_licenseclean,mistral7b_10x_licenseclean_contcert_20260504
magnitude_prune,triple,task1342+task1598+task039,-0.7599465144721316,-0.06947484902826316,1,"[0.48461488985807405, 0.3153851101419253, 0.20000000000000062]","[0.4, 0.2, 0.4]",0.15199539936156575,"{""task039"": 1.4661454544893016, ""task1342"": 0.06947484902826316, ""task1598"": 17.694899368286165}",task1342,continuous_primal_dual_psd,6,-0.7599465144721316,-0.7599465144721316,0.0,"[1.0, 0.0, 0.0]",primal=Optimization terminated successfully; dual=outer=Optimization terminated successfully; inner=Optimization terminated successfully,1,-12.032678216147822,12.03267821614782,,mistral7b_10x_licenseclean_contcert_20260504_magnitude_prune_20260504_licenseclean,mistral7b_10x_licenseclean_contcert_20260504
magnitude_prune,triple,task1342+task442+task039,-0.7842068063260192,-0.12855393472578394,1,"[0.5857150447735716, 0.21428495522642874, 0.19999999999999962]","[0.2, 0.2, 0.6]",0.062245745100394476,"{""task039"": 1.0489486957340952, ""task1342"": 0.12855393472578394, ""task442"": 0.9369728324011146}",task1342,continuous_primal_dual_psd,6,-0.7842068063260192,-0.7842068063260192,0.0,"[1.0, 0.0, 0.0]",primal=Optimization terminated successfully; dual=outer=Optimization terminated successfully; inner=Optimization terminated successfully,1,-50.75559501327124,50.75559501327124,,mistral7b_10x_licenseclean_contcert_20260504_magnitude_prune_20260504_licenseclean,mistral7b_10x_licenseclean_contcert_20260504
magnitude_prune,triple,task1342+task442+task1598,7.522842526038669,-0.06377507470190909,1,"[0.20000000000010754, 0.2, 0.5999999999998924]","[0.6, 0.2, 0.2]",0.6297841377895463,"{""task1342"": 0.06377507470190909, ""task1598"": 11.008617210388216, ""task442"": 1.190073046540744}",task1342,continuous_primal_dual_psd,6,7.522842526038669,7.522842526038669,0.0,"[0.0, 0.0, 1.0]",primal=Optimization terminated successfully; dual=outer=Optimization terminated successfully; inner=Optimization terminated successfully,1,-264.46749134088384,264.4674913408838,,mistral7b_10x_licenseclean_contcert_20260504_magnitude_prune_20260504_licenseclean,mistral7b_10x_licenseclean_contcert_20260504
magnitude_prune,triple,task1342+task442+task620,0.14347122004991678,-0.1986700880903197,1,"[0.20000000000000062, 0.2, 0.5999999999999994]","[0.2, 0.2, 0.6]",0.0,"{""task1342"": 0.1986700880903197, ""task442"": 1.4295275079773893, ""task620"": 0.3577221420455885}",task1342,continuous_primal_dual_psd,6,0.14347122004991678,0.14347122004991678,0.0,"[0.0, 0.0, 1.0]",primal=Optimization terminated successfully; dual=outer=Optimization terminated successfully; inner=Optimization terminated successfully,1,-24.49372656715594,24.49372656715594,,mistral7b_10x_licenseclean_contcert_20260504_magnitude_prune_20260504_licenseclean,mistral7b_10x_licenseclean_contcert_20260504
magnitude_prune,triple,task1342+task620+task039,-0.6430259403903125,-0.0654944676472425,1,"[0.2, 0.6, 0.19999999999999996]","[0.2, 0.6, 0.2]",0.0,"{""task039"": 1.261360803917667, ""task1342"": 0.0654944676472425, ""task620"": 0.21893408558166735}",task1342,continuous_primal_dual_psd,6,-0.6430259403903125,-0.6430259403903125,0.0,"[0.0, 1.0, 0.0]",primal=Optimization terminated successfully; dual=outer=Optimization terminated successfully; inner=Optimization terminated successfully,1,-90.04541081888613,90.04541081888613,,mistral7b_10x_licenseclean_contcert_20260504_magnitude_prune_20260504_licenseclean,mistral7b_10x_licenseclean_contcert_20260504
magnitude_prune,triple,task1342+task620+task1598,-0.5692281384572833,-0.04984134813162764,1,"[0.40942030840880933, 0.3905796915911904, 0.2000000000000003]","[0.2, 0.6, 0.2]",0.0,"{""task1342"": 0.04984134813162764, ""task1598"": 15.336915779113802, ""task620"": 0.06750971661090463}",task1342,continuous_primal_dual_psd,6,-0.5692281384572833,-0.5692281384572833,0.0,"[0.0, 1.0, 0.0]",primal=Optimization terminated successfully; dual=outer=Optimization terminated successfully; inner=Optimization terminated successfully,1,-4.960312751655126,4.960312751655126,,mistral7b_10x_licenseclean_contcert_20260504_magnitude_prune_20260504_licenseclean,mistral7b_10x_licenseclean_contcert_20260504
magnitude_prune,triple,task1391+task1342+task039,-0.5562163573803053,-0.4630329985256264,1,"[0.3333800966410674, 0.4666199033589346, 0.19999999999999796]","[0.4, 0.4, 0.2]",0.0,"{""task039"": 2.7342832521786713, ""task1342"": 0.4630329985256264, ""task1391"": 1.838006780788785}",task1342,continuous_primal_dual_psd,6,-0.5562163573803053,-0.5562163573803053,0.0,"[1.0, 0.0, 0.0]",primal=Optimization terminated successfully; dual=outer=Optimization terminated successfully; inner=Optimization terminated successfully,1,-5.465998344222593,5.465998344222593,,mistral7b_10x_licenseclean_contcert_20260504_magnitude_prune_20260504_licenseclean,mistral7b_10x_licenseclean_contcert_20260504
magnitude_prune,triple,task1391+task1342+task1598,-0.25435287362182324,-0.607429053116751,1,"[0.20000000000000112, 0.3469838767799576, 0.45301612322004126]","[0.2, 0.6, 0.2]",0.5457347893517756,"{""task1342"": 0.607429053116751, ""task1391"": 1.5149814283431702, ""task1598"": 23.072323131561312}",task1342,continuous_primal_dual_psd,6,-0.25435287362182324,-0.25435287362182324,0.0,"[1.0, 0.0, 0.0]",primal=Optimization terminated successfully; dual=outer=Optimization terminated successfully; inner=Optimization terminated successfully,1,-72.61599653383232,72.61599653383233,,mistral7b_10x_licenseclean_contcert_20260504_magnitude_prune_20260504_licenseclean,mistral7b_10x_licenseclean_contcert_20260504
magnitude_prune,triple,task1391+task1342+task442,-1.0585477222239903,-0.4443046370991309,1,"[0.4242236133298876, 0.3757763866701131, 0.1999999999999993]","[0.2, 0.6, 0.2]",0.08766778033014472,"{""task1342"": 0.4443046370991309, ""task1391"": 1.123961048767834, ""task442"": 1.9121565420458528}",task1342,continuous_primal_dual_psd,6,-1.0585477222239903,-1.0585477222239903,0.0,"[1.0, 0.0, 0.0]",primal=Optimization terminated successfully; dual=outer=Optimization terminated successfully; inner=Optimization terminated successfully,0,0.9263143807621521,0.0,,mistral7b_10x_licenseclean_contcert_20260504_magnitude_prune_20260504_licenseclean,mistral7b_10x_licenseclean_contcert_20260504
magnitude_prune,triple,task1391+task1342+task620,-0.7982978392310875,-0.7055024826227033,1,"[0.20000000000000023, 0.22181238953910604, 0.5781876104608937]","[0.6, 0.2, 0.2]",0.23224560691116242,"{""task1342"": 0.7055024826227033, ""task1391"": 1.8912856576905466, ""task620"": 0.8908114644055579}",task1342,continuous_primal_dual_psd,6,-0.7982978392310875,-0.7982978392365562,5.4686255523961336e-12,"[0.7867493721405294, 7.826381144722394e-16, 0.21325062785946977]",primal=Optimization terminated successfully; dual=outer=Optimization terminated successfully; inner=Optimization terminated successfully,1,-7.73929096455187,7.739290964551869,,mistral7b_10x_licenseclean_contcert_20260504_magnitude_prune_20260504_licenseclean,mistral7b_10x_licenseclean_contcert_20260504
magnitude_prune,triple,task1391+task1598+task039,-0.9216673893626606,-1.7951584555210445,1,"[0.5565205082187461, 0.20000000000000007, 0.24347949178125383]","[0.4, 0.2, 0.4]",0.02254097912138664,"{""task039"": 3.1010019628464565, ""task1391"": 1.7951584555210445, ""task1598"": 26.8365233421326}",task1391,continuous_primal_dual_psd,6,-0.9216673893626606,-0.9216673893626606,0.0,"[1.0, 0.0, 0.0]",primal=Optimization terminated successfully; dual=outer=Optimization terminated successfully; inner=Optimization terminated successfully,1,-33.1019007000782,33.10190070007819,,mistral7b_10x_licenseclean_contcert_20260504_magnitude_prune_20260504_licenseclean,mistral7b_10x_licenseclean_contcert_20260504
magnitude_prune,triple,task1391+task442+task039,-0.5922995340911483,-1.8884906069221812,1,"[0.22194211832012908, 0.48060269380856885, 0.2974551878713021]","[0.2, 0.2, 0.6]",0.3440757837414281,"{""task039"": 2.9067357600972357, ""task1391"": 1.8884906069221812, ""task442"": 2.8434204906406797}",task1391,continuous_primal_dual_psd,6,-0.5922995340911483,-0.5922995340912053,5.695444116327053e-14,"[0.9930727533861039, 1.0104904431517672e-14, 0.006927246613885988]",primal=Optimization terminated successfully; dual=outer=Optimization terminated successfully; inner=Optimization terminated successfully,1,-84.63161941992557,84.63161941992557,,mistral7b_10x_licenseclean_contcert_20260504_magnitude_prune_20260504_licenseclean,mistral7b_10x_licenseclean_contcert_20260504
magnitude_prune,triple,task1391+task442+task1598,-0.7623633122404813,-1.3074538335095272,1,"[0.6, 0.2, 0.19999999999999996]","[0.6, 0.2, 0.2]",0.0,"{""task1391"": 1.3074538335095272, ""task1598"": 16.86495237350467, ""task442"": 1.600744459556177}",task1391,continuous_primal_dual_psd,6,-0.7623633122404813,-0.7623633122404813,0.0,"[1.0, 0.0, 0.0]",primal=Optimization terminated successfully; dual=outer=Optimization terminated successfully; inner=Optimization terminated successfully,1,-5.505110323263462,5.5051103232634615,,mistral7b_10x_licenseclean_contcert_20260504_magnitude_prune_20260504_licenseclean,mistral7b_10x_licenseclean_contcert_20260504
magnitude_prune,triple,task1391+task442+task620,-0.6565819506542097,-0.5882842019041896,1,"[0.2, 0.2, 0.6]","[0.4, 0.2, 0.4]",0.06950097700852942,"{""task1391"": 1.5099494614547817, ""task442"": 2.6585563286350853, ""task620"": 0.5882842019041896}",task620,continuous_primal_dual_psd,6,-0.6565819506542097,-0.6565819506542097,0.0,"[0.0, 0.0, 1.0]",primal=Optimization terminated successfully; dual=outer=Optimization terminated successfully; inner=Optimization terminated successfully,1,-5.72369451344396,5.903855919025385,,mistral7b_10x_licenseclean_contcert_20260504_magnitude_prune_20260504_licenseclean,mistral7b_10x_licenseclean_contcert_20260504
magnitude_prune,triple,task1391+task620+task039,-0.7854724143362318,-0.6046687544745462,1,"[0.20000000000000012, 0.5843100071328665, 0.21568999286713342]","[0.6, 0.2, 0.2]",0.11747631084598992,"{""task039"": 2.840749526276048, ""task1391"": 1.7660971504490233, ""task620"": 0.6046687544745462}",task620,continuous_primal_dual_psd,6,-0.7854724143362318,-0.7854724143365774,3.4561242756581123e-13,"[0.9001147972445401, 0.09988520275545963, 1.4537795880315005e-16]",primal=Optimization terminated successfully; dual=outer=Optimization terminated successfully; inner=Optimization terminated successfully,1,-153.55670121789683,153.55670121789686,,mistral7b_10x_licenseclean_contcert_20260504_magnitude_prune_20260504_licenseclean,mistral7b_10x_licenseclean_contcert_20260504
magnitude_prune,triple,task1391+task620+task1598,-0.8128250713746028,-0.47187800793433915,1,"[0.6000000000000001, 0.2, 0.19999999999999996]","[0.6, 0.2, 0.2]",0.0,"{""task1391"": 1.371165450808637, ""task1598"": 21.860882568359408, ""task620"": 0.47187800793433915}",task620,continuous_primal_dual_psd,6,-0.8128250713746028,-0.8128250713746028,0.0,"[0.0, 1.0, 0.0]",primal=Optimization terminated successfully; dual=outer=Optimization terminated successfully; inner=Optimization terminated successfully,1,-7.706088418173216,7.706088418173217,,mistral7b_10x_licenseclean_contcert_20260504_magnitude_prune_20260504_licenseclean,mistral7b_10x_licenseclean_contcert_20260504
magnitude_prune,triple,task190+task1342+task039,-1.0133007347196985,0.03312108884611007,0,"[0.2089054369797384, 0.5099970366665356, 0.281097526353726]","[0.2, 0.6, 0.2]",0.0,"{""task039"": 1.6477960060476102, ""task1342"": -0.03312108884611007, ""task190"": 15.50740890502933}",task1342,continuous_primal_dual_psd,6,-1.0133007347196985,-1.0133007347196985,0.0,"[0.0, 1.0, 0.0]",primal=Optimization terminated successfully; dual=outer=Optimization terminated successfully; inner=Optimization terminated successfully,1,-38.22044297502816,38.22044297502817,,mistral7b_10x_licenseclean_contcert_20260504_magnitude_prune_20260504_licenseclean,mistral7b_10x_licenseclean_contcert_20260504
magnitude_prune,triple,task190+task1342+task1598,0.6276860583780166,0.005165407195833005,0,"[0.2000000000000018, 0.2, 0.5999999999999982]","[0.2, 0.6, 0.2]",0.7078621169102163,"{""task1342"": -0.005165407195833005, ""task1598"": 14.285799789428744, ""task190"": 9.332463073730501}",task1342,continuous_primal_dual_psd,6,0.6276860583780166,0.6276860583780166,0.0,"[0.0, 1.0, 0.0]",primal=Optimization terminated successfully; dual=outer=Optimization terminated successfully; inner=Optimization terminated successfully,1,-100.57136847243325,100.57136847243325,,mistral7b_10x_licenseclean_contcert_20260504_magnitude_prune_20260504_licenseclean,mistral7b_10x_licenseclean_contcert_20260504
magnitude_prune,triple,task190+task1342+task442,-0.016359631991878287,-0.16465321412208833,1,"[0.22196627334721913, 0.2, 0.5780337266527809]","[0.2, 0.6, 0.2]",0.34235159805216964,"{""task1342"": 0.16465321412208833, ""task190"": 15.282151031494173, ""task442"": 1.1451605755676697}",task1342,continuous_primal_dual_psd,6,-0.016359631991878287,-0.016359631991878287,0.0,"[0.0, 0.0, 1.0]",primal=Optimization terminated successfully; dual=outer=Optimization terminated successfully; inner=Optimization terminated successfully,1,-133.55296061801812,133.55296061801815,,mistral7b_10x_licenseclean_contcert_20260504_magnitude_prune_20260504_licenseclean,mistral7b_10x_licenseclean_contcert_20260504
magnitude_prune,triple,task190+task1342+task620,-0.8420547835221291,-0.21757969000966182,1,"[0.2636157100433095, 0.327343703654932, 0.40904058630175855]","[0.2, 0.6, 0.2]",0.0797064860710569,"{""task1342"": 0.21757969000966182, ""task190"": 19.880363273620638, ""task620"": 0.2789034101561056}",task1342,continuous_primal_dual_psd,6,-0.8420547835221291,-0.8420547835221291,0.0,"[0.0, 0.0, 1.0]",primal=Optimization terminated successfully; dual=outer=Optimization terminated successfully; inner=Optimization terminated successfully,1,-3.71518401423502,3.7151840142350196,,mistral7b_10x_licenseclean_contcert_20260504_magnitude_prune_20260504_licenseclean,mistral7b_10x_licenseclean_contcert_20260504
magnitude_prune,triple,task190+task1391+task039,-0.7825810652192162,-1.2439293554748616,1,"[0.20000000000001222, 0.568800087504376, 0.23119991249561167]","[0.2, 0.4, 0.4]",0.15946454093972373,"{""task039"": 1.8959563201030425, ""task1391"": 1.2439293554748616, ""task190"": 19.33651857376102}",task1391,continuous_primal_dual_psd,6,-0.7825810652192162,-0.7825810652192162,0.0,"[0.0, 1.0, 0.0]",primal=Optimization terminated successfully; dual=outer=Optimization terminated successfully; inner=Optimization terminated successfully,1,-64.37502285791767,64.37502285791766,,mistral7b_10x_licenseclean_contcert_20260504_magnitude_prune_20260504_licenseclean,mistral7b_10x_licenseclean_contcert_20260504
magnitude_prune,triple,task190+task1391+task1342,-1.2665572826427463,-0.4230436922462014,1,"[0.2, 0.42037096779468475, 0.3796290322053153]","[0.2, 0.6, 0.2]",0.03465094994467116,"{""task1342"": 0.4230436922462014, ""task1391"": 1.2500754028966077, ""task190"": 21.079632568359408}",task1342,continuous_primal_dual_psd,6,-1.2665572826427463,-1.2665572826427463,0.0,"[0.0, 1.0, 0.0]",primal=Optimization terminated successfully; dual=outer=Optimization terminated successfully; inner=Optimization terminated successfully,1,-97.36467322653384,97.36467322653385,,mistral7b_10x_licenseclean_contcert_20260504_magnitude_prune_20260504_licenseclean,mistral7b_10x_licenseclean_contcert_20260504
magnitude_prune,triple,task190+task1391+task1598,-0.9369262886073844,-0.5993691984092052,1,"[0.2000000000000006, 0.5625000203605611, 0.23749997963943825]","[0.2, 0.6, 0.2]",0.0,"{""task1391"": 0.5993691984092052, ""task1598"": 13.790675926208529, ""task190"": 14.813396263122591}",task1391,continuous_primal_dual_psd,6,-0.9369262886073844,-0.9369262886073844,0.0,"[0.0, 1.0, 0.0]",primal=Optimization terminated successfully; dual=outer=Optimization terminated successfully; inner=Optimization terminated successfully,0,1.264595010517862,0.0,,mistral7b_10x_licenseclean_contcert_20260504_magnitude_prune_20260504_licenseclean,mistral7b_10x_licenseclean_contcert_20260504
magnitude_prune,triple,task190+task1391+task442,0.05967087412013265,-0.801678781471679,1,"[0.2, 0.2, 0.6]","[0.2, 0.6, 0.2]",0.1356201532572081,"{""task1391"": 0.801678781471679, ""task190"": 17.149028110504183, ""task442"": 1.0955323680286138}",task1391,continuous_primal_dual_psd,6,0.05967087412013265,0.05967087412013265,0.0,"[0.0, 1.0, 0.0]",primal=Optimization terminated successfully; dual=outer=Optimization terminated successfully; inner=Optimization terminated successfully,1,-44.938721684280814,44.93872168428081,,mistral7b_10x_licenseclean_contcert_20260504_magnitude_prune_20260504_licenseclean,mistral7b_10x_licenseclean_contcert_20260504
magnitude_prune,triple,task190+task1391+task620,-1.033926510608894,-0.3927390588255999,1,"[0.2856180655808754, 0.2, 0.5143819344191246]","[0.2, 0.4, 0.4]",0.035125123777481115,"{""task1391"": 1.1189279874977822, ""task190"": 18.756160068511996, ""task620"": 0.3927390588255999}",task620,continuous_primal_dual_psd,6,-1.033926510608894,-1.033926510608894,0.0,"[0.0, 0.0, 1.0]",primal=Optimization terminated successfully; dual=outer=Optimization terminated successfully; inner=Optimization terminated successfully,1,-4.865320437633031,4.865320437633031,,mistral7b_10x_licenseclean_contcert_20260504_magnitude_prune_20260504_licenseclean,mistral7b_10x_licenseclean_contcert_20260504
magnitude_prune,triple,task190+task1598+task039,-7.306630038945599,-1.4020031535267192,1,"[0.24459866950541967, 0.2715922772867353, 0.48380905320784506]","[0.2, 0.2, 0.6]",0.0,"{""task039"": 1.4020031535267192, ""task1598"": 13.737901973724398, ""task190"": 17.91202716827396}",task039,continuous_primal_dual_psd,6,-7.306630038945599,-7.306630038958859,1.326050380612287e-11,"[0.35094653133709164, 0.6490534686629084, 0.0]",primal=Optimization terminated successfully; dual=outer=Optimization terminated successfully; inner=Optimization terminated successfully,1,-51.04798778487845,51.04798778487845,,mistral7b_10x_licenseclean_contcert_20260504_magnitude_prune_20260504_licenseclean,mistral7b_10x_licenseclean_contcert_20260504
magnitude_prune,triple,task190+task290+task039,-1.7246516537672725,-0.19778920951411927,1,"[0.32418895638800066, 0.4758110436120004, 0.19999999999999896]","[0.2, 0.2, 0.6]",0.2863570898804698,"{""task039"": 2.1059963337549408, ""task190"": 19.15592842102054, ""task290"": 0.19778920951411927}",task290,continuous_primal_dual_psd,6,-1.7246516537672725,-1.7246516537672725,0.0,"[0.0, 1.0, 0.0]",primal=Optimization terminated successfully; dual=outer=Optimization terminated successfully; inner=Optimization terminated successfully,1,-103.22615898389017,103.22615898389016,,mistral7b_10x_licenseclean_contcert_20260504_magnitude_prune_20260504_licenseclean,mistral7b_10x_licenseclean_contcert_20260504
magnitude_prune,triple,task190+task290+task1342,-1.4530582158567598,-0.3685395717267208,1,"[0.27780404819721227, 0.21024537484767286, 0.5119505769551149]","[0.2, 0.4, 0.4]",0.08446216024489722,"{""task1342"": 0.4491917524414309, ""task190"": 23.401078510284457, ""task290"": 0.3685395717267208}",task290,continuous_primal_dual_psd,6,-1.4530582158567598,-1.4530582158572682,5.084821452783217e-13,"[0.0, 0.4436758152228509, 0.5563241847771492]",primal=Optimization terminated successfully; dual=outer=Optimization terminated successfully; inner=Optimization terminated successfully,1,-48.20674579645569,48.20674579645569,,mistral7b_10x_licenseclean_contcert_20260504_magnitude_prune_20260504_licenseclean,mistral7b_10x_licenseclean_contcert_20260504
magnitude_prune,triple,task190+task290+task1391,-0.8305160023652278,-0.28476982251582683,1,"[0.2, 0.33689111302326313, 0.4631088869767368]","[0.2, 0.4, 0.4]",0.0,"{""task1391"": 1.1949371715487016, ""task190"": 23.108836936950716, ""task290"": 0.28476982251582683}",task290,continuous_primal_dual_psd,6,-0.8305160023652278,-0.8305160023659028,6.750155989720952e-13,"[0.0, 0.2090590315515208, 0.7909409684484793]",primal=Optimization terminated successfully; dual=outer=Optimization terminated successfully; inner=Optimization terminated successfully,1,-164.77012279741626,164.77012279741632,,mistral7b_10x_licenseclean_contcert_20260504_magnitude_prune_20260504_licenseclean,mistral7b_10x_licenseclean_contcert_20260504
magnitude_prune,triple,task190+task290+task1598,-1.6019490410423296,0.33611270417579225,0,"[0.34898171179722337, 0.405841718984403, 0.2451765692183736]","[0.2, 0.6, 0.2]",0.1160659615019749,"{""task1598"": 8.95300798416141, ""task190"": 7.8166573524475425, ""task290"": -0.33611270417579225}",task290,continuous_primal_dual_psd,6,-1.6019490410423296,-1.601949041042649,3.19300141882195e-13,"[0.21919285153838633, 0.7808071484615927, 2.096900885495281e-14]",primal=Optimization terminated successfully; dual=outer=Optimization terminated successfully; inner=Optimization terminated successfully,1,-101.57730588508497,101.57730588508497,,mistral7b_10x_licenseclean_contcert_20260504_magnitude_prune_20260504_licenseclean,mistral7b_10x_licenseclean_contcert_20260504
magnitude_prune,triple,task190+task290+task442,-0.44769326009849886,-0.32293851441088867,1,"[0.2, 0.2, 0.6]","[0.2, 0.6, 0.2]",0.13441644962657603,"{""task190"": 20.89901857376102, ""task290"": 0.32293851441088867, ""task442"": 2.0367205004074296}",task290,continuous_primal_dual_psd,6,-0.44769326009849886,-0.44769326009849886,0.0,"[0.0, 1.0, 0.0]",primal=Optimization terminated successfully; dual=outer=Optimization terminated successfully; inner=Optimization terminated successfully,1,-14.437819327167169,14.43781932716717,,mistral7b_10x_licenseclean_contcert_20260504_magnitude_prune_20260504_licenseclean,mistral7b_10x_licenseclean_contcert_20260504
magnitude_prune,triple,task190+task290+task620,-0.7011337262548129,-0.18989868827293743,1,"[0.20149054447256326, 0.2000000000000109, 0.5985094555274258]","[0.2, 0.6, 0.2]",0.07216456796437322,"{""task190"": 17.95869760513309, ""task290"": 0.18989868827293743, ""task620"": 0.49297522688868206}",task290,continuous_primal_dual_psd,6,-0.7011337262548129,-0.7011337262548129,0.0,"[0.0, 0.0, 1.0]",primal=Optimization terminated successfully; dual=outer=Optimization terminated successfully; inner=Optimization terminated successfully,1,-8.82972093109139,8.829720931091392,,mistral7b_10x_licenseclean_contcert_20260504_magnitude_prune_20260504_licenseclean,mistral7b_10x_licenseclean_contcert_20260504
magnitude_prune,triple,task190+task391+task039,-0.1375840835909079,-0.30197367657936575,1,"[0.20000000000000112, 0.5619308927638839, 0.23806910723611496]","[0.2, 0.6, 0.2]",0.0,"{""task039"": 2.8694046135385487, ""task190"": 26.966389942169222, ""task391"": 0.30197367657936575}",task391,continuous_primal_dual_psd,6,-0.1375840835909079,-0.1375840835909079,0.0,"[0.0, 1.0, 0.0]",primal=Optimization terminated successfully; dual=outer=Optimization terminated successfully; inner=Optimization terminated successfully,1,-49.47214162371676,49.472141623716766,,mistral7b_10x_licenseclean_contcert_20260504_magnitude_prune_20260504_licenseclean,mistral7b_10x_licenseclean_contcert_20260504
magnitude_prune,triple,task190+task391+task1342,-0.2766119989478847,-0.5553916971744846,1,"[0.2, 0.2, 0.6]","[0.2, 0.6, 0.2]",0.1966128069481981,"{""task1342"": 0.715182638330078, ""task190"": 31.70870237350467, ""task391"": 0.5553916971744846}",task391,continuous_primal_dual_psd,6,-0.2766119989478847,-0.2766119989478847,0.0,"[0.0, 1.0, 0.0]",primal=Optimization terminated successfully; dual=outer=Optimization terminated successfully; inner=Optimization terminated successfully,1,-2.526417509467782,2.526417509467783,,mistral7b_10x_licenseclean_contcert_20260504_magnitude_prune_20260504_licenseclean,mistral7b_10x_licenseclean_contcert_20260504
magnitude_prune,triple,task190+task391+task1391,-0.18509092899883345,-0.3092647697838331,1,"[0.23867431456081806, 0.2, 0.5613256854391819]","[0.2, 0.6, 0.2]",0.13844154499973677,"{""task1391"": 2.0442287782979722, ""task190"": 27.404722499847445, ""task391"": 0.3092647697838331}",task391,continuous_primal_dual_psd,6,-0.18509092899883345,-0.1850909290116257,1.2792239489911594e-11,"[0.0, 0.901890255895782, 0.09810974410421795]",primal=Optimization terminated successfully; dual=outer=Optimization terminated successfully; inner=Optimization terminated successfully,1,-42.498414855445795,42.498414855445795,,mistral7b_10x_licenseclean_contcert_20260504_magnitude_prune_20260504_licenseclean,mistral7b_10x_licenseclean_contcert_20260504
magnitude_prune,triple,task190+task391+task1598,-0.09890628251553002,-0.07065601547533819,1,"[0.2, 0.6000000000000008, 0.1999999999999993]","[0.2, 0.6, 0.2]",0.0,"{""task1598"": 18.756160068511996, ""task190"": 17.8632944107056, ""task391"": 0.07065601547533819}",task391,continuous_primal_dual_psd,6,-0.09890628251553002,-0.09890628251553002,0.0,"[0.0, 1.0, 0.0]",primal=Optimization terminated successfully; dual=outer=Optimization terminated successfully; inner=Optimization terminated successfully,1,-79.32782173322782,79.32782173322782,,mistral7b_10x_licenseclean_contcert_20260504_magnitude_prune_20260504_licenseclean,mistral7b_10x_licenseclean_contcert_20260504
magnitude_prune,triple,task190+task391+task290,-0.5489743854580763,-0.4145200851928758,1,"[0.2, 0.6000000000000005, 0.1999999999999995]","[0.2, 0.6, 0.2]",0.0,"{""task190"": 27.944502162933382, ""task290"": 0.6869169023923296, ""task391"": 0.4145200851928758}",task391,continuous_primal_dual_psd,6,-0.5489743854580763,-0.5489743854580763,0.0,"[0.0, 1.0, 0.0]",primal=Optimization terminated successfully; dual=outer=Optimization terminated successfully; inner=Optimization terminated successfully,1,-3.086939296280012,3.0869392962800117,,mistral7b_10x_licenseclean_contcert_20260504_magnitude_prune_20260504_licenseclean,mistral7b_10x_licenseclean_contcert_20260504
magnitude_prune,triple,task190+task391+task442,0.04118124815112231,-0.2090984527339264,1,"[0.30880016726964243, 0.491199832730359, 0.19999999999999862]","[0.2, 0.6, 0.2]",0.3597369085550671,"{""task190"": 21.319076347351107, ""task391"": 0.2090984527339264, ""task442"": 1.9786579028310411}",task391,continuous_primal_dual_psd,6,0.04118124815112231,0.04118124815112231,0.0,"[0.0, 1.0, 0.0]",primal=Optimization terminated successfully; dual=outer=Optimization terminated successfully; inner=Optimization terminated successfully,1,-65.7948214579905,65.79482145799048,,mistral7b_10x_licenseclean_contcert_20260504_magnitude_prune_20260504_licenseclean,mistral7b_10x_licenseclean_contcert_20260504
magnitude_prune,triple,task190+task391+task620,-0.13141051802866216,-0.3694110466999367,1,"[0.2, 0.2, 0.6]","[0.2, 0.6, 0.2]",0.3128799349721749,"{""task190"": 25.95989398956302, ""task391"": 0.3694110466999367, ""task620"": 0.640972831236087}",task391,continuous_primal_dual_psd,6,-0.13141051802866216,-0.13141051802866216,0.0,"[0.0, 1.0, 0.0]",primal=Optimization terminated successfully; dual=outer=Optimization terminated successfully; inner=Optimization terminated successfully,1,-2.1076906893082863,2.1076906893082863,,mistral7b_10x_licenseclean_contcert_20260504_magnitude_prune_20260504_licenseclean,mistral7b_10x_licenseclean_contcert_20260504
magnitude_prune,triple,task190+task442+task039,-1.208314151384,-1.4898262538975848,1,"[0.2, 0.2, 0.6]","[0.2, 0.4, 0.4]",0.26973138523121687,"{""task039"": 1.5739259554398382, ""task190"": 19.23914842605594, ""task442"": 1.4898262538975848}",task442,continuous_primal_dual_psd,6,-1.208314151384,-1.208314151384,0.0,"[0.0, 1.0, 0.0]",primal=Optimization terminated successfully; dual=outer=Optimization terminated successfully; inner=Optimization terminated successfully,1,-90.49699893000647,90.49699893000647,,mistral7b_10x_licenseclean_contcert_20260504_magnitude_prune_20260504_licenseclean,mistral7b_10x_licenseclean_contcert_20260504
magnitude_prune,triple,task190+task442+task1598,2.668009384103226,0.0970212871409852,0,"[0.6000000000000166, 0.20000000000002213, 0.1999999999999612]","[0.2, 0.6, 0.2]",3.5859289234302714,"{""task1598"": 5.054876136779818, ""task190"": 4.456254768371615, ""task442"": -0.0970212871409852}",task442,continuous_primal_dual_psd,6,2.668009384103226,2.668009384103226,0.0,"[0.0, 0.0, 1.0]",primal=Optimization terminated successfully; dual=outer=Optimization terminated successfully; inner=Optimization terminated successfully,1,-110.66250896738154,110.66250896738154,,mistral7b_10x_licenseclean_contcert_20260504_magnitude_prune_20260504_licenseclean,mistral7b_10x_licenseclean_contcert_20260504
magnitude_prune,triple,task190+task442+task620,-0.8026338764867547,-0.31467148481390095,1,"[0.2, 0.2, 0.6]","[0.2, 0.4, 0.4]",0.12090307546934784,"{""task190"": 13.086518573761019, ""task442"": 1.4548350512608539, ""task620"": 0.31467148481390095}",task620,continuous_primal_dual_psd,6,-0.8026338764867547,-0.8026338764867547,0.0,"[0.0, 0.0, 1.0]",primal=Optimization terminated successfully; dual=outer=Optimization terminated successfully; inner=Optimization terminated successfully,1,-191.2947480986192,191.2947480986192,,mistral7b_10x_licenseclean_contcert_20260504_magnitude_prune_20260504_licenseclean,mistral7b_10x_licenseclean_contcert_20260504
magnitude_prune,triple,task190+task620+task039,-0.01083912331506119,-0.0993150245415968,1,"[0.2, 0.2, 0.6]","[0.2, 0.2, 0.6]",0.0,"{""task039"": 1.5252933845433996, ""task190"": 15.097495841980013, ""task620"": 0.0993150245415968}",task620,continuous_primal_dual_psd,6,-0.01083912331506119,-0.01083912331506119,0.0,"[0.0, 1.0, 0.0]",primal=Optimization terminated successfully; dual=outer=Optimization terminated successfully; inner=Optimization terminated successfully,1,-38.20167539904893,38.20167539904893,,mistral7b_10x_licenseclean_contcert_20260504_magnitude_prune_20260504_licenseclean,mistral7b_10x_licenseclean_contcert_20260504
magnitude_prune,triple,task190+task620+task1598,2.7975113280614656,0.3542081827138082,0,"[0.2, 0.2, 0.6]","[0.2, 0.6, 0.2]",4.939939022638942,"{""task1598"": 5.184742736816439, ""task190"": 8.238717842102083, ""task620"": -0.3542081827138082}",task620,continuous_primal_dual_psd,6,2.7975113280614656,2.7975113280614656,0.0,"[1.0, 0.0, 0.0]",primal=Optimization terminated successfully; dual=outer=Optimization terminated successfully; inner=Optimization terminated successfully,1,-155.27182702732594,155.27182702732594,,mistral7b_10x_licenseclean_contcert_20260504_magnitude_prune_20260504_licenseclean,mistral7b_10x_licenseclean_contcert_20260504
magnitude_prune,triple,task280+task1342+task039,6.218506447816112,0.3153072212377724,0,"[0.2, 0.2, 0.6]","[0.2, 0.6, 0.2]",0.09409251662788509,"{""task039"": 0.16934948087267596, ""task1342"": -0.3153072212377724, ""task280"": 6.921753215789828}",task1342,continuous_primal_dual_psd,6,6.218506447816112,6.218506447816112,0.0,"[1.0, 0.0, 0.0]",primal=Optimization terminated successfully; dual=outer=Optimization terminated successfully; inner=Optimization terminated successfully,1,-180.4781151479252,180.4781151479252,,mistral7b_10x_licenseclean_contcert_20260504_magnitude_prune_20260504_licenseclean,mistral7b_10x_licenseclean_contcert_20260504
magnitude_prune,triple,task280+task1342+task1598,9.754741342849188,0.26138578287920533,0,"[0.2, 0.2, 0.6]","[0.2, 0.6, 0.2]",0.7937148488346292,"{""task1342"": -0.26138578287920533, ""task1598"": 10.629138278961214, ""task280"": 6.083688068389925}",task1342,continuous_primal_dual_psd,6,9.754741342849188,9.754741342849188,0.0,"[1.0, 0.0, 0.0]",primal=Optimization terminated successfully; dual=outer=Optimization terminated successfully; inner=Optimization terminated successfully,1,-290.55531586604036,290.55531586604036,,mistral7b_10x_licenseclean_contcert_20260504_magnitude_prune_20260504_licenseclean,mistral7b_10x_licenseclean_contcert_20260504
magnitude_prune,triple,task280+task1342+task442,0.9585458392017115,0.12639935199880173,0,"[0.2, 0.2, 0.6]","[0.2, 0.6, 0.2]",0.20844995264361318,"{""task1342"": -0.12639935199880173, ""task280"": 14.196523952484164, ""task442"": 0.9548386955704102}",task1342,continuous_primal_dual_psd,6,0.9585458392017115,0.9585458392017115,0.0,"[0.0, 1.0, 0.0]",primal=Optimization terminated successfully; dual=outer=Optimization terminated successfully; inner=Optimization terminated successfully,1,-66.31882670285206,66.31882670285206,,mistral7b_10x_licenseclean_contcert_20260504_magnitude_prune_20260504_licenseclean,mistral7b_10x_licenseclean_contcert_20260504
magnitude_prune,triple,task280+task1342+task620,-0.1768457021180333,0.06759239278907406,0,"[0.2, 0.41761789647537745, 0.38238210352462254]","[0.2, 0.6, 0.2]",0.10132991190967952,"{""task1342"": -0.06759239278907406, ""task280"": 12.234243679046664, ""task620"": 0.0956731041442003}",task1342,continuous_primal_dual_psd,6,-0.1768457021180333,-0.1768457021180333,0.0,"[0.0, 0.0, 1.0]",primal=Optimization terminated successfully; dual=outer=Optimization terminated successfully; inner=Optimization terminated successfully,1,-37.51821589185854,37.51821589185854,,mistral7b_10x_licenseclean_contcert_20260504_magnitude_prune_20260504_licenseclean,mistral7b_10x_licenseclean_contcert_20260504
magnitude_prune,triple,task280+task1391+task039,0.9087137301097172,-1.278765712584731,1,"[0.2, 0.2, 0.6]","[0.2, 0.4, 0.4]",0.17436564166880086,"{""task039"": 2.271087009230479, ""task1391"": 1.278765712584731, ""task280"": 20.316657352447542}",task1391,continuous_primal_dual_psd,6,0.9087137301097172,0.9087137301096937,2.353672812205332e-14,"[0.0, 4.8461235024885735e-14, 0.9999999999999516]",primal=Optimization terminated successfully; dual=outer=Optimization terminated successfully; inner=Optimization terminated successfully,1,-98.98656859057506,98.98656859057506,,mistral7b_10x_licenseclean_contcert_20260504_magnitude_prune_20260504_licenseclean,mistral7b_10x_licenseclean_contcert_20260504
magnitude_prune,triple,task280+task1391+task1342,-0.3855805079984069,-0.39327879464973736,1,"[0.2, 0.2, 0.6]","[0.2, 0.6, 0.2]",0.10124008890882596,"{""task1342"": 0.39327879464973736, ""task1391"": 1.5900549160718687, ""task280"": 23.352357673645052}",task1342,continuous_primal_dual_psd,6,-0.3855805079984069,-0.3855805079984069,0.0,"[0.0, 1.0, 0.0]",primal=Optimization terminated successfully; dual=outer=Optimization terminated successfully; inner=Optimization terminated successfully,1,-2.9261137156813004,2.9261137156813004,,mistral7b_10x_licenseclean_contcert_20260504_magnitude_prune_20260504_licenseclean,mistral7b_10x_licenseclean_contcert_20260504
magnitude_prune,triple,task280+task1391+task1598,-0.40255822707351774,-1.1910236627203248,1,"[0.20000000000000068, 0.588890390172499, 0.21110960982750027]","[0.2, 0.6, 0.2]",0.0,"{""task1391"": 1.1910236627203248, ""task1598"": 18.69327716827396, ""task280"": 19.360896873474154}",task1391,continuous_primal_dual_psd,6,-0.40255822707351774,-0.40255822708472233,1.1204592809122005e-11,"[0.0, 1.0, 0.0]",primal=Optimization terminated successfully; dual=outer=Optimization terminated successfully; inner=Optimization terminated successfully,1,-55.47939576388679,55.47939576388679,,mistral7b_10x_licenseclean_contcert_20260504_magnitude_prune_20260504_licenseclean,mistral7b_10x_licenseclean_contcert_20260504
magnitude_prune,triple,task280+task1391+task442,0.0034842867890893386,-0.764608791386777,1,"[0.2, 0.6, 0.19999999999999996]","[0.2, 0.4, 0.4]",0.012295377988482792,"{""task1391"": 0.764608791386777, ""task280"": 17.282959747314486, ""task442"": 1.594291116193704}",task1391,continuous_primal_dual_psd,6,0.0034842867890893386,0.0034842867890893386,0.0,"[0.0, 1.0, 0.0]",primal=Optimization terminated successfully; dual=outer=Optimization terminated successfully; inner=Optimization terminated successfully,1,-72.91465998026814,72.91465998026814,,mistral7b_10x_licenseclean_contcert_20260504_magnitude_prune_20260504_licenseclean,mistral7b_10x_licenseclean_contcert_20260504
magnitude_prune,triple,task280+task1391+task620,-0.08523681787382864,-0.5409499316156922,1,"[0.2, 0.23890571548621772, 0.5610942845137823]","[0.2, 0.6, 0.2]",0.5139209560465693,"{""task1391"": 1.354398429343435, ""task280"": 21.566638278961214, ""task620"": 0.5409499316156922}",task620,continuous_primal_dual_psd,6,-0.08523681787382864,-0.08523681787713366,3.3050229220066285e-12,"[6.362428741220575e-16, 0.0777323409901213, 0.9222676590098781]",primal=Optimization terminated successfully; dual=outer=Optimization terminated successfully; inner=Optimization terminated successfully,1,-3.3611315716261565,3.3611315716261556,,mistral7b_10x_licenseclean_contcert_20260504_magnitude_prune_20260504_licenseclean,mistral7b_10x_licenseclean_contcert_20260504
magnitude_prune,triple,task280+task1598+task039,1.4372021675109554,-0.6396465640921147,1,"[0.2, 0.6, 0.19999999999999996]","[0.2, 0.2, 0.6]",0.45610003567407786,"{""task039"": 0.6396465640921147, ""task1598"": 9.99602966308597, ""task280"": 11.132404136657748}",task039,continuous_primal_dual_psd,6,1.4372021675109554,1.4372021675109554,0.0,"[1.249000902703301e-16, 0.9999999999999999, 8.673617379884035e-17]",primal=Optimization terminated successfully; dual=outer=Optimization terminated successfully; inner=Optimization terminated successfully,1,-10.119908239091497,10.119908239091501,,mistral7b_10x_licenseclean_contcert_20260504_magnitude_prune_20260504_licenseclean,mistral7b_10x_licenseclean_contcert_20260504
magnitude_prune,triple,task280+task190+task039,0.4660734840801144,0.046475601864931174,0,"[0.2, 0.32221302646855604, 0.47778697353144395]","[0.2, 0.2, 0.6]",1.2298178666103778,"{""task039"": -0.046475601864931174, ""task190"": 5.125901031494173, ""task280"": 7.155129241943392}",task039,continuous_primal_dual_psd,6,0.4660734840801144,0.46607348407991545,1.9895196601282805e-13,"[0.6596270831908433, 0.34037291680915677, 0.0]",primal=Optimization terminated successfully; dual=outer=Optimization terminated successfully; inner=Optimization terminated successfully,1,-92.74222667177622,92.74222667177622,,mistral7b_10x_licenseclean_contcert_20260504_magnitude_prune_20260504_licenseclean,mistral7b_10x_licenseclean_contcert_20260504
magnitude_prune,triple,task280+task190+task1342,-0.08656129846054726,0.21696325973516645,0,"[0.20000000000001272, 0.2, 0.5999999999999872]","[0.2, 0.2, 0.6]",0.0,"{""task1342"": -0.21696325973516645, ""task190"": 11.270388889312777, ""task280"": 8.884009647369417}",task1342,continuous_primal_dual_psd,6,-0.08656129846054726,-0.08656129846054726,0.0,"[0.0, 0.0, 1.0]",primal=Optimization terminated successfully; dual=outer=Optimization terminated successfully; inner=Optimization terminated successfully,1,-6.849686173496142,6.849686173496142,,mistral7b_10x_licenseclean_contcert_20260504_magnitude_prune_20260504_licenseclean,mistral7b_10x_licenseclean_contcert_20260504
magnitude_prune,triple,task280+task190+task1391,-0.023117115802038707,-0.5593170182914935,1,"[0.2, 0.2, 0.6]","[0.2, 0.2, 0.6]",0.0,"{""task1391"": 0.5593170182914935, ""task190"": 15.586528110504183, ""task280"": 13.910397815704378}",task1391,continuous_primal_dual_psd,6,-0.023117115802038707,-0.023117115802038707,0.0,"[0.0, 0.0, 1.0]",primal=Optimization terminated successfully; dual=outer=Optimization terminated successfully; inner=Optimization terminated successfully,1,-181.2343700825114,181.2343700825114,,mistral7b_10x_licenseclean_contcert_20260504_magnitude_prune_20260504_licenseclean,mistral7b_10x_licenseclean_contcert_20260504
magnitude_prune,triple,task280+task190+task1598,4.369627648415909,12.282767963409391,0,"[0.2, 0.2, 0.6]","[0.2, 0.4, 0.4]",3.5836100578308105,"{""task1598"": -12.282767963409391, ""task190"": -12.282767963409391, ""task280"": -9.115186405181852}",task1598+task190,continuous_primal_dual_psd,6,4.369627648415909,4.369627648415909,0.0,"[0.0, 1.0, 0.0]",primal=Optimization terminated successfully; dual=outer=Optimization terminated successfully; inner=Optimization terminated successfully,1,-51.02217931766462,51.02217931766463,,mistral7b_10x_licenseclean_contcert_20260504_magnitude_prune_20260504_licenseclean,mistral7b_10x_licenseclean_contcert_20260504
magnitude_prune,triple,task280+task190+task290,-0.47991621381039073,0.22940551856770627,0,"[0.20000000000001517, 0.2, 0.5999999999999848]","[0.2, 0.2, 0.6]",0.0,"{""task190"": 10.018357563018832, ""task280"": 14.973696994781527, ""task290"": -0.22940551856770627}",task290,continuous_primal_dual_psd,6,-0.47991621381039073,-0.47991621381039073,0.0,"[0.0, 0.0, 1.0]",primal=Optimization terminated successfully; dual=outer=Optimization terminated successfully; inner=Optimization terminated successfully,1,-70.98176915466365,70.98176915466367,,mistral7b_10x_licenseclean_contcert_20260504_magnitude_prune_20260504_licenseclean,mistral7b_10x_licenseclean_contcert_20260504
magnitude_prune,triple,task280+task190+task391,0.24309158357530924,0.24564082476839125,0,"[0.2, 0.2, 0.6]","[0.2, 0.2, 0.6]",0.0,"{""task190"": 12.465569305419955, ""task280"": 11.329218673706087, ""task391"": -0.24564082476839125}",task391,continuous_primal_dual_psd,6,0.24309158357530924,0.24309158357530924,0.0,"[0.0, 0.0, 1.0]",primal=Optimization terminated successfully; dual=outer=Optimization terminated successfully; inner=Optimization terminated successfully,0,3.243950055211744,0.0,,mistral7b_10x_licenseclean_contcert_20260504_magnitude_prune_20260504_licenseclean,mistral7b_10x_licenseclean_contcert_20260504
magnitude_prune,triple,task280+task190+task442,1.6433862843246612,0.12183757749624706,0,"[0.2, 0.2, 0.6]","[0.2, 0.2, 0.6]",0.0,"{""task190"": 5.278083610534701, ""task280"": 4.028078842163119, ""task442"": -0.12183757749624706}",task442,continuous_primal_dual_psd,6,1.6433862843246612,1.643386284324661,2.220446049250313e-16,"[0.9999999999999993, 6.383782391594646e-16, 0.0]",primal=Optimization terminated successfully; dual=outer=Optimization terminated successfully; inner=Optimization terminated successfully,1,-49.89981464563164,49.89981464563166,,mistral7b_10x_licenseclean_contcert_20260504_magnitude_prune_20260504_licenseclean,mistral7b_10x_licenseclean_contcert_20260504
magnitude_prune,triple,task280+task190+task620,-0.007505202917045373,0.37680457187146704,0,"[0.2, 0.2, 0.6]","[0.2, 0.2, 0.6]",0.0,"{""task190"": 7.09829025268558, ""task280"": 3.037831115722689, ""task620"": -0.37680457187146704}",task620,continuous_primal_dual_psd,6,-0.007505202917045373,-0.007505202917045373,0.0,"[0.0, 0.0, 1.0]",primal=Optimization terminated successfully; dual=outer=Optimization terminated successfully; inner=Optimization terminated successfully,1,-40.61027238265092,40.61027238265092,,mistral7b_10x_licenseclean_contcert_20260504_magnitude_prune_20260504_licenseclean,mistral7b_10x_licenseclean_contcert_20260504
magnitude_prune,triple,task280+task290+task039,-0.4124793245692231,-0.03126034893147443,1,"[0.2000000000000077, 0.4589529574093085, 0.34104704259068375]","[0.2, 0.4, 0.4]",0.0,"{""task039"": 0.7603067970700972, ""task280"": 15.899023342132601, ""task290"": 0.03126034893147443}",task290,continuous_primal_dual_psd,6,-0.4124793245692231,-0.4124793245692231,0.0,"[0.0, 1.0, 0.0]",primal=Optimization terminated successfully; dual=outer=Optimization terminated successfully; inner=Optimization terminated successfully,1,-21.452495600652966,21.45249560065297,,mistral7b_10x_licenseclean_contcert_20260504_magnitude_prune_20260504_licenseclean,mistral7b_10x_licenseclean_contcert_20260504
magnitude_prune,triple,task280+task290+task1342,-0.22009891172699714,-0.05454669148403463,1,"[0.2, 0.271777300167666, 0.528222699832334]","[0.2, 0.4, 0.4]",0.0002567359844383582,"{""task1342"": 0.05454669148403463, ""task280"": 15.574368762970003, ""task290"": 0.15191379771288774}",task1342,continuous_primal_dual_psd,6,-0.22009891172699714,-0.22009891172699714,0.0,"[0.0, 0.0, 1.0]",primal=Optimization terminated successfully; dual=outer=Optimization terminated successfully; inner=Optimization terminated successfully,1,-126.644633372948,141.92517140395148,,mistral7b_10x_licenseclean_contcert_20260504_magnitude_prune_20260504_licenseclean,mistral7b_10x_licenseclean_contcert_20260504
magnitude_prune,triple,task280+task290+task1391,-0.6125782113156135,-0.46322636562775055,1,"[0.2, 0.2, 0.6]","[0.2, 0.2, 0.6]",0.0,"{""task1391"": 1.7167317823756383, ""task280"": 21.32112674713138, ""task290"": 0.46322636562775055}",task290,continuous_primal_dual_psd,6,-0.6125782113156135,-0.6125782113156135,0.0,"[0.0, 0.0, 1.0]",primal=Optimization terminated successfully; dual=outer=Optimization terminated successfully; inner=Optimization terminated successfully,1,-28.576049862539598,28.576049862539595,,mistral7b_10x_licenseclean_contcert_20260504_magnitude_prune_20260504_licenseclean,mistral7b_10x_licenseclean_contcert_20260504
magnitude_prune,triple,task280+task290+task1598,6.501206827163664,0.27454734204943176,0,"[0.2, 0.2, 0.6]","[0.2, 0.6, 0.2]",1.3365692579871566,"{""task1598"": 10.868605899810824, ""task280"": 9.490761089324984, ""task290"": -0.27454734204943176}",task290,continuous_primal_dual_psd,6,6.501206827163664,6.501206827163664,0.0,"[1.0, 0.0, 0.0]",primal=Optimization terminated successfully; dual=outer=Optimization terminated successfully; inner=Optimization terminated successfully,1,-165.88150801479344,167.72829193206258,,mistral7b_10x_licenseclean_contcert_20260504_magnitude_prune_20260504_licenseclean,mistral7b_10x_licenseclean_contcert_20260504
magnitude_prune,triple,task280+task290+task442,-0.5127016748892229,-0.27825646377011737,1,"[0.20000000000000012, 0.4037696477323355, 0.39623035226766445]","[0.2, 0.4, 0.4]",0.0,"{""task280"": 20.154330062866244, ""task290"": 0.27825646377011737, ""task442"": 1.8203461802533771}",task290,continuous_primal_dual_psd,6,-0.5127016748892229,-0.5127016748892229,0.0,"[0.0, 1.0, 0.0]",primal=Optimization terminated successfully; dual=outer=Optimization terminated successfully; inner=Optimization terminated successfully,1,-0.34899376577394636,0.34899376577394664,,mistral7b_10x_licenseclean_contcert_20260504_magnitude_prune_20260504_licenseclean,mistral7b_10x_licenseclean_contcert_20260504
magnitude_prune,triple,task280+task290+task620,0.28144491453539544,0.1345349233316644,0,"[0.2, 0.2, 0.6]","[0.2, 0.6, 0.2]",0.18341163306138641,"{""task280"": 15.754946994781527, ""task290"": -0.1345349233316644, ""task620"": 0.18123841650383005}",task290,continuous_primal_dual_psd,6,0.28144491453539544,0.28144491453539544,0.0,"[0.0, 0.0, 1.0]",primal=Optimization terminated successfully; dual=outer=Optimization terminated successfully; inner=Optimization terminated successfully,1,-135.26390262369972,135.26390262369975,,mistral7b_10x_licenseclean_contcert_20260504_magnitude_prune_20260504_licenseclean,mistral7b_10x_licenseclean_contcert_20260504
magnitude_prune,triple,task280+task391+task039,0.39220217491847664,0.14638505787636974,0,"[0.2, 0.6, 0.19999999999999996]","[0.2, 0.6, 0.2]",0.0,"{""task039"": 1.626763743399914, ""task280"": 17.615756320953402, ""task391"": -0.14638505787636974}",task391,continuous_primal_dual_psd,6,0.39220217491847664,0.39220217491847664,0.0,"[0.0, 1.0, 0.0]",primal=Optimization terminated successfully; dual=outer=Optimization terminated successfully; inner=Optimization terminated successfully,1,-97.6107582503439,97.61075825034392,,mistral7b_10x_licenseclean_contcert_20260504_magnitude_prune_20260504_licenseclean,mistral7b_10x_licenseclean_contcert_20260504
magnitude_prune,triple,task280+task391+task1342,0.06679171285908209,-0.05174681976638945,1,"[0.2, 0.499998092695032, 0.300001907304968]","[0.2, 0.2, 0.6]",0.10525531540904268,"{""task1342"": 0.12909712470727722, ""task280"": 20.412012863159212, ""task391"": 0.05174681976638945}",task391,continuous_primal_dual_psd,6,0.06679171285908209,0.06679171285908209,0.0,"[0.0, 1.0, 0.0]",primal=Optimization terminated successfully; dual=outer=Optimization terminated successfully; inner=Optimization terminated successfully,1,-29.828553030352722,29.82855303035272,,mistral7b_10x_licenseclean_contcert_20260504_magnitude_prune_20260504_licenseclean,mistral7b_10x_licenseclean_contcert_20260504
magnitude_prune,triple,task280+task391+task1391,-0.07621520539848081,-0.16398941424098729,1,"[0.20000000000000007, 0.4188762780198459, 0.381123721980154]","[0.2, 0.2, 0.6]",0.01329019559206282,"{""task1391"": 1.425748830653191, ""task280"": 20.892950820922884, ""task391"": 0.16398941424098729}",task391,continuous_primal_dual_psd,6,-0.07621520539848081,-0.07621520539848081,0.0,"[0.0, 1.0, 0.0]",primal=Optimization terminated successfully; dual=outer=Optimization terminated successfully; inner=Optimization terminated successfully,1,-17.847940233207634,17.847940233207638,,mistral7b_10x_licenseclean_contcert_20260504_magnitude_prune_20260504_licenseclean,mistral7b_10x_licenseclean_contcert_20260504
magnitude_prune,triple,task280+task391+task1598,0.7069143240407292,0.26971396857999613,0,"[0.2, 0.2, 0.6]","[0.2, 0.6, 0.2]",1.325166326219776,"{""task1598"": 7.629951763153109, ""task280"": 10.797581005096468, ""task391"": -0.26971396857999613}",task391,continuous_primal_dual_psd,6,0.7069143240407292,0.7069143240407292,0.0,"[0.0, 1.0, 0.0]",primal=Optimization terminated successfully; dual=outer=Optimization terminated successfully; inner=Optimization terminated successfully,1,-95.64064933689966,95.64064933689966,,mistral7b_10x_licenseclean_contcert_20260504_magnitude_prune_20260504_licenseclean,mistral7b_10x_licenseclean_contcert_20260504
magnitude_prune,triple,task280+task391+task290,0.10673904002657097,0.0019439643596117736,0,"[0.20000000000000046, 0.5048486676917361, 0.2951513323082635]","[0.2, 0.6, 0.2]",0.0,"{""task280"": 17.483851242065462, ""task290"": 0.23017705296928254, ""task391"": -0.0019439643596117736}",task391,continuous_primal_dual_psd,6,0.10673904002657097,0.10673904002657097,0.0,"[0.0, 1.0, 0.0]",primal=Optimization terminated successfully; dual=outer=Optimization terminated successfully; inner=Optimization terminated successfully,1,-34.893443778522034,34.89344377852201,,mistral7b_10x_licenseclean_contcert_20260504_magnitude_prune_20260504_licenseclean,mistral7b_10x_licenseclean_contcert_20260504
magnitude_prune,triple,task280+task391+task442,0.25383108881496846,0.14403083289686938,0,"[0.20000000000000162, 0.4358206718145358, 0.3641793281854626]","[0.2, 0.6, 0.2]",0.18696838102308186,"{""task280"": 11.883208084106478, ""task391"": -0.14403083289686938, ""task442"": 0.9776651929078777}",task391,continuous_primal_dual_psd,6,0.25383108881496846,0.25383108881496846,0.0,"[0.0, 1.0, 0.0]",primal=Optimization terminated successfully; dual=outer=Optimization terminated successfully; inner=Optimization terminated successfully,1,-99.47384958060522,99.47384958060525,,mistral7b_10x_licenseclean_contcert_20260504_magnitude_prune_20260504_licenseclean,mistral7b_10x_licenseclean_contcert_20260504
magnitude_prune,triple,task280+task391+task620,0.25520955773405685,0.03679616695584965,0,"[0.2, 0.34688034168498877, 0.4531196583150112]","[0.2, 0.6, 0.2]",0.17694908065044226,"{""task280"": 17.06176691055301, ""task391"": 0.007244071162997619, ""task620"": -0.03679616695584965}",task620,continuous_primal_dual_psd,6,0.25520955773405685,0.25520955773176784,2.2890023210209165e-12,"[0.0, 0.7713283195243942, 0.22867168047560577]",primal=Optimization terminated successfully; dual=outer=Optimization terminated successfully; inner=Optimization terminated successfully,1,-33.12899242284698,33.12899242284698,,mistral7b_10x_licenseclean_contcert_20260504_magnitude_prune_20260504_licenseclean,mistral7b_10x_licenseclean_contcert_20260504
magnitude_prune,triple,task280+task442+task039,3.1018775968552976,-1.4054575722192781,1,"[0.2, 0.2, 0.6]","[0.2, 0.2, 0.6]",0.0,"{""task039"": 1.8544215008130955, ""task280"": 14.131566810607943, ""task442"": 1.4054575722192781}",task442,continuous_primal_dual_psd,6,3.1018775968552976,3.1018775968552976,0.0,"[1.0, 0.0, 0.0]",primal=Optimization terminated successfully; dual=outer=Optimization terminated successfully; inner=Optimization terminated successfully,1,-235.3810253474888,235.38102534748882,,mistral7b_10x_licenseclean_contcert_20260504_magnitude_prune_20260504_licenseclean,mistral7b_10x_licenseclean_contcert_20260504
magnitude_prune,triple,task280+task442+task1598,12.737823791869745,-0.1074419716589291,1,"[0.2, 0.2, 0.6]","[0.2, 0.6, 0.2]",2.64592339789791,"{""task1598"": 7.934328842163119, ""task280"": 5.121824073791537, ""task442"": 0.1074419716589291}",task442,continuous_primal_dual_psd,6,12.737823791869745,12.737823791869744,1.7763568394002505e-15,"[0.9999999999999996, 4.440892098500624e-16, 0.0]",primal=Optimization terminated successfully; dual=outer=Optimization terminated successfully; inner=Optimization terminated successfully,1,-177.9391760549172,177.93917605491723,,mistral7b_10x_licenseclean_contcert_20260504_magnitude_prune_20260504_licenseclean,mistral7b_10x_licenseclean_contcert_20260504
magnitude_prune,triple,task280+task442+task620,-0.04222655705531825,-0.11270123670532153,1,"[0.2, 0.2, 0.6]","[0.2, 0.2, 0.6]",0.0,"{""task280"": 12.668511199951205, ""task442"": 1.044166553693066, ""task620"": 0.11270123670532153}",task620,continuous_primal_dual_psd,6,-0.04222655705531825,-0.04222655705531825,0.0,"[0.0, 0.0, 1.0]",primal=Optimization terminated successfully; dual=outer=Optimization terminated successfully; inner=Optimization terminated successfully,1,-18.95383303736581,18.95383303736581,,mistral7b_10x_licenseclean_contcert_20260504_magnitude_prune_20260504_licenseclean,mistral7b_10x_licenseclean_contcert_20260504
magnitude_prune,triple,task280+task620+task039,0.43015791475544535,0.17012291559980208,0,"[0.2, 0.2036597428938146, 0.5963402571061853]","[0.2, 0.2, 0.6]",0.0,"{""task039"": 1.01109556483185, ""task280"": 4.925009536743197, ""task620"": -0.17012291559980208}",task620,continuous_primal_dual_psd,6,0.43015791475544535,0.430157914755416,2.936539900133539e-14,"[0.0, 0.9594795446398156, 0.04052045536018436]",primal=Optimization terminated successfully; dual=outer=Optimization terminated successfully; inner=Optimization terminated successfully,1,-140.28301517060038,140.28301517060038,,mistral7b_10x_licenseclean_contcert_20260504_magnitude_prune_20260504_licenseclean,mistral7b_10x_licenseclean_contcert_20260504
magnitude_prune,triple,task280+task620+task1598,1.0500465435747035,0.5350824700889455,0,"[0.20000000000000162, 0.3395784039371875, 0.46042159606281086]","[0.2, 0.6, 0.2]",3.4157310141029162,"{""task1598"": 5.253741073608431, ""task280"": 3.2062500000000327, ""task620"": -0.5350824700889455}",task620,continuous_primal_dual_psd,6,1.0500465435747035,1.0500465435746857,1.7763568394002505e-14,"[0.11862433487765306, 0.881375665122347, 0.0]",primal=Optimization terminated successfully; dual=outer=Optimization terminated successfully; inner=Optimization terminated successfully,1,-5.230191380492065,5.230191380492064,,mistral7b_10x_licenseclean_contcert_20260504_magnitude_prune_20260504_licenseclean,mistral7b_10x_licenseclean_contcert_20260504
magnitude_prune,triple,task290+task1342+task039,-0.9534616903448239,-0.22008414974904003,1,"[0.4205044129758733, 0.21259385907058778, 0.3669017279535389]","[0.6, 0.2, 0.2]",0.1532327701421573,"{""task039"": 1.9821794853975698, ""task1342"": 0.2687867729519019, ""task290"": 0.22008414974904003}",task290,continuous_primal_dual_psd,6,-0.9534616903448239,-0.9534616903477324,2.908562279912985e-12,"[0.2436403945264805, 0.7563596054734016, 1.1778724022129127e-13]",primal=Optimization terminated successfully; dual=outer=Optimization terminated successfully; inner=Optimization terminated successfully,1,-28.61642634851988,28.616426348519866,,mistral7b_10x_licenseclean_contcert_20260504_magnitude_prune_20260504_licenseclean,mistral7b_10x_licenseclean_contcert_20260504
magnitude_prune,triple,task290+task1342+task1598,-0.7568813158380836,-0.23151235358585034,1,"[0.2559674747072928, 0.49054687242446543, 0.25348565286824176]","[0.2, 0.6, 0.2]",0.0,"{""task1342"": 0.23151235358585034, ""task1598"": 21.329232978820833, ""task290"": 0.26073119512910453}",task1342,continuous_primal_dual_psd,6,-0.7568813158380836,-0.7568813158380968,1.3211653993039363e-14,"[0.6012216384613226, 0.3987783615386763, 1.2511710011141668e-15]",primal=Optimization terminated successfully; dual=outer=Optimization terminated successfully; inner=Optimization terminated successfully,1,-10.534334260427718,10.534334260427718,,mistral7b_10x_licenseclean_contcert_20260504_magnitude_prune_20260504_licenseclean,mistral7b_10x_licenseclean_contcert_20260504
magnitude_prune,triple,task290+task1342+task442,-0.5511908507791474,-0.3536519693560055,1,"[0.2, 0.2311133373938847, 0.5688866626061153]","[0.6, 0.2, 0.2]",0.1348517339178129,"{""task1342"": 0.3536519693560055, ""task290"": 0.37945769443055166, ""task442"": 2.2491268963164734}",task1342,continuous_primal_dual_psd,6,-0.5511908507791474,-0.5511908508179537,3.880629151353787e-11,"[0.03977869763858148, 0.9602213023614184, 0.0]",primal=Optimization terminated successfully; dual=outer=Optimization terminated successfully; inner=Optimization terminated successfully,1,-8.001177297901894,8.001177297901894,,mistral7b_10x_licenseclean_contcert_20260504_magnitude_prune_20260504_licenseclean,mistral7b_10x_licenseclean_contcert_20260504
magnitude_prune,triple,task290+task1342+task620,-0.19121170493132383,-0.2760535427842091,1,"[0.2, 0.2, 0.6]","[0.2, 0.6, 0.2]",0.30562388964589404,"{""task1342"": 0.3073288127737866, ""task290"": 0.2760535427842091, ""task620"": 0.4332197998673816}",task290,continuous_primal_dual_psd,6,-0.19121170493132383,-0.19121170493132383,0.0,"[0.0, 1.0, 0.0]",primal=Optimization terminated successfully; dual=outer=Optimization terminated successfully; inner=Optimization terminated successfully,1,-20.606788477752993,20.606788477752993,,mistral7b_10x_licenseclean_contcert_20260504_magnitude_prune_20260504_licenseclean,mistral7b_10x_licenseclean_contcert_20260504
magnitude_prune,triple,task290+task1391+task039,-0.9460042957302979,-0.5558951178915793,1,"[0.5485947171681862, 0.2, 0.25140528283181385]","[0.2, 0.4, 0.4]",0.0867957336530003,"{""task039"": 3.1004815228352753, ""task1391"": 1.7558515493161193, ""task290"": 0.5558951178915793}",task290,continuous_primal_dual_psd,6,-0.9460042957302979,-0.9460042957302979,0.0,"[0.0, 1.0, 0.0]",primal=Optimization terminated successfully; dual=outer=Optimization terminated successfully; inner=Optimization terminated successfully,1,-14.091607282042666,14.091607282042654,,mistral7b_10x_licenseclean_contcert_20260504_magnitude_prune_20260504_licenseclean,mistral7b_10x_licenseclean_contcert_20260504
magnitude_prune,triple,task290+task1391+task1342,-1.231610607990857,-0.5425593070979297,1,"[0.2000000000000009, 0.42037096985267347, 0.37962903014732563]","[0.2, 0.6, 0.2]",0.023884414274309873,"{""task1342"": 0.5425593070979297, ""task1391"": 1.7007122235865497, ""task290"": 0.5711258343826016}",task1342,continuous_primal_dual_psd,6,-1.231610607990857,-1.231610607990857,0.0,"[0.0, 1.0, 0.0]",primal=Optimization terminated successfully; dual=outer=Optimization terminated successfully; inner=Optimization terminated successfully,1,-10.351442398716767,10.351442398716767,,mistral7b_10x_licenseclean_contcert_20260504_magnitude_prune_20260504_licenseclean,mistral7b_10x_licenseclean_contcert_20260504
magnitude_prune,triple,task290+task1391+task1598,-1.1614616315358388,-0.33917825172051147,1,"[0.20000000000000084, 0.46890278020163567, 0.3310972197983635]","[0.4, 0.4, 0.2]",0.24268244303775635,"{""task1391"": 1.2936700964587982, ""task1598"": 19.766732978820833, ""task290"": 0.33917825172051147}",task290,continuous_primal_dual_psd,6,-1.1614616315358388,-1.1614616315358388,0.0,"[0.0, 1.0, 0.0]",primal=Optimization terminated successfully; dual=outer=Optimization terminated successfully; inner=Optimization terminated successfully,1,-64.82854963139343,64.82854963139344,,mistral7b_10x_licenseclean_contcert_20260504_magnitude_prune_20260504_licenseclean,mistral7b_10x_licenseclean_contcert_20260504
magnitude_prune,triple,task290+task1391+task442,-0.9361746942447082,-0.57699885299343,1,"[0.2, 0.4521776024227618, 0.3478223975772382]","[0.6, 0.2, 0.2]",0.13716915759697806,"{""task1391"": 1.8316714053392675, ""task290"": 0.57699885299343, ""task442"": 2.797267496694607}",task290,continuous_primal_dual_psd,6,-0.9361746942447082,-0.9361746942447082,0.0,"[0.0, 1.0, 0.0]",primal=Optimization terminated successfully; dual=outer=Optimization terminated successfully; inner=Optimization terminated successfully,1,-53.54231768155857,54.28636517707238,,mistral7b_10x_licenseclean_contcert_20260504_magnitude_prune_20260504_licenseclean,mistral7b_10x_licenseclean_contcert_20260504
magnitude_prune,triple,task290+task1391+task620,-0.4101263952718408,-0.4029459958259326,1,"[0.22466947580727079, 0.22395708306954762, 0.5513734411231817]","[0.2, 0.4, 0.4]",0.013211596840126294,"{""task1391"": 1.5289533990400068, ""task290"": 0.4029459958259326, ""task620"": 0.5282066703322816}",task290,continuous_primal_dual_psd,6,-0.4101263952718408,-0.41012639527202555,1.8474111129762605e-13,"[0.2983957987167534, 0.061089298964774094, 0.6405149023184725]",primal=Optimization terminated successfully; dual=outer=Optimization terminated successfully; inner=Optimization terminated successfully,1,-12.6890224103227,12.6890224103227,,mistral7b_10x_licenseclean_contcert_20260504_magnitude_prune_20260504_licenseclean,mistral7b_10x_licenseclean_contcert_20260504
magnitude_prune,triple,task290+task1598+task039,-1.6199690303409984,-0.3673456715594131,1,"[0.4901101910359423, 0.2, 0.3098898089640577]","[0.2, 0.2, 0.6]",0.2409387558859548,"{""task039"": 1.436438676877797, ""task1598"": 18.845459747314486, ""task290"": 0.3673456715594131}",task290,continuous_primal_dual_psd,6,-1.6199690303409984,-1.6199690303409984,0.0,"[1.0, 0.0, 0.0]",primal=Optimization terminated successfully; dual=outer=Optimization terminated successfully; inner=Optimization terminated successfully,1,-8.459339114807545,8.459339114807545,,mistral7b_10x_licenseclean_contcert_20260504_magnitude_prune_20260504_licenseclean,mistral7b_10x_licenseclean_contcert_20260504
magnitude_prune,triple,task290+task442+task039,-1.6661117232192337,-0.6320487003466908,1,"[0.6, 0.2, 0.19999999999999996]","[0.4, 0.4, 0.2]",0.07340033547786196,"{""task039"": 3.0705091200548593, ""task290"": 0.6320487003466908, ""task442"": 2.515380152507062}",task290,continuous_primal_dual_psd,6,-1.6661117232192337,-1.6661117232192337,0.0,"[1.0, 0.0, 0.0]",primal=Optimization terminated successfully; dual=outer=Optimization terminated successfully; inner=Optimization terminated successfully,1,-17.008300272240795,17.008300272240792,,mistral7b_10x_licenseclean_contcert_20260504_magnitude_prune_20260504_licenseclean,mistral7b_10x_licenseclean_contcert_20260504
magnitude_prune,triple,task290+task442+task1598,1.2065886460218775,-0.045573675767978564,1,"[0.22321717741961042, 0.20000000000000914, 0.5767828225803804]","[0.6, 0.2, 0.2]",0.5533541318108905,"{""task1598"": 15.789458084106478, ""task290"": 0.045573675767978564, ""task442"": 1.5349865379204943}",task290,continuous_primal_dual_psd,6,1.2065886460218775,1.206588646021857,2.0650148258027912e-14,"[0.9164127838333959, 1.5112389408149157e-16, 0.08358721616660406]",primal=Optimization terminated successfully; dual=outer=Optimization terminated successfully; inner=Optimization terminated successfully,1,-23.12195151439205,23.121951514392055,,mistral7b_10x_licenseclean_contcert_20260504_magnitude_prune_20260504_licenseclean,mistral7b_10x_licenseclean_contcert_20260504
magnitude_prune,triple,task290+task442+task620,-0.4418110091098969,-0.5234151042654862,1,"[0.3288860565434976, 0.2, 0.47111394345650237]","[0.4, 0.4, 0.2]",0.03605794108008348,"{""task290"": 0.5234151042654862, ""task442"": 2.403966320748799, ""task620"": 0.6208400386022154}",task290,continuous_primal_dual_psd,6,-0.4418110091098969,-0.4418110091098969,0.0,"[0.0, 0.0, 1.0]",primal=Optimization terminated successfully; dual=outer=Optimization terminated successfully; inner=Optimization terminated successfully,1,-22.454120888786846,22.454120888786854,,mistral7b_10x_licenseclean_contcert_20260504_magnitude_prune_20260504_licenseclean,mistral7b_10x_licenseclean_contcert_20260504
magnitude_prune,triple,task290+task620+task039,-0.5751922733180246,-0.1576930291322437,1,"[0.3856337762197678, 0.20000000000001547, 0.4143662237802167]","[0.6, 0.2, 0.2]",0.003976307502295884,"{""task039"": 1.9046292907344737, ""task290"": 0.1576930291322437, ""task620"": 0.4210100242459149}",task290,continuous_primal_dual_psd,6,-0.5751922733180246,-0.5751922733180246,0.0,"[0.0, 1.0, 0.0]",primal=Optimization terminated successfully; dual=outer=Optimization terminated successfully; inner=Optimization terminated successfully,1,-12.063531924219133,12.063531924219134,,mistral7b_10x_licenseclean_contcert_20260504_magnitude_prune_20260504_licenseclean,mistral7b_10x_licenseclean_contcert_20260504
magnitude_prune,triple,task290+task620+task1598,0.29211129033520833,0.13444329216758208,0,"[0.2000000000000003, 0.6000000000000021, 0.19999999999999762]","[0.6, 0.2, 0.2]",0.22974573968987702,"{""task1598"": 14.504942226409945, ""task290"": -0.13444329216758208, ""task620"": 0.001220977562144801}",task290,continuous_primal_dual_psd,6,0.29211129033520833,0.29211129033520833,0.0,"[0.0, 1.0, 0.0]",primal=Optimization terminated successfully; dual=outer=Optimization terminated successfully; inner=Optimization terminated successfully,1,-11.2212010210424,11.221201021042399,,mistral7b_10x_licenseclean_contcert_20260504_magnitude_prune_20260504_licenseclean,mistral7b_10x_licenseclean_contcert_20260504
magnitude_prune,triple,task391+task1342+task039,0.370710657815614,-0.3628043160345168,1,"[0.2, 0.20439160494971118, 0.5956083950502888]","[0.6, 0.2, 0.2]",0.4239077190205496,"{""task039"": 3.080238414032426, ""task1342"": 0.6118617384843185, ""task391"": 0.3628043160345168}",task391,continuous_primal_dual_psd,6,0.370710657815614,0.370710657815614,0.0,"[1.0, 0.0, 0.0]",primal=Optimization terminated successfully; dual=outer=Optimization terminated successfully; inner=Optimization terminated successfully,1,-28.59529404672292,28.595294046722916,,mistral7b_10x_licenseclean_contcert_20260504_magnitude_prune_20260504_licenseclean,mistral7b_10x_licenseclean_contcert_20260504
magnitude_prune,triple,task391+task1342+task1598,-0.16364149511740714,-0.3744991528002212,1,"[0.5078576556827968, 0.29214234431720576, 0.1999999999999974]","[0.6, 0.2, 0.2]",0.0,"{""task1342"": 0.6814362963585003, ""task1598"": 28.366562652587923, ""task391"": 0.3744991528002212}",task391,continuous_primal_dual_psd,6,-0.16364149511740714,-0.16364149511740714,0.0,"[1.0, 0.0, 0.0]",primal=Optimization terminated successfully; dual=outer=Optimization terminated successfully; inner=Optimization terminated successfully,1,-7.598403953264733,7.598403953264733,,mistral7b_10x_licenseclean_contcert_20260504_magnitude_prune_20260504_licenseclean,mistral7b_10x_licenseclean_contcert_20260504
magnitude_prune,triple,task391+task1342+task442,0.09328538934191957,-0.24995409328209456,1,"[0.6, 0.2, 0.19999999999999996]","[0.4, 0.2, 0.4]",0.0007588661531419683,"{""task1342"": 0.3810649925218358, ""task391"": 0.24995409328209456, ""task442"": 2.1694768666517934}",task391,continuous_primal_dual_psd,6,0.09328538934191957,0.09328538934191957,0.0,"[1.0, 0.0, 0.0]",primal=Optimization terminated successfully; dual=outer=Optimization terminated successfully; inner=Optimization terminated successfully,1,-6.115657876504502,6.115657876504502,,mistral7b_10x_licenseclean_contcert_20260504_magnitude_prune_20260504_licenseclean,mistral7b_10x_licenseclean_contcert_20260504
magnitude_prune,triple,task391+task1342+task620,-0.1400247688138223,-0.6173604127946357,1,"[0.5076503032988834, 0.2, 0.29234969670111655]","[0.6, 0.2, 0.2]",0.0,"{""task1342"": 0.6934693894906018, ""task391"": 0.6173604127946357, ""task620"": 1.0624755747867611}",task391,continuous_primal_dual_psd,6,-0.1400247688138223,-0.1400247688138223,0.0,"[1.0, 0.0, 0.0]",primal=Optimization terminated successfully; dual=outer=Optimization terminated successfully; inner=Optimization terminated successfully,1,-7.171984697995019,7.17198469799502,,mistral7b_10x_licenseclean_contcert_20260504_magnitude_prune_20260504_licenseclean,mistral7b_10x_licenseclean_contcert_20260504
magnitude_prune,triple,task391+task1391+task039,-0.1914168495699072,-0.5397481688617728,1,"[0.2, 0.5999999999999996, 0.2000000000000004]","[0.6, 0.2, 0.2]",0.11171080819914503,"{""task039"": 3.5455364933462485, ""task1391"": 2.4026508112651253, ""task391"": 0.5397481688617728}",task391,continuous_primal_dual_psd,6,-0.1914168495699072,-0.1914168495699072,0.0,"[1.0, 0.0, 0.0]",primal=Optimization terminated successfully; dual=outer=Optimization terminated successfully; inner=Optimization terminated successfully,1,-57.357483736296544,57.35748373629655,,mistral7b_10x_licenseclean_contcert_20260504_magnitude_prune_20260504_licenseclean,mistral7b_10x_licenseclean_contcert_20260504
magnitude_prune,triple,task391+task1391+task1342,-0.5686792710515934,-0.6332319132438881,1,"[0.4359768718014033, 0.2, 0.3640231281985966]","[0.4, 0.2, 0.4]",0.0,"{""task1342"": 0.8725158625293511, ""task1391"": 2.6915850805136574, ""task391"": 0.6332319132438881}",task391,continuous_primal_dual_psd,6,-0.5686792710515934,-0.5686792710515934,0.0,"[1.0, 0.0, 0.0]",primal=Optimization terminated successfully; dual=outer=Optimization terminated successfully; inner=Optimization terminated successfully,1,-3.2573540938984102,3.25735409389841,,mistral7b_10x_licenseclean_contcert_20260504_magnitude_prune_20260504_licenseclean,mistral7b_10x_licenseclean_contcert_20260504
magnitude_prune,triple,task391+task1391+task1598,-0.2925177904567886,-0.3302252685922214,1,"[0.2, 0.564402036525962, 0.23559796347403794]","[0.4, 0.4, 0.2]",0.051641265544264514,"{""task1391"": 1.8048470163872694, ""task1598"": 23.662826347351107, ""task391"": 0.3302252685922214}",task391,continuous_primal_dual_psd,6,-0.2925177904567886,-0.2925177904567886,0.0,"[1.0, 0.0, 0.0]",primal=Optimization terminated successfully; dual=outer=Optimization terminated successfully; inner=Optimization terminated successfully,1,-36.1778196381562,36.1778196381562,,mistral7b_10x_licenseclean_contcert_20260504_magnitude_prune_20260504_licenseclean,mistral7b_10x_licenseclean_contcert_20260504
magnitude_prune,triple,task391+task1391+task442,-0.22602296153615253,-0.39948329289913703,1,"[0.6, 0.2, 0.19999999999999996]","[0.2, 0.6, 0.2]",0.02012445226459758,"{""task1391"": 1.7780237218169346, ""task391"": 0.39948329289913703, ""task442"": 2.33647370776427}",task391,continuous_primal_dual_psd,6,-0.22602296153615253,-0.22602296153615253,0.0,"[1.0, 0.0, 0.0]",primal=Optimization terminated successfully; dual=outer=Optimization terminated successfully; inner=Optimization terminated successfully,1,-1.7833840121750082,1.7833840121750082,,mistral7b_10x_licenseclean_contcert_20260504_magnitude_prune_20260504_licenseclean,mistral7b_10x_licenseclean_contcert_20260504
magnitude_prune,triple,task391+task1391+task620,-0.28813239991914485,-0.5371659717457319,1,"[0.5801176419768498, 0.2000000000000001, 0.21988235802315015]","[0.6, 0.2, 0.2]",0.0,"{""task1391"": 2.263119337942867, ""task391"": 0.5371659717457319, ""task620"": 1.044592481123539}",task391,continuous_primal_dual_psd,6,-0.28813239991914485,-0.28813239991914485,0.0,"[1.0, 0.0, 0.0]",primal=Optimization terminated successfully; dual=outer=Optimization terminated successfully; inner=Optimization terminated successfully,1,-2.556779227985966,2.5567792279859654,,mistral7b_10x_licenseclean_contcert_20260504_magnitude_prune_20260504_licenseclean,mistral7b_10x_licenseclean_contcert_20260504
magnitude_prune,triple,task391+task1598+task039,-0.01214037237055654,-0.24699224002476977,1,"[0.5074076358648372, 0.2, 0.2925923641351629]","[0.6, 0.2, 0.2]",0.0,"{""task039"": 2.5544720004818364, ""task1598"": 21.682318973541292, ""task391"": 0.24699224002476977}",task391,continuous_primal_dual_psd,6,-0.01214037237055654,-0.01214037237055654,0.0,"[1.0, 0.0, 0.0]",primal=Optimization terminated successfully; dual=outer=Optimization terminated successfully; inner=Optimization terminated successfully,1,-24.51905404780901,24.51905404780901,,mistral7b_10x_licenseclean_contcert_20260504_magnitude_prune_20260504_licenseclean,mistral7b_10x_licenseclean_contcert_20260504
magnitude_prune,triple,task391+task290+task039,-0.3714720666281043,-0.42545605580543827,1,"[0.41156400577572194, 0.3884359942242786, 0.1999999999999995]","[0.6, 0.2, 0.2]",0.00417666368354791,"{""task039"": 3.212729777353606, ""task290"": 0.5114879607430549, ""task391"": 0.42545605580543827}",task391,continuous_primal_dual_psd,6,-0.3714720666281043,-0.3714720666281043,0.0,"[1.0, 0.0, 0.0]",primal=Optimization terminated successfully; dual=outer=Optimization terminated successfully; inner=Optimization terminated successfully,1,-103.35814967526402,103.358149675264,,mistral7b_10x_licenseclean_contcert_20260504_magnitude_prune_20260504_licenseclean,mistral7b_10x_licenseclean_contcert_20260504
magnitude_prune,triple,task391+task290+task1342,-0.23429859729305264,-0.5998177115166533,1,"[0.20000000000000456, 0.20995479120980562, 0.5900452087901898]","[0.4, 0.2, 0.4]",0.1518066903353198,"{""task1342"": 0.7928997309561943, ""task290"": 0.9108834106628506, ""task391"": 0.5998177115166533}",task391,continuous_primal_dual_psd,6,-0.23429859729305264,-0.23429859729305264,0.0,"[1.0, 0.0, 0.0]",primal=Optimization terminated successfully; dual=outer=Optimization terminated successfully; inner=Optimization terminated successfully,1,-16.420532684947688,16.420532684947684,,mistral7b_10x_licenseclean_contcert_20260504_magnitude_prune_20260504_licenseclean,mistral7b_10x_licenseclean_contcert_20260504
magnitude_prune,triple,task391+task290+task1391,-0.4293925991259311,-0.6022477784985253,1,"[0.6000000000000011, 0.2, 0.19999999999999885]","[0.6, 0.2, 0.2]",0.0,"{""task1391"": 2.258833739348929, ""task290"": 0.7251772254514738, ""task391"": 0.6022477784985253}",task391,continuous_primal_dual_psd,6,-0.4293925991259311,-0.4293925991259311,0.0,"[1.0, 0.0, 0.0]",primal=Optimization terminated successfully; dual=outer=Optimization terminated successfully; inner=Optimization terminated successfully,1,-2.7681487879186006,2.7681487879186006,,mistral7b_10x_licenseclean_contcert_20260504_magnitude_prune_20260504_licenseclean,mistral7b_10x_licenseclean_contcert_20260504
magnitude_prune,triple,task391+task290+task1598,-0.022296704957295077,-0.18677145949457172,1,"[0.6, 0.2000000000000002, 0.19999999999999984]","[0.6, 0.2, 0.2]",0.0,"{""task1598"": 23.125097084045443, ""task290"": 0.2744941959742673, ""task391"": 0.18677145949457172}",task391,continuous_primal_dual_psd,6,-0.022296704957295077,-0.022296704957295077,0.0,"[1.0, 0.0, 0.0]",primal=Optimization terminated successfully; dual=outer=Optimization terminated successfully; inner=Optimization terminated successfully,1,-40.754880387697014,40.754880387697,,mistral7b_10x_licenseclean_contcert_20260504_magnitude_prune_20260504_licenseclean,mistral7b_10x_licenseclean_contcert_20260504
magnitude_prune,triple,task391+task290+task442,-0.09409694723838874,-0.3926481439677509,1,"[0.31795853575875127, 0.4820414642412392, 0.2000000000000095]","[0.6, 0.2, 0.2]",0.00417666368354791,"{""task290"": 0.6252599091018869, ""task391"": 0.3926481439677509, ""task442"": 2.622081163146988}",task391,continuous_primal_dual_psd,6,-0.09409694723838874,-0.09409694723838874,0.0,"[1.0, 0.0, 0.0]",primal=Optimization terminated successfully; dual=outer=Optimization terminated successfully; inner=Optimization terminated successfully,1,-1.9187294362687874,1.9187294362687874,,mistral7b_10x_licenseclean_contcert_20260504_magnitude_prune_20260504_licenseclean,mistral7b_10x_licenseclean_contcert_20260504
magnitude_prune,triple,task391+task290+task620,0.16351408692401487,-0.4186213530034778,1,"[0.38951225313955185, 0.2, 0.4104877468604482]","[0.6, 0.2, 0.2]",0.21256148778809925,"{""task290"": 0.6052589820101091, ""task391"": 0.4186213530034778, ""task620"": 0.8646832491793235}",task391,continuous_primal_dual_psd,6,0.16351408692401487,0.16351408692401465,2.220446049250313e-16,"[0.9040277886677565, 0.0, 0.0959722113322436]",primal=Optimization terminated successfully; dual=outer=Optimization terminated successfully; inner=Optimization terminated successfully,1,-10.205950610251975,10.205950610251973,,mistral7b_10x_licenseclean_contcert_20260504_magnitude_prune_20260504_licenseclean,mistral7b_10x_licenseclean_contcert_20260504
magnitude_prune,triple,task391+task442+task039,-0.09186501448003925,-0.36014627691610424,1,"[0.5884495333290889, 0.2, 0.21155046667091115]","[0.2, 0.2, 0.6]",0.11930482328367317,"{""task039"": 2.557364535024691, ""task391"": 0.36014627691610424, ""task442"": 2.156077469274822}",task391,continuous_primal_dual_psd,6,-0.09186501448003925,-0.09186501448003925,0.0,"[1.0, 0.0, 0.0]",primal=Optimization terminated successfully; dual=outer=Optimization terminated successfully; inner=Optimization terminated successfully,1,-58.774716588530296,58.774716588530296,,mistral7b_10x_licenseclean_contcert_20260504_magnitude_prune_20260504_licenseclean,mistral7b_10x_licenseclean_contcert_20260504
magnitude_prune,triple,task391+task442+task1598,0.07150730672771594,-0.03716597174573188,1,"[0.6000000000000055, 0.2, 0.1999999999999944]","[0.6, 0.2, 0.2]",0.0,"{""task1598"": 19.66728858947757, ""task391"": 0.03716597174573188, ""task442"": 1.6950344095708272}",task391,continuous_primal_dual_psd,6,0.07150730672771594,0.07150730672771594,0.0,"[1.0, 0.0, 0.0]",primal=Optimization terminated successfully; dual=outer=Optimization terminated successfully; inner=Optimization terminated successfully,1,-10.675384668154798,10.6753846681548,,mistral7b_10x_licenseclean_contcert_20260504_magnitude_prune_20260504_licenseclean,mistral7b_10x_licenseclean_contcert_20260504
magnitude_prune,triple,task391+task442+task620,0.3300144691174056,-0.3058478645122786,1,"[0.2, 0.20000000000000157, 0.5999999999999984]","[0.4, 0.4, 0.2]",0.08148553960692428,"{""task391"": 0.3058478645122786, ""task442"": 2.4337447029960555, ""task620"": 0.5759693648375052}",task391,continuous_primal_dual_psd,6,0.3300144691174056,0.3300144691174056,0.0,"[1.0, 0.0, 0.0]",primal=Optimization terminated successfully; dual=outer=Optimization terminated successfully; inner=Optimization terminated successfully,1,-12.03033354238411,12.03033354238411,,mistral7b_10x_licenseclean_contcert_20260504_magnitude_prune_20260504_licenseclean,mistral7b_10x_licenseclean_contcert_20260504
magnitude_prune,triple,task391+task620+task039,-0.11888507360311662,-0.3252130044943085,1,"[0.45342429880159163, 0.34657570119840864, 0.19999999999999973]","[0.6, 0.2, 0.2]",0.034021830005059095,"{""task039"": 3.025558237546122, ""task391"": 0.3252130044943085, ""task620"": 0.8587928880321783}",task391,continuous_primal_dual_psd,6,-0.11888507360311662,-0.11888507360311662,0.0,"[1.0, 0.0, 0.0]",primal=Optimization terminated successfully; dual=outer=Optimization terminated successfully; inner=Optimization terminated successfully,1,-38.1790210306945,38.1790210306945,,mistral7b_10x_licenseclean_contcert_20260504_magnitude_prune_20260504_licenseclean,mistral7b_10x_licenseclean_contcert_20260504
magnitude_prune,triple,task391+task620+task1598,0.8659616550931686,-0.26195363644556263,1,"[0.2, 0.2, 0.6]","[0.4, 0.4, 0.2]",0.7608396076599868,"{""task1598"": 19.09709863662723, ""task391"": 0.26195363644556263, ""task620"": 0.6093820499689829}",task391,continuous_primal_dual_psd,6,0.8659616550931686,0.8659616550930844,8.415490526658687e-14,"[2.668976151198164e-13, 0.9999999999997331, 0.0]",primal=Optimization terminated successfully; dual=outer=Optimization terminated successfully; inner=Optimization terminated successfully,1,-18.52155717519159,18.521557175191585,,mistral7b_10x_licenseclean_contcert_20260504_magnitude_prune_20260504_licenseclean,mistral7b_10x_licenseclean_contcert_20260504
magnitude_prune,triple,task442+task1598+task039,-3.678809969819516,-2.055580531223711,1,"[0.2486217716835202, 0.2, 0.5513782283164798]","[0.2, 0.2, 0.6]",0.0,"{""task039"": 2.2800256050308216, ""task1598"": 20.698127079010042, ""task442"": 2.055580531223711}",task442,continuous_primal_dual_psd,6,-3.678809969819516,-3.678809969819638,1.2212453270876722e-13,"[0.9586201908580702, 3.430974715489324e-15, 0.041379809141926356]",primal=Optimization terminated successfully; dual=outer=Optimization terminated successfully; inner=Optimization terminated successfully,1,-89.9144756842375,89.91447568423749,,mistral7b_10x_licenseclean_contcert_20260504_magnitude_prune_20260504_licenseclean,mistral7b_10x_licenseclean_contcert_20260504
magnitude_prune,triple,task442+task620+task039,-0.7739219428089994,-0.6515746005463177,1,"[0.3114917269256889, 0.4885082730743135, 0.19999999999999762]","[0.2, 0.6, 0.2]",0.046155946414888294,"{""task039"": 2.3089432287974794, ""task442"": 2.183619703178271, ""task620"": 0.6515746005463177}",task620,continuous_primal_dual_psd,6,-0.7739219428089994,-0.7739219428089994,0.0,"[0.0, 1.0, 0.0]",primal=Optimization terminated successfully; dual=outer=Optimization terminated successfully; inner=Optimization terminated successfully,1,-25.263802549964982,25.263802549964982,,mistral7b_10x_licenseclean_contcert_20260504_magnitude_prune_20260504_licenseclean,mistral7b_10x_licenseclean_contcert_20260504
magnitude_prune,triple,task442+task620+task1598,0.046257502070677026,-0.2831870232129155,1,"[0.3808832489252323, 0.41911675107477103, 0.19999999999999662]","[0.4, 0.4, 0.2]",0.0,"{""task1598"": 16.793927478790316, ""task442"": 1.38188472028466, ""task620"": 0.2831870232129155}",task620,continuous_primal_dual_psd,6,0.046257502070677026,0.046257502070677026,0.0,"[0.0, 1.0, 0.0]",primal=Optimization terminated successfully; dual=outer=Optimization terminated successfully; inner=Optimization terminated successfully,1,-0.8902756361040409,0.890275636104041,,mistral7b_10x_licenseclean_contcert_20260504_magnitude_prune_20260504_licenseclean,mistral7b_10x_licenseclean_contcert_20260504
magnitude_prune,triple,task620+task1598+task039,-0.2923730218044508,-0.2738705265528629,1,"[0.328021913429553, 0.2, 0.47197808657044704]","[0.2, 0.2, 0.6]",0.05397264376117458,"{""task039"": 1.5749776457888418, ""task1598"": 18.11089210510257, ""task620"": 0.2738705265528629}",task620,continuous_primal_dual_psd,6,-0.2923730218044508,-0.29237302180470404,2.532418719169982e-13,"[0.9641053960408973, 0.0, 0.03589460395910276]",primal=Optimization terminated successfully; dual=outer=Optimization terminated successfully; inner=Optimization terminated successfully,1,-94.74308286234577,94.74308286234577,,mistral7b_10x_licenseclean_contcert_20260504_magnitude_prune_20260504_licenseclean,mistral7b_10x_licenseclean_contcert_20260504
ties,pair,task1342+task039,-0.7218991294939217,0.008422421096606758,0,"[0.20000000000000012, 0.7999999999999998]","[0.4, 0.6]",0.05066548745188623,"{""task039"": 0.9285509992602694, ""task1342"": -0.008422421096606758}",task1342,continuous_primal_dual_psd,4,-0.7218991294939217,-0.7218991294939217,0.0,"[1.0, 0.0]",primal=Optimization terminated successfully; dual=outer=Optimization terminated successfully; inner=Optimization terminated successfully,1,-2.221085335415328,2.221085335415328,,mistral7b_10x_licenseclean_contcert_20260504_ties_20260504_licenseclean,mistral7b_10x_licenseclean_contcert_20260504
ties,pair,task1342+task1598,-0.6890459013672335,0.07564404154606193,0,"[0.8, 0.19999999999999996]","[0.8, 0.2]",0.0,"{""task1342"": -0.07564404154606193, ""task1598"": 13.774415779113802}",task1342,continuous_primal_dual_psd,4,-0.6890459013672335,-0.6890459013672335,0.0,"[1.0, 0.0]",primal=Optimization terminated successfully; dual=outer=Optimization terminated successfully; inner=Optimization terminated successfully,1,-1.8078485405498395,1.8078485405498395,,mistral7b_10x_licenseclean_contcert_20260504_ties_20260504_licenseclean,mistral7b_10x_licenseclean_contcert_20260504
ties,pair,task1342+task442,-0.9150800115575626,-0.07562692734116397,1,"[0.8, 0.19999999999999996]","[0.8, 0.2]",0.0,"{""task1342"": 0.07562692734116397, ""task442"": 1.2885831070217055}",task1342,continuous_primal_dual_psd,4,-0.9150800115575626,-0.9150800115575626,0.0,"[1.0, 0.0]",primal=Optimization terminated successfully; dual=outer=Optimization terminated successfully; inner=Optimization terminated successfully,0,0.4649154084493191,0.0,,mistral7b_10x_licenseclean_contcert_20260504_ties_20260504_licenseclean,mistral7b_10x_licenseclean_contcert_20260504
ties,pair,task1342+task620,-0.5383616096990476,0.07636847202040177,0,"[0.7651193684142027, 0.2348806315857973]","[0.8, 0.2]",0.0,"{""task1342"": -0.07636847202040177, ""task620"": 0.13251255389903596}",task1342,continuous_primal_dual_psd,4,-0.5383616096990476,-0.5383616096990476,0.0,"[0.0, 1.0]",primal=Optimization terminated successfully; dual=outer=Optimization terminated successfully; inner=Optimization terminated successfully,0,1.4144851461502939,0.0,,mistral7b_10x_licenseclean_contcert_20260504_ties_20260504_licenseclean,mistral7b_10x_licenseclean_contcert_20260504
ties,pair,task1391+task039,-0.857574142039745,-1.7273505676557672,1,"[0.5751443983170546, 0.42485560168294545]","[0.6, 0.4]",0.0,"{""task039"": 2.563410596282179, ""task1391"": 1.7273505676557672}",task1391,continuous_primal_dual_psd,4,-0.857574142039745,-0.857574142039745,0.0,"[1.0, 0.0]",primal=Optimization terminated successfully; dual=outer=Optimization terminated successfully; inner=Optimization terminated successfully,0,5.813160317982448,0.0,,mistral7b_10x_licenseclean_contcert_20260504_ties_20260504_licenseclean,mistral7b_10x_licenseclean_contcert_20260504
ties,pair,task1391+task1342,-1.232794864129592,-0.3059713693170999,1,"[0.8, 0.19999999999999996]","[0.6, 0.4]",0.21288210651413408,"{""task1342"": 0.3059713693170999, ""task1391"": 1.2996290046161003}",task1342,continuous_primal_dual_psd,4,-1.232794864129592,-1.232794864129592,0.0,"[1.0, 0.0]",primal=Optimization terminated successfully; dual=outer=Optimization terminated successfully; inner=Optimization terminated successfully,1,-0.6715338058820611,0.6715338058820611,,mistral7b_10x_licenseclean_contcert_20260504_ties_20260504_licenseclean,mistral7b_10x_licenseclean_contcert_20260504
ties,pair,task1391+task1598,-0.5734972968743373,-1.070121848454403,1,"[0.5452407325619902, 0.45475926743800976]","[0.8, 0.2]",0.4273472845107785,"{""task1391"": 1.070121848454403, ""task1598"": 21.635636615753207}",task1391,continuous_primal_dual_psd,4,-0.5734972968743373,-0.5734972968743373,0.0,"[1.0, 0.0]",primal=Optimization terminated successfully; dual=outer=Optimization terminated successfully; inner=Optimization terminated successfully,0,7.694857230841215,0.0,,mistral7b_10x_licenseclean_contcert_20260504_ties_20260504_licenseclean,mistral7b_10x_licenseclean_contcert_20260504
ties,pair,task1391+task442,-0.6827927145186711,-1.7541749566077653,1,"[0.7999999999999999, 0.20000000000000007]","[0.8, 0.2]",0.0,"{""task1391"": 1.7541749566077653, ""task442"": 2.582875680939236}",task1391,continuous_primal_dual_psd,4,-0.6827927145186711,-0.6827927145186711,0.0,"[1.0, 0.0]",primal=Optimization terminated successfully; dual=outer=Optimization terminated successfully; inner=Optimization terminated successfully,1,-1.008067539775297,1.008067539775297,,mistral7b_10x_licenseclean_contcert_20260504_ties_20260504_licenseclean,mistral7b_10x_licenseclean_contcert_20260504
ties,pair,task1391+task620,-0.35000534903182284,-0.5880696752406014,1,"[0.7999999999999998, 0.20000000000000018]","[0.8, 0.2]",0.0,"{""task1391"": 1.5185195642609952, ""task620"": 0.5880696752406014}",task620,continuous_primal_dual_psd,4,-0.35000534903182284,-0.35000534903182284,0.0,"[1.0, 0.0]",primal=Optimization terminated successfully; dual=outer=Optimization terminated successfully; inner=Optimization terminated successfully,1,-1.008042544299482,1.008042544299482,,mistral7b_10x_licenseclean_contcert_20260504_ties_20260504_licenseclean,mistral7b_10x_licenseclean_contcert_20260504
ties,pair,task1598+task039,-11.216669607162519,-1.4974274511257457,1,"[0.2, 0.8]","[0.2, 0.8]",0.0,"{""task039"": 1.4974274511257457, ""task1598"": 19.898626136779818}",task039,continuous_primal_dual_psd,4,-11.216669607162519,-11.216669607162519,0.0,"[0.9999999999999999, 1.1102230246251565e-16]",primal=Optimization terminated successfully; dual=outer=Optimization terminated successfully; inner=Optimization terminated successfully,1,-26.04156732559205,26.04156732559205,,mistral7b_10x_licenseclean_contcert_20260504_ties_20260504_licenseclean,mistral7b_10x_licenseclean_contcert_20260504
ties,pair,task190+task039,-7.695831584930458,-1.7253462007107063,1,"[0.2000000000000012, 0.7999999999999988]","[0.2, 0.8]",0.0,"{""task039"": 1.7253462007107063, ""task190"": 13.179871368408236}",task039,continuous_primal_dual_psd,4,-7.695831584930458,-7.695831584930458,0.0,"[0.9999999999999997, 3.33066907387547e-16]",primal=Optimization terminated successfully; dual=outer=Optimization terminated successfully; inner=Optimization terminated successfully,0,15.625059604644788,0.0,,mistral7b_10x_licenseclean_contcert_20260504_ties_20260504_licenseclean,mistral7b_10x_licenseclean_contcert_20260504
ties,pair,task190+task1342,-1.0694186328874187,-0.19776601161427268,1,"[0.20000000000000168, 0.7999999999999983]","[0.2, 0.8]",0.0,"{""task1342"": 0.19776601161427268, ""task190"": 18.187984752655062}",task1342,continuous_primal_dual_psd,4,-1.0694186328874187,-1.0694186328874187,0.0,"[0.0, 1.0]",primal=Optimization terminated successfully; dual=outer=Optimization terminated successfully; inner=Optimization terminated successfully,0,1.3429715548615577,0.0,,mistral7b_10x_licenseclean_contcert_20260504_ties_20260504_licenseclean,mistral7b_10x_licenseclean_contcert_20260504
ties,pair,task190+task1391,-0.5540324201319539,-0.8653893043891254,1,"[0.2, 0.8]","[0.2, 0.8]",0.0,"{""task1391"": 0.8653893043891254, ""task190"": 18.269142436981234}",task1391,continuous_primal_dual_psd,4,-0.5540324201319539,-0.5540324201319539,0.0,"[0.0, 1.0]",primal=Optimization terminated successfully; dual=outer=Optimization terminated successfully; inner=Optimization terminated successfully,1,-2.0497539945269905,2.0497539945269905,,mistral7b_10x_licenseclean_contcert_20260504_ties_20260504_licenseclean,mistral7b_10x_licenseclean_contcert_20260504
ties,pair,task190+task1598,-2.3430378641735627,-0.35925798416140964,1,"[0.32403398294413305, 0.675966017055867]","[0.8, 0.2]",8.77840518951416,"{""task1598"": 0.35925798416140964, ""task190"": 1.9643633842468589}",task1598,continuous_primal_dual_psd,4,-2.3430378641735627,-2.3430378641735965,3.375077994860476e-14,"[0.8297468606521917, 0.17025313934780828]",primal=Optimization terminated successfully; dual=outer=Optimization terminated successfully; inner=Optimization terminated successfully,1,-16.025304794311513,16.025304794311513,,mistral7b_10x_licenseclean_contcert_20260504_ties_20260504_licenseclean,mistral7b_10x_licenseclean_contcert_20260504
ties,pair,task190+task290,-1.9065583728830102,0.05672928488883362,0,"[0.5175284302998947, 0.4824715697001053]","[0.2, 0.8]",0.06973077685978922,"{""task190"": 12.390503215789828, ""task290"": -0.05672928488883362}",task290,continuous_primal_dual_psd,4,-1.9065583728830102,-1.9065583728830102,0.0,"[0.0, 1.0]",primal=Optimization terminated successfully; dual=outer=Optimization terminated successfully; inner=Optimization terminated successfully,0,9.309580944555458,0.0,,mistral7b_10x_licenseclean_contcert_20260504_ties_20260504_licenseclean,mistral7b_10x_licenseclean_contcert_20260504
ties,pair,task190+task391,-0.13447372478066974,0.046825030716010296,0,"[0.2, 0.8]","[0.2, 0.8]",0.0,"{""task190"": 16.9968336105347, ""task391"": -0.046825030716010296}",task391,continuous_primal_dual_psd,4,-0.13447372478066974,-0.13447372478066974,0.0,"[0.0, 1.0]",primal=Optimization terminated successfully; dual=outer=Optimization terminated successfully; inner=Optimization terminated successfully,0,1.7099893304542007,0.0,,mistral7b_10x_licenseclean_contcert_20260504_ties_20260504_licenseclean,mistral7b_10x_licenseclean_contcert_20260504
ties,pair,task190+task442,-3.550002905726627,-0.38660045685064165,1,"[0.2, 0.8]","[0.2, 0.8]",0.0,"{""task190"": 7.404717731475863, ""task442"": 0.38660045685064165}",task442,continuous_primal_dual_psd,4,-3.550002905726627,-3.550002905726627,0.0,"[0.0, 1.0]",primal=Optimization terminated successfully; dual=outer=Optimization terminated successfully; inner=Optimization terminated successfully,1,-12.019276618957525,12.019276618957525,,mistral7b_10x_licenseclean_contcert_20260504_ties_20260504_licenseclean,mistral7b_10x_licenseclean_contcert_20260504
ties,pair,task190+task620,-0.48735036894826655,0.35195974196405955,0,"[0.385000070593684, 0.614999929406316]","[0.4, 0.6]",0.0,"{""task190"": 6.787821578979525, ""task620"": -0.35195974196405955}",task620,continuous_primal_dual_psd,4,-0.48735036894826655,-0.48735036894826655,0.0,"[0.0, 1.0]",primal=Optimization terminated successfully; dual=outer=Optimization terminated successfully; inner=Optimization terminated successfully,0,6.842108354018056,0.0,,mistral7b_10x_licenseclean_contcert_20260504_ties_20260504_licenseclean,mistral7b_10x_licenseclean_contcert_20260504
ties,pair,task280+task039,-4.320836591720618,-1.0000566769982548,1,"[0.2, 0.8]","[0.2, 0.8]",0.0,"{""task039"": 1.0000566769982548, ""task280"": 13.0905836105347}",task039,continuous_primal_dual_psd,4,-4.320836591720618,-4.320836591720618,0.0,"[5.551115123125783e-17, 1.0]",primal=Optimization terminated successfully; dual=outer=Optimization terminated successfully; inner=Optimization terminated successfully,0,32.852292060852044,0.0,,mistral7b_10x_licenseclean_contcert_20260504_ties_20260504_licenseclean,mistral7b_10x_licenseclean_contcert_20260504
ties,pair,task280+task1342,-0.6351233216937949,0.10821471205084593,0,"[0.2, 0.8]","[0.2, 0.8]",0.0,"{""task1342"": -0.10821471205084593, ""task280"": 10.30040674209598}",task1342,continuous_primal_dual_psd,4,-0.6351233216937949,-0.6351233216937949,0.0,"[0.0, 1.0]",primal=Optimization terminated successfully; dual=outer=Optimization terminated successfully; inner=Optimization terminated successfully,1,-20.833462476730347,20.833462476730347,,mistral7b_10x_licenseclean_contcert_20260504_ties_20260504_licenseclean,mistral7b_10x_licenseclean_contcert_20260504
ties,pair,task280+task1391,-1.0470413855092207,-1.6228425907078226,1,"[0.2, 0.8]","[0.2, 0.8]",0.0,"{""task1391"": 1.6228425907078226, ""task280"": 25.7387130737305}",task1391,continuous_primal_dual_psd,4,-1.0470413855092207,-1.0470413855092207,0.0,"[0.0, 1.0]",primal=Optimization terminated successfully; dual=outer=Optimization terminated successfully; inner=Optimization terminated successfully,1,-0.30237027098095315,0.30237027098095315,,mistral7b_10x_licenseclean_contcert_20260504_ties_20260504_licenseclean,mistral7b_10x_licenseclean_contcert_20260504
ties,pair,task280+task1598,2.8980132819937356,-2.0841091156006186,1,"[0.24975132086212518, 0.7502486791378749]","[0.2, 0.8]",0.0,"{""task1598"": 2.197715568542513, ""task280"": 2.0841091156006186}",task280,continuous_primal_dual_psd,4,2.8980132819937356,2.8980132819937356,0.0,"[0.0, 1.0]",primal=Optimization terminated successfully; dual=outer=Optimization terminated successfully; inner=Optimization terminated successfully,0,41.666179895401015,0.0,,mistral7b_10x_licenseclean_contcert_20260504_ties_20260504_licenseclean,mistral7b_10x_licenseclean_contcert_20260504
ties,pair,task280+task190,1.9151038892937415,1.091638278961149,0,"[0.2170018690306569, 0.7829981309693431]","[0.2, 0.8]",0.0,"{""task190"": -1.091638278961149, ""task280"": 0.5824773788452475}",task190,continuous_primal_dual_psd,4,1.9151038892937415,1.9151038892937415,0.0,"[1.0, 0.0]",primal=Optimization terminated successfully; dual=outer=Optimization terminated successfully; inner=Optimization terminated successfully,0,43.26954483985899,0.0,,mistral7b_10x_licenseclean_contcert_20260504_ties_20260504_licenseclean,mistral7b_10x_licenseclean_contcert_20260504
ties,pair,task280+task290,0.25878556711297696,0.3373060653362524,0,"[0.2, 0.8]","[0.2, 0.8]",0.0,"{""task280"": 11.02686815261844, ""task290"": -0.3373060653362524}",task290,continuous_primal_dual_psd,4,0.25878556711297696,0.25878556711297696,0.0,"[0.0, 1.0]",primal=Optimization terminated successfully; dual=outer=Optimization terminated successfully; inner=Optimization terminated successfully,1,-22.435933351516727,22.435933351516727,,mistral7b_10x_licenseclean_contcert_20260504_ties_20260504_licenseclean,mistral7b_10x_licenseclean_contcert_20260504
ties,pair,task280+task391,0.2422699471407184,0.08039180870683967,0,"[0.2, 0.8]","[0.2, 0.8]",0.0,"{""task280"": 13.470038700103792, ""task391"": -0.08039180870683967}",task391,continuous_primal_dual_psd,4,0.2422699471407184,0.2422699471407184,0.0,"[0.0, 1.0]",primal=Optimization terminated successfully; dual=outer=Optimization terminated successfully; inner=Optimization terminated successfully,0,0.88917333661679,0.0,,mistral7b_10x_licenseclean_contcert_20260504_ties_20260504_licenseclean,mistral7b_10x_licenseclean_contcert_20260504
ties,pair,task280+task442,-2.5088318377248786,-0.40223308712377537,1,"[0.28933354909918513, 0.7106664509008149]","[0.2, 0.8]",0.0,"{""task280"": 10.345038700103792, ""task442"": 0.40223308712377537}",task442,continuous_primal_dual_psd,4,-2.5088318377248786,-2.5088318377248786,0.0,"[0.0, 1.0]",primal=Optimization terminated successfully; dual=outer=Optimization terminated successfully; inner=Optimization terminated successfully,0,55.664132873066244,0.0,,mistral7b_10x_licenseclean_contcert_20260504_ties_20260504_licenseclean,mistral7b_10x_licenseclean_contcert_20260504
ties,pair,task280+task620,0.10526168458472773,0.4564788939735012,0,"[0.2, 0.8]","[0.2, 0.8]",0.0,"{""task280"": 7.082053947448763, ""task620"": -0.4564788939735012}",task620,continuous_primal_dual_psd,4,0.10526168458472773,0.10526168458472773,0.0,"[0.0, 1.0]",primal=Optimization terminated successfully; dual=outer=Optimization terminated successfully; inner=Optimization terminated successfully,1,-2.697386579856084,2.697386579856084,,mistral7b_10x_licenseclean_contcert_20260504_ties_20260504_licenseclean,mistral7b_10x_licenseclean_contcert_20260504
ties,pair,task290+task039,-1.2465738011624017,-0.3036700976249218,1,"[0.5059486342333791, 0.4940513657666209]","[0.4, 0.6]",0.23488355296065677,"{""task039"": 1.8115693660052337, ""task290"": 0.3036700976249218}",task290,continuous_primal_dual_psd,4,-1.2465738011624017,-1.2465738011624017,0.0,"[1.0, 0.0]",primal=Optimization terminated successfully; dual=outer=Optimization terminated successfully; inner=Optimization terminated successfully,0,10.198758769226945,0.0,,mistral7b_10x_licenseclean_contcert_20260504_ties_20260504_licenseclean,mistral7b_10x_licenseclean_contcert_20260504
ties,pair,task290+task1342,-0.557849539541628,0.11943248871366101,0,"[0.2, 0.8]","[0.8, 0.2]",0.11566224712986155,"{""task1342"": -0.11943248871366101, ""task290"": -0.06498686979319225}",task1342,continuous_primal_dual_psd,4,-0.557849539541628,-0.557849539541628,0.0,"[0.0, 1.0]",primal=Optimization terminated successfully; dual=outer=Optimization terminated successfully; inner=Optimization terminated successfully,0,1.921138051473465e-05,0.0,,mistral7b_10x_licenseclean_contcert_20260504_ties_20260504_licenseclean,mistral7b_10x_licenseclean_contcert_20260504
ties,pair,task290+task1391,-1.0779562899115238,-0.5511243682839763,1,"[0.2, 0.8]","[0.2, 0.8]",0.0,"{""task1391"": 1.4348759737260834, ""task290"": 0.5511243682839763}",task290,continuous_primal_dual_psd,4,-1.0779562899115238,-1.0779562899115238,0.0,"[0.0, 1.0]",primal=Optimization terminated successfully; dual=outer=Optimization terminated successfully; inner=Optimization terminated successfully,0,0.7392411973432836,0.0,,mistral7b_10x_licenseclean_contcert_20260504_ties_20260504_licenseclean,mistral7b_10x_licenseclean_contcert_20260504
ties,pair,task290+task1598,-0.7671709949245552,0.22105630249926533,0,"[0.5159701561713944, 0.4840298438286056]","[0.8, 0.2]",0.23185702951170295,"{""task1598"": 6.483444499969515, ""task290"": -0.22105630249926533}",task290,continuous_primal_dual_psd,4,-0.7671709949245552,-0.7671709949245668,1.1546319456101628e-14,"[0.9811096735896417, 0.018890326410358274]",primal=Optimization terminated successfully; dual=outer=Optimization terminated successfully; inner=Optimization terminated successfully,1,-57.29168653488154,57.29168653488154,,mistral7b_10x_licenseclean_contcert_20260504_ties_20260504_licenseclean,mistral7b_10x_licenseclean_contcert_20260504
ties,pair,task290+task442,-0.8920107691977506,-0.056950493299068476,1,"[0.43949697169594415, 0.5605030283040559]","[0.8, 0.2]",0.004220962623109163,"{""task290"": 0.056950493299068476, ""task442"": 1.538211023015997}",task290,continuous_primal_dual_psd,4,-0.8920107691977506,-0.8920107691977506,0.0,"[1.0, 0.0]",primal=Optimization terminated successfully; dual=outer=Optimization terminated successfully; inner=Optimization terminated successfully,0,10.407893549210387,0.0,,mistral7b_10x_licenseclean_contcert_20260504_ties_20260504_licenseclean,mistral7b_10x_licenseclean_contcert_20260504
ties,pair,task290+task620,-0.08894956190147933,-0.004836077237526832,1,"[0.2, 0.8]","[0.8, 0.2]",0.27525516584162685,"{""task290"": 0.004836077237526832, ""task620"": 0.03795222031951074}",task290,continuous_primal_dual_psd,4,-0.08894956190147933,-0.08894956190147933,0.0,"[0.0, 1.0]",primal=Optimization terminated successfully; dual=outer=Optimization terminated successfully; inner=Optimization terminated successfully,1,-2.0397595348808224,2.0397595348808224,,mistral7b_10x_licenseclean_contcert_20260504_ties_20260504_licenseclean,mistral7b_10x_licenseclean_contcert_20260504
ties,pair,task391+task039,-0.025103248334824302,-0.22010892696058335,1,"[0.7999999999999995, 0.2000000000000005]","[0.6, 0.4]",0.19091618031123772,"{""task039"": 2.0894349133397934, ""task391"": 0.22010892696058335}",task391,continuous_primal_dual_psd,4,-0.025103248334824302,-0.025103248334824302,0.0,"[1.0, 0.0]",primal=Optimization terminated successfully; dual=outer=Optimization terminated successfully; inner=Optimization terminated successfully,0,1.1114873407899726,0.0,,mistral7b_10x_licenseclean_contcert_20260504_ties_20260504_licenseclean,mistral7b_10x_licenseclean_contcert_20260504
ties,pair,task391+task1342,-0.011217065981754079,-0.26537054171711716,1,"[0.20000000000000023, 0.7999999999999998]","[0.8, 0.2]",0.11573489561909828,"{""task1342"": 0.5515160953250575, ""task391"": 0.26537054171711716}",task391,continuous_primal_dual_psd,4,-0.011217065981754079,-0.011217065981754079,0.0,"[1.0, 0.0]",primal=Optimization terminated successfully; dual=outer=Optimization terminated successfully; inner=Optimization terminated successfully,1,-1.0431109179930669,1.0431109179930669,,mistral7b_10x_licenseclean_contcert_20260504_ties_20260504_licenseclean,mistral7b_10x_licenseclean_contcert_20260504
ties,pair,task391+task1391,-0.3105466632461472,-0.48810779557635975,1,"[0.4694624189180836, 0.5305375810819164]","[0.2, 0.8]",0.015948234710475406,"{""task1391"": 2.0280220802444395, ""task391"": 0.48810779557635975}",task391,continuous_primal_dual_psd,4,-0.3105466632461472,-0.3105466632461472,0.0,"[1.0, 0.0]",primal=Optimization terminated successfully; dual=outer=Optimization terminated successfully; inner=Optimization terminated successfully,0,3.1805880410520553,0.0,,mistral7b_10x_licenseclean_contcert_20260504_ties_20260504_licenseclean,mistral7b_10x_licenseclean_contcert_20260504
ties,pair,task391+task1598,0.38030061966808865,0.1962792805895326,0,"[0.2, 0.8]","[0.8, 0.2]",0.4463083236151474,"{""task1598"": 12.873467731475863, ""task391"": -0.1962792805895326}",task391,continuous_primal_dual_psd,4,0.38030061966808865,0.38030061966808865,0.0,"[1.0, 0.0]",primal=Optimization terminated successfully; dual=outer=Optimization terminated successfully; inner=Optimization terminated successfully,1,-46.87502980232238,46.87502980232238,,mistral7b_10x_licenseclean_contcert_20260504_ties_20260504_licenseclean,mistral7b_10x_licenseclean_contcert_20260504
ties,pair,task391+task290,0.002325065495339229,-0.15434409605701957,1,"[0.8, 0.19999999999999996]","[0.6, 0.4]",0.024302008206996906,"{""task290"": 0.3835859478758834, ""task391"": 0.15434409605701957}",task391,continuous_primal_dual_psd,4,0.002325065495339229,0.002325065495339229,0.0,"[1.0, 0.0]",primal=Optimization terminated successfully; dual=outer=Optimization terminated successfully; inner=Optimization terminated successfully,1,-2.2489332200414536,2.2489332200414536,,mistral7b_10x_licenseclean_contcert_20260504_ties_20260504_licenseclean,mistral7b_10x_licenseclean_contcert_20260504
ties,pair,task391+task442,0.13353903528812294,0.08031596670446804,0,"[0.6570539504658683, 0.34294604953413166]","[0.8, 0.2]",0.04184381722612783,"{""task391"": -0.08031596670446804, ""task442"": 1.6027269639548587}",task391,continuous_primal_dual_psd,4,0.13353903528812294,0.13353903528812294,0.0,"[1.0, 0.0]",primal=Optimization terminated successfully; dual=outer=Optimization terminated successfully; inner=Optimization terminated successfully,0,1.6244726919157195,0.0,,mistral7b_10x_licenseclean_contcert_20260504_ties_20260504_licenseclean,mistral7b_10x_licenseclean_contcert_20260504
ties,pair,task391+task620,0.01846775248078324,-0.10923505756408046,1,"[0.7999999999999997, 0.2000000000000003]","[0.8, 0.2]",0.0,"{""task391"": 0.10923505756408046, ""task620"": 0.45399428516066664}",task391,continuous_primal_dual_psd,4,0.01846775248078324,0.01846775248078324,0.0,"[1.0, 0.0]",primal=Optimization terminated successfully; dual=outer=Optimization terminated successfully; inner=Optimization terminated successfully,0,1.9080017522848858e-05,0.0,,mistral7b_10x_licenseclean_contcert_20260504_ties_20260504_licenseclean,mistral7b_10x_licenseclean_contcert_20260504
ties,pair,task442+task039,-4.921876634471237,-1.6501619232497742,1,"[0.2, 0.8]","[0.4, 0.6]",0.42361371122093305,"{""task039"": 1.6501619232497742, ""task442"": 1.657317263385909}",task039,continuous_primal_dual_psd,4,-4.921876634471237,-4.921876634471237,0.0,"[1.0, 0.0]",primal=Optimization terminated successfully; dual=outer=Optimization terminated successfully; inner=Optimization terminated successfully,1,-14.0222907066345,14.0222907066345,,mistral7b_10x_licenseclean_contcert_20260504_ties_20260504_licenseclean,mistral7b_10x_licenseclean_contcert_20260504
ties,pair,task442+task1598,2.168752978369755,0.21066689407158734,0,"[0.2, 0.8]","[0.8, 0.2]",6.067636443025548,"{""task1598"": 2.6340096473694175, ""task442"": -0.21066689407158734}",task442,continuous_primal_dual_psd,4,2.168752978369755,2.168752978369755,0.0,"[1.0, 0.0]",primal=Optimization terminated successfully; dual=outer=Optimization terminated successfully; inner=Optimization terminated successfully,1,-32.85259008407592,32.85259008407592,,mistral7b_10x_licenseclean_contcert_20260504_ties_20260504_licenseclean,mistral7b_10x_licenseclean_contcert_20260504
ties,pair,task442+task620,-0.10289794927609858,-0.05005378894350778,1,"[0.20000000000000023, 0.7999999999999998]","[0.8, 0.2]",0.11587019186610517,"{""task442"": 1.0081855565808169, ""task620"": 0.05005378894350778}",task620,continuous_primal_dual_psd,4,-0.10289794927609858,-0.10289794927609858,0.0,"[0.0, 1.0]",primal=Optimization terminated successfully; dual=outer=Optimization terminated successfully; inner=Optimization terminated successfully,1,-1.9736945133935206,1.9736945133935206,,mistral7b_10x_licenseclean_contcert_20260504_ties_20260504_licenseclean,mistral7b_10x_licenseclean_contcert_20260504
ties,pair,task620+task039,-0.49064992316353534,-0.20104973369754447,1,"[0.5170374171310982, 0.4829625828689018]","[0.4, 0.6]",0.25637131608648006,"{""task039"": 0.9138304230389728, ""task620"": 0.20104973369754447}",task620,continuous_primal_dual_psd,4,-0.49064992316353534,-0.49064992316353534,0.0,"[1.0, 0.0]",primal=Optimization terminated successfully; dual=outer=Optimization terminated successfully; inner=Optimization terminated successfully,1,-1.6026198863982979,1.6026198863982979,,mistral7b_10x_licenseclean_contcert_20260504_ties_20260504_licenseclean,mistral7b_10x_licenseclean_contcert_20260504
ties,pair,task620+task1598,0.5957900063424468,0.2998064856254572,0,"[0.2, 0.8]","[0.8, 0.2]",0.6885840359448547,"{""task1598"": 6.88321285247806, ""task620"": -0.2998064856254572}",task620,continuous_primal_dual_psd,4,0.5957900063424468,0.5957900063424468,0.0,"[1.0, 0.0]",primal=Optimization terminated successfully; dual=outer=Optimization terminated successfully; inner=Optimization terminated successfully,1,-17.628520727157582,17.628520727157582,,mistral7b_10x_licenseclean_contcert_20260504_ties_20260504_licenseclean,mistral7b_10x_licenseclean_contcert_20260504
ties,triple,task1342+task1598+task039,-0.8336001916389995,0.014122195422960827,0,"[0.2, 0.39247295500801904, 0.407527044991981]","[0.2, 0.2, 0.6]",0.13616210234719725,"{""task039"": 0.9984783693085607, ""task1342"": -0.014122195422960827, ""task1598"": 11.160799789428744}",task1342,continuous_primal_dual_psd,6,-0.8336001916389995,-0.8336001916389995,0.0,"[1.0, 0.0, 0.0]",primal=Optimization terminated successfully; dual=outer=Optimization terminated successfully; inner=Optimization terminated successfully,1,-25.28998888342735,26.899582650466485,,mistral7b_10x_licenseclean_contcert_20260504_ties_20260504_licenseclean,mistral7b_10x_licenseclean_contcert_20260504
ties,triple,task1342+task442+task039,0.31570322874146894,0.13445100075578958,0,"[0.20000000000000148, 0.20000000000000043, 0.5999999999999981]","[0.2, 0.2, 0.6]",0.0,"{""task039"": 0.9577327038634609, ""task1342"": -0.13445100075578958, ""task442"": 0.755583883988503}",task1342,continuous_primal_dual_psd,6,0.31570322874146894,0.31570322874146894,0.0,"[1.0, 0.0, 0.0]",primal=Optimization terminated successfully; dual=outer=Optimization terminated successfully; inner=Optimization terminated successfully,1,-52.292723540684605,52.37847501744348,,mistral7b_10x_licenseclean_contcert_20260504_ties_20260504_licenseclean,mistral7b_10x_licenseclean_contcert_20260504
ties,triple,task1342+task442+task1598,2.510926198960318,0.41754227261759186,0,"[0.20000000000001011, 0.20000000000001922, 0.5999999999999707]","[0.6, 0.2, 0.2]",0.09563013758332545,"{""task1342"": -0.41754227261759186, ""task1598"": 5.166479873657259, ""task442"": 0.0034741931863029644}",task1342,continuous_primal_dual_psd,6,2.510926198960318,2.5109261989603167,1.3322676295501878e-15,"[0.0, 3.330669073875468e-16, 0.9999999999999996]",primal=Optimization terminated successfully; dual=outer=Optimization terminated successfully; inner=Optimization terminated successfully,1,-125.58299779696429,139.66467928664758,,mistral7b_10x_licenseclean_contcert_20260504_ties_20260504_licenseclean,mistral7b_10x_licenseclean_contcert_20260504
ties,triple,task1342+task442+task620,-0.01596764609477935,0.3080698259559779,0,"[0.2, 0.2, 0.6]","[0.6, 0.2, 0.2]",0.1253046806818895,"{""task1342"": -0.3080698259559779, ""task442"": 0.6369703542706162, ""task620"": -0.28320803550196283}",task1342,continuous_primal_dual_psd,6,-0.01596764609477935,-0.01596764609477935,0.0,"[0.0, 0.0, 1.0]",primal=Optimization terminated successfully; dual=outer=Optimization terminated successfully; inner=Optimization terminated successfully,1,-5.7018294574043065,5.7018294574043065,,mistral7b_10x_licenseclean_contcert_20260504_ties_20260504_licenseclean,mistral7b_10x_licenseclean_contcert_20260504
ties,triple,task1342+task620+task039,-0.38168772905293813,0.2250149084921543,0,"[0.2, 0.39181974349978876, 0.4081802565002113]","[0.2, 0.2, 0.6]",0.20772711666041274,"{""task039"": 0.37097906039729955, ""task1342"": -0.2250149084921543, ""task620"": -0.20374761095306645}",task1342,continuous_primal_dual_psd,6,-0.38168772905293813,-0.38168772905293813,0.0,"[0.0, 1.0, 0.0]",primal=Optimization terminated successfully; dual=outer=Optimization terminated successfully; inner=Optimization terminated successfully,1,-2.144541610643351,2.144541610643351,,mistral7b_10x_licenseclean_contcert_20260504_ties_20260504_licenseclean,mistral7b_10x_licenseclean_contcert_20260504
ties,triple,task1342+task620+task1598,0.030142899645817206,0.3269794278753201,0,"[0.33997358460105, 0.20000000000000526, 0.46002641539894473]","[0.4, 0.4, 0.2]",0.06079688415171475,"{""task1342"": -0.3269794278753201, ""task1598"": 7.195708084106478, ""task620"": -0.2585771031476931}",task1342,continuous_primal_dual_psd,6,0.030142899645817206,0.030142899645817206,0.0,"[0.0, 1.0, 0.0]",primal=Optimization terminated successfully; dual=outer=Optimization terminated successfully; inner=Optimization terminated successfully,1,-4.071262685031593,4.071262685031593,,mistral7b_10x_licenseclean_contcert_20260504_ties_20260504_licenseclean,mistral7b_10x_licenseclean_contcert_20260504
ties,triple,task1391+task1342+task039,-0.7668467868906783,0.001093608322819342,0,"[0.4716109612860923, 0.2, 0.3283890387139077]","[0.6, 0.2, 0.2]",0.039808065786578424,"{""task039"": 1.214828525054481, ""task1342"": -0.001093608322819342, ""task1391"": 0.8760091840509178}",task1342,continuous_primal_dual_psd,6,-0.7668467868906783,-0.7668467868906783,0.0,"[1.0, 0.0, 0.0]",primal=Optimization terminated successfully; dual=outer=Optimization terminated successfully; inner=Optimization terminated successfully,1,-19.046457465589395,19.046457465589395,,mistral7b_10x_licenseclean_contcert_20260504_ties_20260504_licenseclean,mistral7b_10x_licenseclean_contcert_20260504
ties,triple,task1391+task1342+task1598,-0.8472645034308888,0.05166874127680552,0,"[0.44123273005770003, 0.2, 0.3587672699422999]","[0.4, 0.2, 0.4]",0.0,"{""task1342"": -0.05166874127680552, ""task1391"": 0.6021620604142437, ""task1598"": 14.620622920990023}",task1342,continuous_primal_dual_psd,6,-0.8472645034308888,-0.8472645034308888,0.0,"[1.0, 0.0, 0.0]",primal=Optimization terminated successfully; dual=outer=Optimization terminated successfully; inner=Optimization terminated successfully,1,-3.602313951435411,3.602313951435411,,mistral7b_10x_licenseclean_contcert_20260504_ties_20260504_licenseclean,mistral7b_10x_licenseclean_contcert_20260504
ties,triple,task1391+task1342+task442,-0.5043694762966623,-0.1798529666570635,1,"[0.35080731561066336, 0.2, 0.44919268438933657]","[0.6, 0.2, 0.2]",0.18094657497988284,"{""task1342"": 0.1798529666570635, ""task1391"": 0.914942906108618, ""task442"": 1.3555815516303868}",task1342,continuous_primal_dual_psd,6,-0.5043694762966623,-0.5043694762966962,3.3861802251067274e-14,"[0.926804718015715, 1.362289441816196e-16, 0.0731952819842849]",primal=Optimization terminated successfully; dual=outer=Optimization terminated successfully; inner=Optimization terminated successfully,1,-54.5326550952758,54.53265509527581,,mistral7b_10x_licenseclean_contcert_20260504_ties_20260504_licenseclean,mistral7b_10x_licenseclean_contcert_20260504
ties,triple,task1391+task1342+task620,0.01845025312491043,-0.07404177041746324,1,"[0.2, 0.20000000000000007, 0.5999999999999999]","[0.6, 0.2, 0.2]",0.22441642268552137,"{""task1342"": 0.2015662154965397, ""task1391"": 0.6569314851415785, ""task620"": 0.07404177041746324}",task620,continuous_primal_dual_psd,6,0.01845025312491043,0.01845025312491043,0.0,"[0.0, 0.0, 1.0]",primal=Optimization terminated successfully; dual=outer=Optimization terminated successfully; inner=Optimization terminated successfully,1,-9.62172530427434,9.62172530427434,,mistral7b_10x_licenseclean_contcert_20260504_ties_20260504_licenseclean,mistral7b_10x_licenseclean_contcert_20260504
ties,triple,task1391+task1598+task039,-0.8288912562840446,-1.146313794243113,1,"[0.20000000000000104, 0.33243297130291427, 0.46756702869708466]","[0.2, 0.2, 0.6]",0.4890091249543095,"{""task039"": 1.394114703743003, ""task1391"": 1.146313794243113, ""task1598"": 19.52526264190677}",task1391,continuous_primal_dual_psd,6,-0.8288912562840446,-0.8288912562840446,0.0,"[1.0, 0.0, 0.0]",primal=Optimization terminated successfully; dual=outer=Optimization terminated successfully; inner=Optimization terminated successfully,1,-14.77515690724823,14.77515690724823,,mistral7b_10x_licenseclean_contcert_20260504_ties_20260504_licenseclean,mistral7b_10x_licenseclean_contcert_20260504
ties,triple,task1391+task442+task039,-0.36854609315713527,-1.3961293909328274,1,"[0.2000000000000004, 0.2, 0.5999999999999996]","[0.4, 0.2, 0.4]",0.10283247862125422,"{""task039"": 2.0812854713842976, ""task1391"": 1.3961293909328274, ""task442"": 1.968980074373065}",task1391,continuous_primal_dual_psd,6,-0.36854609315713527,-0.36854609315713527,0.0,"[1.0, 0.0, 0.0]",primal=Optimization terminated successfully; dual=outer=Optimization terminated successfully; inner=Optimization terminated successfully,1,-18.361508953917653,18.361508953917653,,mistral7b_10x_licenseclean_contcert_20260504_ties_20260504_licenseclean,mistral7b_10x_licenseclean_contcert_20260504
ties,triple,task1391+task442+task1598,0.2729535656727893,-0.8704201768958505,1,"[0.2209904932561381, 0.2000000000001352, 0.5790095067437266]","[0.6, 0.2, 0.2]",0.8599125807927264,"{""task1391"": 0.8704201768958505, ""task1598"": 13.595852184295687, ""task442"": 1.3640173993915417}",task1391,continuous_primal_dual_psd,6,0.2729535656727893,0.2729535656673609,5.428379967753472e-12,"[0.930603679452163, 0.06939632054783616, 7.571521106992192e-16]",primal=Optimization terminated successfully; dual=outer=Optimization terminated successfully; inner=Optimization terminated successfully,1,-69.30107290031711,69.3010729003171,,mistral7b_10x_licenseclean_contcert_20260504_ties_20260504_licenseclean,mistral7b_10x_licenseclean_contcert_20260504
ties,triple,task1391+task442+task620,-0.17089210994303072,-0.5273517092301808,1,"[0.2, 0.3273391874359555, 0.47266081256404446]","[0.6, 0.2, 0.2]",0.3025272625013683,"{""task1391"": 1.2592069234961538, ""task442"": 2.2533484645066073, ""task620"": 0.5273517092301808}",task620,continuous_primal_dual_psd,6,-0.17089210994303072,-0.17089211088787615,9.448454241223203e-10,"[0.9982723649330137, 0.0017276350669862442, 0.0]",primal=Positive directional derivative for linesearch; dual=outer=Optimization terminated successfully; inner=Optimization terminated successfully,1,-81.64561749462013,81.64561749462013,,mistral7b_10x_licenseclean_contcert_20260504_ties_20260504_licenseclean,mistral7b_10x_licenseclean_contcert_20260504
ties,triple,task1391+task620+task039,-0.5528002024711921,-0.37999579754218943,1,"[0.25683084276104984, 0.261318200279498, 0.48185095695945224]","[0.4, 0.2, 0.4]",0.005996680813263655,"{""task039"": 1.9511600252652823, ""task1391"": 1.178728284731842, ""task620"": 0.37999579754218943}",task620,continuous_primal_dual_psd,6,-0.5528002024711921,-0.5528002024711951,2.9976021664879227e-15,"[0.059940689198182566, 0.9400593108018175, 0.0]",primal=Optimization terminated successfully; dual=outer=Optimization terminated successfully; inner=Optimization terminated successfully,1,-3.2548948100368396,3.2548948100368396,,mistral7b_10x_licenseclean_contcert_20260504_ties_20260504_licenseclean,mistral7b_10x_licenseclean_contcert_20260504
ties,triple,task1391+task620+task1598,0.2509415768431599,-0.15189544687602435,1,"[0.2, 0.2000000000000006, 0.5999999999999994]","[0.6, 0.2, 0.2]",0.3116298616082831,"{""task1391"": 0.5628562485909819, ""task1598"": 16.578826236724886, ""task620"": 0.15189544687602435}",task620,continuous_primal_dual_psd,6,0.2509415768431599,0.2509415768431599,0.0,"[0.0, 1.0, 0.0]",primal=Optimization terminated successfully; dual=outer=Optimization terminated successfully; inner=Optimization terminated successfully,1,-6.274539532342618,6.274539532342619,,mistral7b_10x_licenseclean_contcert_20260504_ties_20260504_licenseclean,mistral7b_10x_licenseclean_contcert_20260504
ties,triple,task190+task1342+task039,-0.8401370111251619,0.2706141660970798,0,"[0.3400732640226869, 0.2, 0.45992673597731315]","[0.2, 0.2, 0.6]",0.06459708803398179,"{""task039"": 0.4004233015046476, ""task1342"": -0.2706141660970798, ""task190"": 9.285804557800326}",task1342,continuous_primal_dual_psd,6,-0.8401370111251619,-0.8401370111251619,0.0,"[0.0, 1.0, 0.0]",primal=Optimization terminated successfully; dual=outer=Optimization terminated successfully; inner=Optimization terminated successfully,1,-44.194241366476305,44.19424136647631,,mistral7b_10x_licenseclean_contcert_20260504_ties_20260504_licenseclean,mistral7b_10x_licenseclean_contcert_20260504
ties,triple,task190+task1342+task1598,2.9407290001056605,0.24075785100862274,0,"[0.2, 0.2, 0.6]","[0.2, 0.6, 0.2]",3.537559791203259,"{""task1342"": -0.24075785100862274, ""task1598"": 6.302854347229037, ""task190"": 8.46397571563724}",task1342,continuous_primal_dual_psd,6,2.9407290001056605,2.9407290001056543,6.217248937900877e-15,"[0.9999999999999978, 2.2759572004815658e-15, 0.0]",primal=Optimization terminated successfully; dual=outer=Optimization terminated successfully; inner=Optimization terminated successfully,1,-151.66129128026185,151.66129128026185,,mistral7b_10x_licenseclean_contcert_20260504_ties_20260504_licenseclean,mistral7b_10x_licenseclean_contcert_20260504
ties,triple,task190+task1342+task442,0.9242982387548189,0.3561107809923908,0,"[0.20000000000000415, 0.20000000000000745, 0.5999999999999884]","[0.2, 0.6, 0.2]",0.17018003930952152,"{""task1342"": -0.3561107809923908, ""task190"": 7.794329452514681, ""task442"": 0.33870985610807713}",task1342,continuous_primal_dual_psd,6,0.9242982387548189,0.9242982387548186,2.220446049250313e-16,"[0.9999999999999998, 2.0122792321330957e-16, 0.0]",primal=Optimization terminated successfully; dual=outer=Optimization terminated successfully; inner=Optimization terminated successfully,1,-194.06329956190137,196.6671904115823,,mistral7b_10x_licenseclean_contcert_20260504_ties_20260504_licenseclean,mistral7b_10x_licenseclean_contcert_20260504
ties,triple,task190+task1342+task620,-0.16825435009113066,0.1453084224210974,0,"[0.20000000000000004, 0.200000000000001, 0.599999999999999]","[0.2, 0.6, 0.2]",0.23170188543262263,"{""task1342"": -0.1453084224210974, ""task190"": 10.959908294677767, ""task620"": -0.0246939692214022}",task1342,continuous_primal_dual_psd,6,-0.16825435009113066,-0.16825435009113066,0.0,"[0.0, 0.0, 1.0]",primal=Optimization terminated successfully; dual=outer=Optimization terminated successfully; inner=Optimization terminated successfully,1,-6.617131703392015,6.617131703392016,,mistral7b_10x_licenseclean_contcert_20260504_ties_20260504_licenseclean,mistral7b_10x_licenseclean_contcert_20260504
ties,triple,task190+task1391+task039,-0.17096285572311054,-0.9190424598197756,1,"[0.20000000000000018, 0.20000000000000026, 0.5999999999999995]","[0.2, 0.6, 0.2]",0.12090181426592161,"{""task039"": 1.3678286223474208, ""task1391"": 0.9190424598197756, ""task190"": 14.125499057769808}",task1391,continuous_primal_dual_psd,6,-0.17096285572311054,-0.17096285572311054,0.0,"[0.0, 1.0, 0.0]",primal=Optimization terminated successfully; dual=outer=Optimization terminated successfully; inner=Optimization terminated successfully,1,-78.55634223626379,80.01234356206808,,mistral7b_10x_licenseclean_contcert_20260504_ties_20260504_licenseclean,mistral7b_10x_licenseclean_contcert_20260504
ties,triple,task190+task1391+task1342,-0.13422541666245713,0.06487803737274711,0,"[0.2, 0.2, 0.6]","[0.4, 0.4, 0.2]",0.08549661489531102,"{""task1342"": -0.06487803737274711, ""task1391"": 0.4929963951067991, ""task190"": 10.022398757934603}",task1342,continuous_primal_dual_psd,6,-0.13422541666245713,-0.13422541666245713,0.0,"[0.0, 1.0, 0.0]",primal=Optimization terminated successfully; dual=outer=Optimization terminated successfully; inner=Optimization terminated successfully,1,-17.44300877249418,17.443008772494178,,mistral7b_10x_licenseclean_contcert_20260504_ties_20260504_licenseclean,mistral7b_10x_licenseclean_contcert_20260504
ties,triple,task190+task1391+task1598,-0.23842018285753963,0.12268850176961678,0,"[0.43596585709496605, 0.2, 0.364034142905034]","[0.2, 0.6, 0.2]",4.142646771973026,"{""task1391"": -0.12268850176961678, ""task1598"": 7.617768573761019, ""task190"": 6.8385689735412925}",task1391,continuous_primal_dual_psd,6,-0.23842018285753963,-0.23842018285753963,0.0,"[0.0, 1.0, 0.0]",primal=Optimization terminated successfully; dual=outer=Optimization terminated successfully; inner=Optimization terminated successfully,1,-22.523453246492018,22.523453246492014,,mistral7b_10x_licenseclean_contcert_20260504_ties_20260504_licenseclean,mistral7b_10x_licenseclean_contcert_20260504
ties,triple,task190+task1391+task442,0.07534973710207754,-0.677610921053494,1,"[0.20000000000000198, 0.4371773898649468, 0.36282261013505124]","[0.2, 0.6, 0.2]",0.3725800485467706,"{""task1391"": 0.677610921053494, ""task190"": 11.028894710540804, ""task442"": 1.0258065221479225}",task1391,continuous_primal_dual_psd,6,0.07534973710207754,0.07534973710207754,0.0,"[0.0, 1.0, 0.0]",primal=Optimization terminated successfully; dual=outer=Optimization terminated successfully; inner=Optimization terminated successfully,1,-104.49785908186757,104.90947342346526,,mistral7b_10x_licenseclean_contcert_20260504_ties_20260504_licenseclean,mistral7b_10x_licenseclean_contcert_20260504
ties,triple,task190+task1391+task620,-0.0817499061806216,0.039901456139050384,0,"[0.2, 0.24384542333360926, 0.5561545766663907]","[0.2, 0.6, 0.2]",0.3506101742258481,"{""task1391"": 0.29459922649103865, ""task190"": 9.352764415741, ""task620"": -0.039901456139050384}",task620,continuous_primal_dual_psd,6,-0.0817499061806216,-0.0817499061928309,1.2209303013044348e-11,"[0.0, 0.337047652769459, 0.662952347230541]",primal=Optimization terminated successfully; dual=outer=Optimization terminated successfully; inner=Optimization terminated successfully,1,-7.167733904250295,7.167733904250294,,mistral7b_10x_licenseclean_contcert_20260504_ties_20260504_licenseclean,mistral7b_10x_licenseclean_contcert_20260504
ties,triple,task190+task1598+task039,-5.7828204889066095,-0.7963221724432465,1,"[0.2, 0.2, 0.6]","[0.2, 0.2, 0.6]",0.0,"{""task039"": 0.7963221724432465, ""task1598"": 11.091825294494662, ""task190"": 10.069081115722689}",task039,continuous_primal_dual_psd,6,-5.7828204889066095,-5.7828204889066095,0.0,"[1.4707785128009545e-16, 0.0, 0.9999999999999999]",primal=Optimization terminated successfully; dual=outer=Optimization terminated successfully; inner=Optimization terminated successfully,1,-115.4012755788742,115.40127557887419,,mistral7b_10x_licenseclean_contcert_20260504_ties_20260504_licenseclean,mistral7b_10x_licenseclean_contcert_20260504
ties,triple,task190+task290+task039,-1.2478245794243228,0.07003359090673728,0,"[0.2708515979291916, 0.3135573098101482, 0.41559109226066027]","[0.2, 0.4, 0.4]",0.0,"{""task039"": 0.9027915352053777, ""task190"": 9.75656204223636, ""task290"": -0.07003359090673728}",task290,continuous_primal_dual_psd,6,-1.2478245794243228,-1.2478245794250722,7.494005416219807e-13,"[0.037666776350806445, 0.96233322364912, 7.356917030058256e-14]",primal=Optimization terminated successfully; dual=outer=Optimization terminated successfully; inner=Optimization terminated successfully,1,-173.397944552674,173.39794455267403,,mistral7b_10x_licenseclean_contcert_20260504_ties_20260504_licenseclean,mistral7b_10x_licenseclean_contcert_20260504
ties,triple,task190+task290+task1342,-0.6529240223450936,0.23578197565956205,0,"[0.20666086419226043, 0.29580842222316983, 0.4975307135845697]","[0.4, 0.2, 0.4]",0.0456885491087326,"{""task1342"": -0.23578197565956205, ""task190"": 7.794329452514681, ""task290"": -0.2131657812580835}",task1342,continuous_primal_dual_psd,6,-0.6529240223450936,-0.6529240223451058,1.2212453270876722e-14,"[0.011836830053801031, 0.300554528662101, 0.687608641284098]",primal=Optimization terminated successfully; dual=outer=Optimization terminated successfully; inner=Optimization terminated successfully,1,-144.5483213089392,144.5483213089392,,mistral7b_10x_licenseclean_contcert_20260504_ties_20260504_licenseclean,mistral7b_10x_licenseclean_contcert_20260504
ties,triple,task190+task290+task1391,0.1476215496831697,-0.07621891008503533,1,"[0.2, 0.2, 0.6]","[0.2, 0.2, 0.6]",0.0,"{""task1391"": 0.5630422934737628, ""task190"": 13.4132473945618, ""task290"": 0.07621891008503533}",task290,continuous_primal_dual_psd,6,0.1476215496831697,0.1476215496831697,0.0,"[0.0, 0.0, 1.0]",primal=Optimization terminated successfully; dual=outer=Optimization terminated successfully; inner=Optimization terminated successfully,1,-116.59880013972983,116.59880013972985,,mistral7b_10x_licenseclean_contcert_20260504_ties_20260504_licenseclean,mistral7b_10x_licenseclean_contcert_20260504
ties,triple,task190+task290+task1598,-0.8129712943075118,0.5587025889576885,0,"[0.4091090301498721, 0.2, 0.39089096985012795]","[0.2, 0.6, 0.2]",2.97812087448222,"{""task1598"": 3.447720336914095, ""task190"": 2.3133962631225913, ""task290"": -0.5587025889576885}",task290,continuous_primal_dual_psd,6,-0.8129712943075118,-0.8129712943075118,0.0,"[0.0, 1.0, 0.0]",primal=Optimization terminated successfully; dual=outer=Optimization terminated successfully; inner=Optimization terminated successfully,1,-66.66346606033203,66.66346606033203,,mistral7b_10x_licenseclean_contcert_20260504_ties_20260504_licenseclean,mistral7b_10x_licenseclean_contcert_20260504
ties,triple,task190+task290+task442,-0.7114394549052355,0.2344522396812513,0,"[0.2000000000000014, 0.20000000000000023, 0.5999999999999983]","[0.2, 0.4, 0.4]",0.11597379133104505,"{""task190"": 7.567045021057162, ""task290"": -0.2344522396812513, ""task442"": 0.36823750985785303}",task290,continuous_primal_dual_psd,6,-0.7114394549052355,-0.7114394549052355,0.0,"[0.0, 1.0, 0.0]",primal=Optimization terminated successfully; dual=outer=Optimization terminated successfully; inner=Optimization terminated successfully,1,-45.70330206771516,45.70330206771516,,mistral7b_10x_licenseclean_contcert_20260504_ties_20260504_licenseclean,mistral7b_10x_licenseclean_contcert_20260504
ties,triple,task190+task290+task620,-0.02007829100749973,0.3783185573589511,0,"[0.2, 0.2, 0.6]","[0.4, 0.4, 0.2]",0.11339303827905056,"{""task190"": 6.414458084106478, ""task290"": -0.3783185573589511, ""task620"": -0.26457504218185757}",task290,continuous_primal_dual_psd,6,-0.02007829100749973,-0.02007829100749973,0.0,"[0.0, 0.0, 1.0]",primal=Optimization terminated successfully; dual=outer=Optimization terminated successfully; inner=Optimization terminated successfully,1,-7.216021304639337,7.216021304639337,,mistral7b_10x_licenseclean_contcert_20260504_ties_20260504_licenseclean,mistral7b_10x_licenseclean_contcert_20260504
ties,triple,task190+task391+task039,0.013876801493627466,0.07173466720083163,0,"[0.20000000000000007, 0.4671643473411826, 0.3328356526588173]","[0.2, 0.6, 0.2]",0.008429169369467443,"{""task039"": 1.607312877106667, ""task190"": 14.72615890502933, ""task391"": -0.07173466720083163}",task391,continuous_primal_dual_psd,6,0.013876801493627466,0.013876801493627466,0.0,"[0.0, 1.0, 0.0]",primal=Optimization terminated successfully; dual=outer=Optimization terminated successfully; inner=Optimization terminated successfully,1,-79.22419395564586,79.33069853784623,,mistral7b_10x_licenseclean_contcert_20260504_ties_20260504_licenseclean,mistral7b_10x_licenseclean_contcert_20260504
ties,triple,task190+task391+task1342,0.049300910033940326,0.09846540400142338,0,"[0.2000000000000001, 0.5113242829542118, 0.2886757170457881]","[0.2, 0.4, 0.4]",0.02430200820699692,"{""task1342"": 0.11299329569625502, ""task190"": 15.616974163055453, ""task391"": -0.09846540400142338}",task391,continuous_primal_dual_psd,6,0.049300910033940326,0.04930091003393951,8.187894806610529e-16,"[0.0, 0.9914189505912184, 0.00858104940878151]",primal=Optimization terminated successfully; dual=outer=Optimization terminated successfully; inner=Optimization terminated successfully,1,-8.491926954408788,8.491926954408788,,mistral7b_10x_licenseclean_contcert_20260504_ties_20260504_licenseclean,mistral7b_10x_licenseclean_contcert_20260504
ties,triple,task190+task391+task1391,0.0028030876223820167,-0.045064247098597944,1,"[0.2, 0.33593804708035435, 0.4640619529196457]","[0.2, 0.2, 0.6]",0.1185455110011055,"{""task1391"": 1.0455310924774377, ""task190"": 19.095048236846957, ""task391"": 0.045064247098597944}",task391,continuous_primal_dual_psd,6,0.0028030876223820167,0.0028030876223820167,0.0,"[0.0, 1.0, 0.0]",primal=Optimization terminated successfully; dual=outer=Optimization terminated successfully; inner=Optimization terminated successfully,1,-7.55550797041838,7.55550797041838,,mistral7b_10x_licenseclean_contcert_20260504_ties_20260504_licenseclean,mistral7b_10x_licenseclean_contcert_20260504
ties,triple,task190+task391+task1598,0.5710212766267955,0.34816270518607545,0,"[0.20000000000000093, 0.39531413090549705, 0.404685869094502]","[0.2, 0.6, 0.2]",0.23693755347976492,"{""task1598"": 7.453414726257357, ""task190"": 9.951373863220248, ""task391"": -0.34816270518607545}",task391,continuous_primal_dual_psd,6,0.5710212766267955,0.5710212766267955,0.0,"[0.0, 1.0, 0.0]",primal=Optimization terminated successfully; dual=outer=Optimization terminated successfully; inner=Optimization terminated successfully,1,-173.5609576031573,173.5609576031573,,mistral7b_10x_licenseclean_contcert_20260504_ties_20260504_licenseclean,mistral7b_10x_licenseclean_contcert_20260504
ties,triple,task190+task391+task290,0.07743495425021996,0.09846540400142338,0,"[0.36678179323726445, 0.2, 0.4332182067627355]","[0.2, 0.2, 0.6]",0.12689928449762705,"{""task190"": 16.398224163055453, ""task290"": 0.010708017834660178, ""task391"": -0.09846540400142338}",task391,continuous_primal_dual_psd,6,0.07743495425021996,0.07743495425019689,2.3064883336587627e-14,"[0.006987641160947658, 0.9930123588390495, 2.9050367119460782e-15]",primal=Optimization terminated successfully; dual=outer=Optimization terminated successfully; inner=Optimization terminated successfully,1,-152.69848584000505,152.69848584000508,,mistral7b_10x_licenseclean_contcert_20260504_ties_20260504_licenseclean,mistral7b_10x_licenseclean_contcert_20260504
ties,triple,task190+task391+task442,0.11508593486718488,0.34223810641257446,0,"[0.2, 0.6000000000000022, 0.19999999999999774]","[0.2, 0.6, 0.2]",0.0,"{""task190"": 11.913654136657748, ""task391"": -0.34223810641257446, ""task442"": 0.7034731727796272}",task391,continuous_primal_dual_psd,6,0.11508593486718488,0.11508593486718488,0.0,"[0.0, 1.0, 0.0]",primal=Optimization terminated successfully; dual=outer=Optimization terminated successfully; inner=Optimization terminated successfully,1,-12.514390629234223,12.514390629234223,,mistral7b_10x_licenseclean_contcert_20260504_ties_20260504_licenseclean,mistral7b_10x_licenseclean_contcert_20260504
ties,triple,task190+task391+task620,0.20701069803862424,0.24131203095067438,0,"[0.2, 0.3000000001319232, 0.49999999986807686]","[0.2, 0.6, 0.2]",0.1567440046897125,"{""task190"": 11.670133399963412, ""task391"": -0.24131203095067438, ""task620"": -0.04718340960249215}",task391,continuous_primal_dual_psd,6,0.20701069803862424,0.20701069803862424,0.0,"[0.0, 1.0, 0.0]",primal=Optimization terminated successfully; dual=outer=Optimization terminated successfully; inner=Optimization terminated successfully,1,-1.9809007622796155,1.9809007622796155,,mistral7b_10x_licenseclean_contcert_20260504_ties_20260504_licenseclean,mistral7b_10x_licenseclean_contcert_20260504
ties,triple,task190+task442+task039,-4.520292720127257,-0.6322575331522797,1,"[0.2, 0.2, 0.6]","[0.2, 0.4, 0.4]",0.17692102489646522,"{""task039"": 1.035282898526557, ""task190"": 10.665675926208529, ""task442"": 0.6322575331522797}",task442,continuous_primal_dual_psd,6,-4.520292720127257,-4.520292720127257,0.0,"[0.0, 1.0, 0.0]",primal=Optimization terminated successfully; dual=outer=Optimization terminated successfully; inner=Optimization terminated successfully,1,-39.580631696285664,39.580631696285664,,mistral7b_10x_licenseclean_contcert_20260504_ties_20260504_licenseclean,mistral7b_10x_licenseclean_contcert_20260504
ties,triple,task190+task442+task1598,0.5428960302730235,0.9024822121250595,0,"[0.4180903500544603, 0.38190964994553406, 0.20000000000000562]","[0.6, 0.2, 0.2]",1.5670008773219293,"{""task1598"": -0.8643776893615396, ""task190"": -0.08312768936153958, ""task442"": -0.9024822121250595}",task442,continuous_primal_dual_psd,6,0.5428960302730235,0.5428960302730235,0.0,"[0.0, 1.0, 0.0]",primal=Optimization terminated successfully; dual=outer=Optimization terminated successfully; inner=Optimization terminated successfully,1,-32.83072769540611,32.83072769540612,,mistral7b_10x_licenseclean_contcert_20260504_ties_20260504_licenseclean,mistral7b_10x_licenseclean_contcert_20260504
ties,triple,task190+task442+task620,0.23683952439492506,0.35206669074062846,0,"[0.2, 0.2, 0.6]","[0.2, 0.6, 0.2]",0.09520202623893864,"{""task190"": 6.136462020874056, ""task442"": -0.09851108088764153, ""task620"": -0.35206669074062846}",task620,continuous_primal_dual_psd,6,0.23683952439492506,0.23683952439492506,0.0,"[0.0, 0.0, 1.0]",primal=Optimization terminated successfully; dual=outer=Optimization terminated successfully; inner=Optimization terminated successfully,1,-96.59073019903929,96.59073019903929,,mistral7b_10x_licenseclean_contcert_20260504_ties_20260504_licenseclean,mistral7b_10x_licenseclean_contcert_20260504
ties,triple,task190+task620+task039,-0.3508743738840006,-0.095352886924944,1,"[0.20000000000000162, 0.2, 0.5999999999999983]","[0.2, 0.2, 0.6]",0.0,"{""task039"": 1.1052102685748484, ""task190"": 14.612504768371615, ""task620"": 0.095352886924944}",task620,continuous_primal_dual_psd,6,-0.3508743738840006,-0.3508743738840006,0.0,"[0.0, 1.0, 0.0]",primal=Optimization terminated successfully; dual=outer=Optimization terminated successfully; inner=Optimization terminated successfully,1,-27.88438075346091,27.88438075346091,,mistral7b_10x_licenseclean_contcert_20260504_ties_20260504_licenseclean,mistral7b_10x_licenseclean_contcert_20260504
ties,triple,task190+task620+task1598,5.12862806350106,1.947954368591276,0,"[0.20000000000001117, 0.26312108020177033, 0.5368789197982184]","[0.2, 0.6, 0.2]",4.399359226226807,"{""task1598"": -0.5680830001830728, ""task190"": -1.947954368591276, ""task620"": -0.8318263202197376}",task190,continuous_primal_dual_psd,6,5.12862806350106,5.12862806350106,0.0,"[1.0, 0.0, 0.0]",primal=Optimization terminated successfully; dual=outer=Optimization terminated successfully; inner=Optimization terminated successfully,1,-153.5288545970352,153.52885459703523,,mistral7b_10x_licenseclean_contcert_20260504_ties_20260504_licenseclean,mistral7b_10x_licenseclean_contcert_20260504
ties,triple,task280+task1342+task039,5.908343267440781,0.4436892698187284,0,"[0.2, 0.2, 0.6]","[0.2, 0.2, 0.6]",0.0,"{""task039"": -0.18685541496982686, ""task1342"": -0.4436892698187284, ""task280"": 2.903899478912386}",task1342,continuous_primal_dual_psd,6,5.908343267440781,5.908343267440781,0.0,"[1.0, 0.0, 0.0]",primal=Optimization terminated successfully; dual=outer=Optimization terminated successfully; inner=Optimization terminated successfully,1,-271.28570254429616,273.02830368754934,,mistral7b_10x_licenseclean_contcert_20260504_ties_20260504_licenseclean,mistral7b_10x_licenseclean_contcert_20260504
ties,triple,task280+task1342+task1598,-0.1175594415272474,0.7417076362306663,0,"[0.2000000000000057, 0.4021247489045774, 0.3978752510954169]","[0.2, 0.2, 0.6]",0.6685174690549456,"{""task1342"": -0.7417076362306663, ""task1598"": -0.2738506317138345, ""task280"": -0.2738506317138345}",task1342,continuous_primal_dual_psd,6,-0.1175594415272474,-0.1175594415272474,0.0,"[0.0, 1.0, 0.0]",primal=Optimization terminated successfully; dual=outer=Optimization terminated successfully; inner=Optimization terminated successfully,1,-69.49977653057952,69.49977653057952,,mistral7b_10x_licenseclean_contcert_20260504_ties_20260504_licenseclean,mistral7b_10x_licenseclean_contcert_20260504
ties,triple,task280+task1342+task442,0.46932258520787873,0.550718956054762,0,"[0.2616080613472982, 0.2, 0.5383919386527019]","[0.2, 0.6, 0.2]",0.06885065889688857,"{""task1342"": -0.550718956054762, ""task280"": 4.322323131561312, ""task442"": -0.042430987709934795}",task1342,continuous_primal_dual_psd,6,0.46932258520787873,0.46932258520787873,0.0,"[0.0, 1.0, 0.0]",primal=Optimization terminated successfully; dual=outer=Optimization terminated successfully; inner=Optimization terminated successfully,1,-34.23754799876261,34.23754799876261,,mistral7b_10x_licenseclean_contcert_20260504_ties_20260504_licenseclean,mistral7b_10x_licenseclean_contcert_20260504
ties,triple,task280+task1342+task620,0.7103458354556451,0.6560924943348623,0,"[0.2, 0.2, 0.6]","[0.2, 0.6, 0.2]",0.10476384798077887,"{""task1342"": -0.6520488679644415, ""task280"": 0.9132473945618003, ""task620"": -0.6560924943348623}",task620,continuous_primal_dual_psd,6,0.7103458354556451,0.7103458354556451,0.0,"[0.0, 1.0, 0.0]",primal=Optimization terminated successfully; dual=outer=Optimization terminated successfully; inner=Optimization terminated successfully,1,-108.21422411868039,108.2142241186804,,mistral7b_10x_licenseclean_contcert_20260504_ties_20260504_licenseclean,mistral7b_10x_licenseclean_contcert_20260504
ties,triple,task280+task1391+task039,0.3926900787746989,-1.0846530481812455,1,"[0.2, 0.2, 0.6]","[0.2, 0.6, 0.2]",0.3010446967358973,"{""task039"": 1.849950658580547, ""task1391"": 1.0846530481812455, ""task280"": 18.271192836761507}",task1391,continuous_primal_dual_psd,6,0.3926900787746989,0.3926900787746989,0.0,"[0.0, 1.0, 0.0]",primal=Optimization terminated successfully; dual=outer=Optimization terminated successfully; inner=Optimization terminated successfully,1,-103.21875992036293,103.21875992036294,,mistral7b_10x_licenseclean_contcert_20260504_ties_20260504_licenseclean,mistral7b_10x_licenseclean_contcert_20260504
ties,triple,task280+task1391+task1342,-0.18951645843549358,-0.07852305474738398,1,"[0.20000000000000084, 0.3664054483086052, 0.43359455169139394]","[0.2, 0.4, 0.4]",0.0,"{""task1342"": 0.07852305474738398, ""task1391"": 0.8536531554306485, ""task280"": 15.982231426239046}",task1342,continuous_primal_dual_psd,6,-0.18951645843549358,-0.18951645843549358,0.0,"[0.0, 1.0, 0.0]",primal=Optimization terminated successfully; dual=outer=Optimization terminated successfully; inner=Optimization terminated successfully,1,-31.250119217816366,31.250119217816366,,mistral7b_10x_licenseclean_contcert_20260504_ties_20260504_licenseclean,mistral7b_10x_licenseclean_contcert_20260504
ties,triple,task280+task1391+task1598,0.39353355848213356,-0.6958652071992787,1,"[0.4058756087441148, 0.2, 0.39412439125588516]","[0.2, 0.6, 0.2]",0.8226510739167263,"{""task1391"": 0.6958652071992787, ""task1598"": 15.511462020874056, ""task280"": 11.339363384246859}",task1391,continuous_primal_dual_psd,6,0.39353355848213356,0.39353355848213356,0.0,"[0.0, 1.0, 0.0]",primal=Optimization terminated successfully; dual=outer=Optimization terminated successfully; inner=Optimization terminated successfully,1,-32.09084648491775,32.090846484917755,,mistral7b_10x_licenseclean_contcert_20260504_ties_20260504_licenseclean,mistral7b_10x_licenseclean_contcert_20260504
ties,triple,task280+task1391+task442,0.5951599760443393,-1.0844648145351379,1,"[0.20000000000000004, 0.20000000000000004, 0.5999999999999999]","[0.2, 0.6, 0.2]",1.0685553505413907,"{""task1391"": 1.0844648145351379, ""task280"": 17.95869760513309, ""task442"": 1.5816366156900603}",task1391,continuous_primal_dual_psd,6,0.5951599760443393,0.5951599760443393,0.0,"[0.0, 1.0, 0.0]",primal=Optimization terminated successfully; dual=outer=Optimization terminated successfully; inner=Optimization terminated successfully,1,-18.54716339128452,18.547163391284524,,mistral7b_10x_licenseclean_contcert_20260504_ties_20260504_licenseclean,mistral7b_10x_licenseclean_contcert_20260504
ties,triple,task280+task1391+task620,0.26676073090803226,-0.20597629763466865,1,"[0.2, 0.2, 0.6]","[0.2, 0.6, 0.2]",0.4893988598002197,"{""task1391"": 0.8760091840509178, ""task280"": 16.467222499847445, ""task620"": 0.20597629763466865}",task620,continuous_primal_dual_psd,6,0.26676073090803226,0.26676073090803226,0.0,"[0.0, 0.0, 1.0]",primal=Optimization terminated successfully; dual=outer=Optimization terminated successfully; inner=Optimization terminated successfully,1,-4.554560938242605,4.554560938242607,,mistral7b_10x_licenseclean_contcert_20260504_ties_20260504_licenseclean,mistral7b_10x_licenseclean_contcert_20260504
ties,triple,task280+task1598+task039,-4.7654125826447995,-1.0702434948859478,1,"[0.251538717349437, 0.32616266112294756, 0.42229862152761544]","[0.2, 0.2, 0.6]",0.9384876970761153,"{""task039"": 1.0702434948859478, ""task1598"": 12.297174263000521, ""task280"": 11.828419494628939}",task039,continuous_primal_dual_psd,6,-4.7654125826447995,-4.76541258264482,2.042810365310288e-14,"[0.958496619689306, 2.3116524882795783e-16, 0.0415033803106938]",primal=Optimization terminated successfully; dual=outer=Optimization terminated successfully; inner=Optimization terminated successfully,1,-37.764051748046455,37.76405174804645,,mistral7b_10x_licenseclean_contcert_20260504_ties_20260504_licenseclean,mistral7b_10x_licenseclean_contcert_20260504
ties,triple,task280+task190+task039,-0.5179672718048209,-0.21456598855032435,1,"[0.2, 0.20000000000000068, 0.5999999999999993]","[0.2, 0.2, 0.6]",0.0,"{""task039"": 0.21456598855032435, ""task190"": 6.359669494628939, ""task280"": 5.223295021057162}",task039,continuous_primal_dual_psd,6,-0.5179672718048209,-0.5179672718048209,0.0,"[0.0, 0.0, 1.0]",primal=Optimization terminated successfully; dual=outer=Optimization terminated successfully; inner=Optimization terminated successfully,1,-109.67224598294285,125.10787953239449,,mistral7b_10x_licenseclean_contcert_20260504_ties_20260504_licenseclean,mistral7b_10x_licenseclean_contcert_20260504
ties,triple,task280+task190+task1342,0.001493471506719704,0.5855511464922797,0,"[0.2, 0.2, 0.6]","[0.2, 0.2, 0.6]",0.0,"{""task1342"": -0.5855511464922797, ""task190"": 1.3982146263122885, ""task280"": 1.8669693946838706}",task1342,continuous_primal_dual_psd,6,0.001493471506719704,0.001493471506719704,0.0,"[0.0, 0.0, 1.0]",primal=Optimization terminated successfully; dual=outer=Optimization terminated successfully; inner=Optimization terminated successfully,1,-36.38552892436279,36.38552892436278,,mistral7b_10x_licenseclean_contcert_20260504_ties_20260504_licenseclean,mistral7b_10x_licenseclean_contcert_20260504
ties,triple,task280+task190+task1391,-0.13510645303423208,-0.5358447203745396,1,"[0.20000000000000037, 0.2635562764580371, 0.5364437235419626]","[0.2, 0.2, 0.6]",0.0,"{""task1391"": 0.5358447203745396, ""task190"": 11.625489521026644, ""task280"": 12.761863994598421}",task1391,continuous_primal_dual_psd,6,-0.13510645303423208,-0.13510645303423208,0.0,"[0.0, 0.0, 1.0]",primal=Optimization terminated successfully; dual=outer=Optimization terminated successfully; inner=Optimization terminated successfully,1,-102.06171652457392,102.08348020912713,,mistral7b_10x_licenseclean_contcert_20260504_ties_20260504_licenseclean,mistral7b_10x_licenseclean_contcert_20260504
ties,triple,task280+task190+task1598,6.3032154643949045,6.124094200134245,0,"[0.2014196510655922, 0.2, 0.5985803489344078]","[0.2, 0.6, 0.2]",5.255675315856934,"{""task1598"": -5.342844200134245, ""task190"": -6.124094200134245, ""task280"": -6.124094200134245}",task190+task280,continuous_primal_dual_psd,6,6.3032154643949045,6.303215464394827,7.72715225139109e-14,"[0.5531325543866067, 3.181098585973023e-15, 0.4468674456133901]",primal=Optimization terminated successfully; dual=outer=Optimization terminated successfully; inner=Optimization terminated successfully,1,-96.95529937744152,115.35427985015797,,mistral7b_10x_licenseclean_contcert_20260504_ties_20260504_licenseclean,mistral7b_10x_licenseclean_contcert_20260504
ties,triple,task280+task190+task290,-0.8012847467801629,0.3996055547889664,0,"[0.2, 0.46206501463384125, 0.33793498536615874]","[0.2, 0.2, 0.6]",0.1835032642254687,"{""task190"": 5.2760689735412925, ""task280"": 7.19366960525516, ""task290"": -0.3996055547889664}",task290,continuous_primal_dual_psd,6,-0.8012847467801629,-0.8012847467801629,0.0,"[0.0, 0.0, 1.0]",primal=Optimization terminated successfully; dual=outer=Optimization terminated successfully; inner=Optimization terminated successfully,1,-42.34445214161212,42.344452141612116,,mistral7b_10x_licenseclean_contcert_20260504_ties_20260504_licenseclean,mistral7b_10x_licenseclean_contcert_20260504
ties,triple,task280+task190+task391,0.39856323122835924,0.5342200899218463,0,"[0.2, 0.2, 0.6]","[0.2, 0.2, 0.6]",0.0,"{""task190"": 2.5934188842773764, ""task280"": 8.388873863220248, ""task391"": -0.5342200899218463}",task391,continuous_primal_dual_psd,6,0.39856323122835924,0.39856323122835924,0.0,"[0.0, 0.0, 1.0]",primal=Optimization terminated successfully; dual=outer=Optimization terminated successfully; inner=Optimization terminated successfully,1,-84.78190211647924,97.14725509532595,,mistral7b_10x_licenseclean_contcert_20260504_ties_20260504_licenseclean,mistral7b_10x_licenseclean_contcert_20260504
ties,triple,task280+task190+task442,-2.742500711540644,0.12828946313489772,0,"[0.200000000000008, 0.31978043559941866, 0.48021956440057334]","[0.2, 0.2, 0.6]",0.18262947138561023,"{""task190"": 3.506562042236361, ""task280"": 3.506562042236361, ""task442"": -0.12828946313489772}",task442,continuous_primal_dual_psd,6,-2.742500711540644,-2.742500711540644,0.0,"[0.0, 0.0, 1.0]",primal=Optimization terminated successfully; dual=outer=Optimization terminated successfully; inner=Optimization terminated successfully,1,-3.2058358239116247,3.2058358239116247,,mistral7b_10x_licenseclean_contcert_20260504_ties_20260504_licenseclean,mistral7b_10x_licenseclean_contcert_20260504
ties,triple,task280+task190+task620,0.2284775119735802,1.9500047683715493,0,"[0.2, 0.2, 0.6]","[0.2, 0.2, 0.6]",0.0,"{""task190"": -0.21500892639156888, ""task280"": -1.9500047683715493, ""task620"": -0.7059966808132655}",task280,continuous_primal_dual_psd,6,0.2284775119735802,0.2284775119735802,0.0,"[0.0, 0.0, 1.0]",primal=Optimization terminated successfully; dual=outer=Optimization terminated successfully; inner=Optimization terminated successfully,1,-66.52623209522179,66.5262320952218,,mistral7b_10x_licenseclean_contcert_20260504_ties_20260504_licenseclean,mistral7b_10x_licenseclean_contcert_20260504
ties,triple,task280+task290+task039,0.20309338779883426,0.4392414233230403,0,"[0.2, 0.2, 0.6]","[0.2, 0.2, 0.6]",0.0,"{""task039"": -0.40688571477107127, ""task280"": 8.234664726257357, ""task290"": -0.4392414233230403}",task290,continuous_primal_dual_psd,6,0.20309338779883426,0.20309338779883426,0.0,"[0.0, 1.0, 0.0]",primal=Optimization terminated successfully; dual=outer=Optimization terminated successfully; inner=Optimization terminated successfully,1,-61.852681421707246,61.85268142170725,,mistral7b_10x_licenseclean_contcert_20260504_ties_20260504_licenseclean,mistral7b_10x_licenseclean_contcert_20260504
ties,triple,task280+task290+task1342,0.4839146364956183,0.38345744864342596,0,"[0.2, 0.26189511235618573, 0.5381048876438143]","[0.2, 0.2, 0.6]",0.0,"{""task1342"": -0.34805913223540297, ""task280"": 6.300803947448763, ""task290"": -0.38345744864342596}",task290,continuous_primal_dual_psd,6,0.4839146364956183,0.4839146364955319,8.637535131583718e-14,"[0.0701950306749936, 2.038215380978023e-17, 0.9298049693250064]",primal=Optimization terminated successfully; dual=outer=Optimization terminated successfully; inner=Optimization terminated successfully,1,-84.15109201757426,84.15109201757424,,mistral7b_10x_licenseclean_contcert_20260504_ties_20260504_licenseclean,mistral7b_10x_licenseclean_contcert_20260504
ties,triple,task280+task290+task1391,-0.37834157631482845,-0.1327380901046983,1,"[0.2, 0.2, 0.6]","[0.2, 0.2, 0.6]",0.0,"{""task1391"": 0.7716861576040904, ""task280"": 16.58085279464725, ""task290"": 0.1327380901046983}",task290,continuous_primal_dual_psd,6,-0.37834157631482845,-0.37834157631482845,0.0,"[0.0, 0.0, 1.0]",primal=Optimization terminated successfully; dual=outer=Optimization terminated successfully; inner=Optimization terminated successfully,1,-29.188323095089267,29.188323095089263,,mistral7b_10x_licenseclean_contcert_20260504_ties_20260504_licenseclean,mistral7b_10x_licenseclean_contcert_20260504
ties,triple,task280+task290+task1598,1.6467788230182323,2.792111110687223,0,"[0.2, 0.2, 0.6]","[0.2, 0.6, 0.2]",6.913554668426514,"{""task1598"": -2.792111110687223, ""task280"": -1.5421063423156411, ""task290"": -0.7380759827172828}",task1598,continuous_primal_dual_psd,6,1.6467788230182323,1.6467788230182323,0.0,"[1.0, 0.0, 0.0]",primal=Optimization terminated successfully; dual=outer=Optimization terminated successfully; inner=Optimization terminated successfully,1,-92.58930798930683,92.58930798930683,,mistral7b_10x_licenseclean_contcert_20260504_ties_20260504_licenseclean,mistral7b_10x_licenseclean_contcert_20260504
ties,triple,task280+task290+task442,-0.4461026026120044,0.1881181330527607,0,"[0.2, 0.2, 0.6]","[0.2, 0.2, 0.6]",0.0,"{""task280"": 8.478161621093783, ""task290"": -0.1881181330527607, ""task442"": 0.6843653289135103}",task290,continuous_primal_dual_psd,6,-0.4461026026120044,-0.4461026026120044,0.0,"[0.0, 1.0, 0.0]",primal=Optimization terminated successfully; dual=outer=Optimization terminated successfully; inner=Optimization terminated successfully,1,-76.78990626426884,76.78990626426884,,mistral7b_10x_licenseclean_contcert_20260504_ties_20260504_licenseclean,mistral7b_10x_licenseclean_contcert_20260504
ties,triple,task280+task290+task620,1.649794425043722,0.45098584352415455,0,"[0.2, 0.2, 0.6]","[0.2, 0.6, 0.2]",0.0407257521138471,"{""task280"": 3.133198547363314, ""task290"": -0.45098584352415455, ""task620"": -0.38462126921775336}",task290,continuous_primal_dual_psd,6,1.649794425043722,1.649794425043722,0.0,"[0.0, 1.0, 0.0]",primal=Optimization terminated successfully; dual=outer=Optimization terminated successfully; inner=Optimization terminated successfully,1,-37.40644453538363,37.69360137981895,,mistral7b_10x_licenseclean_contcert_20260504_ties_20260504_licenseclean,mistral7b_10x_licenseclean_contcert_20260504
ties,triple,task280+task391+task039,0.5236781442230316,0.2631081301734277,0,"[0.2, 0.3979492212960597, 0.40205077870394024]","[0.2, 0.2, 0.6]",0.0382743356909786,"{""task039"": 0.4482667185562392, ""task280"": 9.369012641906771, ""task391"": -0.2631081301734277}",task391,continuous_primal_dual_psd,6,0.5236781442230316,0.52367814422243,6.016298570443723e-13,"[0.022490819831790066, 0.9775091801682099, 0.0]",primal=Optimization terminated successfully; dual=outer=Optimization terminated successfully; inner=Optimization terminated successfully,1,-64.62711702099072,64.62711702099072,,mistral7b_10x_licenseclean_contcert_20260504_ties_20260504_licenseclean,mistral7b_10x_licenseclean_contcert_20260504
ties,triple,task280+task391+task1342,0.18559883854216103,0.03581366423050192,0,"[0.20000000000000084, 0.3945954776136628, 0.4054045223863363]","[0.2, 0.4, 0.4]",0.0,"{""task1342"": -0.015117689391000846, ""task280"": 13.636466789245638, ""task391"": -0.03581366423050192}",task391,continuous_primal_dual_psd,6,0.18559883854216103,0.18559883854216103,0.0,"[0.0, 1.0, 0.0]",primal=Optimization terminated successfully; dual=outer=Optimization terminated successfully; inner=Optimization terminated successfully,1,-63.25653277031677,63.25653277031678,,mistral7b_10x_licenseclean_contcert_20260504_ties_20260504_licenseclean,mistral7b_10x_licenseclean_contcert_20260504
ties,triple,task280+task391+task1391,0.1268761347218677,0.0017927264842942411,0,"[0.2, 0.23970062368285197, 0.560299376317148]","[0.2, 0.4, 0.4]",0.013289303333211391,"{""task1391"": 1.0127434178414838, ""task280"": 17.956647205352816, ""task391"": -0.0017927264842942411}",task391,continuous_primal_dual_psd,6,0.1268761347218677,0.12687613472173562,1.32088784354778e-13,"[0.0, 0.9810580232380823, 0.018941976761917573]",primal=Optimization terminated successfully; dual=outer=Optimization terminated successfully; inner=Optimization terminated successfully,1,-86.36577774690826,86.36577774690826,,mistral7b_10x_licenseclean_contcert_20260504_ties_20260504_licenseclean,mistral7b_10x_licenseclean_contcert_20260504
ties,triple,task280+task391+task1598,0.4312119666435218,0.3864370408770541,0,"[0.20000000000000007, 0.5986091925291817, 0.20139080747081828]","[0.2, 0.6, 0.2]",0.0,"{""task1598"": 8.03377323150638, ""task280"": 6.653889942169222, ""task391"": -0.3864370408770541}",task391,continuous_primal_dual_psd,6,0.4312119666435218,0.4312119666435218,0.0,"[0.0, 1.0, 0.0]",primal=Optimization terminated successfully; dual=outer=Optimization terminated successfully; inner=Optimization terminated successfully,1,-30.519867849758057,30.519867849758064,,mistral7b_10x_licenseclean_contcert_20260504_ties_20260504_licenseclean,mistral7b_10x_licenseclean_contcert_20260504
ties,triple,task280+task391+task290,0.36351065765056484,0.3530223930203937,0,"[0.20000000000001164, 0.21995807929849032, 0.5800419207014981]","[0.2, 0.2, 0.6]",0.0,"{""task280"": 8.685144710540804, ""task290"": -0.2404163504493145, ""task391"": -0.3530223930203937}",task391,continuous_primal_dual_psd,6,0.36351065765056484,0.3635106576503381,2.2676305277968822e-13,"[3.3223602159341394e-14, 0.8905620521975762, 0.10943794780239058]",primal=Optimization terminated successfully; dual=outer=Optimization terminated successfully; inner=Optimization terminated successfully,1,-44.87186670303345,44.87186670303345,,mistral7b_10x_licenseclean_contcert_20260504_ties_20260504_licenseclean,mistral7b_10x_licenseclean_contcert_20260504
ties,triple,task280+task391+task442,0.5716444923152729,0.2880922702723435,0,"[0.2, 0.2, 0.6]","[0.2, 0.6, 0.2]",0.01260672531186674,"{""task280"": 10.306498336792025, ""task391"": -0.2880922702723435, ""task442"": 0.6459047435790867}",task391,continuous_primal_dual_psd,6,0.5716444923152729,0.5716444923152729,0.0,"[0.0, 1.0, 0.0]",primal=Optimization terminated successfully; dual=outer=Optimization terminated successfully; inner=Optimization terminated successfully,1,-18.45813788031016,18.45813788031016,,mistral7b_10x_licenseclean_contcert_20260504_ties_20260504_licenseclean,mistral7b_10x_licenseclean_contcert_20260504
ties,triple,task280+task391+task620,0.5481533341440215,0.2546776224156831,0,"[0.2, 0.2, 0.6]","[0.2, 0.6, 0.2]",0.2083843779751256,"{""task280"": 12.449368762970003, ""task391"": -0.2546776224156831, ""task620"": -0.006060346790846556}",task391,continuous_primal_dual_psd,6,0.5481533341440215,0.5481533341440215,0.0,"[0.0, 1.0, 0.0]",primal=Optimization terminated successfully; dual=outer=Optimization terminated successfully; inner=Optimization terminated successfully,1,-5.233807790614003,5.418066203012965,,mistral7b_10x_licenseclean_contcert_20260504_ties_20260504_licenseclean,mistral7b_10x_licenseclean_contcert_20260504
ties,triple,task280+task442+task039,1.9022150317904105,-0.23970416952744533,1,"[0.2, 0.2, 0.6]","[0.2, 0.2, 0.6]",0.0,"{""task039"": 0.24952967357447, ""task280"": 6.741163063049349, ""task442"": 0.23970416952744533}",task442,continuous_primal_dual_psd,6,1.9022150317904105,1.9022150317904105,0.0,"[0.0, 0.0, 1.0]",primal=Optimization terminated successfully; dual=outer=Optimization terminated successfully; inner=Optimization terminated successfully,1,-228.07642429705155,228.07642429705152,,mistral7b_10x_licenseclean_contcert_20260504_ties_20260504_licenseclean,mistral7b_10x_licenseclean_contcert_20260504
ties,triple,task280+task442+task1598,4.550087327862045,0.3245661449473149,0,"[0.2022347664355848, 0.2, 0.5977652335644152]","[0.2, 0.6, 0.2]",3.768297128673258,"{""task1598"": 0.8787363052368491, ""task280"": -0.014117431640592315, ""task442"": -0.3245661449473149}",task442,continuous_primal_dual_psd,6,4.550087327862045,4.550087327862045,0.0,"[1.0, 0.0, 0.0]",primal=Optimization terminated successfully; dual=outer=Optimization terminated successfully; inner=Optimization terminated successfully,1,-77.82921464933473,77.82921464933474,,mistral7b_10x_licenseclean_contcert_20260504_ties_20260504_licenseclean,mistral7b_10x_licenseclean_contcert_20260504
ties,triple,task280+task442+task620,0.12178654296899719,0.5319771809057448,0,"[0.2000000000000008, 0.4266857492913411, 0.3733142507086581]","[0.2, 0.4, 0.4]",0.0,"{""task280"": 4.401466178894076, ""task442"": -0.3679917376213781, ""task620"": -0.5319771809057448}",task620,continuous_primal_dual_psd,6,0.12178654296899719,0.12178654296897591,2.1274648709379562e-14,"[0.020899734307149604, 4.609235495195897e-15, 0.9791002656928458]",primal=Optimization terminated successfully; dual=outer=Optimization terminated successfully; inner=Optimization terminated successfully,1,-45.3329519949417,45.33295199494171,,mistral7b_10x_licenseclean_contcert_20260504_ties_20260504_licenseclean,mistral7b_10x_licenseclean_contcert_20260504
ties,triple,task280+task620+task039,0.5039214186483479,0.0930172514667729,0,"[0.20000000000067272, 0.2, 0.5999999999993273]","[0.2, 0.2, 0.6]",0.0,"{""task039"": 0.5124121081835763, ""task280"": 10.375484752655062, ""task620"": -0.0930172514667729}",task620,continuous_primal_dual_psd,6,0.5039214186483479,0.5039214186483479,0.0,"[0.0, 0.0, 1.0]",primal=Optimization terminated successfully; dual=outer=Optimization terminated successfully; inner=Optimization terminated successfully,1,-239.58373940404357,239.58373940404357,,mistral7b_10x_licenseclean_contcert_20260504_ties_20260504_licenseclean,mistral7b_10x_licenseclean_contcert_20260504
ties,triple,task280+task620+task1598,6.137752619284837,0.5104515377346758,0,"[0.2, 0.2, 0.6]","[0.2, 0.6, 0.2]",2.7483997043307213,"{""task1598"": 4.496833610534701, ""task280"": 1.755353736877474, ""task620"": -0.5104515377346758}",task620,continuous_primal_dual_psd,6,6.137752619284837,6.137752619284837,0.0,"[1.0, 0.0, 0.0]",primal=Optimization terminated successfully; dual=outer=Optimization terminated successfully; inner=Optimization terminated successfully,1,-188.4337731708665,188.4337731708665,,mistral7b_10x_licenseclean_contcert_20260504_ties_20260504_licenseclean,mistral7b_10x_licenseclean_contcert_20260504
ties,triple,task290+task1342+task039,-0.013348137556862844,0.011589080499480457,0,"[0.20000000000000082, 0.2, 0.5999999999999992]","[0.2, 0.2, 0.6]",0.0,"{""task039"": 1.1845982187670405, ""task1342"": -0.011589080499480457, ""task290"": 0.03346219190368755}",task1342,continuous_primal_dual_psd,6,-0.013348137556862844,-0.013348137556862844,0.0,"[0.0, 1.0, 0.0]",primal=Optimization terminated successfully; dual=outer=Optimization terminated successfully; inner=Optimization terminated successfully,1,-92.40559783291738,92.4055978329174,,mistral7b_10x_licenseclean_contcert_20260504_ties_20260504_licenseclean,mistral7b_10x_licenseclean_contcert_20260504
ties,triple,task290+task1342+task1598,0.969875098819144,0.14024219257413667,0,"[0.2, 0.2, 0.6]","[0.2, 0.6, 0.2]",0.2694562654350723,"{""task1342"": -0.14024219257413667, ""task1598"": 10.718437957763705, ""task290"": -0.09700872759887381}",task1342,continuous_primal_dual_psd,6,0.969875098819144,0.969875098819144,0.0,"[1.0, 0.0, 0.0]",primal=Optimization terminated successfully; dual=outer=Optimization terminated successfully; inner=Optimization terminated successfully,1,-84.21849753827944,84.21849753827944,,mistral7b_10x_licenseclean_contcert_20260504_ties_20260504_licenseclean,mistral7b_10x_licenseclean_contcert_20260504
ties,triple,task290+task1342+task442,-0.27404487219542145,0.22582969346439422,0,"[0.2635361444778747, 0.2, 0.5364638555221253]","[0.6, 0.2, 0.2]",0.13028108752799658,"{""task1342"": -0.22582969346439422, ""task290"": -0.2242677052969265, ""task442"": 0.6004951887825193}",task1342,continuous_primal_dual_psd,6,-0.27404487219542145,-0.27404487219542145,0.0,"[1.0, 0.0, 0.0]",primal=Optimization terminated successfully; dual=outer=Optimization terminated successfully; inner=Optimization terminated successfully,1,-10.754226884350576,10.754226884350576,,mistral7b_10x_licenseclean_contcert_20260504_ties_20260504_licenseclean,mistral7b_10x_licenseclean_contcert_20260504
ties,triple,task290+task1342+task620,0.3192851097403828,0.44929815815013596,0,"[0.2, 0.2, 0.6]","[0.2, 0.6, 0.2]",0.10947244666161393,"{""task1342"": -0.44929815815013596, ""task290"": -0.3943755713472568, ""task620"": -0.4092528306824735}",task1342,continuous_primal_dual_psd,6,0.3192851097403828,0.3192851097403828,0.0,"[0.0, 1.0, 0.0]",primal=Optimization terminated successfully; dual=outer=Optimization terminated successfully; inner=Optimization terminated successfully,1,-32.352408870496795,32.352408870496795,,mistral7b_10x_licenseclean_contcert_20260504_ties_20260504_licenseclean,mistral7b_10x_licenseclean_contcert_20260504
ties,triple,task290+task1391+task039,0.4782504019292615,-0.21944273160046385,1,"[0.2, 0.2, 0.6]","[0.2, 0.6, 0.2]",0.14313219035134622,"{""task039"": 2.081551096553209, ""task1391"": 1.1770516920234881, ""task290"": 0.21944273160046385}",task290,continuous_primal_dual_psd,6,0.4782504019292615,0.4782504019292615,0.0,"[0.0, 1.0, 0.0]",primal=Optimization terminated successfully; dual=outer=Optimization terminated successfully; inner=Optimization terminated successfully,1,-27.95225354862827,27.952253548628274,,mistral7b_10x_licenseclean_contcert_20260504_ties_20260504_licenseclean,mistral7b_10x_licenseclean_contcert_20260504
ties,triple,task290+task1391+task1342,-0.35613381092309904,0.23720494765165337,0,"[0.2000000000000008, 0.3122170789085174, 0.4877829210914818]","[0.2, 0.6, 0.2]",0.22469901857633198,"{""task1342"": -0.18792119812190283, ""task1391"": 0.469153101805947, ""task290"": -0.23720494765165337}",task290,continuous_primal_dual_psd,6,-0.35613381092309904,-0.35613381092575813,2.6590951662797124e-12,"[8.272393685724007e-16, 0.2851343480365197, 0.7148656519634794]",primal=Optimization terminated successfully; dual=outer=Optimization terminated successfully; inner=Optimization terminated successfully,1,-7.228836651529751,7.228836651529751,,mistral7b_10x_licenseclean_contcert_20260504_ties_20260504_licenseclean,mistral7b_10x_licenseclean_contcert_20260504
ties,triple,task290+task1391+task1598,-0.9607550631163292,0.11012977128861284,0,"[0.2254306310017692, 0.5745693689982276, 0.20000000000000318]","[0.2, 0.6, 0.2]",0.0,"{""task1391"": 0.2890091249543079, ""task1598"": 10.428246784210238, ""task290"": -0.11012977128861284}",task290,continuous_primal_dual_psd,6,-0.9607550631163292,-0.9607550631163293,1.1102230246251565e-16,"[0.03376232927935528, 0.9662376707206447, 0.0]",primal=Optimization terminated successfully; dual=outer=Optimization terminated successfully; inner=Optimization terminated successfully,1,-20.83390951241881,20.833909512418806,,mistral7b_10x_licenseclean_contcert_20260504_ties_20260504_licenseclean,mistral7b_10x_licenseclean_contcert_20260504
ties,triple,task290+task1391+task442,-1.0424436091961709,-0.20843297773255073,1,"[0.2, 0.6, 0.19999999999999996]","[0.2, 0.6, 0.2]",0.0,"{""task1391"": 1.0727308543399878, ""task290"": 0.20843297773255073, ""task442"": 1.6476423503755782}",task290,continuous_primal_dual_psd,6,-1.0424436091961709,-1.0424436091961709,0.0,"[0.0, 0.9999999999999999, 8.326672684688674e-17]",primal=Optimization terminated successfully; dual=outer=Optimization terminated successfully; inner=Optimization terminated successfully,1,-27.550285838448424,27.550285838448417,,mistral7b_10x_licenseclean_contcert_20260504_ties_20260504_licenseclean,mistral7b_10x_licenseclean_contcert_20260504
ties,triple,task290+task1391+task620,0.25788976575898054,-0.0864029054625126,1,"[0.2, 0.2, 0.6]","[0.4, 0.4, 0.2]",0.21882707797919865,"{""task1391"": 0.7923655935160059, ""task290"": 0.0864029054625126, ""task620"": 0.17074359597016822}",task290,continuous_primal_dual_psd,6,0.25788976575898054,0.25788976575898054,0.0,"[0.0, 1.0, 0.0]",primal=Optimization terminated successfully; dual=outer=Optimization terminated successfully; inner=Optimization terminated successfully,1,-13.965576328958324,13.965576328958326,,mistral7b_10x_licenseclean_contcert_20260504_ties_20260504_licenseclean,mistral7b_10x_licenseclean_contcert_20260504
ties,triple,task290+task1598+task039,-0.8482221255000123,0.004522698656362124,0,"[0.46733145955852345, 0.2, 0.33266854044147653]","[0.2, 0.2, 0.6]",0.2458949238491126,"{""task039"": 1.1454277723468802, ""task1598"": 15.462753105163607, ""task290"": -0.004522698656362124}",task290,continuous_primal_dual_psd,6,-0.8482221255000123,-0.8482221255000123,0.0,"[1.0, 0.0, 0.0]",primal=Optimization terminated successfully; dual=outer=Optimization terminated successfully; inner=Optimization terminated successfully,1,-92.84579524883833,92.84579524883833,,mistral7b_10x_licenseclean_contcert_20260504_ties_20260504_licenseclean,mistral7b_10x_licenseclean_contcert_20260504
ties,triple,task290+task442+task039,-0.9050292286188019,-0.0789705400417423,1,"[0.5221201859302237, 0.2, 0.27787981406977624]","[0.4, 0.2, 0.4]",0.11890976162961174,"{""task039"": 1.2227154305058199, ""task290"": 0.0789705400417423, ""task442"": 1.3493760213177488}",task290,continuous_primal_dual_psd,6,-0.9050292286188019,-0.9050292286188019,0.0,"[1.0, 0.0, 0.0]",primal=Optimization terminated successfully; dual=outer=Optimization terminated successfully; inner=Optimization terminated successfully,1,-19.57927292132137,19.57927292132137,,mistral7b_10x_licenseclean_contcert_20260504_ties_20260504_licenseclean,mistral7b_10x_licenseclean_contcert_20260504
ties,triple,task290+task442+task1598,-0.3397521428971675,0.46429014954205816,0,"[0.49999999814244356, 0.30000000185755565, 0.20000000000000084]","[0.4, 0.4, 0.2]",0.0,"{""task1598"": 2.7780740737915366, ""task290"": -0.46429014954205816, ""task442"": -0.37022497051754005}",task290,continuous_primal_dual_psd,6,-0.3397521428971675,-0.3397521428971675,0.0,"[1.0, 0.0, 0.0]",primal=Optimization terminated successfully; dual=outer=Optimization terminated successfully; inner=Optimization terminated successfully,1,-80.28288021274881,80.28288021274882,,mistral7b_10x_licenseclean_contcert_20260504_ties_20260504_licenseclean,mistral7b_10x_licenseclean_contcert_20260504
ties,triple,task290+task442+task620,0.818921927244874,0.09122841816582278,0,"[0.2, 0.2, 0.6]","[0.4, 0.4, 0.2]",0.1279014738603239,"{""task290"": -0.09122841816582278, ""task442"": 0.9463999323616102, ""task620"": -0.008202467874476725}",task290,continuous_primal_dual_psd,6,0.818921927244874,0.818921927244874,0.0,"[0.0, 1.0, 0.0]",primal=Optimization terminated successfully; dual=outer=Optimization terminated successfully; inner=Optimization terminated successfully,1,-107.5497312453168,107.54973124531682,,mistral7b_10x_licenseclean_contcert_20260504_ties_20260504_licenseclean,mistral7b_10x_licenseclean_contcert_20260504
ties,triple,task290+task620+task039,0.24167743186551038,0.09636623143660257,0,"[0.2, 0.2, 0.6]","[0.2, 0.2, 0.6]",0.0,"{""task039"": 0.3964790766127895, ""task290"": -0.09636623143660257, ""task620"": -0.06131952142310004}",task290,continuous_primal_dual_psd,6,0.24167743186551038,0.24167743186551038,0.0,"[0.0, 1.0, 0.0]",primal=Optimization terminated successfully; dual=outer=Optimization terminated successfully; inner=Optimization terminated successfully,1,-102.36740529830817,102.36740529830817,,mistral7b_10x_licenseclean_contcert_20260504_ties_20260504_licenseclean,mistral7b_10x_licenseclean_contcert_20260504
ties,triple,task290+task620+task1598,0.36303635522544064,0.8575279985605971,0,"[0.4901054894499677, 0.2, 0.30989451055003236]","[0.6, 0.2, 0.2]",0.7961940015614405,"{""task1598"": -0.05063123702999661, ""task290"": -0.670638679993789, ""task620"": -0.8575279985605971}",task620,continuous_primal_dual_psd,6,0.36303635522544064,0.363036355225434,6.661338147750939e-15,"[0.2529971355784163, 0.7470028644215831, 5.642865731972369e-16]",primal=Optimization terminated successfully; dual=outer=Optimization terminated successfully; inner=Optimization terminated successfully,1,-3.6610938890859956,3.6610938890859956,,mistral7b_10x_licenseclean_contcert_20260504_ties_20260504_licenseclean,mistral7b_10x_licenseclean_contcert_20260504
ties,triple,task391+task1342+task039,0.15025439889778633,-0.05417688674826143,1,"[0.2, 0.2, 0.6]","[0.4, 0.2, 0.4]",0.10259727629063012,"{""task039"": 2.0263443027262147, ""task1342"": 0.24915539804345227, ""task391"": 0.05417688674826143}",task391,continuous_primal_dual_psd,6,0.15025439889778633,0.15025439889778633,0.0,"[1.0, 0.0, 0.0]",primal=Optimization terminated successfully; dual=outer=Optimization terminated successfully; inner=Optimization terminated successfully,1,-2.2052579965243426,2.205257996524343,,mistral7b_10x_licenseclean_contcert_20260504_ties_20260504_licenseclean,mistral7b_10x_licenseclean_contcert_20260504
ties,triple,task391+task1342+task1598,0.11963917173635918,0.2770046156550378,0,"[0.2, 0.46871100206542604, 0.3312889979345739]","[0.4, 0.4, 0.2]",0.1919052492480488,"{""task1342"": -0.21198738438610576, ""task1598"": 10.489138889312777, ""task391"": -0.2770046156550378}",task391,continuous_primal_dual_psd,6,0.11963917173635918,0.11963917173635918,0.0,"[1.0, 0.0, 0.0]",primal=Optimization terminated successfully; dual=outer=Optimization terminated successfully; inner=Optimization terminated successfully,1,-50.07865407155666,50.07865407155666,,mistral7b_10x_licenseclean_contcert_20260504_ties_20260504_licenseclean,mistral7b_10x_licenseclean_contcert_20260504
ties,triple,task391+task1342+task442,0.2614881187458041,0.16439820183919318,0,"[0.3451355346170584, 0.2, 0.45486446538294156]","[0.6, 0.2, 0.2]",0.090204024703544,"{""task1342"": -0.16439820183919318, ""task391"": -0.12770294204511015, ""task442"": 1.126549815525046}",task1342,continuous_primal_dual_psd,6,0.2614881187458041,0.2614881187458041,0.0,"[1.0, 0.0, 0.0]",primal=Optimization terminated successfully; dual=outer=Optimization terminated successfully; inner=Optimization terminated successfully,1,-7.768795183219258,7.7687951832192566,,mistral7b_10x_licenseclean_contcert_20260504_ties_20260504_licenseclean,mistral7b_10x_licenseclean_contcert_20260504
ties,triple,task391+task1342+task620,0.4462357669429277,0.12770294204511015,0,"[0.2, 0.2, 0.6]","[0.6, 0.2, 0.2]",0.24605108538827983,"{""task1342"": -0.03402622831625004, ""task391"": -0.12770294204511015, ""task620"": 0.06579664885445091}",task391,continuous_primal_dual_psd,6,0.4462357669429277,0.4462357669429277,0.0,"[1.0, 0.0, 0.0]",primal=Optimization terminated successfully; dual=outer=Optimization terminated successfully; inner=Optimization terminated successfully,1,-6.104304261079983,6.104304261079983,,mistral7b_10x_licenseclean_contcert_20260504_ties_20260504_licenseclean,mistral7b_10x_licenseclean_contcert_20260504
ties,triple,task391+task1391+task039,0.09020086583894682,-0.1035393231859715,1,"[0.36442386349020256, 0.3782158177597868, 0.25736031875001064]","[0.4, 0.4, 0.2]",0.0,"{""task039"": 1.9196154921246817, ""task1391"": 1.2217615605007, ""task391"": 0.1035393231859715}",task391,continuous_primal_dual_psd,6,0.09020086583894682,0.09020086582347278,1.547403871704489e-11,"[0.9299762163699832, 0.07002378363000701, 9.768139801798886e-15]",primal=Optimization terminated successfully; dual=outer=Optimization terminated successfully; inner=Optimization terminated successfully,1,-6.653170776144869,6.653170776144869,,mistral7b_10x_licenseclean_contcert_20260504_ties_20260504_licenseclean,mistral7b_10x_licenseclean_contcert_20260504
ties,triple,task391+task1391+task1342,-0.1799360808637853,-0.11515742569045287,1,"[0.33091922078548675, 0.4340695175774386, 0.23501126163707464]","[0.2, 0.6, 0.2]",0.038349731563924544,"{""task1342"": 0.2553069448593066, ""task1391"": 1.0088320977764338, ""task391"": 0.11515742569045287}",task391,continuous_primal_dual_psd,6,-0.1799360808637853,-0.17993608086378615,8.604228440844963e-16,"[0.8942715115179131, 0.10572848848208692, 0.0]",primal=Optimization terminated successfully; dual=outer=Optimization terminated successfully; inner=Optimization terminated successfully,1,-5.823640350370711,5.823640350370711,,mistral7b_10x_licenseclean_contcert_20260504_ties_20260504_licenseclean,mistral7b_10x_licenseclean_contcert_20260504
ties,triple,task391+task1391+task1598,-0.010192170228024655,0.0282954911483454,0,"[0.20000000000000048, 0.5079891922008489, 0.29201080779915056]","[0.2, 0.6, 0.2]",0.0,"{""task1391"": 1.0846530481812455, ""task1598"": 19.52119760513309, ""task391"": -0.0282954911483454}",task391,continuous_primal_dual_psd,6,-0.010192170228024655,-0.010192170228025196,5.412337245047638e-16,"[0.752650797988364, 0.2473492020116359, 0.0]",primal=Optimization terminated successfully; dual=outer=Optimization terminated successfully; inner=Optimization terminated successfully,1,-15.413605217585864,15.413605217585864,,mistral7b_10x_licenseclean_contcert_20260504_ties_20260504_licenseclean,mistral7b_10x_licenseclean_contcert_20260504
ties,triple,task391+task1391+task442,0.1429916992057859,-0.20188320153183065,1,"[0.20000000000000237, 0.46562390093659495, 0.3343760990634027]","[0.4, 0.4, 0.2]",0.13183481433431687,"{""task1391"": 1.3752639101381312, ""task391"": 0.20188320153183065, ""task442"": 2.2032217154202356}",task391,continuous_primal_dual_psd,6,0.1429916992057859,0.1429916992057859,0.0,"[1.0, 0.0, 0.0]",primal=Optimization terminated successfully; dual=outer=Optimization terminated successfully; inner=Optimization terminated successfully,1,-4.2273697896415054,4.2273697896415054,,mistral7b_10x_licenseclean_contcert_20260504_ties_20260504_licenseclean,mistral7b_10x_licenseclean_contcert_20260504
ties,triple,task391+task1391+task620,0.19816867685843223,-0.2268682338895979,1,"[0.2729414080186094, 0.20000000000000814, 0.5270585919813825]","[0.2, 0.6, 0.2]",0.3295103015745692,"{""task1391"": 1.3545844742262159, ""task391"": 0.2268682338895979, ""task620"": 0.5694360528100457}",task391,continuous_primal_dual_psd,6,0.19816867685843223,0.19816867685817913,2.5310309403892006e-13,"[0.718072833528219, 0.281927166471781, 0.0]",primal=Optimization terminated successfully; dual=outer=Optimization terminated successfully; inner=Optimization terminated successfully,1,-8.926114005056059,8.952292081691168,,mistral7b_10x_licenseclean_contcert_20260504_ties_20260504_licenseclean,mistral7b_10x_licenseclean_contcert_20260504
ties,triple,task391+task1598+task039,0.3183827263339153,0.213669851733346,0,"[0.20000000000000304, 0.29004823037989486, 0.5099517696201021]","[0.4, 0.2, 0.4]",0.037590865410782576,"{""task039"": 0.7206128219740011, ""task1598"": 11.402270126342806, ""task391"": -0.213669851733346}",task391,continuous_primal_dual_psd,6,0.3183827263339153,0.3183827263339151,1.6653345369377348e-16,"[0.9992900233932278, 0.000709976606772086, 0.0]",primal=Optimization terminated successfully; dual=outer=Optimization terminated successfully; inner=Optimization terminated successfully,1,-133.86851588173644,133.86851588173644,,mistral7b_10x_licenseclean_contcert_20260504_ties_20260504_licenseclean,mistral7b_10x_licenseclean_contcert_20260504
ties,triple,task391+task290+task039,0.11881559596992075,-0.15677416303889155,1,"[0.45536942752908866, 0.20000000000000018, 0.3446305724709111]","[0.4, 0.2, 0.4]",0.0,"{""task039"": 2.07234996424871, ""task290"": 0.2676126955516859, ""task391"": 0.15677416303889155}",task391,continuous_primal_dual_psd,6,0.11881559596992075,0.11881559596992075,0.0,"[1.0, 0.0, 0.0]",primal=Optimization terminated successfully; dual=outer=Optimization terminated successfully; inner=Optimization terminated successfully,1,-0.7896735810071894,0.7896735810071894,,mistral7b_10x_licenseclean_contcert_20260504_ties_20260504_licenseclean,mistral7b_10x_licenseclean_contcert_20260504
ties,triple,task391+task290+task1342,0.20869929448320723,0.05168516467975425,0,"[0.23748434552890998, 0.2, 0.56251565447109]","[0.6, 0.2, 0.2]",0.18765274356212933,"{""task1342"": 0.01663925913563619, ""task290"": 0.04795985908205139, ""task391"": -0.05168516467975425}",task391,continuous_primal_dual_psd,6,0.20869929448320723,0.20869929448320723,0.0,"[1.0, 0.0, 0.0]",primal=Optimization terminated successfully; dual=outer=Optimization terminated successfully; inner=Optimization terminated successfully,1,-12.08265896505156,12.08265896505156,,mistral7b_10x_licenseclean_contcert_20260504_ties_20260504_licenseclean,mistral7b_10x_licenseclean_contcert_20260504
ties,triple,task391+task290+task1391,0.2943915062961984,-0.0316982095041635,1,"[0.2, 0.2, 0.6]","[0.6, 0.2, 0.2]",0.013290195592062824,"{""task1391"": 0.8862547851838216, ""task290"": 0.08126509219173281, ""task391"": 0.0316982095041635}",task391,continuous_primal_dual_psd,6,0.2943915062961984,0.2943915062961984,0.0,"[1.0, 0.0, 0.0]",primal=Optimization terminated successfully; dual=outer=Optimization terminated successfully; inner=Optimization terminated successfully,1,-9.080652724103901,9.080652724103901,,mistral7b_10x_licenseclean_contcert_20260504_ties_20260504_licenseclean,mistral7b_10x_licenseclean_contcert_20260504
ties,triple,task391+task290+task1598,0.14546819668305933,0.3079133545274546,0,"[0.46511355196335263, 0.2000000000000001, 0.33488644803664724]","[0.6, 0.2, 0.2]",0.26124866230680566,"{""task1598"": 10.131987857818636, ""task290"": -0.12352516946375126, ""task391"": -0.3079133545274546}",task391,continuous_primal_dual_psd,6,0.14546819668305933,0.14546819668305933,0.0,"[1.0, 0.0, 0.0]",primal=Optimization terminated successfully; dual=outer=Optimization terminated successfully; inner=Optimization terminated successfully,1,-56.26112244220331,56.2611224422033,,mistral7b_10x_licenseclean_contcert_20260504_ties_20260504_licenseclean,mistral7b_10x_licenseclean_contcert_20260504
ties,triple,task391+task290+task442,0.31031379510413826,0.14942230700664041,0,"[0.28523635040423395, 0.2, 0.514763649595766]","[0.2, 0.6, 0.2]",0.24962056692342902,"{""task290"": -0.055995157562480066, ""task391"": -0.14942230700664041, ""task442"": 0.9461535770355977}",task391,continuous_primal_dual_psd,6,0.31031379510413826,0.31031379510413826,0.0,"[0.9682392532654269, 0.03176074673457317, 0.0]",primal=Optimization terminated successfully; dual=outer=Optimization terminated successfully; inner=Optimization terminated successfully,1,-19.053523900846276,19.053523900846276,,mistral7b_10x_licenseclean_contcert_20260504_ties_20260504_licenseclean,mistral7b_10x_licenseclean_contcert_20260504
ties,triple,task391+task290+task620,0.34180335776081017,0.18351997901407116,0,"[0.2207058789352461, 0.20000000000000023, 0.5792941210647536]","[0.6, 0.2, 0.2]",0.15674400468971253,"{""task290"": -0.12737799040998857, ""task391"": -0.18351997901407116, ""task620"": 0.08828483101464005}",task391,continuous_primal_dual_psd,6,0.34180335776081017,0.3418033577608052,4.9404924595819466e-15,"[0.9510653667855261, 1.901853888786911e-16, 0.048934633214473736]",primal=Optimization terminated successfully; dual=outer=Optimization terminated successfully; inner=Optimization terminated successfully,1,-13.633043990302046,13.633043990302047,,mistral7b_10x_licenseclean_contcert_20260504_ties_20260504_licenseclean,mistral7b_10x_licenseclean_contcert_20260504
ties,triple,task391+task442+task039,0.2887268709962827,0.059432202157302785,0,"[0.3604404497024516, 0.20000000000000007, 0.43955955029754834]","[0.2, 0.2, 0.6]",0.0334900437296063,"{""task039"": 1.3239247971905552, ""task391"": -0.059432202157302785, ""task442"": 1.240195422455648}",task391,continuous_primal_dual_psd,6,0.2887268709962827,0.2887268709962827,0.0,"[1.0, 0.0, 0.0]",primal=Optimization terminated successfully; dual=outer=Optimization terminated successfully; inner=Optimization terminated successfully,1,-89.90552022555673,97.72327831598182,,mistral7b_10x_licenseclean_contcert_20260504_ties_20260504_licenseclean,mistral7b_10x_licenseclean_contcert_20260504
ties,triple,task391+task442+task1598,0.7331621793172337,0.5893527643517599,0,"[0.2, 0.2, 0.6]","[0.2, 0.6, 0.2]",6.115099941031509,"{""task1598"": 1.4773576736450522, ""task391"": -0.5893527643517599, ""task442"": -0.24292777998866324}",task391,continuous_primal_dual_psd,6,0.7331621793172337,0.7331621793172337,0.0,"[1.0, 0.0, 0.0]",primal=Optimization terminated successfully; dual=outer=Optimization terminated successfully; inner=Optimization terminated successfully,1,-157.34092487749047,157.34092487749044,,mistral7b_10x_licenseclean_contcert_20260504_ties_20260504_licenseclean,mistral7b_10x_licenseclean_contcert_20260504
ties,triple,task391+task442+task620,0.24445923923175678,0.09360527003767943,0,"[0.3999994578706491, 0.4000005421293509, 0.19999999999999996]","[0.6, 0.2, 0.2]",0.1652494621909773,"{""task391"": -0.09360527003767943, ""task442"": 1.0332482022620915, ""task620"": -0.02480154710842151}",task391,continuous_primal_dual_psd,6,0.24445923923175678,0.24445923923175678,0.0,"[1.0, 0.0, 0.0]",primal=Optimization terminated successfully; dual=outer=Optimization terminated successfully; inner=Optimization terminated successfully,1,-3.2365852262532124,3.236585226253213,,mistral7b_10x_licenseclean_contcert_20260504_ties_20260504_licenseclean,mistral7b_10x_licenseclean_contcert_20260504
ties,triple,task391+task620+task039,0.1832056965430527,0.01758749267232352,0,"[0.20000000000000556, 0.20230388652475667, 0.5976961134752378]","[0.6, 0.2, 0.2]",0.08437155086187745,"{""task039"": 1.399371611155644, ""task391"": -0.01758749267232352, ""task620"": 0.05401655567061099}",task391,continuous_primal_dual_psd,6,0.1832056965430527,0.1832056965430527,0.0,"[1.0, 0.0, 0.0]",primal=Optimization terminated successfully; dual=outer=Optimization terminated successfully; inner=Optimization terminated successfully,1,-138.62176583394978,138.65882068466772,,mistral7b_10x_licenseclean_contcert_20260504_ties_20260504_licenseclean,mistral7b_10x_licenseclean_contcert_20260504
ties,triple,task391+task620+task1598,0.3798922564130475,0.33965680155538497,0,"[0.2, 0.20000000000000007, 0.5999999999999999]","[0.6, 0.2, 0.2]",0.271030904242373,"{""task1598"": 7.792279052734408, ""task391"": -0.33965680155538497, ""task620"": -0.131890615307769}",task391,continuous_primal_dual_psd,6,0.3798922564130475,0.3798922564130475,0.0,"[1.0, 0.0, 0.0]",primal=Optimization terminated successfully; dual=outer=Optimization terminated successfully; inner=Optimization terminated successfully,1,-63.13751793072207,63.137517930722076,,mistral7b_10x_licenseclean_contcert_20260504_ties_20260504_licenseclean,mistral7b_10x_licenseclean_contcert_20260504
ties,triple,task442+task1598+task039,-3.5823839872975833,-0.6848638704608259,1,"[0.20000000000000048, 0.24266624737392906, 0.5573337526260704]","[0.2, 0.2, 0.6]",0.0,"{""task039"": 0.8131492180273053, ""task1598"": 9.24522571563724, ""task442"": 0.6848638704608259}",task442,continuous_primal_dual_psd,6,-3.5823839872975833,-3.5823839872975833,0.0,"[1.0, 0.0, 0.0]",primal=Optimization terminated successfully; dual=outer=Optimization terminated successfully; inner=Optimization terminated successfully,1,-88.25217891018093,88.25217891018093,,mistral7b_10x_licenseclean_contcert_20260504_ties_20260504_licenseclean,mistral7b_10x_licenseclean_contcert_20260504
ties,triple,task442+task620+task039,0.2734008389260548,0.12118189722096936,0,"[0.2, 0.2, 0.6]","[0.2, 0.2, 0.6]",0.0,"{""task039"": 0.6049454155721257, ""task442"": 0.6846160574109906, ""task620"": -0.12118189722096936}",task620,continuous_primal_dual_psd,6,0.2734008389260548,0.2734008389260548,0.0,"[0.0, 1.0, 0.0]",primal=Optimization terminated successfully; dual=outer=Optimization terminated successfully; inner=Optimization terminated successfully,1,-45.01750357221762,45.01750357221761,,mistral7b_10x_licenseclean_contcert_20260504_ties_20260504_licenseclean,mistral7b_10x_licenseclean_contcert_20260504
ties,triple,task442+task620+task1598,3.472432565689058,0.45315844901626184,0,"[0.2, 0.2, 0.6]","[0.6, 0.2, 0.2]",0.8006862246795534,"{""task1598"": 5.1137178421020835, ""task442"": -0.17146432731148056, ""task620"": -0.45315844901626184}",task620,continuous_primal_dual_psd,6,3.472432565689058,3.472432565689058,0.0,"[0.0, 0.0, 1.0]",primal=Optimization terminated successfully; dual=outer=Optimization terminated successfully; inner=Optimization terminated successfully,1,-119.79312545151024,122.42303352288491,,mistral7b_10x_licenseclean_contcert_20260504_ties_20260504_licenseclean,mistral7b_10x_licenseclean_contcert_20260504
ties,triple,task620+task1598+task039,0.13163288431657433,-0.05187506369743123,1,"[0.2, 0.2, 0.6]","[0.2, 0.2, 0.6]",0.0,"{""task039"": 0.9288166244291808, ""task1598"": 12.654325294494662, ""task620"": 0.05187506369743123}",task620,continuous_primal_dual_psd,6,0.13163288431657433,0.13163288431657433,0.0,"[1.0, 0.0, 0.0]",primal=Optimization terminated successfully; dual=outer=Optimization terminated successfully; inner=Optimization terminated successfully,1,-63.03746846266751,63.03746846266751,,mistral7b_10x_licenseclean_contcert_20260504_ties_20260504_licenseclean,mistral7b_10x_licenseclean_contcert_20260504
