method,query_kind,adapters,predicted_score,heldout_score,feasible,predicted_weights,heldout_weights,coefficient_regret,margins,obstructing_tasks,certificate_type,grid_points,primal_upper,dual_lower,certificate_gap,dual_weights,certificate_message,psd_projected,quadratic_min_eigenvalue,quadratic_psd_adjustment,error,source_run,slice_id
dare_ties,pair,webglm1+webglm10,2.2492928028106496,9.836915206909147,0,"[0.2, 0.8]","[0.2, 0.8]",0.0,"{""webglm1"": -1.9557268142699868, ""webglm10"": -9.836915206909147}",webglm10,continuous_primal_dual_psd,4,2.2492928028106496,2.2492928028106496,0.0,"[1.0, 0.0]",primal=Optimization terminated successfully; dual=outer=Optimization terminated successfully; inner=Optimization terminated successfully,0,428.6727309226987,0.0,,phi2_10x_licenseclean_contcert_20260504_dare_ties_20260504_deep6_licenseclean,phi2_10x_licenseclean_contcert_20260504
dare_ties,pair,webglm1+webglm2,131.7328674316412,117.09194488525387,0,"[0.20000000000000745, 0.7999999999999925]","[0.8, 0.2]",39.30630683898926,"{""webglm1"": -112.07707233428951, ""webglm2"": -117.09194488525387}",webglm2,continuous_primal_dual_psd,4,131.7328674316412,131.7328674316412,0.0,"[1.0, 0.0]",primal=Optimization terminated successfully; dual=outer=Optimization terminated successfully; inner=Optimization terminated successfully,1,-198.86374473571755,198.86374473571755,,phi2_10x_licenseclean_contcert_20260504_dare_ties_20260504_deep6_licenseclean,phi2_10x_licenseclean_contcert_20260504
dare_ties,pair,webglm1+webglm3,94.75234813690395,122.68605537414547,0,"[0.20000000000001306, 0.7999999999999869]","[0.8, 0.2]",10.970664024353027,"{""webglm1"": -122.68605537414547, ""webglm3"": -121.07203311920162}",webglm1,continuous_primal_dual_psd,4,94.75234813690395,94.75234813690395,0.0,"[0.0, 1.0]",primal=Optimization terminated successfully; dual=outer=Optimization terminated successfully; inner=Optimization terminated successfully,1,-227.78034210205072,227.78034210205072,,phi2_10x_licenseclean_contcert_20260504_dare_ties_20260504_deep6_licenseclean,phi2_10x_licenseclean_contcert_20260504
dare_ties,pair,webglm1+webglm4,54.909606647491415,91.76514453887935,0,"[0.2, 0.8]","[0.2, 0.8]",0.0,"{""webglm1"": -88.62927265167232, ""webglm4"": -91.76514453887935}",webglm4,continuous_primal_dual_psd,4,54.909606647491415,54.909606647491415,0.0,"[1.0, 0.0]",primal=Optimization terminated successfully; dual=outer=Optimization terminated successfully; inner=Optimization terminated successfully,1,-71.40278816223181,71.40278816223181,,phi2_10x_licenseclean_contcert_20260504_dare_ties_20260504_deep6_licenseclean,phi2_10x_licenseclean_contcert_20260504
dare_ties,pair,webglm1+webglm5,38.92744607925469,75.47564811706539,0,"[0.20000000000000565, 0.7999999999999944]","[0.2, 0.8]",0.0,"{""webglm1"": -73.43352146148678, ""webglm5"": -75.47564811706539}",webglm5,continuous_primal_dual_psd,4,38.92744607925469,38.92744607925469,0.0,"[0.0, 1.0]",primal=Optimization terminated successfully; dual=outer=Optimization terminated successfully; inner=Optimization terminated successfully,1,-21.56049013137822,21.56049013137822,,phi2_10x_licenseclean_contcert_20260504_dare_ties_20260504_deep6_licenseclean,phi2_10x_licenseclean_contcert_20260504
dare_ties,pair,webglm1+webglm6,24.93093676567101,65.66565341949459,0,"[0.20000000000000712, 0.7999999999999929]","[0.4, 0.6]",16.122961044311523,"{""webglm1"": -65.66565341949459, ""webglm6"": -55.17459220886227}",webglm1,continuous_primal_dual_psd,4,24.93093676567101,24.93093676567101,0.0,"[0.0, 1.0]",primal=Optimization terminated successfully; dual=outer=Optimization terminated successfully; inner=Optimization terminated successfully,0,151.6845822334288,0.0,,phi2_10x_licenseclean_contcert_20260504_dare_ties_20260504_deep6_licenseclean,phi2_10x_licenseclean_contcert_20260504
dare_ties,pair,webglm1+webglm7,50.79028673171999,93.14964122772213,0,"[0.2, 0.8]","[0.6, 0.4]",3.359651565551758,"{""webglm1"": -89.67893428802486, ""webglm7"": -93.14964122772213}",webglm7,continuous_primal_dual_psd,4,50.79028673171999,50.79028673171999,0.0,"[0.999999999999999, 9.992007221626409e-16]",primal=Optimization terminated successfully; dual=outer=Optimization terminated successfully; inner=Optimization terminated successfully,0,220.42393684387213,0.0,,phi2_10x_licenseclean_contcert_20260504_dare_ties_20260504_deep6_licenseclean,phi2_10x_licenseclean_contcert_20260504
dare_ties,pair,webglm1+webglm8,18.991969690988714,52.40159339904782,0,"[0.27193970314283017, 0.7280602968571699]","[0.4, 0.6]",6.2145233154296875,"{""webglm1"": -52.40159339904782, ""webglm8"": -51.95629901885983}",webglm1,continuous_primal_dual_psd,4,18.991969690988714,18.99196969098768,1.0338396805309458e-12,"[1.0, 0.0]",primal=Optimization terminated successfully; dual=outer=Optimization terminated successfully; inner=Optimization terminated successfully,0,606.7369878292078,0.0,,phi2_10x_licenseclean_contcert_20260504_dare_ties_20260504_deep6_licenseclean,phi2_10x_licenseclean_contcert_20260504
dare_ties,pair,webglm1+webglm9,-23.173778581619317,59.72473926544186,0,"[0.2, 0.8]","[0.4, 0.6]",7.9097986221313406,"{""webglm1"": -51.96259326934811, ""webglm9"": -59.72473926544186}",webglm9,continuous_primal_dual_psd,4,-23.173778581619317,-23.173778581619317,0.0,"[1.0, 0.0]",primal=Optimization terminated successfully; dual=outer=Optimization terminated successfully; inner=Optimization terminated successfully,1,-364.49879407882725,364.49879407882725,,phi2_10x_licenseclean_contcert_20260504_dare_ties_20260504_deep6_licenseclean,phi2_10x_licenseclean_contcert_20260504
dare_ties,pair,webglm2+webglm10,-1.282544660568286,8.198288154602018,0,"[0.2, 0.8]","[0.2, 0.8]",0.0,"{""webglm10"": -6.531623077392545, ""webglm2"": -8.198288154602018}",webglm2,continuous_primal_dual_psd,4,-1.282544660568286,-1.282544660568286,0.0,"[1.0, 0.0]",primal=Optimization terminated successfully; dual=outer=Optimization terminated successfully; inner=Optimization terminated successfully,1,-12.68237829208389,12.68237829208389,,phi2_10x_licenseclean_contcert_20260504_dare_ties_20260504_deep6_licenseclean,phi2_10x_licenseclean_contcert_20260504
dare_ties,pair,webglm2+webglm3,76.4010936737064,103.81126708984371,0,"[0.20000000000001908, 0.799999999999981]","[0.6, 0.4]",3.1765222549438477,"{""webglm2"": -97.01066322326656, ""webglm3"": -103.81126708984371}",webglm3,continuous_primal_dual_psd,4,76.4010936737064,76.4010936737064,0.0,"[0.0, 1.0]",primal=Optimization terminated successfully; dual=outer=Optimization terminated successfully; inner=Optimization terminated successfully,0,55.042505264281886,0.0,,phi2_10x_licenseclean_contcert_20260504_dare_ties_20260504_deep6_licenseclean,phi2_10x_licenseclean_contcert_20260504
dare_ties,pair,webglm2+webglm4,40.89217304881759,82.6402456283569,0,"[0.2067966298676753, 0.7932033701323247]","[0.4, 0.6]",1.2488603591918945,"{""webglm2"": -82.53608055114742, ""webglm4"": -82.6402456283569}",webglm4,continuous_primal_dual_psd,4,40.89217304881759,40.892173048777586,4.000355602329364e-11,"[0.1901850617983137, 0.8098149382016862]",primal=Optimization terminated successfully; dual=outer=Optimization terminated successfully; inner=Optimization terminated successfully,0,206.34621381759607,0.0,,phi2_10x_licenseclean_contcert_20260504_dare_ties_20260504_deep6_licenseclean,phi2_10x_licenseclean_contcert_20260504
dare_ties,pair,webglm2+webglm5,68.95749859813478,94.1604167938232,0,"[0.3401847346276816, 0.6598152653723184]","[0.2, 0.8]",4.639410972595215,"{""webglm2"": -92.47885055541988, ""webglm5"": -94.1604167938232}",webglm5,continuous_primal_dual_psd,4,68.95749859813478,68.95749859813478,0.0,"[1.1102230246251565e-16, 0.9999999999999999]",primal=Optimization terminated successfully; dual=outer=Optimization terminated successfully; inner=Optimization terminated successfully,0,283.583700656891,0.0,,phi2_10x_licenseclean_contcert_20260504_dare_ties_20260504_deep6_licenseclean,phi2_10x_licenseclean_contcert_20260504
dare_ties,pair,webglm2+webglm6,35.16984978222112,67.09420986175533,0,"[0.28360604619310487, 0.7163939538068951]","[0.4, 0.6]",1.2122631072998047,"{""webglm2"": -67.09420986175533, ""webglm6"": -65.65077610015865}",webglm2,continuous_primal_dual_psd,4,35.16984978222112,35.16984978222112,0.0,"[0.9999999999999998, 1.942890293094024e-16]",primal=Optimization terminated successfully; dual=outer=Optimization terminated successfully; inner=Optimization terminated successfully,0,452.51607894897444,0.0,,phi2_10x_licenseclean_contcert_20260504_dare_ties_20260504_deep6_licenseclean,phi2_10x_licenseclean_contcert_20260504
dare_ties,pair,webglm2+webglm7,9.480432343483104,74.64688129425045,0,"[0.20000000000000417, 0.7999999999999958]","[0.2, 0.8]",0.0,"{""webglm2"": -74.64688129425045, ""webglm7"": -74.38819713592525}",webglm2,continuous_primal_dual_psd,4,9.480432343483104,9.480432343483104,0.0,"[0.0, 1.0]",primal=Optimization terminated successfully; dual=outer=Optimization terminated successfully; inner=Optimization terminated successfully,0,211.03948354721038,0.0,,phi2_10x_licenseclean_contcert_20260504_dare_ties_20260504_deep6_licenseclean,phi2_10x_licenseclean_contcert_20260504
dare_ties,pair,webglm2+webglm8,20.65433568954464,59.36301059722897,0,"[0.2, 0.8]","[0.2, 0.8]",0.0,"{""webglm2"": -59.36301059722897, ""webglm8"": -54.03905220031735}",webglm2,continuous_primal_dual_psd,4,20.65433568954464,20.65433568954464,0.0,"[0.0, 1.0]",primal=Optimization terminated successfully; dual=outer=Optimization terminated successfully; inner=Optimization terminated successfully,1,-248.95995855331444,248.95995855331444,,phi2_10x_licenseclean_contcert_20260504_dare_ties_20260504_deep6_licenseclean,phi2_10x_licenseclean_contcert_20260504
dare_ties,pair,webglm2+webglm9,-26.31755344867326,63.604095649719206,0,"[0.20000000000002843, 0.7999999999999716]","[0.2, 0.8]",0.0,"{""webglm2"": -63.604095649719206, ""webglm9"": -55.841949653625456}",webglm2,continuous_primal_dual_psd,4,-26.31755344867326,-26.31755344867326,0.0,"[1.0, 0.0]",primal=Optimization terminated successfully; dual=outer=Optimization terminated successfully; inner=Optimization terminated successfully,0,172.48392105102525,0.0,,phi2_10x_licenseclean_contcert_20260504_dare_ties_20260504_deep6_licenseclean,phi2_10x_licenseclean_contcert_20260504
dare_ties,pair,webglm3+webglm10,5.476283502578719,11.698749732971159,0,"[0.2000000000000018, 0.7999999999999983]","[0.2, 0.8]",0.0,"{""webglm10"": -11.698749732971159, ""webglm3"": -11.698749732971159}",webglm10+webglm3,continuous_primal_dual_psd,4,5.476283502578719,5.476283502578719,0.0,"[1.0, 0.0]",primal=Optimization terminated successfully; dual=outer=Optimization terminated successfully; inner=Optimization terminated successfully,0,117.6945865154266,0.0,,phi2_10x_licenseclean_contcert_20260504_dare_ties_20260504_deep6_licenseclean,phi2_10x_licenseclean_contcert_20260504
dare_ties,pair,webglm3+webglm4,46.31530993151633,80.40008850097652,0,"[0.3553727826894023, 0.6446272173105977]","[0.4, 0.6]",0.0,"{""webglm3"": -79.704693031311, ""webglm4"": -80.40008850097652}",webglm4,continuous_primal_dual_psd,4,46.31530993151633,46.31530993151633,0.0,"[0.9999999999999998, 2.220446049250313e-16]",primal=Optimization terminated successfully; dual=outer=Optimization terminated successfully; inner=Optimization terminated successfully,0,195.69277763366662,0.0,,phi2_10x_licenseclean_contcert_20260504_dare_ties_20260504_deep6_licenseclean,phi2_10x_licenseclean_contcert_20260504
dare_ties,pair,webglm3+webglm5,61.69026679992689,97.26708240509029,0,"[0.2000000000000024, 0.7999999999999976]","[0.4, 0.6]",13.771772384643555,"{""webglm3"": -92.13316745758053, ""webglm5"": -97.26708240509029}",webglm5,continuous_primal_dual_psd,4,61.69026679992689,61.69026679992689,0.0,"[1.0, 0.0]",primal=Optimization terminated successfully; dual=outer=Optimization terminated successfully; inner=Optimization terminated successfully,1,-116.42634868621823,116.42634868621823,,phi2_10x_licenseclean_contcert_20260504_dare_ties_20260504_deep6_licenseclean,phi2_10x_licenseclean_contcert_20260504
dare_ties,pair,webglm3+webglm6,15.583812665939321,53.729990196227995,0,"[0.20000000000000134, 0.7999999999999987]","[0.4, 0.6]",5.565476417541504,"{""webglm3"": -53.729990196227995, ""webglm6"": -46.07203311920163}",webglm3,continuous_primal_dual_psd,4,15.583812665939321,15.583812665939321,0.0,"[0.0, 1.0]",primal=Optimization terminated successfully; dual=outer=Optimization terminated successfully; inner=Optimization terminated successfully,0,79.90062236785873,0.0,,phi2_10x_licenseclean_contcert_20260504_dare_ties_20260504_deep6_licenseclean,phi2_10x_licenseclean_contcert_20260504
dare_ties,pair,webglm3+webglm7,19.067882341128108,65.54661102294918,0,"[0.3459124302659163, 0.6540875697340838]","[0.4, 0.6]",0.0,"{""webglm3"": -58.77063579559323, ""webglm7"": -65.54661102294918}",webglm7,continuous_primal_dual_psd,4,19.067882341128108,19.067882341128108,0.0,"[0.0, 1.0]",primal=Optimization terminated successfully; dual=outer=Optimization terminated successfully; inner=Optimization terminated successfully,0,373.24994802474964,0.0,,phi2_10x_licenseclean_contcert_20260504_dare_ties_20260504_deep6_licenseclean,phi2_10x_licenseclean_contcert_20260504
dare_ties,pair,webglm3+webglm8,14.52144211763294,54.229095649719206,0,"[0.28073779739559107, 0.7192622026044089]","[0.4, 0.6]",2.292203903198242,"{""webglm3"": -49.35155220031735, ""webglm8"": -54.229095649719206}",webglm8,continuous_primal_dual_psd,4,14.52144211763294,14.52144211763294,0.0,"[1.0, 0.0]",primal=Optimization terminated successfully; dual=outer=Optimization terminated successfully; inner=Optimization terminated successfully,0,299.18357729911804,0.0,,phi2_10x_licenseclean_contcert_20260504_dare_ties_20260504_deep6_licenseclean,phi2_10x_licenseclean_contcert_20260504
dare_ties,pair,webglm3+webglm9,-8.858379506796348,47.211554718017545,0,"[0.20335782826276788, 0.7966421717372321]","[0.4, 0.6]",32.89320468902587,"{""webglm3"": -47.211554718017545, ""webglm9"": -46.686723899841276}",webglm3,continuous_primal_dual_psd,4,-8.858379506796348,-8.858379506796927,5.790923296444817e-13,"[0.0, 1.0]",primal=Optimization terminated successfully; dual=outer=Optimization terminated successfully; inner=Optimization terminated successfully,0,265.1937305927276,0.0,,phi2_10x_licenseclean_contcert_20260504_dare_ties_20260504_deep6_licenseclean,phi2_10x_licenseclean_contcert_20260504
dare_ties,pair,webglm4+webglm10,-0.8457844734192226,4.38535518646237,0,"[0.20000000000000046, 0.7999999999999996]","[0.2, 0.8]",0.0,"{""webglm10"": -3.784397315978971, ""webglm4"": -4.38535518646237}",webglm4,continuous_primal_dual_psd,4,-0.8457844734192226,-0.8457844734192226,0.0,"[1.0, 0.0]",primal=Optimization terminated successfully; dual=outer=Optimization terminated successfully; inner=Optimization terminated successfully,0,56.31059408187864,0.0,,phi2_10x_licenseclean_contcert_20260504_dare_ties_20260504_deep6_licenseclean,phi2_10x_licenseclean_contcert_20260504
dare_ties,pair,webglm4+webglm5,73.64238090515133,113.19313354492184,0,"[0.2, 0.8]","[0.2, 0.8]",0.0,"{""webglm4"": -107.26707286834713, ""webglm5"": -113.19313354492184}",webglm5,continuous_primal_dual_psd,4,73.64238090515133,73.64238090515133,0.0,"[0.0, 1.0]",primal=Optimization terminated successfully; dual=outer=Optimization terminated successfully; inner=Optimization terminated successfully,1,-327.97306776046753,327.97306776046753,,phi2_10x_licenseclean_contcert_20260504_dare_ties_20260504_deep6_licenseclean,phi2_10x_licenseclean_contcert_20260504
dare_ties,pair,webglm4+webglm6,5.86089502667247,55.794456672668424,0,"[0.35633862012538875, 0.6436613798746113]","[0.2, 0.8]",0.29304027557373047,"{""webglm4"": -53.4346849441528, ""webglm6"": -55.794456672668424}",webglm6,continuous_primal_dual_psd,4,5.86089502667247,5.86089502667247,0.0,"[1.0, 0.0]",primal=Optimization terminated successfully; dual=outer=Optimization terminated successfully; inner=Optimization terminated successfully,0,185.6733858585357,0.0,,phi2_10x_licenseclean_contcert_20260504_dare_ties_20260504_deep6_licenseclean,phi2_10x_licenseclean_contcert_20260504
dare_ties,pair,webglm4+webglm7,24.08420987129207,90.72058506011959,0,"[0.2, 0.8]","[0.4, 0.6]",8.601188659667969,"{""webglm4"": -88.81242580413814, ""webglm7"": -90.72058506011959}",webglm7,continuous_primal_dual_psd,4,24.08420987129207,24.08420987129207,0.0,"[1.1102230246251565e-16, 0.9999999999999999]",primal=Optimization terminated successfully; dual=outer=Optimization terminated successfully; inner=Optimization terminated successfully,1,-51.998496055603106,51.998496055603106,,phi2_10x_licenseclean_contcert_20260504_dare_ties_20260504_deep6_licenseclean,phi2_10x_licenseclean_contcert_20260504
dare_ties,pair,webglm4+webglm8,23.63322801589967,67.26136512756344,0,"[0.20000000000000048, 0.7999999999999995]","[0.2, 0.8]",0.0,"{""webglm4"": -66.02623767852779, ""webglm8"": -67.26136512756344}",webglm8,continuous_primal_dual_psd,4,23.63322801589967,23.63322801589967,0.0,"[1.0, 0.0]",primal=Optimization terminated successfully; dual=outer=Optimization terminated successfully; inner=Optimization terminated successfully,1,-136.7184519767762,136.7184519767762,,phi2_10x_licenseclean_contcert_20260504_dare_ties_20260504_deep6_licenseclean,phi2_10x_licenseclean_contcert_20260504
dare_ties,pair,webglm4+webglm9,-12.777076292038018,68.92059154510494,0,"[0.2, 0.8]","[0.6, 0.4]",33.339619636535645,"{""webglm4"": -57.67515010833737, ""webglm9"": -68.92059154510494}",webglm9,continuous_primal_dual_psd,4,-12.777076292038018,-12.777076292038018,0.0,"[1.0, 5.551115123125783e-17]",primal=Optimization terminated successfully; dual=outer=Optimization terminated successfully; inner=Optimization terminated successfully,0,194.93207335472104,0.0,,phi2_10x_licenseclean_contcert_20260504_dare_ties_20260504_deep6_licenseclean,phi2_10x_licenseclean_contcert_20260504
dare_ties,pair,webglm5+webglm10,0.4280812263492315,12.901833724975553,0,"[0.20000000000000476, 0.7999999999999953]","[0.2, 0.8]",0.0,"{""webglm10"": -11.323288154602018, ""webglm5"": -12.901833724975553}",webglm5,continuous_primal_dual_psd,4,0.4280812263492315,0.4280812263492315,0.0,"[5.551115123125783e-17, 1.0]",primal=Optimization terminated successfully; dual=outer=Optimization terminated successfully; inner=Optimization terminated successfully,1,-54.915845394134536,54.915845394134536,,phi2_10x_licenseclean_contcert_20260504_dare_ties_20260504_deep6_licenseclean,phi2_10x_licenseclean_contcert_20260504
dare_ties,pair,webglm5+webglm6,18.181721639634407,68.54455776214596,0,"[0.20000000000001336, 0.7999999999999866]","[0.2, 0.8]",0.0,"{""webglm5"": -68.54455776214596, ""webglm6"": -64.69838924407955}",webglm5,continuous_primal_dual_psd,4,18.181721639634407,18.181721639634407,0.0,"[0.0, 1.0]",primal=Optimization terminated successfully; dual=outer=Optimization terminated successfully; inner=Optimization terminated successfully,1,-191.63474440574652,191.63474440574652,,phi2_10x_licenseclean_contcert_20260504_dare_ties_20260504_deep6_licenseclean,phi2_10x_licenseclean_contcert_20260504
dare_ties,pair,webglm5+webglm7,24.492351280751976,72.80450172424312,0,"[0.33825909775076296, 0.6617409022492371]","[0.4, 0.6]",0.0,"{""webglm5"": -70.23411102294918, ""webglm7"": -72.80450172424312}",webglm7,continuous_primal_dual_psd,4,24.492351280751976,24.492351280751976,0.0,"[1.0, 0.0]",primal=Optimization terminated successfully; dual=outer=Optimization terminated successfully; inner=Optimization terminated successfully,0,323.5334157943724,0.0,,phi2_10x_licenseclean_contcert_20260504_dare_ties_20260504_deep6_licenseclean,phi2_10x_licenseclean_contcert_20260504
dare_ties,pair,webglm5+webglm8,-9.483139443397487,37.511470985412565,0,"[0.20000000000000426, 0.7999999999999957]","[0.2, 0.8]",0.0,"{""webglm5"": -28.968098831176725, ""webglm8"": -37.511470985412565}",webglm8,continuous_primal_dual_psd,4,-9.483139443397487,-9.483139443397487,0.0,"[2.220446049250313e-16, 0.9999999999999998]",primal=Optimization terminated successfully; dual=outer=Optimization terminated successfully; inner=Optimization terminated successfully,0,101.33385658264157,0.0,,phi2_10x_licenseclean_contcert_20260504_dare_ties_20260504_deep6_licenseclean,phi2_10x_licenseclean_contcert_20260504
dare_ties,pair,webglm5+webglm9,0.306331586837723,65.68053073883053,0,"[0.2, 0.8]","[0.2, 0.8]",0.0,"{""webglm5"": -63.17138977050778, ""webglm9"": -65.68053073883053}",webglm9,continuous_primal_dual_psd,4,0.306331586837723,0.306331586837723,0.0,"[0.0, 1.0]",primal=Optimization terminated successfully; dual=outer=Optimization terminated successfully; inner=Optimization terminated successfully,0,50.349682569503734,0.0,,phi2_10x_licenseclean_contcert_20260504_dare_ties_20260504_deep6_licenseclean,phi2_10x_licenseclean_contcert_20260504
dare_ties,pair,webglm6+webglm10,7.538465929031335,15.089896392822233,0,"[0.2, 0.8]","[0.2, 0.8]",0.0,"{""webglm10"": -15.089896392822233, ""webglm6"": -10.542038154602018}",webglm10,continuous_primal_dual_psd,4,7.538465929031335,7.538465929031335,0.0,"[0.9999999999999997, 3.8163916471489756e-16]",primal=Optimization terminated successfully; dual=outer=Optimization terminated successfully; inner=Optimization terminated successfully,1,-153.7136733531952,153.7136733531952,,phi2_10x_licenseclean_contcert_20260504_dare_ties_20260504_deep6_licenseclean,phi2_10x_licenseclean_contcert_20260504
dare_ties,pair,webglm6+webglm7,12.419198226928959,76.87444992065426,0,"[0.7999999999999919, 0.20000000000000806]","[0.8, 0.2]",0.0,"{""webglm6"": -76.87444992065426, ""webglm7"": -71.36164016723629}",webglm6,continuous_primal_dual_psd,4,12.419198226928959,12.419198226928959,0.0,"[1.0, 0.0]",primal=Optimization terminated successfully; dual=outer=Optimization terminated successfully; inner=Optimization terminated successfully,1,-15.345811843872143,15.345811843872143,,phi2_10x_licenseclean_contcert_20260504_dare_ties_20260504_deep6_licenseclean,phi2_10x_licenseclean_contcert_20260504
dare_ties,pair,webglm6+webglm8,-0.4039349626242501,38.09411830902096,0,"[0.31640517381603395, 0.683594826183966]","[0.4, 0.6]",0.0,"{""webglm6"": -36.788037490844694, ""webglm8"": -38.09411830902096}",webglm8,continuous_primal_dual_psd,4,-0.4039349626242501,-0.4039349626242501,0.0,"[0.0, 1.0]",primal=Optimization terminated successfully; dual=outer=Optimization terminated successfully; inner=Optimization terminated successfully,0,83.95880460739137,0.0,,phi2_10x_licenseclean_contcert_20260504_dare_ties_20260504_deep6_licenseclean,phi2_10x_licenseclean_contcert_20260504
dare_ties,pair,webglm6+webglm9,-28.42133634090428,40.3978139877319,0,"[0.2, 0.8]","[0.6, 0.4]",43.364238739013665,"{""webglm6"": -35.987332534790006, ""webglm9"": -40.3978139877319}",webglm9,continuous_primal_dual_psd,4,-28.42133634090428,-28.42133634090428,0.0,"[0.0, 1.0]",primal=Optimization terminated successfully; dual=outer=Optimization terminated successfully; inner=Optimization terminated successfully,0,46.92569375038143,0.0,,phi2_10x_licenseclean_contcert_20260504_dare_ties_20260504_deep6_licenseclean,phi2_10x_licenseclean_contcert_20260504
dare_ties,pair,webglm7+webglm10,-10.677343568610873,5.526021194457975,0,"[0.46519222517239656, 0.5348077748276034]","[0.4, 0.6]",0.0,"{""webglm10"": -3.920605850219694, ""webglm7"": -5.526021194457975}",webglm7,continuous_primal_dual_psd,4,-10.677343568610873,-10.677343568610873,0.0,"[1.0, 5.551115123125783e-17]",primal=Optimization terminated successfully; dual=outer=Optimization terminated successfully; inner=Optimization terminated successfully,0,461.77402138710005,0.0,,phi2_10x_licenseclean_contcert_20260504_dare_ties_20260504_deep6_licenseclean,phi2_10x_licenseclean_contcert_20260504
dare_ties,pair,webglm7+webglm8,6.5695363998412475,54.94051284790036,0,"[0.2, 0.8]","[0.2, 0.8]",0.0,"{""webglm7"": -54.94051284790036, ""webglm8"": -54.872968864440885}",webglm7,continuous_primal_dual_psd,4,6.5695363998412475,6.5695363998412475,0.0,"[1.0, 0.0]",primal=Optimization terminated successfully; dual=outer=Optimization terminated successfully; inner=Optimization terminated successfully,1,-633.750855922699,633.750855922699,,phi2_10x_licenseclean_contcert_20260504_dare_ties_20260504_deep6_licenseclean,phi2_10x_licenseclean_contcert_20260504
dare_ties,pair,webglm7+webglm9,-34.89660494327551,30.989626121520963,0,"[0.2, 0.8]","[0.6, 0.4]",15.146517753601074,"{""webglm7"": -30.989626121520963, ""webglm9"": -30.370357704162565}",webglm7,continuous_primal_dual_psd,4,-34.89660494327551,-34.89660494327551,0.0,"[0.0, 1.0]",primal=Optimization terminated successfully; dual=outer=Optimization terminated successfully; inner=Optimization terminated successfully,0,29.93062138557443,0.0,,phi2_10x_licenseclean_contcert_20260504_dare_ties_20260504_deep6_licenseclean,phi2_10x_licenseclean_contcert_20260504
dare_ties,pair,webglm8+webglm10,-2.4798034906387683,4.727605056762663,0,"[0.2, 0.8]","[0.2, 0.8]",0.0,"{""webglm10"": -2.794817161560026, ""webglm8"": -4.727605056762663}",webglm8,continuous_primal_dual_psd,4,-2.4798034906387683,-2.4798034906387683,0.0,"[1.0, 0.0]",primal=Optimization terminated successfully; dual=outer=Optimization terminated successfully; inner=Optimization terminated successfully,0,19.91182565689087,0.0,,phi2_10x_licenseclean_contcert_20260504_dare_ties_20260504_deep6_licenseclean,phi2_10x_licenseclean_contcert_20260504
dare_ties,pair,webglm8+webglm9,-18.19511227607734,56.710174751281706,0,"[0.2, 0.8]","[0.6, 0.4]",34.047079086303704,"{""webglm8"": -56.710174751281706, ""webglm9"": -49.686363410949674}",webglm8,continuous_primal_dual_psd,4,-18.19511227607734,-18.19511227607734,0.0,"[1.0, 0.0]",primal=Optimization terminated successfully; dual=outer=Optimization terminated successfully; inner=Optimization terminated successfully,1,-162.21091151237482,162.21091151237482,,phi2_10x_licenseclean_contcert_20260504_dare_ties_20260504_deep6_licenseclean,phi2_10x_licenseclean_contcert_20260504
dare_ties,pair,webglm9+webglm10,-30.247024807776114,-21.89156703948978,1,"[0.5238240336783749, 0.47617596632162507]","[0.2, 0.8]",32.18235969543457,"{""webglm10"": 21.89156703948978, ""webglm9"": 21.899005699157748}",webglm10,continuous_primal_dual_psd,4,-30.247024807776114,-30.247024807776114,0.0,"[0.0, 1.0]",primal=Optimization terminated successfully; dual=outer=Optimization terminated successfully; inner=Optimization terminated successfully,1,-12.429356575012088,12.429356575012088,,phi2_10x_licenseclean_contcert_20260504_dare_ties_20260504_deep6_licenseclean,phi2_10x_licenseclean_contcert_20260504
dare_ties,triple,webglm1+webglm2+webglm10,8.886962303909499,21.02682895660397,0,"[0.2, 0.2, 0.6]","[0.2, 0.2, 0.6]",0.0,"{""webglm1"": -13.023164939880338, ""webglm10"": -17.299702835082975, ""webglm2"": -21.02682895660397}",webglm2,continuous_primal_dual_psd,6,8.886962303909499,8.886962303909492,7.105427357601002e-15,"[0.0, 4.218847493575577e-15, 0.9999999999999958]",primal=Optimization terminated successfully; dual=outer=Optimization terminated successfully; inner=Optimization terminated successfully,1,-219.02824091682905,219.02824091682908,,phi2_10x_licenseclean_contcert_20260504_dare_ties_20260504_deep6_licenseclean,phi2_10x_licenseclean_contcert_20260504
dare_ties,triple,webglm1+webglm2+webglm3,72.84884566667778,63.07523555755612,0,"[0.2, 0.2, 0.6]","[0.2, 0.6, 0.2]",12.603020668029778,"{""webglm1"": -63.07523555755612, ""webglm2"": -59.14321250915524, ""webglm3"": -59.60796184539792}",webglm1,continuous_primal_dual_psd,6,72.84884566667778,72.84884566667778,0.0,"[1.0, 0.0, 0.0]",primal=Optimization terminated successfully; dual=outer=Optimization terminated successfully; inner=Optimization terminated successfully,1,-547.6611838250992,547.6611838250991,,phi2_10x_licenseclean_contcert_20260504_dare_ties_20260504_deep6_licenseclean,phi2_10x_licenseclean_contcert_20260504
dare_ties,triple,webglm1+webglm2+webglm4,33.29814127296211,53.94919223785397,0,"[0.23753336186710866, 0.2, 0.5624666381328913]","[0.2, 0.2, 0.6]",0.0,"{""webglm1"": -50.746944618225065, ""webglm2"": -51.36392421722409, ""webglm4"": -53.94919223785397}",webglm4,continuous_primal_dual_psd,6,33.29814127296211,33.29814127296211,0.0,"[0.0, 0.0, 1.0]",primal=Optimization terminated successfully; dual=outer=Optimization terminated successfully; inner=Optimization terminated successfully,1,-92.17489187180593,92.17489187180594,,phi2_10x_licenseclean_contcert_20260504_dare_ties_20260504_deep6_licenseclean,phi2_10x_licenseclean_contcert_20260504
dare_ties,triple,webglm1+webglm2+webglm5,38.31023040375807,49.76821250915524,0,"[0.2, 0.3289974626644148, 0.47100253733558517]","[0.2, 0.4, 0.4]",0.0,"{""webglm1"": -43.3699876785278, ""webglm2"": -46.855571937561, ""webglm5"": -49.76821250915524}",webglm5,continuous_primal_dual_psd,6,38.31023040375807,38.31023040375807,0.0,"[0.9999999999999978, 0.0, 2.2759572004815658e-15]",primal=Optimization terminated successfully; dual=outer=Optimization terminated successfully; inner=Optimization terminated successfully,1,-183.54662315951828,183.5466231595183,,phi2_10x_licenseclean_contcert_20260504_dare_ties_20260504_deep6_licenseclean,phi2_10x_licenseclean_contcert_20260504
dare_ties,triple,webglm1+webglm2+webglm6,57.868126154196105,25.57695217132565,0,"[0.2, 0.20000000000000398, 0.599999999999996]","[0.2, 0.2, 0.6]",0.0,"{""webglm1"": -25.079014968872038, ""webglm2"": -25.57695217132565, ""webglm6"": -20.262745094299284}",webglm2,continuous_primal_dual_psd,6,57.868126154196105,57.868126154196105,0.0,"[0.0, 0.0, 1.0]",primal=Optimization terminated successfully; dual=outer=Optimization terminated successfully; inner=Optimization terminated successfully,1,-1654.2533358702701,1654.25333587027,,phi2_10x_licenseclean_contcert_20260504_dare_ties_20260504_deep6_licenseclean,phi2_10x_licenseclean_contcert_20260504
dare_ties,triple,webglm1+webglm2+webglm7,12.533436902312395,46.796611022949186,0,"[0.20000000000000712, 0.20681993465936208, 0.5931800653406308]","[0.2, 0.4, 0.4]",0.4613161087036133,"{""webglm1"": -46.796611022949186, ""webglm2"": -45.12994594573971, ""webglm7"": -46.796611022949186}",webglm1+webglm7,continuous_primal_dual_psd,6,12.533436902312395,12.5334369023001,1.2295942042328534e-11,"[0.1165142818151754, 1.7503815576331606e-14, 0.8834857181848071]",primal=Optimization terminated successfully; dual=outer=Optimization terminated successfully; inner=Optimization terminated successfully,0,70.15017649992112,0.0,,phi2_10x_licenseclean_contcert_20260504_dare_ties_20260504_deep6_licenseclean,phi2_10x_licenseclean_contcert_20260504
dare_ties,triple,webglm1+webglm2+webglm8,14.16588531892006,43.042615127563444,0,"[0.2, 0.20681942978296342, 0.5931805702170365]","[0.2, 0.2, 0.6]",0.0,"{""webglm1"": -42.78619594573971, ""webglm2"": -34.017303657531706, ""webglm8"": -43.042615127563444}",webglm8,continuous_primal_dual_psd,6,14.16588531892006,14.16588531892006,0.0,"[0.0, 0.0, 1.0]",primal=Optimization terminated successfully; dual=outer=Optimization terminated successfully; inner=Optimization terminated successfully,1,-306.72703515938025,306.72703515938025,,phi2_10x_licenseclean_contcert_20260504_dare_ties_20260504_deep6_licenseclean,phi2_10x_licenseclean_contcert_20260504
dare_ties,triple,webglm1+webglm2+webglm9,-4.898525224905333,17.84801788330075,0,"[0.2, 0.2, 0.6]","[0.2, 0.2, 0.6]",0.0,"{""webglm1"": -16.456082534790006, ""webglm2"": -17.84801788330075, ""webglm9"": -10.961559486389127}",webglm2,continuous_primal_dual_psd,6,-4.898525224905333,-4.898525224905333,0.0,"[0.0, 0.0, 1.0]",primal=Optimization terminated successfully; dual=outer=Optimization terminated successfully; inner=Optimization terminated successfully,1,-298.16936144431907,298.16936144431907,,phi2_10x_licenseclean_contcert_20260504_dare_ties_20260504_deep6_licenseclean,phi2_10x_licenseclean_contcert_20260504
dare_ties,triple,webglm1+webglm3+webglm10,5.545005061015345,16.774872016906706,0,"[0.20000000000000867, 0.2720469093763687, 0.5279530906236226]","[0.2, 0.2, 0.6]",0.0,"{""webglm1"": -16.774872016906706, ""webglm10"": -12.360957336425749, ""webglm3"": -14.445999336242643}",webglm1,continuous_primal_dual_psd,6,5.545005061015345,5.545005061015345,0.0,"[0.0, 1.0, 0.0]",primal=Optimization terminated successfully; dual=outer=Optimization terminated successfully; inner=Optimization terminated successfully,1,-456.0109059976657,456.01090599766565,,phi2_10x_licenseclean_contcert_20260504_dare_ties_20260504_deep6_licenseclean,phi2_10x_licenseclean_contcert_20260504
dare_ties,triple,webglm1+webglm3+webglm4,29.590772406221475,58.99384326934811,0,"[0.2, 0.37211885721720567, 0.4278811427827943]","[0.2, 0.4, 0.4]",0.0,"{""webglm1"": -54.622843933105436, ""webglm3"": -58.99384326934811, ""webglm4"": -57.2939903259277}",webglm3,continuous_primal_dual_psd,6,29.590772406221475,29.59077240622148,0.0,"[1.1102230246251565e-16, 0.0, 1.0]",primal=Optimization terminated successfully; dual=outer=Optimization terminated successfully; inner=Optimization terminated successfully,1,-109.30410778244581,109.30410778244581,,phi2_10x_licenseclean_contcert_20260504_dare_ties_20260504_deep6_licenseclean,phi2_10x_licenseclean_contcert_20260504
dare_ties,triple,webglm1+webglm3+webglm5,26.883224842752156,45.34113712310788,0,"[0.2, 0.25468242012362546, 0.5453175798763745]","[0.2, 0.2, 0.6]",0.0,"{""webglm1"": -44.861534309387174, ""webglm3"": -45.34113712310788, ""webglm5"": -43.31391162872311}",webglm3,continuous_primal_dual_psd,6,26.883224842752156,26.8832248427521,5.684341886080802e-14,"[7.605441165189008e-15, 0.29430467121502557, 0.705695328784967]",primal=Optimization terminated successfully; dual=outer=Optimization terminated successfully; inner=Optimization terminated successfully,1,-61.90854348097162,61.908543480971616,,phi2_10x_licenseclean_contcert_20260504_dare_ties_20260504_deep6_licenseclean,phi2_10x_licenseclean_contcert_20260504
dare_ties,triple,webglm1+webglm3+webglm6,43.57906814750858,28.31447429656979,0,"[0.2000000000000341, 0.2, 0.5999999999999659]","[0.2, 0.2, 0.6]",0.0,"{""webglm1"": -28.31447429656979, ""webglm3"": -18.235495758056608, ""webglm6"": -19.161537361144987}",webglm1,continuous_primal_dual_psd,6,43.57906814750858,43.57906814750858,0.0,"[0.0, 1.0, 0.0]",primal=Optimization terminated successfully; dual=outer=Optimization terminated successfully; inner=Optimization terminated successfully,1,-997.4105429412032,997.4105429412032,,phi2_10x_licenseclean_contcert_20260504_dare_ties_20260504_deep6_licenseclean,phi2_10x_licenseclean_contcert_20260504
dare_ties,triple,webglm1+webglm3+webglm7,24.627956467364147,45.56434459686276,0,"[0.20000000000016757, 0.20000000000002868, 0.5999999999998038]","[0.2, 0.2, 0.6]",0.0,"{""webglm1"": -41.08920402526852, ""webglm3"": -40.97016162872311, ""webglm7"": -45.56434459686276}",webglm7,continuous_primal_dual_psd,6,24.627956467364147,24.627956467364147,0.0,"[1.0, 0.0, 0.0]",primal=Optimization terminated successfully; dual=outer=Optimization terminated successfully; inner=Optimization terminated successfully,1,-364.07457394672235,364.0745739467224,,phi2_10x_licenseclean_contcert_20260504_dare_ties_20260504_deep6_licenseclean,phi2_10x_licenseclean_contcert_20260504
dare_ties,triple,webglm1+webglm3+webglm8,26.440806774798247,23.712828826904264,0,"[0.2, 0.2, 0.6]","[0.2, 0.2, 0.6]",0.0,"{""webglm1"": -23.712828826904264, ""webglm3"": -15.54720706939694, ""webglm8"": -17.513206672668424}",webglm1,continuous_primal_dual_psd,6,26.440806774798247,26.440806774798247,0.0,"[0.0, 1.0, 0.0]",primal=Optimization terminated successfully; dual=outer=Optimization terminated successfully; inner=Optimization terminated successfully,1,-786.0969068046732,786.0969068046733,,phi2_10x_licenseclean_contcert_20260504_dare_ties_20260504_deep6_licenseclean,phi2_10x_licenseclean_contcert_20260504
dare_ties,triple,webglm1+webglm3+webglm9,9.883066081148028,9.95481319427487,0,"[0.2, 0.20000000000000936, 0.5999999999999907]","[0.2, 0.2, 0.6]",0.0,"{""webglm1"": -5.852249336242643, ""webglm3"": -9.95481319427487, ""webglm9"": -9.380772781372038}",webglm3,continuous_primal_dual_psd,6,9.883066081148028,9.883066081148028,0.0,"[0.0, 0.0, 1.0]",primal=Optimization terminated successfully; dual=outer=Optimization terminated successfully; inner=Optimization terminated successfully,1,-600.4567948955325,600.4567948955325,,phi2_10x_licenseclean_contcert_20260504_dare_ties_20260504_deep6_licenseclean,phi2_10x_licenseclean_contcert_20260504
dare_ties,triple,webglm1+webglm4+webglm10,11.558356157338329,11.143019866943327,0,"[0.2, 0.20000000000000817, 0.5999999999999919]","[0.2, 0.2, 0.6]",0.0,"{""webglm1"": -11.143019866943327, ""webglm10"": -6.1710626602172525, ""webglm4"": -9.312084388732877}",webglm1,continuous_primal_dual_psd,6,11.558356157338329,11.558356157338329,0.0,"[1.0, 0.0, 0.0]",primal=Optimization terminated successfully; dual=outer=Optimization terminated successfully; inner=Optimization terminated successfully,1,-509.2260147610592,509.2260147610592,,phi2_10x_licenseclean_contcert_20260504_dare_ties_20260504_deep6_licenseclean,phi2_10x_licenseclean_contcert_20260504
dare_ties,triple,webglm1+webglm4+webglm5,48.890275059202466,48.19486446380612,0,"[0.2, 0.2000000000000176, 0.5999999999999823]","[0.4, 0.4, 0.2]",5.545997619628906,"{""webglm1"": -48.19486446380612, ""webglm4"": -45.76523609161374, ""webglm5"": -41.17105312347409}",webglm1,continuous_primal_dual_psd,6,48.890275059202466,48.890275059202374,9.237055564881302e-14,"[0.9999999999999467, 5.3235194030773416e-14, 0.0]",primal=Optimization terminated successfully; dual=outer=Optimization terminated successfully; inner=Optimization terminated successfully,1,-577.0074360148473,577.0074360148473,,phi2_10x_licenseclean_contcert_20260504_dare_ties_20260504_deep6_licenseclean,phi2_10x_licenseclean_contcert_20260504
dare_ties,triple,webglm1+webglm4+webglm6,17.846538922940557,26.476124000549284,0,"[0.2, 0.2, 0.6]","[0.2, 0.2, 0.6]",0.0,"{""webglm1"": -26.476124000549284, ""webglm4"": -17.676308822631803, ""webglm6"": -25.514581871032682}",webglm1,continuous_primal_dual_psd,6,17.846538922940557,17.846538922940557,0.0,"[1.0, 0.0, 0.0]",primal=Optimization terminated successfully; dual=outer=Optimization terminated successfully; inner=Optimization terminated successfully,1,-402.04329099645497,402.0432909964549,,phi2_10x_licenseclean_contcert_20260504_dare_ties_20260504_deep6_licenseclean,phi2_10x_licenseclean_contcert_20260504
dare_ties,triple,webglm1+webglm4+webglm7,17.65668640870085,44.1512376785278,0,"[0.279317861286086, 0.2, 0.520682138713914]","[0.4, 0.2, 0.4]",0.23064613342285156,"{""webglm1"": -44.1512376785278, ""webglm4"": -43.3699876785278, ""webglm7"": -39.47117633819577}",webglm1,continuous_primal_dual_psd,6,17.65668640870085,17.656686408700853,0.0,"[0.0, 0.9999999999999991, 9.9920072216264e-16]",primal=Optimization terminated successfully; dual=outer=Optimization terminated successfully; inner=Optimization terminated successfully,1,-245.95066187901088,245.9506618790109,,phi2_10x_licenseclean_contcert_20260504_dare_ties_20260504_deep6_licenseclean,phi2_10x_licenseclean_contcert_20260504
dare_ties,triple,webglm1+webglm4+webglm8,17.170728479161664,17.394164276123014,0,"[0.2, 0.2, 0.6]","[0.2, 0.2, 0.6]",0.0,"{""webglm1"": -16.689041328430143, ""webglm4"": -15.385225486755338, ""webglm8"": -17.394164276123014}",webglm8,continuous_primal_dual_psd,6,17.170728479161664,17.170728479161664,0.0,"[0.0, 0.0, 1.0]",primal=Optimization terminated successfully; dual=outer=Optimization terminated successfully; inner=Optimization terminated successfully,1,-351.27981624402605,351.2798162440261,,phi2_10x_licenseclean_contcert_20260504_dare_ties_20260504_deep6_licenseclean,phi2_10x_licenseclean_contcert_20260504
dare_ties,triple,webglm1+webglm4+webglm9,3.1567590230812828,20.579245758056608,0,"[0.2, 0.2, 0.6]","[0.2, 0.2, 0.6]",0.0,"{""webglm1"": -20.579245758056608, ""webglm4"": -14.389351081848112, ""webglm9"": -18.905118179321256}",webglm1,continuous_primal_dual_psd,6,3.1567590230812828,3.1567590230812828,0.0,"[0.0, 1.0, 0.0]",primal=Optimization terminated successfully; dual=outer=Optimization terminated successfully; inner=Optimization terminated successfully,1,-460.09641966332515,460.09641966332515,,phi2_10x_licenseclean_contcert_20260504_dare_ties_20260504_deep6_licenseclean,phi2_10x_licenseclean_contcert_20260504
dare_ties,triple,webglm1+webglm5+webglm10,21.349014127352834,12.061622810363737,0,"[0.20000000000007104, 0.20000000000002843, 0.5999999999999005]","[0.4, 0.2, 0.4]",0.5408763885498047,"{""webglm1"": -10.394957733154264, ""webglm10"": -12.061622810363737, ""webglm5"": -10.164287757873502}",webglm10,continuous_primal_dual_psd,6,21.349014127352834,21.349014127352834,0.0,"[0.0, 1.0, 0.0]",primal=Optimization terminated successfully; dual=outer=Optimization terminated successfully; inner=Optimization terminated successfully,1,-583.7004365899047,583.7004365899046,,phi2_10x_licenseclean_contcert_20260504_dare_ties_20260504_deep6_licenseclean,phi2_10x_licenseclean_contcert_20260504
dare_ties,triple,webglm1+webglm5+webglm6,33.85325113153873,19.075706672668424,0,"[0.20000000000001691, 0.2, 0.5999999999999831]","[0.2, 0.2, 0.6]",0.0,"{""webglm1"": -14.265707206726042, ""webglm5"": -10.49797840118405, ""webglm6"": -19.075706672668424}",webglm6,continuous_primal_dual_psd,6,33.85325113153873,33.853251131538634,9.237055564881302e-14,"[0.999999999999992, 7.938094626069806e-15, 0.0]",primal=Optimization terminated successfully; dual=outer=Optimization terminated successfully; inner=Optimization terminated successfully,1,-652.652423358043,652.652423358043,,phi2_10x_licenseclean_contcert_20260504_dare_ties_20260504_deep6_licenseclean,phi2_10x_licenseclean_contcert_20260504
dare_ties,triple,webglm1+webglm5+webglm7,25.84554704894835,28.098705482482877,0,"[0.2, 0.20000000000003265, 0.5999999999999673]","[0.2, 0.4, 0.4]",0.6438970565795898,"{""webglm1"": -23.865059089660612, ""webglm5"": -28.098705482482877, ""webglm7"": -23.086121749877897}",webglm5,continuous_primal_dual_psd,6,25.84554704894835,25.84554704894835,0.0,"[1.0, 0.0, 0.0]",primal=Optimization terminated successfully; dual=outer=Optimization terminated successfully; inner=Optimization terminated successfully,1,-578.2250697049997,578.2250697049997,,phi2_10x_licenseclean_contcert_20260504_dare_ties_20260504_deep6_licenseclean,phi2_10x_licenseclean_contcert_20260504
dare_ties,triple,webglm1+webglm5+webglm8,-0.6153113342853906,6.308415603637663,0,"[0.2, 0.29299518979481715, 0.5070048102051828]","[0.2, 0.2, 0.6]",0.0,"{""webglm1"": -4.684689712524381, ""webglm5"": -6.308415603637663, ""webglm8"": -2.516058158874479}",webglm5,continuous_primal_dual_psd,6,-0.6153113342853906,-0.6153113342853906,0.0,"[0.0, 1.0, 0.0]",primal=Optimization terminated successfully; dual=outer=Optimization terminated successfully; inner=Optimization terminated successfully,1,-399.0170047848999,399.01700478489994,,phi2_10x_licenseclean_contcert_20260504_dare_ties_20260504_deep6_licenseclean,phi2_10x_licenseclean_contcert_20260504
dare_ties,triple,webglm1+webglm5+webglm9,10.110530328750599,5.371478271484342,0,"[0.2, 0.2, 0.6]","[0.2, 0.2, 0.6]",0.0,"{""webglm1"": -5.371478271484342, ""webglm5"": 2.9143302917480796, ""webglm9"": 1.3713329315185874}",webglm1,continuous_primal_dual_psd,6,10.110530328750599,10.110530328750599,0.0,"[0.0, 0.0, 1.0]",primal=Optimization terminated successfully; dual=outer=Optimization terminated successfully; inner=Optimization terminated successfully,1,-971.7898275485977,972.5932534059248,,phi2_10x_licenseclean_contcert_20260504_dare_ties_20260504_deep6_licenseclean,phi2_10x_licenseclean_contcert_20260504
dare_ties,triple,webglm1+webglm6+webglm10,-6.308156899256746,6.01651973724362,0,"[0.2, 0.21260403098634262, 0.5873959690136574]","[0.2, 0.2, 0.6]",0.0,"{""webglm1"": -4.8907072067260415, ""webglm10"": -6.01651973724362, ""webglm6"": -4.84779186248776}",webglm10,continuous_primal_dual_psd,6,-6.308156899256746,-6.30815690013231,8.755645097835441e-10,"[0.4874075047038953, 0.5125924952961028, 1.797164640644393e-15]",primal=Optimization terminated successfully; dual=outer=Optimization terminated successfully; inner=Optimization terminated successfully,1,-82.56681523722031,82.56681523722031,,phi2_10x_licenseclean_contcert_20260504_dare_ties_20260504_deep6_licenseclean,phi2_10x_licenseclean_contcert_20260504
dare_ties,triple,webglm1+webglm6+webglm7,10.914142025376458,24.69153709411618,0,"[0.2, 0.2, 0.6]","[0.2, 0.4, 0.4]",5.924892425537109,"{""webglm1"": -24.089434814453092, ""webglm6"": -24.69153709411618, ""webglm7"": -22.844579887390104}",webglm6,continuous_primal_dual_psd,6,10.914142025376458,10.914142025376197,2.611244553918368e-13,"[5.251354906476715e-14, 0.0, 0.9999999999999476]",primal=Optimization terminated successfully; dual=outer=Optimization terminated successfully; inner=Optimization terminated successfully,1,-259.6941354282204,259.6941354282205,,phi2_10x_licenseclean_contcert_20260504_dare_ties_20260504_deep6_licenseclean,phi2_10x_licenseclean_contcert_20260504
dare_ties,triple,webglm1+webglm6+webglm8,5.844584557643159,6.482389640808073,0,"[0.25109445745709774, 0.2, 0.5489055425429022]","[0.2, 0.2, 0.6]",0.0,"{""webglm1"": -6.482389640808073, ""webglm6"": -5.820182037353483, ""webglm8"": -4.214766693115202}",webglm1,continuous_primal_dual_psd,6,5.844584557643159,5.844584557643159,0.0,"[1.0, 0.0, 0.0]",primal=Optimization terminated successfully; dual=outer=Optimization terminated successfully; inner=Optimization terminated successfully,1,-567.7789127929689,567.7789127929688,,phi2_10x_licenseclean_contcert_20260504_dare_ties_20260504_deep6_licenseclean,phi2_10x_licenseclean_contcert_20260504
dare_ties,triple,webglm1+webglm6+webglm9,8.481626864991316,1.1550218582152993,0,"[0.2, 0.20000000000005685, 0.5999999999999431]","[0.2, 0.2, 0.6]",0.0,"{""webglm1"": 4.8569171905517905, ""webglm6"": 5.216309356689486, ""webglm9"": -1.1550218582152993}",webglm9,continuous_primal_dual_psd,6,8.481626864991316,8.481626864990034,1.2825296380469808e-12,"[3.2790437032293245e-13, 0.999999999999672, 0.0]",primal=Optimization terminated successfully; dual=outer=Optimization terminated successfully; inner=Optimization terminated successfully,1,-798.2424201014626,798.2424201014626,,phi2_10x_licenseclean_contcert_20260504_dare_ties_20260504_deep6_licenseclean,phi2_10x_licenseclean_contcert_20260504
dare_ties,triple,webglm1+webglm7+webglm10,4.585916844014461,7.536080551147428,0,"[0.2, 0.2, 0.6]","[0.2, 0.2, 0.6]",0.0,"{""webglm1"": -7.251647186279264, ""webglm10"": -7.536080551147428, ""webglm7"": -3.8175613403319986}",webglm10,continuous_primal_dual_psd,6,4.585916844014461,4.585916844014458,2.6645352591003757e-15,"[0.9999999999999993, 0.0, 6.106226635438357e-16]",primal=Optimization terminated successfully; dual=outer=Optimization terminated successfully; inner=Optimization terminated successfully,1,-340.90894002651345,340.9089400265134,,phi2_10x_licenseclean_contcert_20260504_dare_ties_20260504_deep6_licenseclean,phi2_10x_licenseclean_contcert_20260504
dare_ties,triple,webglm1+webglm7+webglm8,-0.5240123810388719,24.975994300842252,0,"[0.2, 0.2, 0.6]","[0.2, 0.2, 0.6]",0.0,"{""webglm1"": -17.375829887390104, ""webglm7"": -23.35224456787106, ""webglm8"": -24.975994300842252}",webglm8,continuous_primal_dual_psd,6,-0.5240123810388719,-0.5240123810388719,0.0,"[0.0, 1.0, 0.0]",primal=Optimization terminated successfully; dual=outer=Optimization terminated successfully; inner=Optimization terminated successfully,1,-180.07641364481367,180.07641364481367,,phi2_10x_licenseclean_contcert_20260504_dare_ties_20260504_deep6_licenseclean,phi2_10x_licenseclean_contcert_20260504
dare_ties,triple,webglm1+webglm7+webglm9,-14.523653146349758,9.371021461486784,0,"[0.2134219509234475, 0.20000000000001256, 0.58657804907654]","[0.2, 0.2, 0.6]",0.0,"{""webglm1"": -0.14024085998531888, ""webglm7"": -5.137398910522428, ""webglm9"": -9.371021461486784}",webglm9,continuous_primal_dual_psd,6,-14.523653146349758,-14.523653146349758,0.0,"[0.0, 0.0, 1.0]",primal=Optimization terminated successfully; dual=outer=Optimization terminated successfully; inner=Optimization terminated successfully,1,-289.27428520643826,289.2742852064383,,phi2_10x_licenseclean_contcert_20260504_dare_ties_20260504_deep6_licenseclean,phi2_10x_licenseclean_contcert_20260504
dare_ties,triple,webglm1+webglm8+webglm10,2.137849401126423,4.0591032028197915,0,"[0.2, 0.20000000000000195, 0.5999999999999981]","[0.2, 0.4, 0.4]",1.6632318496704102,"{""webglm1"": 0.6369798660278647, ""webglm10"": -3.7414342880248697, ""webglm8"": -4.0591032028197915}",webglm8,continuous_primal_dual_psd,6,2.137849401126423,2.137849401126423,0.0,"[1.0, 0.0, 0.0]",primal=Optimization terminated successfully; dual=outer=Optimization terminated successfully; inner=Optimization terminated successfully,1,-380.4923303454598,380.49233034545983,,phi2_10x_licenseclean_contcert_20260504_dare_ties_20260504_deep6_licenseclean,phi2_10x_licenseclean_contcert_20260504
dare_ties,triple,webglm1+webglm8+webglm9,-6.7633026612441185,11.637499999999967,0,"[0.2000000000000001, 0.23116249044512352, 0.5688375095548763]","[0.2, 0.4, 0.4]",1.9253730773925781,"{""webglm1"": -11.637499999999967, ""webglm8"": -6.591728401184049, ""webglm9"": -10.480812263488737}",webglm1,continuous_primal_dual_psd,6,-6.7633026612441185,-6.763302661306437,6.231815063983959e-11,"[0.0, 0.6154744853433368, 0.3845255146566631]",primal=Optimization terminated successfully; dual=outer=Optimization terminated successfully; inner=Optimization terminated successfully,1,-88.6522972685174,88.65229726851739,,phi2_10x_licenseclean_contcert_20260504_dare_ties_20260504_deep6_licenseclean,phi2_10x_licenseclean_contcert_20260504
dare_ties,triple,webglm1+webglm9+webglm10,-21.171250635102883,-9.619352149963412,1,"[0.20000000000000537, 0.40840384533106655, 0.39159615466892805]","[0.2, 0.4, 0.4]",0.0,"{""webglm1"": 14.325162696838412, ""webglm10"": 9.844300079345736, ""webglm9"": 9.619352149963412}",webglm9,continuous_primal_dual_psd,6,-21.171250635102883,-21.171250635102883,0.0,"[1.0, 0.0, 0.0]",primal=Optimization terminated successfully; dual=outer=Optimization terminated successfully; inner=Optimization terminated successfully,1,-85.49887357239865,85.49887357239865,,phi2_10x_licenseclean_contcert_20260504_dare_ties_20260504_deep6_licenseclean,phi2_10x_licenseclean_contcert_20260504
dare_ties,triple,webglm2+webglm3+webglm10,7.856755882056083,16.62779159545895,0,"[0.2, 0.2000000000000014, 0.5999999999999985]","[0.2, 0.2, 0.6]",0.0,"{""webglm10"": -13.84733028411862, ""webglm2"": -13.246372413635221, ""webglm3"": -16.62779159545895}",webglm3,continuous_primal_dual_psd,6,7.856755882056083,7.856755882056083,0.0,"[0.0, 0.0, 1.0]",primal=Optimization terminated successfully; dual=outer=Optimization terminated successfully; inner=Optimization terminated successfully,1,-202.8537409773817,202.85374097738168,,phi2_10x_licenseclean_contcert_20260504_dare_ties_20260504_deep6_licenseclean,phi2_10x_licenseclean_contcert_20260504
dare_ties,triple,webglm2+webglm3+webglm4,36.055386197009604,42.57786579132077,0,"[0.2, 0.20000000000000712, 0.5999999999999929]","[0.2, 0.4, 0.4]",2.8823137283325195,"{""webglm2"": -40.148261260986295, ""webglm3"": -42.57786579132077, ""webglm4"": -38.704803657531706}",webglm3,continuous_primal_dual_psd,6,36.055386197009604,36.0553861970095,1.0658141036401503e-13,"[0.9999999999999885, 1.1490808304870334e-14, 0.0]",primal=Optimization terminated successfully; dual=outer=Optimization terminated successfully; inner=Optimization terminated successfully,1,-856.3322709016416,856.3322709016416,,phi2_10x_licenseclean_contcert_20260504_dare_ties_20260504_deep6_licenseclean,phi2_10x_licenseclean_contcert_20260504
dare_ties,triple,webglm2+webglm3+webglm5,73.79121479459087,44.753339958190885,0,"[0.30796020257370205, 0.2, 0.492039797426298]","[0.4, 0.2, 0.4]",0.0,"{""webglm2"": -42.86344356536862, ""webglm3"": -44.753339958190885, ""webglm5"": -42.08219356536862}",webglm3,continuous_primal_dual_psd,6,73.79121479459087,73.79121479458931,1.5631940186722204e-12,"[9.45299394316196e-13, 0.9999999999990548, 0.0]",primal=Optimization terminated successfully; dual=outer=Optimization terminated successfully; inner=Optimization terminated successfully,1,-1310.4766420718681,1310.4766420718681,,phi2_10x_licenseclean_contcert_20260504_dare_ties_20260504_deep6_licenseclean,phi2_10x_licenseclean_contcert_20260504
dare_ties,triple,webglm2+webglm3+webglm6,6.068535256631087,23.653867912292448,0,"[0.23583428975013165, 0.20000000000000712, 0.5641657102498612]","[0.2, 0.2, 0.6]",0.0,"{""webglm2"": -23.653867912292448, ""webglm3"": -20.863702964782682, ""webglm6"": -20.906618309020963}",webglm2,continuous_primal_dual_psd,6,6.068535256631087,6.068535256628256,2.830624623584299e-12,"[0.7675772015237012, 0.2324227984762988, 8.588573784363297e-17]",primal=Optimization terminated successfully; dual=outer=Optimization terminated successfully; inner=Optimization terminated successfully,1,-275.5383856121878,275.53838561218777,,phi2_10x_licenseclean_contcert_20260504_dare_ties_20260504_deep6_licenseclean,phi2_10x_licenseclean_contcert_20260504
dare_ties,triple,webglm2+webglm3+webglm7,25.263881345015356,32.09081001281735,0,"[0.2, 0.2, 0.6]","[0.2, 0.2, 0.6]",0.0,"{""webglm2"": -32.09081001281735, ""webglm3"": -26.852729988098112, ""webglm7"": -28.519395065307585}",webglm2,continuous_primal_dual_psd,6,25.263881345015356,25.263881345015218,1.3855583347321954e-13,"[0.0, 0.9999999999999714, 2.858824288409696e-14]",primal=Optimization terminated successfully; dual=outer=Optimization terminated successfully; inner=Optimization terminated successfully,1,-858.4270305981436,858.4270305981435,,phi2_10x_licenseclean_contcert_20260504_dare_ties_20260504_deep6_licenseclean,phi2_10x_licenseclean_contcert_20260504
dare_ties,triple,webglm2+webglm3+webglm8,10.450401973724313,26.718786430358854,0,"[0.2, 0.2, 0.6]","[0.2, 0.2, 0.6]",0.0,"{""webglm2"": -23.2664138793945, ""webglm3"": -24.09057922363278, ""webglm8"": -26.718786430358854}",webglm8,continuous_primal_dual_psd,6,10.450401973724313,10.450401973724313,0.0,"[1.0, 0.0, 0.0]",primal=Optimization terminated successfully; dual=outer=Optimization terminated successfully; inner=Optimization terminated successfully,1,-56.89486696282768,56.89486696282768,,phi2_10x_licenseclean_contcert_20260504_dare_ties_20260504_deep6_licenseclean,phi2_10x_licenseclean_contcert_20260504
dare_ties,triple,webglm2+webglm3+webglm9,-12.915818343710576,5.223253440856901,0,"[0.2, 0.2, 0.6]","[0.2, 0.2, 0.6]",0.0,"{""webglm2"": -5.147126388549772, ""webglm3"": -0.013211441040006378, ""webglm9"": -5.223253440856901}",webglm9,continuous_primal_dual_psd,6,-12.915818343710576,-12.915818343710576,0.0,"[1.0, 0.0, 0.0]",primal=Optimization terminated successfully; dual=outer=Optimization terminated successfully; inner=Optimization terminated successfully,1,-358.30712105503085,358.30712105503085,,phi2_10x_licenseclean_contcert_20260504_dare_ties_20260504_deep6_licenseclean,phi2_10x_licenseclean_contcert_20260504
dare_ties,triple,webglm2+webglm4+webglm10,-0.21503821353784502,9.717872810363737,0,"[0.20000000000000467, 0.21457581315269697, 0.5854241868472984]","[0.2, 0.2, 0.6]",0.0,"{""webglm10"": -7.312873077392545, ""webglm2"": -8.411791992187467, ""webglm4"": -9.717872810363737}",webglm4,continuous_primal_dual_psd,6,-0.21503821353784502,-0.21503821353793232,8.729128531115293e-14,"[0.7109837832388264, 0.0, 0.2890162167611736]",primal=Optimization terminated successfully; dual=outer=Optimization terminated successfully; inner=Optimization terminated successfully,1,-224.24186314588096,224.24186314588098,,phi2_10x_licenseclean_contcert_20260504_dare_ties_20260504_deep6_licenseclean,phi2_10x_licenseclean_contcert_20260504
dare_ties,triple,webglm2+webglm4+webglm5,68.54161699897674,45.24040527343747,0,"[0.2, 0.2, 0.6]","[0.2, 0.6, 0.2]",10.271286964416504,"{""webglm2"": -39.385345649719206, ""webglm4"": -45.24040527343747, ""webglm5"": -38.04605312347409}",webglm4,continuous_primal_dual_psd,6,68.54161699897674,68.54161699897674,0.0,"[1.0, 0.0, 0.0]",primal=Optimization terminated successfully; dual=outer=Optimization terminated successfully; inner=Optimization terminated successfully,1,-961.0803114228228,961.0803114228229,,phi2_10x_licenseclean_contcert_20260504_dare_ties_20260504_deep6_licenseclean,phi2_10x_licenseclean_contcert_20260504
dare_ties,triple,webglm2+webglm4+webglm6,8.104134357862474,28.831890296936002,0,"[0.2, 0.2, 0.6]","[0.4, 0.2, 0.4]",5.048060417175293,"{""webglm2"": -27.16522521972653, ""webglm4"": -26.880768013000456, ""webglm6"": -28.831890296936002}",webglm6,continuous_primal_dual_psd,6,8.104134357862474,8.104134357862474,0.0,"[0.0, 0.0, 1.0]",primal=Optimization terminated successfully; dual=outer=Optimization terminated successfully; inner=Optimization terminated successfully,1,-281.31563144347956,281.31563144347956,,phi2_10x_licenseclean_contcert_20260504_dare_ties_20260504_deep6_licenseclean,phi2_10x_licenseclean_contcert_20260504
dare_ties,triple,webglm2+webglm4+webglm7,19.683216417870053,28.186848831176725,0,"[0.2, 0.2000000000000307, 0.5999999999999692]","[0.2, 0.2, 0.6]",0.0,"{""webglm2"": -21.58370323181149, ""webglm4"": -19.988015365600553, ""webglm7"": -28.186848831176725}",webglm7,continuous_primal_dual_psd,6,19.683216417870053,19.683216417870053,0.0,"[0.0, 0.0, 1.0]",primal=Optimization terminated successfully; dual=outer=Optimization terminated successfully; inner=Optimization terminated successfully,1,-967.0062287776062,967.0062287776063,,phi2_10x_licenseclean_contcert_20260504_dare_ties_20260504_deep6_licenseclean,phi2_10x_licenseclean_contcert_20260504
dare_ties,triple,webglm2+webglm4+webglm8,5.329446056273003,24.281719398498502,0,"[0.2, 0.2, 0.6]","[0.2, 0.4, 0.4]",5.286192893981934,"{""webglm2"": -24.281719398498502, ""webglm4"": -20.888307762145963, ""webglm8"": -21.242597770690885}",webglm2,continuous_primal_dual_psd,6,5.329446056273003,5.329446056273003,0.0,"[1.0, 0.0, 5.551115123125783e-17]",primal=Optimization terminated successfully; dual=outer=Optimization terminated successfully; inner=Optimization terminated successfully,1,-236.52956509913508,236.52956509913508,,phi2_10x_licenseclean_contcert_20260504_dare_ties_20260504_deep6_licenseclean,phi2_10x_licenseclean_contcert_20260504
dare_ties,triple,webglm2+webglm4+webglm9,7.070020417827608,7.131436538696256,0,"[0.2000000000001894, 0.2, 0.5999999999998106]","[0.2, 0.2, 0.6]",0.0,"{""webglm2"": -1.4995843887328775, ""webglm4"": -1.6369611740111978, ""webglm9"": -7.131436538696256}",webglm9,continuous_primal_dual_psd,6,7.070020417827608,7.070020417827539,6.838973831690964e-14,"[0.9999999999999807, 1.931788062847735e-14, 0.0]",primal=Optimization terminated successfully; dual=outer=Optimization terminated successfully; inner=Optimization terminated successfully,1,-1084.1188519153552,1084.1188519153552,,phi2_10x_licenseclean_contcert_20260504_dare_ties_20260504_deep6_licenseclean,phi2_10x_licenseclean_contcert_20260504
dare_ties,triple,webglm2+webglm5+webglm10,2.913492311294121,9.235957336425749,0,"[0.20000000000000015, 0.2483031307164051, 0.5516968692835947]","[0.2, 0.2, 0.6]",0.0,"{""webglm10"": -9.235957336425749, ""webglm2"": -8.696249198913542, ""webglm5"": -5.002334785461393}",webglm10,continuous_primal_dual_psd,6,2.913492311294121,2.9134923111515953,1.4252554692006925e-10,"[0.682620527336021, 2.7670989290595535e-16, 0.31737947266397887]",primal=Positive directional derivative for linesearch; dual=outer=Optimization terminated successfully; inner=Optimization terminated successfully,1,-72.54086949341826,72.54086949341823,,phi2_10x_licenseclean_contcert_20260504_dare_ties_20260504_deep6_licenseclean,phi2_10x_licenseclean_contcert_20260504
dare_ties,triple,webglm2+webglm5+webglm6,13.129452897971262,30.42755432128903,0,"[0.2, 0.37795621749587754, 0.42204378250412244]","[0.2, 0.4, 0.4]",0.0,"{""webglm2"": -30.42755432128903, ""webglm5"": -26.074889373779264, ""webglm6"": -21.874454689025846}",webglm2,continuous_primal_dual_psd,6,13.129452897971262,13.129452897971262,0.0,"[0.0, 0.0, 1.0]",primal=Optimization terminated successfully; dual=outer=Optimization terminated successfully; inner=Optimization terminated successfully,1,-189.6244928803824,189.62449288038238,,phi2_10x_licenseclean_contcert_20260504_dare_ties_20260504_deep6_licenseclean,phi2_10x_licenseclean_contcert_20260504
dare_ties,triple,webglm2+webglm5+webglm7,16.068526370465797,28.45928974151608,0,"[0.20000000000001827, 0.2000000000000026, 0.5999999999999791]","[0.2, 0.4, 0.4]",0.6891012191772461,"{""webglm2"": -23.532536697387663, ""webglm5"": -28.45928974151608, ""webglm7"": -22.64712162017819}",webglm5,continuous_primal_dual_psd,6,16.068526370465797,16.068526370465797,0.0,"[1.0, 0.0, 0.0]",primal=Optimization terminated successfully; dual=outer=Optimization terminated successfully; inner=Optimization terminated successfully,1,-805.6251689449391,805.6251689449392,,phi2_10x_licenseclean_contcert_20260504_dare_ties_20260504_deep6_licenseclean,phi2_10x_licenseclean_contcert_20260504
dare_ties,triple,webglm2+webglm5+webglm8,4.124333890878461,24.453452301025358,0,"[0.23370406817259734, 0.453416576982352, 0.3128793548450507]","[0.2, 0.4, 0.4]",0.0,"{""webglm2"": -24.453452301025358, ""webglm5"": -20.186618041992155, ""webglm8"": -21.553924751281706}",webglm2,continuous_primal_dual_psd,6,4.124333890878461,4.124333890878461,0.0,"[0.0, 1.0, 0.0]",primal=Optimization terminated successfully; dual=outer=Optimization terminated successfully; inner=Optimization terminated successfully,0,411.677141242207,0.0,,phi2_10x_licenseclean_contcert_20260504_dare_ties_20260504_deep6_licenseclean,phi2_10x_licenseclean_contcert_20260504
dare_ties,triple,webglm2+webglm5+webglm9,10.024270486857773,7.207563591003385,0,"[0.20000000000006463, 0.2000000000000098, 0.5999999999999256]","[0.2, 0.2, 0.6]",0.0,"{""webglm2"": -7.207563591003385, ""webglm5"": -6.994083595275846, ""webglm9"": -2.674606513977018}",webglm2,continuous_primal_dual_psd,6,10.024270486857773,10.024270486857695,7.815970093361102e-14,"[4.612976667317312e-14, 0.9999999999999538, 0.0]",primal=Optimization terminated successfully; dual=outer=Optimization terminated successfully; inner=Optimization terminated successfully,1,-659.7928761046574,695.7143704599586,,phi2_10x_licenseclean_contcert_20260504_dare_ties_20260504_deep6_licenseclean,phi2_10x_licenseclean_contcert_20260504
dare_ties,triple,webglm2+webglm6+webglm10,5.2961025937124555,11.579707336425749,0,"[0.2, 0.2, 0.6]","[0.2, 0.2, 0.6]",0.0,"{""webglm10"": -6.3416034698486, ""webglm2"": -9.055665206909147, ""webglm6"": -11.579707336425749}",webglm6,continuous_primal_dual_psd,6,5.2961025937124555,5.2961025937124555,0.0,"[0.0, 1.0, 0.0]",primal=Optimization terminated successfully; dual=outer=Optimization terminated successfully; inner=Optimization terminated successfully,1,-382.4346791609003,382.43467916090026,,phi2_10x_licenseclean_contcert_20260504_dare_ties_20260504_deep6_licenseclean,phi2_10x_licenseclean_contcert_20260504
dare_ties,triple,webglm2+webglm6+webglm7,4.038137203109393,26.98378868103024,0,"[0.20000000000009754, 0.2329115123929607, 0.5670884876069417]","[0.2, 0.4, 0.4]",8.583998680114746,"{""webglm2"": -19.246247482299772, ""webglm6"": -23.07753868103024, ""webglm7"": -26.98378868103024}",webglm7,continuous_primal_dual_psd,6,4.038137203109393,4.038137203109393,0.0,"[0.0, 1.0, 0.0]",primal=Optimization terminated successfully; dual=outer=Optimization terminated successfully; inner=Optimization terminated successfully,1,-432.6948699002365,432.6948699002364,,phi2_10x_licenseclean_contcert_20260504_dare_ties_20260504_deep6_licenseclean,phi2_10x_licenseclean_contcert_20260504
dare_ties,triple,webglm2+webglm6+webglm8,52.78305997414944,23.86622734069821,0,"[0.2, 0.2, 0.6]","[0.2, 0.2, 0.6]",0.0,"{""webglm2"": -16.69016189575192, ""webglm6"": -23.86622734069821, ""webglm8"": -22.9659349441528}",webglm6,continuous_primal_dual_psd,6,52.78305997414944,52.783059974149396,4.263256414560601e-14,"[1.2767564783189136e-14, 0.0, 0.9999999999999871]",primal=Optimization terminated successfully; dual=outer=Optimization terminated successfully; inner=Optimization terminated successfully,1,-1560.5523339001165,1560.5523339001168,,phi2_10x_licenseclean_contcert_20260504_dare_ties_20260504_deep6_licenseclean,phi2_10x_licenseclean_contcert_20260504
dare_ties,triple,webglm2+webglm6+webglm9,-6.8498842450186,2.94647521972653,0,"[0.2, 0.2, 0.6]","[0.2, 0.2, 0.6]",0.0,"{""webglm2"": 3.6475151062012046, ""webglm6"": 2.5572269439697592, ""webglm9"": -2.94647521972653}",webglm9,continuous_primal_dual_psd,6,-6.8498842450186,-6.8498842450186,0.0,"[0.0, 1.0, 0.0]",primal=Optimization terminated successfully; dual=outer=Optimization terminated successfully; inner=Optimization terminated successfully,1,-730.6418710170492,730.6418710170492,,phi2_10x_licenseclean_contcert_20260504_dare_ties_20260504_deep6_licenseclean,phi2_10x_licenseclean_contcert_20260504
dare_ties,triple,webglm2+webglm7+webglm10,3.65804916945575,9.476354789733854,0,"[0.2, 0.20000000000003312, 0.5999999999999669]","[0.2, 0.4, 0.4]",0.4366874694824219,"{""webglm10"": -8.352831077575651, ""webglm2"": -8.771208000183073, ""webglm7"": -9.476354789733854}",webglm7,continuous_primal_dual_psd,6,3.65804916945575,3.658049169455733,1.687538997430238e-14,"[0.0, 6.77236045021341e-15, 0.9999999999999933]",primal=Optimization terminated successfully; dual=outer=Optimization terminated successfully; inner=Optimization terminated successfully,1,-305.5907426699754,305.5907426699753,,phi2_10x_licenseclean_contcert_20260504_dare_ties_20260504_deep6_licenseclean,phi2_10x_licenseclean_contcert_20260504
dare_ties,triple,webglm2+webglm7+webglm8,19.885822800959147,26.08349628448483,0,"[0.2, 0.2, 0.6]","[0.2, 0.4, 0.4]",0.9615182876586914,"{""webglm2"": -26.08349628448483, ""webglm7"": -24.373868179321256, ""webglm8"": -24.150660705566374}",webglm2,continuous_primal_dual_psd,6,19.885822800959147,19.885822800959136,1.0658141036401503e-14,"[2.5535129566378533e-15, 0.9999999999999973, 0.0]",primal=Optimization terminated successfully; dual=outer=Optimization terminated successfully; inner=Optimization terminated successfully,1,-640.6202432710907,640.6202432710908,,phi2_10x_licenseclean_contcert_20260504_dare_ties_20260504_deep6_licenseclean,phi2_10x_licenseclean_contcert_20260504
dare_ties,triple,webglm2+webglm7+webglm9,-33.70810883985256,6.582000923156706,0,"[0.2, 0.2, 0.6]","[0.2, 0.2, 0.6]",0.0,"{""webglm2"": -6.468108367919889, ""webglm7"": -3.224042129516569, ""webglm9"": -6.582000923156706}",webglm9,continuous_primal_dual_psd,6,-33.70810883985256,-33.70810883985256,0.0,"[9.99200722162641e-16, 5.551115123125784e-17, 0.9999999999999989]",primal=Optimization terminated successfully; dual=outer=Optimization terminated successfully; inner=Optimization terminated successfully,1,-69.67927175604949,69.67927175604949,,phi2_10x_licenseclean_contcert_20260504_dare_ties_20260504_deep6_licenseclean,phi2_10x_licenseclean_contcert_20260504
dare_ties,triple,webglm2+webglm8+webglm10,-1.405931923028298,9.193041992187467,0,"[0.21141040276647508, 0.2425554214454375, 0.5460341757880874]","[0.2, 0.4, 0.4]",2.9876232147216797,"{""webglm10"": -8.094123077392545, ""webglm2"": -9.193041992187467, ""webglm8"": -4.667499732971159}",webglm2,continuous_primal_dual_psd,6,-1.405931923028298,-1.4059319237991903,7.708922389326744e-10,"[0.6962410052323041, 4.579164401098179e-18, 0.3037589947676959]",primal=Positive directional derivative for linesearch; dual=outer=Optimization terminated successfully; inner=Optimization terminated successfully,1,-191.74211516079103,191.74211516079103,,phi2_10x_licenseclean_contcert_20260504_dare_ties_20260504_deep6_licenseclean,phi2_10x_licenseclean_contcert_20260504
dare_ties,triple,webglm2+webglm8+webglm9,-2.1482559017797147,17.91553802490231,0,"[0.20000000000037907, 0.2, 0.599999999999621]","[0.2, 0.4, 0.4]",1.278066635131836,"{""webglm2"": -17.573288154602018, ""webglm8"": -15.562084388732877, ""webglm9"": -17.91553802490231}",webglm9,continuous_primal_dual_psd,6,-2.1482559017797147,-2.1482559017797147,0.0,"[0.0, 1.0, 0.0]",primal=Optimization terminated successfully; dual=outer=Optimization terminated successfully; inner=Optimization terminated successfully,1,-330.70130988952167,330.7013098895217,,phi2_10x_licenseclean_contcert_20260504_dare_ties_20260504_deep6_licenseclean,phi2_10x_licenseclean_contcert_20260504
dare_ties,triple,webglm2+webglm9+webglm10,-19.845964309110688,-19.109412956237826,1,"[0.2000000000000001, 0.5915694547819308, 0.20843054521806914]","[0.2, 0.4, 0.4]",13.317322731018066,"{""webglm10"": 19.109412956237826, ""webglm2"": 22.96299629211429, ""webglm9"": 22.66366176605228}",webglm10,continuous_primal_dual_psd,6,-19.845964309110688,-19.845964309110688,0.0,"[0.0, 1.0, 0.0]",primal=Optimization terminated successfully; dual=outer=Optimization terminated successfully; inner=Optimization terminated successfully,1,-116.88342537448327,116.88342537448328,,phi2_10x_licenseclean_contcert_20260504_dare_ties_20260504_deep6_licenseclean,phi2_10x_licenseclean_contcert_20260504
dare_ties,triple,webglm3+webglm4+webglm10,3.8000228994404006,10.499122810363737,0,"[0.2000000000000664, 0.2, 0.5999999999999336]","[0.2, 0.2, 0.6]",0.0,"{""webglm10"": -10.499122810363737, ""webglm3"": -3.7414342880248697, ""webglm4"": -9.354999732971159}",webglm10,continuous_primal_dual_psd,6,3.8000228994404006,3.8000228994404006,0.0,"[0.0, 0.0, 1.0]",primal=Optimization terminated successfully; dual=outer=Optimization terminated successfully; inner=Optimization terminated successfully,1,-264.4662424178241,264.4662424178241,,phi2_10x_licenseclean_contcert_20260504_dare_ties_20260504_deep6_licenseclean,phi2_10x_licenseclean_contcert_20260504
dare_ties,triple,webglm3+webglm4+webglm5,38.174608421325665,49.04992885589596,0,"[0.2, 0.2, 0.6]","[0.2, 0.4, 0.4]",5.781245231628418,"{""webglm3"": -49.04992885589596, ""webglm4"": -48.26867885589596, ""webglm5"": -46.90363712310788}",webglm3,continuous_primal_dual_psd,6,38.174608421325665,38.17460842132565,1.4210854715202004e-14,"[1.049160758270762e-14, 0.9999999999999896, 0.0]",primal=Optimization terminated successfully; dual=outer=Optimization terminated successfully; inner=Optimization terminated successfully,1,-380.2470945534899,380.2470945534899,,phi2_10x_licenseclean_contcert_20260504_dare_ties_20260504_deep6_licenseclean,phi2_10x_licenseclean_contcert_20260504
dare_ties,triple,webglm3+webglm4+webglm6,-6.237083711652042,9.206774902343717,0,"[0.2, 0.20995382339963334, 0.5900461766003666]","[0.2, 0.2, 0.6]",0.0,"{""webglm3"": -9.148982238769499, ""webglm4"": -9.206774902343717, ""webglm6"": -4.666355323791471}",webglm4,continuous_primal_dual_psd,6,-6.237083711652042,-6.237083711661558,9.515943588667142e-12,"[0.8766836317143186, 6.825213515628994e-16, 0.12331636828568061]",primal=Optimization terminated successfully; dual=outer=Optimization terminated successfully; inner=Optimization terminated successfully,1,-46.23596488477109,46.23596488477109,,phi2_10x_licenseclean_contcert_20260504_dare_ties_20260504_deep6_licenseclean,phi2_10x_licenseclean_contcert_20260504
dare_ties,triple,webglm3+webglm4+webglm7,0.32834027028309976,32.45137042999264,0,"[0.2452026483892716, 0.2, 0.5547973516107284]","[0.2, 0.2, 0.6]",0.0,"{""webglm3"": -32.45137042999264, ""webglm4"": -32.33232803344723, ""webglm7"": -29.044225883483854}",webglm3,continuous_primal_dual_psd,6,0.32834027028309976,0.3283402702829977,1.0202949596305189e-13,"[0.3987986864250731, 0.6012013135749269, 0.0]",primal=Optimization terminated successfully; dual=outer=Optimization terminated successfully; inner=Optimization terminated successfully,1,-114.67454251219819,114.6745425121982,,phi2_10x_licenseclean_contcert_20260504_dare_ties_20260504_deep6_licenseclean,phi2_10x_licenseclean_contcert_20260504
dare_ties,triple,webglm3+webglm4+webglm8,13.434589567287533,25.47164268493649,0,"[0.30670573414793856, 0.2, 0.4932942658520614]","[0.2, 0.2, 0.6]",8.09180736541748,"{""webglm3"": -20.862558555602995, ""webglm4"": -19.675520133972135, ""webglm8"": -25.47164268493649}",webglm8,continuous_primal_dual_psd,6,13.434589567287533,13.434589567286867,6.661338147750939e-13,"[0.0, 0.9999999999999993, 7.216449660063513e-16]",primal=Optimization terminated successfully; dual=outer=Optimization terminated successfully; inner=Optimization terminated successfully,1,-431.7137866656553,431.71378666565533,,phi2_10x_licenseclean_contcert_20260504_dare_ties_20260504_deep6_licenseclean,phi2_10x_licenseclean_contcert_20260504
dare_ties,triple,webglm3+webglm4+webglm9,-18.56634979301777,19.19703788757321,0,"[0.20000000000000712, 0.26175703203418144, 0.5382429679658114]","[0.2, 0.6, 0.2]",0.7852792739868164,"{""webglm3"": -18.53483028411862, ""webglm4"": -19.19703788757321, ""webglm9"": -16.14816493988034}",webglm4,continuous_primal_dual_psd,6,-18.56634979301777,-18.56634979305387,3.609912369029189e-11,"[0.0, 0.39481454731612237, 0.6051854526838776]",primal=Optimization terminated successfully; dual=outer=Optimization terminated successfully; inner=Optimization terminated successfully,1,-29.659264498514446,29.659264498514442,,phi2_10x_licenseclean_contcert_20260504_dare_ties_20260504_deep6_licenseclean,phi2_10x_licenseclean_contcert_20260504
dare_ties,triple,webglm3+webglm5+webglm10,1.600819360921745,12.721541595458952,0,"[0.2, 0.20000000000010865, 0.5999999999998913]","[0.2, 0.2, 0.6]",0.0,"{""webglm10"": -9.312084388732877, ""webglm3"": -8.289292526245085, ""webglm5"": -12.721541595458952}",webglm5,continuous_primal_dual_psd,6,1.600819360921745,1.600819360921745,0.0,"[0.0, 0.0, 1.0]",primal=Optimization terminated successfully; dual=outer=Optimization terminated successfully; inner=Optimization terminated successfully,1,-257.53814653464974,257.53814653464974,,phi2_10x_licenseclean_contcert_20260504_dare_ties_20260504_deep6_licenseclean,phi2_10x_licenseclean_contcert_20260504
dare_ties,triple,webglm3+webglm5+webglm6,3.3380511177163226,26.956895065307585,0,"[0.218593430182777, 0.2, 0.581406569817223]","[0.2, 0.2, 0.6]",0.0,"{""webglm3"": -26.956895065307585, ""webglm5"": -25.10993785858151, ""webglm6"": -25.95241374969479}",webglm3,continuous_primal_dual_psd,6,3.3380511177163226,3.338051117713129,3.1934455080318003e-12,"[0.6657773076615916, 0.3342226923383916, 1.6857588729882886e-14]",primal=Optimization terminated successfully; dual=outer=Optimization terminated successfully; inner=Optimization terminated successfully,1,-105.44447263737239,105.4444726373724,,phi2_10x_licenseclean_contcert_20260504_dare_ties_20260504_deep6_licenseclean,phi2_10x_licenseclean_contcert_20260504
dare_ties,triple,webglm3+webglm5+webglm7,13.008346548996398,35.698869895935026,0,"[0.25459481878601475, 0.26237915080603835, 0.4830260304079469]","[0.4, 0.2, 0.4]",2.0238161087036133,"{""webglm3"": -35.698869895935026, ""webglm5"": -33.217743110656706, ""webglm7"": -33.998993110656706}",webglm3,continuous_primal_dual_psd,6,13.008346548996398,13.008346548990843,5.554667836804583e-12,"[0.592830107666242, 2.1224104559351004e-16, 0.40716989233375783]",primal=Optimization terminated successfully; dual=outer=Optimization terminated successfully; inner=Optimization terminated successfully,1,-130.36282896989604,130.36282896989604,,phi2_10x_licenseclean_contcert_20260504_dare_ties_20260504_deep6_licenseclean,phi2_10x_licenseclean_contcert_20260504
dare_ties,triple,webglm3+webglm5+webglm8,25.249680626910884,13.218334388732877,0,"[0.2, 0.2, 0.6]","[0.2, 0.2, 0.6]",0.0,"{""webglm3"": -6.125834655761686, ""webglm5"": -13.218334388732877, ""webglm8"": -5.190065574645963}",webglm5,continuous_primal_dual_psd,6,25.249680626910884,25.249680626910884,0.0,"[0.0, 0.0, 1.0]",primal=Optimization terminated successfully; dual=outer=Optimization terminated successfully; inner=Optimization terminated successfully,1,-952.9863958709345,952.9863958709344,,phi2_10x_licenseclean_contcert_20260504_dare_ties_20260504_deep6_licenseclean,phi2_10x_licenseclean_contcert_20260504
dare_ties,triple,webglm3+webglm5+webglm9,2.487644899998275,25.0549823760986,0,"[0.2, 0.2, 0.6]","[0.2, 0.2, 0.6]",0.0,"{""webglm3"": -14.728167724609342, ""webglm5"": -25.0549823760986, ""webglm9"": -18.77923316955563}",webglm5,continuous_primal_dual_psd,6,2.487644899998275,2.487644899998275,0.0,"[0.0, 1.0, 0.0]",primal=Optimization terminated successfully; dual=outer=Optimization terminated successfully; inner=Optimization terminated successfully,1,-448.539263503843,448.539263503843,,phi2_10x_licenseclean_contcert_20260504_dare_ties_20260504_deep6_licenseclean,phi2_10x_licenseclean_contcert_20260504
dare_ties,triple,webglm3+webglm6+webglm10,6.5354932025500565,5.689147186279264,0,"[0.2, 0.2, 0.6]","[0.2, 0.2, 0.6]",0.0,"{""webglm10"": -3.6618978500365884, ""webglm3"": -5.689147186279264, ""webglm6"": -2.0993978500365884}",webglm3,continuous_primal_dual_psd,6,6.5354932025500565,6.5354932025500565,0.0,"[1.0, 0.0, 0.0]",primal=Optimization terminated successfully; dual=outer=Optimization terminated successfully; inner=Optimization terminated successfully,1,-453.57287736134765,453.5728773613476,,phi2_10x_licenseclean_contcert_20260504_dare_ties_20260504_deep6_licenseclean,phi2_10x_licenseclean_contcert_20260504
dare_ties,triple,webglm3+webglm6+webglm7,-10.481098066793997,14.627435874938932,0,"[0.2, 0.39802937241971864, 0.40197062758028135]","[0.2, 0.4, 0.4]",0.0,"{""webglm3"": -13.046625328063932, ""webglm6"": -14.627435874938932, ""webglm7"": -14.112332534790006}",webglm6,continuous_primal_dual_psd,6,-10.481098066793997,-10.481098066793997,0.0,"[0.0, 1.0, 0.0]",primal=Optimization terminated successfully; dual=outer=Optimization terminated successfully; inner=Optimization terminated successfully,1,-281.9492623552303,281.94926235523025,,phi2_10x_licenseclean_contcert_20260504_dare_ties_20260504_deep6_licenseclean,phi2_10x_licenseclean_contcert_20260504
dare_ties,triple,webglm3+webglm6+webglm8,95.68617995431057,6.942561340331999,0,"[0.2, 0.2, 0.6]","[0.2, 0.2, 0.6]",0.0,"{""webglm3"": -5.207207870483366, ""webglm6"": -6.942561340331999, ""webglm8"": -5.1642925262450845}",webglm6,continuous_primal_dual_psd,6,95.68617995431057,95.68617995431042,1.5631940186722204e-13,"[1.4821477378745748e-14, 0.0, 0.9999999999999851]",primal=Optimization terminated successfully; dual=outer=Optimization terminated successfully; inner=Optimization terminated successfully,1,-2730.2416920280375,2730.241692028037,,phi2_10x_licenseclean_contcert_20260504_dare_ties_20260504_deep6_licenseclean,phi2_10x_licenseclean_contcert_20260504
dare_ties,triple,webglm3+webglm6+webglm9,-7.349900479189579,-0.4172056198120444,1,"[0.2, 0.2000000000003355, 0.5999999999996645]","[0.2, 0.6, 0.2]",7.368350028991699,"{""webglm3"": 0.4172056198120444, ""webglm6"": 0.42464427948001315, ""webglm9"": 3.525039482116732}",webglm3,continuous_primal_dual_psd,6,-7.349900479189579,-7.349900479189579,0.0,"[0.0, 0.0, 1.0]",primal=Optimization terminated successfully; dual=outer=Optimization terminated successfully; inner=Optimization terminated successfully,1,-248.16084333715494,248.16084333715497,,phi2_10x_licenseclean_contcert_20260504_dare_ties_20260504_deep6_licenseclean,phi2_10x_licenseclean_contcert_20260504
dare_ties,triple,webglm3+webglm7+webglm10,-3.955767964806136,6.98550052642819,0,"[0.2, 0.31829245225968134, 0.48170754774031865]","[0.2, 0.4, 0.4]",0.0,"{""webglm10"": -6.98550052642819, ""webglm3"": -6.591728401184049, ""webglm7"": -2.839997482299772}",webglm10,continuous_primal_dual_psd,6,-3.955767964806136,-3.9557679648137096,7.573497384782968e-12,"[0.8171387646408684, 0.1828612353591216, 1.0066020748799253e-14]",primal=Optimization terminated successfully; dual=outer=Optimization terminated successfully; inner=Optimization terminated successfully,1,-25.007419928939356,25.007419928939353,,phi2_10x_licenseclean_contcert_20260504_dare_ties_20260504_deep6_licenseclean,phi2_10x_licenseclean_contcert_20260504
dare_ties,triple,webglm3+webglm7+webglm8,-1.8769712694234926,19.866660308837858,0,"[0.2, 0.4001725190143547, 0.39982748098564524]","[0.2, 0.4, 0.4]",0.0,"{""webglm3"": -18.132475090026823, ""webglm7"": -16.11495323181149, ""webglm8"": -19.866660308837858}",webglm8,continuous_primal_dual_psd,6,-1.8769712694234926,-1.8769712694234926,0.0,"[0.0, 1.0, 0.0]",primal=Optimization terminated successfully; dual=outer=Optimization terminated successfully; inner=Optimization terminated successfully,1,-421.43403678578323,421.4340367857832,,phi2_10x_licenseclean_contcert_20260504_dare_ties_20260504_deep6_licenseclean,phi2_10x_licenseclean_contcert_20260504
dare_ties,triple,webglm3+webglm7+webglm9,15.869628862453917,4.475763511657682,0,"[0.2, 0.2, 0.6]","[0.2, 0.2, 0.6]",0.0,"{""webglm3"": 1.5195577621460288, ""webglm7"": 3.784891891479525, ""webglm9"": -4.475763511657682}",webglm9,continuous_primal_dual_psd,6,15.869628862453917,15.869628862453917,0.0,"[0.0, 1.0, 0.0]",primal=Optimization terminated successfully; dual=outer=Optimization terminated successfully; inner=Optimization terminated successfully,1,-1007.5195795998029,1010.7423109955365,,phi2_10x_licenseclean_contcert_20260504_dare_ties_20260504_deep6_licenseclean,phi2_10x_licenseclean_contcert_20260504
dare_ties,triple,webglm3+webglm8+webglm10,-1.202659713433393,7.1657926559447915,0,"[0.20000000000009707, 0.2776026036768293, 0.5223973963230736]","[0.2, 0.4, 0.4]",3.8890838623046875,"{""webglm10"": -5.586126518249479, ""webglm3"": -7.1657926559447915, ""webglm8"": -6.349042129516569}",webglm3,continuous_primal_dual_psd,6,-1.202659713433393,-1.202659713433393,0.0,"[0.0, 1.0, 0.0]",primal=Optimization terminated successfully; dual=outer=Optimization terminated successfully; inner=Optimization terminated successfully,1,-268.3308327376817,268.3308327376817,,phi2_10x_licenseclean_contcert_20260504_dare_ties_20260504_deep6_licenseclean,phi2_10x_licenseclean_contcert_20260504
dare_ties,triple,webglm3+webglm8+webglm9,-16.088714155835362,13.486769866943327,0,"[0.2, 0.34147993438181085, 0.45852006561818914]","[0.2, 0.6, 0.2]",4.54554557800293,"{""webglm3"": -13.486769866943327, ""webglm8"": -6.334164810180631, ""webglm9"": -11.536791992187467}",webglm3,continuous_primal_dual_psd,6,-16.088714155835362,-16.088714155835362,0.0,"[0.0, 1.0, 0.0]",primal=Optimization terminated successfully; dual=outer=Optimization terminated successfully; inner=Optimization terminated successfully,1,-143.3487297941653,143.3487297941653,,phi2_10x_licenseclean_contcert_20260504_dare_ties_20260504_deep6_licenseclean,phi2_10x_licenseclean_contcert_20260504
dare_ties,triple,webglm3+webglm9+webglm10,-14.260529651635885,-3.6452262878418296,1,"[0.2, 0.3964354582077807, 0.40356454179221934]","[0.2, 0.2, 0.6]",0.9809970855712891,"{""webglm10"": 8.436319160461458, ""webglm3"": 6.821724700927767, ""webglm9"": 3.6452262878418296}",webglm9,continuous_primal_dual_psd,6,-14.260529651635885,-14.260529651635885,0.0,"[0.0, 0.0, 1.0]",primal=Optimization terminated successfully; dual=outer=Optimization terminated successfully; inner=Optimization terminated successfully,1,-292.531974307701,292.531974307701,,phi2_10x_licenseclean_contcert_20260504_dare_ties_20260504_deep6_licenseclean,phi2_10x_licenseclean_contcert_20260504
dare_ties,triple,webglm4+webglm5+webglm10,11.607006263746982,20.062974166870085,0,"[0.2000000000000357, 0.20000000000002607, 0.5999999999999382]","[0.2, 0.2, 0.6]",0.0,"{""webglm10"": -20.062974166870085, ""webglm4"": -18.02087135314938, ""webglm5"": -12.343791198730436}",webglm10,continuous_primal_dual_psd,6,11.607006263746982,11.607006263746982,0.0,"[0.0, 0.0, 1.0]",primal=Optimization terminated successfully; dual=outer=Optimization terminated successfully; inner=Optimization terminated successfully,1,-572.7526936048507,633.8018893594862,,phi2_10x_licenseclean_contcert_20260504_dare_ties_20260504_deep6_licenseclean,phi2_10x_licenseclean_contcert_20260504
dare_ties,triple,webglm4+webglm5+webglm6,21.785735834957762,24.646309089660612,0,"[0.2, 0.2, 0.6]","[0.2, 0.2, 0.6]",0.0,"{""webglm4"": -19.881561470031706, ""webglm5"": -24.646309089660612, ""webglm6"": -16.49041481018063}",webglm5,continuous_primal_dual_psd,6,21.785735834957762,21.785735834957762,0.0,"[1.0, 0.0, 0.0]",primal=Optimization terminated successfully; dual=outer=Optimization terminated successfully; inner=Optimization terminated successfully,1,-629.4810999579041,629.4810999579041,,phi2_10x_licenseclean_contcert_20260504_dare_ties_20260504_deep6_licenseclean,phi2_10x_licenseclean_contcert_20260504
dare_ties,triple,webglm4+webglm5+webglm7,21.75601751204165,35.64737148284909,0,"[0.2, 0.23167362432612995, 0.56832637567387]","[0.2, 0.2, 0.6]",0.0,"{""webglm4"": -31.23343296051022, ""webglm5"": -35.64737148284909, ""webglm7"": -33.90457935333249}",webglm5,continuous_primal_dual_psd,6,21.75601751204165,21.75601751204123,4.227729277772596e-13,"[0.9999999999999261, 7.399636459126122e-14, 0.0]",primal=Optimization terminated successfully; dual=outer=Optimization terminated successfully; inner=Optimization terminated successfully,1,-663.699476895868,663.699476895868,,phi2_10x_licenseclean_contcert_20260504_dare_ties_20260504_deep6_licenseclean,phi2_10x_licenseclean_contcert_20260504
dare_ties,triple,webglm4+webglm5+webglm8,8.601470162224432,20.80362148284909,0,"[0.2, 0.22656794183859857, 0.5734320581614014]","[0.2, 0.2, 0.6]",0.0,"{""webglm4"": -20.80362148284909, ""webglm5"": -19.136956405639616, ""webglm8"": -20.50197429656979}",webglm4,continuous_primal_dual_psd,6,8.601470162224432,8.601470162224432,0.0,"[0.0, 1.0, 0.0]",primal=Optimization terminated successfully; dual=outer=Optimization terminated successfully; inner=Optimization terminated successfully,1,-8.885636219146313,8.885636219146308,,phi2_10x_licenseclean_contcert_20260504_dare_ties_20260504_deep6_licenseclean,phi2_10x_licenseclean_contcert_20260504
dare_ties,triple,webglm4+webglm5+webglm9,19.947156381607073,25.488808822631803,0,"[0.2, 0.2, 0.6]","[0.2, 0.2, 0.6]",0.0,"{""webglm4"": -21.136143875122038, ""webglm5"": -25.488808822631803, ""webglm9"": -17.339208793640104}",webglm5,continuous_primal_dual_psd,6,19.947156381607073,19.947156381607073,0.0,"[0.0, 0.0, 1.0]",primal=Optimization terminated successfully; dual=outer=Optimization terminated successfully; inner=Optimization terminated successfully,1,-892.3578182158595,895.6390505053968,,phi2_10x_licenseclean_contcert_20260504_dare_ties_20260504_deep6_licenseclean,phi2_10x_licenseclean_contcert_20260504
dare_ties,triple,webglm4+webglm6+webglm10,-3.146576931947994,-1.7639368057251303,1,"[0.2, 0.20000000000018037, 0.5999999999998196]","[0.2, 0.4, 0.4]",6.730771064758301,"{""webglm10"": 1.7639368057251303, ""webglm4"": 5.112144279480013, ""webglm6"": 3.3264368057251303}",webglm10,continuous_primal_dual_psd,6,-3.146576931947994,-3.146576931947994,0.0,"[0.0, 0.0, 1.0]",primal=Optimization terminated successfully; dual=outer=Optimization terminated successfully; inner=Optimization terminated successfully,1,-331.47396416362903,331.473964163629,,phi2_10x_licenseclean_contcert_20260504_dare_ties_20260504_deep6_licenseclean,phi2_10x_licenseclean_contcert_20260504
dare_ties,triple,webglm4+webglm6+webglm7,27.592008619950356,21.245458793640104,0,"[0.2, 0.2, 0.6]","[0.2, 0.6, 0.2]",12.67399787902832,"{""webglm4"": -21.245458793640104, ""webglm6"": -16.93570919036862, ""webglm7"": -19.502666664123502}",webglm4,continuous_primal_dual_psd,6,27.592008619950356,27.592008619950356,0.0,"[0.0, 0.0, 1.0]",primal=Optimization terminated successfully; dual=outer=Optimization terminated successfully; inner=Optimization terminated successfully,1,-745.3949273971052,745.3949273971051,,phi2_10x_licenseclean_contcert_20260504_dare_ties_20260504_deep6_licenseclean,phi2_10x_licenseclean_contcert_20260504
dare_ties,triple,webglm4+webglm6+webglm8,10.52168970358802,11.262062263488737,0,"[0.2, 0.2, 0.6]","[0.2, 0.6, 0.2]",4.878640174865723,"{""webglm4"": -9.113457870483366, ""webglm6"": -11.262062263488737, ""webglm8"": -6.863024902343717}",webglm6,continuous_primal_dual_psd,6,10.52168970358802,10.52168970358802,0.0,"[0.0, 1.0, 0.0]",primal=Optimization terminated successfully; dual=outer=Optimization terminated successfully; inner=Optimization terminated successfully,1,-427.3463574312809,427.3463574312809,,phi2_10x_licenseclean_contcert_20260504_dare_ties_20260504_deep6_licenseclean,phi2_10x_licenseclean_contcert_20260504
dare_ties,triple,webglm4+webglm6+webglm9,-27.051791329460286,10.81848449707028,0,"[0.20000000000011575, 0.33094254117604893, 0.4690574588238353]","[0.2, 0.2, 0.6]",1.2213945388793945,"{""webglm4"": -10.262754631042448, ""webglm6"": -10.81848449707028, ""webglm9"": -10.56206531524655}",webglm6,continuous_primal_dual_psd,6,-27.051791329460286,-27.051791329460286,0.0,"[1.0, 0.0, 0.0]",primal=Optimization terminated successfully; dual=outer=Optimization terminated successfully; inner=Optimization terminated successfully,1,-653.8729948674156,653.8729948674156,,phi2_10x_licenseclean_contcert_20260504_dare_ties_20260504_deep6_licenseclean,phi2_10x_licenseclean_contcert_20260504
dare_ties,triple,webglm4+webglm7+webglm10,-6.9601307331760776,15.245583724975553,0,"[0.2356403973992956, 0.2681635939597802, 0.4961960086409243]","[0.2, 0.2, 0.6]",0.0,"{""webglm10"": -10.31654186248776, ""webglm4"": -15.245583724975553, ""webglm7"": -11.655834388732877}",webglm4,continuous_primal_dual_psd,6,-6.9601307331760776,-6.960130733308874,1.3279688459988392e-10,"[0.47711299957348585, 0.0, 0.522887000426514]",primal=Positive directional derivative for linesearch; dual=outer=Optimization terminated successfully; inner=Optimization terminated successfully,1,-56.05782736649331,56.057827366493285,,phi2_10x_licenseclean_contcert_20260504_dare_ties_20260504_deep6_licenseclean,phi2_10x_licenseclean_contcert_20260504
dare_ties,triple,webglm4+webglm7+webglm8,32.31519765853881,29.90272350311276,0,"[0.2, 0.2, 0.6]","[0.2, 0.2, 0.6]",0.0,"{""webglm4"": -26.432040405273405, ""webglm7"": -25.19691295623776, ""webglm8"": -29.90272350311276}",webglm8,continuous_primal_dual_psd,6,32.31519765853881,32.31519765853881,0.0,"[0.0, 0.0, 1.0]",primal=Optimization terminated successfully; dual=outer=Optimization terminated successfully; inner=Optimization terminated successfully,1,-933.522904004798,939.8634254410997,,phi2_10x_licenseclean_contcert_20260504_dare_ties_20260504_deep6_licenseclean,phi2_10x_licenseclean_contcert_20260504
dare_ties,triple,webglm4+webglm7+webglm9,-10.094002842060304,18.66019077301022,0,"[0.2, 0.2, 0.6]","[0.2, 0.4, 0.4]",4.395580291748047,"{""webglm4"": -18.163397979736295, ""webglm7"": -13.526251983642545, ""webglm9"": -18.66019077301022}",webglm9,continuous_primal_dual_psd,6,-10.094002842060304,-10.094002842060304,0.0,"[0.0, 0.0, 1.0]",primal=Optimization terminated successfully; dual=outer=Optimization terminated successfully; inner=Optimization terminated successfully,1,-447.82421861065586,447.82421861065586,,phi2_10x_licenseclean_contcert_20260504_dare_ties_20260504_deep6_licenseclean,phi2_10x_licenseclean_contcert_20260504
dare_ties,triple,webglm4+webglm8+webglm10,-6.050399063059892,7.630541992187467,0,"[0.2, 0.2966286590001358, 0.5033713409998641]","[0.2, 0.2, 0.6]",0.0,"{""webglm10"": -1.1058122634887368, ""webglm4"": -5.664518547058073, ""webglm8"": -7.630541992187467}",webglm8,continuous_primal_dual_psd,6,-6.050399063059892,-6.050399063059892,0.0,"[0.0, 0.0, 1.0]",primal=Optimization terminated successfully; dual=outer=Optimization terminated successfully; inner=Optimization terminated successfully,1,-151.99225477097966,151.99225477097966,,phi2_10x_licenseclean_contcert_20260504_dare_ties_20260504_deep6_licenseclean,phi2_10x_licenseclean_contcert_20260504
dare_ties,triple,webglm4+webglm8+webglm9,-11.19433721393807,14.05337162017819,0,"[0.20000000000001422, 0.32298765447882716, 0.47701234552115857]","[0.4, 0.4, 0.2]",2.1377086639404297,"{""webglm4"": -14.05337162017819, ""webglm8"": -13.023164939880338, ""webglm9"": -8.652165603637663}",webglm4,continuous_primal_dual_psd,6,-11.19433721393807,-11.194337213939338,1.2683187833317788e-12,"[0.0, 1.0, 0.0]",primal=Optimization terminated successfully; dual=outer=Optimization terminated successfully; inner=Optimization terminated successfully,1,-186.858315403046,186.858315403046,,phi2_10x_licenseclean_contcert_20260504_dare_ties_20260504_deep6_licenseclean,phi2_10x_licenseclean_contcert_20260504
dare_ties,triple,webglm4+webglm9+webglm10,-26.212631634554924,-16.281434822082552,1,"[0.20000000000002133, 0.4462201360127785, 0.3537798639872002]","[0.2, 0.4, 0.4]",0.0,"{""webglm10"": 18.489548492431673, ""webglm4"": 18.704768943786654, ""webglm9"": 16.281434822082552}",webglm9,continuous_primal_dual_psd,6,-26.212631634554924,-26.212631634557766,2.8421709430404007e-12,"[0.0, 0.0, 1.0]",primal=Optimization terminated successfully; dual=outer=Optimization terminated successfully; inner=Optimization terminated successfully,1,-226.4900364043661,226.49003640436615,,phi2_10x_licenseclean_contcert_20260504_dare_ties_20260504_deep6_licenseclean,phi2_10x_licenseclean_contcert_20260504
dare_ties,triple,webglm5+webglm6+webglm10,1.0550653667563148,4.400232505798307,0,"[0.2, 0.2, 0.6]","[0.2, 0.4, 0.4]",3.770017623901367,"{""webglm10"": -1.1893541336059243, ""webglm5"": -4.400232505798307, ""webglm6"": 1.2230604171753257}",webglm5,continuous_primal_dual_psd,6,1.0550653667563148,1.0550653667563148,0.0,"[0.0, 1.0, 0.0]",primal=Optimization terminated successfully; dual=outer=Optimization terminated successfully; inner=Optimization terminated successfully,1,-122.00572423161762,122.0057242316176,,phi2_10x_licenseclean_contcert_20260504_dare_ties_20260504_deep6_licenseclean,phi2_10x_licenseclean_contcert_20260504
dare_ties,triple,webglm5+webglm6+webglm7,1.9103899174081782,22.62881107330319,0,"[0.2, 0.4625993549387124, 0.33740064506128764]","[0.2, 0.6, 0.2]",8.40601921081543,"{""webglm5"": -13.843920898437467, ""webglm6"": -18.618395996093717, ""webglm7"": -22.62881107330319}",webglm7,continuous_primal_dual_psd,6,1.9103899174081782,1.910389917407529,6.492584248007915e-13,"[0.6192618098684455, 0.3807381901314757, 7.893090407538891e-14]",primal=Optimization terminated successfully; dual=outer=Optimization terminated successfully; inner=Optimization terminated successfully,1,-482.59100792453603,482.5910079245359,,phi2_10x_licenseclean_contcert_20260504_dare_ties_20260504_deep6_licenseclean,phi2_10x_licenseclean_contcert_20260504
dare_ties,triple,webglm5+webglm6+webglm8,-5.225330383818169,5.344584655761686,0,"[0.2, 0.2, 0.6]","[0.2, 0.2, 0.6]",0.0,"{""webglm5"": -5.344584655761686, ""webglm6"": 0.9031026840210288, ""webglm8"": 8.752247619628939}",webglm5,continuous_primal_dual_psd,6,-5.225330383818169,-5.225330383818169,0.0,"[0.0, 0.0, 1.0]",primal=Optimization terminated successfully; dual=outer=Optimization terminated successfully; inner=Optimization terminated successfully,1,-292.9019520360743,292.90195203607425,,phi2_10x_licenseclean_contcert_20260504_dare_ties_20260504_deep6_licenseclean,phi2_10x_licenseclean_contcert_20260504
dare_ties,triple,webglm5+webglm6+webglm9,-11.085325868937366,11.777165603637663,0,"[0.2639630558563474, 0.20000000000023566, 0.536036944143417]","[0.4, 0.4, 0.2]",1.465773582458496,"{""webglm5"": -11.252334785461393, ""webglm6"": -8.281853866577116, ""webglm9"": -11.777165603637663}",webglm9,continuous_primal_dual_psd,6,-11.085325868937366,-11.085325868937366,0.0,"[0.0, 0.0, 1.0]",primal=Optimization terminated successfully; dual=outer=Optimization terminated successfully; inner=Optimization terminated successfully,1,-332.1913262595126,332.19132625951266,,phi2_10x_licenseclean_contcert_20260504_dare_ties_20260504_deep6_licenseclean,phi2_10x_licenseclean_contcert_20260504
dare_ties,triple,webglm5+webglm7+webglm10,-7.194741484019964,11.09779186248776,0,"[0.26500034364511466, 0.34895956627949465, 0.38604009007539064]","[0.2, 0.2, 0.6]",5.0148725509643555,"{""webglm10"": -8.256104660034147, ""webglm5"": -11.09779186248776, ""webglm7"": -4.159835052490202}",webglm5,continuous_primal_dual_psd,6,-7.194741484019964,-7.194741484019971,7.105427357601002e-15,"[1.502002249156829e-17, 0.9410468833343842, 0.058953116665615805]",primal=Optimization terminated successfully; dual=outer=Optimization terminated successfully; inner=Optimization terminated successfully,1,-26.645786931415216,26.645786931415223,,phi2_10x_licenseclean_contcert_20260504_dare_ties_20260504_deep6_licenseclean,phi2_10x_licenseclean_contcert_20260504
dare_ties,triple,webglm5+webglm7+webglm8,-10.828498826956313,20.877435874938932,0,"[0.2, 0.5071484710414679, 0.29285152895853206]","[0.2, 0.2, 0.6]",2.2161245346069336,"{""webglm5"": -10.99706001281735, ""webglm7"": -20.877435874938932, ""webglm8"": -20.844224166870085}",webglm7,continuous_primal_dual_psd,6,-10.828498826956313,-10.828498826956313,0.0,"[0.0, 0.0, 1.0]",primal=Optimization terminated successfully; dual=outer=Optimization terminated successfully; inner=Optimization terminated successfully,1,-591.7571201494602,591.7571201494601,,phi2_10x_licenseclean_contcert_20260504_dare_ties_20260504_deep6_licenseclean,phi2_10x_licenseclean_contcert_20260504
dare_ties,triple,webglm5+webglm7+webglm9,-14.024934613698742,12.865188789367643,0,"[0.2000000000000035, 0.21809294327829826, 0.5819070567216982]","[0.2, 0.4, 0.4]",1.027369499206543,"{""webglm5"": -4.424265098571745, ""webglm7"": -12.865188789367643, ""webglm9"": -7.370689582824674}",webglm7,continuous_primal_dual_psd,6,-14.024934613698742,-14.024934613698742,0.0,"[1.0, 0.0, 0.0]",primal=Optimization terminated successfully; dual=outer=Optimization terminated successfully; inner=Optimization terminated successfully,0,37.9343669594646,0.0,,phi2_10x_licenseclean_contcert_20260504_dare_ties_20260504_deep6_licenseclean,phi2_10x_licenseclean_contcert_20260504
dare_ties,triple,webglm5+webglm8+webglm10,15.886225455268864,0.07329292297360013,0,"[0.2, 0.20000000000005685, 0.5999999999999431]","[0.2, 0.2, 0.6]",0.0,"{""webglm10"": -0.07329292297360013, ""webglm5"": 4.827687072753939, ""webglm8"": 1.1543958663940757}",webglm10,continuous_primal_dual_psd,6,15.886225455268864,15.886225455268713,1.509903313490213e-13,"[0.999999999999905, 9.492406860544186e-14, 0.0]",primal=Optimization terminated successfully; dual=outer=Optimization terminated successfully; inner=Optimization terminated successfully,1,-767.1198428852063,767.1198428852063,,phi2_10x_licenseclean_contcert_20260504_dare_ties_20260504_deep6_licenseclean,phi2_10x_licenseclean_contcert_20260504
dare_ties,triple,webglm5+webglm8+webglm9,-11.497550809591647,4.562190246581999,0,"[0.21465039633074362, 0.2, 0.5853496036692564]","[0.2, 0.6, 0.2]",15.764665603637695,"{""webglm5"": -4.381898117065397, ""webglm8"": -3.11131782531735, ""webglm9"": -4.562190246581999}",webglm9,continuous_primal_dual_psd,6,-11.497550809591647,-11.497550809687981,9.633360775751498e-11,"[1.5341152041359278e-15, 0.10776103610982853, 0.8922389638901699]",primal=Optimization terminated successfully; dual=outer=Optimization terminated successfully; inner=Optimization terminated successfully,1,-819.825310365514,820.3524271189591,,phi2_10x_licenseclean_contcert_20260504_dare_ties_20260504_deep6_licenseclean,phi2_10x_licenseclean_contcert_20260504
dare_ties,triple,webglm5+webglm9+webglm10,-7.238701562240473,-10.44468574523929,1,"[0.2, 0.2, 0.6]","[0.2, 0.4, 0.4]",7.53779411315918,"{""webglm10"": 13.844987678527865, ""webglm5"": 15.614125061035189, ""webglm9"": 10.44468574523929}",webglm9,continuous_primal_dual_psd,6,-7.238701562240473,-7.238701562240473,0.0,"[0.0, 1.0, 0.0]",primal=Optimization terminated successfully; dual=outer=Optimization terminated successfully; inner=Optimization terminated successfully,1,-197.01858614425478,197.0185861442548,,phi2_10x_licenseclean_contcert_20260504_dare_ties_20260504_deep6_licenseclean,phi2_10x_licenseclean_contcert_20260504
dare_ties,triple,webglm6+webglm7+webglm10,-14.079405802055952,6.18593997955319,0,"[0.3034688349849137, 0.334201767624637, 0.36232939739044934]","[0.2, 0.2, 0.6]",0.6118297576904297,"{""webglm10"": -5.480817031860319, ""webglm6"": -2.3128778457641275, ""webglm7"": -6.18593997955319}",webglm7,continuous_primal_dual_psd,6,-14.079405802055952,-14.079405802055952,0.0,"[1.0, 0.0, 0.0]",primal=Optimization terminated successfully; dual=outer=Optimization terminated successfully; inner=Optimization terminated successfully,0,52.68287912143755,0.0,,phi2_10x_licenseclean_contcert_20260504_dare_ties_20260504_deep6_licenseclean,phi2_10x_licenseclean_contcert_20260504
dare_ties,triple,webglm6+webglm7+webglm8,-3.7454306943480606,16.03541679382321,0,"[0.3200504253160002, 0.2, 0.4799495746839998]","[0.4, 0.2, 0.4]",0.0,"{""webglm6"": -10.360601615905729, ""webglm7"": -16.03541679382321, ""webglm8"": -9.97314758300778}",webglm7,continuous_primal_dual_psd,6,-3.7454306943480606,-3.7454306949340035,5.859428497956287e-10,"[0.6595203685491146, 0.3404796314508853, 0.0]",primal=Optimization terminated successfully; dual=outer=Optimization terminated successfully; inner=Optimization terminated successfully,1,-384.44831194715243,384.4483119471525,,phi2_10x_licenseclean_contcert_20260504_dare_ties_20260504_deep6_licenseclean,phi2_10x_licenseclean_contcert_20260504
dare_ties,triple,webglm6+webglm7+webglm9,-14.741260424064208,1.1796504974364908,0,"[0.43789872701612015, 0.2, 0.36210127298387984]","[0.4, 0.2, 0.4]",0.0,"{""webglm6"": 2.479955482482943, ""webglm7"": -1.1796504974364908, ""webglm9"": 4.110547828674349}",webglm7,continuous_primal_dual_psd,6,-14.741260424064208,-14.741260424064208,0.0,"[1.0, 0.0, 0.0]",primal=Optimization terminated successfully; dual=outer=Optimization terminated successfully; inner=Optimization terminated successfully,1,-485.9987444517353,485.9987444517354,,phi2_10x_licenseclean_contcert_20260504_dare_ties_20260504_deep6_licenseclean,phi2_10x_licenseclean_contcert_20260504
dare_ties,triple,webglm6+webglm8+webglm10,19.903376361255773,-1.111432838439974,1,"[0.20000000000005685, 0.20000000000003787, 0.5999999999999053]","[0.2, 0.2, 0.6]",0.0,"{""webglm10"": 1.111432838439974, ""webglm6"": 3.0774562835693686, ""webglm8"": 2.47649841308597}",webglm10,continuous_primal_dual_psd,6,19.903376361255773,19.903376361255773,0.0,"[0.0, 0.0, 1.0]",primal=Optimization terminated successfully; dual=outer=Optimization terminated successfully; inner=Optimization terminated successfully,1,-876.3961979804558,876.3961979804559,,phi2_10x_licenseclean_contcert_20260504_dare_ties_20260504_deep6_licenseclean,phi2_10x_licenseclean_contcert_20260504
dare_ties,triple,webglm6+webglm8+webglm9,-2.1843269379406878,8.123329353332487,0,"[0.2, 0.2, 0.6]","[0.2, 0.2, 0.6]",0.0,"{""webglm6"": -8.123329353332487, ""webglm8"": -5.626753044128385, ""webglm9"": -4.408815574645963}",webglm6,continuous_primal_dual_psd,6,-2.1843269379406878,-2.1843269379406878,0.0,"[0.0, 1.0, 0.0]",primal=Optimization terminated successfully; dual=outer=Optimization terminated successfully; inner=Optimization terminated successfully,1,-819.8221384493236,819.8221384493237,,phi2_10x_licenseclean_contcert_20260504_dare_ties_20260504_deep6_licenseclean,phi2_10x_licenseclean_contcert_20260504
dare_ties,triple,webglm6+webglm9+webglm10,-5.238980974003849,-20.183703231811556,1,"[0.2, 0.2, 0.6]","[0.2, 0.6, 0.2]",7.5400590896606445,"{""webglm10"": 20.183703231811556, ""webglm6"": 21.12862758636478, ""webglm9"": 23.05001907348636}",webglm10,continuous_primal_dual_psd,6,-5.238980974003849,-5.238980974003849,0.0,"[0.0, 0.0, 1.0]",primal=Optimization terminated successfully; dual=outer=Optimization terminated successfully; inner=Optimization terminated successfully,1,-566.029547248787,566.029547248787,,phi2_10x_licenseclean_contcert_20260504_dare_ties_20260504_deep6_licenseclean,phi2_10x_licenseclean_contcert_20260504
dare_ties,triple,webglm7+webglm8+webglm10,13.783971569168697,3.713396263122526,0,"[0.2, 0.2, 0.6]","[0.2, 0.2, 0.6]",0.0,"{""webglm10"": 6.864640045166048, ""webglm7"": 1.5075176239013999, ""webglm8"": -3.713396263122526}",webglm8,continuous_primal_dual_psd,6,13.783971569168697,13.783971569168697,0.0,"[1.0, 0.0, 0.0]",primal=Optimization terminated successfully; dual=outer=Optimization terminated successfully; inner=Optimization terminated successfully,1,-823.5550994167713,823.5550994167714,,phi2_10x_licenseclean_contcert_20260504_dare_ties_20260504_deep6_licenseclean,phi2_10x_licenseclean_contcert_20260504
dare_ties,triple,webglm7+webglm8+webglm9,-24.25790029547393,1.6855747222900064,0,"[0.28564853991348405, 0.2, 0.514351460086516]","[0.2, 0.2, 0.6]",0.0,"{""webglm7"": 2.9326646804809897, ""webglm8"": -1.6855747222900064, ""webglm9"": 0.8476226806640952}",webglm8,continuous_primal_dual_psd,6,-24.25790029547393,-24.25790029547393,0.0,"[1.0, 0.0, 0.0]",primal=Optimization terminated successfully; dual=outer=Optimization terminated successfully; inner=Optimization terminated successfully,1,-361.39354198886537,361.3935419888653,,phi2_10x_licenseclean_contcert_20260504_dare_ties_20260504_deep6_licenseclean,phi2_10x_licenseclean_contcert_20260504
dare_ties,triple,webglm7+webglm9+webglm10,10.461874782153497,-15.59750728607181,1,"[0.2, 0.2, 0.6]","[0.2, 0.4, 0.4]",1.4938116073608398,"{""webglm10"": 15.59750728607181, ""webglm7"": 21.16241149902347, ""webglm9"": 24.742981719970736}",webglm10,continuous_primal_dual_psd,6,10.461874782153497,10.461874782153497,0.0,"[0.0, 1.0, 0.0]",primal=Optimization terminated successfully; dual=outer=Optimization terminated successfully; inner=Optimization terminated successfully,1,-952.6358991980559,952.6358991980559,,phi2_10x_licenseclean_contcert_20260504_dare_ties_20260504_deep6_licenseclean,phi2_10x_licenseclean_contcert_20260504
dare_ties,triple,webglm8+webglm9+webglm10,-14.536978076540963,-18.94514255523685,1,"[0.2, 0.2000000000000314, 0.5999999999999686]","[0.2, 0.4, 0.4]",1.5544891357421875,"{""webglm10"": 18.94514255523685, ""webglm8"": 21.35014228820804, ""webglm9"": 24.767038154602083}",webglm10,continuous_primal_dual_psd,6,-14.536978076540963,-14.536978076540963,0.0,"[1.0, 0.0, 0.0]",primal=Optimization terminated successfully; dual=outer=Optimization terminated successfully; inner=Optimization terminated successfully,1,-168.47655381970424,168.47655381970424,,phi2_10x_licenseclean_contcert_20260504_dare_ties_20260504_deep6_licenseclean,phi2_10x_licenseclean_contcert_20260504
linear,pair,webglm1+webglm10,28.103140174066304,27.647116851806608,0,"[0.2583183038435305, 0.7416816961564695]","[0.2, 0.8]",0.0,"{""webglm1"": -23.534825515747038, ""webglm10"": -27.647116851806608}",webglm10,continuous_primal_dual_psd,4,28.103140174066304,28.103140174066255,4.973799150320701e-14,"[0.401871862825212, 0.5981281371747881]",primal=Optimization terminated successfully; dual=outer=Optimization terminated successfully; inner=Optimization terminated successfully,0,730.3929328918451,0.0,,phi2_10x_licenseclean_contcert_20260504_linear_20260504_deep6_licenseclean,phi2_10x_licenseclean_contcert_20260504
linear,pair,webglm1+webglm2,239.0252290981372,262.8749401092529,0,"[0.37996726075333365, 0.6200327392466664]","[0.8, 0.2]",20.777225494384766,"{""webglm1"": -262.8749401092529, ""webglm2"": -259.7499401092529}",webglm1,continuous_primal_dual_psd,4,239.0252290981372,239.02522909813206,5.144329406903125e-12,"[0.06326519357573665, 0.9367348064242633]",primal=Optimization terminated successfully; dual=outer=Optimization terminated successfully; inner=Optimization terminated successfully,0,1.0147690773009252,0.0,,phi2_10x_licenseclean_contcert_20260504_linear_20260504_deep6_licenseclean,phi2_10x_licenseclean_contcert_20260504
linear,pair,webglm1+webglm3,194.9978847026826,245.31767673492428,0,"[0.2, 0.8]","[0.2, 0.8]",0.0,"{""webglm1"": -244.011595916748, ""webglm3"": -245.31767673492428}",webglm3,continuous_primal_dual_psd,4,194.9978847026826,194.9978847026826,0.0,"[1.0, 5.551115123125783e-17]",primal=Optimization terminated successfully; dual=outer=Optimization terminated successfully; inner=Optimization terminated successfully,1,-11.16067171096901,11.16067171096901,,phi2_10x_licenseclean_contcert_20260504_linear_20260504_deep6_licenseclean,phi2_10x_licenseclean_contcert_20260504
linear,pair,webglm1+webglm4,161.10075898170467,217.72268123626705,0,"[0.2, 0.8]","[0.4, 0.6]",30.7692289352417,"{""webglm1"": -217.60361499786373, ""webglm4"": -217.72268123626705}",webglm4,continuous_primal_dual_psd,4,161.10075898170467,161.10075898170467,0.0,"[1.0, 0.0]",primal=Optimization terminated successfully; dual=outer=Optimization terminated successfully; inner=Optimization terminated successfully,0,137.2262835502625,0.0,,phi2_10x_licenseclean_contcert_20260504_linear_20260504_deep6_licenseclean,phi2_10x_licenseclean_contcert_20260504
linear,pair,webglm1+webglm5,131.88074826017657,197.06106491088863,0,"[0.302976163663509, 0.697023836336491]","[0.6, 0.4]",8.4306001663208,"{""webglm1"": -195.13798065185543, ""webglm5"": -197.06106491088863}",webglm5,continuous_primal_dual_psd,4,131.88074826017657,131.88074826017657,0.0,"[5.551115123125783e-17, 1.0]",primal=Optimization terminated successfully; dual=outer=Optimization terminated successfully; inner=Optimization terminated successfully,0,402.29320526123047,0.0,,phi2_10x_licenseclean_contcert_20260504_linear_20260504_deep6_licenseclean,phi2_10x_licenseclean_contcert_20260504
linear,pair,webglm1+webglm6,80.05876727104183,156.20024509429928,0,"[0.2, 0.8]","[0.4, 0.6]",30.275869369506836,"{""webglm1"": -156.20024509429928, ""webglm6"": -154.15809459686275}",webglm1,continuous_primal_dual_psd,4,80.05876727104183,80.05876727104183,0.0,"[0.0, 1.0]",primal=Optimization terminated successfully; dual=outer=Optimization terminated successfully; inner=Optimization terminated successfully,0,340.90965986251797,0.0,,phi2_10x_licenseclean_contcert_20260504_linear_20260504_deep6_licenseclean,phi2_10x_licenseclean_contcert_20260504
linear,pair,webglm1+webglm7,130.73347396850593,236.06744117736812,0,"[0.2, 0.8]","[0.6, 0.4]",4.182720184326172,"{""webglm1"": -235.118511390686, ""webglm7"": -236.06744117736812}",webglm7,continuous_primal_dual_psd,4,130.73347396850593,130.73347396850593,0.0,"[0.0, 1.0]",primal=Optimization terminated successfully; dual=outer=Optimization terminated successfully; inner=Optimization terminated successfully,1,-83.70488882064816,83.70488882064816,,phi2_10x_licenseclean_contcert_20260504_linear_20260504_deep6_licenseclean,phi2_10x_licenseclean_contcert_20260504
linear,pair,webglm1+webglm8,73.20417036559621,149.43743057250973,0,"[0.25871680111250495, 0.741283198887495]","[0.4, 0.6]",5.643296241760254,"{""webglm1"": -143.0683643341064, ""webglm8"": -149.43743057250973}",webglm8,continuous_primal_dual_psd,4,73.20417036559621,73.20417036559621,0.0,"[1.942890293094024e-15, 0.999999999999998]",primal=Optimization terminated successfully; dual=outer=Optimization terminated successfully; inner=Optimization terminated successfully,0,515.9291625022889,0.0,,phi2_10x_licenseclean_contcert_20260504_linear_20260504_deep6_licenseclean,phi2_10x_licenseclean_contcert_20260504
linear,pair,webglm1+webglm9,87.19857878684994,185.95071144104,0,"[0.2, 0.8]","[0.6, 0.4]",73.85184764862063,"{""webglm1"": -185.95071144104, ""webglm9"": -180.3371459960937}",webglm1,continuous_primal_dual_psd,4,87.19857878684994,87.19857878684994,0.0,"[0.0, 1.0]",primal=Optimization terminated successfully; dual=outer=Optimization terminated successfully; inner=Optimization terminated successfully,0,302.6075661182403,0.0,,phi2_10x_licenseclean_contcert_20260504_linear_20260504_deep6_licenseclean,phi2_10x_licenseclean_contcert_20260504
linear,pair,webglm2+webglm10,37.51244295180741,35.63247032165524,0,"[0.2215270974281691, 0.7784729025718309]","[0.2, 0.8]",0.0,"{""webglm10"": -35.63247032165524, ""webglm2"": -30.2140981674194}",webglm10,continuous_primal_dual_psd,4,37.51244295180741,37.51244295180741,0.0,"[0.0, 1.0]",primal=Optimization terminated successfully; dual=outer=Optimization terminated successfully; inner=Optimization terminated successfully,0,577.0596861839292,0.0,,phi2_10x_licenseclean_contcert_20260504_linear_20260504_deep6_licenseclean,phi2_10x_licenseclean_contcert_20260504
linear,pair,webglm2+webglm3,161.82177009956018,209.59768600463863,0,"[0.30294674616144507, 0.697053253838555]","[0.4, 0.6]",0.0,"{""webglm2"": -209.59768600463863, ""webglm3"": -209.49352092742916}",webglm2,continuous_primal_dual_psd,4,161.82177009956018,161.82177009956018,0.0,"[1.0, 0.0]",primal=Optimization terminated successfully; dual=outer=Optimization terminated successfully; inner=Optimization terminated successfully,0,323.66067171096785,0.0,,phi2_10x_licenseclean_contcert_20260504_linear_20260504_deep6_licenseclean,phi2_10x_licenseclean_contcert_20260504
linear,pair,webglm2+webglm4,113.41354462127666,185.10589904785152,0,"[0.25748080194795436, 0.7425191980520456]","[0.4, 0.6]",13.982391357421875,"{""webglm2"": -185.10589904785152, ""webglm4"": -184.0081483840942}",webglm2,continuous_primal_dual_psd,4,113.41354462127666,113.41354462127666,0.0,"[1.0, 0.0]",primal=Optimization terminated successfully; dual=outer=Optimization terminated successfully; inner=Optimization terminated successfully,0,200.38515329360968,0.0,,phi2_10x_licenseclean_contcert_20260504_linear_20260504_deep6_licenseclean,phi2_10x_licenseclean_contcert_20260504
linear,pair,webglm2+webglm5,161.9598307104501,221.94543190002437,0,"[0.2655687954299997, 0.7344312045700003]","[0.4, 0.6]",34.225034713745146,"{""webglm2"": -221.94543190002437, ""webglm5"": -221.3799507141113}",webglm2,continuous_primal_dual_psd,4,161.9598307104501,161.95983071043673,1.3358203432289883e-11,"[0.46475181198244514, 0.5352481880175549]",primal=Optimization terminated successfully; dual=outer=Optimization terminated successfully; inner=Optimization terminated successfully,0,237.41900920867914,0.0,,phi2_10x_licenseclean_contcert_20260504_linear_20260504_deep6_licenseclean,phi2_10x_licenseclean_contcert_20260504
linear,pair,webglm2+webglm6,79.19735736846924,178.67849178314205,0,"[0.2, 0.8]","[0.2, 0.8]",0.0,"{""webglm2"": -178.67849178314205, ""webglm6"": -177.37238712310787}",webglm2,continuous_primal_dual_psd,4,79.19735736846924,79.19735736846924,0.0,"[0.0, 1.0]",primal=Optimization terminated successfully; dual=outer=Optimization terminated successfully; inner=Optimization terminated successfully,0,270.6474065780634,0.0,,phi2_10x_licenseclean_contcert_20260504_linear_20260504_deep6_licenseclean,phi2_10x_licenseclean_contcert_20260504
linear,pair,webglm2+webglm7,80.62456782439814,202.00839347839351,0,"[0.20855445518211, 0.79144554481789]","[0.6, 0.4]",30.372023582458496,"{""webglm2"": -202.00839347839351, ""webglm7"": -199.13981266021725}",webglm2,continuous_primal_dual_psd,4,80.62456782439814,80.62456782439297,5.172751116333529e-12,"[0.0, 1.0]",primal=Optimization terminated successfully; dual=outer=Optimization terminated successfully; inner=Optimization terminated successfully,0,390.37138223648014,0.0,,phi2_10x_licenseclean_contcert_20260504_linear_20260504_deep6_licenseclean,phi2_10x_licenseclean_contcert_20260504
linear,pair,webglm2+webglm8,95.59345073699947,211.0514194488525,0,"[0.2, 0.8]","[0.2, 0.8]",0.0,"{""webglm2"": -211.0514194488525, ""webglm8"": -202.6024848937988}",webglm2,continuous_primal_dual_psd,4,95.59345073699947,95.59345073699947,0.0,"[0.0, 1.0]",primal=Optimization terminated successfully; dual=outer=Optimization terminated successfully; inner=Optimization terminated successfully,1,-41.09174013137864,41.09174013137864,,phi2_10x_licenseclean_contcert_20260504_linear_20260504_deep6_licenseclean,phi2_10x_licenseclean_contcert_20260504
linear,pair,webglm2+webglm9,89.97913475784651,194.64688606262203,0,"[0.2700324675534078, 0.7299675324465922]","[0.6, 0.4]",80.72917461395267,"{""webglm2"": -190.49165554046627, ""webglm9"": -194.64688606262203}",webglm9,continuous_primal_dual_psd,4,89.97913475784651,89.97913475784102,5.4853899200679734e-12,"[0.4935564414946828, 0.5064435585053172]",primal=Optimization terminated successfully; dual=outer=Optimization terminated successfully; inner=Optimization terminated successfully,0,573.7622082233421,0.0,,phi2_10x_licenseclean_contcert_20260504_linear_20260504_deep6_licenseclean,phi2_10x_licenseclean_contcert_20260504
linear,pair,webglm3+webglm10,29.913914608963644,35.228970718383756,0,"[0.3484780678181367, 0.6515219321818633]","[0.2, 0.8]",10.622143745422363,"{""webglm10"": -35.228970718383756, ""webglm3"": -34.404805374145475}",webglm10,continuous_primal_dual_psd,4,29.913914608963644,29.913914608963644,0.0,"[1.3877787807814457e-16, 0.9999999999999999]",primal=Optimization terminated successfully; dual=outer=Optimization terminated successfully; inner=Optimization terminated successfully,0,494.7492480278013,0.0,,phi2_10x_licenseclean_contcert_20260504_linear_20260504_deep6_licenseclean,phi2_10x_licenseclean_contcert_20260504
linear,pair,webglm3+webglm4,124.18926231837995,206.19337863922115,0,"[0.4726808109640806, 0.5273191890359195]","[0.6, 0.4]",12.309956550598145,"{""webglm3"": -206.19337863922115, ""webglm4"": -201.21167011260982}",webglm3,continuous_primal_dual_psd,4,124.18926231837995,124.18926231837995,0.0,"[1.0, 0.0]",primal=Optimization terminated successfully; dual=outer=Optimization terminated successfully; inner=Optimization terminated successfully,0,347.25099802017127,0.0,,phi2_10x_licenseclean_contcert_20260504_linear_20260504_deep6_licenseclean,phi2_10x_licenseclean_contcert_20260504
linear,pair,webglm3+webglm5,160.0413017266798,244.43970031738277,0,"[0.6135239683673844, 0.38647603163261557]","[0.8, 0.2]",14.423084259033232,"{""webglm3"": -239.87124271392818, ""webglm5"": -244.43970031738277}",webglm5,continuous_primal_dual_psd,4,160.0413017266798,160.04130172667954,2.5579538487363607e-13,"[5.551115123125783e-17, 1.0]",primal=Optimization terminated successfully; dual=outer=Optimization terminated successfully; inner=Optimization terminated successfully,0,204.19031381607047,0.0,,phi2_10x_licenseclean_contcert_20260504_linear_20260504_deep6_licenseclean,phi2_10x_licenseclean_contcert_20260504
linear,pair,webglm3+webglm6,67.32794628857701,155.872848701477,0,"[0.3320837273091904, 0.6679162726908097]","[0.4, 0.6]",0.0,"{""webglm3"": -152.2682220458984, ""webglm6"": -155.872848701477}",webglm6,continuous_primal_dual_psd,4,67.32794628857701,67.32794628854174,3.527134140313137e-11,"[1.0, 0.0]",primal=Optimization terminated successfully; dual=outer=Optimization terminated successfully; inner=Optimization terminated successfully,0,423.5997796058651,0.0,,phi2_10x_licenseclean_contcert_20260504_linear_20260504_deep6_licenseclean,phi2_10x_licenseclean_contcert_20260504
linear,pair,webglm3+webglm7,81.74389253814151,190.63360996246334,0,"[0.33589197098701545, 0.6641080290129846]","[0.6, 0.4]",12.86172866821289,"{""webglm3"": -190.63360996246334, ""webglm7"": -189.84492130279537}",webglm3,continuous_primal_dual_psd,4,81.74389253814151,81.7438925381179,2.3604229681950528e-11,"[0.22987356070910142, 0.7701264392908985]",primal=Optimization terminated successfully; dual=outer=Optimization terminated successfully; inner=Optimization terminated successfully,0,328.98783683776816,0.0,,phi2_10x_licenseclean_contcert_20260504_linear_20260504_deep6_licenseclean,phi2_10x_licenseclean_contcert_20260504
linear,pair,webglm3+webglm8,79.01878778170014,175.03838844299312,0,"[0.3138223851771184, 0.6861776148228815]","[0.4, 0.6]",0.0,"{""webglm3"": -168.10384101867672, ""webglm8"": -175.03838844299312}",webglm8,continuous_primal_dual_psd,4,79.01878778170014,79.01878778170014,0.0,"[1.0, 0.0]",primal=Optimization terminated successfully; dual=outer=Optimization terminated successfully; inner=Optimization terminated successfully,0,456.57515525817803,0.0,,phi2_10x_licenseclean_contcert_20260504_linear_20260504_deep6_licenseclean,phi2_10x_licenseclean_contcert_20260504
linear,pair,webglm3+webglm9,57.701758721489284,170.16659088134762,0,"[0.3704785032150231, 0.6295214967849769]","[0.6, 0.4]",12.855982780456543,"{""webglm3"": -170.16659088134762, ""webglm9"": -166.49098701477047}",webglm3,continuous_primal_dual_psd,4,57.701758721489284,57.701758721489284,0.0,"[0.14321875248256816, 0.8567812475174318]",primal=Optimization terminated successfully; dual=outer=Optimization terminated successfully; inner=Optimization terminated successfully,0,699.0671157836906,0.0,,phi2_10x_licenseclean_contcert_20260504_linear_20260504_deep6_licenseclean,phi2_10x_licenseclean_contcert_20260504
linear,pair,webglm4+webglm10,34.22070093154911,30.17115898132321,0,"[0.20000000000000337, 0.7999999999999966]","[0.2, 0.8]",0.0,"{""webglm10"": -26.98493309020993, ""webglm4"": -30.17115898132321}",webglm4,continuous_primal_dual_psd,4,34.22070093154911,34.22070093154911,0.0,"[1.1102230246251565e-16, 0.9999999999999999]",primal=Optimization terminated successfully; dual=outer=Optimization terminated successfully; inner=Optimization terminated successfully,0,174.51286315917937,0.0,,phi2_10x_licenseclean_contcert_20260504_linear_20260504_deep6_licenseclean,phi2_10x_licenseclean_contcert_20260504
linear,pair,webglm4+webglm5,228.230438899994,291.8710023880005,0,"[0.2, 0.8]","[0.8, 0.2]",23.32305908203125,"{""webglm4"": -291.8710023880005, ""webglm5"": -288.0397350311279}",webglm4,continuous_primal_dual_psd,4,228.230438899994,228.230438899994,0.0,"[1.0, 0.0]",primal=Optimization terminated successfully; dual=outer=Optimization terminated successfully; inner=Optimization terminated successfully,1,-537.4899506568909,537.4899506568909,,phi2_10x_licenseclean_contcert_20260504_linear_20260504_deep6_licenseclean,phi2_10x_licenseclean_contcert_20260504
linear,pair,webglm4+webglm6,61.365347215267214,201.69933147430416,0,"[0.22534154863246894, 0.7746584513675311]","[0.2, 0.8]",0.0,"{""webglm4"": -187.5853092193603, ""webglm6"": -201.69933147430416}",webglm6,continuous_primal_dual_psd,4,61.365347215267214,61.36534721526715,6.394884621840902e-14,"[0.5693533775801383, 0.4306466224198618]",primal=Optimization terminated successfully; dual=outer=Optimization terminated successfully; inner=Optimization terminated successfully,0,110.08530855178822,0.0,,phi2_10x_licenseclean_contcert_20260504_linear_20260504_deep6_licenseclean,phi2_10x_licenseclean_contcert_20260504
linear,pair,webglm4+webglm7,109.28596400965445,233.28929252624508,0,"[0.3439320708883197, 0.6560679291116803]","[0.4, 0.6]",0.0,"{""webglm4"": -233.0477745056152, ""webglm7"": -233.28929252624508}",webglm7,continuous_primal_dual_psd,4,109.28596400965445,109.28596400965372,7.247535904753022e-13,"[1.0, 5.551115123125783e-17]",primal=Optimization terminated successfully; dual=outer=Optimization terminated successfully; inner=Optimization terminated successfully,0,174.25954341888388,0.0,,phi2_10x_licenseclean_contcert_20260504_linear_20260504_deep6_licenseclean,phi2_10x_licenseclean_contcert_20260504
linear,pair,webglm4+webglm8,93.98732728958123,207.41474933624264,0,"[0.2, 0.8]","[0.4, 0.6]",1.3026714324951172,"{""webglm4"": -196.66385955810543, ""webglm8"": -207.41474933624264}",webglm8,continuous_primal_dual_psd,4,93.98732728958123,93.98732728958123,0.0,"[0.9999999999999998, 2.220446049250313e-16]",primal=Optimization terminated successfully; dual=outer=Optimization terminated successfully; inner=Optimization terminated successfully,1,-299.0564703941354,299.0564703941354,,phi2_10x_licenseclean_contcert_20260504_linear_20260504_deep6_licenseclean,phi2_10x_licenseclean_contcert_20260504
linear,pair,webglm4+webglm9,102.78736061669522,203.0535013198852,0,"[0.37614856470805025, 0.6238514352919498]","[0.6, 0.4]",21.034789085388184,"{""webglm4"": -199.94337863922115, ""webglm9"": -203.0535013198852}",webglm9,continuous_primal_dual_psd,4,102.78736061669522,102.78736061669522,0.0,"[1.0, 5.551115123125783e-17]",primal=Optimization terminated successfully; dual=outer=Optimization terminated successfully; inner=Optimization terminated successfully,0,184.4054460525509,0.0,,phi2_10x_licenseclean_contcert_20260504_linear_20260504_deep6_licenseclean,phi2_10x_licenseclean_contcert_20260504
linear,pair,webglm5+webglm10,38.901968244356155,38.77578086853024,0,"[0.3281304684361549, 0.6718695315638451]","[0.2, 0.8]",17.447352409362793,"{""webglm10"": -37.21328086853024, ""webglm5"": -38.77578086853024}",webglm5,continuous_primal_dual_psd,4,38.901968244356155,38.90196824435616,0.0,"[1.0, 1.1102230246251565e-16]",primal=Optimization terminated successfully; dual=outer=Optimization terminated successfully; inner=Optimization terminated successfully,0,445.7941651344295,0.0,,phi2_10x_licenseclean_contcert_20260504_linear_20260504_deep6_licenseclean,phi2_10x_licenseclean_contcert_20260504
linear,pair,webglm5+webglm6,74.6021778106689,176.34101219177242,0,"[0.2, 0.8]","[0.2, 0.8]",0.0,"{""webglm5"": -176.34101219177242, ""webglm6"": -169.14666004180904}",webglm5,continuous_primal_dual_psd,4,74.6021778106689,74.6021778106689,0.0,"[0.0, 1.0]",primal=Optimization terminated successfully; dual=outer=Optimization terminated successfully; inner=Optimization terminated successfully,1,-40.58450460433996,40.58450460433996,,phi2_10x_licenseclean_contcert_20260504_linear_20260504_deep6_licenseclean,phi2_10x_licenseclean_contcert_20260504
linear,pair,webglm5+webglm7,116.3970226764679,223.0889827728271,0,"[0.20000000000000434, 0.7999999999999956]","[0.2, 0.8]",0.0,"{""webglm5"": -223.0889827728271, ""webglm7"": -214.81170959472652}",webglm5,continuous_primal_dual_psd,4,116.3970226764679,116.3970226764679,0.0,"[1.0, 0.0]",primal=Optimization terminated successfully; dual=outer=Optimization terminated successfully; inner=Optimization terminated successfully,0,20.038485527038635,0.0,,phi2_10x_licenseclean_contcert_20260504_linear_20260504_deep6_licenseclean,phi2_10x_licenseclean_contcert_20260504
linear,pair,webglm5+webglm8,65.9374029159546,197.56927795410152,0,"[0.20000000000000262, 0.7999999999999974]","[0.4, 0.6]",10.457873344421387,"{""webglm5"": -197.56927795410152, ""webglm8"": -189.05051059722896}",webglm5,continuous_primal_dual_psd,4,65.9374029159546,65.9374029159546,0.0,"[0.0, 1.0]",primal=Optimization terminated successfully; dual=outer=Optimization terminated successfully; inner=Optimization terminated successfully,0,132.4063539505006,0.0,,phi2_10x_licenseclean_contcert_20260504_linear_20260504_deep6_licenseclean,phi2_10x_licenseclean_contcert_20260504
linear,pair,webglm5+webglm9,99.3223146504948,230.19750423431393,0,"[0.38969474499913515, 0.6103052550008649]","[0.4, 0.6]",0.0,"{""webglm5"": -229.47750396728512, ""webglm9"": -230.19750423431393}",webglm9,continuous_primal_dual_psd,4,99.3223146504948,99.32231465049418,6.252776074688882e-13,"[1.0, 0.0]",primal=Optimization terminated successfully; dual=outer=Optimization terminated successfully; inner=Optimization terminated successfully,0,502.9931664466849,0.0,,phi2_10x_licenseclean_contcert_20260504_linear_20260504_deep6_licenseclean,phi2_10x_licenseclean_contcert_20260504
linear,pair,webglm6+webglm10,49.457104873658906,43.024280738830534,0,"[0.20000000000002605, 0.799999999999974]","[0.2, 0.8]",0.0,"{""webglm10"": -41.10122032165524, ""webglm6"": -43.024280738830534}",webglm6,continuous_primal_dual_psd,4,49.457104873658906,49.457104873658906,0.0,"[1.0, 0.0]",primal=Optimization terminated successfully; dual=outer=Optimization terminated successfully; inner=Optimization terminated successfully,1,-107.42217302322386,107.42217302322386,,phi2_10x_licenseclean_contcert_20260504_linear_20260504_deep6_licenseclean,phi2_10x_licenseclean_contcert_20260504
linear,pair,webglm6+webglm7,120.032377910614,260.6267482757568,0,"[0.2, 0.8]","[0.8, 0.2]",58.685922622680664,"{""webglm6"": -260.6267482757568, ""webglm7"": -253.27899761199947}",webglm6,continuous_primal_dual_psd,4,120.032377910614,120.032377910614,0.0,"[0.0, 1.0]",primal=Optimization terminated successfully; dual=outer=Optimization terminated successfully; inner=Optimization terminated successfully,1,-194.04411315918006,194.04411315918006,,phi2_10x_licenseclean_contcert_20260504_linear_20260504_deep6_licenseclean,phi2_10x_licenseclean_contcert_20260504
linear,pair,webglm6+webglm8,43.061781183240775,134.9239141464233,0,"[0.35619750180948145, 0.6438024981905186]","[0.4, 0.6]",0.0,"{""webglm6"": -134.9239141464233, ""webglm8"": -130.39095706939693}",webglm6,continuous_primal_dual_psd,4,43.061781183240775,43.061781183240775,0.0,"[0.0, 1.0]",primal=Optimization terminated successfully; dual=outer=Optimization terminated successfully; inner=Optimization terminated successfully,0,125.05084276199337,0.0,,phi2_10x_licenseclean_contcert_20260504_linear_20260504_deep6_licenseclean,phi2_10x_licenseclean_contcert_20260504
linear,pair,webglm6+webglm9,39.571859720995974,163.3911878585815,0,"[0.5271446480181956, 0.4728553519818044]","[0.6, 0.4]",0.0,"{""webglm6"": -163.3911878585815, ""webglm9"": -161.1075193405151}",webglm6,continuous_primal_dual_psd,4,39.571859720995974,39.571859720995974,0.0,"[1.0, 0.0]",primal=Optimization terminated successfully; dual=outer=Optimization terminated successfully; inner=Optimization terminated successfully,0,806.6156506538384,0.0,,phi2_10x_licenseclean_contcert_20260504_linear_20260504_deep6_licenseclean,phi2_10x_licenseclean_contcert_20260504
linear,pair,webglm7+webglm10,26.606899261013695,29.868391227722135,0,"[0.33773375646909637, 0.6622662435309037]","[0.2, 0.8]",9.248518943786621,"{""webglm10"": -29.868391227722135, ""webglm7"": -27.12114162445065}",webglm10,continuous_primal_dual_psd,4,26.606899261013695,26.606899261013695,0.0,"[0.0, 1.0]",primal=Optimization terminated successfully; dual=outer=Optimization terminated successfully; inner=Optimization terminated successfully,0,179.07857894897447,0.0,,phi2_10x_licenseclean_contcert_20260504_linear_20260504_deep6_licenseclean,phi2_10x_licenseclean_contcert_20260504
linear,pair,webglm7+webglm8,101.16468734742034,202.7386934280395,0,"[0.2000000000000688, 0.7999999999999312]","[0.4, 0.6]",5.889439582824707,"{""webglm7"": -202.7386934280395, ""webglm8"": -192.2293216705322}",webglm7,continuous_primal_dual_psd,4,101.16468734742034,101.16468734742034,0.0,"[0.0, 1.0]",primal=Optimization terminated successfully; dual=outer=Optimization terminated successfully; inner=Optimization terminated successfully,1,-205.20508289337195,205.20508289337195,,phi2_10x_licenseclean_contcert_20260504_linear_20260504_deep6_licenseclean,phi2_10x_licenseclean_contcert_20260504
linear,pair,webglm7+webglm9,46.13459175984898,210.45506305694576,0,"[0.5559462013938345, 0.44405379860616545]","[0.6, 0.4]",0.0,"{""webglm7"": -210.45506305694576, ""webglm9"": -207.40330524444576}",webglm7,continuous_primal_dual_psd,4,46.13459175984898,46.13459175984898,0.0,"[1.0, 5.551115123125783e-17]",primal=Optimization terminated successfully; dual=outer=Optimization terminated successfully; inner=Optimization terminated successfully,0,302.8614819049836,0.0,,phi2_10x_licenseclean_contcert_20260504_linear_20260504_deep6_licenseclean,phi2_10x_licenseclean_contcert_20260504
linear,pair,webglm8+webglm10,24.148089363955606,28.067782592773405,0,"[0.3963775740027559, 0.603622425997244]","[0.2, 0.8]",5.976438522338867,"{""webglm10"": -25.738933753967252, ""webglm8"": -28.067782592773405}",webglm8,continuous_primal_dual_psd,4,24.148089363955606,24.148089363955606,0.0,"[1.0, 0.0]",primal=Optimization terminated successfully; dual=outer=Optimization terminated successfully; inner=Optimization terminated successfully,0,397.7274894714354,0.0,,phi2_10x_licenseclean_contcert_20260504_linear_20260504_deep6_licenseclean,phi2_10x_licenseclean_contcert_20260504
linear,pair,webglm8+webglm9,63.41961835852055,199.12262268066402,0,"[0.5114752940746026, 0.48852470592539743]","[0.6, 0.4]",0.0,"{""webglm8"": -199.12262268066402, ""webglm9"": -186.4772350311279}",webglm8,continuous_primal_dual_psd,4,63.41961835852055,63.41961835852055,0.0,"[1.0, 0.0]",primal=Optimization terminated successfully; dual=outer=Optimization terminated successfully; inner=Optimization terminated successfully,0,651.6337394714352,0.0,,phi2_10x_licenseclean_contcert_20260504_linear_20260504_deep6_licenseclean,phi2_10x_licenseclean_contcert_20260504
linear,pair,webglm9+webglm10,-36.18998630808768,-8.761975097656283,1,"[0.4870489183198334, 0.5129510816801666]","[0.4, 0.6]",0.0,"{""webglm10"": 9.519192504882845, ""webglm9"": 8.761975097656283}",webglm9,continuous_primal_dual_psd,4,-36.18998630808768,-36.18998630808768,0.0,"[0.0, 1.0]",primal=Optimization terminated successfully; dual=outer=Optimization terminated successfully; inner=Optimization terminated successfully,0,884.8671615123749,0.0,,phi2_10x_licenseclean_contcert_20260504_linear_20260504_deep6_licenseclean,phi2_10x_licenseclean_contcert_20260504
linear,triple,webglm1+webglm2+webglm10,42.10886710524204,39.30404491424557,0,"[0.2, 0.2, 0.6]","[0.2, 0.2, 0.6]",0.0,"{""webglm1"": -39.30404491424557, ""webglm10"": -36.71877689361569, ""webglm2"": -34.709861946105924}",webglm1,continuous_primal_dual_psd,6,42.10886710524204,42.10886710524204,0.0,"[0.0, 0.0, 1.0]",primal=Optimization terminated successfully; dual=outer=Optimization terminated successfully; inner=Optimization terminated successfully,1,-11.592441389891519,11.592441389891512,,phi2_10x_licenseclean_contcert_20260504_linear_20260504_deep6_licenseclean,phi2_10x_licenseclean_contcert_20260504
linear,triple,webglm1+webglm2+webglm3,198.09828859170884,242.29455299377437,0,"[0.20000000000039092, 0.22277646004230378, 0.5772235399573054]","[0.2, 0.4, 0.4]",0.6353139877319336,"{""webglm1"": -237.75928325653072, ""webglm2"": -242.29455299377437, ""webglm3"": -239.4259483337402}",webglm2,continuous_primal_dual_psd,6,198.09828859170884,198.09828859170884,0.0,"[1.0, 0.0, 0.0]",primal=Optimization terminated successfully; dual=outer=Optimization terminated successfully; inner=Optimization terminated successfully,1,-485.3192555783186,485.3192555783184,,phi2_10x_licenseclean_contcert_20260504_linear_20260504_deep6_licenseclean,phi2_10x_licenseclean_contcert_20260504
linear,triple,webglm1+webglm2+webglm4,148.35300361774233,213.9921457290649,0,"[0.20000000000000356, 0.20000000000000182, 0.5999999999999946]","[0.2, 0.2, 0.6]",0.0,"{""webglm1"": -213.9921457290649, ""webglm2"": -213.87307949066158, ""webglm4"": -207.12058849334713}",webglm1,continuous_primal_dual_psd,6,148.35300361774233,148.35300361774236,0.0,"[4.996003610813204e-16, 0.0, 0.9999999999999996]",primal=Optimization terminated successfully; dual=outer=Optimization terminated successfully; inner=Optimization terminated successfully,1,-91.79545683692092,91.79545683692092,,phi2_10x_licenseclean_contcert_20260504_linear_20260504_deep6_licenseclean,phi2_10x_licenseclean_contcert_20260504
linear,triple,webglm1+webglm2+webglm5,153.12144319804042,205.32455749511715,0,"[0.26541946891407314, 0.20000000000000245, 0.5345805310859244]","[0.2, 0.2, 0.6]",0.0,"{""webglm1"": -200.35775012969967, ""webglm2"": -205.32455749511715, ""webglm5"": -201.42574615478512}",webglm2,continuous_primal_dual_psd,6,153.12144319804042,153.12144319804042,0.0,"[0.9999999999999956, 4.5519144009631355e-15, 0.0]",primal=Optimization terminated successfully; dual=outer=Optimization terminated successfully; inner=Optimization terminated successfully,1,-107.80579023554412,107.8057902355442,,phi2_10x_licenseclean_contcert_20260504_linear_20260504_deep6_licenseclean,phi2_10x_licenseclean_contcert_20260504
linear,triple,webglm1+webglm2+webglm6,95.9767083546782,168.70024509429928,0,"[0.2, 0.2, 0.6]","[0.2, 0.2, 0.6]",0.0,"{""webglm1"": -160.4413063049316, ""webglm2"": -168.70024509429928, ""webglm6"": -160.63132591247555}",webglm2,continuous_primal_dual_psd,6,95.9767083546782,95.9767083546782,0.0,"[0.0, 0.9999999999999987, 1.4432899320127035e-15]",primal=Optimization terminated successfully; dual=outer=Optimization terminated successfully; inner=Optimization terminated successfully,1,-541.8496144312335,541.8496144312336,,phi2_10x_licenseclean_contcert_20260504_linear_20260504_deep6_licenseclean,phi2_10x_licenseclean_contcert_20260504
linear,triple,webglm1+webglm2+webglm7,135.51124639514452,222.47655696868893,0,"[0.20000000000004614, 0.2000000000000515, 0.5999999999999024]","[0.2, 0.2, 0.6]",0.0,"{""webglm1"": -222.18582935333248, ""webglm2"": -222.47655696868893, ""webglm7"": -217.1342880249023}",webglm2,continuous_primal_dual_psd,6,135.51124639514452,135.51124639514452,0.0,"[0.0, 1.0, 0.0]",primal=Optimization terminated successfully; dual=outer=Optimization terminated successfully; inner=Optimization terminated successfully,1,-523.7544544737164,527.4326851374318,,phi2_10x_licenseclean_contcert_20260504_linear_20260504_deep6_licenseclean,phi2_10x_licenseclean_contcert_20260504
linear,triple,webglm1+webglm2+webglm8,111.40943459425958,183.06033916473385,0,"[0.20184876852590278, 0.20000000000001228, 0.5981512314740849]","[0.2, 0.2, 0.6]",0.0,"{""webglm1"": -179.83460731506344, ""webglm2"": -183.06033916473385, ""webglm8"": -181.5310508728027}",webglm2,continuous_primal_dual_psd,6,111.40943459425958,111.40943459425958,0.0,"[0.0, 1.0, 0.0]",primal=Optimization terminated successfully; dual=outer=Optimization terminated successfully; inner=Optimization terminated successfully,1,-229.50554268007886,229.50554268007886,,phi2_10x_licenseclean_contcert_20260504_linear_20260504_deep6_licenseclean,phi2_10x_licenseclean_contcert_20260504
linear,triple,webglm1+webglm2+webglm9,99.25923652649963,191.2380249023437,0,"[0.20000000000002768, 0.20000000000005685, 0.5999999999999155]","[0.4, 0.2, 0.4]",12.1199369430542,"{""webglm1"": -186.4314825057983, ""webglm2"": -191.2380249023437, ""webglm9"": -186.10410995483394}",webglm2,continuous_primal_dual_psd,6,99.25923652649963,99.25923652649963,0.0,"[0.0, 1.0, 5.551115123125783e-17]",primal=Optimization terminated successfully; dual=outer=Optimization terminated successfully; inner=Optimization terminated successfully,0,0.5076994048707064,0.0,,phi2_10x_licenseclean_contcert_20260504_linear_20260504_deep6_licenseclean,phi2_10x_licenseclean_contcert_20260504
linear,triple,webglm1+webglm3+webglm10,39.7025170917678,45.49053020477292,0,"[0.2, 0.2130058153884066, 0.5869941846115934]","[0.2, 0.2, 0.6]",0.0,"{""webglm1"": -45.49053020477292, ""webglm10"": -44.590213966369596, ""webglm3"": -39.07740421295163}",webglm1,continuous_primal_dual_psd,6,39.7025170917678,39.70251709176779,1.4210854715202004e-14,"[0.9999999999999973, 0.0, 2.6090241078691116e-15]",primal=Optimization terminated successfully; dual=outer=Optimization terminated successfully; inner=Optimization terminated successfully,1,-303.6385389304904,303.6385389304905,,phi2_10x_licenseclean_contcert_20260504_linear_20260504_deep6_licenseclean,phi2_10x_licenseclean_contcert_20260504
linear,triple,webglm1+webglm3+webglm4,164.9538362829612,226.88820667266842,0,"[0.2, 0.2020920413431674, 0.5979079586568325]","[0.4, 0.2, 0.4]",8.571410179138184,"{""webglm1"": -226.88820667266842, ""webglm3"": -226.4085800170898, ""webglm4"": -226.30441493988033}",webglm1,continuous_primal_dual_psd,6,164.9538362829612,164.9538362829612,0.0,"[1.1102230246251568e-16, 8.881784197001254e-16, 0.999999999999999]",primal=Optimization terminated successfully; dual=outer=Optimization terminated successfully; inner=Optimization terminated successfully,1,-154.51286714593027,154.5128671459303,,phi2_10x_licenseclean_contcert_20260504_linear_20260504_deep6_licenseclean,phi2_10x_licenseclean_contcert_20260504
linear,triple,webglm1+webglm3+webglm5,164.24063885633387,227.711227607727,0,"[0.23033748982105925, 0.20000000000000365, 0.5696625101789371]","[0.4, 0.2, 0.4]",19.057941436767578,"{""webglm1"": -223.79753894805904, ""webglm3"": -227.711227607727, ""webglm5"": -225.34172840118404}",webglm3,continuous_primal_dual_psd,6,164.24063885633387,164.24063885633387,0.0,"[0.0, 0.0, 1.0]",primal=Optimization terminated successfully; dual=outer=Optimization terminated successfully; inner=Optimization terminated successfully,1,-409.26277311822184,409.26277311822184,,phi2_10x_licenseclean_contcert_20260504_linear_20260504_deep6_licenseclean,phi2_10x_licenseclean_contcert_20260504
linear,triple,webglm1+webglm3+webglm6,78.63999126404697,160.15169925689693,0,"[0.2, 0.2, 0.6]","[0.2, 0.2, 0.6]",0.0,"{""webglm1"": -152.2865325927734, ""webglm3"": -160.15169925689693, ""webglm6"": -151.53220005035396}",webglm3,continuous_primal_dual_psd,6,78.63999126404697,78.63999126404681,1.5631940186722204e-13,"[0.0, 4.2618686357798e-14, 0.9999999999999575]",primal=Optimization terminated successfully; dual=outer=Optimization terminated successfully; inner=Optimization terminated successfully,1,-166.53653481254682,166.53653481254682,,phi2_10x_licenseclean_contcert_20260504_linear_20260504_deep6_licenseclean,phi2_10x_licenseclean_contcert_20260504
linear,triple,webglm1+webglm3+webglm7,122.61557884216316,213.79182643890377,0,"[0.2, 0.2, 0.6]","[0.2, 0.4, 0.4]",2.5377511978149414,"{""webglm1"": -213.79182643890377, ""webglm3"": -210.59241600036617, ""webglm7"": -212.36324615478512}",webglm1,continuous_primal_dual_psd,6,122.61557884216316,122.61557884216316,0.0,"[0.0, 1.9984014443252806e-15, 0.999999999999998]",primal=Optimization terminated successfully; dual=outer=Optimization terminated successfully; inner=Optimization terminated successfully,1,-80.36107573634555,80.36107573634555,,phi2_10x_licenseclean_contcert_20260504_linear_20260504_deep6_licenseclean,phi2_10x_licenseclean_contcert_20260504
linear,triple,webglm1+webglm3+webglm8,89.8705045280555,153.5067827224731,0,"[0.2, 0.22371555168744314, 0.5762844483125569]","[0.2, 0.2, 0.6]",0.0,"{""webglm1"": -153.5067827224731, ""webglm3"": -150.0875980377197, ""webglm8"": -149.84951324462887}",webglm1,continuous_primal_dual_psd,6,89.8705045280555,89.87050452789119,1.6432011307188077e-10,"[7.707487065169075e-15, 0.030902134772959174, 0.9690978652270331]",primal=Optimization terminated successfully; dual=outer=Optimization terminated successfully; inner=Optimization terminated successfully,1,-22.366655928657764,22.366655928657764,,phi2_10x_licenseclean_contcert_20260504_linear_20260504_deep6_licenseclean,phi2_10x_licenseclean_contcert_20260504
linear,triple,webglm1+webglm3+webglm9,89.73206586838688,183.49190063476559,0,"[0.2, 0.200000000000048, 0.599999999999952]","[0.2, 0.4, 0.4]",8.255481719970703,"{""webglm1"": -180.2810461044311, ""webglm3"": -181.58712692260738, ""webglm9"": -183.49190063476559}",webglm9,continuous_primal_dual_psd,6,89.73206586838688,89.73206586838685,2.842170943040401e-14,"[0.0, 8.881784197001173e-15, 0.9999999999999911]",primal=Optimization terminated successfully; dual=outer=Optimization terminated successfully; inner=Optimization terminated successfully,1,-390.02261145709,390.02261145709,,phi2_10x_licenseclean_contcert_20260504_linear_20260504_deep6_licenseclean,phi2_10x_licenseclean_contcert_20260504
linear,triple,webglm1+webglm4+webglm10,42.74841136217144,48.44837493896481,0,"[0.22203089683682323, 0.2, 0.5779691031631767]","[0.2, 0.2, 0.6]",0.0,"{""webglm1"": -44.31891746520993, ""webglm10"": -42.42904491424557, ""webglm4"": -48.44837493896481}",webglm4,continuous_primal_dual_psd,6,42.74841136217144,42.74841136217144,0.0,"[0.9999999999999993, 0.0, 7.216449660063516e-16]",primal=Optimization terminated successfully; dual=outer=Optimization terminated successfully; inner=Optimization terminated successfully,0,62.08401075237185,0.0,,phi2_10x_licenseclean_contcert_20260504_linear_20260504_deep6_licenseclean,phi2_10x_licenseclean_contcert_20260504
linear,triple,webglm1+webglm4+webglm5,211.92177414036644,222.1377403259277,0,"[0.2, 0.2, 0.6]","[0.6, 0.2, 0.2]",56.80289268493655,"{""webglm1"": -216.74397296905514, ""webglm4"": -222.1377403259277, ""webglm5"": -220.22953338623043}",webglm4,continuous_primal_dual_psd,6,211.92177414036644,211.92177414036644,0.0,"[1.0, 0.0, 0.0]",primal=Optimization terminated successfully; dual=outer=Optimization terminated successfully; inner=Optimization terminated successfully,1,-881.4036572621974,881.4036572621975,,phi2_10x_licenseclean_contcert_20260504_linear_20260504_deep6_licenseclean,phi2_10x_licenseclean_contcert_20260504
linear,triple,webglm1+webglm4+webglm6,75.42063180721767,171.3788063049316,0,"[0.20000000000001422, 0.20000000000002843, 0.5999999999999573]","[0.4, 0.2, 0.4]",4.391026496887207,"{""webglm1"": -168.8902408599853, ""webglm4"": -171.3788063049316, ""webglm6"": -161.69588871002193}",webglm4,continuous_primal_dual_psd,6,75.42063180721767,75.42063180721766,1.4210854715202004e-14,"[0.9999999999999991, 3.885780586188047e-16, 3.885780586188047e-16]",primal=Optimization terminated successfully; dual=outer=Optimization terminated successfully; inner=Optimization terminated successfully,1,-274.9927484108162,274.9927484108163,,phi2_10x_licenseclean_contcert_20260504_linear_20260504_deep6_licenseclean,phi2_10x_licenseclean_contcert_20260504
linear,triple,webglm1+webglm4+webglm7,158.28852263397644,242.4685508728027,0,"[0.2, 0.2, 0.6]","[0.6, 0.2, 0.2]",4.990839958190918,"{""webglm1"": -236.97402782440182, ""webglm4"": -242.2270090103149, ""webglm7"": -242.4685508728027}",webglm7,continuous_primal_dual_psd,6,158.28852263397644,158.28852263397638,5.684341886080802e-14,"[0.9999999999999845, 1.5598633495983206e-14, 0.0]",primal=Positive directional derivative for linesearch; dual=outer=Optimization terminated successfully; inner=Optimization terminated successfully,1,-387.6845785931664,387.6845785931664,,phi2_10x_licenseclean_contcert_20260504_linear_20260504_deep6_licenseclean,phi2_10x_licenseclean_contcert_20260504
linear,triple,webglm1+webglm4+webglm8,108.7398648172284,174.5770723342895,0,"[0.2, 0.2, 0.6]","[0.2, 0.2, 0.6]",0.0,"{""webglm1"": -171.1097986221313, ""webglm4"": -167.88063354492184, ""webglm8"": -174.5770723342895}",webglm8,continuous_primal_dual_psd,6,108.7398648172284,108.73986481722805,3.410605131648481e-13,"[0.0, 4.335420911161053e-14, 0.9999999999999567]",primal=Optimization terminated successfully; dual=outer=Optimization terminated successfully; inner=Optimization terminated successfully,1,-592.4700792353458,592.4700792353458,,phi2_10x_licenseclean_contcert_20260504_linear_20260504_deep6_licenseclean,phi2_10x_licenseclean_contcert_20260504
linear,triple,webglm1+webglm4+webglm9,121.76378511554499,200.54433650970455,0,"[0.2, 0.2, 0.6]","[0.2, 0.4, 0.4]",7.589292526245117,"{""webglm1"": -198.69222946166988, ""webglm4"": -196.8401224136352, ""webglm9"": -200.54433650970455}",webglm9,continuous_primal_dual_psd,6,121.76378511554499,121.76378511554499,0.0,"[0.0, 1.0, 0.0]",primal=Optimization terminated successfully; dual=outer=Optimization terminated successfully; inner=Optimization terminated successfully,1,-655.2073373130808,655.2073373130809,,phi2_10x_licenseclean_contcert_20260504_linear_20260504_deep6_licenseclean,phi2_10x_licenseclean_contcert_20260504
linear,triple,webglm1+webglm5+webglm10,39.772128433989394,57.5475246429443,0,"[0.24734422457207458, 0.2, 0.5526557754279254]","[0.2, 0.2, 0.6]",0.0,"{""webglm1"": -45.267298889160124, ""webglm10"": -49.72415275573727, ""webglm5"": -57.5475246429443}",webglm5,continuous_primal_dual_psd,6,39.772128433989394,39.772128433989394,0.0,"[0.0, 4.440892098500624e-16, 0.9999999999999996]",primal=Optimization terminated successfully; dual=outer=Optimization terminated successfully; inner=Optimization terminated successfully,1,-55.15965903012125,55.15965903012121,,phi2_10x_licenseclean_contcert_20260504_linear_20260504_deep6_licenseclean,phi2_10x_licenseclean_contcert_20260504
linear,triple,webglm1+webglm5+webglm6,89.87986153165728,144.40307922363277,0,"[0.25674528705435423, 0.2, 0.5432547129456458]","[0.4, 0.2, 0.4]",13.958334922790527,"{""webglm1"": -140.67941017150875, ""webglm5"": -138.9085800170898, ""webglm6"": -144.40307922363277}",webglm6,continuous_primal_dual_psd,6,89.87986153165728,89.87986153165727,1.4210854715202004e-14,"[1.2767564783189136e-14, 0.9999999999999871, 0.0]",primal=Positive directional derivative for linesearch; dual=outer=Optimization terminated successfully; inner=Optimization terminated successfully,1,-214.78475312803377,214.78475312803374,,phi2_10x_licenseclean_contcert_20260504_linear_20260504_deep6_licenseclean,phi2_10x_licenseclean_contcert_20260504
linear,triple,webglm1+webglm5+webglm7,183.66515255283764,203.96237678527828,0,"[0.2, 0.20000000000001938, 0.5999999999999805]","[0.4, 0.4, 0.2]",6.801724433898926,"{""webglm1"": -195.807626914978, ""webglm5"": -203.96237678527828, ""webglm7"": -202.86462612152096}",webglm5,continuous_primal_dual_psd,6,183.66515255283764,183.6651525528267,1.0942358130705543e-11,"[2.7866597918083664e-13, 0.9999999999997213, 0.0]",primal=Optimization terminated successfully; dual=outer=Optimization terminated successfully; inner=Optimization terminated successfully,1,-1509.0644714643904,1509.0644714643904,,phi2_10x_licenseclean_contcert_20260504_linear_20260504_deep6_licenseclean,phi2_10x_licenseclean_contcert_20260504
linear,triple,webglm1+webglm5+webglm8,62.6499625671983,151.11553974151607,0,"[0.2, 0.2318294853549471, 0.5681705146450529]","[0.2, 0.2, 0.6]",0.0,"{""webglm1"": -151.11553974151607, ""webglm5"": -147.63338871002193, ""webglm8"": -136.0892087936401}",webglm1,continuous_primal_dual_psd,6,62.6499625671983,62.64996256719382,4.483524662646232e-12,"[0.9999999999995963, 0.0, 4.036215806024137e-13]",primal=Optimization terminated successfully; dual=outer=Optimization terminated successfully; inner=Optimization terminated successfully,0,10.556816410100197,0.0,,phi2_10x_licenseclean_contcert_20260504_linear_20260504_deep6_licenseclean,phi2_10x_licenseclean_contcert_20260504
linear,triple,webglm1+webglm5+webglm9,87.46090090088987,181.9637329101562,0,"[0.2, 0.2484362433315043, 0.5515637566684957]","[0.4, 0.2, 0.4]",17.097091674804688,"{""webglm1"": -181.9637329101562, ""webglm5"": -170.24898834228512, ""webglm9"": -178.51136035919185}",webglm1,continuous_primal_dual_psd,6,87.46090090088987,87.46090090088978,8.526512829121202e-14,"[8.445054166088096e-15, 0.06634611376083148, 0.9336538862391601]",primal=Optimization terminated successfully; dual=outer=Optimization terminated successfully; inner=Optimization terminated successfully,1,-121.6863325326305,121.68633253263057,,phi2_10x_licenseclean_contcert_20260504_linear_20260504_deep6_licenseclean,phi2_10x_licenseclean_contcert_20260504
linear,triple,webglm1+webglm6+webglm10,49.673883603571866,46.134403419494596,0,"[0.2, 0.2, 0.6]","[0.2, 0.2, 0.6]",0.0,"{""webglm1"": -44.67606849670407, ""webglm10"": -43.790653419494596, ""webglm6"": -46.134403419494596}",webglm6,continuous_primal_dual_psd,6,49.673883603571866,49.673883603571866,0.0,"[1.0, 0.0, 0.0]",primal=Optimization terminated successfully; dual=outer=Optimization terminated successfully; inner=Optimization terminated successfully,1,-552.959022760791,552.959022760791,,phi2_10x_licenseclean_contcert_20260504_linear_20260504_deep6_licenseclean,phi2_10x_licenseclean_contcert_20260504
linear,triple,webglm1+webglm6+webglm7,167.46699894127116,214.55874748229976,0,"[0.2, 0.2, 0.6]","[0.4, 0.4, 0.2]",58.90223979949954,"{""webglm1"": -206.2517435073852, ""webglm6"": -206.7989141464233, ""webglm7"": -214.55874748229976}",webglm7,continuous_primal_dual_psd,6,167.46699894127116,167.46699894127116,0.0,"[0.0, 0.0, 1.0]",primal=Optimization terminated successfully; dual=outer=Optimization terminated successfully; inner=Optimization terminated successfully,1,-1098.8685131868647,1098.8685131868647,,phi2_10x_licenseclean_contcert_20260504_linear_20260504_deep6_licenseclean,phi2_10x_licenseclean_contcert_20260504
linear,triple,webglm1+webglm6+webglm8,46.111534267505355,103.03519077301021,0,"[0.2373455025992738, 0.20925795814328654, 0.5533965392574396]","[0.2, 0.2, 0.6]",0.0,"{""webglm1"": -103.03519077301021, ""webglm6"": -95.37949867248531, ""webglm8"": -101.83554000854488}",webglm1,continuous_primal_dual_psd,6,46.111534267505355,46.11153426728365,2.2170354441186646e-10,"[1.0659717052848646e-16, 0.274093035602488, 0.725906964397512]",primal=Optimization terminated successfully; dual=outer=Optimization terminated successfully; inner=Optimization terminated successfully,1,-315.9175556259375,315.91755562593744,,phi2_10x_licenseclean_contcert_20260504_linear_20260504_deep6_licenseclean,phi2_10x_licenseclean_contcert_20260504
linear,triple,webglm1+webglm6+webglm9,42.09663021084012,137.75472946166988,0,"[0.2, 0.3769911087981659, 0.42300889120183416]","[0.2, 0.4, 0.4]",0.0,"{""webglm1"": -137.75472946166988, ""webglm6"": -129.40647907257076, ""webglm9"": -127.63910598754879}",webglm1,continuous_primal_dual_psd,6,42.09663021084012,42.09663021084012,0.0,"[0.0, 0.0, 1.0]",primal=Optimization terminated successfully; dual=outer=Optimization terminated successfully; inner=Optimization terminated successfully,1,-35.99378101579508,35.99378101579508,,phi2_10x_licenseclean_contcert_20260504_linear_20260504_deep6_licenseclean,phi2_10x_licenseclean_contcert_20260504
linear,triple,webglm1+webglm7+webglm10,38.210485564764355,45.31996555328366,0,"[0.20000000000000037, 0.20758213158556368, 0.5924178684144359]","[0.2, 0.2, 0.6]",0.0,"{""webglm1"": -45.31996555328366, ""webglm10"": -32.02040500640866, ""webglm7"": -44.41967315673825}",webglm1,continuous_primal_dual_psd,6,38.210485564764355,38.21048556470856,5.5791815611883067e-11,"[0.45111619075069387, 8.519249996794816e-20, 0.5488838092493061]",primal=Optimization terminated successfully; dual=outer=Optimization terminated successfully; inner=Optimization terminated successfully,0,24.019558710448734,0.0,,phi2_10x_licenseclean_contcert_20260504_linear_20260504_deep6_licenseclean,phi2_10x_licenseclean_contcert_20260504
linear,triple,webglm1+webglm7+webglm8,103.99882410166444,176.6569644927978,0,"[0.21422988183198913, 0.20679433435706615, 0.5789757838109447]","[0.2, 0.2, 0.6]",0.0,"{""webglm1"": -171.84696502685543, ""webglm7"": -173.1713802337646, ""webglm8"": -176.6569644927978}",webglm8,continuous_primal_dual_psd,6,103.99882410166444,103.99882410166444,0.0,"[0.0, 0.9999999999999998, 2.2204460492503126e-16]",primal=Optimization terminated successfully; dual=outer=Optimization terminated successfully; inner=Optimization terminated successfully,0,31.389256326325665,0.0,,phi2_10x_licenseclean_contcert_20260504_linear_20260504_deep6_licenseclean,phi2_10x_licenseclean_contcert_20260504
linear,triple,webglm1+webglm7+webglm9,69.85657634959455,178.91660041809078,0,"[0.2, 0.2721362437980819, 0.5278637562019182]","[0.2, 0.4, 0.4]",29.48601245880127,"{""webglm1"": -178.44956226348873, ""webglm7"": -178.91660041809078, ""webglm9"": -176.6489774703979}",webglm7,continuous_primal_dual_psd,6,69.85657634959455,69.85657634959139,3.154809746774845e-12,"[0.6223236043460396, 0.37767639565396033, 3.758022694163765e-17]",primal=Optimization terminated successfully; dual=outer=Optimization terminated successfully; inner=Optimization terminated successfully,1,-85.24003261293367,85.24003261293369,,phi2_10x_licenseclean_contcert_20260504_linear_20260504_deep6_licenseclean,phi2_10x_licenseclean_contcert_20260504
linear,triple,webglm1+webglm8+webglm10,20.36366478185078,28.4713060379028,0,"[0.21066967163446745, 0.21226343707996786, 0.5770668912855647]","[0.2, 0.2, 0.6]",0.0,"{""webglm1"": -28.35223979949948, ""webglm10"": -20.873430442810026, ""webglm8"": -28.4713060379028}",webglm8,continuous_primal_dual_psd,6,20.36366478185078,20.363664781850503,2.7711166694643907e-13,"[0.850888335355561, 3.0568074401603933e-16, 0.1491116646444387]",primal=Optimization terminated successfully; dual=outer=Optimization terminated successfully; inner=Optimization terminated successfully,1,-29.12246977573427,29.122469775734274,,phi2_10x_licenseclean_contcert_20260504_linear_20260504_deep6_licenseclean,phi2_10x_licenseclean_contcert_20260504
linear,triple,webglm1+webglm8+webglm9,57.98704712072037,142.32433147430416,0,"[0.20000000000001567, 0.40452219848906007, 0.39547780151092427]","[0.2, 0.6, 0.2]",1.051950454711914,"{""webglm1"": -142.32433147430416, ""webglm8"": -132.7066690444946, ""webglm9"": -137.91268177032467}",webglm1,continuous_primal_dual_psd,6,57.98704712072037,57.98704712072037,0.0,"[0.0, 1.0, 0.0]",primal=Optimization terminated successfully; dual=outer=Optimization terminated successfully; inner=Optimization terminated successfully,1,-40.58582812120079,40.5858281212008,,phi2_10x_licenseclean_contcert_20260504_linear_20260504_deep6_licenseclean,phi2_10x_licenseclean_contcert_20260504
linear,triple,webglm1+webglm9+webglm10,-2.593805262310809,10.077312660217252,0,"[0.2, 0.3973665652738465, 0.40263343472615354]","[0.2, 0.2, 0.6]",17.544054985046387,"{""webglm1"": -8.412912559509245, ""webglm10"": -0.8053094863891275, ""webglm9"": -10.077312660217252}",webglm9,continuous_primal_dual_psd,6,-2.593805262310809,-2.593805262311065,2.5579538487363607e-13,"[1.0, 0.0, 0.0]",primal=Optimization terminated successfully; dual=outer=Optimization terminated successfully; inner=Optimization terminated successfully,1,-142.14923776621941,142.14923776621944,,phi2_10x_licenseclean_contcert_20260504_linear_20260504_deep6_licenseclean,phi2_10x_licenseclean_contcert_20260504
linear,triple,webglm2+webglm3+webglm10,38.15435929150844,46.4949876785278,0,"[0.2000000000000004, 0.21999520574995446, 0.5800047942500451]","[0.2, 0.2, 0.6]",0.0,"{""webglm10"": -41.11953086853024, ""webglm2"": -42.34950847625729, ""webglm3"": -46.4949876785278}",webglm3,continuous_primal_dual_psd,6,38.15435929150844,38.15435929150844,0.0,"[0.999999999999991, 1.0096090630185017e-15, 7.993605777301127e-15]",primal=Optimization terminated successfully; dual=outer=Optimization terminated successfully; inner=Optimization terminated successfully,1,-20.363566639708722,20.363566639708704,,phi2_10x_licenseclean_contcert_20260504_linear_20260504_deep6_licenseclean,phi2_10x_licenseclean_contcert_20260504
linear,triple,webglm2+webglm3+webglm4,103.9193188706865,172.29225940704342,0,"[0.2000000000000018, 0.20000000000000132, 0.5999999999999969]","[0.4, 0.2, 0.4]",10.44299602508545,"{""webglm2"": -171.9168216705322, ""webglm3"": -172.29225940704342, ""webglm4"": -169.30463619232174}",webglm3,continuous_primal_dual_psd,6,103.9193188706865,103.91931887068648,1.4210854715202004e-14,"[1.7763568394002497e-15, 0.9999999999999982, 0.0]",primal=Optimization terminated successfully; dual=outer=Optimization terminated successfully; inner=Optimization terminated successfully,1,-150.19801111509722,150.19801111509722,,phi2_10x_licenseclean_contcert_20260504_linear_20260504_deep6_licenseclean,phi2_10x_licenseclean_contcert_20260504
linear,triple,webglm2+webglm3+webglm5,155.5463878511232,208.8238746643066,0,"[0.2862787152887495, 0.2000000000000006, 0.5137212847112499]","[0.4, 0.2, 0.4]",26.293492317199707,"{""webglm2"": -208.8238746643066, ""webglm3"": -206.6775590896606, ""webglm5"": -208.362558555603}",webglm2,continuous_primal_dual_psd,6,155.5463878511232,155.54638785112317,2.842170943040401e-14,"[0.9999999999999951, 4.940492459581944e-15, 0.0]",primal=Optimization terminated successfully; dual=outer=Optimization terminated successfully; inner=Optimization terminated successfully,1,-194.0171831544409,194.01718315444083,,phi2_10x_licenseclean_contcert_20260504_linear_20260504_deep6_licenseclean,phi2_10x_licenseclean_contcert_20260504
linear,triple,webglm2+webglm3+webglm6,71.50346159962646,144.96970481872555,0,"[0.20000000000000248, 0.20000000000000712, 0.5999999999999904]","[0.2, 0.2, 0.6]",0.0,"{""webglm2"": -144.96970481872555, ""webglm3"": -138.5296852111816, ""webglm6"": -138.61553974151607}",webglm2,continuous_primal_dual_psd,6,71.50346159962646,71.50346159962646,0.0,"[1.0, 0.0, 0.0]",primal=Optimization terminated successfully; dual=outer=Optimization terminated successfully; inner=Optimization terminated successfully,1,-54.05459002109643,54.05459002109641,,phi2_10x_licenseclean_contcert_20260504_linear_20260504_deep6_licenseclean,phi2_10x_licenseclean_contcert_20260504
linear,triple,webglm2+webglm3+webglm7,71.62233593998053,171.90423316955562,0,"[0.21247560964009374, 0.2, 0.5875243903599062]","[0.2, 0.4, 0.4]",27.677416801452637,"{""webglm2"": -171.90423316955562, ""webglm3"": -163.81242580413814, ""webglm7"": -168.72654266357418}",webglm2,continuous_primal_dual_psd,6,71.62233593998053,71.62233593998053,0.0,"[0.0, 0.9999999999999993, 7.216449660063513e-16]",primal=Optimization terminated successfully; dual=outer=Optimization terminated successfully; inner=Optimization terminated successfully,1,-116.4401144324888,116.4401144324888,,phi2_10x_licenseclean_contcert_20260504_linear_20260504_deep6_licenseclean,phi2_10x_licenseclean_contcert_20260504
linear,triple,webglm2+webglm3+webglm8,101.2191934923656,187.4376565933227,0,"[0.2000000000000326, 0.2402695902445677, 0.5597304097553997]","[0.2, 0.4, 0.4]",0.6856679916381836,"{""webglm2"": -187.18123741149898, ""webglm3"": -187.4376565933227, ""webglm8"": -184.08942527770992}",webglm3,continuous_primal_dual_psd,6,101.2191934923656,101.2191934826013,9.764306696524727e-09,"[0.1156630817535202, 4.3841974526304427e-16, 0.8843369182464793]",primal=Optimization terminated successfully; dual=outer=Optimization terminated successfully; inner=Optimization terminated successfully,1,-30.916277325295937,30.91627732529595,,phi2_10x_licenseclean_contcert_20260504_linear_20260504_deep6_licenseclean,phi2_10x_licenseclean_contcert_20260504
linear,triple,webglm2+webglm3+webglm9,73.51128508368542,158.38427848815914,0,"[0.2, 0.22515067806529665, 0.5748493219347033]","[0.2, 0.4, 0.4]",19.74818706512451,"{""webglm2"": -150.99993057250973, ""webglm3"": -158.38427848815914, ""webglm9"": -156.82177848815914}",webglm3,continuous_primal_dual_psd,6,73.51128508368542,73.51128508368542,0.0,"[1.0, 0.0, 0.0]",primal=Optimization terminated successfully; dual=outer=Optimization terminated successfully; inner=Optimization terminated successfully,1,-50.36794876407899,50.36794876407896,,phi2_10x_licenseclean_contcert_20260504_linear_20260504_deep6_licenseclean,phi2_10x_licenseclean_contcert_20260504
linear,triple,webglm2+webglm4+webglm10,31.77572594739462,34.810569953918424,0,"[0.2, 0.2, 0.6]","[0.2, 0.2, 0.6]",0.0,"{""webglm10"": -33.910277557373014, ""webglm2"": -34.810569953918424, ""webglm4"": -33.00655193328854}",webglm2,continuous_primal_dual_psd,6,31.77572594739462,31.77572594739462,0.0,"[0.0, 1.0, 0.0]",primal=Optimization terminated successfully; dual=outer=Optimization terminated successfully; inner=Optimization terminated successfully,1,-152.46875902448025,152.46875902448022,,phi2_10x_licenseclean_contcert_20260504_linear_20260504_deep6_licenseclean,phi2_10x_licenseclean_contcert_20260504
linear,triple,webglm2+webglm4+webglm5,185.80993633813426,210.45732803344723,0,"[0.3654563830289639, 0.2, 0.43454361697103616]","[0.4, 0.4, 0.2]",7.075333595275879,"{""webglm2"": -210.45732803344723, ""webglm4"": -205.66909618377682, ""webglm5"": -205.68397350311275}",webglm2,continuous_primal_dual_psd,6,185.80993633813426,185.80993633813426,0.0,"[0.0, 1.0, 0.0]",primal=Optimization terminated successfully; dual=outer=Optimization terminated successfully; inner=Optimization terminated successfully,1,-610.7828389982852,610.7828389982851,,phi2_10x_licenseclean_contcert_20260504_linear_20260504_deep6_licenseclean,phi2_10x_licenseclean_contcert_20260504
linear,triple,webglm2+webglm4+webglm6,67.67105618493429,162.86003894805904,0,"[0.23776622799121339, 0.2, 0.5622337720087867]","[0.4, 0.2, 0.4]",12.276792526245117,"{""webglm2"": -154.273727607727, ""webglm4"": -162.86003894805904, ""webglm6"": -159.79111499786373}",webglm4,continuous_primal_dual_psd,6,67.67105618493429,67.67105618493429,0.0,"[0.9999999999999887, 0.0, 1.1379786002407725e-14]",primal=Optimization terminated successfully; dual=outer=Optimization terminated successfully; inner=Optimization terminated successfully,1,-462.2054890026179,462.205489002618,,phi2_10x_licenseclean_contcert_20260504_linear_20260504_deep6_licenseclean,phi2_10x_licenseclean_contcert_20260504
linear,triple,webglm2+webglm4+webglm7,86.86093694026752,189.3515617370605,0,"[0.2953196985856448, 0.20000000000000698, 0.5046803014143483]","[0.4, 0.4, 0.2]",26.02677345275879,"{""webglm2"": -181.12583465576168, ""webglm4"": -182.4467927932739, ""webglm7"": -189.3515617370605}",webglm7,continuous_primal_dual_psd,6,86.86093694026752,86.86093694026752,0.0,"[1.0, 0.0, 0.0]",primal=Optimization terminated successfully; dual=outer=Optimization terminated successfully; inner=Optimization terminated successfully,1,-153.44117190394698,153.44117190394698,,phi2_10x_licenseclean_contcert_20260504_linear_20260504_deep6_licenseclean,phi2_10x_licenseclean_contcert_20260504
linear,triple,webglm2+webglm4+webglm8,129.64530210156306,202.46396369934078,0,"[0.2, 0.2, 0.6]","[0.2, 0.2, 0.6]",0.0,"{""webglm2"": -184.55529518127437, ""webglm4"": -200.45504875183101, ""webglm8"": -202.46396369934078}",webglm8,continuous_primal_dual_psd,6,129.64530210156306,129.64530210156306,0.0,"[0.0, 0.0, 1.0]",primal=Optimization terminated successfully; dual=outer=Optimization terminated successfully; inner=Optimization terminated successfully,1,-454.38991539181234,454.38991539181234,,phi2_10x_licenseclean_contcert_20260504_linear_20260504_deep6_licenseclean,phi2_10x_licenseclean_contcert_20260504
linear,triple,webglm2+webglm4+webglm9,90.81734241561597,177.1400243759155,0,"[0.2, 0.21204222164268238, 0.5879577783573176]","[0.2, 0.4, 0.4]",35.41092872619629,"{""webglm2"": -176.84581584930416, ""webglm4"": -171.16360969543453, ""webglm9"": -177.1400243759155}",webglm9,continuous_primal_dual_psd,6,90.81734241561597,90.81734241554234,7.362643827946158e-11,"[5.411576956816623e-16, 0.5314839857755623, 0.46851601422443717]",primal=Optimization terminated successfully; dual=outer=Optimization terminated successfully; inner=Optimization terminated successfully,1,-224.2238848759451,224.2238848759451,,phi2_10x_licenseclean_contcert_20260504_linear_20260504_deep6_licenseclean,phi2_10x_licenseclean_contcert_20260504
linear,triple,webglm2+webglm5+webglm10,48.80268878936783,54.94735546112057,0,"[0.2, 0.20000000000000237, 0.5999999999999976]","[0.2, 0.2, 0.6]",0.0,"{""webglm10"": -54.94735546112057, ""webglm2"": -53.89139957427975, ""webglm5"": -51.05600662231442}",webglm10,continuous_primal_dual_psd,6,48.80268878936783,48.8026887893678,2.842170943040401e-14,"[4.607425552194395e-15, 0.9999999999999953, 0.0]",primal=Optimization terminated successfully; dual=outer=Optimization terminated successfully; inner=Optimization terminated successfully,1,-43.330505803796655,43.330505803796626,,phi2_10x_licenseclean_contcert_20260504_linear_20260504_deep6_licenseclean,phi2_10x_licenseclean_contcert_20260504
linear,triple,webglm2+webglm5+webglm6,104.99376174410402,155.4115325927734,0,"[0.2, 0.2, 0.6]","[0.2, 0.2, 0.6]",0.0,"{""webglm2"": -144.88725967407223, ""webglm5"": -155.4115325927734, ""webglm6"": -136.27922840118404}",webglm5,continuous_primal_dual_psd,6,104.99376174410402,104.99376174410402,0.0,"[1.0, 0.0, 0.0]",primal=Optimization terminated successfully; dual=outer=Optimization terminated successfully; inner=Optimization terminated successfully,1,-782.6785881741505,782.6785881741505,,phi2_10x_licenseclean_contcert_20260504_linear_20260504_deep6_licenseclean,phi2_10x_licenseclean_contcert_20260504
linear,triple,webglm2+webglm5+webglm7,97.53992828933028,181.65810413360592,0,"[0.2282176965802519, 0.2, 0.5717823034197481]","[0.4, 0.2, 0.4]",10.554027557373047,"{""webglm2"": -181.65810413360592, ""webglm5"": -180.95529384613033, ""webglm7"": -181.3639194488525}",webglm2,continuous_primal_dual_psd,6,97.53992828933028,97.53992828933015,1.2789769243681803e-13,"[0.14874988367318864, 0.8512501163268114, 0.0]",primal=Optimization terminated successfully; dual=outer=Optimization terminated successfully; inner=Optimization terminated successfully,1,-32.08291150090978,32.08291150090979,,phi2_10x_licenseclean_contcert_20260504_linear_20260504_deep6_licenseclean,phi2_10x_licenseclean_contcert_20260504
linear,triple,webglm2+webglm5+webglm8,83.9123595183853,183.64527530670162,0,"[0.2, 0.2, 0.6]","[0.2, 0.2, 0.6]",0.0,"{""webglm2"": -173.2732564926147, ""webglm5"": -177.42848701477047, ""webglm8"": -183.64527530670162}",webglm8,continuous_primal_dual_psd,6,83.9123595183853,83.9123595183853,0.0,"[0.9999999999999998, 5.551115123125783e-17, 1.6653345369377348e-16]",primal=Optimization terminated successfully; dual=outer=Optimization terminated successfully; inner=Optimization terminated successfully,1,-72.69900228991744,72.69900228991743,,phi2_10x_licenseclean_contcert_20260504_linear_20260504_deep6_licenseclean,phi2_10x_licenseclean_contcert_20260504
linear,triple,webglm2+webglm5+webglm9,91.32043066107902,187.0965272903442,0,"[0.2, 0.27189775883623907, 0.5281022411637609]","[0.4, 0.2, 0.4]",34.75620746612549,"{""webglm2"": -182.89323158264156, ""webglm5"": -187.0965272903442, ""webglm9"": -183.70025463104244}",webglm5,continuous_primal_dual_psd,6,91.32043066107902,91.32043066107899,2.842170943040401e-14,"[6.106226635438323e-15, 0.0, 0.9999999999999938]",primal=Optimization terminated successfully; dual=outer=Optimization terminated successfully; inner=Optimization terminated successfully,1,-337.9810985178282,337.9810985178282,,phi2_10x_licenseclean_contcert_20260504_linear_20260504_deep6_licenseclean,phi2_10x_licenseclean_contcert_20260504
linear,triple,webglm2+webglm6+webglm10,41.16784356377106,50.69542236328122,0,"[0.2, 0.2, 0.6]","[0.2, 0.2, 0.6]",0.0,"{""webglm10"": -50.69542236328122, ""webglm2"": -47.466257286071745, ""webglm6"": -44.46258850097653}",webglm10,continuous_primal_dual_psd,6,41.16784356377106,41.16784356377106,0.0,"[0.9999999999999991, 8.326672684688674e-17, 8.881784197001252e-16]",primal=Optimization terminated successfully; dual=outer=Optimization terminated successfully; inner=Optimization terminated successfully,1,-55.760626743507956,55.76062674350797,,phi2_10x_licenseclean_contcert_20260504_linear_20260504_deep6_licenseclean,phi2_10x_licenseclean_contcert_20260504
linear,triple,webglm2+webglm6+webglm7,100.13319398742259,212.86802597045894,0,"[0.2000000000012055, 0.2, 0.5999999999987945]","[0.4, 0.4, 0.2]",34.70585346221924,"{""webglm2"": -211.73708744049068, ""webglm6"": -212.86802597045894, ""webglm7"": -203.8387329101562}",webglm6,continuous_primal_dual_psd,6,100.13319398742259,100.13319398742259,0.0,"[0.0, 0.0, 1.0]",primal=Optimization terminated successfully; dual=outer=Optimization terminated successfully; inner=Optimization terminated successfully,1,-370.1995688551294,370.1995688551294,,phi2_10x_licenseclean_contcert_20260504_linear_20260504_deep6_licenseclean,phi2_10x_licenseclean_contcert_20260504
linear,triple,webglm2+webglm6+webglm8,84.9670224188117,146.29066295623775,0,"[0.2, 0.20000000000002843, 0.5999999999999716]","[0.2, 0.6, 0.2]",0.7406234741210938,"{""webglm2"": -140.00289745330807, ""webglm6"": -139.57934684753414, ""webglm8"": -146.29066295623775}",webglm8,continuous_primal_dual_psd,6,84.9670224188117,84.9670224188117,0.0,"[0.0, 0.0, 1.0]",primal=Optimization terminated successfully; dual=outer=Optimization terminated successfully; inner=Optimization terminated successfully,1,-805.406329891295,805.406329891295,,phi2_10x_licenseclean_contcert_20260504_linear_20260504_deep6_licenseclean,phi2_10x_licenseclean_contcert_20260504
linear,triple,webglm2+webglm6+webglm9,39.31063075582372,129.0974170684814,0,"[0.20000000000000295, 0.4096508362155859, 0.3903491637844112]","[0.2, 0.6, 0.2]",12.505745887756348,"{""webglm2"": -124.08254451751705, ""webglm6"": -129.0974170684814, ""webglm9"": -123.1542140960693}",webglm6,continuous_primal_dual_psd,6,39.31063075582372,39.3106307558237,2.1316282072803006e-14,"[6.16173778666958e-15, 0.9999999999999938, 0.0]",primal=Optimization terminated successfully; dual=outer=Optimization terminated successfully; inner=Optimization terminated successfully,0,100.5685326569124,0.0,,phi2_10x_licenseclean_contcert_20260504_linear_20260504_deep6_licenseclean,phi2_10x_licenseclean_contcert_20260504
linear,triple,webglm2+webglm7+webglm10,28.646623488698726,36.416009140014616,0,"[0.20000000000000712, 0.2586886426756654, 0.5413113573243276]","[0.2, 0.2, 0.6]",0.0,"{""webglm10"": -36.373069953918424, ""webglm2"": -36.416009140014616, ""webglm7"": -31.92594356536862}",webglm2,continuous_primal_dual_psd,6,28.646623488698726,28.646623488698438,2.877698079828406e-13,"[0.4135084137732637, 0.5864915862267337, 2.5025830255744966e-15]",primal=Optimization terminated successfully; dual=outer=Optimization terminated successfully; inner=Optimization terminated successfully,1,-34.65363701808591,34.6536370180859,,phi2_10x_licenseclean_contcert_20260504_linear_20260504_deep6_licenseclean,phi2_10x_licenseclean_contcert_20260504
linear,triple,webglm2+webglm7+webglm8,96.16315631406927,189.9250537872314,0,"[0.20000000000001344, 0.20000000000000065, 0.5999999999999859]","[0.2, 0.2, 0.6]",0.0,"{""webglm2"": -189.9250537872314, ""webglm7"": -184.46717567443844, ""webglm8"": -181.22313327789303}",webglm2,continuous_primal_dual_psd,6,96.16315631406927,96.16315631406927,0.0,"[1.1379786002407855e-15, 0.9999999999999977, 1.2212453270876722e-15]",primal=Optimization terminated successfully; dual=outer=Optimization terminated successfully; inner=Optimization terminated successfully,1,-195.0217211571272,195.02172115712722,,phi2_10x_licenseclean_contcert_20260504_linear_20260504_deep6_licenseclean,phi2_10x_licenseclean_contcert_20260504
linear,triple,webglm2+webglm7+webglm9,40.2213839205462,162.01641864776607,0,"[0.2000000000000001, 0.29149912548021933, 0.5085008745197805]","[0.2, 0.4, 0.4]",45.73714733123779,"{""webglm2"": -162.01641864776607, ""webglm7"": -160.43904132843014, ""webglm9"": -158.33506889343258}",webglm2,continuous_primal_dual_psd,6,40.2213839205462,40.22138392054574,4.618527782440651e-13,"[0.0, 0.0, 1.0]",primal=Optimization terminated successfully; dual=outer=Optimization terminated successfully; inner=Optimization terminated successfully,1,-63.14314862501152,63.143148625011506,,phi2_10x_licenseclean_contcert_20260504_linear_20260504_deep6_licenseclean,phi2_10x_licenseclean_contcert_20260504
linear,triple,webglm2+webglm8+webglm10,38.746861266669086,41.654089164733854,0,"[0.2, 0.3113746160577567, 0.4886253839422433]","[0.2, 0.2, 0.6]",24.986267089843743,"{""webglm10"": -38.2017166137695, ""webglm2"": -41.654089164733854, ""webglm8"": -39.08713169097897}",webglm2,continuous_primal_dual_psd,6,38.746861266669086,38.74686126666908,7.105427357601002e-15,"[1.426636586643306e-14, 0.0, 0.9999999999999858]",primal=Optimization terminated successfully; dual=outer=Optimization terminated successfully; inner=Optimization terminated successfully,0,113.91223787505865,0.0,,phi2_10x_licenseclean_contcert_20260504_linear_20260504_deep6_licenseclean,phi2_10x_licenseclean_contcert_20260504
linear,triple,webglm2+webglm8+webglm9,85.75144670851951,196.69587917327877,0,"[0.20000000000004162, 0.2000000000000275, 0.5999999999999309]","[0.4, 0.4, 0.2]",22.208118438720703,"{""webglm2"": -196.3685066223144, ""webglm8"": -196.69587917327877, ""webglm9"": -195.25242156982418}",webglm8,continuous_primal_dual_psd,6,85.75144670851951,85.75144670851951,0.0,"[1.0, 0.0, 0.0]",primal=Optimization terminated successfully; dual=outer=Optimization terminated successfully; inner=Optimization terminated successfully,1,-276.60373153295484,276.60373153295484,,phi2_10x_licenseclean_contcert_20260504_linear_20260504_deep6_licenseclean,phi2_10x_licenseclean_contcert_20260504
linear,triple,webglm2+webglm9+webglm10,-19.877676027634436,7.2207242965697915,0,"[0.2, 0.3947840808693909, 0.40521591913060906]","[0.2, 0.2, 0.6]",10.131645202636719,"{""webglm10"": -0.2976686477660806, ""webglm2"": -7.2207242965697915, ""webglm9"": -6.197956275939909}",webglm2,continuous_primal_dual_psd,6,-19.877676027634436,-19.877676027634436,0.0,"[1.0, 0.0, 0.0]",primal=Optimization terminated successfully; dual=outer=Optimization terminated successfully; inner=Optimization terminated successfully,0,88.86154634028588,0.0,,phi2_10x_licenseclean_contcert_20260504_linear_20260504_deep6_licenseclean,phi2_10x_licenseclean_contcert_20260504
linear,triple,webglm3+webglm4+webglm10,35.49565209768683,45.267298889160124,0,"[0.2, 0.26884667626206865, 0.5311533237379313]","[0.2, 0.2, 0.6]",0.0,"{""webglm10"": -37.548092079162565, ""webglm3"": -45.267298889160124, ""webglm4"": -40.47563381195065}",webglm3,continuous_primal_dual_psd,6,35.49565209768683,35.49565209768682,7.105427357601002e-15,"[1.2767564783189292e-15, 0.9999999999999987, 0.0]",primal=Optimization terminated successfully; dual=outer=Optimization terminated successfully; inner=Optimization terminated successfully,0,20.022360359744198,0.0,,phi2_10x_licenseclean_contcert_20260504_linear_20260504_deep6_licenseclean,phi2_10x_licenseclean_contcert_20260504
linear,triple,webglm3+webglm4+webglm5,230.88467426300045,254.24166030883785,0,"[0.2, 0.2, 0.6]","[0.6, 0.2, 0.2]",52.46565341949466,"{""webglm3"": -254.24166030883785, ""webglm4"": -245.0200588226318, ""webglm5"": -247.4227697372436}",webglm3,continuous_primal_dual_psd,6,230.88467426300045,230.88467426300045,0.0,"[1.0, 0.0, 0.0]",primal=Optimization terminated successfully; dual=outer=Optimization terminated successfully; inner=Optimization terminated successfully,1,-808.6154998414108,808.6154998414107,,phi2_10x_licenseclean_contcert_20260504_linear_20260504_deep6_licenseclean,phi2_10x_licenseclean_contcert_20260504
linear,triple,webglm3+webglm4+webglm6,59.92970257989953,159.3401224136352,0,"[0.2632376700329826, 0.20000000000000123, 0.5367623299670161]","[0.4, 0.2, 0.4]",13.683605194091797,"{""webglm3"": -156.0777456283569, ""webglm4"": -159.3401224136352, ""webglm6"": -159.11691493988033}",webglm4,continuous_primal_dual_psd,6,59.92970257989953,59.9297025798927,6.835421118012164e-12,"[0.23425516949945205, 0.7657448305005343, 1.3673208386987099e-14]",primal=Optimization terminated successfully; dual=outer=Optimization terminated successfully; inner=Optimization terminated successfully,1,-179.48756439068865,179.51505735971745,,phi2_10x_licenseclean_contcert_20260504_linear_20260504_deep6_licenseclean,phi2_10x_licenseclean_contcert_20260504
linear,triple,webglm3+webglm4+webglm7,104.01979087446993,199.33896369934078,0,"[0.2, 0.2, 0.6]","[0.4, 0.2, 0.4]",11.332416534423828,"{""webglm3"": -199.33896369934078, ""webglm4"": -198.9967138290405, ""webglm7"": -190.3771907806396}",webglm3,continuous_primal_dual_psd,6,104.01979087446993,104.01979087446993,0.0,"[0.0, 0.0, 1.0]",primal=Optimization terminated successfully; dual=outer=Optimization terminated successfully; inner=Optimization terminated successfully,1,-384.5592564091288,384.55925640912886,,phi2_10x_licenseclean_contcert_20260504_linear_20260504_deep6_licenseclean,phi2_10x_licenseclean_contcert_20260504
linear,triple,webglm3+webglm4+webglm8,112.1650726318359,179.98230762481685,0,"[0.2, 0.2, 0.6]","[0.2, 0.2, 0.6]",0.0,"{""webglm3"": -178.53885002136226, ""webglm4"": -179.98230762481685, ""webglm8"": -173.62814254760738}",webglm4,continuous_primal_dual_psd,6,112.1650726318359,112.16507263183586,4.263256414560601e-14,"[0.9999999999999947, 5.384581669431981e-15, 0.0]",primal=Optimization terminated successfully; dual=outer=Optimization terminated successfully; inner=Optimization terminated successfully,1,-617.4770890057557,619.9403119193479,,phi2_10x_licenseclean_contcert_20260504_linear_20260504_deep6_licenseclean,phi2_10x_licenseclean_contcert_20260504
linear,triple,webglm3+webglm4+webglm9,68.1384400728818,163.94748992919918,0,"[0.23060980453253954, 0.2372719455744403, 0.5321182498930201]","[0.2, 0.4, 0.4]",27.1634578704834,"{""webglm3"": -163.94748992919918, ""webglm4"": -162.24761314392086, ""webglm9"": -156.80120296478268}",webglm3,continuous_primal_dual_psd,6,68.1384400728818,68.13844007286981,1.1993961379630491e-11,"[0.6991438859716613, 0.0, 0.30085611402833873]",primal=Optimization terminated successfully; dual=outer=Optimization terminated successfully; inner=Optimization terminated successfully,1,-32.52220341175513,32.52220341175515,,phi2_10x_licenseclean_contcert_20260504_linear_20260504_deep6_licenseclean,phi2_10x_licenseclean_contcert_20260504
linear,triple,webglm3+webglm5+webglm10,43.061200188824316,58.79009075164792,0,"[0.25350067518956654, 0.2, 0.5464993248104335]","[0.2, 0.2, 0.6]",0.0,"{""webglm10"": -55.89576072692868, ""webglm3"": -57.785633277893034, ""webglm5"": -58.79009075164792}",webglm5,continuous_primal_dual_psd,6,43.061200188824316,43.061200188824316,0.0,"[0.0, 1.0, 0.0]",primal=Optimization terminated successfully; dual=outer=Optimization terminated successfully; inner=Optimization terminated successfully,1,-115.43412690436656,115.43412690436651,,phi2_10x_licenseclean_contcert_20260504_linear_20260504_deep6_licenseclean,phi2_10x_licenseclean_contcert_20260504
linear,triple,webglm3+webglm5+webglm6,82.01356343806438,167.1068222045898,0,"[0.24814401721276397, 0.20000000000002344, 0.5518559827872126]","[0.4, 0.2, 0.4]",1.473236083984375,"{""webglm3"": -161.97290725708004, ""webglm5"": -167.1068222045898, ""webglm6"": -163.56859512329098}",webglm5,continuous_primal_dual_psd,6,82.01356343806438,82.01356343806438,0.0,"[0.0, 1.0, 0.0]",primal=Optimization terminated successfully; dual=outer=Optimization terminated successfully; inner=Optimization terminated successfully,1,-255.58939935093662,255.58939935093665,,phi2_10x_licenseclean_contcert_20260504_linear_20260504_deep6_licenseclean,phi2_10x_licenseclean_contcert_20260504
linear,triple,webglm3+webglm5+webglm7,111.75009419334788,208.97724933624264,0,"[0.29314804877322975, 0.20000000000059112, 0.5068519512261791]","[0.4, 0.2, 0.4]",13.612627983093262,"{""webglm3"": -198.96235771179195, ""webglm5"": -204.5610458374023, ""webglm7"": -208.97724933624264}",webglm7,continuous_primal_dual_psd,6,111.75009419334788,111.75009419334786,1.4210854715202004e-14,"[0.0, 3.830269434956784e-15, 0.9999999999999962]",primal=Optimization terminated successfully; dual=outer=Optimization terminated successfully; inner=Optimization terminated successfully,1,-69.66254723465471,69.66254723465471,,phi2_10x_licenseclean_contcert_20260504_linear_20260504_deep6_licenseclean,phi2_10x_licenseclean_contcert_20260504
linear,triple,webglm3+webglm5+webglm8,82.76668371243738,194.39390010833736,0,"[0.21508274243177844, 0.2, 0.5849172575682215]","[0.4, 0.2, 0.4]",12.445068359375,"{""webglm3"": -192.62306995391842, ""webglm5"": -181.9088012695312, ""webglm8"": -194.39390010833736}",webglm8,continuous_primal_dual_psd,6,82.76668371243738,82.76668371243736,2.842170943040401e-14,"[7.605027718682294e-15, 0.0, 0.9999999999999925]",primal=Optimization terminated successfully; dual=outer=Optimization terminated successfully; inner=Optimization terminated successfully,1,-154.32989264299414,154.32989264299414,,phi2_10x_licenseclean_contcert_20260504_linear_20260504_deep6_licenseclean,phi2_10x_licenseclean_contcert_20260504
linear,triple,webglm3+webglm5+webglm9,83.26224487282663,204.12833995819088,0,"[0.25880408939095717, 0.2, 0.5411959106090428]","[0.4, 0.2, 0.4]",14.771080017089844,"{""webglm3"": -201.03652782440182, ""webglm5"": -197.20869369506832, ""webglm9"": -204.12833995819088}",webglm9,continuous_primal_dual_psd,6,83.26224487282663,83.26224487282232,4.305888978706207e-12,"[2.434375614370339e-16, 0.3742482085800187, 0.625751791419981]",primal=Optimization terminated successfully; dual=outer=Optimization terminated successfully; inner=Optimization terminated successfully,0,112.61959424625928,0.0,,phi2_10x_licenseclean_contcert_20260504_linear_20260504_deep6_licenseclean,phi2_10x_licenseclean_contcert_20260504
linear,triple,webglm3+webglm6+webglm10,36.11720517499948,49.36015911102292,0,"[0.2294261029279006, 0.20000000000000004, 0.5705738970720994]","[0.2, 0.2, 0.6]",0.0,"{""webglm10"": -45.72861499786374, ""webglm3"": -46.62893123626706, ""webglm6"": -49.36015911102292}",webglm6,continuous_primal_dual_psd,6,36.11720517499948,36.11720517499948,0.0,"[0.0, 0.0, 1.0]",primal=Positive directional derivative for linesearch; dual=outer=Optimization terminated successfully; inner=Optimization terminated successfully,0,14.2319700480307,0.0,,phi2_10x_licenseclean_contcert_20260504_linear_20260504_deep6_licenseclean,phi2_10x_licenseclean_contcert_20260504
linear,triple,webglm3+webglm6+webglm7,77.66562414335516,189.39619369506832,0,"[0.28254743379418756, 0.42065973627488656, 0.2967928299309259]","[0.4, 0.4, 0.2]",50.09274482727051,"{""webglm3"": -185.94382114410396, ""webglm6"": -189.39619369506832, ""webglm7"": -180.82475967407223}",webglm6,continuous_primal_dual_psd,6,77.66562414335516,77.66562414335517,0.0,"[0.9999999999999996, 0.0, 4.996003610813202e-16]",primal=Optimization terminated successfully; dual=outer=Optimization terminated successfully; inner=Optimization terminated successfully,0,164.54889188489193,0.0,,phi2_10x_licenseclean_contcert_20260504_linear_20260504_deep6_licenseclean,phi2_10x_licenseclean_contcert_20260504
linear,triple,webglm3+webglm6+webglm8,52.277054713387734,121.65010280609127,0,"[0.2, 0.2, 0.6]","[0.2, 0.4, 0.4]",2.217268943786621,"{""webglm3"": -121.65010280609127, ""webglm6"": -121.5459377288818, ""webglm8"": -119.48664493560787}",webglm3,continuous_primal_dual_psd,6,52.277054713387734,52.277054713387734,0.0,"[0.0, 0.0, 1.0]",primal=Optimization terminated successfully; dual=outer=Optimization terminated successfully; inner=Optimization terminated successfully,1,-437.5157503148336,437.5157503148336,,phi2_10x_licenseclean_contcert_20260504_linear_20260504_deep6_licenseclean,phi2_10x_licenseclean_contcert_20260504
linear,triple,webglm3+webglm6+webglm9,24.24056546806679,130.30393428802486,0,"[0.2, 0.3873007948121966, 0.41269920518780334]","[0.2, 0.4, 0.4]",0.0,"{""webglm3"": -130.30393428802486, ""webglm6"": -127.83141441345211, ""webglm9"": -118.00885505676266}",webglm3,continuous_primal_dual_psd,6,24.24056546806679,24.240565468066755,3.552713678800501e-14,"[0.9999999999999807, 1.9262369477246094e-14, 0.0]",primal=Optimization terminated successfully; dual=outer=Optimization terminated successfully; inner=Optimization terminated successfully,0,158.1322429226833,0.0,,phi2_10x_licenseclean_contcert_20260504_linear_20260504_deep6_licenseclean,phi2_10x_licenseclean_contcert_20260504
linear,triple,webglm3+webglm7+webglm10,21.991382208127057,33.82098979949948,0,"[0.2041650169721384, 0.23699554096511224, 0.5588394420627494]","[0.2, 0.2, 0.6]",0.0,"{""webglm10"": -33.82098979949948, ""webglm3"": -32.935574722290006, ""webglm7"": -32.27339096069333}",webglm10,continuous_primal_dual_psd,6,21.991382208127057,21.991382208126822,2.3447910280083306e-13,"[1.663782853432647e-16, 0.66394160124226, 0.3360583987577399]",primal=Optimization terminated successfully; dual=outer=Optimization terminated successfully; inner=Optimization terminated successfully,1,-15.643780785752028,15.64378078575202,,phi2_10x_licenseclean_contcert_20260504_linear_20260504_deep6_licenseclean,phi2_10x_licenseclean_contcert_20260504
linear,triple,webglm3+webglm7+webglm8,94.40227395300666,165.47336883544918,0,"[0.20000000000002965, 0.2, 0.5999999999999703]","[0.4, 0.2, 0.4]",11.332392692565918,"{""webglm3"": -162.2258932113647, ""webglm7"": -162.25908107757564, ""webglm8"": -165.47336883544918}",webglm8,continuous_primal_dual_psd,6,94.40227395300666,94.40227395300666,0.0,"[0.0, 0.0, 1.0]",primal=Optimization terminated successfully; dual=outer=Optimization terminated successfully; inner=Optimization terminated successfully,1,-366.67571289246223,366.67571289246223,,phi2_10x_licenseclean_contcert_20260504_linear_20260504_deep6_licenseclean,phi2_10x_licenseclean_contcert_20260504
linear,triple,webglm3+webglm7+webglm9,37.86357835188011,151.40743560791012,0,"[0.2, 0.2622616225126423, 0.5377383774873576]","[0.4, 0.2, 0.4]",40.93976020812988,"{""webglm3"": -150.94383068084713, ""webglm7"": -142.82112426757809, ""webglm9"": -151.40743560791012}",webglm9,continuous_primal_dual_psd,6,37.86357835188011,37.8635783518801,7.105427357601002e-15,"[0.016986245354230586, 0.0, 0.9830137546457695]",primal=Optimization terminated successfully; dual=outer=Optimization terminated successfully; inner=Optimization terminated successfully,0,39.12762943167993,0.0,,phi2_10x_licenseclean_contcert_20260504_linear_20260504_deep6_licenseclean,phi2_10x_licenseclean_contcert_20260504
linear,triple,webglm3+webglm8+webglm10,28.1791782759147,36.25688858032223,0,"[0.20000000000001664, 0.2953488910639639, 0.5046511089360195]","[0.2, 0.2, 0.6]",0.0,"{""webglm10"": -34.18157405853268, ""webglm3"": -36.25688858032223, ""webglm8"": -35.081890296936}",webglm3,continuous_primal_dual_psd,6,28.1791782759147,28.1791782759147,0.0,"[0.0, 1.0, 0.0]",primal=Optimization terminated successfully; dual=outer=Optimization terminated successfully; inner=Optimization terminated successfully,0,35.27475305228856,0.0,,phi2_10x_licenseclean_contcert_20260504_linear_20260504_deep6_licenseclean,phi2_10x_licenseclean_contcert_20260504
linear,triple,webglm3+webglm8+webglm9,46.38283734139636,156.2895090103149,0,"[0.20000000000001375, 0.24299071394362212, 0.5570092860563641]","[0.2, 0.4, 0.4]",26.752519607543945,"{""webglm3"": -152.49259777069088, ""webglm8"": -153.1645090103149, ""webglm9"": -156.2895090103149}",webglm9,continuous_primal_dual_psd,6,46.38283734139636,46.38283734123214,1.6422063708887435e-10,"[5.3030564302828544e-15, 0.6151803002546001, 0.3848196997453945]",primal=Optimization terminated successfully; dual=outer=Optimization terminated successfully; inner=Optimization terminated successfully,1,-125.20523702133652,125.20523702133653,,phi2_10x_licenseclean_contcert_20260504_linear_20260504_deep6_licenseclean,phi2_10x_licenseclean_contcert_20260504
linear,triple,webglm3+webglm9+webglm10,-17.055066760885552,10.574105453491178,0,"[0.2000000000000251, 0.43370495070144616, 0.36629504929852874]","[0.2, 0.2, 0.6]",13.033413887023926,"{""webglm10"": -10.54089374542233, ""webglm3"": -5.4218561172485025, ""webglm9"": -10.574105453491178}",webglm9,continuous_primal_dual_psd,6,-17.055066760885552,-17.055066760885552,0.0,"[0.0, 1.0, 0.0]",primal=Optimization terminated successfully; dual=outer=Optimization terminated successfully; inner=Optimization terminated successfully,0,114.7291098525896,0.0,,phi2_10x_licenseclean_contcert_20260504_linear_20260504_deep6_licenseclean,phi2_10x_licenseclean_contcert_20260504
linear,triple,webglm4+webglm5+webglm10,54.43156838269491,66.85498065948482,0,"[0.20000000000004975, 0.2000000000000253, 0.5999999999999249]","[0.2, 0.2, 0.6]",0.0,"{""webglm10"": -66.85498065948482, ""webglm4"": -64.60452384948726, ""webglm5"": -63.927438926696745}",webglm10,continuous_primal_dual_psd,6,54.43156838269491,54.43156838269491,0.0,"[0.0, 1.0, 0.0]",primal=Optimization terminated successfully; dual=outer=Optimization terminated successfully; inner=Optimization terminated successfully,1,-346.8791777970041,346.87917779700416,,phi2_10x_licenseclean_contcert_20260504_linear_20260504_deep6_licenseclean,phi2_10x_licenseclean_contcert_20260504
linear,triple,webglm4+webglm5+webglm6,92.93266467688179,191.99922389984127,0,"[0.20000000000001156, 0.2000000000000062, 0.5999999999999822]","[0.2, 0.2, 0.6]",0.0,"{""webglm4"": -190.19863910675045, ""webglm5"": -188.51363964080807, ""webglm6"": -191.99922389984127}",webglm6,continuous_primal_dual_psd,6,92.93266467688179,92.93266467688179,0.0,"[1.0, 0.0, 0.0]",primal=Optimization terminated successfully; dual=outer=Optimization terminated successfully; inner=Optimization terminated successfully,1,-206.1598829674657,206.15988296746573,,phi2_10x_licenseclean_contcert_20260504_linear_20260504_deep6_licenseclean,phi2_10x_licenseclean_contcert_20260504
linear,triple,webglm4+webglm5+webglm7,145.32940117675705,245.17460174560543,0,"[0.2, 0.2, 0.6]","[0.2, 0.2, 0.6]",0.0,"{""webglm4"": -238.34081001281734, ""webglm5"": -243.61210174560543, ""webglm7"": -245.17460174560543}",webglm7,continuous_primal_dual_psd,6,145.32940117675705,145.32940117675705,0.0,"[0.0, 0.9999999999999987, 1.2767564783189282e-15]",primal=Optimization terminated successfully; dual=outer=Optimization terminated successfully; inner=Optimization terminated successfully,1,-340.6384744271513,340.6384744271513,,phi2_10x_licenseclean_contcert_20260504_linear_20260504_deep6_licenseclean,phi2_10x_licenseclean_contcert_20260504
linear,triple,webglm4+webglm5+webglm8,108.87251155974131,209.72473926544185,0,"[0.20000000000002394, 0.20000000000000712, 0.599999999999969]","[0.2, 0.2, 0.6]",0.0,"{""webglm4"": -209.72473926544185, ""webglm5"": -207.80165500640865, ""webglm8"": -208.49421329498287}",webglm4,continuous_primal_dual_psd,6,108.87251155974131,108.87251155974127,4.263256414560601e-14,"[5.884182030513322e-15, 0.999999999999994, 0.0]",primal=Optimization terminated successfully; dual=outer=Optimization terminated successfully; inner=Optimization terminated successfully,1,-251.0602280258604,251.0602280258604,,phi2_10x_licenseclean_contcert_20260504_linear_20260504_deep6_licenseclean,phi2_10x_licenseclean_contcert_20260504
linear,triple,webglm4+webglm5+webglm9,131.88974594842514,237.72838420867916,0,"[0.2, 0.2000000000000022, 0.5999999999999978]","[0.4, 0.2, 0.4]",3.293275833129883,"{""webglm4"": -237.6242191314697, ""webglm5"": -231.4932615280151, ""webglm9"": -237.72838420867916}",webglm9,continuous_primal_dual_psd,6,131.88974594842514,131.88974594842514,0.0,"[0.0, 0.0, 1.0]",primal=Optimization terminated successfully; dual=outer=Optimization terminated successfully; inner=Optimization terminated successfully,1,-397.5221945220395,397.5221945220395,,phi2_10x_licenseclean_contcert_20260504_linear_20260504_deep6_licenseclean,phi2_10x_licenseclean_contcert_20260504
linear,triple,webglm4+webglm6+webglm10,33.0108843155636,42.48342819213864,0,"[0.2315951851707912, 0.2, 0.5684048148292088]","[0.2, 0.2, 0.6]",0.0,"{""webglm10"": -41.58313579559323, ""webglm4"": -42.48342819213864, ""webglm6"": -41.62605113983151}",webglm4,continuous_primal_dual_psd,6,33.0108843155636,33.0108843155636,0.0,"[0.0, 1.0, 0.0]",primal=Optimization terminated successfully; dual=outer=Optimization terminated successfully; inner=Optimization terminated successfully,1,-214.07050159500162,214.0705015950016,,phi2_10x_licenseclean_contcert_20260504_linear_20260504_deep6_licenseclean,phi2_10x_licenseclean_contcert_20260504
linear,triple,webglm4+webglm6+webglm7,137.10419244766234,247.70665473937984,0,"[0.2, 0.2, 0.6]","[0.4, 0.4, 0.2]",37.00089454650882,"{""webglm4"": -247.70665473937984, ""webglm6"": -241.0628587722778, ""webglm7"": -230.61986274719234}",webglm4,continuous_primal_dual_psd,6,137.10419244766234,137.10419244766234,0.0,"[1.0, 0.0, 0.0]",primal=Optimization terminated successfully; dual=outer=Optimization terminated successfully; inner=Optimization terminated successfully,1,-875.7951785650356,885.0494513560894,,phi2_10x_licenseclean_contcert_20260504_linear_20260504_deep6_licenseclean,phi2_10x_licenseclean_contcert_20260504
linear,triple,webglm4+webglm6+webglm8,40.252157607423854,147.37356014251705,0,"[0.2, 0.5092457898113053, 0.29075421018869463]","[0.2, 0.2, 0.6]",19.021272659301758,"{""webglm4"": -140.5729562759399, ""webglm6"": -147.37356014251705, ""webglm8"": -139.8517877578735}",webglm6,continuous_primal_dual_psd,6,40.252157607423854,40.25215760742249,1.3642420526593924e-12,"[0.0, 0.4639963659171116, 0.5360036340828884]",primal=Optimization terminated successfully; dual=outer=Optimization terminated successfully; inner=Optimization terminated successfully,1,-5.764071756002998,5.764071756002995,,phi2_10x_licenseclean_contcert_20260504_linear_20260504_deep6_licenseclean,phi2_10x_licenseclean_contcert_20260504
linear,triple,webglm4+webglm6+webglm9,37.99515198809911,150.4939825057983,0,"[0.2, 0.4483912985180434, 0.35160870148195666]","[0.2, 0.4, 0.4]",0.0,"{""webglm4"": -147.14577503204342, ""webglm6"": -150.4939825057983, ""webglm9"": -149.56565208435055}",webglm6,continuous_primal_dual_psd,6,37.99515198809911,37.99515197380653,1.429258134066913e-08,"[0.38561842518281025, 5.9837259303510475e-21, 0.6143815748171899]",primal=Optimization terminated successfully; dual=outer=Optimization terminated successfully; inner=Optimization terminated successfully,1,-42.25576834118018,42.255768341180186,,phi2_10x_licenseclean_contcert_20260504_linear_20260504_deep6_licenseclean,phi2_10x_licenseclean_contcert_20260504
linear,triple,webglm4+webglm7+webglm10,30.34983975991993,42.36553020477292,0,"[0.2, 0.2184532421805802, 0.5815467578194198]","[0.2, 0.2, 0.6]",0.0,"{""webglm10"": -38.63842792510983, ""webglm4"": -42.347195816040006, ""webglm7"": -42.36553020477292}",webglm7,continuous_primal_dual_psd,6,30.34983975991993,30.349839759919924,7.105427357601002e-15,"[3.441691376337973e-15, 0.9999999999999964, 0.0]",primal=Optimization terminated successfully; dual=outer=Optimization terminated successfully; inner=Optimization terminated successfully,0,63.15656236366314,0.0,,phi2_10x_licenseclean_contcert_20260504_linear_20260504_deep6_licenseclean,phi2_10x_licenseclean_contcert_20260504
linear,triple,webglm4+webglm7+webglm8,134.927325658582,205.17802543640133,0,"[0.2, 0.2, 0.6]","[0.2, 0.2, 0.6]",0.0,"{""webglm4"": -205.17802543640133, ""webglm7"": -197.48571224212643, ""webglm8"": -202.02327079772945}",webglm4,continuous_primal_dual_psd,6,134.927325658582,134.927325658582,0.0,"[0.0, 0.0, 1.0]",primal=Optimization terminated successfully; dual=outer=Optimization terminated successfully; inner=Optimization terminated successfully,1,-510.5225353820212,510.52253538202115,,phi2_10x_licenseclean_contcert_20260504_linear_20260504_deep6_licenseclean,phi2_10x_licenseclean_contcert_20260504
linear,triple,webglm4+webglm7+webglm9,76.98587673871874,187.57043190002437,0,"[0.20000000000002652, 0.25380053441940426, 0.5461994655805692]","[0.4, 0.2, 0.4]",29.16092872619629,"{""webglm4"": -187.57043190002437, ""webglm7"": -177.54409618377682, ""webglm9"": -177.6299507141113}",webglm4,continuous_primal_dual_psd,6,76.98587673871874,76.98587673871643,2.3163693185779266e-12,"[0.8204227677314667, 5.287147469509347e-15, 0.17957723226852798]",primal=Optimization terminated successfully; dual=outer=Optimization terminated successfully; inner=Optimization terminated successfully,1,-357.51365206790797,357.513652067908,,phi2_10x_licenseclean_contcert_20260504_linear_20260504_deep6_licenseclean,phi2_10x_licenseclean_contcert_20260504
linear,triple,webglm4+webglm8+webglm10,34.981306061179694,43.772366714477506,0,"[0.2, 0.20760292260516738, 0.5923970773948326]","[0.2, 0.2, 0.6]",0.0,"{""webglm10"": -42.81938381195065, ""webglm4"": -43.772366714477506, ""webglm8"": -42.78619594573971}",webglm4,continuous_primal_dual_psd,6,34.981306061179694,34.981306061179694,0.0,"[0.0, 1.0, 0.0]",primal=Optimization terminated successfully; dual=outer=Optimization terminated successfully; inner=Optimization terminated successfully,1,-170.89566300992578,170.8956630099258,,phi2_10x_licenseclean_contcert_20260504_linear_20260504_deep6_licenseclean,phi2_10x_licenseclean_contcert_20260504
linear,triple,webglm4+webglm8+webglm9,105.99508080546354,188.9726907730102,0,"[0.2, 0.20857316139869544, 0.5914268386013045]","[0.4, 0.2, 0.4]",28.26235294342041,"{""webglm4"": -178.80552120208736, ""webglm8"": -187.6333982467651, ""webglm9"": -188.9726907730102}",webglm9,continuous_primal_dual_psd,6,105.99508080546354,105.99508080546262,9.237055564881302e-13,"[1.465678075143737e-15, 0.7403302479674508, 0.25966975203254766]",primal=Optimization terminated successfully; dual=outer=Optimization terminated successfully; inner=Optimization terminated successfully,1,-334.84389924571593,334.84389924571593,,phi2_10x_licenseclean_contcert_20260504_linear_20260504_deep6_licenseclean,phi2_10x_licenseclean_contcert_20260504
linear,triple,webglm4+webglm9+webglm10,-7.348509528422127,10.257604789733854,0,"[0.20000000000001744, 0.35195926125006344, 0.4480407387499191]","[0.2, 0.2, 0.6]",28.6973237991333,"{""webglm10"": -6.634643745422331, ""webglm4"": -10.257604789733854, ""webglm9"": -5.449894142150846}",webglm4,continuous_primal_dual_psd,6,-7.348509528422127,-7.348509528422127,0.0,"[1.0, 0.0, 0.0]",primal=Optimization terminated successfully; dual=outer=Optimization terminated successfully; inner=Optimization terminated successfully,0,14.401930338085378,0.0,,phi2_10x_licenseclean_contcert_20260504_linear_20260504_deep6_licenseclean,phi2_10x_licenseclean_contcert_20260504
linear,triple,webglm5+webglm6+webglm10,43.70198533309219,60.60898609161374,0,"[0.2163550914170703, 0.2, 0.5836449085829297]","[0.2, 0.2, 0.6]",0.0,"{""webglm10"": -60.60898609161374, ""webglm5"": -58.90913314819333, ""webglm6"": -59.604528617858854}",webglm10,continuous_primal_dual_psd,6,43.70198533309219,43.70198533309219,0.0,"[1.0, 0.0, 0.0]",primal=Optimization terminated successfully; dual=outer=Optimization terminated successfully; inner=Optimization terminated successfully,1,-69.11016733933442,69.11016733933442,,phi2_10x_licenseclean_contcert_20260504_linear_20260504_deep6_licenseclean,phi2_10x_licenseclean_contcert_20260504
linear,triple,webglm5+webglm6+webglm7,115.60555098890451,206.01706809997555,0,"[0.27372960511396355, 0.20000000000000515, 0.5262703948860313]","[0.4, 0.4, 0.2]",46.26491069793701,"{""webglm5"": -206.01706809997555, ""webglm6"": -202.5646955490112, ""webglm7"": -201.24030418395992}",webglm5,continuous_primal_dual_psd,6,115.60555098890451,115.60555098108611,7.818400149517402e-09,"[0.35594172152551545, 0.6440582784744836, 9.49024053989337e-16]",primal=Optimization terminated successfully; dual=outer=Optimization terminated successfully; inner=Optimization terminated successfully,1,-206.85737463559934,206.85737463559934,,phi2_10x_licenseclean_contcert_20260504_linear_20260504_deep6_licenseclean,phi2_10x_licenseclean_contcert_20260504
linear,triple,webglm5+webglm6+webglm8,38.14098522730626,140.89577503204342,0,"[0.2, 0.2618674598055954, 0.5381325401944046]","[0.2, 0.2, 0.6]",0.0,"{""webglm5"": -138.80212612152096, ""webglm6"": -140.89577503204342, ""webglm8"": -140.60614414215084}",webglm6,continuous_primal_dual_psd,6,38.14098522730626,38.140985227300206,6.0538241086760536e-12,"[3.4248149141854904e-17, 0.13912594728761404, 0.8608740527123859]",primal=Optimization terminated successfully; dual=outer=Optimization terminated successfully; inner=Optimization terminated successfully,1,-104.32818879787614,104.32818879787614,,phi2_10x_licenseclean_contcert_20260504_linear_20260504_deep6_licenseclean,phi2_10x_licenseclean_contcert_20260504
linear,triple,webglm5+webglm6+webglm9,57.972587503837644,147.18010730743404,0,"[0.2, 0.3995882636749689, 0.400411736325031]","[0.2, 0.6, 0.2]",19.508934020996094,"{""webglm5"": -142.01298065185543, ""webglm6"": -147.18010730743404, ""webglm9"": -141.30785770416256}",webglm6,continuous_primal_dual_psd,6,57.972587503837644,57.972587503837644,0.0,"[0.0, 1.0, 0.0]",primal=Optimization terminated successfully; dual=outer=Optimization terminated successfully; inner=Optimization terminated successfully,1,-199.2322691883905,199.23226918839052,,phi2_10x_licenseclean_contcert_20260504_linear_20260504_deep6_licenseclean,phi2_10x_licenseclean_contcert_20260504
linear,triple,webglm5+webglm7+webglm10,33.16020731410791,43.24751205444333,0,"[0.2, 0.22936553191156772, 0.5706344680884323]","[0.2, 0.2, 0.6]",0.0,"{""webglm10"": -41.718199920654264, ""webglm5"": -41.324451637268034, ""webglm7"": -43.24751205444333}",webglm7,continuous_primal_dual_psd,6,33.16020731410791,33.16020731409412,1.3784529073745944e-11,"[0.6902346781953407, 0.30976532180465927, 0.0]",primal=Optimization terminated successfully; dual=outer=Optimization terminated successfully; inner=Optimization terminated successfully,1,-34.3044696520179,34.30446965201791,,phi2_10x_licenseclean_contcert_20260504_linear_20260504_deep6_licenseclean,phi2_10x_licenseclean_contcert_20260504
linear,triple,webglm5+webglm7+webglm8,87.08003824991573,174.67780418395992,0,"[0.22518548066534963, 0.2, 0.5748145193346503]","[0.2, 0.2, 0.6]",0.0,"{""webglm5"": -174.67780418395992, ""webglm7"": -170.60842819213863, ""webglm8"": -165.97242660522457}",webglm5,continuous_primal_dual_psd,6,87.08003824991573,87.08003823517953,1.4736201592313591e-08,"[6.089261533030035e-18, 0.08028232731507065, 0.9197176726849294]",primal=Optimization terminated successfully; dual=outer=Optimization terminated successfully; inner=Optimization terminated successfully,1,-419.62534862743587,419.62534862743587,,phi2_10x_licenseclean_contcert_20260504_linear_20260504_deep6_licenseclean,phi2_10x_licenseclean_contcert_20260504
linear,triple,webglm5+webglm7+webglm9,56.762691370978445,166.37995548248287,0,"[0.2, 0.3276897906163358, 0.4723102093836642]","[0.4, 0.2, 0.4]",9.76877212524414,"{""webglm5"": -158.13820667266842, ""webglm7"": -157.12173290252682, ""webglm9"": -166.37995548248287}",webglm9,continuous_primal_dual_psd,6,56.762691370978445,56.762691370978445,0.0,"[0.0, 0.0, 1.0]",primal=Optimization terminated successfully; dual=outer=Optimization terminated successfully; inner=Optimization terminated successfully,1,-66.46014531193453,66.46014531193457,,phi2_10x_licenseclean_contcert_20260504_linear_20260504_deep6_licenseclean,phi2_10x_licenseclean_contcert_20260504
linear,triple,webglm5+webglm8+webglm10,25.857868157043,39.884403419494596,0,"[0.2, 0.3439159070364693, 0.4560840929635307]","[0.2, 0.2, 0.6]",15.059518814086914,"{""webglm10"": -39.884403419494596, ""webglm5"": -35.186055374145475, ""webglm8"": -38.00940818786618}",webglm10,continuous_primal_dual_psd,6,25.857868157043,25.85786815703497,8.029132914089132e-12,"[0.5037776626864174, 2.4411662334590176e-14, 0.4962223373135581]",primal=Optimization terminated successfully; dual=outer=Optimization terminated successfully; inner=Optimization terminated successfully,0,129.3488517202823,0.0,,phi2_10x_licenseclean_contcert_20260504_linear_20260504_deep6_licenseclean,phi2_10x_licenseclean_contcert_20260504
linear,triple,webglm5+webglm8+webglm9,79.14934378803451,188.86504478454586,0,"[0.25698121523731476, 0.30923053494785324, 0.433788249814832]","[0.2, 0.6, 0.2]",19.974851608276367,"{""webglm5"": -188.86504478454586, ""webglm8"": -183.92114944458004, ""webglm9"": -187.7524406433105}",webglm5,continuous_primal_dual_psd,6,79.14934378803451,79.14934378803406,4.547473508864641e-13,"[2.524374809776076e-14, 0.37930094090549255, 0.6206990590944823]",primal=Optimization terminated successfully; dual=outer=Optimization terminated successfully; inner=Optimization terminated successfully,1,-259.249884548135,259.24988454813507,,phi2_10x_licenseclean_contcert_20260504_linear_20260504_deep6_licenseclean,phi2_10x_licenseclean_contcert_20260504
linear,triple,webglm5+webglm9+webglm10,-4.464470306026158,18.981245231628385,0,"[0.2, 0.3995200911188035, 0.40047990888119656]","[0.2, 0.2, 0.6]",12.46795654296875,"{""webglm10"": -13.212016296386686, ""webglm5"": -9.939935874938932, ""webglm9"": -18.981245231628385}",webglm9,continuous_primal_dual_psd,6,-4.464470306026158,-4.464470306026158,0.0,"[0.0, 1.0, 0.0]",primal=Optimization terminated successfully; dual=outer=Optimization terminated successfully; inner=Optimization terminated successfully,0,45.29201377868992,0.0,,phi2_10x_licenseclean_contcert_20260504_linear_20260504_deep6_licenseclean,phi2_10x_licenseclean_contcert_20260504
linear,triple,webglm6+webglm7+webglm10,35.527162466012854,54.598239135742155,0,"[0.2000000000000189, 0.25607047281623824, 0.5439295271837429]","[0.2, 0.2, 0.6]",0.0,"{""webglm10"": -45.05040950775143, ""webglm6"": -54.598239135742155, ""webglm7"": -52.03128166198727}",webglm6,continuous_primal_dual_psd,6,35.527162466012854,35.52716246601285,7.105427357601002e-15,"[0.0, 0.9999999999999889, 1.1046719095020185e-14]",primal=Optimization terminated successfully; dual=outer=Optimization terminated successfully; inner=Optimization terminated successfully,1,-37.14155933081769,37.1415593308177,,phi2_10x_licenseclean_contcert_20260504_linear_20260504_deep6_licenseclean,phi2_10x_licenseclean_contcert_20260504
linear,triple,webglm6+webglm7+webglm8,74.24310999679236,181.6500932693481,0,"[0.27365255179095116, 0.2, 0.5263474482090489]","[0.2, 0.2, 0.6]",0.0,"{""webglm6"": -174.41451854705807, ""webglm7"": -176.7874509811401, ""webglm8"": -181.6500932693481}",webglm8,continuous_primal_dual_psd,6,74.24310999679236,74.24310999679136,9.947598300641403e-13,"[0.06380427271552547, 0.9361957272843724, 1.0218258435689479e-13]",primal=Optimization terminated successfully; dual=outer=Optimization terminated successfully; inner=Optimization terminated successfully,1,-584.8573594364257,584.8573594364258,,phi2_10x_licenseclean_contcert_20260504_linear_20260504_deep6_licenseclean,phi2_10x_licenseclean_contcert_20260504
linear,triple,webglm6+webglm7+webglm9,56.291245326756794,234.33783359527584,0,"[0.2, 0.29521565826839014, 0.5047843417316098]","[0.4, 0.2, 0.4]",21.538448333740234,"{""webglm6"": -234.33783359527584, ""webglm7"": -231.59058399200435, ""webglm9"": -227.91152305603023}",webglm6,continuous_primal_dual_psd,6,56.291245326756794,56.291245326756794,0.0,"[0.0, 1.0, 0.0]",primal=Optimization terminated successfully; dual=outer=Optimization terminated successfully; inner=Optimization terminated successfully,1,-146.15955275305097,146.15955275305095,,phi2_10x_licenseclean_contcert_20260504_linear_20260504_deep6_licenseclean,phi2_10x_licenseclean_contcert_20260504
linear,triple,webglm6+webglm8+webglm10,31.85487360308898,48.15821952819821,0,"[0.20000000000000712, 0.37121104283663187, 0.42878895716336096]","[0.2, 0.2, 0.6]",6.226539611816406,"{""webglm10"": -45.45390911102292, ""webglm6"": -47.034695816040006, ""webglm8"": -48.15821952819821}",webglm8,continuous_primal_dual_psd,6,31.85487360308898,31.85487360308898,0.0,"[1.0, 0.0, 0.0]",primal=Optimization terminated successfully; dual=outer=Optimization terminated successfully; inner=Optimization terminated successfully,1,-451.7613733219878,451.7613733219878,,phi2_10x_licenseclean_contcert_20260504_linear_20260504_deep6_licenseclean,phi2_10x_licenseclean_contcert_20260504
linear,triple,webglm6+webglm8+webglm9,27.80580140067441,133.77120800018307,0,"[0.3970922368576245, 0.24322556011522395, 0.3596822030271516]","[0.6, 0.2, 0.2]",5.254125595092773,"{""webglm6"": -127.56927318572994, ""webglm8"": -133.77120800018307, ""webglm9"": -129.33667011260982}",webglm8,continuous_primal_dual_psd,6,27.80580140067441,27.805801400674085,3.268496584496461e-13,"[4.652558768516158e-16, 0.7478879233787816, 0.25211207662121793]",primal=Optimization terminated successfully; dual=outer=Optimization terminated successfully; inner=Optimization terminated successfully,1,-265.4987189899726,265.4987189899726,,phi2_10x_licenseclean_contcert_20260504_linear_20260504_deep6_licenseclean,phi2_10x_licenseclean_contcert_20260504
linear,triple,webglm6+webglm9+webglm10,-7.665752723089781,26.501849365234342,0,"[0.2, 0.5195638912590933, 0.28043610874090663]","[0.2, 0.2, 0.6]",63.20455074310302,"{""webglm10"": -26.501849365234342, ""webglm6"": -21.788624000549284, ""webglm9"": -22.551539611816374}",webglm10,continuous_primal_dual_psd,6,-7.665752723089781,-7.665752723089781,0.0,"[0.0, 1.0, 0.0]",primal=Optimization terminated successfully; dual=outer=Optimization terminated successfully; inner=Optimization terminated successfully,1,-151.70358744206587,151.70358744206587,,phi2_10x_licenseclean_contcert_20260504_linear_20260504_deep6_licenseclean,phi2_10x_licenseclean_contcert_20260504
linear,triple,webglm7+webglm8+webglm10,25.57386611647884,40.84480113983151,0,"[0.2, 0.20917503164189716, 0.5908249683581028]","[0.2, 0.2, 0.6]",0.0,"{""webglm10"": -38.216593933105436, ""webglm7"": -40.06355113983151, ""webglm8"": -40.84480113983151}",webglm8,continuous_primal_dual_psd,6,25.57386611647884,25.573866116453672,2.516742370062275e-11,"[0.2954320291465045, 0.7045679708534955, 4.014290289119736e-19]",primal=Optimization terminated successfully; dual=outer=Optimization terminated successfully; inner=Optimization terminated successfully,1,-234.89689723833206,234.89689723833203,,phi2_10x_licenseclean_contcert_20260504_linear_20260504_deep6_licenseclean,phi2_10x_licenseclean_contcert_20260504
linear,triple,webglm7+webglm8+webglm9,57.305112552649554,167.78564758300777,0,"[0.20000000000000023, 0.20000000000001925, 0.5999999999999805]","[0.4, 0.2, 0.4]",26.171016693115234,"{""webglm7"": -167.78564758300777, ""webglm8"": -161.0708982467651, ""webglm9"": -164.57133598327633}",webglm7,continuous_primal_dual_psd,6,57.305112552649554,57.305112552649554,0.0,"[1.0, 0.0, 0.0]",primal=Optimization terminated successfully; dual=outer=Optimization terminated successfully; inner=Optimization terminated successfully,1,-616.6661972365242,627.7428759832504,,phi2_10x_licenseclean_contcert_20260504_linear_20260504_deep6_licenseclean,phi2_10x_licenseclean_contcert_20260504
linear,triple,webglm7+webglm9+webglm10,-22.124199068917733,8.751753044128385,0,"[0.20000000000000093, 0.48592229170866746, 0.31407770829133164]","[0.2, 0.2, 0.6]",16.271162033081055,"{""webglm10"": -8.751753044128385, ""webglm7"": -8.718565177917448, ""webglm9"": -7.189253044128385}",webglm10,continuous_primal_dual_psd,6,-22.124199068917733,-22.124199068917733,0.0,"[1.0, 0.0, 0.0]",primal=Optimization terminated successfully; dual=outer=Optimization terminated successfully; inner=Optimization terminated successfully,1,-182.83952903301093,182.83952903301093,,phi2_10x_licenseclean_contcert_20260504_linear_20260504_deep6_licenseclean,phi2_10x_licenseclean_contcert_20260504
linear,triple,webglm8+webglm9+webglm10,-2.722384077458713,16.456082534790006,0,"[0.2, 0.4221353086679516, 0.37786469133204836]","[0.2, 0.2, 0.6]",23.16105365753174,"{""webglm10"": -16.456082534790006, ""webglm8"": -16.217973899841276, ""webglm9"": -12.027266693115202}",webglm10,continuous_primal_dual_psd,6,-2.722384077458713,-2.722384077458713,0.0,"[0.0, 0.0, 1.0]",primal=Optimization terminated successfully; dual=outer=Optimization terminated successfully; inner=Optimization terminated successfully,0,4.117217143540216,0.0,,phi2_10x_licenseclean_contcert_20260504_linear_20260504_deep6_licenseclean,phi2_10x_licenseclean_contcert_20260504
magnitude_prune,pair,webglm1+webglm10,12.547596764564444,7.8989774703979165,0,"[0.2, 0.8]","[0.2, 0.8]",0.0,"{""webglm1"": -7.8989774703979165, ""webglm10"": -7.718685340881315}",webglm1,continuous_primal_dual_psd,4,12.547596764564444,12.547596764564444,0.0,"[0.0, 1.0]",primal=Optimization terminated successfully; dual=outer=Optimization terminated successfully; inner=Optimization terminated successfully,0,528.611987829208,0.0,,phi2_10x_licenseclean_contcert_20260504_magnitude_prune_20260504_deep6_licenseclean,phi2_10x_licenseclean_contcert_20260504
magnitude_prune,pair,webglm1+webglm2,234.7706086158753,242.93444461822506,0,"[0.2, 0.8]","[0.2, 0.8]",0.0,"{""webglm1"": -240.91062850952144, ""webglm2"": -242.93444461822506}",webglm2,continuous_primal_dual_psd,4,234.7706086158753,234.7706086158753,0.0,"[0.0, 1.0]",primal=Optimization terminated successfully; dual=outer=Optimization terminated successfully; inner=Optimization terminated successfully,1,-101.46141052246193,101.46141052246193,,phi2_10x_licenseclean_contcert_20260504_magnitude_prune_20260504_deep6_licenseclean,phi2_10x_licenseclean_contcert_20260504
magnitude_prune,pair,webglm1+webglm3,186.2215215682984,231.1991006851196,0,"[0.2, 0.8]","[0.2, 0.8]",0.0,"{""webglm1"": -231.1991006851196, ""webglm3"": -228.10731239318844}",webglm1,continuous_primal_dual_psd,4,186.2215215682984,186.2215215682984,0.0,"[1.0, 0.0]",primal=Optimization terminated successfully; dual=outer=Optimization terminated successfully; inner=Optimization terminated successfully,1,-243.2525157928468,243.2525157928468,,phi2_10x_licenseclean_contcert_20260504_magnitude_prune_20260504_deep6_licenseclean,phi2_10x_licenseclean_contcert_20260504
magnitude_prune,pair,webglm1+webglm4,128.2639140605926,187.22474880218502,0,"[0.2, 0.8]","[0.4, 0.6]",2.3992538452148438,"{""webglm1"": -187.22474880218502, ""webglm4"": -184.42254371643062}",webglm1,continuous_primal_dual_psd,4,128.2639140605926,128.2639140605926,0.0,"[0.0, 1.0]",primal=Optimization terminated successfully; dual=outer=Optimization terminated successfully; inner=Optimization terminated successfully,1,-83.70518684387201,83.70518684387201,,phi2_10x_licenseclean_contcert_20260504_magnitude_prune_20260504_deep6_licenseclean,phi2_10x_licenseclean_contcert_20260504
magnitude_prune,pair,webglm1+webglm5,91.30167193412784,162.18123741149898,0,"[0.2, 0.8]","[0.4, 0.6]",0.7886886596679688,"{""webglm1"": -160.60040302276607, ""webglm5"": -162.18123741149898}",webglm5,continuous_primal_dual_psd,4,91.30167193412784,91.30167193412784,0.0,"[4.718447854656915e-16, 0.9999999999999996]",primal=Optimization terminated successfully; dual=outer=Optimization terminated successfully; inner=Optimization terminated successfully,0,213.32234144210813,0.0,,phi2_10x_licenseclean_contcert_20260504_magnitude_prune_20260504_deep6_licenseclean,phi2_10x_licenseclean_contcert_20260504
magnitude_prune,pair,webglm1+webglm6,54.54840130806477,134.83577079772945,0,"[0.20000000000004264, 0.7999999999999574]","[0.2, 0.8]",0.0,"{""webglm1"": -127.33233280181881, ""webglm6"": -134.83577079772945}",webglm6,continuous_primal_dual_psd,4,54.54840130806477,54.54840130806477,0.0,"[0.0, 1.0]",primal=Optimization terminated successfully; dual=outer=Optimization terminated successfully; inner=Optimization terminated successfully,0,181.36143684387164,0.0,,phi2_10x_licenseclean_contcert_20260504_magnitude_prune_20260504_deep6_licenseclean,phi2_10x_licenseclean_contcert_20260504
magnitude_prune,pair,webglm1+webglm7,104.17403049468997,181.58254928588863,0,"[0.2, 0.8]","[0.2, 0.8]",0.0,"{""webglm1"": -181.58254928588863, ""webglm7"": -179.38819236755367}",webglm1,continuous_primal_dual_psd,4,104.17403049468997,104.17403049468997,0.0,"[3.0531133177191805e-16, 0.9999999999999998]",primal=Optimization terminated successfully; dual=outer=Optimization terminated successfully; inner=Optimization terminated successfully,1,-212.81421184539795,212.81421184539795,,phi2_10x_licenseclean_contcert_20260504_magnitude_prune_20260504_deep6_licenseclean,phi2_10x_licenseclean_contcert_20260504
magnitude_prune,pair,webglm1+webglm8,58.94574708938601,110.96673316955562,0,"[0.2, 0.8]","[0.2, 0.8]",0.0,"{""webglm1"": -110.96673316955562, ""webglm8"": -109.55646343231197}",webglm1,continuous_primal_dual_psd,4,58.94574708938601,58.94574708938601,0.0,"[0.0, 1.0]",primal=Optimization terminated successfully; dual=outer=Optimization terminated successfully; inner=Optimization terminated successfully,0,288.403034210205,0.0,,phi2_10x_licenseclean_contcert_20260504_magnitude_prune_20260504_deep6_licenseclean,phi2_10x_licenseclean_contcert_20260504
magnitude_prune,pair,webglm1+webglm9,49.84569020271294,152.28998966217037,0,"[0.2, 0.8]","[0.4, 0.6]",37.392377853393555,"{""webglm1"": -152.28998966217037, ""webglm9"": -150.22723979949947}",webglm1,continuous_primal_dual_psd,4,49.84569020271294,49.84569020271294,0.0,"[1.0, 0.0]",primal=Optimization terminated successfully; dual=outer=Optimization terminated successfully; inner=Optimization terminated successfully,0,74.57375526428179,0.0,,phi2_10x_licenseclean_contcert_20260504_magnitude_prune_20260504_deep6_licenseclean,phi2_10x_licenseclean_contcert_20260504
magnitude_prune,pair,webglm2+webglm10,18.170050454139783,15.041831207275358,0,"[0.2000000000000057, 0.7999999999999943]","[0.2, 0.8]",0.0,"{""webglm10"": -12.987664413452116, ""webglm2"": -15.041831207275358}",webglm2,continuous_primal_dual_psd,4,18.170050454139783,18.170050454139783,0.0,"[0.0, 1.0]",primal=Optimization terminated successfully; dual=outer=Optimization terminated successfully; inner=Optimization terminated successfully,0,375.6594657897946,0.0,,phi2_10x_licenseclean_contcert_20260504_magnitude_prune_20260504_deep6_licenseclean,phi2_10x_licenseclean_contcert_20260504
magnitude_prune,pair,webglm2+webglm3,139.22881431580538,169.1890270233154,0,"[0.20000000000021467, 0.7999999999997853]","[0.4, 0.6]",15.352582931518555,"{""webglm2"": -169.1890270233154, ""webglm3"": -167.1800882339477}",webglm2,continuous_primal_dual_psd,4,139.22881431580538,139.22881431580538,0.0,"[1.0, 0.0]",primal=Optimization terminated successfully; dual=outer=Optimization terminated successfully; inner=Optimization terminated successfully,1,-31.706392765045162,31.706392765045162,,phi2_10x_licenseclean_contcert_20260504_magnitude_prune_20260504_deep6_licenseclean,phi2_10x_licenseclean_contcert_20260504
magnitude_prune,pair,webglm2+webglm4,90.52448339462278,150.659921836853,0,"[0.2, 0.8]","[0.4, 0.6]",12.26191520690918,"{""webglm2"": -148.58460731506344, ""webglm4"": -150.659921836853}",webglm4,continuous_primal_dual_psd,4,90.52448339462278,90.52448339462278,0.0,"[0.0, 1.0]",primal=Optimization terminated successfully; dual=outer=Optimization terminated successfully; inner=Optimization terminated successfully,0,225.49748420715292,0.0,,phi2_10x_licenseclean_contcert_20260504_magnitude_prune_20260504_deep6_licenseclean,phi2_10x_licenseclean_contcert_20260504
magnitude_prune,pair,webglm2+webglm5,135.47273106575358,174.6881038665771,0,"[0.20000000000017548, 0.7999999999998245]","[0.4, 0.6]",11.402249336242676,"{""webglm2"": -174.6881038665771, ""webglm5"": -174.5690614700317}",webglm2,continuous_primal_dual_psd,4,135.47273106575358,135.47273106575358,0.0,"[1.0, 0.0]",primal=Optimization terminated successfully; dual=outer=Optimization terminated successfully; inner=Optimization terminated successfully,0,65.44232368469234,0.0,,phi2_10x_licenseclean_contcert_20260504_magnitude_prune_20260504_deep6_licenseclean,phi2_10x_licenseclean_contcert_20260504
magnitude_prune,pair,webglm2+webglm6,55.20486660003661,135.8660013198852,0,"[0.2, 0.8]","[0.2, 0.8]",0.0,"{""webglm2"": -135.8660013198852, ""webglm6"": -123.2286245346069}",webglm2,continuous_primal_dual_psd,4,55.20486660003661,55.20486660003661,0.0,"[5.551115123125783e-17, 1.0]",primal=Optimization terminated successfully; dual=outer=Optimization terminated successfully; inner=Optimization terminated successfully,1,-8.87751579284679,8.87751579284679,,phi2_10x_licenseclean_contcert_20260504_magnitude_prune_20260504_deep6_licenseclean,phi2_10x_licenseclean_contcert_20260504
magnitude_prune,pair,webglm2+webglm7,62.23811423328935,164.70070190429684,0,"[0.20293611622119873, 0.7970638837788013]","[0.4, 0.6]",0.5322694778442383,"{""webglm2"": -164.70070190429684, ""webglm7"": -162.31403656005855}",webglm2,continuous_primal_dual_psd,4,62.23811423328935,62.23811423328935,0.0,"[5.551115123125783e-17, 1.0]",primal=Optimization terminated successfully; dual=outer=Optimization terminated successfully; inner=Optimization terminated successfully,0,373.37601184844925,0.0,,phi2_10x_licenseclean_contcert_20260504_magnitude_prune_20260504_deep6_licenseclean,phi2_10x_licenseclean_contcert_20260504
magnitude_prune,pair,webglm2+webglm8,90.20384259223931,157.23045177459713,0,"[0.2, 0.8]","[0.2, 0.8]",0.0,"{""webglm2"": -153.6739141464233, ""webglm8"": -157.23045177459713}",webglm8,continuous_primal_dual_psd,4,90.20384259223931,90.20384259223931,0.0,"[0.0, 1.0]",primal=Optimization terminated successfully; dual=outer=Optimization terminated successfully; inner=Optimization terminated successfully,0,185.41961908340392,0.0,,phi2_10x_licenseclean_contcert_20260504_magnitude_prune_20260504_deep6_licenseclean,phi2_10x_licenseclean_contcert_20260504
magnitude_prune,pair,webglm2+webglm9,55.301276516914385,162.41474456787105,0,"[0.2, 0.8]","[0.4, 0.6]",35.75320243835449,"{""webglm2"": -162.41474456787105, ""webglm9"": -153.72429199218746}",webglm2,continuous_primal_dual_psd,4,55.301276516914385,55.301276516914385,0.0,"[0.0, 1.0]",primal=Optimization terminated successfully; dual=outer=Optimization terminated successfully; inner=Optimization terminated successfully,0,312.5002980232234,0.0,,phi2_10x_licenseclean_contcert_20260504_magnitude_prune_20260504_deep6_licenseclean,phi2_10x_licenseclean_contcert_20260504
magnitude_prune,pair,webglm3+webglm10,7.598901999335965,14.894703102111784,0,"[0.21450871088013218, 0.7854912891198678]","[0.2, 0.8]",0.0,"{""webglm10"": -14.757374000549284, ""webglm3"": -14.894703102111784}",webglm3,continuous_primal_dual_psd,4,7.598901999335965,7.598901999335965,0.0,"[1.0, 0.0]",primal=Optimization terminated successfully; dual=outer=Optimization terminated successfully; inner=Optimization terminated successfully,0,389.863848686218,0.0,,phi2_10x_licenseclean_contcert_20260504_magnitude_prune_20260504_deep6_licenseclean,phi2_10x_licenseclean_contcert_20260504
magnitude_prune,pair,webglm3+webglm4,99.11732849218583,158.89940567016598,0,"[0.31125320400025014, 0.6887467959997499]","[0.4, 0.6]",0.0,"{""webglm3"": -155.56607551574703, ""webglm4"": -158.89940567016598}",webglm4,continuous_primal_dual_psd,4,99.11732849218583,99.11732849218583,0.0,"[1.0, 0.0]",primal=Optimization terminated successfully; dual=outer=Optimization terminated successfully; inner=Optimization terminated successfully,0,198.3565092086788,0.0,,phi2_10x_licenseclean_contcert_20260504_magnitude_prune_20260504_deep6_licenseclean,phi2_10x_licenseclean_contcert_20260504
magnitude_prune,pair,webglm3+webglm5,128.52267332077025,207.99739665985103,0,"[0.2, 0.8]","[0.4, 0.6]",2.746129035949707,"{""webglm3"": -207.99739665985103, ""webglm5"": -207.32775039672848}",webglm3,continuous_primal_dual_psd,4,128.52267332077025,128.52267332077025,0.0,"[0.0, 1.0]",primal=Optimization terminated successfully; dual=outer=Optimization terminated successfully; inner=Optimization terminated successfully,0,106.53436183929396,0.0,,phi2_10x_licenseclean_contcert_20260504_magnitude_prune_20260504_deep6_licenseclean,phi2_10x_licenseclean_contcert_20260504
magnitude_prune,pair,webglm3+webglm6,45.860323381423896,128.56746025085445,0,"[0.2, 0.8]","[0.2, 0.8]",0.0,"{""webglm3"": -123.10614891052242, ""webglm6"": -128.56746025085445}",webglm6,continuous_primal_dual_psd,4,45.860323381423896,45.860323381423896,0.0,"[1.0, 0.0]",primal=Optimization terminated successfully; dual=outer=Optimization terminated successfully; inner=Optimization terminated successfully,0,129.6168565750122,0.0,,phi2_10x_licenseclean_contcert_20260504_magnitude_prune_20260504_deep6_licenseclean,phi2_10x_licenseclean_contcert_20260504
magnitude_prune,pair,webglm3+webglm7,58.81207468060995,151.4085800170898,0,"[0.21502278093073407, 0.7849772190692659]","[0.4, 0.6]",18.288683891296387,"{""webglm3"": -151.4085800170898, ""webglm7"": -151.0663063049316}",webglm3,continuous_primal_dual_psd,4,58.81207468060995,58.81207468060995,0.0,"[1.0, 0.0]",primal=Optimization terminated successfully; dual=outer=Optimization terminated successfully; inner=Optimization terminated successfully,0,90.80797433853114,0.0,,phi2_10x_licenseclean_contcert_20260504_magnitude_prune_20260504_deep6_licenseclean,phi2_10x_licenseclean_contcert_20260504
magnitude_prune,pair,webglm3+webglm8,66.73184819221493,138.14850158691402,0,"[0.2, 0.8]","[0.2, 0.8]",0.0,"{""webglm3"": -138.14850158691402, ""webglm8"": -132.51662559509273}",webglm3,continuous_primal_dual_psd,4,66.73184819221493,66.73184819221493,0.0,"[0.9999999999999993, 6.661338147750939e-16]",primal=Optimization terminated successfully; dual=outer=Optimization terminated successfully; inner=Optimization terminated successfully,0,230.57013750076257,0.0,,phi2_10x_licenseclean_contcert_20260504_magnitude_prune_20260504_deep6_licenseclean,phi2_10x_licenseclean_contcert_20260504
magnitude_prune,pair,webglm3+webglm9,47.98986185493545,134.31606597900387,0,"[0.31818018533978104, 0.681819814660219]","[0.4, 0.6]",0.0,"{""webglm3"": -134.31606597900387, ""webglm9"": -133.7883979797363}",webglm3,continuous_primal_dual_psd,4,47.98986185493545,47.98986185493545,0.0,"[1.0, 0.0]",primal=Optimization terminated successfully; dual=outer=Optimization terminated successfully; inner=Optimization terminated successfully,0,383.0152750015256,0.0,,phi2_10x_licenseclean_contcert_20260504_magnitude_prune_20260504_deep6_licenseclean,phi2_10x_licenseclean_contcert_20260504
magnitude_prune,pair,webglm4+webglm10,11.580675911903473,9.400227737426725,0,"[0.20000000000000712, 0.7999999999999929]","[0.2, 0.8]",0.0,"{""webglm10"": -2.8989822387694986, ""webglm4"": -9.400227737426725}",webglm4,continuous_primal_dual_psd,4,11.580675911903473,11.580675911903473,0.0,"[1.0, 0.0]",primal=Optimization terminated successfully; dual=outer=Optimization terminated successfully; inner=Optimization terminated successfully,0,107.67564177513103,0.0,,phi2_10x_licenseclean_contcert_20260504_magnitude_prune_20260504_deep6_licenseclean,phi2_10x_licenseclean_contcert_20260504
magnitude_prune,pair,webglm4+webglm5,173.82703609466552,233.019164276123,0,"[0.2, 0.8]","[0.8, 0.2]",8.053994178771973,"{""webglm4"": -221.2036878585815, ""webglm5"": -233.019164276123}",webglm5,continuous_primal_dual_psd,4,173.82703609466552,173.82703609466552,0.0,"[1.1102230246251565e-16, 0.9999999999999999]",primal=Optimization terminated successfully; dual=outer=Optimization terminated successfully; inner=Optimization terminated successfully,1,-380.98603487014856,380.98603487014856,,phi2_10x_licenseclean_contcert_20260504_magnitude_prune_20260504_deep6_licenseclean,phi2_10x_licenseclean_contcert_20260504
magnitude_prune,pair,webglm4+webglm6,33.000999483033766,141.97516746520992,0,"[0.3009271804694649, 0.6990728195305351]","[0.6, 0.4]",6.782293319702148,"{""webglm4"": -141.97516746520992, ""webglm6"": -141.85614891052242}",webglm4,continuous_primal_dual_psd,4,33.000999483033766,33.000999483033766,0.0,"[1.0, 0.0]",primal=Optimization terminated successfully; dual=outer=Optimization terminated successfully; inner=Optimization terminated successfully,0,298.0419993400571,0.0,,phi2_10x_licenseclean_contcert_20260504_magnitude_prune_20260504_deep6_licenseclean,phi2_10x_licenseclean_contcert_20260504
magnitude_prune,pair,webglm4+webglm7,94.11619539810684,183.074095916748,0,"[0.2975822717388032, 0.7024177282611967]","[0.2, 0.8]",0.0,"{""webglm4"": -183.074095916748, ""webglm7"": -179.12376232147213}",webglm4,continuous_primal_dual_psd,4,94.11619539810684,94.11619539810684,0.0,"[1.0, 0.0]",primal=Optimization terminated successfully; dual=outer=Optimization terminated successfully; inner=Optimization terminated successfully,0,83.95880460739097,0.0,,phi2_10x_licenseclean_contcert_20260504_magnitude_prune_20260504_deep6_licenseclean,phi2_10x_licenseclean_contcert_20260504
magnitude_prune,pair,webglm4+webglm8,82.22925603449019,156.52647323608394,0,"[0.20669468070891417, 0.7933053192910858]","[0.2, 0.8]",0.0,"{""webglm4"": -149.6068269729614, ""webglm8"": -156.52647323608394}",webglm8,continuous_primal_dual_psd,4,82.22925603449019,82.22925603448581,4.376943252282217e-12,"[0.8985854447293731, 0.10141455527062698]",primal=Optimization terminated successfully; dual=outer=Optimization terminated successfully; inner=Optimization terminated successfully,1,-36.77964210510242,36.77964210510242,,phi2_10x_licenseclean_contcert_20260504_magnitude_prune_20260504_deep6_licenseclean,phi2_10x_licenseclean_contcert_20260504
magnitude_prune,pair,webglm4+webglm9,70.7799893002192,156.42459697723385,0,"[0.2874744796502214, 0.7125255203497787]","[0.4, 0.6]",54.93359565734863,"{""webglm4"": -156.42459697723385, ""webglm9"": -155.72176284790035}",webglm4,continuous_primal_dual_psd,4,70.7799893002192,70.7799893002192,0.0,"[0.0, 1.0]",primal=Optimization terminated successfully; dual=outer=Optimization terminated successfully; inner=Optimization terminated successfully,1,-10.399520397186603,10.399520397186603,,phi2_10x_licenseclean_contcert_20260504_magnitude_prune_20260504_deep6_licenseclean,phi2_10x_licenseclean_contcert_20260504
magnitude_prune,pair,webglm5+webglm10,7.399994802474929,18.40832538604733,0,"[0.2, 0.8]","[0.2, 0.8]",0.0,"{""webglm10"": -15.392664146423307, ""webglm5"": -18.40832538604733}",webglm5,continuous_primal_dual_psd,4,7.399994802474929,7.399994802474929,0.0,"[0.0, 1.0]",primal=Optimization terminated successfully; dual=outer=Optimization terminated successfully; inner=Optimization terminated successfully,0,131.13856315612773,0.0,,phi2_10x_licenseclean_contcert_20260504_magnitude_prune_20260504_deep6_licenseclean,phi2_10x_licenseclean_contcert_20260504
magnitude_prune,pair,webglm5+webglm6,51.499522399902325,129.16610546112057,0,"[0.2, 0.8]","[0.4, 0.6]",3.6229372024536133,"{""webglm5"": -118.31445999145504, ""webglm6"": -129.16610546112057}",webglm6,continuous_primal_dual_psd,4,51.499522399902325,51.499522399902325,0.0,"[1.0, 0.0]",primal=Optimization terminated successfully; dual=outer=Optimization terminated successfully; inner=Optimization terminated successfully,0,131.89941644668556,0.0,,phi2_10x_licenseclean_contcert_20260504_magnitude_prune_20260504_deep6_licenseclean,phi2_10x_licenseclean_contcert_20260504
magnitude_prune,pair,webglm5+webglm7,87.16103620529208,161.60888977050777,0,"[0.20000000000001075, 0.7999999999999893]","[0.4, 0.6]",8.411169052124023,"{""webglm5"": -161.38565845489498, ""webglm7"": -161.60888977050777}",webglm7,continuous_primal_dual_psd,4,87.16103620529208,87.16103620529208,0.0,"[0.0, 1.0]",primal=Optimization terminated successfully; dual=outer=Optimization terminated successfully; inner=Optimization terminated successfully,1,-19.531250000000348,19.531250000000348,,phi2_10x_licenseclean_contcert_20260504_magnitude_prune_20260504_deep6_licenseclean,phi2_10x_licenseclean_contcert_20260504
magnitude_prune,pair,webglm5+webglm8,50.76798588939292,133.75289745330807,0,"[0.3656591168434127, 0.6343408831565873]","[0.2, 0.8]",0.7589340209960938,"{""webglm5"": -125.38981742858883, ""webglm8"": -133.75289745330807}",webglm8,continuous_primal_dual_psd,4,50.76798588939292,50.76798588939292,0.0,"[0.0, 1.0]",primal=Optimization terminated successfully; dual=outer=Optimization terminated successfully; inner=Optimization terminated successfully,0,342.43047237396195,0.0,,phi2_10x_licenseclean_contcert_20260504_magnitude_prune_20260504_deep6_licenseclean,phi2_10x_licenseclean_contcert_20260504
magnitude_prune,pair,webglm5+webglm9,65.45067224049458,164.40422840118404,0,"[0.25583945736761127, 0.7441605426323887]","[0.6, 0.4]",60.536837577819824,"{""webglm5"": -164.40422840118404, ""webglm9"": -164.08028907775875}",webglm5,continuous_primal_dual_psd,4,65.45067224049458,65.45067224049458,0.0,"[0.0, 1.0]",primal=Optimization terminated successfully; dual=outer=Optimization terminated successfully; inner=Optimization terminated successfully,0,214.5902812480923,0.0,,phi2_10x_licenseclean_contcert_20260504_magnitude_prune_20260504_deep6_licenseclean,phi2_10x_licenseclean_contcert_20260504
magnitude_prune,pair,webglm6+webglm10,13.794938205895305,15.288499069213835,0,"[0.2837001739455736, 0.7162998260544264]","[0.2, 0.8]",0.0,"{""webglm10"": -15.288499069213835, ""webglm6"": -14.146664810180631}",webglm10,continuous_primal_dual_psd,4,13.794938205895305,13.794938205895269,3.552713678800501e-14,"[0.1943619292999719, 0.8056380707000281]",primal=Optimization terminated successfully; dual=outer=Optimization terminated successfully; inner=Optimization terminated successfully,0,8.878111839294423,0.0,,phi2_10x_licenseclean_contcert_20260504_magnitude_prune_20260504_deep6_licenseclean,phi2_10x_licenseclean_contcert_20260504
magnitude_prune,pair,webglm6+webglm7,94.57782335281371,181.54363937377926,0,"[0.2, 0.8]","[0.8, 0.2]",41.988325119018555,"{""webglm6"": -180.61642951965328, ""webglm7"": -181.54363937377926}",webglm7,continuous_primal_dual_psd,4,94.57782335281371,94.57782335281371,0.0,"[1.0, 0.0]",primal=Optimization terminated successfully; dual=outer=Optimization terminated successfully; inner=Optimization terminated successfully,1,-146.35741710662876,146.35741710662876,,phi2_10x_licenseclean_contcert_20260504_magnitude_prune_20260504_deep6_licenseclean,phi2_10x_licenseclean_contcert_20260504
magnitude_prune,pair,webglm6+webglm8,30.59764025726421,95.45848674774166,0,"[0.6103043816702636, 0.3896956183297364]","[0.4, 0.6]",8.619475364685059,"{""webglm6"": -95.45848674774166, ""webglm8"": -91.25287837982174}",webglm6,continuous_primal_dual_psd,4,30.59764025726421,30.59764025726421,0.0,"[1.0, 5.551115123125783e-17]",primal=Optimization terminated successfully; dual=outer=Optimization terminated successfully; inner=Optimization terminated successfully,0,16.74115657806386,0.0,,phi2_10x_licenseclean_contcert_20260504_magnitude_prune_20260504_deep6_licenseclean,phi2_10x_licenseclean_contcert_20260504
magnitude_prune,pair,webglm6+webglm9,18.57276752333071,107.42619342803951,0,"[0.5399258203435495, 0.4600741796564505]","[0.6, 0.4]",0.0,"{""webglm6"": -103.72999019622799, ""webglm9"": -107.42619342803951}",webglm9,continuous_primal_dual_psd,4,18.57276752333071,18.57276752333071,0.0,"[0.9999999999999993, 6.661338147750939e-16]",primal=Optimization terminated successfully; dual=outer=Optimization terminated successfully; inner=Optimization terminated successfully,0,546.8748509883881,0.0,,phi2_10x_licenseclean_contcert_20260504_magnitude_prune_20260504_deep6_licenseclean,phi2_10x_licenseclean_contcert_20260504
magnitude_prune,pair,webglm7+webglm10,6.208441980372125,18.199995231628385,0,"[0.36146920213278627, 0.6385307978672137]","[0.2, 0.8]",2.911543846130371,"{""webglm10"": -8.334520530700651, ""webglm7"": -18.199995231628385}",webglm7,continuous_primal_dual_psd,4,6.208441980372125,6.208441980372125,0.0,"[1.0, 0.0]",primal=Optimization terminated successfully; dual=outer=Optimization terminated successfully; inner=Optimization terminated successfully,0,248.57953190803525,0.0,,phi2_10x_licenseclean_contcert_20260504_magnitude_prune_20260504_deep6_licenseclean,phi2_10x_licenseclean_contcert_20260504
magnitude_prune,pair,webglm7+webglm8,84.70364637374875,156.1143905639648,0,"[0.2, 0.8]","[0.2, 0.8]",0.0,"{""webglm7"": -156.1143905639648, ""webglm8"": -152.90351219177242}",webglm7,continuous_primal_dual_psd,4,84.70364637374875,84.70364637374875,0.0,"[3.774758283725532e-15, 0.9999999999999962]",primal=Optimization terminated successfully; dual=outer=Optimization terminated successfully; inner=Optimization terminated successfully,1,-6.3413381576541585,6.3413381576541585,,phi2_10x_licenseclean_contcert_20260504_magnitude_prune_20260504_deep6_licenseclean,phi2_10x_licenseclean_contcert_20260504
magnitude_prune,pair,webglm7+webglm9,25.378727105576978,134.86438102722164,0,"[0.5205320181821902, 0.4794679818178098]","[0.6, 0.4]",0.0,"{""webglm7"": -131.05142421722408, ""webglm9"": -134.86438102722164}",webglm9,continuous_primal_dual_psd,4,25.378727105576978,25.378727105568366,8.611777957412414e-12,"[1.0, 0.0]",primal=Optimization terminated successfully; dual=outer=Optimization terminated successfully; inner=Optimization terminated successfully,0,278.25728058814997,0.0,,phi2_10x_licenseclean_contcert_20260504_magnitude_prune_20260504_deep6_licenseclean,phi2_10x_licenseclean_contcert_20260504
magnitude_prune,pair,webglm8+webglm10,2.5131799370361456,4.772809219360319,0,"[0.316354457427534, 0.683645542572466]","[0.2, 0.8]",7.752418518066406,"{""webglm10"": -4.772809219360319, ""webglm8"": -3.131893348693815}",webglm10,continuous_primal_dual_psd,4,2.5131799370361456,2.5131799370361456,0.0,"[0.0, 1.0]",primal=Optimization terminated successfully; dual=outer=Optimization terminated successfully; inner=Optimization terminated successfully,0,263.0373835563658,0.0,,phi2_10x_licenseclean_contcert_20260504_magnitude_prune_20260504_deep6_licenseclean,phi2_10x_licenseclean_contcert_20260504
magnitude_prune,pair,webglm8+webglm9,56.38834083071616,135.71374721527096,0,"[0.40942507637748143, 0.5905749236225186]","[0.8, 0.2]",13.669872283935547,"{""webglm8"": -135.71374721527096, ""webglm9"": -130.71375198364254}",webglm8,continuous_primal_dual_psd,4,56.38834083071616,56.38834083071616,0.0,"[0.0, 1.0]",primal=Optimization terminated successfully; dual=outer=Optimization terminated successfully; inner=Optimization terminated successfully,0,286.8810296058655,0.0,,phi2_10x_licenseclean_contcert_20260504_magnitude_prune_20260504_deep6_licenseclean,phi2_10x_licenseclean_contcert_20260504
magnitude_prune,pair,webglm9+webglm10,-36.74381662667589,-25.849339294433626,1,"[0.4623675302390716, 0.5376324697609284]","[0.2, 0.8]",6.782293319702148,"{""webglm10"": 25.856777954101595, ""webglm9"": 25.849339294433626}",webglm9,continuous_primal_dual_psd,4,-36.74381662667589,-36.743816626676015,1.2789769243681803e-13,"[0.0, 1.0]",primal=Optimization terminated successfully; dual=outer=Optimization terminated successfully; inner=Optimization terminated successfully,0,499.5690286159515,0.0,,phi2_10x_licenseclean_contcert_20260504_magnitude_prune_20260504_deep6_licenseclean,phi2_10x_licenseclean_contcert_20260504
magnitude_prune,triple,webglm1+webglm2+webglm10,28.614711061737566,30.947259140014616,0,"[0.2, 0.2, 0.6]","[0.2, 0.2, 0.6]",0.0,"{""webglm1"": -30.947259140014616, ""webglm10"": -30.364611816406217, ""webglm2"": -30.156281661987272}",webglm1,continuous_primal_dual_psd,6,28.614711061737566,28.614711061737317,2.4868995751603507e-13,"[2.8366198279172396e-14, 0.0, 0.9999999999999716]",primal=Optimization terminated successfully; dual=outer=Optimization terminated successfully; inner=Optimization terminated successfully,1,-145.27172256378137,145.2717225637814,,phi2_10x_licenseclean_contcert_20260504_magnitude_prune_20260504_deep6_licenseclean,phi2_10x_licenseclean_contcert_20260504
magnitude_prune,triple,webglm1+webglm2+webglm3,186.56718444814794,214.6114141464233,0,"[0.2, 0.22351297628130784, 0.5764870237186921]","[0.2, 0.2, 0.6]",0.0,"{""webglm1"": -209.70070667266842, ""webglm2"": -212.5692874908447, ""webglm3"": -214.6114141464233}",webglm3,continuous_primal_dual_psd,6,186.56718444814794,186.56718444814746,4.831690603168681e-13,"[6.866729407306381e-14, 0.0, 0.9999999999999314]",primal=Optimization terminated successfully; dual=outer=Optimization terminated successfully; inner=Optimization terminated successfully,1,-341.37559726294444,341.3755972629443,,phi2_10x_licenseclean_contcert_20260504_magnitude_prune_20260504_deep6_licenseclean,phi2_10x_licenseclean_contcert_20260504
magnitude_prune,triple,webglm1+webglm2+webglm4,136.93398231618934,177.19152278900143,0,"[0.2, 0.2, 0.6]","[0.2, 0.2, 0.6]",0.0,"{""webglm1"": -171.8675882339477, ""webglm2"": -175.4390270233154, ""webglm4"": -177.19152278900143}",webglm4,continuous_primal_dual_psd,6,136.93398231618934,136.93398231618903,3.126388037344441e-13,"[0.9999999999999134, 0.0, 8.665290707198596e-14]",primal=Optimization terminated successfully; dual=outer=Optimization terminated successfully; inner=Optimization terminated successfully,1,-375.51298005575273,375.5129800557528,,phi2_10x_licenseclean_contcert_20260504_magnitude_prune_20260504_deep6_licenseclean,phi2_10x_licenseclean_contcert_20260504
magnitude_prune,triple,webglm1+webglm2+webglm5,138.19088644587455,165.78927345275875,0,"[0.2, 0.2, 0.6]","[0.2, 0.2, 0.6]",0.0,"{""webglm1"": -162.0953828811645, ""webglm2"": -165.78927345275875, ""webglm5"": -162.40787811279293}",webglm2,continuous_primal_dual_psd,6,138.19088644587455,138.19088644587455,0.0,"[0.0, 0.9999999999999987, 1.3322676295501873e-15]",primal=Optimization terminated successfully; dual=outer=Optimization terminated successfully; inner=Optimization terminated successfully,1,-596.612068266795,596.612068266795,,phi2_10x_licenseclean_contcert_20260504_magnitude_prune_20260504_deep6_licenseclean,phi2_10x_licenseclean_contcert_20260504
magnitude_prune,triple,webglm1+webglm2+webglm6,91.82001586593759,139.2508298873901,0,"[0.2, 0.2, 0.6]","[0.2, 0.2, 0.6]",0.0,"{""webglm1"": -131.98893375396725, ""webglm2"": -139.16499919891353, ""webglm6"": -139.2508298873901}",webglm6,continuous_primal_dual_psd,6,91.82001586593759,91.82001586593759,0.0,"[1.0, 0.0, 0.0]",primal=Optimization terminated successfully; dual=outer=Optimization terminated successfully; inner=Optimization terminated successfully,1,-174.01322157788883,174.0132215778889,,phi2_10x_licenseclean_contcert_20260504_magnitude_prune_20260504_deep6_licenseclean,phi2_10x_licenseclean_contcert_20260504
magnitude_prune,triple,webglm1+webglm2+webglm7,119.96129134382957,185.49967117309566,0,"[0.2, 0.2, 0.6]","[0.2, 0.2, 0.6]",0.0,"{""webglm1"": -182.13315315246578, ""webglm2"": -179.73044223785396, ""webglm7"": -185.49967117309566}",webglm7,continuous_primal_dual_psd,6,119.96129134382957,119.96129134382957,0.0,"[1.0, 0.0, 0.0]",primal=Optimization terminated successfully; dual=outer=Optimization terminated successfully; inner=Optimization terminated successfully,1,-301.0457063047027,301.04570630470266,,phi2_10x_licenseclean_contcert_20260504_magnitude_prune_20260504_deep6_licenseclean,phi2_10x_licenseclean_contcert_20260504
magnitude_prune,triple,webglm1+webglm2+webglm8,110.62288589477548,157.3529273986816,0,"[0.2, 0.2, 0.6]","[0.2, 0.2, 0.6]",0.0,"{""webglm1"": -153.78148860931393, ""webglm2"": -157.3529273986816, ""webglm8"": -152.1297246932983}",webglm2,continuous_primal_dual_psd,6,110.62288589477548,110.62288589477548,0.0,"[0.0, 0.0, 1.0]",primal=Optimization terminated successfully; dual=outer=Optimization terminated successfully; inner=Optimization terminated successfully,1,-160.57817879131778,160.57817879131778,,phi2_10x_licenseclean_contcert_20260504_magnitude_prune_20260504_deep6_licenseclean,phi2_10x_licenseclean_contcert_20260504
magnitude_prune,triple,webglm1+webglm2+webglm9,87.08525105973337,158.07178325653072,0,"[0.20000000000001422, 0.20000000000004067, 0.5999999999999451]","[0.2, 0.2, 0.6]",0.0,"{""webglm1"": -143.37172813415523, ""webglm2"": -154.68809909820553, ""webglm9"": -158.07178325653072}",webglm9,continuous_primal_dual_psd,6,87.08525105973337,87.08525105973335,1.4210854715202004e-14,"[0.9999999999999916, 0.0, 8.493206138382377e-15]",primal=Optimization terminated successfully; dual=outer=Optimization terminated successfully; inner=Optimization terminated successfully,1,-238.3253115287807,238.3253115287807,,phi2_10x_licenseclean_contcert_20260504_magnitude_prune_20260504_deep6_licenseclean,phi2_10x_licenseclean_contcert_20260504
magnitude_prune,triple,webglm1+webglm3+webglm10,19.856713566565865,33.7597639083862,0,"[0.2000000000000564, 0.2, 0.5999999999999436]","[0.2, 0.2, 0.6]",0.0,"{""webglm1"": -30.75723953247067, ""webglm10"": -32.61907405853268, ""webglm3"": -33.7597639083862}",webglm3,continuous_primal_dual_psd,6,19.856713566565865,19.856713566565865,0.0,"[1.0, 0.0, 0.0]",primal=Optimization terminated successfully; dual=outer=Optimization terminated successfully; inner=Optimization terminated successfully,1,-206.71156386439696,206.711563864397,,phi2_10x_licenseclean_contcert_20260504_magnitude_prune_20260504_deep6_licenseclean,phi2_10x_licenseclean_contcert_20260504
magnitude_prune,triple,webglm1+webglm3+webglm4,134.5685806727442,192.25106544494625,0,"[0.2, 0.2, 0.6]","[0.2, 0.2, 0.6]",0.0,"{""webglm1"": -192.25106544494625, ""webglm3"": -190.96329517364498, ""webglm4"": -187.3735458374023}",webglm1,continuous_primal_dual_psd,6,134.5685806727442,134.5685806727442,0.0,"[0.9999999999999992, 1.1102230246251565e-16, 6.522560269672795e-16]",primal=Optimization terminated successfully; dual=outer=Optimization terminated successfully; inner=Optimization terminated successfully,1,-202.92406132953724,202.92406132953724,,phi2_10x_licenseclean_contcert_20260504_magnitude_prune_20260504_deep6_licenseclean,phi2_10x_licenseclean_contcert_20260504
magnitude_prune,triple,webglm1+webglm3+webglm5,142.52223081588744,197.91610546112057,0,"[0.2, 0.2, 0.6]","[0.2, 0.2, 0.6]",0.0,"{""webglm1"": -197.91610546112057, ""webglm3"": -194.103148651123, ""webglm5"": -193.70937652587887}",webglm1,continuous_primal_dual_psd,6,142.52223081588744,142.52223081588744,0.0,"[0.0, 0.0, 1.0]",primal=Optimization terminated successfully; dual=outer=Optimization terminated successfully; inner=Optimization terminated successfully,1,-564.2671402658209,593.1139127945636,,phi2_10x_licenseclean_contcert_20260504_magnitude_prune_20260504_deep6_licenseclean,phi2_10x_licenseclean_contcert_20260504
magnitude_prune,triple,webglm1+webglm3+webglm6,87.11005157262,133.42893428802486,0,"[0.2, 0.2, 0.6]","[0.2, 0.2, 0.6]",0.0,"{""webglm1"": -131.14872283935543, ""webglm3"": -131.61003894805904, ""webglm6"": -133.42893428802486}",webglm6,continuous_primal_dual_psd,6,87.11005157262,87.11005157262,0.0,"[0.0, 1.0, 0.0]",primal=Optimization terminated successfully; dual=outer=Optimization terminated successfully; inner=Optimization terminated successfully,1,-553.0061992151668,553.0061992151668,,phi2_10x_licenseclean_contcert_20260504_magnitude_prune_20260504_deep6_licenseclean,phi2_10x_licenseclean_contcert_20260504
magnitude_prune,triple,webglm1+webglm3+webglm7,130.36471605634324,183.43923397064205,0,"[0.2, 0.2, 0.6]","[0.2, 0.2, 0.6]",0.0,"{""webglm1"": -183.43923397064205, ""webglm3"": -171.38564891815182, ""webglm7"": -178.52850265502926}",webglm1,continuous_primal_dual_psd,6,130.36471605634324,130.36471605634324,0.0,"[5.1125770283985846e-14, 0.0, 0.9999999999999489]",primal=Optimization terminated successfully; dual=outer=Optimization terminated successfully; inner=Optimization terminated successfully,1,-634.5758089748554,634.5758089748554,,phi2_10x_licenseclean_contcert_20260504_magnitude_prune_20260504_deep6_licenseclean,phi2_10x_licenseclean_contcert_20260504
magnitude_prune,triple,webglm1+webglm3+webglm8,86.77832884311618,153.40147323608394,0,"[0.2, 0.2, 0.6]","[0.2, 0.2, 0.6]",0.0,"{""webglm1"": -149.69268150329586, ""webglm3"": -151.97635002136226, ""webglm8"": -153.40147323608394}",webglm8,continuous_primal_dual_psd,6,86.77832884311618,86.77832884311618,0.0,"[0.0, 1.0, 0.0]",primal=Optimization terminated successfully; dual=outer=Optimization terminated successfully; inner=Optimization terminated successfully,1,-417.31634881155196,417.316348811552,,phi2_10x_licenseclean_contcert_20260504_magnitude_prune_20260504_deep6_licenseclean,phi2_10x_licenseclean_contcert_20260504
magnitude_prune,triple,webglm1+webglm3+webglm9,85.1606459164139,159.76939506530758,0,"[0.2, 0.2, 0.6]","[0.2, 0.2, 0.6]",0.0,"{""webglm1"": -158.61554450988766, ""webglm3"": -159.76939506530758, ""webglm9"": -153.34654159545894}",webglm3,continuous_primal_dual_psd,6,85.1606459164139,85.1606459164139,0.0,"[0.0, 1.0, 0.0]",primal=Optimization terminated successfully; dual=outer=Optimization terminated successfully; inner=Optimization terminated successfully,1,-277.22431945709747,277.22431945709747,,phi2_10x_licenseclean_contcert_20260504_magnitude_prune_20260504_deep6_licenseclean,phi2_10x_licenseclean_contcert_20260504
magnitude_prune,triple,webglm1+webglm4+webglm10,28.445084193516315,30.63819713592526,0,"[0.20000000000003537, 0.2216014221103702, 0.5783985778895944]","[0.2, 0.2, 0.6]",0.0,"{""webglm1"": -28.266409111022917, ""webglm10"": -30.63819713592526, ""webglm4"": -26.447489929199186}",webglm10,continuous_primal_dual_psd,6,28.445084193516315,28.445084193516315,0.0,"[1.0, 0.0, 0.0]",primal=Optimization terminated successfully; dual=outer=Optimization terminated successfully; inner=Optimization terminated successfully,1,-140.5235552589148,140.5235552589148,,phi2_10x_licenseclean_contcert_20260504_magnitude_prune_20260504_deep6_licenseclean,phi2_10x_licenseclean_contcert_20260504
magnitude_prune,triple,webglm1+webglm4+webglm5,143.64830837757887,181.79319210052486,0,"[0.29487361359865366, 0.2, 0.5051263864013463]","[0.4, 0.2, 0.4]",24.16210174560547,"{""webglm1"": -176.69244117736812, ""webglm4"": -176.2128145217895, ""webglm5"": -181.79319210052486}",webglm5,continuous_primal_dual_psd,6,143.64830837757887,143.64830837757884,2.842170943040401e-14,"[0.9999999999999992, 0.0, 6.904199434387687e-16]",primal=Optimization terminated successfully; dual=outer=Optimization terminated successfully; inner=Optimization terminated successfully,1,-235.14595230958503,235.145952309585,,phi2_10x_licenseclean_contcert_20260504_magnitude_prune_20260504_deep6_licenseclean,phi2_10x_licenseclean_contcert_20260504
magnitude_prune,triple,webglm1+webglm4+webglm6,64.36861838536755,133.26981372833248,0,"[0.2, 0.2000000000000018, 0.5999999999999982]","[0.2, 0.2, 0.6]",0.0,"{""webglm1"": -133.26981372833248, ""webglm4"": -131.56996078491207, ""webglm6"": -133.26981372833248}",webglm1+webglm6,continuous_primal_dual_psd,6,64.36861838536755,64.36861838536755,0.0,"[0.0, 0.0, 1.0]",primal=Optimization terminated successfully; dual=outer=Optimization terminated successfully; inner=Optimization terminated successfully,1,-13.771615628902538,13.771615628902556,,phi2_10x_licenseclean_contcert_20260504_magnitude_prune_20260504_deep6_licenseclean,phi2_10x_licenseclean_contcert_20260504
magnitude_prune,triple,webglm1+webglm4+webglm7,157.16312236785888,191.44406623840328,0,"[0.2, 0.2, 0.6]","[0.2, 0.2, 0.6]",0.0,"{""webglm1"": -191.44406623840328, ""webglm4"": -189.7773773193359, ""webglm7"": -187.76843852996822}",webglm1,continuous_primal_dual_psd,6,157.16312236785888,157.16312236785888,0.0,"[0.0, 0.0, 1.0]",primal=Optimization terminated successfully; dual=outer=Optimization terminated successfully; inner=Optimization terminated successfully,1,-785.5891514702358,785.8571220286321,,phi2_10x_licenseclean_contcert_20260504_magnitude_prune_20260504_deep6_licenseclean,phi2_10x_licenseclean_contcert_20260504
magnitude_prune,triple,webglm1+webglm4+webglm8,101.68470726283854,144.64459724426266,0,"[0.20000000000003082, 0.2000000000000137, 0.5999999999999555]","[0.2, 0.2, 0.6]",0.0,"{""webglm1"": -143.1153089523315, ""webglm4"": -135.83507843017574, ""webglm8"": -144.64459724426266}",webglm8,continuous_primal_dual_psd,6,101.68470726283854,101.68470726283846,8.526512829121202e-14,"[9.436895709313742e-15, 0.0, 0.9999999999999907]",primal=Optimization terminated successfully; dual=outer=Optimization terminated successfully; inner=Optimization terminated successfully,1,-713.452024425013,713.452024425013,,phi2_10x_licenseclean_contcert_20260504_magnitude_prune_20260504_deep6_licenseclean,phi2_10x_licenseclean_contcert_20260504
magnitude_prune,triple,webglm1+webglm4+webglm9,87.91590042114252,166.49673290252682,0,"[0.2, 0.2, 0.6]","[0.2, 0.6, 0.2]",1.5899419784545898,"{""webglm1"": -162.92529411315914, ""webglm4"": -166.49673290252682, ""webglm9"": -162.42733306884762}",webglm4,continuous_primal_dual_psd,6,87.91590042114252,87.91590042114252,0.0,"[0.9999999999999998, 5.5511151231257815e-17, 1.6653345369377346e-16]",primal=Optimization terminated successfully; dual=outer=Optimization terminated successfully; inner=Optimization terminated successfully,1,-175.2450017257749,175.24500172577487,,phi2_10x_licenseclean_contcert_20260504_magnitude_prune_20260504_deep6_licenseclean,phi2_10x_licenseclean_contcert_20260504
magnitude_prune,triple,webglm1+webglm5+webglm10,21.213224305554405,29.01444740295407,0,"[0.2, 0.2, 0.6]","[0.2, 0.2, 0.6]",0.0,"{""webglm1"": -26.205948066711393, ""webglm10"": -29.01444740295407, ""webglm5"": -23.430660438537565}",webglm10,continuous_primal_dual_psd,6,21.213224305554405,21.213224305554405,0.0,"[1.0, 0.0, 0.0]",primal=Optimization terminated successfully; dual=outer=Optimization terminated successfully; inner=Optimization terminated successfully,1,-33.26006371245256,33.26006371245257,,phi2_10x_licenseclean_contcert_20260504_magnitude_prune_20260504_deep6_licenseclean,phi2_10x_licenseclean_contcert_20260504
magnitude_prune,triple,webglm1+webglm5+webglm6,53.94249694366893,114.26685161590572,0,"[0.20000000000017837, 0.20000000000004575, 0.5999999999997758]","[0.2, 0.4, 0.4]",3.7053585052490234,"{""webglm1"": -102.57044143676754, ""webglm5"": -108.80554027557369, ""webglm6"": -114.26685161590572}",webglm6,continuous_primal_dual_psd,6,53.94249694366893,53.94249694366893,0.0,"[0.0, 1.0, 0.0]",primal=Optimization terminated successfully; dual=outer=Optimization terminated successfully; inner=Optimization terminated successfully,1,-75.73067094078377,75.73067094078375,,phi2_10x_licenseclean_contcert_20260504_magnitude_prune_20260504_deep6_licenseclean,phi2_10x_licenseclean_contcert_20260504
magnitude_prune,triple,webglm1+webglm5+webglm7,124.90858395167054,147.136595916748,0,"[0.2000000000001137, 0.20000000000008528, 0.599999999999801]","[0.2, 0.6, 0.2]",20.383453369140625,"{""webglm1"": -146.8950540542602, ""webglm5"": -144.4923669815063, ""webglm7"": -147.136595916748}",webglm7,continuous_primal_dual_psd,6,124.90858395167054,124.90858395167042,1.1368683772161603e-13,"[0.0, 0.9999999999999933, 6.716849298982152e-15]",primal=Optimization terminated successfully; dual=outer=Optimization terminated successfully; inner=Optimization terminated successfully,1,-627.0312055659116,627.0312055659116,,phi2_10x_licenseclean_contcert_20260504_magnitude_prune_20260504_deep6_licenseclean,phi2_10x_licenseclean_contcert_20260504
magnitude_prune,triple,webglm1+webglm5+webglm8,50.666765278885414,120.61643905639644,0,"[0.2, 0.23322377734930663, 0.5667762226506934]","[0.2, 0.2, 0.6]",0.0,"{""webglm1"": -116.92595787048336, ""webglm5"": -113.61096210479732, ""webglm8"": -120.61643905639644}",webglm8,continuous_primal_dual_psd,6,50.666765278885414,50.66676527882016,6.52562448522076e-11,"[0.031738409518549476, 1.8365899379994487e-19, 0.9682615904814504]",primal=Positive directional derivative for linesearch; dual=outer=Optimization terminated successfully; inner=Optimization terminated successfully,1,-165.7119202378715,165.71192023787154,,phi2_10x_licenseclean_contcert_20260504_magnitude_prune_20260504_deep6_licenseclean,phi2_10x_licenseclean_contcert_20260504
magnitude_prune,triple,webglm1+webglm5+webglm9,64.09156707335595,139.56332511901851,0,"[0.2, 0.27963633643295016, 0.5203636635670499]","[0.2, 0.4, 0.4]",5.507111549377441,"{""webglm1"": -137.4651224136352, ""webglm5"": -128.86050052642818, ""webglm9"": -139.56332511901851}",webglm9,continuous_primal_dual_psd,6,64.09156707335595,64.09156707335569,2.5579538487363607e-13,"[7.616129948927993e-14, 0.9999999999999238, 0.0]",primal=Optimization terminated successfully; dual=outer=Optimization terminated successfully; inner=Optimization terminated successfully,1,-134.01942769813147,134.01942769813144,,phi2_10x_licenseclean_contcert_20260504_magnitude_prune_20260504_deep6_licenseclean,phi2_10x_licenseclean_contcert_20260504
magnitude_prune,triple,webglm1+webglm6+webglm10,16.251579277506778,24.838617515563932,0,"[0.2, 0.2, 0.6]","[0.2, 0.2, 0.6]",0.0,"{""webglm1"": -24.838617515563932, ""webglm10"": -18.966367912292448, ""webglm6"": -21.67070217132565}",webglm1,continuous_primal_dual_psd,6,16.251579277506778,16.25157927750677,7.105427357601002e-15,"[0.0, 3.353220479063162e-15, 0.9999999999999967]",primal=Optimization terminated successfully; dual=outer=Optimization terminated successfully; inner=Optimization terminated successfully,1,-211.8620982091201,211.86209820912006,,phi2_10x_licenseclean_contcert_20260504_magnitude_prune_20260504_deep6_licenseclean,phi2_10x_licenseclean_contcert_20260504
magnitude_prune,triple,webglm1+webglm6+webglm7,118.778207248611,170.61300582885738,0,"[0.2, 0.20858205801993948, 0.5914179419800605]","[0.2, 0.6, 0.2]",26.665496826171875,"{""webglm1"": -163.91313381195064, ""webglm6"": -170.61300582885738, ""webglm7"": -163.48159618377682}",webglm6,continuous_primal_dual_psd,6,118.778207248611,118.77820724633234,2.2786537101637805e-09,"[8.265558260507539e-18, 0.08475387849438695, 0.915246121505613]",primal=Optimization terminated successfully; dual=outer=Optimization terminated successfully; inner=Optimization terminated successfully,1,-526.3024044444163,526.3024044444163,,phi2_10x_licenseclean_contcert_20260504_magnitude_prune_20260504_deep6_licenseclean,phi2_10x_licenseclean_contcert_20260504
magnitude_prune,triple,webglm1+webglm6+webglm8,38.44962765705176,77.9607564926147,0,"[0.20000000000000712, 0.3684957190783144, 0.4315042809216785]","[0.2, 0.2, 0.6]",2.130246162414551,"{""webglm1"": -75.9186298370361, ""webglm6"": -75.16200847625728, ""webglm8"": -77.9607564926147}",webglm8,continuous_primal_dual_psd,6,38.44962765705176,38.449627657051664,9.237055564881302e-14,"[2.2125494744005554e-16, 0.34996522570069083, 0.6500347742993089]",primal=Optimization terminated successfully; dual=outer=Optimization terminated successfully; inner=Optimization terminated successfully,1,-104.85293558799586,104.85293558799587,,phi2_10x_licenseclean_contcert_20260504_magnitude_prune_20260504_deep6_licenseclean,phi2_10x_licenseclean_contcert_20260504
magnitude_prune,triple,webglm1+webglm6+webglm9,55.22787530440328,98.58348674774166,0,"[0.2, 0.2, 0.6]","[0.2, 0.6, 0.2]",37.84914016723633,"{""webglm1"": -98.58348674774166, ""webglm6"": -96.90192050933834, ""webglm9"": -84.98456783294674}",webglm1,continuous_primal_dual_psd,6,55.22787530440328,55.22787530440328,0.0,"[1.0, 0.0, 0.0]",primal=Optimization terminated successfully; dual=outer=Optimization terminated successfully; inner=Optimization terminated successfully,1,-474.0898501435831,474.0898501435831,,phi2_10x_licenseclean_contcert_20260504_magnitude_prune_20260504_deep6_licenseclean,phi2_10x_licenseclean_contcert_20260504
magnitude_prune,triple,webglm1+webglm7+webglm10,23.521751146477925,22.01524085998532,0,"[0.2, 0.2203013488927201, 0.5796986511072799]","[0.2, 0.2, 0.6]",0.0,"{""webglm1"": -22.01524085998532, ""webglm10"": -21.23399085998532, ""webglm7"": -21.37136764526364}",webglm1,continuous_primal_dual_psd,6,23.521751146477925,23.52175114647582,2.1032064978498966e-12,"[0.0, 1.0, 0.0]",primal=Optimization terminated successfully; dual=outer=Optimization terminated successfully; inner=Optimization terminated successfully,1,-134.21398645411455,134.2139864541145,,phi2_10x_licenseclean_contcert_20260504_magnitude_prune_20260504_deep6_licenseclean,phi2_10x_licenseclean_contcert_20260504
magnitude_prune,triple,webglm1+webglm7+webglm8,85.3182255290636,129.6709329605102,0,"[0.2, 0.2, 0.6]","[0.2, 0.2, 0.6]",0.0,"{""webglm1"": -122.52807922363277, ""webglm7"": -129.6709329605102, ""webglm8"": -126.09608478546139}",webglm7,continuous_primal_dual_psd,6,85.3182255290636,85.3182255290636,0.0,"[1.7763568394002505e-15, 4.440892098500626e-16, 0.9999999999999978]",primal=Optimization terminated successfully; dual=outer=Optimization terminated successfully; inner=Optimization terminated successfully,1,-285.31228496056633,285.3122849605664,,phi2_10x_licenseclean_contcert_20260504_magnitude_prune_20260504_deep6_licenseclean,phi2_10x_licenseclean_contcert_20260504
magnitude_prune,triple,webglm1+webglm7+webglm9,51.75190271215185,118.72654266357418,0,"[0.2, 0.20000000000000107, 0.599999999999999]","[0.2, 0.4, 0.4]",33.538269996643066,"{""webglm1"": -116.20252437591549, ""webglm7"": -118.72654266357418, ""webglm9"": -117.60933704376217}",webglm7,continuous_primal_dual_psd,6,51.75190271215185,51.75190271215185,0.0,"[0.0, 0.0, 1.0]",primal=Optimization terminated successfully; dual=outer=Optimization terminated successfully; inner=Optimization terminated successfully,1,-325.59198666437743,325.59198666437743,,phi2_10x_licenseclean_contcert_20260504_magnitude_prune_20260504_deep6_licenseclean,phi2_10x_licenseclean_contcert_20260504
magnitude_prune,triple,webglm1+webglm8+webglm10,8.568924002483229,11.023977470397917,0,"[0.2, 0.2772002072470005, 0.5227997927529995]","[0.2, 0.2, 0.6]",0.0,"{""webglm1"": -11.023977470397917, ""webglm10"": -10.663393211364713, ""webglm8"": -7.847431373596159}",webglm1,continuous_primal_dual_psd,6,8.568924002483229,8.568924001710528,7.727010142843938e-10,"[0.0, 0.6447458686884031, 0.355254131311597]",primal=Optimization terminated successfully; dual=outer=Optimization terminated successfully; inner=Optimization terminated successfully,0,89.34247311775772,0.0,,phi2_10x_licenseclean_contcert_20260504_magnitude_prune_20260504_deep6_licenseclean,phi2_10x_licenseclean_contcert_20260504
magnitude_prune,triple,webglm1+webglm8+webglm9,60.88102395102503,113.59608478546139,0,"[0.2, 0.20000000000000046, 0.5999999999999995]","[0.2, 0.6, 0.2]",20.604395866394043,"{""webglm1"": -107.63683624267574, ""webglm8"": -113.59608478546139, ""webglm9"": -105.93695945739742}",webglm8,continuous_primal_dual_psd,6,60.88102395102503,60.88102395102503,0.0,"[0.0, 0.0, 1.0]",primal=Optimization terminated successfully; dual=outer=Optimization terminated successfully; inner=Optimization terminated successfully,1,-285.28810530454456,285.28810530454456,,phi2_10x_licenseclean_contcert_20260504_magnitude_prune_20260504_deep6_licenseclean,phi2_10x_licenseclean_contcert_20260504
magnitude_prune,triple,webglm1+webglm9+webglm10,-6.832239203779594,-6.603690910339388,1,"[0.20000000000007676, 0.2759285324082226, 0.5240714675917006]","[0.2, 0.2, 0.6]",0.0,"{""webglm1"": 6.603690910339388, ""webglm10"": 11.162397193908724, ""webglm9"": 6.817147064209017}",webglm1,continuous_primal_dual_psd,6,-6.832239203779594,-6.832239203779594,0.0,"[0.0, 1.0, 0.0]",primal=Optimization terminated successfully; dual=outer=Optimization terminated successfully; inner=Optimization terminated successfully,1,-215.12740012607935,215.12740012607938,,phi2_10x_licenseclean_contcert_20260504_magnitude_prune_20260504_deep6_licenseclean,phi2_10x_licenseclean_contcert_20260504
magnitude_prune,triple,webglm2+webglm3+webglm10,19.094619822751863,26.63293190002438,0,"[0.2, 0.2, 0.6]","[0.2, 0.2, 0.6]",0.0,"{""webglm10"": -25.878575515747038, ""webglm2"": -26.538494300842252, ""webglm3"": -26.63293190002438}",webglm3,continuous_primal_dual_psd,6,19.094619822751863,19.094619822751863,0.0,"[0.0, 0.0, 1.0]",primal=Optimization terminated successfully; dual=outer=Optimization terminated successfully; inner=Optimization terminated successfully,1,-156.860378306462,156.860378306462,,phi2_10x_licenseclean_contcert_20260504_magnitude_prune_20260504_deep6_licenseclean,phi2_10x_licenseclean_contcert_20260504
magnitude_prune,triple,webglm2+webglm3+webglm4,84.1045793593533,144.02647323608394,0,"[0.20000000000001422, 0.20278139522172378, 0.5972186047782619]","[0.2, 0.4, 0.4]",7.317996025085449,"{""webglm2"": -140.67826576232906, ""webglm3"": -140.81564254760738, ""webglm4"": -144.02647323608394}",webglm4,continuous_primal_dual_psd,6,84.1045793593533,84.10457935935139,1.9042545318370685e-12,"[0.8147900520438841, 4.200837898651884e-16, 0.18520994795611542]",primal=Optimization terminated successfully; dual=outer=Optimization terminated successfully; inner=Optimization terminated successfully,1,-177.88015107864737,177.88015107864737,,phi2_10x_licenseclean_contcert_20260504_magnitude_prune_20260504_deep6_licenseclean,phi2_10x_licenseclean_contcert_20260504
magnitude_prune,triple,webglm2+webglm3+webglm5,136.18839568446288,187.6333982467651,0,"[0.2722593975665246, 0.20000000000000007, 0.5277406024334753]","[0.4, 0.2, 0.4]",3.5714149475097656,"{""webglm2"": -187.6333982467651, ""webglm3"": -178.6006481170654, ""webglm5"": -184.76939506530758}",webglm2,continuous_primal_dual_psd,6,136.18839568446288,136.18839568446285,2.842170943040401e-14,"[0.0, 0.999999999999996, 3.94129173741929e-15]",primal=Optimization terminated successfully; dual=outer=Optimization terminated successfully; inner=Optimization terminated successfully,1,-510.0981337409551,510.09813374095523,,phi2_10x_licenseclean_contcert_20260504_magnitude_prune_20260504_deep6_licenseclean,phi2_10x_licenseclean_contcert_20260504
magnitude_prune,triple,webglm2+webglm3+webglm6,57.882134017131946,122.9413063049316,0,"[0.2, 0.20000000000000712, 0.5999999999999929]","[0.2, 0.4, 0.4]",5.454468727111816,"{""webglm2"": -122.85545177459713, ""webglm3"": -122.9413063049316, ""webglm6"": -121.87674350738521}",webglm3,continuous_primal_dual_psd,6,57.882134017131946,57.882134017131946,0.0,"[0.0, 0.0, 1.0]",primal=Optimization terminated successfully; dual=outer=Optimization terminated successfully; inner=Optimization terminated successfully,1,-162.8455519683103,166.3547487697667,,phi2_10x_licenseclean_contcert_20260504_magnitude_prune_20260504_deep6_licenseclean,phi2_10x_licenseclean_contcert_20260504
magnitude_prune,triple,webglm2+webglm3+webglm7,63.9304906845093,143.6338455200195,0,"[0.2, 0.2, 0.6]","[0.4, 0.2, 0.4]",2.5377750396728516,"{""webglm2"": -141.93396873474117, ""webglm3"": -143.3923036575317, ""webglm7"": -143.6338455200195}",webglm7,continuous_primal_dual_psd,6,63.9304906845093,63.930490684509294,7.105427357601002e-15,"[0.9999999999999982, 1.7208456881689897e-15, 0.0]",primal=Optimization terminated successfully; dual=outer=Optimization terminated successfully; inner=Optimization terminated successfully,1,-256.18863815107727,256.1886381510773,,phi2_10x_licenseclean_contcert_20260504_magnitude_prune_20260504_deep6_licenseclean,phi2_10x_licenseclean_contcert_20260504
magnitude_prune,triple,webglm2+webglm3+webglm8,94.3970483410687,152.7135164260864,0,"[0.2, 0.2000000000000185, 0.5999999999999814]","[0.2, 0.2, 0.6]",0.0,"{""webglm2"": -144.0939933776855, ""webglm3"": -144.12720508575435, ""webglm8"": -152.7135164260864}",webglm8,continuous_primal_dual_psd,6,94.3970483410687,94.3970483410687,0.0,"[0.0, 0.0, 1.0]",primal=Optimization terminated successfully; dual=outer=Optimization terminated successfully; inner=Optimization terminated successfully,1,-172.95814907387964,172.95814907387964,,phi2_10x_licenseclean_contcert_20260504_magnitude_prune_20260504_deep6_licenseclean,phi2_10x_licenseclean_contcert_20260504
magnitude_prune,triple,webglm2+webglm3+webglm9,49.16856392114022,130.80647296905514,0,"[0.2, 0.22880771182445334, 0.5711922881755467]","[0.2, 0.4, 0.4]",7.92696475982666,"{""webglm2"": -116.48071117401119, ""webglm3"": -130.80647296905514, ""webglm9"": -128.82731266021725}",webglm3,continuous_primal_dual_psd,6,49.16856392114022,49.16856336185792,5.59282298695507e-07,"[0.0, 0.8142738539998536, 0.18572614600014642]",primal=Optimization terminated successfully; dual=outer=Optimization terminated successfully; inner=Optimization terminated successfully,1,-206.62146698867332,206.62146698867335,,phi2_10x_licenseclean_contcert_20260504_magnitude_prune_20260504_deep6_licenseclean,phi2_10x_licenseclean_contcert_20260504
magnitude_prune,triple,webglm2+webglm4+webglm10,18.225357580991243,24.866655540466276,0,"[0.2, 0.27075502096127857, 0.5292449790387215]","[0.2, 0.2, 0.6]",0.0,"{""webglm10"": -18.624118041992155, ""webglm2"": -24.866655540466276, ""webglm4"": -19.372180175781217}",webglm2,continuous_primal_dual_psd,6,18.225357580991243,18.225357580991243,0.0,"[1.0, 5.551115123125783e-17, 0.0]",primal=Optimization terminated successfully; dual=outer=Optimization terminated successfully; inner=Optimization terminated successfully,1,-45.13328140850314,45.13328140850321,,phi2_10x_licenseclean_contcert_20260504_magnitude_prune_20260504_deep6_licenseclean,phi2_10x_licenseclean_contcert_20260504
magnitude_prune,triple,webglm2+webglm4+webglm5,147.59569896458368,179.66981239318844,0,"[0.35333755472335154, 0.2, 0.44666244527664845]","[0.4, 0.4, 0.2]",4.358959197998047,"{""webglm2"": -177.057626914978, ""webglm4"": -175.35775012969967, ""webglm5"": -179.66981239318844}",webglm5,continuous_primal_dual_psd,6,147.59569896458368,147.59569896458368,0.0,"[1.0, 0.0, 0.0]",primal=Optimization terminated successfully; dual=outer=Optimization terminated successfully; inner=Optimization terminated successfully,1,-462.7891511054875,462.7891511054875,,phi2_10x_licenseclean_contcert_20260504_magnitude_prune_20260504_deep6_licenseclean,phi2_10x_licenseclean_contcert_20260504
magnitude_prune,triple,webglm2+webglm4+webglm6,45.16136372702792,125.51684684753414,0,"[0.2, 0.2, 0.6]","[0.4, 0.2, 0.4]",3.514218330383301,"{""webglm2"": -120.99647827148434, ""webglm4"": -125.51684684753414, ""webglm6"": -124.57135028839107}",webglm4,continuous_primal_dual_psd,6,45.16136372702792,45.16136372702792,0.0,"[0.0, 0.9999999999999998, 1.6653345369377348e-16]",primal=Optimization terminated successfully; dual=outer=Optimization terminated successfully; inner=Optimization terminated successfully,1,-271.18136066067575,271.1813606606757,,phi2_10x_licenseclean_contcert_20260504_magnitude_prune_20260504_deep6_licenseclean,phi2_10x_licenseclean_contcert_20260504
magnitude_prune,triple,webglm2+webglm4+webglm7,72.34088416155687,158.21600265502926,0,"[0.2, 0.20000000000000284, 0.5999999999999972]","[0.2, 0.6, 0.2]",12.203550338745117,"{""webglm2"": -148.80440540313717, ""webglm4"": -158.21600265502926, ""webglm7"": -152.39415473937984}",webglm4,continuous_primal_dual_psd,6,72.34088416155687,72.34088416155687,0.0,"[0.0, 1.0, 0.0]",primal=Optimization terminated successfully; dual=outer=Optimization terminated successfully; inner=Optimization terminated successfully,1,-473.18920428302494,473.1892042830249,,phi2_10x_licenseclean_contcert_20260504_magnitude_prune_20260504_deep6_licenseclean,phi2_10x_licenseclean_contcert_20260504
magnitude_prune,triple,webglm2+webglm4+webglm8,110.48516352789359,152.0289928436279,0,"[0.2, 0.2, 0.6]","[0.2, 0.2, 0.6]",0.0,"{""webglm2"": -151.8057615280151, ""webglm4"": -152.0289928436279, ""webglm8"": -150.4664928436279}",webglm4,continuous_primal_dual_psd,6,110.48516352789359,110.48516352789359,0.0,"[0.0, 1.0, 0.0]",primal=Optimization terminated successfully; dual=outer=Optimization terminated successfully; inner=Optimization terminated successfully,1,-467.6200917164913,467.62009171649134,,phi2_10x_licenseclean_contcert_20260504_magnitude_prune_20260504_deep6_licenseclean,phi2_10x_licenseclean_contcert_20260504
magnitude_prune,triple,webglm2+webglm4+webglm9,65.94620088589943,144.51523132324215,0,"[0.20000000000000007, 0.2952379530904266, 0.5047620469095733]","[0.2, 0.6, 0.2]",10.93292236328125,"{""webglm2"": -141.5241748809814, ""webglm4"": -142.27967567443844, ""webglm9"": -144.51523132324215}",webglm9,continuous_primal_dual_psd,6,65.94620088589943,65.94620088589943,0.0,"[0.0, 0.9999999999999996, 3.885780586188047e-16]",primal=Optimization terminated successfully; dual=outer=Optimization terminated successfully; inner=Optimization terminated successfully,1,-158.7427380861011,158.7427380861011,,phi2_10x_licenseclean_contcert_20260504_magnitude_prune_20260504_deep6_licenseclean,phi2_10x_licenseclean_contcert_20260504
magnitude_prune,triple,webglm2+webglm5+webglm10,27.90170021057118,35.859111022949186,0,"[0.2, 0.2, 0.6]","[0.2, 0.2, 0.6]",0.0,"{""webglm10"": -33.98411579132077, ""webglm2"": -35.859111022949186, ""webglm5"": -31.1887771606445}",webglm2,continuous_primal_dual_psd,6,27.90170021057118,27.90170021057118,0.0,"[1.0, 0.0, 0.0]",primal=Optimization terminated successfully; dual=outer=Optimization terminated successfully; inner=Optimization terminated successfully,0,19.515450758904223,0.0,,phi2_10x_licenseclean_contcert_20260504_magnitude_prune_20260504_deep6_licenseclean,phi2_10x_licenseclean_contcert_20260504
magnitude_prune,triple,webglm2+webglm5+webglm6,67.74545021058519,120.82476921081539,0,"[0.2000000000000903, 0.2, 0.5999999999999097]","[0.2, 0.2, 0.6]",0.0,"{""webglm2"": -120.1219589233398, ""webglm5"": -120.82476921081539, ""webglm6"": -111.7737323760986}",webglm5,continuous_primal_dual_psd,6,67.74545021058519,67.74545021058519,0.0,"[0.0, 0.0, 1.0]",primal=Optimization terminated successfully; dual=outer=Optimization terminated successfully; inner=Optimization terminated successfully,1,-94.19206858341298,94.19206858341296,,phi2_10x_licenseclean_contcert_20260504_magnitude_prune_20260504_deep6_licenseclean,phi2_10x_licenseclean_contcert_20260504
magnitude_prune,triple,webglm2+webglm5+webglm7,80.87324951497735,136.8000537872314,0,"[0.2, 0.2, 0.6]","[0.2, 0.2, 0.6]",0.0,"{""webglm2"": -130.237558555603, ""webglm5"": -136.74738712310787, ""webglm7"": -136.8000537872314}",webglm7,continuous_primal_dual_psd,6,80.87324951497735,80.87324951497735,0.0,"[1.0, 0.0, 0.0]",primal=Optimization terminated successfully; dual=outer=Optimization terminated successfully; inner=Optimization terminated successfully,1,-334.6712122403261,334.67121224032616,,phi2_10x_licenseclean_contcert_20260504_magnitude_prune_20260504_deep6_licenseclean,phi2_10x_licenseclean_contcert_20260504
magnitude_prune,triple,webglm2+webglm5+webglm8,87.8498403084785,133.0008298873901,0,"[0.20000000000001195, 0.2, 0.5999999999999881]","[0.2, 0.2, 0.6]",0.0,"{""webglm2"": -133.0008298873901, ""webglm5"": -131.52418441772457, ""webglm8"": -131.2151224136352}",webglm2,continuous_primal_dual_psd,6,87.8498403084785,87.8498403084785,0.0,"[0.0, 0.0, 1.0]",primal=Optimization terminated successfully; dual=outer=Optimization terminated successfully; inner=Optimization terminated successfully,1,-648.8339341943647,648.8339341943647,,phi2_10x_licenseclean_contcert_20260504_magnitude_prune_20260504_deep6_licenseclean,phi2_10x_licenseclean_contcert_20260504
magnitude_prune,triple,webglm2+webglm5+webglm9,72.16989224029325,143.8914091110229,0,"[0.2, 0.2, 0.6]","[0.2, 0.4, 0.4]",17.253875732421875,"{""webglm2"": -143.8914091110229, ""webglm5"": -142.22474403381344, ""webglm9"": -137.57043190002437}",webglm2,continuous_primal_dual_psd,6,72.16989224029325,72.16989224029314,1.1368683772161603e-13,"[1.3267165144270565e-14, 0.0, 0.9999999999999867]",primal=Optimization terminated successfully; dual=outer=Optimization terminated successfully; inner=Optimization terminated successfully,1,-318.3651727917134,318.36517279171335,,phi2_10x_licenseclean_contcert_20260504_magnitude_prune_20260504_deep6_licenseclean,phi2_10x_licenseclean_contcert_20260504
magnitude_prune,triple,webglm2+webglm6+webglm10,16.085177776836765,27.6900560379028,0,"[0.2, 0.26447782953057203, 0.535522170469428]","[0.2, 0.2, 0.6]",0.0,"{""webglm10"": -22.556117248535124, ""webglm2"": -26.624348831176725, ""webglm6"": -27.6900560379028}",webglm6,continuous_primal_dual_psd,6,16.085177776836765,16.085177776836765,0.0,"[0.0, 1.0, 0.0]",primal=Optimization terminated successfully; dual=outer=Optimization terminated successfully; inner=Optimization terminated successfully,0,29.806562190511386,0.0,,phi2_10x_licenseclean_contcert_20260504_magnitude_prune_20260504_deep6_licenseclean,phi2_10x_licenseclean_contcert_20260504
magnitude_prune,triple,webglm2+webglm6+webglm7,70.02261987866314,162.27624721527096,0,"[0.2, 0.2, 0.6]","[0.2, 0.6, 0.2]",16.02334976196289,"{""webglm2"": -159.76939506530758, ""webglm6"": -162.27624721527096, ""webglm7"": -158.8238746643066}",webglm6,continuous_primal_dual_psd,6,70.02261987866314,70.02261987866314,0.0,"[0.0, 0.0, 1.0]",primal=Optimization terminated successfully; dual=outer=Optimization terminated successfully; inner=Optimization terminated successfully,1,-278.92783547933107,278.92783547933107,,phi2_10x_licenseclean_contcert_20260504_magnitude_prune_20260504_deep6_licenseclean,phi2_10x_licenseclean_contcert_20260504
magnitude_prune,triple,webglm2+webglm6+webglm8,46.001749094531455,109.21535797119137,0,"[0.2, 0.4301918544577853, 0.36980814554221464]","[0.2, 0.4, 0.4]",0.0,"{""webglm2"": -109.21535797119137, ""webglm6"": -103.99558849334713, ""webglm8"": -107.60016746520992}",webglm2,continuous_primal_dual_psd,6,46.001749094531455,46.00174909453145,7.105427357601002e-15,"[0.9999999999999929, 7.160938508832209e-15, 0.0]",primal=Optimization terminated successfully; dual=outer=Optimization terminated successfully; inner=Optimization terminated successfully,0,1.7764766669444825,0.0,,phi2_10x_licenseclean_contcert_20260504_magnitude_prune_20260504_deep6_licenseclean,phi2_10x_licenseclean_contcert_20260504
magnitude_prune,triple,webglm2+webglm6+webglm9,32.26845612142816,92.65857048034664,0,"[0.2, 0.3042368867554056, 0.4957631132445943]","[0.2, 0.4, 0.4]",0.0,"{""webglm2"": -88.36140937805172, ""webglm6"": -92.65857048034664, ""webglm9"": -90.78469581604}",webglm6,continuous_primal_dual_psd,6,32.26845612142816,32.26845612114296,2.85197643279389e-10,"[0.6654301648761336, 0.3345698351238663, 0.0]",primal=Positive directional derivative for linesearch; dual=outer=Optimization terminated successfully; inner=Optimization terminated successfully,1,-127.46441838892835,127.46441838892834,,phi2_10x_licenseclean_contcert_20260504_magnitude_prune_20260504_deep6_licenseclean,phi2_10x_licenseclean_contcert_20260504
magnitude_prune,triple,webglm2+webglm7+webglm10,18.493840338450287,30.824759674072233,0,"[0.20000000000000703, 0.21087166425279444, 0.5891283357471986]","[0.2, 0.2, 0.6]",0.0,"{""webglm10"": -20.272472572326627, ""webglm2"": -30.824759674072233, ""webglm7"": -27.106240463256803}",webglm2,continuous_primal_dual_psd,6,18.493840338450287,18.493840338450287,0.0,"[1.0, 0.0, 0.0]",primal=Optimization terminated successfully; dual=outer=Optimization terminated successfully; inner=Optimization terminated successfully,1,-93.30738319496353,93.30738319496356,,phi2_10x_licenseclean_contcert_20260504_magnitude_prune_20260504_deep6_licenseclean,phi2_10x_licenseclean_contcert_20260504
magnitude_prune,triple,webglm2+webglm7+webglm8,89.73000004063252,144.8540956497192,0,"[0.2, 0.2, 0.6]","[0.2, 0.2, 0.6]",0.0,"{""webglm2"": -140.95528430938717, ""webglm7"": -140.11392898559566, ""webglm8"": -144.8540956497192}",webglm8,continuous_primal_dual_psd,6,89.73000004063252,89.7300000406324,1.1368683772161603e-13,"[9.819922652808545e-14, 0.9999999999999019, 0.0]",primal=Optimization terminated successfully; dual=outer=Optimization terminated successfully; inner=Optimization terminated successfully,1,-336.0181323296651,336.01813232966504,,phi2_10x_licenseclean_contcert_20260504_magnitude_prune_20260504_deep6_licenseclean,phi2_10x_licenseclean_contcert_20260504
magnitude_prune,triple,webglm2+webglm7+webglm9,17.825156905818048,119.74077529907223,0,"[0.2, 0.3977816503287106, 0.40221834967128944]","[0.2, 0.4, 0.4]",0.0,"{""webglm2"": -113.89599151611324, ""webglm7"": -119.74077529907223, ""webglm9"": -117.24760837554928}",webglm7,continuous_primal_dual_psd,6,17.825156905818048,17.8251569058179,1.4921397450962104e-13,"[0.0, 3.0919711235809657e-14, 0.9999999999999691]",primal=Optimization terminated successfully; dual=outer=Optimization terminated successfully; inner=Optimization terminated successfully,0,27.399354869935557,0.0,,phi2_10x_licenseclean_contcert_20260504_magnitude_prune_20260504_deep6_licenseclean,phi2_10x_licenseclean_contcert_20260504
magnitude_prune,triple,webglm2+webglm8+webglm10,21.65702984875918,24.40193004608151,0,"[0.20614150311165444, 0.20000000000103216, 0.5938584968873134]","[0.2, 0.2, 0.6]",0.0,"{""webglm10"": -23.8009483337402, ""webglm2"": -22.83943004608151, ""webglm8"": -24.40193004608151}",webglm8,continuous_primal_dual_psd,6,21.65702984875918,21.65702984875918,0.0,"[0.9999999999999984, 0.0, 1.498801083243959e-15]",primal=Optimization terminated successfully; dual=outer=Optimization terminated successfully; inner=Optimization terminated successfully,1,-94.1484529631189,94.14845296311891,,phi2_10x_licenseclean_contcert_20260504_magnitude_prune_20260504_deep6_licenseclean,phi2_10x_licenseclean_contcert_20260504
magnitude_prune,triple,webglm2+webglm8+webglm9,71.49805390737652,159.3778879165649,0,"[0.2, 0.22755163432976017, 0.5724483656702398]","[0.2, 0.6, 0.2]",5.906581878662109,"{""webglm2"": -154.03905220031734, ""webglm8"": -157.72953338623043, ""webglm9"": -159.3778879165649}",webglm9,continuous_primal_dual_psd,6,71.49805390737652,71.49805390733562,4.0898839870351367e-11,"[0.24790164659245015, 0.7520983534075498, 0.0]",primal=Optimization terminated successfully; dual=outer=Optimization terminated successfully; inner=Optimization terminated successfully,1,-224.95307515823922,224.95307515823924,,phi2_10x_licenseclean_contcert_20260504_magnitude_prune_20260504_deep6_licenseclean,phi2_10x_licenseclean_contcert_20260504
magnitude_prune,triple,webglm2+webglm9+webglm10,-14.94141536118343,-11.807438659668001,1,"[0.2, 0.39102973664290414, 0.40897026335709585]","[0.2, 0.2, 0.6]",24.92387294769287,"{""webglm10"": 11.807438659668001, ""webglm2"": 13.747665214538607, ""webglm9"": 12.941810417175326}",webglm10,continuous_primal_dual_psd,6,-14.94141536118343,-14.94141536118343,0.0,"[1.0, 0.0, 0.0]",primal=Optimization terminated successfully; dual=outer=Optimization terminated successfully; inner=Optimization terminated successfully,1,-47.134378145582616,47.13437814558268,,phi2_10x_licenseclean_contcert_20260504_magnitude_prune_20260504_deep6_licenseclean,phi2_10x_licenseclean_contcert_20260504
magnitude_prune,triple,webglm3+webglm4+webglm10,15.42445219141641,24.01445217132565,0,"[0.2118524137734795, 0.2, 0.5881475862265205]","[0.2, 0.2, 0.6]",0.0,"{""webglm10"": -24.01445217132565, ""webglm3"": -24.01445217132565, ""webglm4"": -20.604994964599577}",webglm10+webglm3,continuous_primal_dual_psd,6,15.42445219141641,15.424452191415334,1.0764722446765518e-12,"[0.21498318992692556, 0.7850168100730734, 8.488649220043795e-16]",primal=Optimization terminated successfully; dual=outer=Optimization terminated successfully; inner=Optimization terminated successfully,0,26.193649087504525,0.0,,phi2_10x_licenseclean_contcert_20260504_magnitude_prune_20260504_deep6_licenseclean,phi2_10x_licenseclean_contcert_20260504
magnitude_prune,triple,webglm3+webglm4+webglm5,147.17352123869932,209.8495037078857,0,"[0.47140973140335757, 0.2000000000000096, 0.3285902685966329]","[0.6, 0.2, 0.2]",15.676498413085938,"{""webglm3"": -209.2656881332397, ""webglm4"": -209.8495037078857, ""webglm5"": -207.25677318572994}",webglm4,continuous_primal_dual_psd,6,147.17352123869932,147.17352123869932,0.0,"[0.0, 1.0, 0.0]",primal=Optimization terminated successfully; dual=outer=Optimization terminated successfully; inner=Optimization terminated successfully,1,-341.13878724148174,341.13878724148174,,phi2_10x_licenseclean_contcert_20260504_magnitude_prune_20260504_deep6_licenseclean,phi2_10x_licenseclean_contcert_20260504
magnitude_prune,triple,webglm3+webglm4+webglm6,37.20464948634388,124.15008850097652,0,"[0.2, 0.2054697362316276, 0.5945302637683724]","[0.2, 0.2, 0.6]",0.0,"{""webglm3"": -121.30210704803463, ""webglm4"": -124.15008850097652, ""webglm6"": -124.03104610443111}",webglm4,continuous_primal_dual_psd,6,37.20464948634388,37.204649486343484,3.979039320256561e-13,"[0.0, 1.0, 0.0]",primal=Optimization terminated successfully; dual=outer=Optimization terminated successfully; inner=Optimization terminated successfully,1,-114.68443919903252,114.68443919903254,,phi2_10x_licenseclean_contcert_20260504_magnitude_prune_20260504_deep6_licenseclean,phi2_10x_licenseclean_contcert_20260504
magnitude_prune,triple,webglm3+webglm4+webglm7,72.09457626433085,156.80232353210445,0,"[0.20000000000065088, 0.2, 0.599999999999349]","[0.4, 0.2, 0.4]",3.258943557739258,"{""webglm3"": -152.9710800170898, ""webglm4"": -151.57912082672115, ""webglm7"": -156.80232353210445}",webglm7,continuous_primal_dual_psd,6,72.09457626433085,72.09457626433085,0.0,"[0.9999999999999993, 0.0, 6.106226635438357e-16]",primal=Optimization terminated successfully; dual=outer=Optimization terminated successfully; inner=Optimization terminated successfully,1,-243.27286457010084,243.2728645701009,,phi2_10x_licenseclean_contcert_20260504_magnitude_prune_20260504_deep6_licenseclean,phi2_10x_licenseclean_contcert_20260504
magnitude_prune,triple,webglm3+webglm4+webglm8,81.36153526306155,156.8343908309936,0,"[0.2, 0.2, 0.6]","[0.4, 0.2, 0.4]",9.442543983459473,"{""webglm3"": -156.13155670166012, ""webglm4"": -151.0308296203613, ""webglm8"": -156.8343908309936}",webglm8,continuous_primal_dual_psd,6,81.36153526306155,81.36153526306155,0.0,"[0.0, 1.0, 0.0]",primal=Optimization terminated successfully; dual=outer=Optimization terminated successfully; inner=Optimization terminated successfully,1,-127.9816391848874,127.98163918488737,,phi2_10x_licenseclean_contcert_20260504_magnitude_prune_20260504_deep6_licenseclean,phi2_10x_licenseclean_contcert_20260504
magnitude_prune,triple,webglm3+webglm4+webglm9,53.76242814071094,125.56379146575924,0,"[0.2, 0.28663331861786173, 0.5133666813821383]","[0.2, 0.4, 0.4]",22.579002380371094,"{""webglm3"": -121.06404609680172, ""webglm4"": -125.56379146575924, ""webglm9"": -117.54525012969967}",webglm4,continuous_primal_dual_psd,6,53.76242814071094,53.762428140709844,1.0942358130705543e-12,"[1.1405149907631617e-15, 0.3900381963335823, 0.6099618036664166]",primal=Optimization terminated successfully; dual=outer=Optimization terminated successfully; inner=Optimization terminated successfully,1,-141.14048467250296,141.14048467250294,,phi2_10x_licenseclean_contcert_20260504_magnitude_prune_20260504_deep6_licenseclean,phi2_10x_licenseclean_contcert_20260504
magnitude_prune,triple,webglm3+webglm5+webglm10,22.50117253170464,31.837824058532682,0,"[0.2, 0.2, 0.6]","[0.2, 0.2, 0.6]",0.0,"{""webglm10"": -30.937531661987272, ""webglm3"": -27.7083665847778, ""webglm5"": -31.837824058532682}",webglm5,continuous_primal_dual_psd,6,22.50117253170464,22.50117253170464,0.0,"[1.0, 0.0, 0.0]",primal=Optimization terminated successfully; dual=outer=Optimization terminated successfully; inner=Optimization terminated successfully,1,-96.08437117652795,96.08437117652795,,phi2_10x_licenseclean_contcert_20260504_magnitude_prune_20260504_deep6_licenseclean,phi2_10x_licenseclean_contcert_20260504
magnitude_prune,triple,webglm3+webglm5+webglm6,59.86767009464151,122.29798145294185,0,"[0.2, 0.2, 0.6]","[0.2, 0.2, 0.6]",0.0,"{""webglm3"": -122.04160995483394, ""webglm5"": -120.97702331542965, ""webglm6"": -122.29798145294185}",webglm6,continuous_primal_dual_psd,6,59.86767009464151,59.86767009464151,0.0,"[0.0, 0.0, 1.0]",primal=Optimization terminated successfully; dual=outer=Optimization terminated successfully; inner=Optimization terminated successfully,1,-313.1749716080344,313.1749716080344,,phi2_10x_licenseclean_contcert_20260504_magnitude_prune_20260504_deep6_licenseclean,phi2_10x_licenseclean_contcert_20260504
magnitude_prune,triple,webglm3+webglm5+webglm7,83.09266571804751,161.43374748229976,0,"[0.2, 0.25904926021174834, 0.5409507397882516]","[0.2, 0.2, 0.6]",0.0,"{""webglm3"": -157.75816745758053, ""webglm5"": -161.05828590393062, ""webglm7"": -161.43374748229976}",webglm7,continuous_primal_dual_psd,6,83.09266571804751,83.09266571804616,1.3500311979441904e-12,"[0.19876896929904647, 0.8012310307009524, 1.0834093496468744e-15]",primal=Optimization terminated successfully; dual=outer=Optimization terminated successfully; inner=Optimization terminated successfully,1,-161.76177393524398,161.76177393524395,,phi2_10x_licenseclean_contcert_20260504_magnitude_prune_20260504_deep6_licenseclean,phi2_10x_licenseclean_contcert_20260504
magnitude_prune,triple,webglm3+webglm5+webglm8,51.87537402954261,147.13316268920894,0,"[0.2, 0.2, 0.6]","[0.2, 0.2, 0.6]",0.0,"{""webglm3"": -140.34743614196773, ""webglm5"": -147.13316268920894, ""webglm8"": -139.88614387512203}",webglm5,continuous_primal_dual_psd,6,51.87537402954261,51.87537402954261,0.0,"[0.0, 0.9999999999999991, 8.049116928532378e-16]",primal=Optimization terminated successfully; dual=outer=Optimization terminated successfully; inner=Optimization terminated successfully,1,-229.41589077155336,229.41589077155334,,phi2_10x_licenseclean_contcert_20260504_magnitude_prune_20260504_deep6_licenseclean,phi2_10x_licenseclean_contcert_20260504
magnitude_prune,triple,webglm3+webglm5+webglm9,59.977198275817926,156.8813354492187,0,"[0.2273213123988126, 0.2000000000000044, 0.572678687601183]","[0.2, 0.2, 0.6]",0.0,"{""webglm3"": -150.78587837219234, ""webglm5"": -156.8813354492187, ""webglm9"": -155.57754344940182}",webglm5,continuous_primal_dual_psd,6,59.977198275817926,59.977198275817926,0.0,"[0.0, 1.0, 0.0]",primal=Optimization terminated successfully; dual=outer=Optimization terminated successfully; inner=Optimization terminated successfully,1,-89.710956293337,89.710956293337,,phi2_10x_licenseclean_contcert_20260504_magnitude_prune_20260504_deep6_licenseclean,phi2_10x_licenseclean_contcert_20260504
magnitude_prune,triple,webglm3+webglm6+webglm10,10.850220943140613,23.95320243835446,0,"[0.23279898699553328, 0.20000000000024162, 0.5672010130042251]","[0.2, 0.2, 0.6]",0.0,"{""webglm10"": -20.244410705566374, ""webglm3"": -23.95320243835446, ""webglm6"": -21.205952835082975}",webglm3,continuous_primal_dual_psd,6,10.850220943140613,10.850220943129067,1.1546319456101628e-11,"[0.46571611788546946, 0.0, 0.5342838821145305]",primal=Optimization terminated successfully; dual=outer=Optimization terminated successfully; inner=Optimization terminated successfully,1,-99.15633027274563,99.15633027274568,,phi2_10x_licenseclean_contcert_20260504_magnitude_prune_20260504_deep6_licenseclean,phi2_10x_licenseclean_contcert_20260504
magnitude_prune,triple,webglm3+webglm6+webglm7,82.600388552706,151.30441493988033,0,"[0.2, 0.2, 0.6]","[0.4, 0.4, 0.2]",28.025388717651367,"{""webglm3"": -151.30441493988033, ""webglm6"": -149.24397773742672, ""webglm7"": -143.99099655151363}",webglm3,continuous_primal_dual_psd,6,82.600388552706,82.600388552706,0.0,"[0.0, 5.551115123125783e-17, 1.0]",primal=Optimization terminated successfully; dual=outer=Optimization terminated successfully; inner=Optimization terminated successfully,1,-793.7686379096853,793.7686379096854,,phi2_10x_licenseclean_contcert_20260504_magnitude_prune_20260504_deep6_licenseclean,phi2_10x_licenseclean_contcert_20260504
magnitude_prune,triple,webglm3+webglm6+webglm8,42.045357894898274,91.1819011688232,0,"[0.20000000000000495, 0.2000000000000018, 0.5999999999999932]","[0.2, 0.4, 0.4]",2.8869152069091797,"{""webglm3"": -88.41979808807369, ""webglm6"": -91.1819011688232, ""webglm8"": -89.27715129852291}",webglm6,continuous_primal_dual_psd,6,42.045357894898274,42.045357894898274,0.0,"[0.0, 1.0, 0.0]",primal=Optimization terminated successfully; dual=outer=Optimization terminated successfully; inner=Optimization terminated successfully,1,-243.15133630179332,246.16533528401249,,phi2_10x_licenseclean_contcert_20260504_magnitude_prune_20260504_deep6_licenseclean,phi2_10x_licenseclean_contcert_20260504
magnitude_prune,triple,webglm3+webglm6+webglm9,16.42920474756552,83.03973979949947,0,"[0.2, 0.31482933112840245, 0.48517066887159754]","[0.2, 0.4, 0.4]",0.0,"{""webglm3"": -83.03973979949947, ""webglm6"": -80.05211658477779, ""webglm9"": -80.7904273986816}",webglm3,continuous_primal_dual_psd,6,16.42920474756552,16.429204747565514,7.105427357601002e-15,"[0.9999999999999964, 0.0, 3.5527136788004883e-15]",primal=Optimization terminated successfully; dual=outer=Optimization terminated successfully; inner=Optimization terminated successfully,1,-56.07549768079238,56.07549768079235,,phi2_10x_licenseclean_contcert_20260504_magnitude_prune_20260504_deep6_licenseclean,phi2_10x_licenseclean_contcert_20260504
magnitude_prune,triple,webglm3+webglm7+webglm10,12.259050576248036,21.310117912292448,0,"[0.27308928786134884, 0.20000000000000015, 0.526910712138651]","[0.2, 0.2, 0.6]",0.0,"{""webglm10"": -17.976787757873502, ""webglm3"": -21.310117912292448, ""webglm7"": -16.05372734069821}",webglm3,continuous_primal_dual_psd,6,12.259050576248036,12.259050576248036,0.0,"[1.0, 0.0, 0.0]",primal=Optimization terminated successfully; dual=outer=Optimization terminated successfully; inner=Optimization terminated successfully,1,-170.9652101643165,170.96521016431643,,phi2_10x_licenseclean_contcert_20260504_magnitude_prune_20260504_deep6_licenseclean,phi2_10x_licenseclean_contcert_20260504
magnitude_prune,triple,webglm3+webglm7+webglm8,79.99587326339592,136.26320667266842,0,"[0.2, 0.2, 0.6]","[0.2, 0.2, 0.6]",0.0,"{""webglm3"": -136.26320667266842, ""webglm7"": -130.66451854705807, ""webglm8"": -126.8698722839355}",webglm3,continuous_primal_dual_psd,6,79.99587326339592,79.99587326339592,0.0,"[1.0, 0.0, 0.0]",primal=Optimization terminated successfully; dual=outer=Optimization terminated successfully; inner=Optimization terminated successfully,1,-519.0782898841298,519.0782898841298,,phi2_10x_licenseclean_contcert_20260504_magnitude_prune_20260504_deep6_licenseclean,phi2_10x_licenseclean_contcert_20260504
magnitude_prune,triple,webglm3+webglm7+webglm9,19.139211076446912,110.91523475646969,0,"[0.2, 0.34197002709047786, 0.4580299729095221]","[0.4, 0.4, 0.2]",6.211042404174805,"{""webglm3"": -110.91523475646969, ""webglm7"": -107.77075595855709, ""webglm9"": -110.55465049743648}",webglm3,continuous_primal_dual_psd,6,19.139211076446912,19.139211076446912,0.0,"[1.0, 0.0, 0.0]",primal=Optimization terminated successfully; dual=outer=Optimization terminated successfully; inner=Optimization terminated successfully,0,22.768042789129602,0.0,,phi2_10x_licenseclean_contcert_20260504_magnitude_prune_20260504_deep6_licenseclean,phi2_10x_licenseclean_contcert_20260504
magnitude_prune,triple,webglm3+webglm8+webglm10,10.991174416136815,20.27762241363522,0,"[0.200000000000216, 0.3256191887467662, 0.4743808112530178]","[0.2, 0.2, 0.6]",2.9555797576904297,"{""webglm10"": -18.038037490844694, ""webglm3"": -19.420245361328092, ""webglm8"": -20.27762241363522}",webglm8,continuous_primal_dual_psd,6,10.991174416136815,10.991174416136811,3.552713678800501e-15,"[0.999999999999996, 4.052314039881805e-15, 0.0]",primal=Optimization terminated successfully; dual=outer=Optimization terminated successfully; inner=Optimization terminated successfully,0,119.2906906072629,0.0,,phi2_10x_licenseclean_contcert_20260504_magnitude_prune_20260504_deep6_licenseclean,phi2_10x_licenseclean_contcert_20260504
magnitude_prune,triple,webglm3+webglm8+webglm9,48.239490906721244,115.08760757446285,0,"[0.2, 0.2302089979832377, 0.5697910020167622]","[0.2, 0.4, 0.4]",15.86768627166748,"{""webglm3"": -114.96625251770016, ""webglm8"": -115.08760757446285, ""webglm9"": -109.95369262695309}",webglm8,continuous_primal_dual_psd,6,48.239490906721244,48.239490906721244,0.0,"[0.0, 0.0, 1.0]",primal=Optimization terminated successfully; dual=outer=Optimization terminated successfully; inner=Optimization terminated successfully,1,-372.7800762614337,372.7800762614335,,phi2_10x_licenseclean_contcert_20260504_magnitude_prune_20260504_deep6_licenseclean,phi2_10x_licenseclean_contcert_20260504
magnitude_prune,triple,webglm3+webglm9+webglm10,-22.86097578911597,-5.353686141967806,1,"[0.20000000000002777, 0.37554753314644607, 0.4244524668535261]","[0.2, 0.2, 0.6]",17.52462387084961,"{""webglm10"": 8.264633941650423, ""webglm3"": 8.452913093566927, ""webglm9"": 5.353686141967806}",webglm9,continuous_primal_dual_psd,6,-22.86097578911597,-22.86097578911597,0.0,"[1.0, 0.0, 0.0]",primal=Optimization terminated successfully; dual=outer=Optimization terminated successfully; inner=Optimization terminated successfully,1,-37.85073672997197,37.850736729971956,,phi2_10x_licenseclean_contcert_20260504_magnitude_prune_20260504_deep6_licenseclean,phi2_10x_licenseclean_contcert_20260504
magnitude_prune,triple,webglm4+webglm5+webglm10,30.57743486785509,39.66119594573971,0,"[0.2, 0.2, 0.6]","[0.2, 0.2, 0.6]",0.0,"{""webglm10"": -39.66119594573971, ""webglm4"": -37.9613430023193, ""webglm5"": -36.20879955291745}",webglm10,continuous_primal_dual_psd,6,30.57743486785509,30.57743486785509,0.0,"[1.0, 0.0, 0.0]",primal=Optimization terminated successfully; dual=outer=Optimization terminated successfully; inner=Optimization terminated successfully,1,-218.0868166307482,218.08681663074813,,phi2_10x_licenseclean_contcert_20260504_magnitude_prune_20260504_deep6_licenseclean,phi2_10x_licenseclean_contcert_20260504
magnitude_prune,triple,webglm4+webglm5+webglm6,55.18320159403778,144.10660572051998,0,"[0.2, 0.2, 0.6]","[0.2, 0.2, 0.6]",0.0,"{""webglm4"": -144.10660572051998, ""webglm5"": -142.8005249023437, ""webglm6"": -133.51137943267818}",webglm4,continuous_primal_dual_psd,6,55.18320159403778,55.18320159403778,0.0,"[0.0, 0.0, 1.0]",primal=Optimization terminated successfully; dual=outer=Optimization terminated successfully; inner=Optimization terminated successfully,1,-324.3836449819987,324.3836449819987,,phi2_10x_licenseclean_contcert_20260504_magnitude_prune_20260504_deep6_licenseclean,phi2_10x_licenseclean_contcert_20260504
magnitude_prune,triple,webglm4+webglm5+webglm7,118.54059036142922,193.24004955291744,0,"[0.20000000000000356, 0.2, 0.5999999999999964]","[0.2, 0.2, 0.6]",0.0,"{""webglm4"": -191.57338447570797, ""webglm5"": -193.24004955291744, ""webglm7"": -192.96877689361568}",webglm5,continuous_primal_dual_psd,6,118.54059036142922,118.54059036142921,1.4210854715202004e-14,"[0.9999999999999916, 8.382183835919861e-15, 0.0]",primal=Optimization terminated successfully; dual=outer=Optimization terminated successfully; inner=Optimization terminated successfully,1,-317.157612598985,317.15761259898505,,phi2_10x_licenseclean_contcert_20260504_magnitude_prune_20260504_deep6_licenseclean,phi2_10x_licenseclean_contcert_20260504
magnitude_prune,triple,webglm4+webglm5+webglm8,103.21624584200073,176.67069740295406,0,"[0.20000000000006135, 0.2, 0.5999999999999386]","[0.2, 0.2, 0.6]",0.0,"{""webglm4"": -176.67069740295406, ""webglm5"": -167.70551509857174, ""webglm8"": -167.91384525299068}",webglm4,continuous_primal_dual_psd,6,103.21624584200073,103.21624584200073,0.0,"[0.0, 1.0, 0.0]",primal=Optimization terminated successfully; dual=outer=Optimization terminated successfully; inner=Optimization terminated successfully,1,-554.6099543789189,590.3503956824276,,phi2_10x_licenseclean_contcert_20260504_magnitude_prune_20260504_deep6_licenseclean,phi2_10x_licenseclean_contcert_20260504
magnitude_prune,triple,webglm4+webglm5+webglm9,104.11156690637229,174.42367382049557,0,"[0.2000000000001137, 0.20000000000001963, 0.5999999999998666]","[0.2, 0.2, 0.6]",0.0,"{""webglm4"": -174.16725463867184, ""webglm5"": -174.42367382049557, ""webglm9"": -172.65856571197506}",webglm5,continuous_primal_dual_psd,6,104.11156690637229,104.11156690637227,1.4210854715202004e-14,"[3.774758283725518e-15, 0.0, 0.9999999999999962]",primal=Optimization terminated successfully; dual=outer=Optimization terminated successfully; inner=Optimization terminated successfully,1,-414.53988406760845,414.5398840676084,,phi2_10x_licenseclean_contcert_20260504_magnitude_prune_20260504_deep6_licenseclean,phi2_10x_licenseclean_contcert_20260504
magnitude_prune,triple,webglm4+webglm6+webglm10,4.550227788342433,16.17276973724362,0,"[0.2, 0.33234790769125633, 0.4676520923087437]","[0.2, 0.2, 0.6]",26.10347270965576,"{""webglm10"": -15.092185211181608, ""webglm4"": -13.529685211181608, ""webglm6"": -16.17276973724362}",webglm6,continuous_primal_dual_psd,6,4.550227788342433,4.550227788342083,3.4994229736184934e-13,"[0.3041986241422728, 3.842461481578035e-17, 0.6958013758577272]",primal=Optimization terminated successfully; dual=outer=Optimization terminated successfully; inner=Optimization terminated successfully,1,-47.314076325873785,47.31407632587382,,phi2_10x_licenseclean_contcert_20260504_magnitude_prune_20260504_deep6_licenseclean,phi2_10x_licenseclean_contcert_20260504
magnitude_prune,triple,webglm4+webglm6+webglm7,106.2401729464787,177.02327079772945,0,"[0.2, 0.2, 0.6]","[0.2, 0.6, 0.2]",19.63481903076172,"{""webglm4"": -177.02327079772945, ""webglm6"": -176.88589401245113, ""webglm7"": -175.0143558502197}",webglm4,continuous_primal_dual_psd,6,106.2401729464787,106.2401729464787,0.0,"[0.0, 1.0, 0.0]",primal=Optimization terminated successfully; dual=outer=Optimization terminated successfully; inner=Optimization terminated successfully,1,-754.9789994726211,754.9789994726212,,phi2_10x_licenseclean_contcert_20260504_magnitude_prune_20260504_deep6_licenseclean,phi2_10x_licenseclean_contcert_20260504
magnitude_prune,triple,webglm4+webglm6+webglm8,42.81246813420011,106.81033439636226,0,"[0.2, 0.20000000000027243, 0.5999999999997275]","[0.2, 0.4, 0.4]",0.48193931579589844,"{""webglm4"": -103.95891971588131, ""webglm6"": -103.46212692260738, ""webglm8"": -106.81033439636226}",webglm8,continuous_primal_dual_psd,6,42.81246813420011,42.81246813420011,0.0,"[0.0, 0.0, 1.0]",primal=Optimization terminated successfully; dual=outer=Optimization terminated successfully; inner=Optimization terminated successfully,1,-339.31700988829294,339.31700988829294,,phi2_10x_licenseclean_contcert_20260504_magnitude_prune_20260504_deep6_licenseclean,phi2_10x_licenseclean_contcert_20260504
magnitude_prune,triple,webglm4+webglm6+webglm9,16.629855196950274,109.79569263458248,0,"[0.20000000000001536, 0.4469588580375475, 0.3530411419624372]","[0.2, 0.6, 0.2]",3.811812400817871,"{""webglm4"": -109.79569263458248, ""webglm6"": -102.65055007934566, ""webglm9"": -107.56125755310055}",webglm4,continuous_primal_dual_psd,6,16.629855196950274,16.629855196950274,0.0,"[1.6653345369377348e-16, 0.0, 0.9999999999999998]",primal=Optimization terminated successfully; dual=outer=Optimization terminated successfully; inner=Optimization terminated successfully,1,-34.31158689404475,34.311586894044765,,phi2_10x_licenseclean_contcert_20260504_magnitude_prune_20260504_deep6_licenseclean,phi2_10x_licenseclean_contcert_20260504
magnitude_prune,triple,webglm4+webglm7+webglm10,12.500256856150152,20.70916004180905,0,"[0.20536606235718377, 0.20591356910627562, 0.5887203685365406]","[0.2, 0.2, 0.6]",0.0,"{""webglm10"": -18.743160438537565, ""webglm4"": -19.686368179321256, ""webglm7"": -20.70916004180905}",webglm7,continuous_primal_dual_psd,6,12.500256856150152,12.500256856150035,1.1723955140041653e-13,"[5.733285516880902e-15, 0.809035441384299, 0.1909645586156953]",primal=Optimization terminated successfully; dual=outer=Optimization terminated successfully; inner=Optimization terminated successfully,1,-146.61059929824478,146.61059929824475,,phi2_10x_licenseclean_contcert_20260504_magnitude_prune_20260504_deep6_licenseclean,phi2_10x_licenseclean_contcert_20260504
magnitude_prune,triple,webglm4+webglm7+webglm8,97.01596970217344,162.36665554046627,0,"[0.3286903763882628, 0.20000000000002324, 0.4713096236117139]","[0.2, 0.2, 0.6]",11.628913879394531,"{""webglm4"": -160.9415323257446, ""webglm7"": -154.00357551574703, ""webglm8"": -162.36665554046627}",webglm8,continuous_primal_dual_psd,6,97.01596970217344,97.01596970217342,1.4210854715202004e-14,"[0.0, 0.9999999999999984, 1.498801083243959e-15]",primal=Optimization terminated successfully; dual=outer=Optimization terminated successfully; inner=Optimization terminated successfully,1,-428.4676551517472,428.4676551517472,,phi2_10x_licenseclean_contcert_20260504_magnitude_prune_20260504_deep6_licenseclean,phi2_10x_licenseclean_contcert_20260504
magnitude_prune,triple,webglm4+webglm7+webglm9,51.851498277322996,133.63039798736568,0,"[0.20000000000006785, 0.44070247942073576, 0.3592975205791964]","[0.2, 0.4, 0.4]",0.0,"{""webglm4"": -133.63039798736568, ""webglm7"": -117.0232564926147, ""webglm9"": -122.89550609588619}",webglm4,continuous_primal_dual_psd,6,51.851498277322996,51.851498277322996,0.0,"[1.0, 0.0, 0.0]",primal=Optimization terminated successfully; dual=outer=Optimization terminated successfully; inner=Optimization terminated successfully,1,-209.67254988683663,209.6725498868366,,phi2_10x_licenseclean_contcert_20260504_magnitude_prune_20260504_deep6_licenseclean,phi2_10x_licenseclean_contcert_20260504
magnitude_prune,triple,webglm4+webglm8+webglm10,18.867600189262053,17.662575912475553,0,"[0.20000000000001014, 0.3003820379652227, 0.49961796203476716]","[0.2, 0.2, 0.6]",28.0179500579834,"{""webglm10"": -17.50803298950192, ""webglm4"": -12.168076705932585, ""webglm8"": -17.662575912475553}",webglm8,continuous_primal_dual_psd,6,18.867600189262053,18.867600189261843,2.0961010704922955e-13,"[0.7682046763091129, 0.2317953236908871, 1.4833185573183562e-17]",primal=Optimization terminated successfully; dual=outer=Optimization terminated successfully; inner=Optimization terminated successfully,0,14.138589082118187,0.0,,phi2_10x_licenseclean_contcert_20260504_magnitude_prune_20260504_deep6_licenseclean,phi2_10x_licenseclean_contcert_20260504
magnitude_prune,triple,webglm4+webglm8+webglm9,78.95123272329369,149.57475967407223,0,"[0.20237954803741726, 0.3115859337926219, 0.4860345181699608]","[0.2, 0.4, 0.4]",0.0,"{""webglm4"": -133.91313858032223, ""webglm8"": -149.57475967407223, ""webglm9"": -142.737558555603}",webglm8,continuous_primal_dual_psd,6,78.95123272329369,78.95123272329268,1.0089706847793423e-12,"[0.0, 0.297986673702307, 0.702013326297693]",primal=Optimization terminated successfully; dual=outer=Optimization terminated successfully; inner=Optimization terminated successfully,1,-166.58518254749433,166.5851825474943,,phi2_10x_licenseclean_contcert_20260504_magnitude_prune_20260504_deep6_licenseclean,phi2_10x_licenseclean_contcert_20260504
magnitude_prune,triple,webglm4+webglm9+webglm10,-8.397600264372315,-3.8821905136108725,1,"[0.2, 0.35112568811525885, 0.44887431188474114]","[0.2, 0.2, 0.6]",32.98764228820801,"{""webglm10"": 8.38308029174808, ""webglm4"": 12.88284950256351, ""webglm9"": 3.8821905136108725}",webglm9,continuous_primal_dual_psd,6,-8.397600264372315,-8.397600264372315,0.0,"[1.0, 0.0, 0.0]",primal=Optimization terminated successfully; dual=outer=Optimization terminated successfully; inner=Optimization terminated successfully,0,33.719992633138844,0.0,,phi2_10x_licenseclean_contcert_20260504_magnitude_prune_20260504_deep6_licenseclean,phi2_10x_licenseclean_contcert_20260504
magnitude_prune,triple,webglm5+webglm6+webglm10,17.647298025372486,28.98412055969235,0,"[0.23393233077477094, 0.2000000000000018, 0.5660676692252273]","[0.2, 0.2, 0.6]",0.0,"{""webglm10"": -28.98412055969235, ""webglm5"": -25.995352935790983, ""webglm6"": -26.941993904113737}",webglm10,continuous_primal_dual_psd,6,17.647298025372486,17.647298025372326,1.5987211554602254e-13,"[0.47572048810394, 0.5242795118960462, 1.3836479665942894e-14]",primal=Optimization terminated successfully; dual=outer=Optimization terminated successfully; inner=Optimization terminated successfully,1,-99.38535743010762,99.38535743010759,,phi2_10x_licenseclean_contcert_20260504_magnitude_prune_20260504_deep6_licenseclean,phi2_10x_licenseclean_contcert_20260504
magnitude_prune,triple,webglm5+webglm6+webglm7,93.71490281313072,154.3584377288818,0,"[0.2, 0.2, 0.6]","[0.4, 0.4, 0.2]",28.66072654724121,"{""webglm5"": -154.3584377288818, ""webglm6"": -146.94085426330562, ""webglm7"": -145.18833465576168}",webglm5,continuous_primal_dual_psd,6,93.71490281313072,93.71490281313072,0.0,"[0.0, 1.0, 0.0]",primal=Optimization terminated successfully; dual=outer=Optimization terminated successfully; inner=Optimization terminated successfully,1,-439.600873455651,439.600873455651,,phi2_10x_licenseclean_contcert_20260504_magnitude_prune_20260504_deep6_licenseclean,phi2_10x_licenseclean_contcert_20260504
magnitude_prune,triple,webglm5+webglm6+webglm8,31.682972526311723,95.90261287689205,0,"[0.2, 0.2, 0.6]","[0.2, 0.4, 0.4]",4.432249069213867,"{""webglm5"": -93.89710731506344, ""webglm6"": -88.48617382049557, ""webglm8"": -95.90261287689205}",webglm8,continuous_primal_dual_psd,6,31.682972526311723,31.682972526311723,0.0,"[1.0, 0.0, 0.0]",primal=Positive directional derivative for linesearch; dual=outer=Optimization terminated successfully; inner=Optimization terminated successfully,1,-571.1061171043486,571.1061171043488,,phi2_10x_licenseclean_contcert_20260504_magnitude_prune_20260504_deep6_licenseclean,phi2_10x_licenseclean_contcert_20260504
magnitude_prune,triple,webglm5+webglm6+webglm9,26.006632996581843,105.38063354492184,0,"[0.2, 0.40838755715488795, 0.391612442845112]","[0.2, 0.6, 0.2]",4.549002647399902,"{""webglm5"": -105.38063354492184, ""webglm6"": -104.53813381195064, ""webglm9"": -101.32730312347408}",webglm5,continuous_primal_dual_psd,6,26.006632996581843,26.006632996581843,0.0,"[0.0, 1.0, 0.0]",primal=Optimization terminated successfully; dual=outer=Optimization terminated successfully; inner=Optimization terminated successfully,1,-174.99609747218497,174.99609747218494,,phi2_10x_licenseclean_contcert_20260504_magnitude_prune_20260504_deep6_licenseclean,phi2_10x_licenseclean_contcert_20260504
magnitude_prune,triple,webglm5+webglm7+webglm10,17.166960234306693,21.65239162445065,0,"[0.26933748002473373, 0.2, 0.5306625199752663]","[0.2, 0.2, 0.6]",0.0,"{""webglm10"": -20.16601867675778, ""webglm5"": -21.65239162445065, ""webglm7"": -20.69084949493405}",webglm5,continuous_primal_dual_psd,6,17.166960234306693,17.166960234306693,0.0,"[0.0, 0.0, 1.0]",primal=Optimization terminated successfully; dual=outer=Optimization terminated successfully; inner=Optimization terminated successfully,1,-136.981626296811,136.98162629681096,,phi2_10x_licenseclean_contcert_20260504_magnitude_prune_20260504_deep6_licenseclean,phi2_10x_licenseclean_contcert_20260504
magnitude_prune,triple,webglm5+webglm7+webglm8,82.65095999353021,124.8277456283569,0,"[0.2, 0.2, 0.6]","[0.2, 0.2, 0.6]",0.0,"{""webglm5"": -124.8277456283569, ""webglm7"": -121.27120800018307, ""webglm8"": -121.86987705230709}",webglm5,continuous_primal_dual_psd,6,82.65095999353021,82.65095999353021,0.0,"[0.0, 0.0, 1.0]",primal=Optimization terminated successfully; dual=outer=Optimization terminated successfully; inner=Optimization terminated successfully,1,-737.6005685193065,737.6005685193064,,phi2_10x_licenseclean_contcert_20260504_magnitude_prune_20260504_deep6_licenseclean,phi2_10x_licenseclean_contcert_20260504
magnitude_prune,triple,webglm5+webglm7+webglm9,37.701823978187775,113.39803047180172,0,"[0.2000000000000029, 0.261586144288499, 0.5384138557114981]","[0.2, 0.4, 0.4]",35.48078536987305,"{""webglm5"": -112.33232326507564, ""webglm7"": -113.39803047180172, ""webglm9"": -108.14504928588863}",webglm7,continuous_primal_dual_psd,6,37.701823978187775,37.701823978187775,0.0,"[0.0, 1.0, 0.0]",primal=Optimization terminated successfully; dual=outer=Optimization terminated successfully; inner=Optimization terminated successfully,0,7.613261209105275,0.0,,phi2_10x_licenseclean_contcert_20260504_magnitude_prune_20260504_deep6_licenseclean,phi2_10x_licenseclean_contcert_20260504
magnitude_prune,triple,webglm5+webglm8+webglm10,10.130073443179937,18.080952835082975,0,"[0.2, 0.20000000000000043, 0.5999999999999995]","[0.2, 0.2, 0.6]",0.0,"{""webglm10"": -15.633037757873502, ""webglm5"": -18.080952835082975, ""webglm8"": -11.323288154602018}",webglm5,continuous_primal_dual_psd,6,10.130073443179937,10.130073443179933,3.552713678800501e-15,"[0.9999999999999982, 1.7763568394002473e-15, 0.0]",primal=Optimization terminated successfully; dual=outer=Optimization terminated successfully; inner=Optimization terminated successfully,1,-213.831609381256,213.83160938125596,,phi2_10x_licenseclean_contcert_20260504_magnitude_prune_20260504_deep6_licenseclean,phi2_10x_licenseclean_contcert_20260504
magnitude_prune,triple,webglm5+webglm8+webglm9,56.82455744049197,129.255417060852,0,"[0.20000000000001245, 0.2484428277346708, 0.5515571722653168]","[0.2, 0.6, 0.2]",36.33928298950195,"{""webglm5"": -129.255417060852, ""webglm8"": -124.01731319427486, ""webglm9"": -126.50587863922115}",webglm5,continuous_primal_dual_psd,6,56.82455744049197,56.82455744048422,7.752021247142693e-12,"[0.7549863001759707, 0.2450136998239116, 1.1777098325965567e-13]",primal=Optimization terminated successfully; dual=outer=Optimization terminated successfully; inner=Optimization terminated successfully,1,-44.99610468206374,44.996104682063745,,phi2_10x_licenseclean_contcert_20260504_magnitude_prune_20260504_deep6_licenseclean,phi2_10x_licenseclean_contcert_20260504
magnitude_prune,triple,webglm5+webglm9+webglm10,-11.20627922722192,-5.208894538879427,1,"[0.2, 0.337300999494818, 0.462699000505182]","[0.2, 0.2, 0.6]",24.531269073486328,"{""webglm10"": 5.208894538879427, ""webglm5"": 6.116601753234896, ""webglm9"": 6.228205490112337}",webglm10,continuous_primal_dual_psd,6,-11.20627922722192,-11.20627922722192,0.0,"[0.0, 1.0, 0.0]",primal=Optimization terminated successfully; dual=outer=Optimization terminated successfully; inner=Optimization terminated successfully,1,-148.30972063057567,148.30972063057564,,phi2_10x_licenseclean_contcert_20260504_magnitude_prune_20260504_deep6_licenseclean,phi2_10x_licenseclean_contcert_20260504
magnitude_prune,triple,webglm6+webglm7+webglm10,19.00269410907015,31.44064254760739,0,"[0.2, 0.2, 0.6]","[0.2, 0.2, 0.6]",0.0,"{""webglm10"": -31.44064254760739, ""webglm6"": -24.64003868103024, ""webglm7"": -24.57878894805905}",webglm10,continuous_primal_dual_psd,6,19.00269410907015,19.00269410907015,0.0,"[1.0, 0.0, 0.0]",primal=Optimization terminated successfully; dual=outer=Optimization terminated successfully; inner=Optimization terminated successfully,1,-56.85936736782507,56.85936736782506,,phi2_10x_licenseclean_contcert_20260504_magnitude_prune_20260504_deep6_licenseclean,phi2_10x_licenseclean_contcert_20260504
magnitude_prune,triple,webglm6+webglm7+webglm8,51.57900645374636,148.16108055114742,0,"[0.3011293935012802, 0.2000000000000015, 0.4988706064987183]","[0.2, 0.2, 0.6]",3.24404239654541,"{""webglm6"": -148.16108055114742, ""webglm7"": -134.19933624267574, ""webglm8"": -139.12835426330562}",webglm6,continuous_primal_dual_psd,6,51.57900645374636,51.5790064537463,5.684341886080802e-14,"[0.3429937963661828, 0.0, 0.6570062036338172]",primal=Optimization terminated successfully; dual=outer=Optimization terminated successfully; inner=Optimization terminated successfully,1,-191.64851689850866,191.6485168985087,,phi2_10x_licenseclean_contcert_20260504_magnitude_prune_20260504_deep6_licenseclean,phi2_10x_licenseclean_contcert_20260504
magnitude_prune,triple,webglm6+webglm7+webglm9,20.12723374007966,148.48389930725094,0,"[0.36331397848898567, 0.2, 0.4366860215110143]","[0.4, 0.2, 0.4]",0.0,"{""webglm6"": -145.72060413360592, ""webglm7"": -148.48389930725094, ""webglm9"": -146.57912559509273}",webglm7,continuous_primal_dual_psd,6,20.12723374007966,20.12723374007966,0.0,"[5.551115123125783e-17, 1.1102230246251565e-16, 0.9999999999999998]",primal=Optimization terminated successfully; dual=outer=Optimization terminated successfully; inner=Optimization terminated successfully,1,-93.64815879260198,93.64815879260206,,phi2_10x_licenseclean_contcert_20260504_magnitude_prune_20260504_deep6_licenseclean,phi2_10x_licenseclean_contcert_20260504
magnitude_prune,triple,webglm6+webglm8+webglm10,6.724555222145007,21.248868179321256,0,"[0.2, 0.34094293493744776, 0.4590570650625523]","[0.2, 0.2, 0.6]",5.133938789367676,"{""webglm10"": -21.248868179321256, ""webglm6"": -19.344118309020963, ""webglm8"": -20.244410705566374}",webglm10,continuous_primal_dual_psd,6,6.724555222145007,6.724555222145007,0.0,"[0.0, 0.0, 1.0]",primal=Optimization terminated successfully; dual=outer=Optimization terminated successfully; inner=Optimization terminated successfully,1,-47.71372154037664,47.71372154037663,,phi2_10x_licenseclean_contcert_20260504_magnitude_prune_20260504_deep6_licenseclean,phi2_10x_licenseclean_contcert_20260504
magnitude_prune,triple,webglm6+webglm8+webglm9,33.042992582247166,86.2734825134277,0,"[0.3597874028105591, 0.2000000000000285, 0.4402125971894124]","[0.2, 0.6, 0.2]",6.674671173095703,"{""webglm6"": -85.89575595855709, ""webglm8"": -86.2551719665527, ""webglm9"": -86.2734825134277}",webglm9,continuous_primal_dual_psd,6,33.042992582247166,33.042992582247166,0.0,"[0.0, 1.0, 0.0]",primal=Optimization terminated successfully; dual=outer=Optimization terminated successfully; inner=Optimization terminated successfully,1,-532.6545034601749,532.6545034601749,,phi2_10x_licenseclean_contcert_20260504_magnitude_prune_20260504_deep6_licenseclean,phi2_10x_licenseclean_contcert_20260504
magnitude_prune,triple,webglm6+webglm9+webglm10,-21.71890130496106,0.37377185821529935,0,"[0.2, 0.3854401455063914, 0.41455985449360866]","[0.2, 0.2, 0.6]",1.1504173278808594,"{""webglm10"": 3.869005966186556, ""webglm6"": -0.37377185821529935, ""webglm9"": -0.013211441040006378}",webglm6,continuous_primal_dual_psd,6,-21.71890130496106,-21.71890130496106,0.0,"[5.551115123125783e-17, 0.0, 1.0]",primal=Optimization terminated successfully; dual=outer=Optimization terminated successfully; inner=Optimization terminated successfully,1,-220.4540145839004,220.45401458390037,,phi2_10x_licenseclean_contcert_20260504_magnitude_prune_20260504_deep6_licenseclean,phi2_10x_licenseclean_contcert_20260504
magnitude_prune,triple,webglm7+webglm8+webglm10,6.12288227558502,24.838617515563932,0,"[0.22137930018950178, 0.25558246308282184, 0.5230382367276764]","[0.2, 0.2, 0.6]",0.0,"{""webglm10"": -20.57178325653073, ""webglm7"": -24.838617515563932, ""webglm8"": -17.687180709838835}",webglm7,continuous_primal_dual_psd,6,6.12288227558502,6.122882275580435,4.5856651809117466e-12,"[3.580260241548294e-17, 0.8674974245042402, 0.13250257549575983]",primal=Optimization terminated successfully; dual=outer=Optimization terminated successfully; inner=Optimization terminated successfully,1,-18.121032327662107,18.1210323276621,,phi2_10x_licenseclean_contcert_20260504_magnitude_prune_20260504_deep6_licenseclean,phi2_10x_licenseclean_contcert_20260504
magnitude_prune,triple,webglm7+webglm8+webglm9,47.11536930666769,124.16954345703121,0,"[0.26843979411825225, 0.20000000000002083, 0.5315602058817269]","[0.4, 0.2, 0.4]",12.519502639770508,"{""webglm7"": -124.16954345703121, ""webglm8"": -123.00315208435055, ""webglm9"": -116.08004875183101}",webglm7,continuous_primal_dual_psd,6,47.11536930666769,47.11536930666769,0.0,"[0.0, 0.0, 1.0]",primal=Optimization terminated successfully; dual=outer=Optimization terminated successfully; inner=Optimization terminated successfully,1,-449.2521067560049,449.2521067560049,,phi2_10x_licenseclean_contcert_20260504_magnitude_prune_20260504_deep6_licenseclean,phi2_10x_licenseclean_contcert_20260504
magnitude_prune,triple,webglm7+webglm9+webglm10,-23.83759356868984,-14.44708995819095,1,"[0.20000000000000873, 0.4629159254881381, 0.3370840745118532]","[0.2, 0.2, 0.6]",19.804835319519043,"{""webglm10"": 14.610788154602083, ""webglm7"": 14.44708995819095, ""webglm9"": 14.491745758056673}",webglm7,continuous_primal_dual_psd,6,-23.83759356868984,-23.83759356868984,0.0,"[0.0, 0.0, 1.0]",primal=Optimization terminated successfully; dual=outer=Optimization terminated successfully; inner=Optimization terminated successfully,1,-166.48760594167396,166.48760594167396,,phi2_10x_licenseclean_contcert_20260504_magnitude_prune_20260504_deep6_licenseclean,phi2_10x_licenseclean_contcert_20260504
magnitude_prune,triple,webglm8+webglm9+webglm10,-9.235504444905743,-1.5384405136108725,1,"[0.20000000000000673, 0.3450682396006824, 0.4549317603993108]","[0.2, 0.2, 0.6]",17.90008544921875,"{""webglm10"": 4.174062538147005, ""webglm8"": 6.013581085205111, ""webglm9"": 1.5384405136108725}",webglm9,continuous_primal_dual_psd,6,-9.235504444905743,-9.235504444907516,1.77280412572145e-12,"[0.0, 0.6390433631690116, 0.36095663683098844]",primal=Optimization terminated successfully; dual=outer=Optimization terminated successfully; inner=Optimization terminated successfully,0,48.10004198070989,0.0,,phi2_10x_licenseclean_contcert_20260504_magnitude_prune_20260504_deep6_licenseclean,phi2_10x_licenseclean_contcert_20260504
ties,pair,webglm1+webglm10,-7.32912414073921,-0.6650178909302085,1,"[0.20000000000000767, 0.7999999999999923]","[0.2, 0.8]",0.0,"{""webglm1"": 1.197311210632357, ""webglm10"": 0.6650178909302085}",webglm10,continuous_primal_dual_psd,4,-7.32912414073921,-7.32912414073921,0.0,"[0.9999999999999998, 2.220446049250313e-16]",primal=Optimization terminated successfully; dual=outer=Optimization terminated successfully; inner=Optimization terminated successfully,0,360.3135049343107,0.0,,phi2_10x_licenseclean_contcert_20260504_ties_20260504_deep6_licenseclean,phi2_10x_licenseclean_contcert_20260504
ties,pair,webglm1+webglm2,51.81410630440057,69.11289997100826,0,"[0.3826740912002009, 0.6173259087997991]","[0.6, 0.4]",0.2232074737548828,"{""webglm1"": -68.10841865539547, ""webglm2"": -69.11289997100826}",webglm2,continuous_primal_dual_psd,4,51.81410630440057,51.81410630440057,0.0,"[5.551115123125783e-17, 1.0]",primal=Optimization terminated successfully; dual=outer=Optimization terminated successfully; inner=Optimization terminated successfully,0,56.945681571960435,0.0,,phi2_10x_licenseclean_contcert_20260504_ties_20260504_deep6_licenseclean,phi2_10x_licenseclean_contcert_20260504
ties,pair,webglm1+webglm3,46.792739105224605,78.88908691406246,0,"[0.2, 0.8]","[0.2, 0.8]",0.0,"{""webglm1"": -78.88908691406246, ""webglm3"": -77.07016773223873}",webglm1,continuous_primal_dual_psd,4,46.792739105224605,46.792739105224605,0.0,"[1.0, 0.0]",primal=Optimization terminated successfully; dual=outer=Optimization terminated successfully; inner=Optimization terminated successfully,1,-49.082040786743164,49.082040786743164,,phi2_10x_licenseclean_contcert_20260504_ties_20260504_deep6_licenseclean,phi2_10x_licenseclean_contcert_20260504
ties,pair,webglm1+webglm4,23.507434797286958,48.73457260131833,0,"[0.2, 0.8]","[0.2, 0.8]",0.0,"{""webglm1"": -48.73457260131833, ""webglm4"": -46.75140686035153}",webglm1,continuous_primal_dual_psd,4,23.507434797286958,23.507434797286958,0.0,"[0.0, 1.0]",primal=Optimization terminated successfully; dual=outer=Optimization terminated successfully; inner=Optimization terminated successfully,0,79.1393220424649,0.0,,phi2_10x_licenseclean_contcert_20260504_ties_20260504_deep6_licenseclean,phi2_10x_licenseclean_contcert_20260504
ties,pair,webglm1+webglm5,11.002577097893882,30.204346847534147,0,"[0.26384269082265166, 0.7361573091773483]","[0.2, 0.8]",0.0,"{""webglm1"": -28.418639373779264, ""webglm5"": -30.204346847534147}",webglm5,continuous_primal_dual_psd,4,11.002577097893882,11.002577097893882,0.0,"[0.0, 1.0]",primal=Optimization terminated successfully; dual=outer=Optimization terminated successfully; inner=Optimization terminated successfully,0,252.63845920562724,0.0,,phi2_10x_licenseclean_contcert_20260504_ties_20260504_deep6_licenseclean,phi2_10x_licenseclean_contcert_20260504
ties,pair,webglm1+webglm6,4.506944104078155,28.80268402099606,0,"[0.2484515209638742, 0.7515484790361258]","[0.2, 0.8]",0.0,"{""webglm1"": -24.913624000549284, ""webglm6"": -28.80268402099606}",webglm6,continuous_primal_dual_psd,4,4.506944104078155,4.506944104078155,0.0,"[1.0, 0.0]",primal=Optimization terminated successfully; dual=outer=Optimization terminated successfully; inner=Optimization terminated successfully,0,198.86374473571772,0.0,,phi2_10x_licenseclean_contcert_20260504_ties_20260504_deep6_licenseclean,phi2_10x_licenseclean_contcert_20260504
ties,pair,webglm1+webglm7,-2.722281742081933,37.15088672637936,0,"[0.2000000000001642, 0.7999999999998357]","[0.2, 0.8]",0.0,"{""webglm1"": -36.40284843444821, ""webglm7"": -37.15088672637936}",webglm7,continuous_primal_dual_psd,4,-2.722281742081933,-2.722281742081933,0.0,"[0.0, 1.0]",primal=Optimization terminated successfully; dual=outer=Optimization terminated successfully; inner=Optimization terminated successfully,0,53.774118423461786,0.0,,phi2_10x_licenseclean_contcert_20260504_ties_20260504_deep6_licenseclean,phi2_10x_licenseclean_contcert_20260504
ties,pair,webglm1+webglm8,-10.058911967277432,8.969810676574674,0,"[0.20000000000000775, 0.7999999999999923]","[0.2, 0.8]",0.0,"{""webglm1"": -8.969810676574674, ""webglm8"": -5.42300052642819}",webglm1,continuous_primal_dual_psd,4,-10.058911967277432,-10.058911967277432,0.0,"[1.0, 0.0]",primal=Optimization terminated successfully; dual=outer=Optimization terminated successfully; inner=Optimization terminated successfully,0,265.82792401313793,0.0,,phi2_10x_licenseclean_contcert_20260504_ties_20260504_deep6_licenseclean,phi2_10x_licenseclean_contcert_20260504
ties,pair,webglm1+webglm9,-35.673784542082636,14.38589401245114,0,"[0.20000000000001422, 0.7999999999999858]","[0.4, 0.6]",0.8550882339477539,"{""webglm1"": -11.880186271667448, ""webglm9"": -14.38589401245114}",webglm9,continuous_primal_dual_psd,4,-35.673784542082636,-35.673784542082636,0.0,"[0.0, 1.0]",primal=Optimization terminated successfully; dual=outer=Optimization terminated successfully; inner=Optimization terminated successfully,0,44.00849342346177,0.0,,phi2_10x_licenseclean_contcert_20260504_ties_20260504_deep6_licenseclean,phi2_10x_licenseclean_contcert_20260504
ties,pair,webglm2+webglm10,-3.0342929840078696,5.707457733154264,0,"[0.20000000000001708, 0.799999999999983]","[0.2, 0.8]",0.0,"{""webglm10"": -5.699995231628385, ""webglm2"": -5.707457733154264}",webglm2,continuous_primal_dual_psd,4,-3.0342929840078696,-3.0342929840078696,0.0,"[0.0, 1.0]",primal=Optimization terminated successfully; dual=outer=Optimization terminated successfully; inner=Optimization terminated successfully,0,167.91790723800645,0.0,,phi2_10x_licenseclean_contcert_20260504_ties_20260504_deep6_licenseclean,phi2_10x_licenseclean_contcert_20260504
ties,pair,webglm2+webglm3,41.66997976303101,63.99040527343747,0,"[0.2, 0.8]","[0.4, 0.6]",6.070852279663079,"{""webglm2"": -63.99040527343747, ""webglm3"": -61.679866981506315}",webglm2,continuous_primal_dual_psd,4,41.66997976303101,41.66997976303101,0.0,"[1.0, 5.551115123125783e-17]",primal=Optimization terminated successfully; dual=outer=Optimization terminated successfully; inner=Optimization terminated successfully,1,-38.80858421325682,38.80858421325682,,phi2_10x_licenseclean_contcert_20260504_ties_20260504_deep6_licenseclean,phi2_10x_licenseclean_contcert_20260504
ties,pair,webglm2+webglm4,6.748477476486636,43.686488342285124,0,"[0.28853364690136896, 0.711466353098631]","[0.2, 0.8]",0.0,"{""webglm2"": -43.686488342285124, ""webglm4"": -39.45286579132077}",webglm2,continuous_primal_dual_psd,4,6.748477476486636,6.748477476486636,0.0,"[0.8879002157951424, 0.11209978420485765]",primal=Optimization terminated successfully; dual=outer=Optimization terminated successfully; inner=Optimization terminated successfully,0,236.02381348609921,0.0,,phi2_10x_licenseclean_contcert_20260504_ties_20260504_deep6_licenseclean,phi2_10x_licenseclean_contcert_20260504
ties,pair,webglm2+webglm5,34.33485985648075,47.67000980377194,0,"[0.2751284256818016, 0.7248715743181984]","[0.4, 0.6]",2.4479150772094727,"{""webglm2"": -47.67000980377194, ""webglm5"": -45.32625980377194}",webglm2,continuous_primal_dual_psd,4,34.33485985648075,34.33485985648075,0.0,"[1.0, 0.0]",primal=Optimization terminated successfully; dual=outer=Optimization terminated successfully; inner=Optimization terminated successfully,0,141.538083553314,0.0,,phi2_10x_licenseclean_contcert_20260504_ties_20260504_deep6_licenseclean,phi2_10x_licenseclean_contcert_20260504
ties,pair,webglm2+webglm6,0.22516376972204277,22.405603599548307,0,"[0.20000000000000465, 0.7999999999999954]","[0.2, 0.8]",0.0,"{""webglm2"": -19.3223745346069, ""webglm6"": -22.405603599548307}",webglm6,continuous_primal_dual_psd,4,0.22516376972204277,0.22516376972204277,0.0,"[0.0, 1.0]",primal=Optimization terminated successfully; dual=outer=Optimization terminated successfully; inner=Optimization terminated successfully,0,179.83987927436812,0.0,,phi2_10x_licenseclean_contcert_20260504_ties_20260504_deep6_licenseclean,phi2_10x_licenseclean_contcert_20260504
ties,pair,webglm2+webglm7,-4.911308813094675,32.23676986694333,0,"[0.20000000000001422, 0.7999999999999858]","[0.2, 0.8]",0.0,"{""webglm2"": -31.757143211364713, ""webglm7"": -32.23676986694333}",webglm7,continuous_primal_dual_psd,4,-4.911308813094675,-4.911308813094675,0.0,"[0.0, 1.0]",primal=Optimization terminated successfully; dual=outer=Optimization terminated successfully; inner=Optimization terminated successfully,0,183.26401710510248,0.0,,phi2_10x_licenseclean_contcert_20260504_ties_20260504_deep6_licenseclean,phi2_10x_licenseclean_contcert_20260504
ties,pair,webglm2+webglm8,-1.8309592485428334,15.017202568054167,0,"[0.2, 0.8]","[0.2, 0.8]",0.0,"{""webglm2"": -15.017202568054167, ""webglm8"": -13.151934814453092}",webglm2,continuous_primal_dual_psd,4,-1.8309592485428334,-1.8309592485428334,0.0,"[0.0, 1.0]",primal=Optimization terminated successfully; dual=outer=Optimization terminated successfully; inner=Optimization terminated successfully,0,150.2892374992369,0.0,,phi2_10x_licenseclean_contcert_20260504_ties_20260504_deep6_licenseclean,phi2_10x_licenseclean_contcert_20260504
ties,pair,webglm2+webglm9,-37.585820484161445,12.465694618225065,0,"[0.2, 0.8]","[0.2, 0.8]",0.0,"{""webglm2"": -12.465694618225065, ""webglm9"": -5.546048355102506}",webglm2,continuous_primal_dual_psd,4,-37.585820484161445,-37.585820484161445,0.0,"[1.0, 0.0]",primal=Optimization terminated successfully; dual=outer=Optimization terminated successfully; inner=Optimization terminated successfully,0,123.52854013443002,0.0,,phi2_10x_licenseclean_contcert_20260504_ties_20260504_deep6_licenseclean,phi2_10x_licenseclean_contcert_20260504
ties,pair,webglm3+webglm10,-2.560975889655106,2.2367746353149087,0,"[0.23847268793230894, 0.7615273120676911]","[0.2, 0.8]",0.0,"{""webglm10"": -0.22783584594723294, ""webglm3"": -2.2367746353149087}",webglm3,continuous_primal_dual_psd,4,-2.560975889655106,-2.560975889655106,0.0,"[0.0, 1.0]",primal=Optimization terminated successfully; dual=outer=Optimization terminated successfully; inner=Optimization terminated successfully,0,361.96276545524574,0.0,,phi2_10x_licenseclean_contcert_20260504_ties_20260504_deep6_licenseclean,phi2_10x_licenseclean_contcert_20260504
ties,pair,webglm3+webglm4,9.495150518417324,32.738140296936,0,"[0.2, 0.8]","[0.2, 0.8]",0.0,"{""webglm3"": -32.738140296936, ""webglm4"": -31.07147521972653}",webglm3,continuous_primal_dual_psd,4,9.495150518417324,9.495150518417324,0.0,"[1.0, 0.0]",primal=Optimization terminated successfully; dual=outer=Optimization terminated successfully; inner=Optimization terminated successfully,0,166.52286052703852,0.0,,phi2_10x_licenseclean_contcert_20260504_ties_20260504_deep6_licenseclean,phi2_10x_licenseclean_contcert_20260504
ties,pair,webglm3+webglm5,19.67776007652281,46.52819938659665,0,"[0.2, 0.8]","[0.2, 0.8]",0.0,"{""webglm3"": -37.804511260986295, ""webglm5"": -46.52819938659665}",webglm5,continuous_primal_dual_psd,4,19.67776007652281,19.67776007652281,0.0,"[0.0, 1.0]",primal=Optimization terminated successfully; dual=outer=Optimization terminated successfully; inner=Optimization terminated successfully,0,23.589432239532403,0.0,,phi2_10x_licenseclean_contcert_20260504_ties_20260504_deep6_licenseclean,phi2_10x_licenseclean_contcert_20260504
ties,pair,webglm3+webglm6,-0.3135924816132021,21.030834388732877,0,"[0.2, 0.8]","[0.2, 0.8]",0.0,"{""webglm3"": -21.030834388732877, ""webglm6"": -16.730812263488737}",webglm3,continuous_primal_dual_psd,4,-0.3135924816132021,-0.3135924816132021,0.0,"[1.0, 0.0]",primal=Optimization terminated successfully; dual=outer=Optimization terminated successfully; inner=Optimization terminated successfully,0,102.34877467155447,0.0,,phi2_10x_licenseclean_contcert_20260504_ties_20260504_deep6_licenseclean,phi2_10x_licenseclean_contcert_20260504
ties,pair,webglm3+webglm7,-2.2804283380508803,27.6156455993652,0,"[0.2, 0.8]","[0.2, 0.8]",0.0,"{""webglm3"": -27.6156455993652, ""webglm7"": -22.197273445129362}",webglm3,continuous_primal_dual_psd,4,-2.2804283380508803,-2.2804283380508803,0.0,"[1.0, 0.0]",primal=Optimization terminated successfully; dual=outer=Optimization terminated successfully; inner=Optimization terminated successfully,0,143.0603861808776,0.0,,phi2_10x_licenseclean_contcert_20260504_ties_20260504_deep6_licenseclean,phi2_10x_licenseclean_contcert_20260504
ties,pair,webglm3+webglm8,-11.887255239486734,8.393457603454557,0,"[0.2, 0.8]","[0.2, 0.8]",0.0,"{""webglm3"": -1.4555246353149087, ""webglm8"": -8.393457603454557}",webglm8,continuous_primal_dual_psd,4,-11.887255239486734,-11.887255239486734,0.0,"[0.0, 1.0]",primal=Optimization terminated successfully; dual=outer=Optimization terminated successfully; inner=Optimization terminated successfully,0,231.96548223495478,0.0,,phi2_10x_licenseclean_contcert_20260504_ties_20260504_deep6_licenseclean,phi2_10x_licenseclean_contcert_20260504
ties,pair,webglm3+webglm9,-23.277535170205326,21.00394077301022,0,"[0.23771114480779384, 0.7622888551922061]","[0.4, 0.6]",1.9814252853393555,"{""webglm3"": -21.00394077301022, ""webglm9"": -10.47964401245114}",webglm3,continuous_primal_dual_psd,4,-23.277535170205326,-23.27753517020611,7.851497230149107e-13,"[0.007792023565161866, 0.9922079764348382]",primal=Optimization terminated successfully; dual=outer=Optimization terminated successfully; inner=Optimization terminated successfully,0,108.1825792789459,0.0,,phi2_10x_licenseclean_contcert_20260504_ties_20260504_deep6_licenseclean,phi2_10x_licenseclean_contcert_20260504
ties,pair,webglm4+webglm10,-5.786761762019955,1.6970426559447915,0,"[0.23285721678911167, 0.7671427832108884]","[0.2, 0.8]",0.0,"{""webglm10"": -1.6970426559447915, ""webglm4"": 2.3723333358764975}",webglm10,continuous_primal_dual_psd,4,-5.786761762019955,-5.786761762019955,0.0,"[0.0, 1.0]",primal=Optimization terminated successfully; dual=outer=Optimization terminated successfully; inner=Optimization terminated successfully,0,213.06827664375305,0.0,,phi2_10x_licenseclean_contcert_20260504_ties_20260504_deep6_licenseclean,phi2_10x_licenseclean_contcert_20260504
ties,pair,webglm4+webglm5,20.723334026336683,44.9324876785278,0,"[0.20000000000000165, 0.7999999999999984]","[0.8, 0.2]",4.642271995544434,"{""webglm4"": -44.9324876785278, ""webglm5"": -38.91313381195065}",webglm4,continuous_primal_dual_psd,4,20.723334026336683,20.723334026336683,0.0,"[0.0, 1.0]",primal=Optimization terminated successfully; dual=outer=Optimization terminated successfully; inner=Optimization terminated successfully,1,-117.94850230216981,117.94850230216981,,phi2_10x_licenseclean_contcert_20260504_ties_20260504_deep6_licenseclean,phi2_10x_licenseclean_contcert_20260504
ties,pair,webglm4+webglm6,-13.012455034256028,7.704356384277311,0,"[0.2, 0.8]","[0.2, 0.8]",0.0,"{""webglm4"": -7.704356384277311, ""webglm6"": -5.31769104003903}",webglm4,continuous_primal_dual_psd,4,-13.012455034256028,-13.012455034256028,0.0,"[0.0, 1.0]",primal=Optimization terminated successfully; dual=outer=Optimization terminated successfully; inner=Optimization terminated successfully,1,-1.3953447341918854,1.3953447341918854,,phi2_10x_licenseclean_contcert_20260504_ties_20260504_deep6_licenseclean,phi2_10x_licenseclean_contcert_20260504
ties,pair,webglm4+webglm7,-7.090679335594219,24.32868785858151,0,"[0.2, 0.8]","[0.2, 0.8]",0.0,"{""webglm4"": -24.32868785858151, ""webglm7"": -24.295476150512663}",webglm4,continuous_primal_dual_psd,4,-7.090679335594219,-7.090679335594219,0.0,"[1.0, 0.0]",primal=Optimization terminated successfully; dual=outer=Optimization terminated successfully; inner=Optimization terminated successfully,0,4.56586480140688,0.0,,phi2_10x_licenseclean_contcert_20260504_ties_20260504_deep6_licenseclean,phi2_10x_licenseclean_contcert_20260504
ties,pair,webglm4+webglm8,-5.1796739578247575,21.82295627593991,0,"[0.2, 0.8]","[0.4, 0.6]",2.6528120040893555,"{""webglm4"": -17.574456405639616, ""webglm8"": -21.82295627593991}",webglm8,continuous_primal_dual_psd,4,-5.1796739578247575,-5.1796739578247575,0.0,"[5.551115123125783e-17, 1.0]",primal=Optimization terminated successfully; dual=outer=Optimization terminated successfully; inner=Optimization terminated successfully,1,-241.6044473648071,241.6044473648071,,phi2_10x_licenseclean_contcert_20260504_ties_20260504_deep6_licenseclean,phi2_10x_licenseclean_contcert_20260504
ties,pair,webglm4+webglm9,-22.109978723526055,20.87858028411862,0,"[0.2, 0.8]","[0.2, 0.8]",0.0,"{""webglm4"": -20.87858028411862, ""webglm9"": -17.768457603454557}",webglm4,continuous_primal_dual_psd,4,-22.109978723526055,-22.109978723526055,0.0,"[0.0, 1.0]",primal=Optimization terminated successfully; dual=outer=Optimization terminated successfully; inner=Optimization terminated successfully,1,-29.296875000000014,29.296875000000014,,phi2_10x_licenseclean_contcert_20260504_ties_20260504_deep6_licenseclean,phi2_10x_licenseclean_contcert_20260504
ties,pair,webglm5+webglm10,-5.927049251185844,1.5316278457641275,0,"[0.21950021570913394, 0.7804997842908661]","[0.2, 0.8]",0.0,"{""webglm10"": 0.9923904418945639, ""webglm5"": -1.5316278457641275}",webglm5,continuous_primal_dual_psd,4,-5.927049251185844,-5.927049251185844,0.0,"[0.0, 1.0]",primal=Optimization terminated successfully; dual=outer=Optimization terminated successfully; inner=Optimization terminated successfully,0,179.4593036174774,0.0,,phi2_10x_licenseclean_contcert_20260504_ties_20260504_deep6_licenseclean,phi2_10x_licenseclean_contcert_20260504
ties,pair,webglm5+webglm6,-8.784065175056496,13.639000129699674,0,"[0.20000000000000018, 0.7999999999999998]","[0.2, 0.8]",0.0,"{""webglm5"": -12.530377578735319, ""webglm6"": -13.639000129699674}",webglm6,continuous_primal_dual_psd,4,-8.784065175056496,-8.784065175056496,0.0,"[1.0, 5.551115123125783e-17]",primal=Optimization terminated successfully; dual=outer=Optimization terminated successfully; inner=Optimization terminated successfully,0,12.809485197067245,0.0,,phi2_10x_licenseclean_contcert_20260504_ties_20260504_deep6_licenseclean,phi2_10x_licenseclean_contcert_20260504
ties,pair,webglm5+webglm7,-4.6571557998657696,25.257018280029264,0,"[0.2, 0.8]","[0.4, 0.6]",0.4206657409667969,"{""webglm5"": -23.727729988098112, ""webglm7"": -25.257018280029264}",webglm7,continuous_primal_dual_psd,4,-4.6571557998657696,-4.6571557998657696,0.0,"[3.712308238590367e-16, 0.9999999999999997]",primal=Optimization terminated successfully; dual=outer=Optimization terminated successfully; inner=Optimization terminated successfully,1,-146.99146151542664,146.99146151542664,,phi2_10x_licenseclean_contcert_20260504_ties_20260504_deep6_licenseclean,phi2_10x_licenseclean_contcert_20260504
ties,pair,webglm5+webglm8,-13.060166168212938,1.3645202636718423,0,"[0.2, 0.8]","[0.2, 0.8]",0.0,"{""webglm5"": 8.18333320617679, ""webglm8"": -1.3645202636718423}",webglm8,continuous_primal_dual_psd,4,-13.060166168212938,-13.060166168212938,0.0,"[1.0, 0.0]",primal=Optimization terminated successfully; dual=outer=Optimization terminated successfully; inner=Optimization terminated successfully,1,-69.88152861595152,69.88152861595152,,phi2_10x_licenseclean_contcert_20260504_ties_20260504_deep6_licenseclean,phi2_10x_licenseclean_contcert_20260504
ties,pair,webglm5+webglm9,-17.718216705322327,22.87779159545895,0,"[0.2, 0.8]","[0.2, 0.8]",0.0,"{""webglm5"": -22.87779159545895, ""webglm9"": -18.763211441040006}",webglm5,continuous_primal_dual_psd,4,-17.718216705322327,-17.718216705322327,0.0,"[3.885780586188048e-16, 0.9999999999999997]",primal=Optimization terminated successfully; dual=outer=Optimization terminated successfully; inner=Optimization terminated successfully,1,-165.2546226978302,165.2546226978302,,phi2_10x_licenseclean_contcert_20260504_ties_20260504_deep6_licenseclean,phi2_10x_licenseclean_contcert_20260504
ties,pair,webglm6+webglm10,-5.653270065999294,-4.625078964233431,1,"[0.30743953094937126, 0.6925604690506287]","[0.2, 0.8]",9.08656120300293,"{""webglm10"": 4.625078964233431, ""webglm6"": 6.486913490295443}",webglm10,continuous_primal_dual_psd,4,-5.653270065999294,-5.653270065999294,0.0,"[0.0, 1.0]",primal=Optimization terminated successfully; dual=outer=Optimization terminated successfully; inner=Optimization terminated successfully,0,52.88645625114439,0.0,,phi2_10x_licenseclean_contcert_20260504_ties_20260504_deep6_licenseclean,phi2_10x_licenseclean_contcert_20260504
ties,pair,webglm6+webglm7,-10.625838954838247,15.674832534790006,0,"[0.21765529724423505, 0.782344702755765]","[0.6, 0.4]",15.393209457397461,"{""webglm6"": -15.674832534790006, ""webglm7"": -11.603167724609342}",webglm6,continuous_primal_dual_psd,4,-10.625838954838247,-10.625838954848819,1.057109955127089e-11,"[0.8590221200558449, 0.14097787994415512]",primal=Optimization terminated successfully; dual=outer=Optimization terminated successfully; inner=Optimization terminated successfully,1,-13.443231582641573,13.443231582641573,,phi2_10x_licenseclean_contcert_20260504_ties_20260504_deep6_licenseclean,phi2_10x_licenseclean_contcert_20260504
ties,pair,webglm6+webglm8,-20.586537899730136,-0.8184164047241538,1,"[0.2964301239275393, 0.7035698760724607]","[0.2, 0.8]",0.0,"{""webglm6"": 1.5922039031982749, ""webglm8"": 0.8184164047241538}",webglm8,continuous_primal_dual_psd,4,-20.586537899730136,-20.586537899730136,0.0,"[5.551115123125783e-17, 1.0]",primal=Optimization terminated successfully; dual=outer=Optimization terminated successfully; inner=Optimization terminated successfully,0,62.5252723693848,0.0,,phi2_10x_licenseclean_contcert_20260504_ties_20260504_deep6_licenseclean,phi2_10x_licenseclean_contcert_20260504
ties,pair,webglm6+webglm9,-29.107227849960378,8.141616058349577,0,"[0.2, 0.8]","[0.6, 0.4]",16.018199920654297,"{""webglm6"": -5.403521728515592, ""webglm9"": -8.141616058349577}",webglm9,continuous_primal_dual_psd,4,-29.107227849960378,-29.107227849960378,0.0,"[1.0, 0.0]",primal=Optimization terminated successfully; dual=outer=Optimization terminated successfully; inner=Optimization terminated successfully,1,-22.955685853958066,22.955685853958066,,phi2_10x_licenseclean_contcert_20260504_ties_20260504_deep6_licenseclean,phi2_10x_licenseclean_contcert_20260504
ties,pair,webglm7+webglm10,-11.600122902870115,-7.732936668396029,1,"[0.2997542739254787, 0.7002457260745213]","[0.2, 0.8]",0.0,"{""webglm10"": 9.226748275756869, ""webglm7"": 7.732936668396029}",webglm7,continuous_primal_dual_psd,4,-11.600122902870115,-11.600122902870115,0.0,"[1.0, 0.0]",primal=Optimization terminated successfully; dual=outer=Optimization terminated successfully; inner=Optimization terminated successfully,0,20.038485527038585,0.0,,phi2_10x_licenseclean_contcert_20260504_ties_20260504_deep6_licenseclean,phi2_10x_licenseclean_contcert_20260504
ties,pair,webglm7+webglm8,-10.71133069992069,10.618165206909147,0,"[0.2, 0.8]","[0.2, 0.8]",0.0,"{""webglm7"": -1.6380817413329751, ""webglm8"": -10.618165206909147}",webglm8,continuous_primal_dual_psd,4,-10.71133069992069,-10.71133069992069,0.0,"[1.0, 0.0]",primal=Optimization terminated successfully; dual=outer=Optimization terminated successfully; inner=Optimization terminated successfully,1,-0.00014901161190028302,0.00014901161190028302,,phi2_10x_licenseclean_contcert_20260504_ties_20260504_deep6_licenseclean,phi2_10x_licenseclean_contcert_20260504
ties,pair,webglm7+webglm9,-36.74770151704222,4.903295707702604,0,"[0.2662750672343785, 0.7337249327656215]","[0.4, 0.6]",2.8502702713012695,"{""webglm7"": -4.903295707702604, ""webglm9"": -3.0317098617553384}",webglm7,continuous_primal_dual_psd,4,-36.74770151704222,-36.74770151704222,0.0,"[1.0, 5.551115123125783e-17]",primal=Optimization terminated successfully; dual=outer=Optimization terminated successfully; inner=Optimization terminated successfully,0,133.54748487472548,0.0,,phi2_10x_licenseclean_contcert_20260504_ties_20260504_deep6_licenseclean,phi2_10x_licenseclean_contcert_20260504
ties,pair,webglm8+webglm10,-9.98922112781655,-1.5481441497803061,1,"[0.40497314402746726, 0.5950268559725327]","[0.2, 0.8]",2.9349803924560547,"{""webglm10"": 1.5481441497803061, ""webglm8"": 4.150602149963412}",webglm10,continuous_primal_dual_psd,4,-9.98922112781655,-9.98922112781655,0.0,"[0.9999999999999997, 3.33066907387547e-16]",primal=Optimization terminated successfully; dual=outer=Optimization terminated successfully; inner=Optimization terminated successfully,0,121.3723421096802,0.0,,phi2_10x_licenseclean_contcert_20260504_ties_20260504_deep6_licenseclean,phi2_10x_licenseclean_contcert_20260504
ties,pair,webglm8+webglm9,-26.053247380256696,12.290003967285124,0,"[0.2, 0.8]","[0.4, 0.6]",8.903932571411133,"{""webglm8"": -3.463295173644987, ""webglm9"": -12.290003967285124}",webglm9,continuous_primal_dual_psd,4,-26.053247380256696,-26.053247380256696,0.0,"[0.0, 1.0]",primal=Optimization terminated successfully; dual=outer=Optimization terminated successfully; inner=Optimization terminated successfully,0,0.7607042789459876,0.0,,phi2_10x_licenseclean_contcert_20260504_ties_20260504_deep6_licenseclean,phi2_10x_licenseclean_contcert_20260504
ties,pair,webglm9+webglm10,-36.14093658582494,-33.353349494934115,1,"[0.7068824978837958, 0.29311750211620424]","[0.4, 0.6]",65.78183174133301,"{""webglm10"": 38.56510810852054, ""webglm9"": 33.353349494934115}",webglm9,continuous_primal_dual_psd,4,-36.14093658582494,-36.14093658582494,0.0,"[1.0, 0.0]",primal=Optimization terminated successfully; dual=outer=Optimization terminated successfully; inner=Optimization terminated successfully,0,119.21703815460216,0.0,,phi2_10x_licenseclean_contcert_20260504_ties_20260504_deep6_licenseclean,phi2_10x_licenseclean_contcert_20260504
ties,triple,webglm1+webglm2+webglm10,2.178453121582052,7.450249862670866,0,"[0.20000000000064772, 0.2, 0.5999999999993523]","[0.2, 0.2, 0.6]",0.0,"{""webglm1"": -2.4708301544189126, ""webglm10"": -7.450249862670866, ""webglm2"": -6.668999862670866}",webglm10,continuous_primal_dual_psd,6,2.178453121582052,2.178453121582052,0.0,"[1.0, 0.0, 0.0]",primal=Optimization terminated successfully; dual=outer=Optimization terminated successfully; inner=Optimization terminated successfully,1,-256.0729604813045,256.07296048130445,,phi2_10x_licenseclean_contcert_20260504_ties_20260504_deep6_licenseclean,phi2_10x_licenseclean_contcert_20260504
ties,triple,webglm1+webglm2+webglm3,40.9192125842667,41.193369102477995,0,"[0.2, 0.2, 0.6]","[0.2, 0.4, 0.4]",7.056999206542969,"{""webglm1"": -41.193369102477995, ""webglm2"": -40.18891162872311, ""webglm3"": -40.936949920654264}",webglm1,continuous_primal_dual_psd,6,40.9192125842667,40.91921258426663,7.105427357601002e-14,"[0.9999999999999962, 0.0, 3.71924713249426e-15]",primal=Optimization terminated successfully; dual=outer=Optimization terminated successfully; inner=Optimization terminated successfully,1,-497.46076204185823,497.46076204185823,,phi2_10x_licenseclean_contcert_20260504_ties_20260504_deep6_licenseclean,phi2_10x_licenseclean_contcert_20260504
ties,triple,webglm1+webglm2+webglm4,12.24631376266477,29.64630432128903,0,"[0.2, 0.2, 0.6]","[0.2, 0.2, 0.6]",0.0,"{""webglm1"": -29.542139244079557, ""webglm2"": -29.64630432128903, ""webglm4"": -26.193931770324674}",webglm2,continuous_primal_dual_psd,6,12.24631376266477,12.246313762664768,1.7763568394002505e-15,"[8.881784197001244e-16, 0.9999999999999991, 0.0]",primal=Optimization terminated successfully; dual=outer=Optimization terminated successfully; inner=Optimization terminated successfully,1,-381.0166126349856,381.1791939529276,,phi2_10x_licenseclean_contcert_20260504_ties_20260504_deep6_licenseclean,phi2_10x_licenseclean_contcert_20260504
ties,triple,webglm1+webglm2+webglm5,15.80434453592824,28.760889244079557,0,"[0.21034758237921214, 0.2, 0.5896524176207878]","[0.2, 0.2, 0.6]",0.0,"{""webglm1"": -24.750474166870085, ""webglm2"": -28.760889244079557, ""webglm5"": -20.937541198730436}",webglm2,continuous_primal_dual_psd,6,15.80434453592824,15.804344535928218,2.3092638912203256e-14,"[6.82787160144469e-15, 0.0, 0.9999999999999931]",primal=Optimization terminated successfully; dual=outer=Optimization terminated successfully; inner=Optimization terminated successfully,1,-253.8871377025696,253.88713770256962,,phi2_10x_licenseclean_contcert_20260504_ties_20260504_deep6_licenseclean,phi2_10x_licenseclean_contcert_20260504
ties,triple,webglm1+webglm2+webglm6,17.369607398805336,23.532536697387663,0,"[0.2, 0.2, 0.6]","[0.2, 0.2, 0.6]",0.0,"{""webglm1"": -16.414287757873502, ""webglm2"": -23.413494300842252, ""webglm6"": -23.532536697387663}",webglm6,continuous_primal_dual_psd,6,17.369607398805336,17.369607398805194,1.4210854715202004e-13,"[0.0, 0.9999999999999889, 1.1102230246251468e-14]",primal=Positive directional derivative for linesearch; dual=outer=Optimization terminated successfully; inner=Optimization terminated successfully,1,-380.29979993894233,380.2997999389424,,phi2_10x_licenseclean_contcert_20260504_ties_20260504_deep6_licenseclean,phi2_10x_licenseclean_contcert_20260504
ties,triple,webglm1+webglm2+webglm7,0.2700170413681231,22.167494964599577,0,"[0.2, 0.20000000000001422, 0.5999999999999858]","[0.2, 0.2, 0.6]",0.0,"{""webglm1"": -20.724037361144987, ""webglm2"": -22.167494964599577, ""webglm7"": -18.758037757873502}",webglm2,continuous_primal_dual_psd,6,0.2700170413681231,0.2700170413681231,0.0,"[1.0, 0.0, 0.0]",primal=Optimization terminated successfully; dual=outer=Optimization terminated successfully; inner=Optimization terminated successfully,1,-101.20788457799496,101.20788457799496,,phi2_10x_licenseclean_contcert_20260504_ties_20260504_deep6_licenseclean,phi2_10x_licenseclean_contcert_20260504
ties,triple,webglm1+webglm2+webglm8,30.438104343414295,12.394169044494596,0,"[0.2, 0.2, 0.6]","[0.2, 0.2, 0.6]",0.0,"{""webglm1"": -11.605456542968717, ""webglm2"": -12.394169044494596, ""webglm8"": -8.16052265167233}",webglm2,continuous_primal_dual_psd,6,30.438104343414295,30.438104343414295,0.0,"[0.0, 0.0, 1.0]",primal=Optimization terminated successfully; dual=outer=Optimization terminated successfully; inner=Optimization terminated successfully,1,-922.7904632611388,929.947615041285,,phi2_10x_licenseclean_contcert_20260504_ties_20260504_deep6_licenseclean,phi2_10x_licenseclean_contcert_20260504
ties,triple,webglm1+webglm2+webglm9,-4.423776197428623,-4.6840398788452475,1,"[0.20000000000002188, 0.2, 0.5999999999999781]","[0.2, 0.2, 0.6]",0.0,"{""webglm1"": 11.071368980407748, ""webglm2"": 7.431289482116732, ""webglm9"": 4.6840398788452475}",webglm9,continuous_primal_dual_psd,6,-4.423776197428623,-4.423776197428623,0.0,"[1.0, 0.0, 0.0]",primal=Optimization terminated successfully; dual=outer=Optimization terminated successfully; inner=Optimization terminated successfully,1,-612.5845655482474,615.8828135837526,,phi2_10x_licenseclean_contcert_20260504_ties_20260504_deep6_licenseclean,phi2_10x_licenseclean_contcert_20260504
ties,triple,webglm1+webglm3+webglm10,-5.152070666040919,6.351354789733854,0,"[0.2, 0.2, 0.6]","[0.2, 0.2, 0.6]",0.0,"{""webglm1"": -6.351354789733854, ""webglm10"": -5.6032926559447915, ""webglm3"": -5.902627182006803}",webglm1,continuous_primal_dual_psd,6,-5.152070666040919,-5.152070666040919,0.0,"[0.0, 0.0, 1.0]",primal=Optimization terminated successfully; dual=outer=Optimization terminated successfully; inner=Optimization terminated successfully,1,-128.4549995504112,128.45499955041117,,phi2_10x_licenseclean_contcert_20260504_ties_20260504_deep6_licenseclean,phi2_10x_licenseclean_contcert_20260504
ties,triple,webglm1+webglm3+webglm4,4.871654575166826,33.02772350311276,0,"[0.2, 0.25656869636721497, 0.543431303632785]","[0.4, 0.2, 0.4]",0.3605842590332031,"{""webglm1"": -33.02772350311276, ""webglm3"": -30.323389244079557, ""webglm4"": -29.64630432128903}",webglm1,continuous_primal_dual_psd,6,4.871654575166826,4.871654575166826,0.0,"[0.0, 1.0, 0.0]",primal=Optimization terminated successfully; dual=outer=Optimization terminated successfully; inner=Optimization terminated successfully,1,-28.2754536335255,28.27545363352549,,phi2_10x_licenseclean_contcert_20260504_ties_20260504_deep6_licenseclean,phi2_10x_licenseclean_contcert_20260504
ties,triple,webglm1+webglm3+webglm5,8.616022804915588,26.776602935790983,0,"[0.2693669044860006, 0.2, 0.5306330955139994]","[0.2, 0.2, 0.6]",0.0,"{""webglm1"": -25.63476867675778, ""webglm3"": -26.208809089660612, ""webglm5"": -26.776602935790983}",webglm5,continuous_primal_dual_psd,6,8.616022804915588,8.61602280491551,7.815970093361102e-14,"[0.7437449027263681, 0.2562550972736319, 0.0]",primal=Optimization terminated successfully; dual=outer=Optimization terminated successfully; inner=Optimization terminated successfully,1,-128.37073778551792,128.3707377855179,,phi2_10x_licenseclean_contcert_20260504_ties_20260504_deep6_licenseclean,phi2_10x_licenseclean_contcert_20260504
ties,triple,webglm1+webglm3+webglm6,15.957001559168189,17.61622734069821,0,"[0.20000000000006982, 0.20000000000009238, 0.5999999999998378]","[0.2, 0.2, 0.6]",0.0,"{""webglm1"": -17.61622734069821, ""webglm3"": -14.567330551147428, ""webglm6"": -12.677458000183073}",webglm1,continuous_primal_dual_psd,6,15.957001559168189,15.957001559168189,0.0,"[0.0, 0.0, 1.0]",primal=Optimization terminated successfully; dual=outer=Optimization terminated successfully; inner=Optimization terminated successfully,1,-339.08268587707505,339.08268587707505,,phi2_10x_licenseclean_contcert_20260504_ties_20260504_deep6_licenseclean,phi2_10x_licenseclean_contcert_20260504
ties,triple,webglm1+webglm3+webglm7,3.5229550210816654,20.543745231628385,0,"[0.2, 0.2, 0.6]","[0.2, 0.2, 0.6]",0.0,"{""webglm1"": -18.095830154418913, ""webglm3"": -18.233206939697233, ""webglm7"": -20.543745231628385}",webglm7,continuous_primal_dual_psd,6,3.5229550210816654,3.5229550210816654,0.0,"[1.0, 0.0, 0.0]",primal=Optimization terminated successfully; dual=outer=Optimization terminated successfully; inner=Optimization terminated successfully,1,-221.12153210298564,221.1215321029856,,phi2_10x_licenseclean_contcert_20260504_ties_20260504_deep6_licenseclean,phi2_10x_licenseclean_contcert_20260504
ties,triple,webglm1+webglm3+webglm8,-2.85801494056534,8.875373077392545,0,"[0.2, 0.23457762743550842, 0.5654223725644916]","[0.2, 0.2, 0.6]",0.0,"{""webglm1"": -2.9601842880248697, ""webglm3"": -3.92916507720944, ""webglm8"": -8.875373077392545}",webglm8,continuous_primal_dual_psd,6,-2.85801494056534,-2.858014940566582,1.241673430740775e-12,"[0.6527209807203487, 0.0, 0.3472790192796512]",primal=Optimization terminated successfully; dual=outer=Optimization terminated successfully; inner=Optimization terminated successfully,1,-118.39063338766452,118.39063338766452,,phi2_10x_licenseclean_contcert_20260504_ties_20260504_deep6_licenseclean,phi2_10x_licenseclean_contcert_20260504
ties,triple,webglm1+webglm3+webglm9,-14.251290233877338,-3.8844554901123374,1,"[0.20000000000006257, 0.2, 0.5999999999999375]","[0.2, 0.2, 0.6]",0.0,"{""webglm1"": 7.277318763732943, ""webglm3"": 3.8844554901123374, ""webglm9"": 6.8806856155395835}",webglm3,continuous_primal_dual_psd,6,-14.251290233877338,-14.251290233877338,0.0,"[0.0, 0.0, 1.0]",primal=Optimization terminated successfully; dual=outer=Optimization terminated successfully; inner=Optimization terminated successfully,1,-206.71769011137468,206.71769011137465,,phi2_10x_licenseclean_contcert_20260504_ties_20260504_deep6_licenseclean,phi2_10x_licenseclean_contcert_20260504
ties,triple,webglm1+webglm4+webglm10,7.269693225443847,5.3898126602172525,0,"[0.20000000000013793, 0.20000000000005685, 0.5999999999998052]","[0.2, 0.2, 0.6]",0.0,"{""webglm1"": -5.3898126602172525, ""webglm10"": -2.1177322387694986, ""webglm4"": 1.5910833358764975}",webglm1,continuous_primal_dual_psd,6,7.269693225443847,7.269693225443847,0.0,"[0.0, 1.0, 0.0]",primal=Optimization terminated successfully; dual=outer=Optimization terminated successfully; inner=Optimization terminated successfully,1,-480.5268799309337,480.52687993093366,,phi2_10x_licenseclean_contcert_20260504_ties_20260504_deep6_licenseclean,phi2_10x_licenseclean_contcert_20260504
ties,triple,webglm1+webglm4+webglm5,16.095624395104682,22.60420627593991,0,"[0.2, 0.2, 0.6]","[0.2, 0.2, 0.6]",0.0,"{""webglm1"": -16.551664543151823, ""webglm4"": -21.718791198730436, ""webglm5"": -22.60420627593991}",webglm5,continuous_primal_dual_psd,6,16.095624395104682,16.095624395104682,0.0,"[1.0, 0.0, 0.0]",primal=Optimization terminated successfully; dual=outer=Optimization terminated successfully; inner=Optimization terminated successfully,1,-325.11194879387494,325.11194879387494,,phi2_10x_licenseclean_contcert_20260504_ties_20260504_deep6_licenseclean,phi2_10x_licenseclean_contcert_20260504
ties,triple,webglm1+webglm4+webglm6,12.519600602761972,12.97910518646237,0,"[0.2, 0.2, 0.6]","[0.2, 0.4, 0.4]",1.3650178909301758,"{""webglm1"": -11.777165603637663, ""webglm4"": -12.97910518646237, ""webglm6"": -9.106019210815397}",webglm4,continuous_primal_dual_psd,6,12.519600602761972,12.519600602761972,0.0,"[1.0, 0.0, 0.0]",primal=Optimization terminated successfully; dual=outer=Optimization terminated successfully; inner=Optimization terminated successfully,1,-483.1490935829123,483.14909358291237,,phi2_10x_licenseclean_contcert_20260504_ties_20260504_deep6_licenseclean,phi2_10x_licenseclean_contcert_20260504
ties,triple,webglm1+webglm4+webglm7,-1.2118739433790857,23.067787361144987,0,"[0.2, 0.2299103245884696, 0.5700896754115303]","[0.2, 0.2, 0.6]",0.0,"{""webglm1"": -18.69678802490231, ""webglm4"": -22.167494964599577, ""webglm7"": -23.067787361144987}",webglm7,continuous_primal_dual_psd,6,-1.2118739433790857,-1.211873943380033,9.472422846101836e-13,"[0.6036546452133423, 0.3963453547866453, 1.2437235486287279e-14]",primal=Optimization terminated successfully; dual=outer=Optimization terminated successfully; inner=Optimization terminated successfully,1,-140.40776780427132,140.40776780427132,,phi2_10x_licenseclean_contcert_20260504_ties_20260504_deep6_licenseclean,phi2_10x_licenseclean_contcert_20260504
ties,triple,webglm1+webglm4+webglm8,0.22854567837883266,12.79766864776608,0,"[0.3040905907874513, 0.20000000000003196, 0.4959094092125167]","[0.2, 0.2, 0.6]",7.719182968139648,"{""webglm1"": -6.4532072067260415, ""webglm4"": -12.79766864776608, ""webglm8"": -9.269169044494596}",webglm4,continuous_primal_dual_psd,6,0.22854567837883266,0.22854567837883266,0.0,"[0.0, 0.0, 1.0]",primal=Optimization terminated successfully; dual=outer=Optimization terminated successfully; inner=Optimization terminated successfully,1,-475.370859732678,475.370859732678,,phi2_10x_licenseclean_contcert_20260504_ties_20260504_deep6_licenseclean,phi2_10x_licenseclean_contcert_20260504
ties,triple,webglm1+webglm4+webglm9,-5.52974038124087,-2.5096862792969077,1,"[0.2, 0.2, 0.6]","[0.2, 0.2, 0.6]",0.0,"{""webglm1"": 4.442498016357455, ""webglm4"": 6.854936408996615, ""webglm9"": 2.5096862792969077}",webglm9,continuous_primal_dual_psd,6,-5.52974038124087,-5.52974038124087,0.0,"[1.0, 0.0, 0.0]",primal=Optimization terminated successfully; dual=outer=Optimization terminated successfully; inner=Optimization terminated successfully,1,-307.93663281613215,307.9432955729487,,phi2_10x_licenseclean_contcert_20260504_ties_20260504_deep6_licenseclean,phi2_10x_licenseclean_contcert_20260504
ties,triple,webglm1+webglm5+webglm10,0.6543547630309661,5.6032926559447915,0,"[0.2, 0.2, 0.6]","[0.2, 0.2, 0.6]",0.0,"{""webglm1"": -5.6032926559447915, ""webglm10"": 3.12037162780765, ""webglm5"": -3.1124383926391275}",webglm1,continuous_primal_dual_psd,6,0.6543547630309661,0.6543547630309661,0.0,"[1.0, 0.0, 0.0]",primal=Optimization terminated successfully; dual=outer=Optimization terminated successfully; inner=Optimization terminated successfully,1,-335.9580478905662,340.5826949302034,,phi2_10x_licenseclean_contcert_20260504_ties_20260504_deep6_licenseclean,phi2_10x_licenseclean_contcert_20260504
ties,triple,webglm1+webglm5+webglm6,13.687512309587266,15.92266864776608,0,"[0.2, 0.2000000000000875, 0.5999999999999125]","[0.2, 0.2, 0.6]",0.0,"{""webglm1"": -10.11050052642819, ""webglm5"": -11.551669311523405, ""webglm6"": -15.92266864776608}",webglm6,continuous_primal_dual_psd,6,13.687512309587266,13.687512309587266,0.0,"[1.0, 0.0, 0.0]",primal=Optimization terminated successfully; dual=outer=Optimization terminated successfully; inner=Optimization terminated successfully,1,-390.22406632876124,390.2240663287613,,phi2_10x_licenseclean_contcert_20260504_ties_20260504_deep6_licenseclean,phi2_10x_licenseclean_contcert_20260504
ties,triple,webglm1+webglm5+webglm7,-1.1611293884669394,17.451956939697233,0,"[0.2, 0.3860042043593358, 0.41399579564066413]","[0.2, 0.4, 0.4]",0.0,"{""webglm1"": -15.27247734069821, ""webglm5"": -15.074995231628385, ""webglm7"": -17.451956939697233}",webglm7,continuous_primal_dual_psd,6,-1.1611293884669394,-1.161129388485813,1.8873569374022736e-11,"[0.0, 0.2534076457277378, 0.7465923542722622]",primal=Optimization terminated successfully; dual=outer=Optimization terminated successfully; inner=Optimization terminated successfully,1,-217.98436569362076,217.9843656936208,,phi2_10x_licenseclean_contcert_20260504_ties_20260504_deep6_licenseclean,phi2_10x_licenseclean_contcert_20260504
ties,triple,webglm1+webglm5+webglm8,11.45207926981766,5.646208000183073,0,"[0.2000000000000018, 0.20000000000000975, 0.5999999999999884]","[0.2, 0.2, 0.6]",0.0,"{""webglm1"": -4.883268547058073, ""webglm5"": -3.1124383926391275, ""webglm8"": -5.646208000183073}",webglm8,continuous_primal_dual_psd,6,11.45207926981766,11.452079269817553,1.0658141036401503e-13,"[0.9999999999999802, 1.9817480989558653e-14, 0.0]",primal=Optimization terminated successfully; dual=outer=Optimization terminated successfully; inner=Optimization terminated successfully,1,-418.4391581090596,418.4391581090596,,phi2_10x_licenseclean_contcert_20260504_ties_20260504_deep6_licenseclean,phi2_10x_licenseclean_contcert_20260504
ties,triple,webglm1+webglm5+webglm9,-4.6781593094115665,-4.88893680572513,1,"[0.2, 0.2, 0.6]","[0.2, 0.2, 0.6]",0.0,"{""webglm1"": 5.962082672119173, ""webglm5"": 8.597728538513216, ""webglm9"": 4.88893680572513}",webglm9,continuous_primal_dual_psd,6,-4.6781593094115665,-4.6781593094115665,0.0,"[1.0, 0.0, 0.0]",primal=Optimization terminated successfully; dual=outer=Optimization terminated successfully; inner=Optimization terminated successfully,1,-163.38755995967261,163.38755995967261,,phi2_10x_licenseclean_contcert_20260504_ties_20260504_deep6_licenseclean,phi2_10x_licenseclean_contcert_20260504
ties,triple,webglm1+webglm6+webglm10,-7.452927117490722,0.6313354492187173,0,"[0.2, 0.2, 0.6]","[0.2, 0.2, 0.6]",0.0,"{""webglm1"": -0.6313354492187173, ""webglm10"": -0.27077503204342435, ""webglm6"": 2.0117490768432944}",webglm1,continuous_primal_dual_psd,6,-7.452927117490722,-7.452927117490722,0.0,"[1.0, 0.0, 0.0]",primal=Optimization terminated successfully; dual=outer=Optimization terminated successfully; inner=Optimization terminated successfully,1,-218.25677325745835,218.25677325745838,,phi2_10x_licenseclean_contcert_20260504_ties_20260504_deep6_licenseclean,phi2_10x_licenseclean_contcert_20260504
ties,triple,webglm1+webglm6+webglm7,-6.321053054753282,11.399415206909147,0,"[0.2, 0.2, 0.6]","[0.2, 0.6, 0.2]",5.9249162673950195,"{""webglm1"": -11.399415206909147, ""webglm6"": -9.39791507720944, ""webglm7"": -7.586482238769499}",webglm1,continuous_primal_dual_psd,6,-6.321053054753282,-6.321053054753282,0.0,"[0.0, 0.0, 1.0]",primal=Optimization terminated successfully; dual=outer=Optimization terminated successfully; inner=Optimization terminated successfully,1,-169.6969474803191,169.6969474803191,,phi2_10x_licenseclean_contcert_20260504_ties_20260504_deep6_licenseclean,phi2_10x_licenseclean_contcert_20260504
ties,triple,webglm1+webglm6+webglm8,-1.8230839189538988,7.973936271667448,0,"[0.20000000000002843, 0.2000000000000009, 0.5999999999999707]","[0.2, 0.2, 0.6]",0.0,"{""webglm1"": -7.973936271667448, ""webglm6"": -0.28047866821285794, ""webglm8"": -5.449894142150846}",webglm1,continuous_primal_dual_psd,6,-1.8230839189538988,-1.8230839189538988,0.0,"[0.0, 0.0, 1.0]",primal=Optimization terminated successfully; dual=outer=Optimization terminated successfully; inner=Optimization terminated successfully,1,-57.21527104434307,57.21527104434306,,phi2_10x_licenseclean_contcert_20260504_ties_20260504_deep6_licenseclean,phi2_10x_licenseclean_contcert_20260504
ties,triple,webglm1+webglm6+webglm9,13.966015052807563,-7.336851882934603,1,"[0.20000000000004084, 0.2, 0.5999999999999591]","[0.2, 0.2, 0.6]",0.0,"{""webglm1"": 10.822436141967806, ""webglm6"": 13.792893218994173, ""webglm9"": 7.336851882934603}",webglm9,continuous_primal_dual_psd,6,13.966015052807563,13.966015052807563,0.0,"[0.0, 1.0, 0.0]",primal=Optimization terminated successfully; dual=outer=Optimization terminated successfully; inner=Optimization terminated successfully,1,-860.2299646049735,860.421806277909,,phi2_10x_licenseclean_contcert_20260504_ties_20260504_deep6_licenseclean,phi2_10x_licenseclean_contcert_20260504
ties,triple,webglm1+webglm7+webglm10,2.721143502895338,2.718690109252897,0,"[0.2, 0.2, 0.6]","[0.2, 0.2, 0.6]",0.0,"{""webglm1"": -2.013567161560026, ""webglm10"": -2.718690109252897, ""webglm7"": -0.22783584594723294}",webglm10,continuous_primal_dual_psd,6,2.721143502895338,2.721143502895207,1.3100631690576847e-13,"[0.0, 0.9999999999998888, 1.1129985821865956e-13]",primal=Optimization terminated successfully; dual=outer=Optimization terminated successfully; inner=Optimization terminated successfully,1,-444.6344554577309,444.6344554577309,,phi2_10x_licenseclean_contcert_20260504_ties_20260504_deep6_licenseclean,phi2_10x_licenseclean_contcert_20260504
ties,triple,webglm1+webglm7+webglm8,-0.6217356193562656,10.661080551147428,0,"[0.2, 0.2, 0.6]","[0.2, 0.2, 0.6]",0.0,"{""webglm1"": -7.939580154418913, ""webglm7"": -7.312873077392545, ""webglm8"": -10.661080551147428}",webglm8,continuous_primal_dual_psd,6,-0.6217356193562656,-0.6217356193562656,0.0,"[0.0, 1.0, 0.0]",primal=Optimization terminated successfully; dual=outer=Optimization terminated successfully; inner=Optimization terminated successfully,1,-184.99889979783623,184.99889979783623,,phi2_10x_licenseclean_contcert_20260504_ties_20260504_deep6_licenseclean,phi2_10x_licenseclean_contcert_20260504
ties,triple,webglm1+webglm7+webglm9,-10.927447605133082,-15.570589828491244,1,"[0.2, 0.2, 0.6]","[0.2, 0.2, 0.6]",0.0,"{""webglm1"": 15.570589828491244, ""webglm7"": 18.62005882263187, ""webglm9"": 16.275712776184115}",webglm1,continuous_primal_dual_psd,6,-10.927447605133082,-10.927447605133082,0.0,"[0.0, 1.0, 0.0]",primal=Optimization terminated successfully; dual=outer=Optimization terminated successfully; inner=Optimization terminated successfully,1,-312.3034637818803,314.82504642844117,,phi2_10x_licenseclean_contcert_20260504_ties_20260504_deep6_licenseclean,phi2_10x_licenseclean_contcert_20260504
ties,triple,webglm1+webglm8+webglm10,9.801459149184266,-2.40781002044681,1,"[0.2000000000001137, 0.2, 0.5999999999998863]","[0.2, 0.6, 0.2]",3.064894676208496,"{""webglm1"": 4.262205886840853, ""webglm10"": 2.40781002044681, ""webglm8"": 4.7183721542358725}",webglm10,continuous_primal_dual_psd,6,9.801459149184266,9.801459149184266,0.0,"[0.0, 1.0, 0.0]",primal=Optimization terminated successfully; dual=outer=Optimization terminated successfully; inner=Optimization terminated successfully,1,-593.5584642007329,593.5584642007329,,phi2_10x_licenseclean_contcert_20260504_ties_20260504_deep6_licenseclean,phi2_10x_licenseclean_contcert_20260504
ties,triple,webglm1+webglm8+webglm9,-13.76894373852983,-6.736442375183138,1,"[0.2000000000002347, 0.2, 0.5999999999997653]","[0.2, 0.2, 0.6]",0.0,"{""webglm1"": 8.195945549011263, ""webglm8"": 10.091540145874056, ""webglm9"": 6.736442375183138}",webglm9,continuous_primal_dual_psd,6,-13.76894373852983,-13.76894373852983,0.0,"[0.0, 1.0, 0.0]",primal=Optimization terminated successfully; dual=outer=Optimization terminated successfully; inner=Optimization terminated successfully,1,-180.47959223486012,180.47959223486012,,phi2_10x_licenseclean_contcert_20260504_ties_20260504_deep6_licenseclean,phi2_10x_licenseclean_contcert_20260504
ties,triple,webglm1+webglm9+webglm10,-26.708830813062903,-18.344756889343294,1,"[0.2, 0.6000000000000174, 0.19999999999998264]","[0.2, 0.4, 0.4]",1.2465953826904297,"{""webglm1"": 18.344756889343294, ""webglm10"": 22.95384101867679, ""webglm9"": 21.443983840942415}",webglm1,continuous_primal_dual_psd,6,-26.708830813062903,-26.708830813063763,8.597567102697212e-13,"[0.0, 1.0, 0.0]",primal=Optimization terminated successfully; dual=outer=Optimization terminated successfully; inner=Optimization terminated successfully,1,-65.12801556735869,65.1280155673587,,phi2_10x_licenseclean_contcert_20260504_ties_20260504_deep6_licenseclean,phi2_10x_licenseclean_contcert_20260504
ties,triple,webglm2+webglm3+webglm10,-7.315441894531303,5.902627182006803,0,"[0.2, 0.2, 0.6]","[0.2, 0.2, 0.6]",0.0,"{""webglm10"": -5.902627182006803, ""webglm2"": -4.8220426559447915, ""webglm3"": -4.71041507720944}",webglm10,continuous_primal_dual_psd,6,-7.315441894531303,-7.315441894531303,0.0,"[1.0, 0.0, 0.0]",primal=Optimization terminated successfully; dual=outer=Optimization terminated successfully; inner=Optimization terminated successfully,1,-117.95672991237623,117.95672991237622,,phi2_10x_licenseclean_contcert_20260504_ties_20260504_deep6_licenseclean,phi2_10x_licenseclean_contcert_20260504
ties,triple,webglm2+webglm3+webglm4,8.372026687089011,25.412681770324674,0,"[0.20000000000000068, 0.2, 0.5999999999999993]","[0.2, 0.2, 0.6]",0.0,"{""webglm2"": -23.969224166870085, ""webglm3"": -21.599748802185026, ""webglm4"": -25.412681770324674}",webglm4,continuous_primal_dual_psd,6,8.372026687089011,8.372026687089011,0.0,"[0.0, 1.0, 0.0]",primal=Optimization terminated successfully; dual=outer=Optimization terminated successfully; inner=Optimization terminated successfully,1,-223.4296917027334,223.4296917027334,,phi2_10x_licenseclean_contcert_20260504_ties_20260504_deep6_licenseclean,phi2_10x_licenseclean_contcert_20260504
ties,triple,webglm2+webglm3+webglm5,30.088141632080053,36.480119895935026,0,"[0.2, 0.2, 0.6]","[0.2, 0.2, 0.6]",0.0,"{""webglm2"": -36.480119895935026, ""webglm3"": -34.57534618377682, ""webglm5"": -34.017303657531706}",webglm2,continuous_primal_dual_psd,6,30.088141632080053,30.08814163208002,3.197442310920451e-14,"[0.9999999999999947, 0.0, 5.384581669431981e-15]",primal=Optimization terminated successfully; dual=outer=Optimization terminated successfully; inner=Optimization terminated successfully,1,-477.7307952001081,483.5786187445403,,phi2_10x_licenseclean_contcert_20260504_ties_20260504_deep6_licenseclean,phi2_10x_licenseclean_contcert_20260504
ties,triple,webglm2+webglm3+webglm6,-0.6630055989138071,14.042499732971159,0,"[0.20000000000004647, 0.2, 0.5999999999999535]","[0.2, 0.2, 0.6]",0.0,"{""webglm2"": -14.042499732971159, ""webglm3"": -9.808877182006803, ""webglm6"": -10.633042526245085}",webglm2,continuous_primal_dual_psd,6,-0.6630055989138071,-0.6630055989138071,0.0,"[0.0, 0.0, 1.0]",primal=Optimization terminated successfully; dual=outer=Optimization terminated successfully; inner=Optimization terminated successfully,1,-346.5384874768314,346.5384874768314,,phi2_10x_licenseclean_contcert_20260504_ties_20260504_deep6_licenseclean,phi2_10x_licenseclean_contcert_20260504
ties,triple,webglm2+webglm3+webglm7,9.116175842285429,15.78529186248776,0,"[0.20000000000000204, 0.20000000000000034, 0.5999999999999976]","[0.2, 0.2, 0.6]",0.0,"{""webglm2"": -7.62939758300778, ""webglm3"": -15.78529186248776, ""webglm7"": -7.525232505798307}",webglm3,continuous_primal_dual_psd,6,9.116175842285429,9.116175842285429,0.0,"[0.0, 0.0, 1.0]",primal=Optimization terminated successfully; dual=outer=Optimization terminated successfully; inner=Optimization terminated successfully,1,-249.06662194482277,250.23139798627332,,phi2_10x_licenseclean_contcert_20260504_ties_20260504_deep6_licenseclean,phi2_10x_licenseclean_contcert_20260504
ties,triple,webglm2+webglm3+webglm8,2.267538351261134,12.195542526245085,0,"[0.2, 0.20152303139756103, 0.5984769686024389]","[0.2, 0.2, 0.6]",0.0,"{""webglm2"": -6.280377578735319, ""webglm3"": -8.333376121520963, ""webglm8"": -12.195542526245085}",webglm8,continuous_primal_dual_psd,6,2.267538351261134,2.267538349744843,1.5162910926846962e-09,"[0.6494345661501582, 0.3505654338498409, 8.895494522961821e-16]",primal=Positive directional derivative for linesearch; dual=outer=Optimization terminated successfully; inner=Optimization terminated successfully,1,-48.372603209568176,48.37260320956819,,phi2_10x_licenseclean_contcert_20260504_ties_20260504_deep6_licenseclean,phi2_10x_licenseclean_contcert_20260504
ties,triple,webglm2+webglm3+webglm9,-13.013637124675192,-8.212539482116732,1,"[0.2, 0.2, 0.6]","[0.2, 0.2, 0.6]",0.0,"{""webglm2"": 10.033747482299837, ""webglm3"": 13.742539215087923, ""webglm9"": 8.212539482116732}",webglm9,continuous_primal_dual_psd,6,-13.013637124675192,-13.013637124675192,0.0,"[0.0, 0.0, 1.0]",primal=Optimization terminated successfully; dual=outer=Optimization terminated successfully; inner=Optimization terminated successfully,1,-319.47272588856515,340.948481571544,,phi2_10x_licenseclean_contcert_20260504_ties_20260504_deep6_licenseclean,phi2_10x_licenseclean_contcert_20260504
ties,triple,webglm2+webglm4+webglm10,-7.521046255936259,7.389000129699674,0,"[0.200000000000449, 0.38458516736742976, 0.4154148326321212]","[0.2, 0.2, 0.6]",1.5293121337890625,"{""webglm10"": -3.784397315978971, ""webglm2"": -7.389000129699674, ""webglm4"": -5.826500129699674}",webglm2,continuous_primal_dual_psd,6,-7.521046255936259,-7.521046255937062,8.029132914089132e-13,"[0.24402662555451174, 0.7559733744454873, 1.0348159254532024e-15]",primal=Optimization terminated successfully; dual=outer=Optimization terminated successfully; inner=Optimization terminated successfully,0,31.19213717013071,0.0,,phi2_10x_licenseclean_contcert_20260504_ties_20260504_deep6_licenseclean,phi2_10x_licenseclean_contcert_20260504
ties,triple,webglm2+webglm4+webglm5,22.65955177206909,26.417139244079557,0,"[0.20000000000000692, 0.2, 0.5999999999999931]","[0.4, 0.4, 0.2]",5.966711044311523,"{""webglm2"": -26.417139244079557, ""webglm4"": -26.298096847534147, ""webglm5"": -26.160743904113737}",webglm2,continuous_primal_dual_psd,6,22.65955177206909,22.65955177206909,0.0,"[0.0, 1.0, 0.0]",primal=Optimization terminated successfully; dual=outer=Optimization terminated successfully; inner=Optimization terminated successfully,1,-331.0281946516411,331.0281946516411,,phi2_10x_licenseclean_contcert_20260504_ties_20260504_deep6_licenseclean,phi2_10x_licenseclean_contcert_20260504
ties,triple,webglm2+webglm4+webglm6,7.08700127601621,13.819292259216276,0,"[0.2, 0.2, 0.6]","[0.2, 0.4, 0.4]",1.7524957656860352,"{""webglm2"": -11.896208000183073, ""webglm4"": -5.843690109252897, ""webglm6"": -13.819292259216276}",webglm6,continuous_primal_dual_psd,6,7.08700127601621,7.087001276016204,5.329070518200751e-15,"[2.2204460492503103e-15, 0.0, 0.9999999999999978]",primal=Optimization terminated successfully; dual=outer=Optimization terminated successfully; inner=Optimization terminated successfully,1,-449.52931160124524,449.58062271552217,,phi2_10x_licenseclean_contcert_20260504_ties_20260504_deep6_licenseclean,phi2_10x_licenseclean_contcert_20260504
ties,triple,webglm2+webglm4+webglm7,-0.8585236544880246,17.13428802490231,0,"[0.22077023132873339, 0.20000000000001422, 0.5792297686712524]","[0.2, 0.2, 0.6]",0.0,"{""webglm2"": -17.13428802490231, ""webglm4"": -15.168312263488737, ""webglm7"": -12.463978004455534}",webglm2,continuous_primal_dual_psd,6,-0.8585236544880246,-0.8585236544886249,6.002975894148221e-13,"[0.5604515437163178, 1.007359574983084e-14, 0.43954845628367223]",primal=Optimization terminated successfully; dual=outer=Optimization terminated successfully; inner=Optimization terminated successfully,1,-317.07533695951474,317.07533695951474,,phi2_10x_licenseclean_contcert_20260504_ties_20260504_deep6_licenseclean,phi2_10x_licenseclean_contcert_20260504
ties,triple,webglm2+webglm4+webglm8,12.895640802394638,10.437873077392545,0,"[0.2, 0.2000000000000583, 0.5999999999999417]","[0.2, 0.2, 0.6]",0.0,"{""webglm2"": -9.758499336242643, ""webglm4"": -9.689834785461393, ""webglm8"": -10.437873077392545}",webglm8,continuous_primal_dual_psd,6,12.895640802394638,12.895640802394638,0.0,"[0.0, 0.0, 1.0]",primal=Optimization terminated successfully; dual=outer=Optimization terminated successfully; inner=Optimization terminated successfully,1,-470.46911291283504,470.48940067174397,,phi2_10x_licenseclean_contcert_20260504_ties_20260504_deep6_licenseclean,phi2_10x_licenseclean_contcert_20260504
ties,triple,webglm2+webglm4+webglm9,-18.822073073485853,-6.631728935241732,1,"[0.2, 0.2, 0.6]","[0.2, 0.2, 0.6]",0.0,"{""webglm2"": 8.229705619812044, ""webglm4"": 10.30730895996097, ""webglm9"": 6.631728935241732}",webglm9,continuous_primal_dual_psd,6,-18.822073073485853,-18.822073073485853,0.0,"[1.0, 0.0, 0.0]",primal=Optimization terminated successfully; dual=outer=Optimization terminated successfully; inner=Optimization terminated successfully,1,-230.9352442472661,230.93524424726613,,phi2_10x_licenseclean_contcert_20260504_ties_20260504_deep6_licenseclean,phi2_10x_licenseclean_contcert_20260504
ties,triple,webglm2+webglm5+webglm10,2.3594911652403967,7.493165206909147,0,"[0.2, 0.2, 0.6]","[0.2, 0.2, 0.6]",0.0,"{""webglm10"": -2.5973350524902017, ""webglm2"": -7.493165206909147, ""webglm5"": -4.264000129699674}",webglm2,continuous_primal_dual_psd,6,2.3594911652403967,2.3594911652403967,0.0,"[0.0, 0.0, 1.0]",primal=Optimization terminated successfully; dual=outer=Optimization terminated successfully; inner=Optimization terminated successfully,1,-63.09695901589717,63.09695901589717,,phi2_10x_licenseclean_contcert_20260504_ties_20260504_deep6_licenseclean,phi2_10x_licenseclean_contcert_20260504
ties,triple,webglm2+webglm5+webglm6,1.3421695792121149,16.87903709411618,0,"[0.2, 0.2809868186024006, 0.5190131813975993]","[0.2, 0.2, 0.6]",0.0,"{""webglm2"": -13.59720535278317, ""webglm5"": -16.87903709411618, ""webglm6"": -15.770414543151823}",webglm5,continuous_primal_dual_psd,6,1.3421695792121149,1.3421695792121149,0.0,"[0.0, 1.0, 0.0]",primal=Optimization terminated successfully; dual=outer=Optimization terminated successfully; inner=Optimization terminated successfully,1,-197.01728732658296,197.01728732658296,,phi2_10x_licenseclean_contcert_20260504_ties_20260504_deep6_licenseclean,phi2_10x_licenseclean_contcert_20260504
ties,triple,webglm2+webglm5+webglm7,1.4880477054467065,17.238453102111784,0,"[0.2, 0.2, 0.6]","[0.2, 0.2, 0.6]",0.0,"{""webglm2"": -17.238453102111784, ""webglm5"": -14.344123077392545, ""webglm7"": -16.652396392822233}",webglm2,continuous_primal_dual_psd,6,1.4880477054467065,1.4880477054467065,0.0,"[0.0, 1.0, 0.0]",primal=Optimization terminated successfully; dual=outer=Optimization terminated successfully; inner=Optimization terminated successfully,1,-230.3215766649563,230.32157666495624,,phi2_10x_licenseclean_contcert_20260504_ties_20260504_deep6_licenseclean,phi2_10x_licenseclean_contcert_20260504
ties,triple,webglm2+webglm5+webglm8,24.416491460800152,14.671495628356901,0,"[0.2, 0.2, 0.6]","[0.2, 0.2, 0.6]",0.0,"{""webglm2"": -14.671495628356901, ""webglm5"": -12.180665206909147, ""webglm8"": -10.618165206909147}",webglm2,continuous_primal_dual_psd,6,24.416491460800152,24.416491460800152,0.0,"[0.0, 0.0, 1.0]",primal=Optimization terminated successfully; dual=outer=Optimization terminated successfully; inner=Optimization terminated successfully,1,-475.3218556885822,483.78010412144107,,phi2_10x_licenseclean_contcert_20260504_ties_20260504_deep6_licenseclean,phi2_10x_licenseclean_contcert_20260504
ties,triple,webglm2+webglm5+webglm9,-5.429292276669181,-4.072186279296908,1,"[0.2, 0.2, 0.6]","[0.2, 0.2, 0.6]",0.0,"{""webglm2"": 6.45143680572513, ""webglm5"": 4.072186279296908, ""webglm9"": 11.551019477844271}",webglm5,continuous_primal_dual_psd,6,-5.429292276669181,-5.429292276669181,0.0,"[1.0, 0.0, 0.0]",primal=Optimization terminated successfully; dual=outer=Optimization terminated successfully; inner=Optimization terminated successfully,1,-321.0113391890716,321.0113391890716,,phi2_10x_licenseclean_contcert_20260504_ties_20260504_deep6_licenseclean,phi2_10x_licenseclean_contcert_20260504
ties,triple,webglm2+webglm6+webglm10,-8.324713177601076,6.891062927246061,0,"[0.2, 0.2, 0.6]","[0.2, 0.4, 0.4]",0.6021022796630859,"{""webglm10"": -6.891062927246061, ""webglm2"": -2.0993978500365884, ""webglm6"": -6.7267925262450845}",webglm10,continuous_primal_dual_psd,6,-8.324713177601076,-8.324713177601076,0.0,"[0.0, 1.0, 0.0]",primal=Optimization terminated successfully; dual=outer=Optimization terminated successfully; inner=Optimization terminated successfully,1,-197.1892110803642,197.1892110803642,,phi2_10x_licenseclean_contcert_20260504_ties_20260504_deep6_licenseclean,phi2_10x_licenseclean_contcert_20260504
ties,triple,webglm2+webglm6+webglm7,15.15818543434142,11.038854789733854,0,"[0.2, 0.2, 0.6]","[0.2, 0.6, 0.2]",3.9319753646850586,"{""webglm2"": -7.809689712524381, ""webglm6"": -7.776478004455534, ""webglm7"": -11.038854789733854}",webglm7,continuous_primal_dual_psd,6,15.15818543434142,15.15818543434142,0.0,"[0.0, 1.0, 0.0]",primal=Optimization terminated successfully; dual=outer=Optimization terminated successfully; inner=Optimization terminated successfully,1,-724.6999383510945,733.0494465676551,,phi2_10x_licenseclean_contcert_20260504_ties_20260504_deep6_licenseclean,phi2_10x_licenseclean_contcert_20260504
ties,triple,webglm2+webglm6+webglm8,5.633790380467128,8.976128768920866,0,"[0.2, 0.3848241911145647, 0.41517580888543537]","[0.2, 0.6, 0.2]",1.0399341583251953,"{""webglm2"": -8.976128768920866, ""webglm6"": -5.749228668212858, ""webglm8"": -6.924274635314909}",webglm2,continuous_primal_dual_psd,6,5.633790380467128,5.633790380467128,0.0,"[0.0, 1.0, 0.0]",primal=Optimization terminated successfully; dual=outer=Optimization terminated successfully; inner=Optimization terminated successfully,1,-345.78479599108255,345.78479599108255,,phi2_10x_licenseclean_contcert_20260504_ties_20260504_deep6_licenseclean,phi2_10x_licenseclean_contcert_20260504
ties,triple,webglm2+webglm6+webglm9,-19.39430527686514,-9.741851615905794,1,"[0.2000000000000047, 0.2000000000000335, 0.5999999999999618]","[0.2, 0.2, 0.6]",0.0,"{""webglm2"": 13.210818099975619, ""webglm6"": 9.741851615905794, ""webglm9"": 17.843934822082552}",webglm6,continuous_primal_dual_psd,6,-19.39430527686514,-19.39430527686514,0.0,"[0.0, 0.0, 1.0]",primal=Optimization terminated successfully; dual=outer=Optimization terminated successfully; inner=Optimization terminated successfully,1,-267.22893504100585,269.9773173330536,,phi2_10x_licenseclean_contcert_20260504_ties_20260504_deep6_licenseclean,phi2_10x_licenseclean_contcert_20260504
ties,triple,webglm2+webglm7+webglm10,1.277076290981677,2.856019210815397,0,"[0.2, 0.20000000000002444, 0.5999999999999756]","[0.2, 0.2, 0.6]",0.0,"{""webglm10"": -2.856019210815397, ""webglm2"": 1.3850419998169272, ""webglm7"": 0.07149868011477878}",webglm10,continuous_primal_dual_psd,6,1.277076290981677,1.277076290981677,0.0,"[0.0, 1.0, 0.0]",primal=Optimization terminated successfully; dual=outer=Optimization terminated successfully; inner=Optimization terminated successfully,1,-278.5356684498746,278.5356684498746,,phi2_10x_licenseclean_contcert_20260504_ties_20260504_deep6_licenseclean,phi2_10x_licenseclean_contcert_20260504
ties,triple,webglm2+webglm7+webglm8,8.519046961436185,7.061627578735319,0,"[0.2, 0.2, 0.6]","[0.2, 0.2, 0.6]",0.0,"{""webglm2"": -6.023982238769499, ""webglm7"": -6.092622947692838, ""webglm8"": -7.061627578735319}",webglm8,continuous_primal_dual_psd,6,8.519046961436185,8.519046961436185,0.0,"[0.0, 1.0, 0.0]",primal=Optimization terminated successfully; dual=outer=Optimization terminated successfully; inner=Optimization terminated successfully,1,-500.9860843626899,500.9860843626899,,phi2_10x_licenseclean_contcert_20260504_ties_20260504_deep6_licenseclean,phi2_10x_licenseclean_contcert_20260504
ties,triple,webglm2+webglm7+webglm9,-24.66612317670385,-13.640066909790072,1,"[0.2, 0.2570217073627261, 0.5429782926372739]","[0.2, 0.2, 0.6]",0.0,"{""webglm2"": 16.791436004638705, ""webglm7"": 14.138600158691439, ""webglm9"": 13.640066909790072}",webglm9,continuous_primal_dual_psd,6,-24.66612317670385,-24.66612317670385,0.0,"[0.0, 0.0, 1.0]",primal=Optimization terminated successfully; dual=outer=Optimization terminated successfully; inner=Optimization terminated successfully,1,-109.02590040070845,109.02590040070847,,phi2_10x_licenseclean_contcert_20260504_ties_20260504_deep6_licenseclean,phi2_10x_licenseclean_contcert_20260504
ties,triple,webglm2+webglm8+webglm10,-8.425180483777641,4.245689582824674,0,"[0.2000000000005504, 0.2929905842559421, 0.5070094157435074]","[0.2, 0.6, 0.2]",1.4005184173583984,"{""webglm10"": -4.245689582824674, ""webglm2"": 0.03831081390384128, ""webglm8"": -4.134085845947233}",webglm10,continuous_primal_dual_psd,6,-8.425180483777641,-8.425180483793056,1.5415224652315374e-11,"[0.5102315176072675, 0.48976848239273246, 0.0]",primal=Optimization terminated successfully; dual=outer=Optimization terminated successfully; inner=Optimization terminated successfully,1,-7.3407512634696666,7.340751263469668,,phi2_10x_licenseclean_contcert_20260504_ties_20260504_deep6_licenseclean,phi2_10x_licenseclean_contcert_20260504
ties,triple,webglm2+webglm8+webglm9,-5.864609034031563,-3.480955886840853,1,"[0.2, 0.2, 0.6]","[0.2, 0.4, 0.4]",0.9334802627563477,"{""webglm2"": 4.348060417175326, ""webglm8"": 6.968828964233431, ""webglm9"": 3.480955886840853}",webglm9,continuous_primal_dual_psd,6,-5.864609034031563,-5.864609034031563,0.0,"[1.0, 0.0, 0.0]",primal=Optimization terminated successfully; dual=outer=Optimization terminated successfully; inner=Optimization terminated successfully,1,-481.5601287767715,481.56012877677153,,phi2_10x_licenseclean_contcert_20260504_ties_20260504_deep6_licenseclean,phi2_10x_licenseclean_contcert_20260504
ties,triple,webglm2+webglm9+webglm10,-23.904801694650473,-18.731090354919466,1,"[0.20000000000000004, 0.5639170413367354, 0.23608295866326456]","[0.2, 0.6, 0.2]",0.0,"{""webglm10"": 21.11031703948978, ""webglm2"": 22.28533916473392, ""webglm9"": 18.731090354919466}",webglm9,continuous_primal_dual_psd,6,-23.904801694650473,-23.904801696550777,1.9003039142262423e-09,"[0.2761524406411737, 7.73849359771758e-17, 0.7238475593588263]",primal=Positive directional derivative for linesearch; dual=outer=Optimization terminated successfully; inner=Optimization terminated successfully,1,-64.67801707019987,64.67801707019987,,phi2_10x_licenseclean_contcert_20260504_ties_20260504_deep6_licenseclean,phi2_10x_licenseclean_contcert_20260504
ties,triple,webglm3+webglm4+webglm10,2.7643476029125367,2.7015001296996743,0,"[0.2, 0.2, 0.6]","[0.2, 0.2, 0.6]",0.0,"{""webglm10"": -1.2752325057983072, ""webglm3"": 2.341434288024935, ""webglm4"": -2.7015001296996743}",webglm4,continuous_primal_dual_psd,6,2.7643476029125367,2.7643476029125367,0.0,"[0.0, 1.0, 0.0]",primal=Optimization terminated successfully; dual=outer=Optimization terminated successfully; inner=Optimization terminated successfully,1,-308.4974320145959,308.49743201459586,,phi2_10x_licenseclean_contcert_20260504_ties_20260504_deep6_licenseclean,phi2_10x_licenseclean_contcert_20260504
ties,triple,webglm3+webglm4+webglm5,13.16880009339923,31.044557762145963,0,"[0.20000000000001195, 0.23312113189864422, 0.5668788681013438]","[0.2, 0.4, 0.4]",2.20639705657959,"{""webglm3"": -29.988578033447233, ""webglm4"": -31.044557762145963, ""webglm5"": -27.079346847534147}",webglm4,continuous_primal_dual_psd,6,13.16880009339923,13.168800093398989,2.4158453015843406e-13,"[0.18942458479519417, 0.8105754152048058, 2.5041330244057454e-17]",primal=Optimization terminated successfully; dual=outer=Optimization terminated successfully; inner=Optimization terminated successfully,1,-273.59538860669045,273.59538860669045,,phi2_10x_licenseclean_contcert_20260504_ties_20260504_deep6_licenseclean,phi2_10x_licenseclean_contcert_20260504
ties,triple,webglm3+webglm4+webglm6,-1.2120451674900297,7.601359558105436,0,"[0.2, 0.2, 0.6]","[0.2, 0.2, 0.6]",0.0,"{""webglm3"": -2.355817031860319, ""webglm4"": -2.355817031860319, ""webglm6"": -7.601359558105436}",webglm6,continuous_primal_dual_psd,6,-1.2120451674900297,-1.2120451674900297,0.0,"[0.0, 1.0, 0.0]",primal=Optimization terminated successfully; dual=outer=Optimization terminated successfully; inner=Optimization terminated successfully,1,-291.4310701209883,291.43107012098824,,phi2_10x_licenseclean_contcert_20260504_ties_20260504_deep6_licenseclean,phi2_10x_licenseclean_contcert_20260504
ties,triple,webglm3+webglm4+webglm7,0.23410191501194877,18.413499069213835,0,"[0.2, 0.25233162160166184, 0.5476683783983382]","[0.2, 0.4, 0.4]",3.1679153442382812,"{""webglm3"": -18.413499069213835, ""webglm4"": -13.819292259216276, ""webglm7"": -17.751291465759245}",webglm3,continuous_primal_dual_psd,6,0.23410191501194877,0.23410191501194877,0.0,"[0.0, 1.0, 0.0]",primal=Optimization terminated successfully; dual=outer=Optimization terminated successfully; inner=Optimization terminated successfully,1,-108.68093819476023,108.68093819476023,,phi2_10x_licenseclean_contcert_20260504_ties_20260504_deep6_licenseclean,phi2_10x_licenseclean_contcert_20260504
ties,triple,webglm3+webglm4+webglm8,-4.327984328603393,10.283330154418913,0,"[0.2, 0.2, 0.6]","[0.2, 0.2, 0.6]",0.0,"{""webglm3"": -5.67941970825192, ""webglm4"": -8.728292655944792, ""webglm8"": -10.283330154418913}",webglm8,continuous_primal_dual_psd,6,-4.327984328603393,-4.327984328603393,0.0,"[1.0, 0.0, 0.0]",primal=Optimization terminated successfully; dual=outer=Optimization terminated successfully; inner=Optimization terminated successfully,1,-176.7506227350842,176.75062273508425,,phi2_10x_licenseclean_contcert_20260504_ties_20260504_deep6_licenseclean,phi2_10x_licenseclean_contcert_20260504
ties,triple,webglm3+webglm4+webglm9,-2.010006576844064,-2.4667709350586264,1,"[0.2, 0.2, 0.6]","[0.2, 0.2, 0.6]",0.0,"{""webglm3"": 2.4667709350586264, ""webglm4"": 3.309270668029818, ""webglm9"": 4.9759357452392905}",webglm3,continuous_primal_dual_psd,6,-2.010006576844064,-2.010006576844064,0.0,"[0.0, 1.0, 0.0]",primal=Optimization terminated successfully; dual=outer=Optimization terminated successfully; inner=Optimization terminated successfully,1,-339.5442627810684,339.5442627810684,,phi2_10x_licenseclean_contcert_20260504_ties_20260504_deep6_licenseclean,phi2_10x_licenseclean_contcert_20260504
ties,triple,webglm3+webglm5+webglm10,4.65921883018198,8.951500129699674,0,"[0.2, 0.2, 0.6]","[0.2, 0.4, 0.4]",0.5837917327880859,"{""webglm10"": -7.5080425262450845, ""webglm3"": -8.393457603454557, ""webglm5"": -8.951500129699674}",webglm5,continuous_primal_dual_psd,6,4.65921883018198,4.65921883018198,0.0,"[0.0, 0.0, 1.0]",primal=Optimization terminated successfully; dual=outer=Optimization terminated successfully; inner=Optimization terminated successfully,1,-442.88428551529233,442.88428551529233,,phi2_10x_licenseclean_contcert_20260504_ties_20260504_deep6_licenseclean,phi2_10x_licenseclean_contcert_20260504
ties,triple,webglm3+webglm5+webglm6,-1.892096286506547,13.639000129699674,0,"[0.28804421962191534, 0.2, 0.5119557803780846]","[0.2, 0.2, 0.6]",0.0,"{""webglm3"": -8.728292655944792, ""webglm5"": -13.639000129699674, ""webglm6"": -4.433420372009245}",webglm5,continuous_primal_dual_psd,6,-1.892096286506547,-1.8920962865065636,1.6653345369377348e-14,"[0.0, 0.8101743963682999, 0.18982560363170017]",primal=Optimization terminated successfully; dual=outer=Optimization terminated successfully; inner=Optimization terminated successfully,1,-71.67242969996386,71.67242969996387,,phi2_10x_licenseclean_contcert_20260504_ties_20260504_deep6_licenseclean,phi2_10x_licenseclean_contcert_20260504
ties,triple,webglm3+webglm5+webglm7,-2.286081559897106,15.828207206726042,0,"[0.28524336835499664, 0.214435454676786, 0.5003211769682173]","[0.2, 0.2, 0.6]",0.0,"{""webglm3"": -14.10374946594235, ""webglm5"": -15.828207206726042, ""webglm7"": -14.790538024902311}",webglm5,continuous_primal_dual_psd,6,-2.286081559897106,-2.286081559898134,1.028066520802895e-12,"[0.8472681379275986, 5.321060974651515e-18, 0.1527318620724015]",primal=Optimization terminated successfully; dual=outer=Optimization terminated successfully; inner=Optimization terminated successfully,1,-191.41150417473955,191.4115041747395,,phi2_10x_licenseclean_contcert_20260504_ties_20260504_deep6_licenseclean,phi2_10x_licenseclean_contcert_20260504
ties,triple,webglm3+webglm5+webglm8,-2.9296743036933144,10.874584388732877,0,"[0.26343592758759, 0.28279912310285377, 0.45376494930955624]","[0.2, 0.2, 0.6]",7.538914680480957,"{""webglm3"": -9.913042259216276, ""webglm5"": -10.874584388732877, ""webglm8"": -8.119872283935514}",webglm5,continuous_primal_dual_psd,6,-2.9296743036933144,-2.9296743036933472,3.2862601528904634e-14,"[7.078219784530544e-16, 0.7184858881476895, 0.2815141118523098]",primal=Optimization terminated successfully; dual=outer=Optimization terminated successfully; inner=Optimization terminated successfully,0,49.9667243185701,0.0,,phi2_10x_licenseclean_contcert_20260504_ties_20260504_deep6_licenseclean,phi2_10x_licenseclean_contcert_20260504
ties,triple,webglm3+webglm5+webglm9,-1.7199349487964,3.208020401000944,0,"[0.2000000000000488, 0.2, 0.5999999999999512]","[0.2, 0.2, 0.6]",0.0,"{""webglm3"": 4.665705490112337, ""webglm5"": -0.6410629272460611, ""webglm9"": -3.208020401000944}",webglm9,continuous_primal_dual_psd,6,-1.7199349487964,-1.7199349487964,0.0,"[0.0, 1.0, 0.0]",primal=Optimization terminated successfully; dual=outer=Optimization terminated successfully; inner=Optimization terminated successfully,1,-262.9838879692408,262.9838879692408,,phi2_10x_licenseclean_contcert_20260504_ties_20260504_deep6_licenseclean,phi2_10x_licenseclean_contcert_20260504
ties,triple,webglm3+webglm6+webglm10,8.395191963205995,0.27077503204342435,0,"[0.2, 0.20000000000001342, 0.5999999999999865]","[0.2, 0.2, 0.6]",0.0,"{""webglm10"": 1.5761821746826499, ""webglm3"": -0.27077503204342435, ""webglm6"": 2.048942375183138}",webglm3,continuous_primal_dual_psd,6,8.395191963205995,8.395191963205995,0.0,"[0.0, 0.0, 1.0]",primal=Optimization terminated successfully; dual=outer=Optimization terminated successfully; inner=Optimization terminated successfully,1,-563.2590977287235,563.2590977287235,,phi2_10x_licenseclean_contcert_20260504_ties_20260504_deep6_licenseclean,phi2_10x_licenseclean_contcert_20260504
ties,triple,webglm3+webglm6+webglm7,8.542330609425626,6.881335449218717,0,"[0.20000000000000323, 0.2, 0.5999999999999968]","[0.2, 0.6, 0.2]",5.41837215423584,"{""webglm3"": 0.39887123107913425, ""webglm6"": -0.46820945739742825, ""webglm7"": -6.881335449218717}",webglm7,continuous_primal_dual_psd,6,8.542330609425626,8.542330609425626,0.0,"[0.0, 1.0, 0.0]",primal=Optimization terminated successfully; dual=outer=Optimization terminated successfully; inner=Optimization terminated successfully,1,-523.3550975788983,523.3550975788983,,phi2_10x_licenseclean_contcert_20260504_ties_20260504_deep6_licenseclean,phi2_10x_licenseclean_contcert_20260504
ties,triple,webglm3+webglm6+webglm8,14.331314039230321,10.016062927246061,0,"[0.2, 0.2, 0.6]","[0.2, 0.4, 0.4]",1.5195846557617188,"{""webglm3"": -10.016062927246061, ""webglm6"": -5.371478271484342, ""webglm8"": -9.294894409179655}",webglm3,continuous_primal_dual_psd,6,14.331314039230321,14.331314039230321,0.0,"[1.0, 0.0, 0.0]",primal=Optimization terminated successfully; dual=outer=Optimization terminated successfully; inner=Optimization terminated successfully,1,-465.1045039800723,465.5184153362099,,phi2_10x_licenseclean_contcert_20260504_ties_20260504_deep6_licenseclean,phi2_10x_licenseclean_contcert_20260504
ties,triple,webglm3+webglm6+webglm9,-10.729245524504131,-9.587332534790072,1,"[0.2, 0.2, 0.6]","[0.2, 0.2, 0.6]",0.0,"{""webglm3"": 9.912988471984896, ""webglm6"": 9.587332534790072, ""webglm9"": 10.007402229309115}",webglm6,continuous_primal_dual_psd,6,-10.729245524504131,-10.729245524504131,0.0,"[0.0, 1.0, 0.0]",primal=Optimization terminated successfully; dual=outer=Optimization terminated successfully; inner=Optimization terminated successfully,1,-402.34824733155773,402.34824733155773,,phi2_10x_licenseclean_contcert_20260504_ties_20260504_deep6_licenseclean,phi2_10x_licenseclean_contcert_20260504
ties,triple,webglm3+webglm7+webglm10,-10.602501508877832,0.49398250579830716,0,"[0.20000000000000356, 0.20455236031130966, 0.5954476396886867]","[0.2, 0.2, 0.6]",0.0,"{""webglm10"": 2.203509140014681, ""webglm3"": 3.1650274276733725, ""webglm7"": -0.49398250579830716}",webglm7,continuous_primal_dual_psd,6,-10.602501508877832,-10.602501508881186,3.353761712787673e-12,"[0.39860423172002346, 0.6013957682799763, 1.709075318333947e-16]",primal=Optimization terminated successfully; dual=outer=Optimization terminated successfully; inner=Optimization terminated successfully,1,-76.38827344616145,76.38827344616145,,phi2_10x_licenseclean_contcert_20260504_ties_20260504_deep6_licenseclean,phi2_10x_licenseclean_contcert_20260504
ties,triple,webglm3+webglm7+webglm8,11.338380713159259,11.054876518249479,0,"[0.20000000000002882, 0.20000000000000928, 0.5999999999999619]","[0.2, 0.2, 0.6]",0.0,"{""webglm3"": -8.264687728881803, ""webglm7"": -11.054876518249479, ""webglm8"": -8.289292526245085}",webglm7,continuous_primal_dual_psd,6,11.338380713159259,11.338380713159259,0.0,"[0.0, 0.0, 1.0]",primal=Optimization terminated successfully; dual=outer=Optimization terminated successfully; inner=Optimization terminated successfully,1,-523.7120819677681,523.712081967768,,phi2_10x_licenseclean_contcert_20260504_ties_20260504_deep6_licenseclean,phi2_10x_licenseclean_contcert_20260504
ties,triple,webglm3+webglm7+webglm9,-5.077934956000736,-9.870049285888705,1,"[0.2, 0.2, 0.6]","[0.2, 0.2, 0.6]",0.0,"{""webglm3"": 16.860100555419955, ""webglm7"": 16.988298225402865, ""webglm9"": 9.870049285888705}",webglm9,continuous_primal_dual_psd,6,-5.077934956000736,-5.077934956000736,0.0,"[0.0, 1.0, 0.0]",primal=Optimization terminated successfully; dual=outer=Optimization terminated successfully; inner=Optimization terminated successfully,1,-542.7030444040508,542.703044404051,,phi2_10x_licenseclean_contcert_20260504_ties_20260504_deep6_licenseclean,phi2_10x_licenseclean_contcert_20260504
ties,triple,webglm3+webglm8+webglm10,-13.492221135172718,0.4510671615600259,0,"[0.200000000000006, 0.28181876808516154, 0.5181812319148325]","[0.2, 0.4, 0.4]",0.9615182876586914,"{""webglm10"": 3.27605895996097, ""webglm3"": -0.4510671615600259, ""webglm8"": 1.4388292312622397}",webglm3,continuous_primal_dual_psd,6,-13.492221135172718,-13.492221135172718,0.0,"[0.0, 0.0, 1.0]",primal=Optimization terminated successfully; dual=outer=Optimization terminated successfully; inner=Optimization terminated successfully,1,-29.427061919849745,29.42706191984974,,phi2_10x_licenseclean_contcert_20260504_ties_20260504_deep6_licenseclean,phi2_10x_licenseclean_contcert_20260504
ties,triple,webglm3+webglm8+webglm9,7.436999750144153,-6.0330598831177085,1,"[0.2, 0.20000000000002627, 0.5999999999999737]","[0.2, 0.2, 0.6]",0.0,"{""webglm3"": 10.212871360778841, ""webglm8"": 6.0330598831177085, ""webglm9"": 7.458183097839388}",webglm8,continuous_primal_dual_psd,6,7.436999750144153,7.436999750144153,0.0,"[0.0, 1.0, 0.0]",primal=Optimization terminated successfully; dual=outer=Optimization terminated successfully; inner=Optimization terminated successfully,1,-712.9075456718166,713.0461822892239,,phi2_10x_licenseclean_contcert_20260504_ties_20260504_deep6_licenseclean,phi2_10x_licenseclean_contcert_20260504
ties,triple,webglm3+webglm9+webglm10,-1.1262803554535026,-12.781569290161165,1,"[0.2, 0.2, 0.6]","[0.2, 0.4, 0.4]",7.95900821685791,"{""webglm10"": 12.781569290161165, ""webglm3"": 17.39983253479007, ""webglm9"": 15.433832931518587}",webglm10,continuous_primal_dual_psd,6,-1.1262803554535026,-1.1262803554535026,0.0,"[0.0, 0.0, 1.0]",primal=Optimization terminated successfully; dual=outer=Optimization terminated successfully; inner=Optimization terminated successfully,1,-362.70472299932544,366.4519358130734,,phi2_10x_licenseclean_contcert_20260504_ties_20260504_deep6_licenseclean,phi2_10x_licenseclean_contcert_20260504
ties,triple,webglm4+webglm5+webglm10,8.132043552398642,8.436372947692838,0,"[0.2, 0.2, 0.6]","[0.2, 0.2, 0.6]",0.0,"{""webglm10"": -0.20952529907223294, ""webglm4"": -8.436372947692838, ""webglm5"": -7.929876518249479}",webglm4,continuous_primal_dual_psd,6,8.132043552398642,8.132043552398642,0.0,"[0.0, 1.0, 0.0]",primal=Optimization terminated successfully; dual=outer=Optimization terminated successfully; inner=Optimization terminated successfully,1,-523.2666526811489,533.0161215249301,,phi2_10x_licenseclean_contcert_20260504_ties_20260504_deep6_licenseclean,phi2_10x_licenseclean_contcert_20260504
ties,triple,webglm4+webglm5+webglm6,-1.963237655339734,4.433420372009245,0,"[0.20000000000000745, 0.2000000000000205, 0.5999999999999721]","[0.2, 0.2, 0.6]",0.0,"{""webglm4"": -2.1062404632568033, ""webglm5"": -2.191522789001432, ""webglm6"": -4.433420372009245}",webglm6,continuous_primal_dual_psd,6,-1.963237655339734,-1.963237655339734,0.0,"[1.0, 0.0, 0.0]",primal=Optimization terminated successfully; dual=outer=Optimization terminated successfully; inner=Optimization terminated successfully,1,-180.59928725458508,180.59928725458505,,phi2_10x_licenseclean_contcert_20260504_ties_20260504_deep6_licenseclean,phi2_10x_licenseclean_contcert_20260504
ties,triple,webglm4+webglm5+webglm7,-2.575835499857149,19.942787361144987,0,"[0.2929857861939085, 0.3573735234877052, 0.3496406903183863]","[0.2, 0.2, 0.6]",1.8801689147949219,"{""webglm4"": -17.15262241363522, ""webglm5"": -18.095830154418913, ""webglm7"": -19.942787361144987}",webglm7,continuous_primal_dual_psd,6,-2.575835499857149,-2.575835499914705,5.7555737953407515e-11,"[0.8833196587166356, 0.07533376551206276, 0.041346575771301596]",primal=Optimization terminated successfully; dual=outer=Optimization terminated successfully; inner=Optimization terminated successfully,1,-89.29597577023328,89.2959757702333,,phi2_10x_licenseclean_contcert_20260504_ties_20260504_deep6_licenseclean,phi2_10x_licenseclean_contcert_20260504
ties,triple,webglm4+webglm5+webglm8,-3.7273249378307654,11.011961174011198,0,"[0.2549687737218909, 0.2, 0.5450312262781091]","[0.2, 0.2, 0.6]",0.0,"{""webglm4"": -11.011961174011198, ""webglm5"": -6.503585052490202, ""webglm8"": -9.913042259216276}",webglm4,continuous_primal_dual_psd,6,-3.7273249378307654,-3.727324937832403,1.637801005927031e-12,"[0.08397541600367789, 0.0, 0.916024583996322]",primal=Optimization terminated successfully; dual=outer=Optimization terminated successfully; inner=Optimization terminated successfully,1,-75.98293209039777,75.98293209039772,,phi2_10x_licenseclean_contcert_20260504_ties_20260504_deep6_licenseclean,phi2_10x_licenseclean_contcert_20260504
ties,triple,webglm4+webglm5+webglm9,-10.778206534158429,1.4297515869140298,0,"[0.2, 0.20000000000023396, 0.599999999999766]","[0.2, 0.2, 0.6]",0.0,"{""webglm4"": -1.4297515869140298, ""webglm5"": -0.71718997955319, ""webglm9"": 0.003978538513216279}",webglm4,continuous_primal_dual_psd,6,-10.778206534158429,-10.778206534158429,0.0,"[1.0, 0.0, 0.0]",primal=Optimization terminated successfully; dual=outer=Optimization terminated successfully; inner=Optimization terminated successfully,1,-378.8906315673911,378.8906315673911,,phi2_10x_licenseclean_contcert_20260504_ties_20260504_deep6_licenseclean,phi2_10x_licenseclean_contcert_20260504
ties,triple,webglm4+webglm6+webglm10,-6.1187634883790825,-2.9583900451660483,1,"[0.2, 0.2, 0.6]","[0.2, 0.4, 0.4]",7.11822509765625,"{""webglm10"": 4.280516433715853, ""webglm4"": 5.885955619812044, ""webglm6"": 2.9583900451660483}",webglm6,continuous_primal_dual_psd,6,-6.1187634883790825,-6.1187634883790825,0.0,"[0.0, 1.0, 0.0]",primal=Optimization terminated successfully; dual=outer=Optimization terminated successfully; inner=Optimization terminated successfully,1,-217.9515106342247,217.9515106342247,,phi2_10x_licenseclean_contcert_20260504_ties_20260504_deep6_licenseclean,phi2_10x_licenseclean_contcert_20260504
ties,triple,webglm4+webglm6+webglm7,-5.863440744123607,2.3912937164306314,0,"[0.20000000000006446, 0.24373588730347553, 0.55626411269646]","[0.2, 0.6, 0.2]",6.509828567504883,"{""webglm4"": -0.5443365097045572, ""webglm6"": -1.6861707687377603, ""webglm7"": -2.3912937164306314}",webglm7,continuous_primal_dual_psd,6,-5.863440744123607,-5.863440744432117,3.085096622612582e-10,"[0.0, 0.33382854769680304, 0.666171452303197]",primal=Optimization terminated successfully; dual=outer=Optimization terminated successfully; inner=Optimization terminated successfully,1,-262.2089813876141,262.2089813876141,,phi2_10x_licenseclean_contcert_20260504_ties_20260504_deep6_licenseclean,phi2_10x_licenseclean_contcert_20260504
ties,triple,webglm4+webglm6+webglm8,15.805581005903658,3.920605850219694,0,"[0.20000000000003293, 0.2, 0.599999999999967]","[0.2, 0.2, 0.6]",0.0,"{""webglm4"": 1.282021331787142, ""webglm6"": -3.920605850219694, ""webglm8"": -3.3196479797362954}",webglm6,continuous_primal_dual_psd,6,15.805581005903658,15.805581005903658,0.0,"[1.0, 0.0, 0.0]",primal=Optimization terminated successfully; dual=outer=Optimization terminated successfully; inner=Optimization terminated successfully,1,-765.1285993885176,765.1285993885176,,phi2_10x_licenseclean_contcert_20260504_ties_20260504_deep6_licenseclean,phi2_10x_licenseclean_contcert_20260504
ties,triple,webglm4+webglm6+webglm9,-11.362003950918739,-6.228205490112337,1,"[0.2, 0.232837021182381, 0.567162978817619]","[0.2, 0.4, 0.4]",2.8233766555786133,"{""webglm4"": 6.684347915649447, ""webglm6"": 6.228205490112337, ""webglm9"": 8.906790542602572}",webglm6,continuous_primal_dual_psd,6,-11.362003950918739,-11.362003950919512,7.72715225139109e-13,"[0.13566681453488488, 2.547005855285873e-14, 0.8643331854650897]",primal=Optimization terminated successfully; dual=outer=Optimization terminated successfully; inner=Optimization terminated successfully,1,-179.4868780928864,179.4868780928864,,phi2_10x_licenseclean_contcert_20260504_ties_20260504_deep6_licenseclean,phi2_10x_licenseclean_contcert_20260504
ties,triple,webglm4+webglm7+webglm10,-10.074338746131337,3.936627578735319,0,"[0.2000000000000228, 0.3273372687657209, 0.4726627312342563]","[0.2, 0.2, 0.6]",3.272080421447754,"{""webglm10"": 0.26154212951663425, ""webglm4"": -3.936627578735319, ""webglm7"": -3.92916507720944}",webglm4,continuous_primal_dual_psd,6,-10.074338746131337,-10.074338746131337,0.0,"[0.0, 1.0, 0.0]",primal=Optimization terminated successfully; dual=outer=Optimization terminated successfully; inner=Optimization terminated successfully,1,-269.78634879584195,269.78634879584195,,phi2_10x_licenseclean_contcert_20260504_ties_20260504_deep6_licenseclean,phi2_10x_licenseclean_contcert_20260504
ties,triple,webglm4+webglm7+webglm8,5.904927921295133,15.108206939697233,0,"[0.2, 0.2, 0.6]","[0.2, 0.4, 0.4]",0.061249732971191406,"{""webglm4"": -11.75999946594235, ""webglm7"": -15.108206939697233, ""webglm8"": -15.108206939697233}",webglm7+webglm8,continuous_primal_dual_psd,6,5.904927921295133,5.904927921295132,8.881784197001252e-16,"[6.890616292874436e-16, 0.0, 0.9999999999999993]",primal=Optimization terminated successfully; dual=outer=Optimization terminated successfully; inner=Optimization terminated successfully,1,-440.26988826809065,441.0335592426884,,phi2_10x_licenseclean_contcert_20260504_ties_20260504_deep6_licenseclean,phi2_10x_licenseclean_contcert_20260504
ties,triple,webglm4+webglm7+webglm9,-12.625875853863555,-9.937021064758333,1,"[0.20000000000002907, 0.20000000000002907, 0.5999999999999419]","[0.2, 0.2, 0.6]",0.0,"{""webglm4"": 16.497203636169466, ""webglm7"": 9.937021064758333, ""webglm9"": 16.454288291931185}",webglm7,continuous_primal_dual_psd,6,-12.625875853863555,-12.625875853863555,0.0,"[0.0, 1.0, 0.0]",primal=Optimization terminated successfully; dual=outer=Optimization terminated successfully; inner=Optimization terminated successfully,1,-347.14494430979363,347.14494430979363,,phi2_10x_licenseclean_contcert_20260504_ties_20260504_deep6_licenseclean,phi2_10x_licenseclean_contcert_20260504
ties,triple,webglm4+webglm8+webglm10,-10.789072317955872,4.264000129699674,0,"[0.2, 0.3292896392245227, 0.47071036077547723]","[0.2, 0.2, 0.6]",1.8469572067260742,"{""webglm10"": -0.6999999999999673, ""webglm4"": -0.33943958282467435, ""webglm8"": -4.264000129699674}",webglm8,continuous_primal_dual_psd,6,-10.789072317955872,-10.789072317955872,0.0,"[1.0, 0.0, 0.0]",primal=Optimization terminated successfully; dual=outer=Optimization terminated successfully; inner=Optimization terminated successfully,1,-154.47061075877093,154.47061075877093,,phi2_10x_licenseclean_contcert_20260504_ties_20260504_deep6_licenseclean,phi2_10x_licenseclean_contcert_20260504
ties,triple,webglm4+webglm8+webglm9,7.920018622735027,-0.36339454650882175,1,"[0.2, 0.2, 0.6]","[0.2, 0.2, 0.6]",0.0,"{""webglm4"": 0.36339454650882175, ""webglm8"": 3.6612480163574546, ""webglm9"": 3.685852813720736}",webglm4,continuous_primal_dual_psd,6,7.920018622735027,7.920018622735027,0.0,"[1.0, 0.0, 0.0]",primal=Optimization terminated successfully; dual=outer=Optimization terminated successfully; inner=Optimization terminated successfully,1,-775.1388907504586,775.1388907504585,,phi2_10x_licenseclean_contcert_20260504_ties_20260504_deep6_licenseclean,phi2_10x_licenseclean_contcert_20260504
ties,triple,webglm4+webglm9+webglm10,-19.932181901978048,-15.2512281417847,1,"[0.20000000000000198, 0.49306117587049875, 0.30693882412949924]","[0.2, 0.6, 0.2]",1.628875732421875,"{""webglm10"": 20.396038818359408, ""webglm4"": 17.699143218994173, ""webglm9"": 15.2512281417847}",webglm9,continuous_primal_dual_psd,6,-19.932181901978048,-19.932181901978048,0.0,"[0.0, 1.0, 0.0]",primal=Optimization terminated successfully; dual=outer=Optimization terminated successfully; inner=Optimization terminated successfully,1,-217.63111212779881,217.6311121277988,,phi2_10x_licenseclean_contcert_20260504_ties_20260504_deep6_licenseclean,phi2_10x_licenseclean_contcert_20260504
ties,triple,webglm5+webglm6+webglm10,-10.440400171279936,0.6130249023437173,0,"[0.2, 0.2, 0.6]","[0.2, 0.2, 0.6]",0.0,"{""webglm10"": 0.28726749420169284, ""webglm5"": -0.6130249023437173, ""webglm6"": 3.3882349014282553}",webglm5,continuous_primal_dual_psd,6,-10.440400171279936,-10.440400171279936,0.0,"[0.0, 0.0, 1.0]",primal=Optimization terminated successfully; dual=outer=Optimization terminated successfully; inner=Optimization terminated successfully,1,-129.45953052544507,130.22611841874584,,phi2_10x_licenseclean_contcert_20260504_ties_20260504_deep6_licenseclean,phi2_10x_licenseclean_contcert_20260504
ties,triple,webglm5+webglm6+webglm7,7.998966148952899,7.24191970825192,0,"[0.2, 0.2, 0.6]","[0.2, 0.6, 0.2]",3.3579349517822266,"{""webglm5"": -7.208708000183073, ""webglm6"": -7.24191970825192, ""webglm7"": -4.357317161560026}",webglm6,continuous_primal_dual_psd,6,7.998966148952899,7.998966148952899,0.0,"[0.0, 0.0, 1.0]",primal=Optimization terminated successfully; dual=outer=Optimization terminated successfully; inner=Optimization terminated successfully,1,-458.8902310885504,458.8902310885504,,phi2_10x_licenseclean_contcert_20260504_ties_20260504_deep6_licenseclean,phi2_10x_licenseclean_contcert_20260504
ties,triple,webglm5+webglm6+webglm8,7.497772564065979,4.324105453491178,0,"[0.2, 0.20000000000001084, 0.5999999999999892]","[0.2, 0.2, 0.6]",0.0,"{""webglm5"": -4.324105453491178, ""webglm6"": 3.506728935241732, ""webglm8"": 0.3817289352417319}",webglm5,continuous_primal_dual_psd,6,7.497772564065979,7.497772564065979,0.0,"[1.0, 0.0, 0.0]",primal=Optimization terminated successfully; dual=outer=Optimization terminated successfully; inner=Optimization terminated successfully,1,-485.7391914431597,485.7391914431597,,phi2_10x_licenseclean_contcert_20260504_ties_20260504_deep6_licenseclean,phi2_10x_licenseclean_contcert_20260504
ties,triple,webglm5+webglm6+webglm9,0.149938330153788,-10.480186271667513,1,"[0.2, 0.2, 0.6]","[0.2, 0.2, 0.6]",0.0,"{""webglm5"": 10.831591415405306, ""webglm6"": 10.480186271667513, ""webglm9"": 16.70384101867679}",webglm6,continuous_primal_dual_psd,6,0.149938330153788,0.149938330153788,0.0,"[0.0, 1.0, 0.0]",primal=Optimization terminated successfully; dual=outer=Optimization terminated successfully; inner=Optimization terminated successfully,1,-603.6972696602602,603.6972696602603,,phi2_10x_licenseclean_contcert_20260504_ties_20260504_deep6_licenseclean,phi2_10x_licenseclean_contcert_20260504
ties,triple,webglm5+webglm7+webglm10,-8.164175993433178,-0.10697536468509128,1,"[0.23203833714053818, 0.3191220633237831, 0.44883959953567865]","[0.2, 0.2, 0.6]",5.649018287658691,"{""webglm10"": 0.10697536468509128, ""webglm5"": 1.2488096237182944, ""webglm7"": 3.1816213607788413}",webglm10,continuous_primal_dual_psd,6,-8.164175993433178,-8.164175993433506,3.2862601528904634e-13,"[3.1697312245089713e-15, 0.7657132546684563, 0.23428674533154037]",primal=Optimization terminated successfully; dual=outer=Optimization terminated successfully; inner=Optimization terminated successfully,1,-95.15637837059889,95.1563783705989,,phi2_10x_licenseclean_contcert_20260504_ties_20260504_deep6_licenseclean,phi2_10x_licenseclean_contcert_20260504
ties,triple,webglm5+webglm7+webglm8,-0.14170285767196028,11.579707336425749,0,"[0.2, 0.2, 0.6]","[0.2, 0.6, 0.2]",1.1847496032714844,"{""webglm5"": -11.579707336425749, ""webglm7"": -8.213165473937956, ""webglm8"": -6.3232929229736}",webglm5,continuous_primal_dual_psd,6,-0.14170285767196028,-0.14170285767196028,0.0,"[0.0, 0.0, 1.0]",primal=Optimization terminated successfully; dual=outer=Optimization terminated successfully; inner=Optimization terminated successfully,1,-266.18024551061444,266.18024551061444,,phi2_10x_licenseclean_contcert_20260504_ties_20260504_deep6_licenseclean,phi2_10x_licenseclean_contcert_20260504
ties,triple,webglm5+webglm7+webglm9,-17.778176327043052,-5.938050079345736,1,"[0.2, 0.3239011507888003, 0.4760988492111997]","[0.2, 0.2, 0.6]",4.250240325927734,"{""webglm5"": 5.938050079345736, ""webglm7"": 14.283987808227572, ""webglm9"": 14.576455879211458}",webglm5,continuous_primal_dual_psd,6,-17.778176327043052,-17.778176327043052,0.0,"[0.0, 1.0, 0.0]",primal=Optimization terminated successfully; dual=outer=Optimization terminated successfully; inner=Optimization terminated successfully,1,-146.29638415791993,146.29638415791996,,phi2_10x_licenseclean_contcert_20260504_ties_20260504_deep6_licenseclean,phi2_10x_licenseclean_contcert_20260504
ties,triple,webglm5+webglm8+webglm10,-5.213770324373071,-1.4794795989990561,1,"[0.2, 0.2, 0.6]","[0.2, 0.4, 0.4]",5.159711837768555,"{""webglm10"": 4.931852149963412, ""webglm5"": 1.4794795989990561, ""webglm8"": 5.705663490295443}",webglm5,continuous_primal_dual_psd,6,-5.213770324373071,-5.213770324373071,0.0,"[0.0, 0.0, 1.0]",primal=Optimization terminated successfully; dual=outer=Optimization terminated successfully; inner=Optimization terminated successfully,1,-320.4319947307548,320.4319947307548,,phi2_10x_licenseclean_contcert_20260504_ties_20260504_deep6_licenseclean,phi2_10x_licenseclean_contcert_20260504
ties,triple,webglm5+webglm8+webglm9,-0.4168599484213723,-8.194228935241732,1,"[0.2, 0.2, 0.6]","[0.2, 0.2, 0.6]",0.0,"{""webglm5"": 14.95361022949222, ""webglm8"": 13.286945152282748, ""webglm9"": 8.194228935241732}",webglm9,continuous_primal_dual_psd,6,-0.4168599484213723,-0.4168599484213723,0.0,"[0.0, 0.0, 1.0]",primal=Optimization terminated successfully; dual=outer=Optimization terminated successfully; inner=Optimization terminated successfully,1,-540.4261350150746,540.4261350150747,,phi2_10x_licenseclean_contcert_20260504_ties_20260504_deep6_licenseclean,phi2_10x_licenseclean_contcert_20260504
ties,triple,webglm5+webglm9+webglm10,-13.456148106253064,-13.724777030944857,1,"[0.2, 0.2079264624610896, 0.5920735375389103]","[0.2, 0.4, 0.4]",11.366748809814453,"{""webglm10"": 14.334914016723665, ""webglm5"": 13.724777030944857, ""webglm9"": 17.186328697204623}",webglm5,continuous_primal_dual_psd,6,-13.456148106253064,-13.456148137844195,3.159113148853976e-08,"[0.7836099961340434, 0.21639000386592486, 3.1645888642996363e-14]",primal=Positive directional derivative for linesearch; dual=outer=Optimization terminated successfully; inner=Optimization terminated successfully,1,-163.12496945783442,168.15305525746822,,phi2_10x_licenseclean_contcert_20260504_ties_20260504_deep6_licenseclean,phi2_10x_licenseclean_contcert_20260504
ties,triple,webglm6+webglm7+webglm10,-14.80819622025383,-5.586621093750033,1,"[0.23468983919950331, 0.20000000000000112, 0.5653101608004956]","[0.2, 0.2, 0.6]",0.0,"{""webglm10"": 9.302851486206087, ""webglm6"": 7.0117681503296225, ""webglm7"": 5.586621093750033}",webglm7,continuous_primal_dual_psd,6,-14.80819622025383,-14.808196220277605,2.3774759938532952e-11,"[0.5843395416960958, 1.0273599725051074e-14, 0.4156604583038938]",primal=Optimization terminated successfully; dual=outer=Optimization terminated successfully; inner=Optimization terminated successfully,1,-51.85722580954945,51.85722580954945,,phi2_10x_licenseclean_contcert_20260504_ties_20260504_deep6_licenseclean,phi2_10x_licenseclean_contcert_20260504
ties,triple,webglm6+webglm7+webglm8,-2.412425114264807,4.219940376281706,0,"[0.2, 0.2, 0.6]","[0.2, 0.2, 0.6]",0.0,"{""webglm6"": 4.990813064575228, ""webglm7"": -4.219940376281706, ""webglm8"": -3.208020401000944}",webglm7,continuous_primal_dual_psd,6,-2.412425114264807,-2.412425114264807,0.0,"[0.0, 1.0, 0.0]",primal=Optimization terminated successfully; dual=outer=Optimization terminated successfully; inner=Optimization terminated successfully,1,-321.3047230868913,321.3047230868913,,phi2_10x_licenseclean_contcert_20260504_ties_20260504_deep6_licenseclean,phi2_10x_licenseclean_contcert_20260504
ties,triple,webglm6+webglm7+webglm9,-3.08223765009069,-14.317151832580599,1,"[0.2, 0.2, 0.6]","[0.2, 0.2, 0.6]",0.0,"{""webglm6"": 18.842694091796908, ""webglm7"": 14.317151832580599, ""webglm9"": 21.710726547241244}",webglm7,continuous_primal_dual_psd,6,-3.08223765009069,-3.08223765009069,0.0,"[0.0, 0.0, 1.0]",primal=Optimization terminated successfully; dual=outer=Optimization terminated successfully; inner=Optimization terminated successfully,1,-552.3861396137702,552.3861396137701,,phi2_10x_licenseclean_contcert_20260504_ties_20260504_deep6_licenseclean,phi2_10x_licenseclean_contcert_20260504
ties,triple,webglm6+webglm8+webglm10,-14.448150920867946,-5.337092208862337,1,"[0.2, 0.2, 0.6]","[0.2, 0.6, 0.2]",3.589177131652832,"{""webglm10"": 5.938050079345736, ""webglm6"": 5.457875061035189, ""webglm8"": 5.337092208862337}",webglm8,continuous_primal_dual_psd,6,-14.448150920867946,-14.448150920867946,0.0,"[0.0, 1.0, 0.0]",primal=Optimization terminated successfully; dual=outer=Optimization terminated successfully; inner=Optimization terminated successfully,1,-177.6094335340726,177.81612296720755,,phi2_10x_licenseclean_contcert_20260504_ties_20260504_deep6_licenseclean,phi2_10x_licenseclean_contcert_20260504
ties,triple,webglm6+webglm8+webglm9,-3.561356592178356,-7.295653152465853,1,"[0.2, 0.2, 0.6]","[0.2, 0.2, 0.6]",0.0,"{""webglm6"": 9.278246688842806, ""webglm8"": 7.295653152465853, ""webglm9"": 8.195945549011263}",webglm8,continuous_primal_dual_psd,6,-3.561356592178356,-3.561356592178356,0.0,"[1.0, 0.0, 0.0]",primal=Optimization terminated successfully; dual=outer=Optimization terminated successfully; inner=Optimization terminated successfully,1,-490.6361904632234,496.6477858676314,,phi2_10x_licenseclean_contcert_20260504_ties_20260504_deep6_licenseclean,phi2_10x_licenseclean_contcert_20260504
ties,triple,webglm6+webglm9+webglm10,-9.994003105161557,-17.641350555419955,1,"[0.20000000000001816, 0.20000000000000565, 0.5999999999999762]","[0.2, 0.6, 0.2]",7.538366317749023,"{""webglm10"": 18.396851348876986, ""webglm6"": 19.968506622314486, ""webglm9"": 17.641350555419955}",webglm9,continuous_primal_dual_psd,6,-9.994003105161557,-9.994003105161557,0.0,"[1.0, 0.0, 0.0]",primal=Optimization terminated successfully; dual=outer=Optimization terminated successfully; inner=Optimization terminated successfully,1,-247.85074970546248,257.4708966908555,,phi2_10x_licenseclean_contcert_20260504_ties_20260504_deep6_licenseclean,phi2_10x_licenseclean_contcert_20260504
ties,triple,webglm7+webglm8+webglm10,-11.252269858966274,-0.7337062835693686,1,"[0.2, 0.2, 0.6]","[0.2, 0.2, 0.6]",0.0,"{""webglm10"": 1.1726825714111655, ""webglm7"": 0.7337062835693686, ""webglm8"": 2.115914154052767}",webglm7,continuous_primal_dual_psd,6,-11.252269858966274,-11.252269858966274,0.0,"[0.0, 0.0, 1.0]",primal=Optimization terminated successfully; dual=outer=Optimization terminated successfully; inner=Optimization terminated successfully,1,-207.2329652903606,207.2329652903606,,phi2_10x_licenseclean_contcert_20260504_ties_20260504_deep6_licenseclean,phi2_10x_licenseclean_contcert_20260504
ties,triple,webglm7+webglm8+webglm9,-18.80592398643305,-7.226392555236849,1,"[0.20000000000001333, 0.2000000000000096, 0.5999999999999771]","[0.2, 0.2, 0.6]",0.0,"{""webglm7"": 14.585015106201205, ""webglm8"": 12.343713569641146, ""webglm9"": 7.226392555236849}",webglm9,continuous_primal_dual_psd,6,-18.80592398643305,-18.80592398643305,0.0,"[1.0, 0.0, 0.0]",primal=Optimization terminated successfully; dual=outer=Optimization terminated successfully; inner=Optimization terminated successfully,1,-179.77387984121705,229.15984022153697,,phi2_10x_licenseclean_contcert_20260504_ties_20260504_deep6_licenseclean,phi2_10x_licenseclean_contcert_20260504
ties,triple,webglm7+webglm9+webglm10,-5.21516108900591,-24.158641624450716,1,"[0.2, 0.2, 0.6]","[0.2, 0.6, 0.2]",12.8709077835083,"{""webglm10"": 24.158641624450716, ""webglm7"": 27.5160043716431, ""webglm9"": 27.352330017089876}",webglm10,continuous_primal_dual_psd,6,-5.21516108900591,-5.21516108900591,0.0,"[0.0, 0.0, 1.0]",primal=Optimization terminated successfully; dual=outer=Optimization terminated successfully; inner=Optimization terminated successfully,1,-381.8673513012353,396.2137087078908,,phi2_10x_licenseclean_contcert_20260504_ties_20260504_deep6_licenseclean,phi2_10x_licenseclean_contcert_20260504
ties,triple,webglm8+webglm9+webglm10,-8.898159790039085,-16.962549018859896,1,"[0.2, 0.2, 0.6]","[0.2, 0.6, 0.2]",13.952064514160156,"{""webglm10"": 18.68874721527103, ""webglm8"": 16.962549018859896, ""webglm9"": 17.812463569641146}",webglm8,continuous_primal_dual_psd,6,-8.898159790039085,-8.898159790039085,0.0,"[0.0, 1.0, 0.0]",primal=Optimization terminated successfully; dual=outer=Optimization terminated successfully; inner=Optimization terminated successfully,1,-218.73670538458185,243.93267881836562,,phi2_10x_licenseclean_contcert_20260504_ties_20260504_deep6_licenseclean,phi2_10x_licenseclean_contcert_20260504
